player_id,player_name,position,draft_year_24,age_at_draft_24,early_declare_heuristic_24,combine_height_in_24,combine_weight_24,combine_forty_24,combine_vertical_24,combine_broad_24,combine_cone_24,combine_shuttle_24,combine_speed_score_24,combine_bmi_24,combine_athleticism_z_24,draft_round_24,draft_overall_24,draft_capital_log_24,college_seasons_24,college_games_24,college_starts_24,college_career_pass_att_24,college_career_pass_yd_24,college_career_pass_td_24,college_career_int_24,college_career_rush_att_24,college_career_rush_yd_24,college_career_rush_td_24,college_career_rec_24,college_career_rec_yd_24,college_career_rec_td_24,college_final_pass_att_24,college_final_pass_yd_24,college_final_pass_td_24,college_final_int_24,college_final_rush_att_24,college_final_rush_yd_24,college_final_rush_td_24,college_final_rec_24,college_final_rec_yd_24,college_final_rec_td_24,college_final_pass_share_24,college_final_rush_share_24,college_final_rec_yd_share_24,college_peak_pass_share_24,college_peak_rush_share_24,college_peak_rec_yd_share_24,college_final_ypa_24,college_final_ypc_24,college_final_ypr_24,college_breakout_age_24,college_production_score_z_24,combine_missing_24,college_missing_24,games,fantasy_points,rookie_fppg_24
00-0038389,Israel Abanikanda,RB,2023,20.906228610540726,1,70,216,NA,NA,NA,NA,NA,NA,30.98938775510204,NA,5,143,-4.969813299576001,NA,NA,NA,NA,NA,NA,NA,NA,NA,NA,NA,NA,NA,NA,NA,NA,NA,NA,NA,NA,NA,NA,NA,NA,NA,NA,NA,NA,NA,NA,NA,NA,NA,0,1,1,6,14.8,2.466666666666667
00-0031021,Jared Abbrederis,WR,2014,23.707049965776864,0,73,195,4.5,30.5,117,6.8,4.08,95.10745313214449,25.724338525051603,-0.5215016078759445,5,176,-5.176149732573829,NA,NA,NA,NA,NA,NA,NA,NA,NA,NA,NA,NA,NA,NA,NA,NA,NA,NA,NA,NA,NA,NA,NA,NA,NA,NA,NA,NA,NA,NA,NA,NA,NA,0,0,1,0,0,0
00-0032104,Ameer Abdullah,RB,2015,22.217659137577,0,69,205,4.6,42.5,130,6.79,3.95,91.56985573950925,30.269901281243435,1.4739821150497086,2,54,-4.007333185232471,NA,NA,NA,NA,NA,NA,NA,NA,NA,NA,NA,NA,NA,NA,NA,NA,NA,NA,NA,NA,NA,NA,NA,NA,NA,NA,NA,NA,NA,NA,NA,NA,NA,0,0,1,16,104.5,6.53125
00-0039040,De'Von Achane,RB,2023,21.883641341546884,0,69,188,4.32,33,NA,NA,NA,107.95750962947908,27.759714345725687,-0.14012786533500243,3,84,-4.442651256490317,NA,NA,NA,NA,NA,NA,NA,NA,NA,NA,NA,NA,NA,NA,NA,NA,NA,NA,NA,NA,NA,NA,NA,NA,NA,NA,NA,NA,NA,NA,NA,NA,NA,0,0,1,11,177.2,16.10909090909091
00-0031381,Davante Adams,WR,2014,21.686516084873375,1,73,212,4.56,39.5,123,6.82,4.3,98.06329593943771,27.96697316569713,0.09723001354254303,2,53,-3.9889840465642745,NA,NA,NA,NA,NA,NA,NA,NA,NA,NA,NA,NA,NA,NA,NA,NA,NA,NA,NA,NA,NA,NA,NA,NA,NA,NA,NA,NA,NA,NA,NA,NA,NA,0,0,1,14,81.6,5.828571428571428
00-0032429,Jerell Adams,TE,2016,23.668720054757017,0,77,247,4.64,32.5,117,7.05,4.31,106.57492279412287,29.286726260752236,0.1437601714423192,6,184,-5.220355825078325,NA,NA,NA,NA,NA,NA,NA,NA,NA,NA,NA,NA,NA,NA,NA,NA,NA,NA,NA,NA,NA,NA,NA,NA,NA,NA,NA,NA,NA,NA,NA,NA,NA,0,0,1,10,26.200000000000003,2.62
00-0033957,Rodney Adams,WR,2017,22.962354551676935,0,73,189,4.44,29.5,125,6.98,4.28,97.26574540109767,24.932820416588477,-0.7023513277600042,5,170,-5.14166355650266,NA,NA,NA,NA,NA,NA,NA,NA,NA,NA,NA,NA,NA,NA,NA,NA,NA,NA,NA,NA,NA,NA,NA,NA,NA,NA,NA,NA,NA,NA,NA,NA,NA,0,0,1,0,0,0
00-0038994,Jordan Addison,WR,2023,21.593429158110883,1,71,173,4.49,34,122,NA,NA,85.13158804117087,24.125967070025787,-1.1232773352950975,1,23,-3.1780538303479458,NA,NA,NA,NA,NA,NA,NA,NA,NA,NA,NA,NA,NA,NA,NA,NA,NA,NA,NA,NA,NA,NA,NA,NA,NA,NA,NA,NA,NA,NA,NA,NA,NA,0,0,1,17,186.3,10.958823529411765
00-0031549,Nelson Agholor,WR,2015,22.272416153319643,0,72,198,4.42,NA,NA,NA,NA,103.75430091812777,26.850694444444443,0.1187955229181897,1,20,-3.044522437723423,NA,NA,NA,NA,NA,NA,NA,NA,NA,NA,NA,NA,NA,NA,NA,NA,NA,NA,NA,NA,NA,NA,NA,NA,NA,NA,NA,NA,NA,NA,NA,NA,NA,0,0,1,13,45.8,3.523076923076923
00-0033572,Jamal Agnew,WR,2017,22.414784394250514,0,NA,NA,NA,NA,NA,NA,NA,NA,NA,NA,5,165,-5.111987788356544,NA,NA,NA,NA,NA,NA,NA,NA,NA,NA,NA,NA,NA,NA,NA,NA,NA,NA,NA,NA,NA,NA,NA,NA,NA,NA,NA,NA,NA,NA,NA,NA,NA,0,1,1,13,3.7,0.2846153846153846
00-0036261,Brandon Aiyuk,WR,2020,22.46132785763176,0,72,205,4.5,40,128,NA,NA,99.98475842097241,27.799961419753085,0.39036600938635274,1,25,-3.258096538021482,NA,NA,NA,NA,NA,NA,NA,NA,NA,NA,NA,NA,NA,NA,NA,NA,NA,NA,NA,NA,NA,NA,NA,NA,NA,NA,NA,NA,NA,NA,NA,NA,NA,0,0,1,12,154.5,12.875
00-0031590,Jay Ajayi,RB,2015,22.21218343600274,0,72,221,4.57,39,121,7.1,4.1,101.33453269169095,29.96971450617284,0.6438700549051073,5,149,-5.0106352940962555,NA,NA,NA,NA,NA,NA,NA,NA,NA,NA,NA,NA,NA,NA,NA,NA,NA,NA,NA,NA,NA,NA,NA,NA,NA,NA,NA,NA,NA,NA,NA,NA,NA,0,0,1,9,37.2,4.133333333333334
00-0036414,Cam Akers,RB,2020,21.196440793976727,1,70,217,4.47,35.5,122,NA,4.42,108.7075322425963,31.132857142857144,-0.26327733903635586,2,52,-3.970291913552122,NA,NA,NA,NA,NA,NA,NA,NA,NA,NA,NA,NA,NA,NA,NA,NA,NA,NA,NA,NA,NA,NA,NA,NA,NA,NA,NA,NA,NA,NA,NA,NA,NA,0,0,1,11,96.3,8.754545454545454
00-0034364,Jordan Akins,TE,2018,26.368240930869266,0,75,249,NA,NA,NA,NA,NA,NA,31.119466666666668,NA,3,98,-4.59511985013459,NA,NA,NA,NA,NA,NA,NA,NA,NA,NA,NA,NA,NA,NA,NA,NA,NA,NA,NA,NA,NA,NA,NA,NA,NA,NA,NA,NA,NA,NA,NA,NA,NA,0,1,1,14,31,2.2142857142857144
00-0031962,Mario Alford,WR,2015,23.515400410677618,0,68,180,4.43,34,121,6.64,4.07,93.47330441130454,27.3659169550173,0.08889207309389183,7,238,-5.476463551931511,NA,NA,NA,NA,NA,NA,NA,NA,NA,NA,NA,NA,NA,NA,NA,NA,NA,NA,NA,NA,NA,NA,NA,NA,NA,NA,NA,NA,NA,NA,NA,NA,NA,0,0,1,1,2,2
00-0039796,Rasheen Ali,RB,2024,23.540041067761805,0,71,206,NA,NA,NA,NA,NA,NA,28.728030152747472,NA,5,165,-5.111987788356544,NA,NA,NA,NA,NA,NA,NA,NA,NA,NA,NA,NA,NA,NA,NA,NA,NA,NA,NA,NA,NA,NA,NA,NA,NA,NA,NA,NA,NA,NA,NA,NA,NA,0,1,1,5,3.1,0.62
00-0039814,Erick All,TE,2024,23.967145790554415,0,76,252,NA,NA,NA,NA,NA,NA,30.67105263157895,NA,4,115,-4.7535901911063645,NA,NA,NA,NA,NA,NA,NA,NA,NA,NA,NA,NA,NA,NA,NA,NA,NA,NA,NA,NA,NA,NA,NA,NA,NA,NA,NA,NA,NA,NA,NA,NA,NA,0,1,1,8,25.8,3.225
00-0039794,Braelon Allen,RB,2024,20.61601642710472,1,73,235,NA,32,117,NA,NA,NA,31.00112591480578,-1.0462797605344785,4,134,-4.90527477843843,NA,NA,NA,NA,NA,NA,NA,NA,NA,NA,NA,NA,NA,NA,NA,NA,NA,NA,NA,NA,NA,NA,NA,NA,NA,NA,NA,NA,NA,NA,NA,NA,NA,0,0,1,17,75.7,4.452941176470588
00-0032434,Brandon Allen,QB,2016,23.98904859685147,0,73,217,4.84,28,110,7.06,4.33,79.08757930118138,28.6265715894164,-0.29282663317377083,6,201,-5.308267697401205,NA,NA,NA,NA,NA,NA,NA,NA,NA,NA,NA,NA,NA,NA,NA,NA,NA,NA,NA,NA,NA,NA,NA,NA,NA,NA,NA,NA,NA,NA,NA,NA,NA,0,0,1,0,0,0
00-0039074,Davis Allen,TE,2023,22.573579739904176,0,78,245,4.84,38.5,125,NA,NA,89.2924282432693,28.309500328731097,0.05405727942578983,5,175,-5.170483995038151,NA,NA,NA,NA,NA,NA,NA,NA,NA,NA,NA,NA,NA,NA,NA,NA,NA,NA,NA,NA,NA,NA,NA,NA,NA,NA,NA,NA,NA,NA,NA,NA,NA,0,0,1,7,20.5,2.9285714285714284
00-0031577,Javorius Allen,RB,2015,24.01368925393566,0,72,221,4.53,35.5,121,6.96,4.28,104.96136290292812,29.96971450617284,0.4287185638501944,4,125,-4.836281906951478,NA,NA,NA,NA,NA,NA,NA,NA,NA,NA,NA,NA,NA,NA,NA,NA,NA,NA,NA,NA,NA,NA,NA,NA,NA,NA,NA,NA,NA,NA,NA,NA,NA,0,0,1,16,123.20000000000002,7.700000000000001
00-0034857,Josh Allen,QB,2018,22.28062970568104,0,77,237,4.75,33.5,119,6.9,4.4,93.11162437366195,28.10102884128858,0.9806100870420925,1,7,-2.0794415416798357,NA,NA,NA,NA,NA,NA,NA,NA,NA,NA,NA,NA,NA,NA,NA,NA,NA,NA,NA,NA,NA,NA,NA,NA,NA,NA,NA,NA,NA,NA,NA,NA,NA,0,0,1,12,206.86,17.238333333333333
00-0030279,Keenan Allen,WR,2013,21.347022587268995,1,74,206,4.58,NA,NA,NA,NA,93.63437242482406,26.445945945945947,-0.7094045967392424,3,76,-4.343805421853684,NA,NA,NA,NA,NA,NA,NA,NA,NA,NA,NA,NA,NA,NA,NA,NA,NA,NA,NA,NA,NA,NA,NA,NA,NA,NA,NA,NA,NA,NA,NA,NA,NA,0,0,1,15,188.10000000000002,12.540000000000001
00-0040238,LeQuint Allen Jr.,RB,2025,21.073237508555785,1,72,204,NA,35,120,NA,NA,NA,27.66435185185185,-0.6037996328349052,7,236,-5.4680601411351315,NA,NA,NA,NA,NA,NA,NA,NA,NA,NA,NA,NA,NA,NA,NA,NA,NA,NA,NA,NA,NA,NA,NA,NA,NA,NA,NA,NA,NA,NA,NA,NA,NA,0,0,1,16,19.8,1.2375
00-0037263,Tyler Allgeier,RB,2022,22.379192334017795,0,71,224,4.6,33,120,NA,NA,100.05681797878084,31.23824637968657,-0.31753297697609917,5,151,-5.0238805208462765,NA,NA,NA,NA,NA,NA,NA,NA,NA,NA,NA,NA,NA,NA,NA,NA,NA,NA,NA,NA,NA,NA,NA,NA,NA,NA,NA,NA,NA,NA,NA,NA,NA,0,0,1,16,149.4,9.3375
00-0031042,Jace Amaro,TE,2014,22.182067077344286,0,77,265,4.74,33,118,7.42,4.3,104.993521652484,31.42098161578681,0.10270410449297092,2,49,-3.912023005428146,NA,NA,NA,NA,NA,NA,NA,NA,NA,NA,NA,NA,NA,NA,NA,NA,NA,NA,NA,NA,NA,NA,NA,NA,NA,NA,NA,NA,NA,NA,NA,NA,NA,0,0,1,14,65.5,4.678571428571429
00-0035299,Rodney Anderson,RB,2019,22.967830253251197,0,72,224,NA,NA,NA,NA,NA,NA,30.376543209876544,NA,6,211,-5.356586274672012,NA,NA,NA,NA,NA,NA,NA,NA,NA,NA,NA,NA,NA,NA,NA,NA,NA,NA,NA,NA,NA,NA,NA,NA,NA,NA,NA,NA,NA,NA,NA,NA,NA,0,1,1,0,0,0
00-0032072,Rory Anderson,TE,2015,22.913073237508556,0,77,244,4.73,NA,NA,NA,NA,97.49340959539744,28.93101703491314,0.09226960168920935,7,254,-5.541263545158426,NA,NA,NA,NA,NA,NA,NA,NA,NA,NA,NA,NA,NA,NA,NA,NA,NA,NA,NA,NA,NA,NA,NA,NA,NA,NA,NA,NA,NA,NA,NA,NA,NA,0,0,1,0,0,0
00-0034753,Mark Andrews,TE,2018,22.986995208761122,0,77,256,4.67,31,113,7.34,4.38,107.64712583654901,30.353853938269523,-0.5002451446794018,3,86,-4.465908118654584,NA,NA,NA,NA,NA,NA,NA,NA,NA,NA,NA,NA,NA,NA,NA,NA,NA,NA,NA,NA,NA,NA,NA,NA,NA,NA,NA,NA,NA,NA,NA,NA,NA,0,0,1,16,90.2,5.6375
00-0035246,J.J. Arcega-Whiteside,WR,2019,22.666666666666668,0,74,225,NA,NA,NA,NA,NA,NA,28.885135135135137,NA,2,57,-4.060443010546419,NA,NA,NA,NA,NA,NA,NA,NA,NA,NA,NA,NA,NA,NA,NA,NA,NA,NA,NA,NA,NA,NA,NA,NA,NA,NA,NA,NA,NA,NA,NA,NA,NA,0,1,1,9,27.900000000000002,3.1
00-0031392,Dri Archer,RB,2014,23.06365503080082,0,68,173,4.26,38,122,6.86,4.06,105.0600740037526,26.301686851211073,0.6531529125025802,3,97,-4.584967478670572,NA,NA,NA,NA,NA,NA,NA,NA,NA,NA,NA,NA,NA,NA,NA,NA,NA,NA,NA,NA,NA,NA,NA,NA,NA,NA,NA,NA,NA,NA,NA,NA,NA,0,0,1,10,9.8,0.9800000000000001
00-0033296,Alex Armah,RB,2017,23.293634496919918,0,NA,NA,NA,NA,NA,NA,NA,NA,NA,NA,6,192,-5.262690188904886,NA,NA,NA,NA,NA,NA,NA,NA,NA,NA,NA,NA,NA,NA,NA,NA,NA,NA,NA,NA,NA,NA,NA,NA,NA,NA,NA,NA,NA,NA,NA,NA,NA,0,1,1,3,0,0
00-0035268,Ryquell Armstead,RB,2019,22.836413415468858,0,71,220,4.45,30,114,7.02,4.29,112.20510915445305,30.68042055147788,0.1223658021324031,5,140,-4.948759890378168,NA,NA,NA,NA,NA,NA,NA,NA,NA,NA,NA,NA,NA,NA,NA,NA,NA,NA,NA,NA,NA,NA,NA,NA,NA,NA,NA,NA,NA,NA,NA,NA,NA,0,0,1,14,44.2,3.1571428571428575
00-0040739,Elijah Arroyo,TE,2025,22.409308692676248,0,77,250,NA,NA,NA,NA,NA,NA,29.64243548659133,NA,2,50,-3.9318256327243257,NA,NA,NA,NA,NA,NA,NA,NA,NA,NA,NA,NA,NA,NA,NA,NA,NA,NA,NA,NA,NA,NA,NA,NA,NA,NA,NA,NA,NA,NA,NA,NA,NA,0,1,1,13,31.400000000000002,2.4153846153846157
00-0031599,Cameron Artis-Payne,RB,2015,25.190965092402465,0,70,212,4.53,36.5,118,7.13,NA,100.68691825982245,30.41551020408163,0.17693687067665892,5,174,-5.1647859739235145,NA,NA,NA,NA,NA,NA,NA,NA,NA,NA,NA,NA,NA,NA,NA,NA,NA,NA,NA,NA,NA,NA,NA,NA,NA,NA,NA,NA,NA,NA,NA,NA,NA,0,0,1,6,32.6,5.433333333333334
00-0036194,Devin Asiasi,TE,2020,23.04996577686516,0,75,257,4.73,30.5,115,NA,NA,102.6877305984309,32.11928888888889,-0.732721448638751,3,91,-4.5217885770490405,NA,NA,NA,NA,NA,NA,NA,NA,NA,NA,NA,NA,NA,NA,NA,NA,NA,NA,NA,NA,NA,NA,NA,NA,NA,NA,NA,NA,NA,NA,NA,NA,NA,0,0,1,4,10.9,2.725
00-0034747,Marcell Ateman,WR,2018,23.958932238193018,0,76,216,4.62,34,121,7.07,4.25,94.82347013259344,26.289473684210527,-0.4082936132801345,7,228,-5.43372200355424,NA,NA,NA,NA,NA,NA,NA,NA,NA,NA,NA,NA,NA,NA,NA,NA,NA,NA,NA,NA,NA,NA,NA,NA,NA,NA,NA,NA,NA,NA,NA,NA,NA,0,0,1,7,28.9,4.128571428571428
00-0036849,Tutu Atwell,WR,2021,21.90280629705681,0,68,155,4.42,33,117,6.89,4.14,81.22180122378688,23.565095155709344,-0.6743490568837667,2,57,-4.060443010546419,NA,NA,NA,NA,NA,NA,NA,NA,NA,NA,NA,NA,NA,NA,NA,NA,NA,NA,NA,NA,NA,NA,NA,NA,NA,NA,NA,NA,NA,NA,NA,NA,NA,0,0,1,6,0,0
00-0037837,Calvin Austin III,WR,2022,23.44147843942505,0,68,170,4.32,39,135,6.65,4.07,97.62115232452895,25.845588235294116,1.4688709816311922,4,138,-4.9344739331306915,NA,NA,NA,NA,NA,NA,NA,NA,NA,NA,NA,NA,NA,NA,NA,NA,NA,NA,NA,NA,NA,NA,NA,NA,NA,NA,NA,NA,NA,NA,NA,NA,NA,0,0,1,0,0,0
00-0030525,Tavon Austin,WR,2013,23.46611909650924,0,68,174,4.34,32,120,NA,4.01,98.08900426767488,26.45371972318339,0.13285838986072993,1,8,-2.1972245773362196,NA,NA,NA,NA,NA,NA,NA,NA,NA,NA,NA,NA,NA,NA,NA,NA,NA,NA,NA,NA,NA,NA,NA,NA,NA,NA,NA,NA,NA,NA,NA,NA,NA,0,0,1,13,106.9,8.223076923076924
00-0032365,DeMarcus Ayers,WR,2016,22.154688569472963,0,69,182,4.72,33,123,NA,NA,73.33873068566663,26.87376601554295,-1.1451120277794242,7,229,-5.438079308923196,NA,NA,NA,NA,NA,NA,NA,NA,NA,NA,NA,NA,NA,NA,NA,NA,NA,NA,NA,NA,NA,NA,NA,NA,NA,NA,NA,NA,NA,NA,NA,NA,NA,0,0,1,2,13.100000000000001,6.550000000000001
00-0040170,Elic Ayomanor,WR,2025,22.247775496235455,0,74,206,4.44,38.5,127,NA,NA,106.01451615146095,26.445945945945947,0.4401845858247487,4,136,-4.919980925828125,NA,NA,NA,NA,NA,NA,NA,NA,NA,NA,NA,NA,NA,NA,NA,NA,NA,NA,NA,NA,NA,NA,NA,NA,NA,NA,NA,NA,NA,NA,NA,NA,NA,0,0,1,16,96,6
00-0031617,Kennard Backman,TE,2015,22.510609171800137,0,NA,NA,NA,NA,NA,NA,NA,NA,NA,NA,6,213,-5.365976015021851,NA,NA,NA,NA,NA,NA,NA,NA,NA,NA,NA,NA,NA,NA,NA,NA,NA,NA,NA,NA,NA,NA,NA,NA,NA,NA,NA,NA,NA,NA,NA,NA,NA,0,1,1,0,0,0
00-0037085,Tyler Badie,RB,2022,23.564681724845997,0,68,197,4.45,33.5,121,NA,NA,100.47457501557841,29.950475778546714,-0.15760405460138474,6,196,-5.2832037287379885,NA,NA,NA,NA,NA,NA,NA,NA,NA,NA,NA,NA,NA,NA,NA,NA,NA,NA,NA,NA,NA,NA,NA,NA,NA,NA,NA,NA,NA,NA,NA,NA,NA,0,0,1,1,8.9,8.9
00-0030532,Stedman Bailey,WR,2013,22.806297056810404,0,70,193,4.52,34.5,117,6.81,4.09,92.47696440790604,27.689591836734692,0.12007847446303713,3,92,-4.532599493153256,NA,NA,NA,NA,NA,NA,NA,NA,NA,NA,NA,NA,NA,NA,NA,NA,NA,NA,NA,NA,NA,NA,NA,NA,NA,NA,NA,NA,NA,NA,NA,NA,NA,0,0,1,11,40.400000000000006,3.6727272727272733
00-0039853,Javon Baker,WR,2024,22.535249828884325,0,73,202,4.54,37,121,NA,NA,95.09505932052586,26.647776318258586,-0.7856281644798596,4,110,-4.709530201312334,NA,NA,NA,NA,NA,NA,NA,NA,NA,NA,NA,NA,NA,NA,NA,NA,NA,NA,NA,NA,NA,NA,NA,NA,NA,NA,NA,NA,NA,NA,NA,NA,NA,0,0,1,6,1.7000000000000002,0.2833333333333334
00-0036939,Kawaan Baker,WR,2021,23.02258726899384,0,72,210,4.44,39.5,129,7.42,4.41,108.07305044566408,28.47800925925926,-0.1772818598388246,7,255,-5.545177444479562,NA,NA,NA,NA,NA,NA,NA,NA,NA,NA,NA,NA,NA,NA,NA,NA,NA,NA,NA,NA,NA,NA,NA,NA,NA,NA,NA,NA,NA,NA,NA,NA,NA,0,0,1,1,0,0
00-0030522,Montee Ball,RB,2013,22.740588637919235,0,70,214,4.66,32,118,6.88,4.4,90.76117345343056,30.702448979591836,-0.39142007472973633,2,58,-4.07753744390572,NA,NA,NA,NA,NA,NA,NA,NA,NA,NA,NA,NA,NA,NA,NA,NA,NA,NA,NA,NA,NA,NA,NA,NA,NA,NA,NA,NA,NA,NA,NA,NA,NA,0,0,1,16,100.4,6.275
00-0034799,Kalen Ballage,RB,2018,22.694045174537987,0,73,228,4.46,33.5,122,6.91,4.35,115.2458798282743,30.0776881215988,0.018518734194545552,4,131,-4.882801922586371,NA,NA,NA,NA,NA,NA,NA,NA,NA,NA,NA,NA,NA,NA,NA,NA,NA,NA,NA,NA,NA,NA,NA,NA,NA,NA,NA,NA,NA,NA,NA,NA,NA,0,0,1,12,33.2,2.766666666666667
00-0030533,Matt Barkley,QB,2013,22.981519507186857,0,74,227,4.91,NA,NA,NA,NA,78.11418112004905,29.14189189189189,-0.220027389153596,4,98,-4.59511985013459,NA,NA,NA,NA,NA,NA,NA,NA,NA,NA,NA,NA,NA,NA,NA,NA,NA,NA,NA,NA,NA,NA,NA,NA,NA,NA,NA,NA,NA,NA,NA,NA,NA,0,0,1,3,3.8,1.2666666666666666
00-0034844,Saquon Barkley,RB,2018,21.557837097878167,1,72,233,4.4,41,NA,NA,4.24,124.32979304692297,31.597029320987655,1.2705850564314045,1,2,-1.0986122886681096,NA,NA,NA,NA,NA,NA,NA,NA,NA,NA,NA,NA,NA,NA,NA,NA,NA,NA,NA,NA,NA,NA,NA,NA,NA,NA,NA,NA,NA,NA,NA,NA,NA,0,0,1,16,338.3,21.14375
00-0039793,AJ Barner,TE,2024,22.33264887063655,0,78,251,NA,NA,NA,NA,NA,NA,29.002794214332678,NA,4,121,-4.804021044733257,NA,NA,NA,NA,NA,NA,NA,NA,NA,NA,NA,NA,NA,NA,NA,NA,NA,NA,NA,NA,NA,NA,NA,NA,NA,NA,NA,NA,NA,NA,NA,NA,NA,0,1,1,15,63.5,4.233333333333333
00-0030465,Kenjon Barner,RB,2013,24.344969199178646,0,69,196,4.52,35.5,122,6.87,4.2,93.91443017590457,28.940978785969335,0.3066581930566796,6,182,-5.209486152841421,NA,NA,NA,NA,NA,NA,NA,NA,NA,NA,NA,NA,NA,NA,NA,NA,NA,NA,NA,NA,NA,NA,NA,NA,NA,NA,NA,NA,NA,NA,NA,NA,NA,0,0,1,4,2.4000000000000004,0.6000000000000001
00-0040215,Gavin Bartholomew,TE,2025,22.340862422997947,0,77,246,4.7,NA,NA,NA,NA,100.8262630282594,29.16815651880587,0.42291136223454034,6,202,-5.313205979041787,NA,NA,NA,NA,NA,NA,NA,NA,NA,NA,NA,NA,NA,NA,NA,NA,NA,NA,NA,NA,NA,NA,NA,NA,NA,NA,NA,NA,NA,NA,NA,NA,NA,0,0,1,0,0,0
00-0036550,Rashod Bateman,WR,2021,21.75770020533881,0,72,190,4.39,36,123,NA,NA,102.31175058709631,25.765817901234566,-0.06054835280776398,1,27,-3.332204510175204,NA,NA,NA,NA,NA,NA,NA,NA,NA,NA,NA,NA,NA,NA,NA,NA,NA,NA,NA,NA,NA,NA,NA,NA,NA,NA,NA,NA,NA,NA,NA,NA,NA,0,0,1,12,80.5,6.708333333333333
00-0036628,John Bates,TE,2021,23.81930184804928,0,77,250,4.84,31.5,120,6.85,4.35,91.11472269721357,29.64243548659133,-0.3503740481710179,4,124,-4.8283137373023015,NA,NA,NA,NA,NA,NA,NA,NA,NA,NA,NA,NA,NA,NA,NA,NA,NA,NA,NA,NA,NA,NA,NA,NA,NA,NA,NA,NA,NA,NA,NA,NA,NA,0,0,1,12,40.900000000000006,3.4083333333333337
00-0034433,Nick Bawden,RB,2018,22.193018480492814,0,74,245,NA,NA,NA,NA,NA,NA,31.4527027027027,NA,7,237,-5.472270673671475,NA,NA,NA,NA,NA,NA,NA,NA,NA,NA,NA,NA,NA,NA,NA,NA,NA,NA,NA,NA,NA,NA,NA,NA,NA,NA,NA,NA,NA,NA,NA,NA,NA,0,1,1,0,0,0
00-0033936,C.J. Beathard,QB,2017,23.79192334017796,0,74,219,NA,31,113,NA,NA,NA,28.114864864864863,-0.2078466693277851,3,104,-4.653960350157523,NA,NA,NA,NA,NA,NA,NA,NA,NA,NA,NA,NA,NA,NA,NA,NA,NA,NA,NA,NA,NA,NA,NA,NA,NA,NA,NA,NA,NA,NA,NA,NA,NA,0,0,1,6,92.80000000000001,15.466666666666669
00-0040729,Jack Bech,WR,2025,22.704996577686515,0,73,214,NA,34.5,125,6.84,4.21,NA,28.23081253518484,-0.49974102619929184,2,58,-4.07753744390572,NA,NA,NA,NA,NA,NA,NA,NA,NA,NA,NA,NA,NA,NA,NA,NA,NA,NA,NA,NA,NA,NA,NA,NA,NA,NA,NA,NA,NA,NA,NA,NA,NA,0,0,1,14,32.400000000000006,2.3142857142857145
00-0031235,Odell Beckham Jr.,WR,2014,21.82067077344285,0,71,198,4.38,38.5,122,6.69,3.94,107.59664852325028,27.612378496330095,0.7913443077971433,1,12,-2.5649493574615367,NA,NA,NA,NA,NA,NA,NA,NA,NA,NA,NA,NA,NA,NA,NA,NA,NA,NA,NA,NA,NA,NA,NA,NA,NA,NA,NA,NA,NA,NA,NA,NA,NA,0,0,1,12,251.5,20.958333333333332
00-0032062,Blake Bell,TE,2015,24.0684462696783,0,78,252,4.8,33,116,6.85,4.32,94.9435763888889,29.118343195266274,0.19073147912465022,4,117,-4.770684624465665,NA,NA,NA,NA,NA,NA,NA,NA,NA,NA,NA,NA,NA,NA,NA,NA,NA,NA,NA,NA,NA,NA,NA,NA,NA,NA,NA,NA,NA,NA,NA,NA,NA,0,0,1,9,26.1,2.9000000000000004
00-0037257,David Bell,WR,2022,21.713894592744694,1,73,212,4.65,33,118,7.14,4.57,90.68888137871588,27.96697316569713,-1.145007845564649,3,99,-4.605170185988092,NA,NA,NA,NA,NA,NA,NA,NA,NA,NA,NA,NA,NA,NA,NA,NA,NA,NA,NA,NA,NA,NA,NA,NA,NA,NA,NA,NA,NA,NA,NA,NA,NA,0,0,1,15,33.400000000000006,2.226666666666667
00-0039420,Jaheim Bell,TE,2024,23.21697467488022,0,74,241,4.61,35,124,NA,NA,106.71939061316041,30.93918918918919,0.07681815143481878,7,231,-5.44673737166631,NA,NA,NA,NA,NA,NA,NA,NA,NA,NA,NA,NA,NA,NA,NA,NA,NA,NA,NA,NA,NA,NA,NA,NA,NA,NA,NA,NA,NA,NA,NA,NA,NA,0,0,1,4,3,0.75
00-0032113,Kenny Bell,WR,2015,23.515400410677618,0,73,197,4.42,41.5,129,6.66,4.15,103.23028929732914,25.988177894539312,0.8888945685667607,5,162,-5.093750200806762,NA,NA,NA,NA,NA,NA,NA,NA,NA,NA,NA,NA,NA,NA,NA,NA,NA,NA,NA,NA,NA,NA,NA,NA,NA,NA,NA,NA,NA,NA,NA,NA,NA,0,0,1,0,0,0
00-0030496,Le'Veon Bell,RB,2013,21.53593429158111,1,73,230,4.6,31.5,118,6.75,4.24,102.73691131749818,30.34152749108651,0.15143211230869905,2,48,-3.8918202981106265,NA,NA,NA,NA,NA,NA,NA,NA,NA,NA,NA,NA,NA,NA,NA,NA,NA,NA,NA,NA,NA,NA,NA,NA,NA,NA,NA,NA,NA,NA,NA,NA,NA,0,0,1,13,194.4,14.953846153846154
00-0038647,Ronnie Bell,WR,2023,23.592060232717316,0,72,191,4.54,38.5,120,6.98,4.15,89.91661549614079,25.901427469135804,-0.2289047664452684,7,253,-5.537334267018537,NA,NA,NA,NA,NA,NA,NA,NA,NA,NA,NA,NA,NA,NA,NA,NA,NA,NA,NA,NA,NA,NA,NA,NA,NA,NA,NA,NA,NA,NA,NA,NA,NA,0,0,1,13,27.8,2.1384615384615384
00-0038115,Daniel Bellinger,TE,2022,21.94113620807666,0,77,253,4.63,34.5,125,7.05,4.47,110.10994679017969,29.998144712430427,0.43498418082652596,4,112,-4.727387818712341,NA,NA,NA,NA,NA,NA,NA,NA,NA,NA,NA,NA,NA,NA,NA,NA,NA,NA,NA,NA,NA,NA,NA,NA,NA,NA,NA,NA,NA,NA,NA,NA,NA,0,0,1,11,60,5.454545454545454
00-0036383,Eno Benjamin,RB,2020,21.388090349075977,1,69,207,4.57,39,122,6.97,4.25,94.91515053022637,30.565217391304348,0.5505801320828615,7,222,-5.407171771460119,NA,NA,NA,NA,NA,NA,NA,NA,NA,NA,NA,NA,NA,NA,NA,NA,NA,NA,NA,NA,NA,NA,NA,NA,NA,NA,NA,NA,NA,NA,NA,NA,NA,0,0,1,0,0,0
00-0031359,Kelvin Benjamin,WR,2014,23.57015742642026,0,77,240,4.61,32.5,119,7.33,4.39,106.27657156497303,28.456738067127677,-1.0139304115049301,1,28,-3.367295829986474,NA,NA,NA,NA,NA,NA,NA,NA,NA,NA,NA,NA,NA,NA,NA,NA,NA,NA,NA,NA,NA,NA,NA,NA,NA,NA,NA,NA,NA,NA,NA,NA,NA,0,0,1,16,191.3,11.95625
00-0039107,Stetson Bennett,QB,2023,25.842573579739906,0,71,192,4.67,33.5,118,NA,4.2,80.73534437741176,26.77563975401706,-0.11718799283312309,4,128,-4.859812404361672,NA,NA,NA,NA,NA,NA,NA,NA,NA,NA,NA,NA,NA,NA,NA,NA,NA,NA,NA,NA,NA,NA,NA,NA,NA,NA,NA,NA,NA,NA,NA,NA,NA,0,0,1,0,0,0
00-0039921,Trey Benson,RB,2024,22.11088295687885,0,72,216,4.39,33.5,122,NA,NA,116.31230593059371,29.291666666666668,0.14105431505983096,3,66,-4.204692619390966,NA,NA,NA,NA,NA,NA,NA,NA,NA,NA,NA,NA,NA,NA,NA,NA,NA,NA,NA,NA,NA,NA,NA,NA,NA,NA,NA,NA,NA,NA,NA,NA,NA,0,0,1,12,44,3.6666666666666665
00-0040247,Junior Bergen,WR,2025,22.858316221765914,0,NA,NA,NA,NA,NA,NA,NA,NA,NA,NA,7,252,-5.53338948872752,NA,NA,NA,NA,NA,NA,NA,NA,NA,NA,NA,NA,NA,NA,NA,NA,NA,NA,NA,NA,NA,NA,NA,NA,NA,NA,NA,NA,NA,NA,NA,NA,NA,0,1,1,0,0,0
00-0030456,Giovani Bernard,RB,2013,21.776865160848732,0,68,202,4.53,33.5,122,6.91,4.12,95.93753532303836,30.710640138408305,0.27532403467837085,2,37,-3.6375861597263857,NA,NA,NA,NA,NA,NA,NA,NA,NA,NA,NA,NA,NA,NA,NA,NA,NA,NA,NA,NA,NA,NA,NA,NA,NA,NA,NA,NA,NA,NA,NA,NA,NA,0,0,1,16,194.9,12.18125
00-0034419,Braxton Berrios,WR,2018,22.90485968514716,0,69,184,NA,NA,NA,NA,NA,NA,27.169082125603865,NA,6,210,-5.351858133476067,NA,NA,NA,NA,NA,NA,NA,NA,NA,NA,NA,NA,NA,NA,NA,NA,NA,NA,NA,NA,NA,NA,NA,NA,NA,NA,NA,NA,NA,NA,NA,NA,NA,0,1,1,0,0,0
00-0038555,Tank Bigsby,RB,2023,21.00479123887748,1,72,210,4.56,32.5,119,NA,NA,97.13817050604678,28.47800925925926,-0.9459437396291653,3,88,-4.48863636973214,NA,NA,NA,NA,NA,NA,NA,NA,NA,NA,NA,NA,NA,NA,NA,NA,NA,NA,NA,NA,NA,NA,NA,NA,NA,NA,NA,NA,NA,NA,NA,NA,NA,0,0,1,13,24.300000000000004,1.8692307692307695
00-0031194,Rob Blanchflower,TE,2014,24.23271731690623,0,76,256,4.82,NA,NA,NA,NA,94.85971336463923,31.157894736842106,-0.8502394377958191,7,230,-5.442417710521793,NA,NA,NA,NA,NA,NA,NA,NA,NA,NA,NA,NA,NA,NA,NA,NA,NA,NA,NA,NA,NA,NA,NA,NA,NA,NA,NA,NA,NA,NA,NA,NA,NA,0,0,1,0,0,0
00-0031075,Alfred Blue,RB,2014,23.34839151266256,0,74,223,4.63,32,121,7.15,4.5,97.053431360514125,28.62837837837838,-0.8908290166463446,6,181,-5.204006687076795,NA,NA,NA,NA,NA,NA,NA,NA,NA,NA,NA,NA,NA,NA,NA,NA,NA,NA,NA,NA,NA,NA,NA,NA,NA,NA,NA,NA,NA,NA,NA,NA,NA,0,0,1,16,89.60000000000001,5.6000000000000005
00-0040586,Jaydon Blue,RB,2025,21.648186173853524,1,69,196,4.38,NA,NA,NA,NA,106.50981368968209,28.940978785969335,0.418984491699702,5,149,-5.0106352940962555,NA,NA,NA,NA,NA,NA,NA,NA,NA,NA,NA,NA,NA,NA,NA,NA,NA,NA,NA,NA,NA,NA,NA,NA,NA,NA,NA,NA,NA,NA,NA,NA,NA,0,0,1,5,19.9,3.9799999999999995
00-0032341,Moritz Boehringer,TE,2016,22.87748117727584,0,NA,NA,NA,NA,NA,NA,NA,NA,NA,NA,6,180,-5.198497031265826,NA,NA,NA,NA,NA,NA,NA,NA,NA,NA,NA,NA,NA,NA,NA,NA,NA,NA,NA,NA,NA,NA,NA,NA,NA,NA,NA,NA,NA,NA,NA,NA,NA,0,1,1,0,0,0
00-0030112,Tommy Bohanon,RB,2013,22.976043805612594,0,73,246,4.88,35,119,7.27,4.42,86.75326222509706,32.45224244698818,-0.7023553510525448,7,215,-5.375278407684165,NA,NA,NA,NA,NA,NA,NA,NA,NA,NA,NA,NA,NA,NA,NA,NA,NA,NA,NA,NA,NA,NA,NA,NA,NA,NA,NA,NA,NA,NA,NA,NA,NA,0,0,1,12,18.6,1.55
00-0031088,Ted Bolser,TE,2014,23.860369609856264,0,NA,NA,NA,NA,NA,NA,NA,NA,NA,NA,7,217,-5.384495062789089,NA,NA,NA,NA,NA,NA,NA,NA,NA,NA,NA,NA,NA,NA,NA,NA,NA,NA,NA,NA,NA,NA,NA,NA,NA,NA,NA,NA,NA,NA,NA,NA,NA,0,1,1,0,0,0
00-0030105,Alan Bonner,WR,2013,22.822724161533195,0,70,193,4.59,33,117,NA,4.15,86.96341032067905,27.689591836734692,-0.42474883025555654,6,195,-5.278114659230518,NA,NA,NA,NA,NA,NA,NA,NA,NA,NA,NA,NA,NA,NA,NA,NA,NA,NA,NA,NA,NA,NA,NA,NA,NA,NA,NA,NA,NA,NA,NA,NA,NA,0,0,1,0,0,0
00-0036929,Ian Book,QB,2021,23.42505133470226,0,72,211,4.65,32.5,115,6.99,4.19,90.26110363636343,28.613618827160494,0.5460832033076827,4,133,-4.897839799950911,NA,NA,NA,NA,NA,NA,NA,NA,NA,NA,NA,NA,NA,NA,NA,NA,NA,NA,NA,NA,NA,NA,NA,NA,NA,NA,NA,NA,NA,NA,NA,NA,NA,0,0,1,1,2.0000000000000004,2.0000000000000004
00-0032972,Devontae Booker,RB,2016,24.265571526351813,0,71,219,4.56,NA,NA,NA,NA,101.30123495630593,30.54096409442571,-0.3343377351582468,4,136,-4.919980925828125,NA,NA,NA,NA,NA,NA,NA,NA,NA,NA,NA,NA,NA,NA,NA,NA,NA,NA,NA,NA,NA,NA,NA,NA,NA,NA,NA,NA,NA,NA,NA,NA,NA,0,0,1,16,131.2,8.2
00-0031407,Blake Bortles,QB,2014,22.34360027378508,0,77,232,4.93,32.5,115,7.08,4.21,78.54712679521835,27.508180131556756,0.6415917999562575,1,3,-1.3862943611198906,NA,NA,NA,NA,NA,NA,NA,NA,NA,NA,NA,NA,NA,NA,NA,NA,NA,NA,NA,NA,NA,NA,NA,NA,NA,NA,NA,NA,NA,NA,NA,NA,NA,0,0,1,14,166.22,11.872857142857143
00-0038608,Kayshon Boutte,WR,2023,21.319644079397673,1,71,195,4.5,29,118,NA,4.25,95.10745313214449,27.194009125173576,-1.1659610780438012,6,187,-5.236441962829949,NA,NA,NA,NA,NA,NA,NA,NA,NA,NA,NA,NA,NA,NA,NA,NA,NA,NA,NA,NA,NA,NA,NA,NA,NA,NA,NA,NA,NA,NA,NA,NA,NA,0,0,1,3,2.9000000000000004,0.9666666666666668
00-0036364,Lynn Bowden,WR,2020,22.882956878850102,0,71,204,NA,NA,NA,NA,NA,NA,28.449117238643126,NA,3,80,-4.394449154672439,NA,NA,NA,NA,NA,NA,NA,NA,NA,NA,NA,NA,NA,NA,NA,NA,NA,NA,NA,NA,NA,NA,NA,NA,NA,NA,NA,NA,NA,NA,NA,NA,NA,0,1,1,9,39.58,4.397777777777778
00-0039338,Brock Bowers,TE,2024,21.71937029431896,1,75,243,NA,NA,NA,NA,NA,NA,30.3696,NA,1,13,-2.639057329615259,NA,NA,NA,NA,NA,NA,NA,NA,NA,NA,NA,NA,NA,NA,NA,NA,NA,NA,NA,NA,NA,NA,NA,NA,NA,NA,NA,NA,NA,NA,NA,NA,NA,0,1,1,17,206.7,12.158823529411764
00-0030474,Josh Boyce,WR,2013,22.324435318275153,0,71,206,4.38,34,131,6.68,4.1,111.94398785752301,28.728030152747472,1.1325760065337216,4,102,-4.634728988229636,NA,NA,NA,NA,NA,NA,NA,NA,NA,NA,NA,NA,NA,NA,NA,NA,NA,NA,NA,NA,NA,NA,NA,NA,NA,NA,NA,NA,NA,NA,NA,NA,NA,0,0,1,6,16.6,2.766666666666667
00-0033009,Tyler Boyd,WR,2016,21.796030116358658,0,73,197,4.58,34,119,6.9,4.35,89.5435503285939,25.988177894539312,-0.5521368192107827,2,55,-4.02535169073515,NA,NA,NA,NA,NA,NA,NA,NA,NA,NA,NA,NA,NA,NA,NA,NA,NA,NA,NA,NA,NA,NA,NA,NA,NA,NA,NA,NA,NA,NA,NA,NA,NA,0,0,1,16,99.1,6.19375
00-0035703,Miles Boykin,WR,2019,22.885694729637233,0,76,220,4.42,43.5,140,6.77,4.07,115.28255657569751,26.776315789473685,1.5744272673200923,3,93,-4.543294782270004,NA,NA,NA,NA,NA,NA,NA,NA,NA,NA,NA,NA,NA,NA,NA,NA,NA,NA,NA,NA,NA,NA,NA,NA,NA,NA,NA,NA,NA,NA,NA,NA,NA,0,0,1,12,44.3,3.6916666666666664
00-0031598,Nick Boyle,TE,2015,22.535249828884325,0,76,268,5.04,30.5,112,7.13,4.23,83.0697003566504,32.61842105263158,-0.5366509123694084,5,171,-5.147494476813453,NA,NA,NA,NA,NA,NA,NA,NA,NA,NA,NA,NA,NA,NA,NA,NA,NA,NA,NA,NA,NA,NA,NA,NA,NA,NA,NA,NA,NA,NA,NA,NA,NA,0,0,1,9,24.3,2.7
00-0032801,Daniel Braverman,WR,2016,22.926762491444215,0,NA,NA,NA,NA,NA,NA,NA,NA,NA,NA,7,230,-5.442417710521793,NA,NA,NA,NA,NA,NA,NA,NA,NA,NA,NA,NA,NA,NA,NA,NA,NA,NA,NA,NA,NA,NA,NA,NA,NA,NA,NA,NA,NA,NA,NA,NA,NA,0,1,1,2,0,0
00-0031237,Teddy Bridgewater,QB,2014,21.806981519507186,0,74,214,NA,30,113,7.17,4.2,NA,27.472972972972972,0.3196488324543224,1,32,-3.4965075614664802,NA,NA,NA,NA,NA,NA,NA,NA,NA,NA,NA,NA,NA,NA,NA,NA,NA,NA,NA,NA,NA,NA,NA,NA,NA,NA,NA,NA,NA,NA,NA,NA,NA,0,0,1,13,175.66,13.512307692307692
00-0036569,Gary Brightwell,RB,2021,23.50718685831622,0,70,218,4.62,34.5,118,7.51,4.48,95.70146522641376,31.276326530612245,-1.1346604951935597,6,196,-5.2832037287379885,NA,NA,NA,NA,NA,NA,NA,NA,NA,NA,NA,NA,NA,NA,NA,NA,NA,NA,NA,NA,NA,NA,NA,NA,NA,NA,NA,NA,NA,NA,NA,NA,NA,0,0,1,7,1.5,0.21428571428571427
00-0033119,Jacoby Brissett,QB,2016,23.72347707049966,0,76,231,4.94,31,113,7.17,4.53,77.5772141722882,28.11513157894737,-0.4016453423424935,3,91,-4.5217885770490405,NA,NA,NA,NA,NA,NA,NA,NA,NA,NA,NA,NA,NA,NA,NA,NA,NA,NA,NA,NA,NA,NA,NA,NA,NA,NA,NA,NA,NA,NA,NA,NA,NA,0,0,1,3,28.3,9.433333333333334
00-0038640,Jalen Brooks,WR,2023,23.318275154004105,0,73,201,4.69,35,130,7.15,4.31,83.08730685557535,26.51585663351473,-0.7433689563386259,7,244,-5.501258210544727,NA,NA,NA,NA,NA,NA,NA,NA,NA,NA,NA,NA,NA,NA,NA,NA,NA,NA,NA,NA,NA,NA,NA,NA,NA,NA,NA,NA,NA,NA,NA,NA,NA,0,0,1,3,9.4,3.1333333333333333
00-0039344,Jonathon Brooks,RB,2024,21.117043121149898,1,72,216,NA,NA,NA,NA,NA,NA,29.291666666666668,NA,2,46,-3.8501476017100584,NA,NA,NA,NA,NA,NA,NA,NA,NA,NA,NA,NA,NA,NA,NA,NA,NA,NA,NA,NA,NA,NA,NA,NA,NA,NA,NA,NA,NA,NA,NA,NA,NA,0,1,1,3,6,2
00-0040208,Tahj Brooks,RB,2025,23.304585900068446,0,69,214,4.52,35,120,6.9,4.06,102.53922478389582,31.598823776517538,0.24944801795672553,6,193,-5.267858159063328,NA,NA,NA,NA,NA,NA,NA,NA,NA,NA,NA,NA,NA,NA,NA,NA,NA,NA,NA,NA,NA,NA,NA,NA,NA,NA,NA,NA,NA,NA,NA,NA,NA,0,0,1,12,5.9,0.4916666666666667
00-0032808,Zac Brooks,RB,2016,23.581108829568787,0,NA,NA,NA,NA,NA,NA,NA,NA,NA,NA,7,247,-5.5134287461649825,NA,NA,NA,NA,NA,NA,NA,NA,NA,NA,NA,NA,NA,NA,NA,NA,NA,NA,NA,NA,NA,NA,NA,NA,NA,NA,NA,NA,NA,NA,NA,NA,NA,0,1,1,0,0,0
00-0035676,A.J. Brown,WR,2019,22.171115674195757,0,72,226,4.49,36.5,120,NA,NA,111.21236356823478,30.647762345679013,-0.010515898324022744,2,51,-3.9512437185814275,NA,NA,NA,NA,NA,NA,NA,NA,NA,NA,NA,NA,NA,NA,NA,NA,NA,NA,NA,NA,NA,NA,NA,NA,NA,NA,NA,NA,NA,NA,NA,NA,NA,0,0,1,16,191.10000000000002,11.943750000000001
00-0037329,Brittain Brown,RB,2022,24.892539356605067,0,NA,NA,NA,NA,NA,NA,NA,NA,NA,NA,7,250,-5.5254529391317835,NA,NA,NA,NA,NA,NA,NA,NA,NA,NA,NA,NA,NA,NA,NA,NA,NA,NA,NA,NA,NA,NA,NA,NA,NA,NA,NA,NA,NA,NA,NA,NA,NA,0,1,1,1,0,0
00-0038597,Chase Brown,RB,2023,23.446954140999317,0,70,209,4.43,40,127,NA,NA,108.53289234423694,29.985102040816326,1.265410944520919,5,163,-5.099866427824199,NA,NA,NA,NA,NA,NA,NA,NA,NA,NA,NA,NA,NA,NA,NA,NA,NA,NA,NA,NA,NA,NA,NA,NA,NA,NA,NA,NA,NA,NA,NA,NA,NA,0,0,1,12,46.5,3.875
00-0031960,Da'Ron Brown,WR,2015,23.94524298425736,0,72,205,4.54,37,120,7.04,4.11,96.50736218172179,27.799961419753085,-0.26971262148596714,7,233,-5.455321115357702,NA,NA,NA,NA,NA,NA,NA,NA,NA,NA,NA,NA,NA,NA,NA,NA,NA,NA,NA,NA,NA,NA,NA,NA,NA,NA,NA,NA,NA,NA,NA,NA,NA,0,0,1,0,0,0
00-0036626,Dyami Brown,WR,2021,21.83436002737851,0,72,189,4.46,35,128,6.87,4.35,95.53276880501684,25.630208333333332,-0.18831966109919526,3,82,-4.418840607796598,NA,NA,NA,NA,NA,NA,NA,NA,NA,NA,NA,NA,NA,NA,NA,NA,NA,NA,NA,NA,NA,NA,NA,NA,NA,NA,NA,NA,NA,NA,NA,NA,NA,0,0,1,10,22.1,2.21
00-0031051,John Brown,WR,2014,24.413415468856947,0,70,179,4.34,36.5,119,6.91,4.12,100.90765381559657,25.681020408163267,-0.07791431515595215,3,91,-4.5217885770490405,NA,NA,NA,NA,NA,NA,NA,NA,NA,NA,NA,NA,NA,NA,NA,NA,NA,NA,NA,NA,NA,NA,NA,NA,NA,NA,NA,NA,NA,NA,NA,NA,NA,0,0,1,16,123,7.6875
00-0030466,Justin Brown,WR,2013,22.480492813141684,0,NA,NA,NA,NA,NA,NA,NA,NA,NA,NA,6,186,-5.231108616854587,NA,NA,NA,NA,NA,NA,NA,NA,NA,NA,NA,NA,NA,NA,NA,NA,NA,NA,NA,NA,NA,NA,NA,NA,NA,NA,NA,NA,NA,NA,NA,NA,NA,0,1,1,0,0,0
00-0035662,Marquise Brown,WR,2019,22.24229979466119,0,69,166,NA,NA,NA,NA,NA,NA,24.511237135055662,NA,1,25,-3.258096538021482,NA,NA,NA,NA,NA,NA,NA,NA,NA,NA,NA,NA,NA,NA,NA,NA,NA,NA,NA,NA,NA,NA,NA,NA,NA,NA,NA,NA,NA,NA,NA,NA,NA,0,1,1,14,123.4,8.814285714285715
00-0033591,Noah Brown,WR,2017,21.65366187542779,1,74,222,NA,NA,NA,7.07,4.33,NA,28.5,-1.1579801809272396,7,239,-5.480638923341991,NA,NA,NA,NA,NA,NA,NA,NA,NA,NA,NA,NA,NA,NA,NA,NA,NA,NA,NA,NA,NA,NA,NA,NA,NA,NA,NA,NA,NA,NA,NA,NA,NA,0,1,1,7,5.300000000000001,0.7571428571428572
00-0036232,Harrison Bryant,TE,2020,22.360027378507873,0,77,243,4.73,32.5,110,7.41,4.37,97.09384644131794,28.812447292966773,-0.7002930105390905,4,115,-4.7535901911063645,NA,NA,NA,NA,NA,NA,NA,NA,NA,NA,NA,NA,NA,NA,NA,NA,NA,NA,NA,NA,NA,NA,NA,NA,NA,NA,NA,NA,NA,NA,NA,NA,NA,0,0,1,12,53.8,4.483333333333333
00-0031373,Martavis Bryant,WR,2014,22.699520876112253,0,76,211,4.42,39,124,7.18,4.15,110.5664519885099,25.68092105263158,0.19394498165467808,4,118,-4.77912349311153,NA,NA,NA,NA,NA,NA,NA,NA,NA,NA,NA,NA,NA,NA,NA,NA,NA,NA,NA,NA,NA,NA,NA,NA,NA,NA,NA,NA,NA,NA,NA,NA,NA,0,0,1,10,117.10000000000001,11.71
00-0040134,Pat Bryant,WR,2025,22.72689938398357,0,74,204,4.61,37.5,124,NA,NA,90.33508583022707,26.18918918918919,-0.3979700566547331,3,74,-4.31748811353631,NA,NA,NA,NA,NA,NA,NA,NA,NA,NA,NA,NA,NA,NA,NA,NA,NA,NA,NA,NA,NA,NA,NA,NA,NA,NA,NA,NA,NA,NA,NA,NA,NA,0,0,1,13,59.300000000000004,4.561538461538462
00-0032441,Aaron Burbridge,WR,2016,22.691307323750856,0,72,206,4.56,30.5,115,7.22,4.31,95.28791963926494,27.93557098765432,-1.0718278751543346,6,213,-5.365976015021851,NA,NA,NA,NA,NA,NA,NA,NA,NA,NA,NA,NA,NA,NA,NA,NA,NA,NA,NA,NA,NA,NA,NA,NA,NA,NA,NA,NA,NA,NA,NA,NA,NA,0,0,1,15,12.3,0.8200000000000001
00-0040735,Luther Burden III,WR,2025,21.72210814510609,1,72,206,4.41,NA,NA,NA,NA,108.92883482649184,27.93557098765432,0.7223999266126587,2,39,-3.6888794541139363,NA,NA,NA,NA,NA,NA,NA,NA,NA,NA,NA,NA,NA,NA,NA,NA,NA,NA,NA,NA,NA,NA,NA,NA,NA,NA,NA,NA,NA,NA,NA,NA,NA,0,0,1,15,104.4,6.96
00-0030288,Rex Burkhead,RB,2013,23.16769336071184,0,70,214,4.73,39,125,6.85,4.09,85.50651497301251,30.702448979591836,0.6360277030197834,6,190,-5.25227342804663,NA,NA,NA,NA,NA,NA,NA,NA,NA,NA,NA,NA,NA,NA,NA,NA,NA,NA,NA,NA,NA,NA,NA,NA,NA,NA,NA,NA,NA,NA,NA,NA,NA,0,0,1,0,0,0
00-0037742,Treylon Burks,WR,2022,22.442162902121833,0,74,225,4.55,33,122,7.28,NA,104.99459124737965,28.885135135135137,-0.5341097307625923,1,18,-2.9444389791664403,NA,NA,NA,NA,NA,NA,NA,NA,NA,NA,NA,NA,NA,NA,NA,NA,NA,NA,NA,NA,NA,NA,NA,NA,NA,NA,NA,NA,NA,NA,NA,NA,NA,0,0,1,11,71.60000000000001,6.50909090909091
00-0036442,Joe Burrow,QB,2020,23.72621492128679,0,75,221,NA,NA,NA,NA,NA,NA,27.62008888888889,NA,1,1,-0.6931471805599453,NA,NA,NA,NA,NA,NA,NA,NA,NA,NA,NA,NA,NA,NA,NA,NA,NA,NA,NA,NA,NA,NA,NA,NA,NA,NA,NA,NA,NA,NA,NA,NA,NA,0,1,1,10,179.71999999999997,17.971999999999998
00-0039810,Jermaine Burton,WR,2024,23.17864476386037,0,72,196,4.45,38.5,133,NA,NA,99.96455179214908,26.579475308641975,0.4659653562193035,3,80,-4.394449154672439,NA,NA,NA,NA,NA,NA,NA,NA,NA,NA,NA,NA,NA,NA,NA,NA,NA,NA,NA,NA,NA,NA,NA,NA,NA,NA,NA,NA,NA,NA,NA,NA,NA,0,0,1,8,12.700000000000001,1.5875000000000001
00-0031595,Michael Burton,RB,2015,23.581108829568787,0,71,242,4.65,33,115,7.2,4.34,103.52221364928887,33.74846260662567,-0.2688559074610826,5,168,-5.1298987149230735,NA,NA,NA,NA,NA,NA,NA,NA,NA,NA,NA,NA,NA,NA,NA,NA,NA,NA,NA,NA,NA,NA,NA,NA,NA,NA,NA,NA,NA,NA,NA,NA,NA,0,0,1,10,13.100000000000001,1.31
00-0030516,Brice Butler,WR,2013,23.589322381930184,0,NA,NA,NA,NA,NA,NA,NA,NA,NA,NA,7,209,-5.3471075307174685,NA,NA,NA,NA,NA,NA,NA,NA,NA,NA,NA,NA,NA,NA,NA,NA,NA,NA,NA,NA,NA,NA,NA,NA,NA,NA,NA,NA,NA,NA,NA,NA,NA,0,1,1,8,14.8,1.85
00-0035529,Hakeem Butler,TE,2019,23.293634496919918,0,77,227,4.48,36,128,NA,NA,112.70515921710677,26.915331421824927,1.1516087214566335,4,103,-4.6443908991413725,NA,NA,NA,NA,NA,NA,NA,NA,NA,NA,NA,NA,NA,NA,NA,NA,NA,NA,NA,NA,NA,NA,NA,NA,NA,NA,NA,NA,NA,NA,NA,NA,NA,0,0,1,0,0,0
00-0033564,Jake Butt,TE,2017,22.143737166324435,0,77,246,NA,NA,NA,NA,NA,NA,29.16815651880587,NA,5,145,-4.983606621708336,NA,NA,NA,NA,NA,NA,NA,NA,NA,NA,NA,NA,NA,NA,NA,NA,NA,NA,NA,NA,NA,NA,NA,NA,NA,NA,NA,NA,NA,NA,NA,NA,NA,0,1,1,0,0,0
00-0034406,Deon Cain,WR,2018,22.06160164271047,0,74,202,4.43,33.5,115,6.71,4.37,104.89781939490844,25.93243243243243,-0.10501018356864529,6,185,-5.225746673713202,NA,NA,NA,NA,NA,NA,NA,NA,NA,NA,NA,NA,NA,NA,NA,NA,NA,NA,NA,NA,NA,NA,NA,NA,NA,NA,NA,NA,NA,NA,NA,NA,NA,0,0,1,0,0,0
00-0036435,Raymond Calais,RB,2020,22.417522245037645,0,68,188,4.42,37.5,120,NA,NA,98.51418471014152,28.58217993079585,-0.025409804434009937,7,245,-5.5053315359323625,NA,NA,NA,NA,NA,NA,NA,NA,NA,NA,NA,NA,NA,NA,NA,NA,NA,NA,NA,NA,NA,NA,NA,NA,NA,NA,NA,NA,NA,NA,NA,NA,NA,0,0,1,4,0,0
00-0037086,Grant Calcaterra,TE,2022,23.742642026009584,0,76,241,4.62,NA,NA,NA,NA,105.79840880534732,29.332236842105264,0.10420193416522264,6,198,-5.293304824724492,NA,NA,NA,NA,NA,NA,NA,NA,NA,NA,NA,NA,NA,NA,NA,NA,NA,NA,NA,NA,NA,NA,NA,NA,NA,NA,NA,NA,NA,NA,NA,NA,NA,0,0,1,6,10.6,1.7666666666666666
00-0034772,Antonio Callaway,WR,2018,21.642710472279262,1,71,200,4.41,34,121,NA,NA,105.75615031698237,27.891291410434437,0.21562194459243034,4,105,-4.663439094112067,NA,NA,NA,NA,NA,NA,NA,NA,NA,NA,NA,NA,NA,NA,NA,NA,NA,NA,NA,NA,NA,NA,NA,NA,NA,NA,NA,NA,NA,NA,NA,NA,NA,0,0,1,16,110.8,6.925
00-0036858,Jalen Camp,WR,2021,23.145790554414784,0,73,226,4.48,39.5,125,7,4.14,112.20866071835299,29.81384875211109,0.5802609436011275,6,209,-5.3471075307174685,NA,NA,NA,NA,NA,NA,NA,NA,NA,NA,NA,NA,NA,NA,NA,NA,NA,NA,NA,NA,NA,NA,NA,NA,NA,NA,NA,NA,NA,NA,NA,NA,NA,0,0,1,1,0,0
00-0031025,Michael Campanaro,WR,2014,23.600273785078713,0,69,192,4.46,39,122,6.77,4.01,97.04916196065204,28.35034656584751,0.4242416249929379,7,218,-5.389071729816501,NA,NA,NA,NA,NA,NA,NA,NA,NA,NA,NA,NA,NA,NA,NA,NA,NA,NA,NA,NA,NA,NA,NA,NA,NA,NA,NA,NA,NA,NA,NA,NA,NA,0,0,1,4,19.700000000000003,4.925000000000001
00-0035639,Parris Campbell,WR,2019,22.127310061601644,0,72,205,4.31,40,135,NA,4.03,118.8159585604499,27.799961419753085,1.2954812553192032,2,59,-4.0943445622221,NA,NA,NA,NA,NA,NA,NA,NA,NA,NA,NA,NA,NA,NA,NA,NA,NA,NA,NA,NA,NA,NA,NA,NA,NA,NA,NA,NA,NA,NA,NA,NA,NA,0,0,1,7,31.1,4.442857142857143
00-0034164,Trenton Cannon,RB,2018,24.109514031485283,0,NA,NA,NA,NA,NA,NA,NA,NA,NA,NA,6,204,-5.3230099791384085,NA,NA,NA,NA,NA,NA,NA,NA,NA,NA,NA,NA,NA,NA,NA,NA,NA,NA,NA,NA,NA,NA,NA,NA,NA,NA,NA,NA,NA,NA,NA,NA,NA,0,1,1,12,40.2,3.35
00-0034409,Dylan Cantrell,WR,2018,24.175222450376456,0,75,226,4.59,38.5,130,6.56,4.03,101.83280172266045,28.244977777777777,1.3002180456778751,6,191,-5.2574953720277815,NA,NA,NA,NA,NA,NA,NA,NA,NA,NA,NA,NA,NA,NA,NA,NA,NA,NA,NA,NA,NA,NA,NA,NA,NA,NA,NA,NA,NA,NA,NA,NA,NA,0,0,1,0,0,0
00-0031057,Ka'Deem Carey,RB,2014,21.83709787816564,0,69,207,4.69,32.5,115,7.08,4.38,85.56752497066715,30.565217391304348,-1.1182817791864677,4,117,-4.770684624465665,NA,NA,NA,NA,NA,NA,NA,NA,NA,NA,NA,NA,NA,NA,NA,NA,NA,NA,NA,NA,NA,NA,NA,NA,NA,NA,NA,NA,NA,NA,NA,NA,NA,0,0,1,11,24,2.1818181818181817
00-0031280,Derek Carr,QB,2014,23.430527036276523,0,74,214,4.69,34.5,110,NA,4.2,88.46111277160759,27.472972972972972,1.1038004979897114,2,36,-3.6109179126442243,NA,NA,NA,NA,NA,NA,NA,NA,NA,NA,NA,NA,NA,NA,NA,NA,NA,NA,NA,NA,NA,NA,NA,NA,NA,NA,NA,NA,NA,NA,NA,NA,NA,0,0,1,16,196,12.25
00-0033060,Leonte Carroo,WR,2016,22.60369609856263,0,72,211,4.5,35.5,120,NA,NA,102.91114159426917,28.613618827160494,0.12260627538263809,3,86,-4.465908118654584,NA,NA,NA,NA,NA,NA,NA,NA,NA,NA,NA,NA,NA,NA,NA,NA,NA,NA,NA,NA,NA,NA,NA,NA,NA,NA,NA,NA,NA,NA,NA,NA,NA,0,0,1,5,10.4,2.08
00-0033594,Chris Carson,RB,2017,22.9596167008898,0,72,218,4.58,37,130,NA,NA,99.08880188646431,29.562885802469136,0.8970202807518132,7,249,-5.521460917862246,NA,NA,NA,NA,NA,NA,NA,NA,NA,NA,NA,NA,NA,NA,NA,NA,NA,NA,NA,NA,NA,NA,NA,NA,NA,NA,NA,NA,NA,NA,NA,NA,NA,0,0,1,4,36.2,9.05
00-0036924,Michael Carter,RB,2021,22.321697467488022,0,67,201,4.5,34,119,6.81,3.98,98.03383630544124,31.47761194029851,0.2938798438332995,4,107,-4.68213122712422,NA,NA,NA,NA,NA,NA,NA,NA,NA,NA,NA,NA,NA,NA,NA,NA,NA,NA,NA,NA,NA,NA,NA,NA,NA,NA,NA,NA,NA,NA,NA,NA,NA,0,0,1,14,138.4,9.885714285714286
00-0036277,Quintez Cephus,WR,2020,22.420260095824776,0,73,202,4.73,38.5,124,7.2,4.33,80.71175712405854,26.647776318258586,-0.4628132546856316,5,166,-5.117993812416755,NA,NA,NA,NA,NA,NA,NA,NA,NA,NA,NA,NA,NA,NA,NA,NA,NA,NA,NA,NA,NA,NA,NA,NA,NA,NA,NA,NA,NA,NA,NA,NA,NA,0,0,1,12,56.9,4.741666666666666
00-0037276,Ty Chandler,RB,2022,24.306639288158795,0,71,204,4.38,31,121,NA,NA,110.85715302395484,28.449117238643126,-0.03694272839497486,5,169,-5.135798437050262,NA,NA,NA,NA,NA,NA,NA,NA,NA,NA,NA,NA,NA,NA,NA,NA,NA,NA,NA,NA,NA,NA,NA,NA,NA,NA,NA,NA,NA,NA,NA,NA,NA,0,0,1,2,2,1
00-0039165,Zach Charbonnet,RB,2023,22.64476386036961,0,72,214,4.53,37,122,NA,NA,101.63679484717926,29.020447530864196,0.09619037731000483,2,52,-3.970291913552122,NA,NA,NA,NA,NA,NA,NA,NA,NA,NA,NA,NA,NA,NA,NA,NA,NA,NA,NA,NA,NA,NA,NA,NA,NA,NA,NA,NA,NA,NA,NA,NA,NA,0,0,1,16,89.60000000000001,5.6000000000000005
00-0034777,DJ Chark,WR,2018,21.93839835728953,0,75,199,4.34,40,129,NA,NA,112.18225200728334,24.87057777777778,1.7763288448609869,2,61,-4.127134385045092,NA,NA,NA,NA,NA,NA,NA,NA,NA,NA,NA,NA,NA,NA,NA,NA,NA,NA,NA,NA,NA,NA,NA,NA,NA,NA,NA,NA,NA,NA,NA,NA,NA,0,0,1,11,24.400000000000002,2.2181818181818183
00-0036900,Ja'Marr Chase,WR,2021,21.503080082135522,1,72,201,4.34,41,132,6.96,3.99,113.30971182645202,27.25752314814815,1.2554850723024196,1,5,-1.791759469228055,NA,NA,NA,NA,NA,NA,NA,NA,NA,NA,NA,NA,NA,NA,NA,NA,NA,NA,NA,NA,NA,NA,NA,NA,NA,NA,NA,NA,NA,NA,NA,NA,NA,0,0,1,17,266.1,15.65294117647059
00-0033464,Jehu Chesson,WR,2017,23.698836413415467,0,75,204,4.47,35.5,132,6.7,4.09,102.19509943543615,25.495466666666665,0.6936747389283557,4,139,-4.941642422609304,NA,NA,NA,NA,NA,NA,NA,NA,NA,NA,NA,NA,NA,NA,NA,NA,NA,NA,NA,NA,NA,NA,NA,NA,NA,NA,NA,NA,NA,NA,NA,NA,NA,0,0,1,6,2.8,0.4666666666666666
00-0032190,Gerald Christian,TE,2015,24.016427104722794,0,75,244,4.87,NA,NA,7.62,4.7,86.75689036082552,30.494577777777778,-1.4449572760628742,7,256,-5.54907608489522,NA,NA,NA,NA,NA,NA,NA,NA,NA,NA,NA,NA,NA,NA,NA,NA,NA,NA,NA,NA,NA,NA,NA,NA,NA,NA,NA,NA,NA,NA,NA,NA,NA,0,0,1,0,0,0
00-0034791,Nick Chubb,RB,2018,22.680355920602327,0,71,227,4.52,38.5,128,7.09,4.25,108.76824311188949,31.656615750843088,0.44556469282600136,2,35,-3.58351893845611,NA,NA,NA,NA,NA,NA,NA,NA,NA,NA,NA,NA,NA,NA,NA,NA,NA,NA,NA,NA,NA,NA,NA,NA,NA,NA,NA,NA,NA,NA,NA,NA,NA,0,0,1,16,184.50000000000003,11.531250000000002
00-0032115,Kaelin Clay,WR,2015,23.66324435318275,0,70,195,4.51,33,113,6.97,4.26,94.26672941992533,27.976530612244897,-1.004066260552459,6,184,-5.220355825078325,NA,NA,NA,NA,NA,NA,NA,NA,NA,NA,NA,NA,NA,NA,NA,NA,NA,NA,NA,NA,NA,NA,NA,NA,NA,NA,NA,NA,NA,NA,NA,NA,NA,0,0,1,7,0,0
00-0036326,Chase Claypool,WR,2020,22.154688569472963,0,76,238,4.42,40.5,126,NA,NA,124.71476575007277,28.967105263157894,1.2308937619553906,2,49,-3.912023005428146,NA,NA,NA,NA,NA,NA,NA,NA,NA,NA,NA,NA,NA,NA,NA,NA,NA,NA,NA,NA,NA,NA,NA,NA,NA,NA,NA,NA,NA,NA,NA,NA,NA,0,0,1,16,185.9,11.61875
00-0036439,Tyrie Cleveland,WR,2020,22.94866529774127,0,74,209,4.46,39.5,126,NA,NA,105.64205650925143,26.83108108108108,0.42236394914570635,7,252,-5.53338948872752,NA,NA,NA,NA,NA,NA,NA,NA,NA,NA,NA,NA,NA,NA,NA,NA,NA,NA,NA,NA,NA,NA,NA,NA,NA,NA,NA,NA,NA,NA,NA,NA,NA,0,0,1,7,9.3,1.3285714285714287
00-0038391,Sean Clifford,QB,2023,25.13347022587269,0,NA,NA,NA,NA,NA,NA,NA,NA,NA,NA,5,149,-5.0106352940962555,NA,NA,NA,NA,NA,NA,NA,NA,NA,NA,NA,NA,NA,NA,NA,NA,NA,NA,NA,NA,NA,NA,NA,NA,NA,NA,NA,NA,NA,NA,NA,NA,NA,0,1,1,2,1.28,0.64
00-0032166,Sammie Coates,WR,2015,22.420260095824776,0,73,212,4.43,41,131,6.98,4.06,110.09078075109203,27.96697316569713,0.8308122935033734,3,87,-4.477336814478207,NA,NA,NA,NA,NA,NA,NA,NA,NA,NA,NA,NA,NA,NA,NA,NA,NA,NA,NA,NA,NA,NA,NA,NA,NA,NA,NA,NA,NA,NA,NA,NA,NA,0,0,1,1,1.6,1.6
00-0032133,David Cobb,RB,2015,22.245037645448324,0,71,229,4.81,38.5,121,NA,NA,85.56283631116288,31.93552866494743,0.11070554216014228,5,138,-4.9344739331306915,NA,NA,NA,NA,NA,NA,NA,NA,NA,NA,NA,NA,NA,NA,NA,NA,NA,NA,NA,NA,NA,NA,NA,NA,NA,NA,NA,NA,NA,NA,NA,NA,NA,0,0,1,7,20.900000000000002,2.985714285714286
00-0033556,Tarik Cohen,RB,2017,22.102669404517453,0,66,179,4.42,31.5,118,NA,NA,93.79808012295389,28.888200183654728,-0.6175084893618508,4,119,-4.787491742782046,NA,NA,NA,NA,NA,NA,NA,NA,NA,NA,NA,NA,NA,NA,NA,NA,NA,NA,NA,NA,NA,NA,NA,NA,NA,NA,NA,NA,NA,NA,NA,NA,NA,0,0,1,16,119.64000000000001,7.477500000000001
00-0032966,Corey Coleman,WR,2016,22.157426420260094,0,71,194,4.42,40.5,129,NA,NA,101.65825443493327,27.054552668121403,1.1261959147407272,1,15,-2.772588722239781,NA,NA,NA,NA,NA,NA,NA,NA,NA,NA,NA,NA,NA,NA,NA,NA,NA,NA,NA,NA,NA,NA,NA,NA,NA,NA,NA,NA,NA,NA,NA,NA,NA,0,0,1,10,76.80000000000001,7.6800000000000015
00-0039901,Keon Coleman,WR,2024,21.295003422313485,1,75,213,4.61,38,127,NA,NA,94.32045726391355,26.620266666666666,-0.26378434860950534,2,33,-3.5263605246161616,NA,NA,NA,NA,NA,NA,NA,NA,NA,NA,NA,NA,NA,NA,NA,NA,NA,NA,NA,NA,NA,NA,NA,NA,NA,NA,NA,NA,NA,NA,NA,NA,NA,0,0,1,13,95,7.3076923076923075
00-0032058,Tevin Coleman,RB,2015,22.376454483230663,0,71,206,4.4,NA,NA,NA,NA,109.92247797281601,28.728030152747472,1.1776172389223483,3,73,-4.304065093204169,NA,NA,NA,NA,NA,NA,NA,NA,NA,NA,NA,NA,NA,NA,NA,NA,NA,NA,NA,NA,NA,NA,NA,NA,NA,NA,NA,NA,NA,NA,NA,NA,NA,0,0,1,12,41.6,3.466666666666667
00-0033968,Stacy Coley,WR,2017,23.304585900068446,0,73,195,4.45,34,122,NA,NA,99.45452856871975,25.724338525051603,-0.23964959804129968,7,219,-5.393627546352361,NA,NA,NA,NA,NA,NA,NA,NA,NA,NA,NA,NA,NA,NA,NA,NA,NA,NA,NA,NA,NA,NA,NA,NA,NA,NA,NA,NA,NA,NA,NA,NA,NA,0,0,1,2,0,0
00-0032426,Alex Collins,RB,2016,22.017796030116358,0,70,217,4.59,28.5,113,NA,NA,97.7775131584837,31.132857142857144,-1.3368623825024522,5,171,-5.147494476813453,NA,NA,NA,NA,NA,NA,NA,NA,NA,NA,NA,NA,NA,NA,NA,NA,NA,NA,NA,NA,NA,NA,NA,NA,NA,NA,NA,NA,NA,NA,NA,NA,NA,0,0,1,9,30.4,3.3777777777777778
00-0036554,Nico Collins,WR,2021,22.455852156057496,0,76,215,4.43,37.5,125,6.78,4.29,111.6486691579471,26.167763157894736,0.36772660755910813,3,89,-4.499809670330265,NA,NA,NA,NA,NA,NA,NA,NA,NA,NA,NA,NA,NA,NA,NA,NA,NA,NA,NA,NA,NA,NA,NA,NA,NA,NA,NA,NA,NA,NA,NA,NA,NA,0,0,1,14,67.1,4.792857142857143
00-0034270,Tyler Conklin,TE,2018,23.091033538672143,0,75,254,4.8,38,120,7.13,4.23,95.69709683641976,31.744355555555554,0.3047485667903199,5,157,-5.062595033026967,NA,NA,NA,NA,NA,NA,NA,NA,NA,NA,NA,NA,NA,NA,NA,NA,NA,NA,NA,NA,NA,NA,NA,NA,NA,NA,NA,NA,NA,NA,NA,NA,NA,0,0,1,4,10.2,2.55
00-0032128,Chris Conley,WR,2015,22.850102669404517,0,74,213,4.35,45,139,7.06,4.3,118.97413920089494,27.344594594594593,1.0244460763462033,3,76,-4.343805421853684,NA,NA,NA,NA,NA,NA,NA,NA,NA,NA,NA,NA,NA,NA,NA,NA,NA,NA,NA,NA,NA,NA,NA,NA,NA,NA,NA,NA,NA,NA,NA,NA,NA,0,0,1,12,34.400000000000006,2.866666666666667
00-0033553,James Conner,RB,2017,22.327173169062284,0,73,233,4.65,29,113,NA,NA,99.67221396811696,30.73728654531807,-0.9235617354674762,3,105,-4.663439094112067,NA,NA,NA,NA,NA,NA,NA,NA,NA,NA,NA,NA,NA,NA,NA,NA,NA,NA,NA,NA,NA,NA,NA,NA,NA,NA,NA,NA,NA,NA,NA,NA,NA,0,0,1,12,14.4,1.2
00-0037265,Snoop Conner,RB,2022,22.083504449007528,0,70,222,4.59,29.5,118,NA,NA,100.030451249693,31.850204081632654,-0.8871690137619447,5,154,-5.043425116919247,NA,NA,NA,NA,NA,NA,NA,NA,NA,NA,NA,NA,NA,NA,NA,NA,NA,NA,NA,NA,NA,NA,NA,NA,NA,NA,NA,NA,NA,NA,NA,NA,NA,0,0,1,5,10.2,2.04
00-0032893,Connor Cook,QB,2016,23.589322381930184,0,76,217,4.79,33,113,7.21,4.28,82.4418399473625,26.411184210526315,0.10872274233029154,4,100,-4.61512051684126,NA,NA,NA,NA,NA,NA,NA,NA,NA,NA,NA,NA,NA,NA,NA,NA,NA,NA,NA,NA,NA,NA,NA,NA,NA,NA,NA,NA,NA,NA,NA,NA,NA,0,0,1,1,8,8
00-0033893,Dalvin Cook,RB,2017,22.06160164271047,0,70,210,4.49,30.5,116,7.27,4.53,103.33892189968718,30.12857142857143,-0.6807287600543682,2,41,-3.7376696182833684,NA,NA,NA,NA,NA,NA,NA,NA,NA,NA,NA,NA,NA,NA,NA,NA,NA,NA,NA,NA,NA,NA,NA,NA,NA,NA,NA,NA,NA,NA,NA,NA,NA,0,0,1,4,59.9,14.975
00-0037248,James Cook,RB,2022,22.934976043805612,0,71,199,4.42,33,124,NA,NA,104.27831253892639,27.751834953382264,0.19600162056744233,2,63,-4.1588830833596715,NA,NA,NA,NA,NA,NA,NA,NA,NA,NA,NA,NA,NA,NA,NA,NA,NA,NA,NA,NA,NA,NA,NA,NA,NA,NA,NA,NA,NA,NA,NA,NA,NA,0,0,1,16,95.2,5.95
00-0031236,Brandin Cooks,WR,2014,20.933607118412045,1,70,189,4.33,36,120,6.76,3.81,107.53261679026669,27.115714285714287,0.6310000552264873,1,20,-3.044522437723423,NA,NA,NA,NA,NA,NA,NA,NA,NA,NA,NA,NA,NA,NA,NA,NA,NA,NA,NA,NA,NA,NA,NA,NA,NA,NA,NA,NA,NA,NA,NA,NA,NA,0,0,1,10,112.8,11.28
00-0031544,Amari Cooper,WR,2015,21.207392197125255,1,73,211,4.42,33,120,6.71,3.98,110.5664519885099,27.835053480953274,0.42422851456493355,1,4,-1.6094379124341003,NA,NA,NA,NA,NA,NA,NA,NA,NA,NA,NA,NA,NA,NA,NA,NA,NA,NA,NA,NA,NA,NA,NA,NA,NA,NA,NA,NA,NA,NA,NA,NA,NA,0,0,1,16,178.7,11.16875
00-0033111,Pharoh Cooper,WR,2016,21.489390828199863,1,71,203,4.52,31,115,NA,NA,97.26851696790116,28.309660781590953,-0.8719373250564687,4,117,-4.770684624465665,NA,NA,NA,NA,NA,NA,NA,NA,NA,NA,NA,NA,NA,NA,NA,NA,NA,NA,NA,NA,NA,NA,NA,NA,NA,NA,NA,NA,NA,NA,NA,NA,NA,0,0,1,9,15.600000000000001,1.7333333333333334
00-0032795,Cody Core,WR,2016,22.376454483230663,0,75,205,4.47,31.5,119,NA,NA,102.6960558052177,25.620444444444445,-0.3768945914093847,6,199,-5.298317366548036,NA,NA,NA,NA,NA,NA,NA,NA,NA,NA,NA,NA,NA,NA,NA,NA,NA,NA,NA,NA,NA,NA,NA,NA,NA,NA,NA,NA,NA,NA,NA,NA,NA,0,0,1,7,28.5,4.071428571428571
00-0039920,Malachi Corley,WR,2024,22.45037645448323,0,71,215,NA,NA,NA,NA,NA,NA,29.983138266217022,NA,3,65,-4.189654742026425,NA,NA,NA,NA,NA,NA,NA,NA,NA,NA,NA,NA,NA,NA,NA,NA,NA,NA,NA,NA,NA,NA,NA,NA,NA,NA,NA,NA,NA,NA,NA,NA,NA,0,1,1,5,3.6999999999999993,0.7399999999999999
00-0038132,Matt Corral,QB,2022,23.583846680355922,0,74,212,NA,NA,NA,NA,NA,NA,27.216216216216218,NA,3,94,-4.553876891600541,NA,NA,NA,NA,NA,NA,NA,NA,NA,NA,NA,NA,NA,NA,NA,NA,NA,NA,NA,NA,NA,NA,NA,NA,NA,NA,NA,NA,NA,NA,NA,NA,NA,0,1,1,0,0,0
00-0039738,Blake Corum,RB,2024,23.76728268309377,0,68,205,4.53,35.5,NA,6.82,4.12,97.36235020407359,31.16673875432526,-0.05870584349824103,3,83,-4.430816798843313,NA,NA,NA,NA,NA,NA,NA,NA,NA,NA,NA,NA,NA,NA,NA,NA,NA,NA,NA,NA,NA,NA,NA,NA,NA,NA,NA,NA,NA,NA,NA,NA,NA,0,0,1,15,30.000000000000004,2.0000000000000004
00-0036308,Isaiah Coulter,WR,2020,21.95482546201232,0,74,198,4.45,36,121,7.28,4.62,100.98459823900775,25.41891891891892,-0.7462484963884412,5,171,-5.147494476813453,NA,NA,NA,NA,NA,NA,NA,NA,NA,NA,NA,NA,NA,NA,NA,NA,NA,NA,NA,NA,NA,NA,NA,NA,NA,NA,NA,NA,NA,NA,NA,NA,NA,0,0,1,0,0,0
00-0034366,Keke Coutee,WR,2018,21.6290212183436,1,70,181,4.43,34.5,113,6.93,4.15,93.9926005469229,25.967959183673468,-0.3598094807386218,4,103,-4.6443908991413725,NA,NA,NA,NA,NA,NA,NA,NA,NA,NA,NA,NA,NA,NA,NA,NA,NA,NA,NA,NA,NA,NA,NA,NA,NA,NA,NA,NA,NA,NA,NA,NA,NA,0,0,1,6,48.7,8.116666666666667
00-0039365,Jacob Cowing,WR,2024,23.572895277207394,0,68,168,4.38,36,119,7.02,4.32,91.29412601972751,25.541522491349482,-1.171712915588639,4,135,-4.912654885736052,NA,NA,NA,NA,NA,NA,NA,NA,NA,NA,NA,NA,NA,NA,NA,NA,NA,NA,NA,NA,NA,NA,NA,NA,NA,NA,NA,NA,NA,NA,NA,NA,NA,0,0,1,15,10.7,0.7133333333333333
00-0035310,Chandler Cox,RB,2019,23.091033538672143,0,NA,NA,NA,NA,NA,NA,NA,NA,NA,NA,7,233,-5.455321115357702,NA,NA,NA,NA,NA,NA,NA,NA,NA,NA,NA,NA,NA,NA,NA,NA,NA,NA,NA,NA,NA,NA,NA,NA,NA,NA,NA,NA,NA,NA,NA,NA,NA,0,1,1,0,0,0
00-0030128,Michael Cox,RB,2013,24.79671457905544,0,NA,NA,NA,NA,NA,NA,NA,NA,NA,NA,7,253,-5.537334267018537,NA,NA,NA,NA,NA,NA,NA,NA,NA,NA,NA,NA,NA,NA,NA,NA,NA,NA,NA,NA,NA,NA,NA,NA,NA,NA,NA,NA,NA,NA,NA,NA,NA,0,1,1,11,7,0.6363636363636364
00-0040242,Jacory Croskey-Merritt,RB,2025,24.38877481177276,0,NA,NA,NA,NA,NA,NA,NA,NA,NA,NA,7,245,-5.5053315359323625,NA,NA,NA,NA,NA,NA,NA,NA,NA,NA,NA,NA,NA,NA,NA,NA,NA,NA,NA,NA,NA,NA,NA,NA,NA,NA,NA,NA,NA,NA,NA,NA,NA,0,1,1,17,135.8,7.988235294117648
00-0031941,Jamison Crowder,WR,2015,22.206707734428473,0,68,185,4.56,37,115,7.17,4.32,85.57410258866025,28.126081314878892,-1.2225064264265986,4,105,-4.663439094112067,NA,NA,NA,NA,NA,NA,NA,NA,NA,NA,NA,NA,NA,NA,NA,NA,NA,NA,NA,NA,NA,NA,NA,NA,NA,NA,NA,NA,NA,NA,NA,NA,NA,0,0,1,16,102.10000000000001,6.3812500000000005
00-0039754,Devin Culp,TE,2024,24.580424366872005,0,75,231,4.47,NA,NA,NA,NA,115.72092141953799,28.869866666666667,1.334371898922321,7,246,-5.5093883366279774,NA,NA,NA,NA,NA,NA,NA,NA,NA,NA,NA,NA,NA,NA,NA,NA,NA,NA,NA,NA,NA,NA,NA,NA,NA,NA,NA,NA,NA,NA,NA,NA,NA,0,0,1,2,11.3,5.65
00-0030129,Justice Cunningham,TE,2013,22.63107460643395,0,75,258,4.94,31.5,116,7.12,4.45,86.64468076385434,32.24426666666667,-0.3404507270553327,7,254,-5.541263545158426,NA,NA,NA,NA,NA,NA,NA,NA,NA,NA,NA,NA,NA,NA,NA,NA,NA,NA,NA,NA,NA,NA,NA,NA,NA,NA,NA,NA,NA,NA,NA,NA,NA,0,0,1,1,0.9,0.9
00-0036425,DeeJay Dallas,RB,2020,21.960301163586585,0,70,217,4.58,33.5,119,7.18,4.32,98.63426609799428,31.132857142857144,-0.5530251340348129,4,144,-4.976733742420574,NA,NA,NA,NA,NA,NA,NA,NA,NA,NA,NA,NA,NA,NA,NA,NA,NA,NA,NA,NA,NA,NA,NA,NA,NA,NA,NA,NA,NA,NA,NA,NA,NA,0,0,1,9,48.400000000000006,5.377777777777778
00-0030120,B.J. Daniels,WR,2013,23.854893908281998,0,NA,NA,NA,NA,NA,NA,NA,NA,NA,NA,7,237,-5.472270673671475,NA,NA,NA,NA,NA,NA,NA,NA,NA,NA,NA,NA,NA,NA,NA,NA,NA,NA,NA,NA,NA,NA,NA,NA,NA,NA,NA,NA,NA,NA,NA,NA,NA,0,1,1,0,0,0
00-0039910,Jayden Daniels,QB,2024,23.704312114989733,0,76,210,NA,NA,NA,NA,NA,NA,25.55921052631579,NA,1,2,-1.0986122886681096,NA,NA,NA,NA,NA,NA,NA,NA,NA,NA,NA,NA,NA,NA,NA,NA,NA,NA,NA,NA,NA,NA,NA,NA,NA,NA,NA,NA,NA,NA,NA,NA,NA,0,1,1,17,349.82,20.57764705882353
00-0033937,Amara Darboh,WR,2017,23.581108829568787,0,74,214,4.45,36,124,NA,NA,109.14496981387705,27.472972972972972,0.44754842749549845,3,106,-4.672828834461906,NA,NA,NA,NA,NA,NA,NA,NA,NA,NA,NA,NA,NA,NA,NA,NA,NA,NA,NA,NA,NA,NA,NA,NA,NA,NA,NA,NA,NA,NA,NA,NA,NA,0,0,1,8,11.100000000000001,1.3875000000000002
00-0036951,Frank Darby,WR,2021,23.980835044490075,0,72,201,4.56,34.5,117,7.05,4.25,92.97510605578763,27.25752314814815,-0.6680003806706509,6,187,-5.236441962829949,NA,NA,NA,NA,NA,NA,NA,NA,NA,NA,NA,NA,NA,NA,NA,NA,NA,NA,NA,NA,NA,NA,NA,NA,NA,NA,NA,NA,NA,NA,NA,NA,NA,0,0,1,4,1.9000000000000001,0.47500000000000003
00-0036877,Jaelon Darden,WR,2021,22.63107460643395,0,67,174,4.47,35.5,122,6.66,3.98,87.16640834198965,27.249276008019603,0.2724411529721723,4,129,-4.867534450455582,NA,NA,NA,NA,NA,NA,NA,NA,NA,NA,NA,NA,NA,NA,NA,NA,NA,NA,NA,NA,NA,NA,NA,NA,NA,NA,NA,NA,NA,NA,NA,NA,NA,0,0,1,9,8.399999999999999,0.9333333333333331
00-0034869,Sam Darnold,QB,2018,21.240246406570844,1,75,221,4.85,26.5,105,6.96,4.4,79.88317447195807,27.62008888888889,-0.39014021037970653,1,3,-1.3862943611198906,NA,NA,NA,NA,NA,NA,NA,NA,NA,NA,NA,NA,NA,NA,NA,NA,NA,NA,NA,NA,NA,NA,NA,NA,NA,NA,NA,NA,NA,NA,NA,NA,NA,0,0,1,13,170.10000000000002,13.084615384615386
00-0040691,Jaxson Dart,QB,2025,22.305270362765228,0,74,223,NA,NA,NA,NA,NA,NA,28.62837837837838,NA,1,25,-3.258096538021482,NA,NA,NA,NA,NA,NA,NA,NA,NA,NA,NA,NA,NA,NA,NA,NA,NA,NA,NA,NA,NA,NA,NA,NA,NA,NA,NA,NA,NA,NA,NA,NA,NA,0,1,1,14,241.57999999999998,17.255714285714284
00-0036640,Zach Davidson,TE,2021,23.132101300479125,0,78,245,4.58,37.5,117,6.95,4.19,111.36126817515485,28.309500328731097,0.5931262057626576,5,168,-5.1298987149230735,NA,NA,NA,NA,NA,NA,NA,NA,NA,NA,NA,NA,NA,NA,NA,NA,NA,NA,NA,NA,NA,NA,NA,NA,NA,NA,NA,NA,NA,NA,NA,NA,NA,0,0,1,0,0,0
00-0033871,Corey Davis,WR,2017,22.639288158795345,0,75,209,NA,NA,NA,NA,NA,NA,26.120355555555555,NA,1,5,-1.791759469228055,NA,NA,NA,NA,NA,NA,NA,NA,NA,NA,NA,NA,NA,NA,NA,NA,NA,NA,NA,NA,NA,NA,NA,NA,NA,NA,NA,NA,NA,NA,NA,NA,NA,0,1,1,11,54.5,4.954545454545454
00-0038573,Derius Davis,WR,2023,22.97056810403833,0,68,165,4.36,NA,NA,NA,4.38,91.32043736387298,25.085423875432525,-0.7992584036619146,4,125,-4.836281906951478,NA,NA,NA,NA,NA,NA,NA,NA,NA,NA,NA,NA,NA,NA,NA,NA,NA,NA,NA,NA,NA,NA,NA,NA,NA,NA,NA,NA,NA,NA,NA,NA,NA,0,0,1,17,24.200000000000003,1.4235294117647062
00-0036196,Gabe Davis,WR,2020,21.505817932922657,1,74,216,4.54,35,124,7.08,4.59,101.68580600610686,27.72972972972973,-0.4251109123474147,4,128,-4.859812404361672,NA,NA,NA,NA,NA,NA,NA,NA,NA,NA,NA,NA,NA,NA,NA,NA,NA,NA,NA,NA,NA,NA,NA,NA,NA,NA,NA,NA,NA,NA,NA,NA,NA,0,0,1,16,119.4,7.4625
00-0031953,Geremy Davis,WR,2015,23.641341546885695,0,74,216,4.49,36.5,124,6.86,4.18,106.29146252539253,27.72972972972973,0.14907959388792597,6,186,-5.231108616854587,NA,NA,NA,NA,NA,NA,NA,NA,NA,NA,NA,NA,NA,NA,NA,NA,NA,NA,NA,NA,NA,NA,NA,NA,NA,NA,NA,NA,NA,NA,NA,NA,NA,0,0,1,5,3.1,0.62
00-0039798,Isaiah Davis,RB,2024,22.527036276522928,0,72,218,4.57,34.5,119,NA,NA,99.95895079994855,29.562885802469136,-0.4224916172462828,5,173,-5.159055299214529,NA,NA,NA,NA,NA,NA,NA,NA,NA,NA,NA,NA,NA,NA,NA,NA,NA,NA,NA,NA,NA,NA,NA,NA,NA,NA,NA,NA,NA,NA,NA,NA,NA,0,0,1,13,41.400000000000006,3.184615384615385
00-0030280,Knile Davis,RB,2013,21.908281998631075,0,71,227,4.37,33.5,121,6.96,4.38,124.48874965433288,31.656615750843088,0.4335504337054016,3,96,-4.574710978503383,NA,NA,NA,NA,NA,NA,NA,NA,NA,NA,NA,NA,NA,NA,NA,NA,NA,NA,NA,NA,NA,NA,NA,NA,NA,NA,NA,NA,NA,NA,NA,NA,NA,0,0,1,16,59.2,3.7
00-0032063,Mike Davis,RB,2015,22.529774127310063,0,69,217,4.61,34,116,7,4.18,96.0917334566631,32.041797941608905,0.10340236695796347,4,126,-4.844187086458591,NA,NA,NA,NA,NA,NA,NA,NA,NA,NA,NA,NA,NA,NA,NA,NA,NA,NA,NA,NA,NA,NA,NA,NA,NA,NA,NA,NA,NA,NA,NA,NA,NA,0,0,1,5,13.100000000000001,2.62
00-0039875,Ray Davis,RB,2024,24.78302532511978,0,NA,NA,NA,NA,NA,NA,NA,NA,NA,NA,4,128,-4.859812404361672,NA,NA,NA,NA,NA,NA,NA,NA,NA,NA,NA,NA,NA,NA,NA,NA,NA,NA,NA,NA,NA,NA,NA,NA,NA,NA,NA,NA,NA,NA,NA,NA,NA,0,1,1,17,107.60000000000001,6.329411764705883
00-0033530,Robert Davis,WR,2017,22.417522245037645,0,75,219,4.44,41,136,6.82,4.28,112.70475260762112,27.37013333333333,0.9939563387300268,6,209,-5.3471075307174685,NA,NA,NA,NA,NA,NA,NA,NA,NA,NA,NA,NA,NA,NA,NA,NA,NA,NA,NA,NA,NA,NA,NA,NA,NA,NA,NA,NA,NA,NA,NA,NA,NA,0,0,1,0,0,0
00-0032423,Trevor Davis,WR,2016,23.16221765913758,0,73,188,4.42,38.5,124,6.6,4.22,98.51418471014152,24.800900731844624,0.6915489619107751,5,163,-5.099866427824199,NA,NA,NA,NA,NA,NA,NA,NA,NA,NA,NA,NA,NA,NA,NA,NA,NA,NA,NA,NA,NA,NA,NA,NA,NA,NA,NA,NA,NA,NA,NA,NA,NA,0,0,1,8,9.9,1.2375
00-0036250,Tyler Davis,TE,2020,23.416837782340863,0,NA,NA,NA,NA,NA,NA,NA,NA,NA,NA,6,206,-5.332718793265369,NA,NA,NA,NA,NA,NA,NA,NA,NA,NA,NA,NA,NA,NA,NA,NA,NA,NA,NA,NA,NA,NA,NA,NA,NA,NA,NA,NA,NA,NA,NA,NA,NA,0,1,1,1,0,0
00-0037827,Tyrion Davis-Price,RB,2022,21.856262833675565,0,72,211,4.48,30,117,NA,NA,104.76118323704637,28.613618827160494,-0.7354443982714033,3,93,-4.543294782270004,NA,NA,NA,NA,NA,NA,NA,NA,NA,NA,NA,NA,NA,NA,NA,NA,NA,NA,NA,NA,NA,NA,NA,NA,NA,NA,NA,NA,NA,NA,NA,NA,NA,0,0,1,5,9.9,1.98
00-0033596,Matt Dayes,RB,2017,22.99520876112252,0,69,205,4.47,28,109,NA,NA,102.6960558052177,30.269901281243435,-1.1384810327631316,7,252,-5.53338948872752,NA,NA,NA,NA,NA,NA,NA,NA,NA,NA,NA,NA,NA,NA,NA,NA,NA,NA,NA,NA,NA,NA,NA,NA,NA,NA,NA,NA,NA,NA,NA,NA,NA,0,0,1,13,6.2,0.47692307692307695
00-0033080,Seth DeValve,TE,2016,23.589322381930184,0,NA,NA,NA,NA,NA,NA,NA,NA,NA,NA,4,138,-4.9344739331306915,NA,NA,NA,NA,NA,NA,NA,NA,NA,NA,NA,NA,NA,NA,NA,NA,NA,NA,NA,NA,NA,NA,NA,NA,NA,NA,NA,NA,NA,NA,NA,NA,NA,0,1,1,8,29.700000000000003,3.7125000000000004
00-0032121,Andre Debose,WR,2015,24.969199178644764,0,NA,NA,NA,NA,NA,NA,NA,NA,NA,NA,7,221,-5.402677381872279,NA,NA,NA,NA,NA,NA,NA,NA,NA,NA,NA,NA,NA,NA,NA,NA,NA,NA,NA,NA,NA,NA,NA,NA,NA,NA,NA,NA,NA,NA,NA,NA,NA,0,1,1,0,0,0
00-0036332,Josiah Deguara,TE,2020,23.54551676933607,0,74,242,4.72,35.5,115,7.15,4.35,97.51633420841387,31.06756756756757,0.05903031456459947,3,94,-4.553876891600541,NA,NA,NA,NA,NA,NA,NA,NA,NA,NA,NA,NA,NA,NA,NA,NA,NA,NA,NA,NA,NA,NA,NA,NA,NA,NA,NA,NA,NA,NA,NA,NA,NA,0,0,1,1,1.7000000000000002,1.7000000000000002
00-0038977,Tank Dell,WR,2023,23.84120465434634,0,68,165,4.49,NA,121,NA,NA,81.19486720689707,25.085423875432525,-1.5141404641030451,3,69,-4.248495242049359,NA,NA,NA,NA,NA,NA,NA,NA,NA,NA,NA,NA,NA,NA,NA,NA,NA,NA,NA,NA,NA,NA,NA,NA,NA,NA,NA,NA,NA,NA,NA,NA,NA,0,0,1,10,141.5,14.15
00-0031609,A.J. Derby,TE,2015,23.94798083504449,0,76,255,4.72,NA,NA,NA,NA,102.75481497167577,31.036184210526315,0.6467074818445548,6,202,-5.313205979041787,NA,NA,NA,NA,NA,NA,NA,NA,NA,NA,NA,NA,NA,NA,NA,NA,NA,NA,NA,NA,NA,NA,NA,NA,NA,NA,NA,NA,NA,NA,NA,NA,NA,0,0,1,0,0,0
00-0036384,Ben DiNucci,QB,2020,23.770020533880903,0,NA,NA,NA,NA,NA,NA,NA,NA,NA,NA,7,231,-5.44673737166631,NA,NA,NA,NA,NA,NA,NA,NA,NA,NA,NA,NA,NA,NA,NA,NA,NA,NA,NA,NA,NA,NA,NA,NA,NA,NA,NA,NA,NA,NA,NA,NA,NA,0,1,1,2,10.96,5.48
00-0031588,Stefon Diggs,WR,2015,21.754962354551676,0,72,195,4.46,35,115,7.03,4.32,98.56555511628723,26.44386574074074,-0.8986244064937735,5,146,-4.990432586778736,NA,NA,NA,NA,NA,NA,NA,NA,NA,NA,NA,NA,NA,NA,NA,NA,NA,NA,NA,NA,NA,NA,NA,NA,NA,NA,NA,NA,NA,NA,NA,NA,NA,0,0,1,13,123.3,9.484615384615385
00-0040705,Chimere Dike,WR,2025,23.71526351813826,0,73,196,4.34,38.5,128,6.82,4.27,110.49106227853034,25.85625820979546,0.187873982020339,4,103,-4.6443908991413725,NA,NA,NA,NA,NA,NA,NA,NA,NA,NA,NA,NA,NA,NA,NA,NA,NA,NA,NA,NA,NA,NA,NA,NA,NA,NA,NA,NA,NA,NA,NA,NA,NA,0,0,1,17,92.10000000000001,5.41764705882353
00-0036265,AJ Dillon,RB,2020,22.33538672142368,0,72,247,4.53,41,131,7.19,NA,117.30975853856671,33.49556327160494,1.1541482217247192,2,62,-4.143134726391533,NA,NA,NA,NA,NA,NA,NA,NA,NA,NA,NA,NA,NA,NA,NA,NA,NA,NA,NA,NA,NA,NA,NA,NA,NA,NA,NA,NA,NA,NA,NA,NA,NA,0,0,1,9,39.300000000000004,4.366666666666667
00-0034159,Will Dissly,TE,2018,22.1492128678987,0,76,262,4.87,28,111,7.07,4.4,93.15698883006675,31.888157894736842,-0.7168441815155445,4,120,-4.795790545596741,NA,NA,NA,NA,NA,NA,NA,NA,NA,NA,NA,NA,NA,NA,NA,NA,NA,NA,NA,NA,NA,NA,NA,NA,NA,NA,NA,NA,NA,NA,NA,NA,NA,0,0,1,4,31.6,7.9
00-0032411,Kenneth Dixon,RB,2016,22.611909650924023,0,70,215,4.56,37.5,121,6.97,4.28,99.45098408952408,30.84591836734694,0.12625218359089088,4,134,-4.90527477843843,NA,NA,NA,NA,NA,NA,NA,NA,NA,NA,NA,NA,NA,NA,NA,NA,NA,NA,NA,NA,NA,NA,NA,NA,NA,NA,NA,NA,NA,NA,NA,NA,NA,0,0,1,12,87.4,7.283333333333334
00-0036578,Gerrid Doaks,RB,2021,23.23066392881588,0,71,228,4.58,39.5,120,7.2,4.27,103.6341597711645,31.796072207895257,0.12898639208621498,7,244,-5.501258210544727,NA,NA,NA,NA,NA,NA,NA,NA,NA,NA,NA,NA,NA,NA,NA,NA,NA,NA,NA,NA,NA,NA,NA,NA,NA,NA,NA,NA,NA,NA,NA,NA,NA,0,0,1,0,0,0
00-0036158,J.K. Dobbins,RB,2020,21.70841889117043,1,69,209,NA,NA,NA,NA,NA,NA,30.86053350136526,NA,2,55,-4.02535169073515,NA,NA,NA,NA,NA,NA,NA,NA,NA,NA,NA,NA,NA,NA,NA,NA,NA,NA,NA,NA,NA,NA,NA,NA,NA,NA,NA,NA,NA,NA,NA,NA,NA,0,1,1,15,155.5,10.366666666666667
00-0033949,Joshua Dobbs,QB,2017,22.598220396988363,0,75,216,4.64,33,122,6.75,4.31,93.19912276733011,26.9952,0.8823117487805646,4,135,-4.912654885736052,NA,NA,NA,NA,NA,NA,NA,NA,NA,NA,NA,NA,NA,NA,NA,NA,NA,NA,NA,NA,NA,NA,NA,NA,NA,NA,NA,NA,NA,NA,NA,NA,NA,0,0,1,0,0,0
00-0030540,Aaron Dobson,WR,2013,22.11088295687885,0,75,210,4.37,NA,NA,NA,NA,115.16580364497754,26.245333333333335,1.9230946876032127,2,59,-4.0943445622221,NA,NA,NA,NA,NA,NA,NA,NA,NA,NA,NA,NA,NA,NA,NA,NA,NA,NA,NA,NA,NA,NA,NA,NA,NA,NA,NA,NA,NA,NA,NA,NA,NA,0,0,1,11,94.4,8.581818181818182
00-0032760,Josh Doctson,WR,2016,23.745379876796715,0,74,202,4.5,41,131,6.84,4.08,98.52156683432403,25.93243243243243,1.0676002009347145,1,22,-3.1354942159291497,NA,NA,NA,NA,NA,NA,NA,NA,NA,NA,NA,NA,NA,NA,NA,NA,NA,NA,NA,NA,NA,NA,NA,NA,NA,NA,NA,NA,NA,NA,NA,NA,NA,0,0,1,2,7.6000000000000005,3.8000000000000003
00-0032208,Phillip Dorsett,WR,2015,22.652977412731005,0,70,185,4.33,37,122,6.7,4.11,105.2567942126949,26.541836734693877,0.41654919380612715,1,29,-3.4011973816621555,NA,NA,NA,NA,NA,NA,NA,NA,NA,NA,NA,NA,NA,NA,NA,NA,NA,NA,NA,NA,NA,NA,NA,NA,NA,NA,NA,NA,NA,NA,NA,NA,NA,0,0,1,11,39.2,3.563636363636364
00-0030116,Kevin Dorsey,WR,2013,23.520876112251884,0,NA,NA,NA,NA,NA,NA,NA,NA,NA,NA,7,224,-5.41610040220442,NA,NA,NA,NA,NA,NA,NA,NA,NA,NA,NA,NA,NA,NA,NA,NA,NA,NA,NA,NA,NA,NA,NA,NA,NA,NA,NA,NA,NA,NA,NA,NA,NA,0,1,1,0,0,0
00-0037741,Jahan Dotson,WR,2022,22.444900752908968,0,71,178,4.43,36,121,7.28,NA,92.43471214006783,24.82324935528665,-0.6295400557727626,1,16,-2.833213344056216,NA,NA,NA,NA,NA,NA,NA,NA,NA,NA,NA,NA,NA,NA,NA,NA,NA,NA,NA,NA,NA,NA,NA,NA,NA,NA,NA,NA,NA,NA,NA,NA,NA,0,0,1,12,111.10000000000001,9.258333333333335
00-0037816,Romeo Doubs,WR,2022,22.38466803559206,0,74,201,NA,NA,NA,NA,NA,NA,25.804054054054053,NA,4,132,-4.890349128221754,NA,NA,NA,NA,NA,NA,NA,NA,NA,NA,NA,NA,NA,NA,NA,NA,NA,NA,NA,NA,NA,NA,NA,NA,NA,NA,NA,NA,NA,NA,NA,NA,NA,0,1,1,13,82.6,6.3538461538461535
00-0032446,Brandon Doughty,QB,2016,24.906228610540726,0,75,213,5.22,27,103,7.49,4.52,57.37564583376492,26.620266666666666,-1.7439935374734583,7,223,-5.4116460518550396,NA,NA,NA,NA,NA,NA,NA,NA,NA,NA,NA,NA,NA,NA,NA,NA,NA,NA,NA,NA,NA,NA,NA,NA,NA,NA,NA,NA,NA,NA,NA,NA,NA,0,0,1,0,0,0
00-0038621,DeMario Douglas,WR,2023,22.729637234770706,0,68,179,4.44,39.5,134,NA,4.29,92.11940966558986,27.213884083044984,0.41184264537420884,6,210,-5.351858133476067,NA,NA,NA,NA,NA,NA,NA,NA,NA,NA,NA,NA,NA,NA,NA,NA,NA,NA,NA,NA,NA,NA,NA,NA,NA,NA,NA,NA,NA,NA,NA,NA,NA,0,0,1,14,84.7,6.05
00-0038632,Colton Dowell,WR,2023,24.369609856262834,0,NA,NA,NA,NA,NA,NA,NA,NA,NA,NA,7,228,-5.43372200355424,NA,NA,NA,NA,NA,NA,NA,NA,NA,NA,NA,NA,NA,NA,NA,NA,NA,NA,NA,NA,NA,NA,NA,NA,NA,NA,NA,NA,NA,NA,NA,NA,NA,0,1,1,4,0.8,0.2
00-0038997,Josh Downs,WR,2023,22.053388090349078,0,69,171,4.48,38.5,131,NA,NA,84.90124328689541,25.24952741020794,0.01572660181188253,3,79,-4.382026634673881,NA,NA,NA,NA,NA,NA,NA,NA,NA,NA,NA,NA,NA,NA,NA,NA,NA,NA,NA,NA,NA,NA,NA,NA,NA,NA,NA,NA,NA,NA,NA,NA,NA,0,0,1,17,123.10000000000001,7.241176470588236
00-0033118,Kenyan Drake,RB,2016,22.598220396988363,0,73,210,4.45,34.5,123,7.04,4.21,107.10487692015973,27.70313379620942,0.27061090684659656,3,73,-4.304065093204169,NA,NA,NA,NA,NA,NA,NA,NA,NA,NA,NA,NA,NA,NA,NA,NA,NA,NA,NA,NA,NA,NA,NA,NA,NA,NA,NA,NA,NA,NA,NA,NA,NA,0,0,1,15,39.00000000000001,2.6000000000000005
00-0032436,Jeff Driskel,QB,2016,23.359342915811087,0,76,234,4.56,32,122,7.19,4.25,108.23967570673784,28.480263157894736,0.8651647753186672,6,207,-5.337538079701318,NA,NA,NA,NA,NA,NA,NA,NA,NA,NA,NA,NA,NA,NA,NA,NA,NA,NA,NA,NA,NA,NA,NA,NA,NA,NA,NA,NA,NA,NA,NA,NA,NA,0,0,1,0,0,0
00-0038507,Grant DuBose,WR,2023,22.198494182067076,0,74,201,4.57,35,125,6.89,4.32,92.16398674674156,25.804054054054053,-0.3893221480300192,7,256,-5.54907608489522,NA,NA,NA,NA,NA,NA,NA,NA,NA,NA,NA,NA,NA,NA,NA,NA,NA,NA,NA,NA,NA,NA,NA,NA,NA,NA,NA,NA,NA,NA,NA,NA,NA,0,0,1,0,0,0
00-0033061,Thomas Duarte,TE,2016,21.426420260095824,1,74,231,4.72,33.5,118,6.97,4.24,93.08377356257688,29.655405405405407,0.15328661163688756,7,231,-5.44673737166631,NA,NA,NA,NA,NA,NA,NA,NA,NA,NA,NA,NA,NA,NA,NA,NA,NA,NA,NA,NA,NA,NA,NA,NA,NA,NA,NA,NA,NA,NA,NA,NA,NA,0,0,1,0,0,0
00-0038637,Max Duggan,QB,2023,22.472279260780287,0,74,207,4.52,30.5,116,7.26,4.45,99.18513799189923,26.574324324324323,-0.7207905868808128,7,239,-5.480638923341991,NA,NA,NA,NA,NA,NA,NA,NA,NA,NA,NA,NA,NA,NA,NA,NA,NA,NA,NA,NA,NA,NA,NA,NA,NA,NA,NA,NA,NA,NA,NA,NA,NA,0,0,1,0,0,0
00-0037252,Greg Dulcich,TE,2022,22.43394934976044,0,76,243,4.69,34,122,7.05,4.37,100.44883366121796,29.575657894736842,0.25281321274349466,3,80,-4.394449154672439,NA,NA,NA,NA,NA,NA,NA,NA,NA,NA,NA,NA,NA,NA,NA,NA,NA,NA,NA,NA,NA,NA,NA,NA,NA,NA,NA,NA,NA,NA,NA,NA,NA,0,0,1,10,69.6,6.959999999999999
00-0033305,Malachi Dupre,WR,2017,21.88911704312115,0,74,196,4.52,39.5,135,7.19,4.26,93.91443017590457,25.16216216216216,0.08191104777952758,7,247,-5.5134287461649825,NA,NA,NA,NA,NA,NA,NA,NA,NA,NA,NA,NA,NA,NA,NA,NA,NA,NA,NA,NA,NA,NA,NA,NA,NA,NA,NA,NA,NA,NA,NA,NA,NA,0,0,1,0,0,0
00-0039050,Payne Durham,TE,2023,23.211498973305954,0,78,253,4.87,34.5,117,NA,NA,89.95693959544613,29.23389217619987,-1.1409886308022033,5,171,-5.147494476813453,NA,NA,NA,NA,NA,NA,NA,NA,NA,NA,NA,NA,NA,NA,NA,NA,NA,NA,NA,NA,NA,NA,NA,NA,NA,NA,NA,NA,NA,NA,NA,NA,NA,0,0,1,6,8.3,1.3833333333333335
00-0036331,Devin Duvernay,WR,2020,22.97056810403833,0,70,200,4.39,35.5,123,7.13,4.2,107.69657956536454,28.693877551020407,0.14714229818279306,3,92,-4.532599493153256,NA,NA,NA,NA,NA,NA,NA,NA,NA,NA,NA,NA,NA,NA,NA,NA,NA,NA,NA,NA,NA,NA,NA,NA,NA,NA,NA,NA,NA,NA,NA,NA,NA,0,0,1,15,37.1,2.4733333333333336
00-0030394,Zac Dysert,QB,2013,23.561943874058862,0,75,231,4.81,NA,NA,NA,NA,86.31010999073636,28.869866666666667,0.45851023574938315,7,234,-5.459585514144159,NA,NA,NA,NA,NA,NA,NA,NA,NA,NA,NA,NA,NA,NA,NA,NA,NA,NA,NA,NA,NA,NA,NA,NA,NA,NA,NA,NA,NA,NA,NA,NA,NA,0,0,1,0,0,0
00-0036226,Jacob Eason,QB,2020,22.78986995208761,0,78,231,4.89,27.5,110,7.5,4.75,80.79910293070901,26.691814595660748,-1.0550752266769499,4,122,-4.812184355372417,NA,NA,NA,NA,NA,NA,NA,NA,NA,NA,NA,NA,NA,NA,NA,NA,NA,NA,NA,NA,NA,NA,NA,NA,NA,NA,NA,NA,NA,NA,NA,NA,NA,0,0,1,0,0,0
00-0037087,Trestan Ebner,RB,2022,23.66324435318275,0,71,206,4.43,30,NA,NA,NA,106.97500393738187,28.728030152747472,-0.45630529467017766,6,203,-5.318119993844216,NA,NA,NA,NA,NA,NA,NA,NA,NA,NA,NA,NA,NA,NA,NA,NA,NA,NA,NA,NA,NA,NA,NA,NA,NA,NA,NA,NA,NA,NA,NA,NA,NA,0,0,1,11,7.2,0.6545454545454545
00-0031387,Eric Ebron,TE,2014,21.39356605065024,1,76,250,4.6,32,120,NA,NA,111.67055577988933,30.42763157894737,0.7514601871800974,1,10,-2.3978952727983707,NA,NA,NA,NA,NA,NA,NA,NA,NA,NA,NA,NA,NA,NA,NA,NA,NA,NA,NA,NA,NA,NA,NA,NA,NA,NA,NA,NA,NA,NA,NA,NA,NA,0,0,1,12,43.3,3.608333333333333
00-0034681,Chase Edmonds,RB,2018,22.38466803559206,0,69,205,4.55,34,122,6.79,4.07,95.66173869205701,30.269901281243435,0.29794478751356035,4,134,-4.90527477843843,NA,NA,NA,NA,NA,NA,NA,NA,NA,NA,NA,NA,NA,NA,NA,NA,NA,NA,NA,NA,NA,NA,NA,NA,NA,NA,NA,NA,NA,NA,NA,NA,NA,0,0,1,16,53.099999999999994,3.3187499999999996
00-0036365,Bryan Edwards,WR,2020,21.801505817932924,0,75,212,NA,NA,NA,NA,NA,NA,26.49528888888889,NA,3,81,-4.406719247264253,NA,NA,NA,NA,NA,NA,NA,NA,NA,NA,NA,NA,NA,NA,NA,NA,NA,NA,NA,NA,NA,NA,NA,NA,NA,NA,NA,NA,NA,NA,NA,NA,NA,0,1,1,9,30.8,3.4222222222222225
00-0036360,Clyde Edwards-Helaire,RB,2020,21.39356605065024,1,67,207,4.6,39.5,123,NA,NA,92.46322018574837,32.4172421474716,0.2788519156768694,1,32,-3.4965075614664802,NA,NA,NA,NA,NA,NA,NA,NA,NA,NA,NA,NA,NA,NA,NA,NA,NA,NA,NA,NA,NA,NA,NA,NA,NA,NA,NA,NA,NA,NA,NA,NA,NA,0,0,1,13,158,12.153846153846153
00-0040129,Emeka Egbuka,WR,2025,22.882956878850102,0,73,202,NA,NA,NA,NA,NA,NA,26.647776318258586,NA,1,19,-2.995732273553991,NA,NA,NA,NA,NA,NA,NA,NA,NA,NA,NA,NA,NA,NA,NA,NA,NA,NA,NA,NA,NA,NA,NA,NA,NA,NA,NA,NA,NA,NA,NA,NA,NA,0,1,1,17,162.20000000000002,9.541176470588237
00-0036879,Sam Ehlinger,QB,2021,22.921286789869953,0,73,220,4.84,36.5,114,7.15,4.44,80.18095597354794,29.022330643647965,-0.030338807776205796,6,218,-5.389071729816501,NA,NA,NA,NA,NA,NA,NA,NA,NA,NA,NA,NA,NA,NA,NA,NA,NA,NA,NA,NA,NA,NA,NA,NA,NA,NA,NA,NA,NA,NA,NA,NA,NA,0,0,1,3,0.9,0.3
00-0030549,Tyler Eifert,TE,2013,22.981519507186857,0,77,250,4.68,35.5,119,6.92,4.32,104.22852504553892,29.64243548659133,1.0942327246859391,1,21,-3.091042453358316,NA,NA,NA,NA,NA,NA,NA,NA,NA,NA,NA,NA,NA,NA,NA,NA,NA,NA,NA,NA,NA,NA,NA,NA,NA,NA,NA,NA,NA,NA,NA,NA,NA,0,0,1,15,76,5.066666666666666
00-0030287,Andre Ellington,RB,2013,24.57494866529774,0,69,199,4.61,34,122,NA,NA,88.12099058929013,29.383952951060703,-0.14129253599993452,6,187,-5.236441962829949,NA,NA,NA,NA,NA,NA,NA,NA,NA,NA,NA,NA,NA,NA,NA,NA,NA,NA,NA,NA,NA,NA,NA,NA,NA,NA,NA,NA,NA,NA,NA,NA,NA,0,0,1,15,145.8,9.72
00-0031326,Bruce Ellington,WR,2014,23.028062970568104,0,69,197,4.45,39.5,120,6.69,3.95,100.47457501557841,29.08863684099979,0.6040923022352085,4,106,-4.672828834461906,NA,NA,NA,NA,NA,NA,NA,NA,NA,NA,NA,NA,NA,NA,NA,NA,NA,NA,NA,NA,NA,NA,NA,NA,NA,NA,NA,NA,NA,NA,NA,NA,NA,0,0,1,13,30,2.3076923076923075
00-0033045,Ezekiel Elliott,RB,2016,21.114305270362767,1,72,225,4.47,32.5,118,NA,NA,112.7151832008487,30.51215277777778,-0.09971504295099227,1,4,-1.6094379124341003,NA,NA,NA,NA,NA,NA,NA,NA,NA,NA,NA,NA,NA,NA,NA,NA,NA,NA,NA,NA,NA,NA,NA,NA,NA,NA,NA,NA,NA,NA,NA,NA,NA,0,0,1,15,309.40000000000003,20.62666666666667
00-0033881,Evan Engram,TE,2017,22.99794661190965,0,75,234,4.42,36,125,6.92,4.23,122.61871926687827,29.2448,0.7448006368132756,1,23,-3.1780538303479458,NA,NA,NA,NA,NA,NA,NA,NA,NA,NA,NA,NA,NA,NA,NA,NA,NA,NA,NA,NA,NA,NA,NA,NA,NA,NA,NA,NA,NA,NA,NA,NA,NA,0,0,1,15,141.6,9.44
00-0031023,Quincy Enunwa,WR,2014,22.253251197809718,0,74,225,4.41,NA,NA,NA,NA,118.97566910660517,28.885135135135137,2.0733429517018056,6,209,-5.3471075307174685,NA,NA,NA,NA,NA,NA,NA,NA,NA,NA,NA,NA,NA,NA,NA,NA,NA,NA,NA,NA,NA,NA,NA,NA,NA,NA,NA,NA,NA,NA,NA,NA,NA,0,0,1,0,0,0
00-0030061,Zach Ertz,TE,2013,22.809034907597535,0,77,249,4.76,30.5,111,7.08,4.47,97.0066555473176,29.523865744644965,-0.4333007377131971,2,35,-3.58351893845611,NA,NA,NA,NA,NA,NA,NA,NA,NA,NA,NA,NA,NA,NA,NA,NA,NA,NA,NA,NA,NA,NA,NA,NA,NA,NA,NA,NA,NA,NA,NA,NA,NA,0,0,1,15,88.9,5.926666666666667
00-0032404,Tyler Ervin,RB,2016,22.902121834360027,0,70,192,4.41,39,130,NA,NA,101.52590430430308,27.54612244897959,0.7628924508607847,4,119,-4.787491742782046,NA,NA,NA,NA,NA,NA,NA,NA,NA,NA,NA,NA,NA,NA,NA,NA,NA,NA,NA,NA,NA,NA,NA,NA,NA,NA,NA,NA,NA,NA,NA,NA,NA,0,0,1,12,3.6,0.3
00-0030544,Gavin Escobar,TE,2013,22.576317590691307,0,78,254,4.84,32,114,7.07,4.31,92.57255826036898,29.349441157133466,0.1159935918669579,2,47,-3.8712010109078907,NA,NA,NA,NA,NA,NA,NA,NA,NA,NA,NA,NA,NA,NA,NA,NA,NA,NA,NA,NA,NA,NA,NA,NA,NA,NA,NA,NA,NA,NA,NA,NA,NA,0,0,1,9,29.9,3.322222222222222
00-0036620,Dee Eskridge,WR,2021,24.4435318275154,0,68,190,4.38,35,124,6.93,4.22,103.24930918897755,28.886245674740483,-0.01703216820766314,2,56,-4.04305126783455,NA,NA,NA,NA,NA,NA,NA,NA,NA,NA,NA,NA,NA,NA,NA,NA,NA,NA,NA,NA,NA,NA,NA,NA,NA,NA,NA,NA,NA,NA,NA,NA,NA,0,0,1,8,23.3,2.9125
00-0039373,Audric Estimé,RB,2024,20.98836413415469,1,71,221,4.71,38,125,NA,NA,89.81288368998997,30.819877008530053,-0.008234772313350755,5,147,-4.997212273764115,NA,NA,NA,NA,NA,NA,NA,NA,NA,NA,NA,NA,NA,NA,NA,NA,NA,NA,NA,NA,NA,NA,NA,NA,NA,NA,NA,NA,NA,NA,NA,NA,NA,0,0,1,13,46.2,3.553846153846154
00-0036973,Travis Etienne,RB,2021,22.598220396988363,0,70,215,4.45,33.5,128,NA,NA,109.6549930373064,30.84591836734694,0.7889767518200591,1,25,-3.258096538021482,NA,NA,NA,NA,NA,NA,NA,NA,NA,NA,NA,NA,NA,NA,NA,NA,NA,NA,NA,NA,NA,NA,NA,NA,NA,NA,NA,NA,NA,NA,NA,NA,NA,0,0,1,0,0,0
00-0040644,Trevor Etienne,RB,2025,21.14715947980835,1,69,198,4.42,35,124,NA,NA,103.75430091812777,29.236294896030245,-0.13109523781164095,4,114,-4.74493212836325,NA,NA,NA,NA,NA,NA,NA,NA,NA,NA,NA,NA,NA,NA,NA,NA,NA,NA,NA,NA,NA,NA,NA,NA,NA,NA,NA,NA,NA,NA,NA,NA,NA,0,0,1,17,12.200000000000001,0.7176470588235295
00-0034423,Danny Etling,QB,2018,24.112251882272417,0,74,222,4.76,30.5,114,7.09,4.37,86.48786157230727,28.5,0.22641743632554553,7,219,-5.393627546352361,NA,NA,NA,NA,NA,NA,NA,NA,NA,NA,NA,NA,NA,NA,NA,NA,NA,NA,NA,NA,NA,NA,NA,NA,NA,NA,NA,NA,NA,NA,NA,NA,NA,0,0,1,0,0,0
00-0036857,Chris Evans,RB,2021,23.906913073237508,0,71,211,4.5,40.5,127,6.83,4.12,102.91114159426917,29.42531243800833,0.9886672084815975,6,202,-5.313205979041787,NA,NA,NA,NA,NA,NA,NA,NA,NA,NA,NA,NA,NA,NA,NA,NA,NA,NA,NA,NA,NA,NA,NA,NA,NA,NA,NA,NA,NA,NA,NA,NA,NA,0,0,1,9,42.3,4.699999999999999
00-0036297,Darrynton Evans,RB,2020,22.1492128678987,0,70,203,4.41,37,125,NA,NA,107.34249257173711,29.124285714285715,0.6381461009640481,3,93,-4.543294782270004,NA,NA,NA,NA,NA,NA,NA,NA,NA,NA,NA,NA,NA,NA,NA,NA,NA,NA,NA,NA,NA,NA,NA,NA,NA,NA,NA,NA,NA,NA,NA,NA,NA,0,0,1,5,15.100000000000001,3.0200000000000005
00-0031408,Mike Evans,WR,2014,21.02943189596167,1,77,231,4.53,37,NA,7.08,4.26,109.71074583971219,27.38961038961039,-0.09269197671325378,1,7,-2.0794415416798357,NA,NA,NA,NA,NA,NA,NA,NA,NA,NA,NA,NA,NA,NA,NA,NA,NA,NA,NA,NA,NA,NA,NA,NA,NA,NA,NA,NA,NA,NA,NA,NA,NA,0,0,1,15,211.10000000000002,14.073333333333334
00-0040187,Mitchell Evans,TE,2025,22.29158110882957,0,77,258,4.74,31,115,7.25,4.4,102.22010787298443,30.590993422162253,-0.5280717981143523,5,163,-5.099866427824199,NA,NA,NA,NA,NA,NA,NA,NA,NA,NA,NA,NA,NA,NA,NA,NA,NA,NA,NA,NA,NA,NA,NA,NA,NA,NA,NA,NA,NA,NA,NA,NA,NA,0,0,1,14,38.7,2.7642857142857147
00-0031056,Shaq Evans,WR,2014,23.488021902806295,0,73,213,4.51,34.5,122,7.07,4.21,102.9682736740723,28.098892850440983,-0.3176629075556213,4,115,-4.7535901911063645,NA,NA,NA,NA,NA,NA,NA,NA,NA,NA,NA,NA,NA,NA,NA,NA,NA,NA,NA,NA,NA,NA,NA,NA,NA,NA,NA,NA,NA,NA,NA,NA,NA,0,0,1,0,0,0
00-0039136,Zach Evans,RB,2023,22.255989048596852,0,71,202,NA,NA,NA,NA,NA,NA,28.170204324538783,NA,6,215,-5.375278407684165,NA,NA,NA,NA,NA,NA,NA,NA,NA,NA,NA,NA,NA,NA,NA,NA,NA,NA,NA,NA,NA,NA,NA,NA,NA,NA,NA,NA,NA,NA,NA,NA,NA,0,1,1,4,1.9000000000000001,0.47500000000000003
00-0033895,Gerald Everett,TE,2017,23.186858316221766,0,75,239,4.62,37.5,126,6.99,4.33,104.920413711527,29.869688888888888,0.1352486242043757,2,44,-3.8066624897703196,NA,NA,NA,NA,NA,NA,NA,NA,NA,NA,NA,NA,NA,NA,NA,NA,NA,NA,NA,NA,NA,NA,NA,NA,NA,NA,NA,NA,NA,NA,NA,NA,NA,0,0,1,14,45.7,3.2642857142857147
00-0040234,Quinn Ewers,QB,2025,22.466803559206024,0,74,214,NA,NA,NA,NA,NA,NA,27.472972972972972,NA,7,231,-5.44673737166631,NA,NA,NA,NA,NA,NA,NA,NA,NA,NA,NA,NA,NA,NA,NA,NA,NA,NA,NA,NA,NA,NA,NA,NA,NA,NA,NA,NA,NA,NA,NA,NA,NA,0,1,1,4,32.67999999999999,8.169999999999998
00-0038092,Erik Ezukanma,WR,2022,22.600958247775495,0,74,209,NA,36.5,126,NA,4.38,NA,26.83108108108108,0.058846705544460816,4,125,-4.836281906951478,NA,NA,NA,NA,NA,NA,NA,NA,NA,NA,NA,NA,NA,NA,NA,NA,NA,NA,NA,NA,NA,NA,NA,NA,NA,NA,NA,NA,NA,NA,NA,NA,NA,0,0,1,1,0.8,0.8
00-0031076,David Fales,QB,2014,23.90965092402464,0,74,212,4.99,28,103,7.55,4.5,68.38544449251233,27.216216216216218,-1.2681144513841807,6,183,-5.214935757608986,NA,NA,NA,NA,NA,NA,NA,NA,NA,NA,NA,NA,NA,NA,NA,NA,NA,NA,NA,NA,NA,NA,NA,NA,NA,NA,NA,NA,NA,NA,NA,NA,NA,0,0,1,0,0,0
00-0034412,Luke Falk,QB,2018,23.67693360711841,0,76,215,NA,26.5,103,NA,NA,NA,26.167763157894736,-1.0012068846646973,6,199,-5.298317366548036,NA,NA,NA,NA,NA,NA,NA,NA,NA,NA,NA,NA,NA,NA,NA,NA,NA,NA,NA,NA,NA,NA,NA,NA,NA,NA,NA,NA,NA,NA,NA,NA,NA,0,0,1,0,0,0
00-0040663,Harold Fannin Jr.,TE,2025,21.117043121149898,1,75,241,4.71,34,118,6.97,4.39,97.94074646736463,30.119644444444443,0.2017867871994794,3,67,-4.219507705176107,NA,NA,NA,NA,NA,NA,NA,NA,NA,NA,NA,NA,NA,NA,NA,NA,NA,NA,NA,NA,NA,NA,NA,NA,NA,NA,NA,NA,NA,NA,NA,NA,NA,0,0,1,16,150.4,9.4
00-0035644,Noah Fant,TE,2019,21.779603011635867,0,76,249,4.5,39.5,127,6.81,4.22,121.44490169181528,30.30592105263158,1.758246833326665,1,20,-3.044522437723423,NA,NA,NA,NA,NA,NA,NA,NA,NA,NA,NA,NA,NA,NA,NA,NA,NA,NA,NA,NA,NA,NA,NA,NA,NA,NA,NA,NA,NA,NA,NA,NA,NA,0,0,1,16,93,5.8125
00-0036887,Luke Farrell,TE,2021,23.88227241615332,0,77,251,4.79,36.5,118,7.14,4.36,95.35899459349304,29.761005228537694,-0.446074627538504,5,145,-4.983606621708336,NA,NA,NA,NA,NA,NA,NA,NA,NA,NA,NA,NA,NA,NA,NA,NA,NA,NA,NA,NA,NA,NA,NA,NA,NA,NA,NA,NA,NA,NA,NA,NA,NA,0,0,1,8,9.100000000000001,1.1375000000000002
00-0036646,Simi Fehoko,WR,2021,23.822039698836413,0,75,222,4.44,34.5,120,6.78,4.26,114.24865332827346,27.745066666666666,0.07729944965010509,5,179,-5.19295685089021,NA,NA,NA,NA,NA,NA,NA,NA,NA,NA,NA,NA,NA,NA,NA,NA,NA,NA,NA,NA,NA,NA,NA,NA,NA,NA,NA,NA,NA,NA,NA,NA,NA,0,0,1,0,0,0
00-0036654,Demetric Felton,RB,2021,23.129363449691994,0,68,189,4.55,NA,NA,NA,NA,88.1954566477989,28.734212802768166,-2.3148357310914447,6,211,-5.356586274672012,NA,NA,NA,NA,NA,NA,NA,NA,NA,NA,NA,NA,NA,NA,NA,NA,NA,NA,NA,NA,NA,NA,NA,NA,NA,NA,NA,NA,NA,NA,NA,NA,NA,0,0,1,15,41.5,2.7666666666666666
00-0040154,Tai Felton,WR,2025,22.466803559206024,0,73,183,4.37,39.5,130,NA,NA,100.35877174776616,24.14130230812535,0.6523913848428565,3,102,-4.634728988229636,NA,NA,NA,NA,NA,NA,NA,NA,NA,NA,NA,NA,NA,NA,NA,NA,NA,NA,NA,NA,NA,NA,NA,NA,NA,NA,NA,NA,NA,NA,NA,NA,NA,0,0,1,12,4,0.3333333333333333
00-0038041,Jake Ferguson,TE,2022,23.619438740588638,0,77,250,4.81,31.5,118,7.03,4.48,93.40920994668437,29.64243548659133,-0.29424310540981935,4,129,-4.867534450455582,NA,NA,NA,NA,NA,NA,NA,NA,NA,NA,NA,NA,NA,NA,NA,NA,NA,NA,NA,NA,NA,NA,NA,NA,NA,NA,NA,NA,NA,NA,NA,NA,NA,0,0,1,11,38.900000000000006,3.536363636363637
00-0040737,Terrance Ferguson,TE,2025,22.48870636550308,0,77,247,4.63,39,122,NA,NA,107.49864370424658,29.286726260752236,1.4114210370740672,2,46,-3.8501476017100584,NA,NA,NA,NA,NA,NA,NA,NA,NA,NA,NA,NA,NA,NA,NA,NA,NA,NA,NA,NA,NA,NA,NA,NA,NA,NA,NA,NA,NA,NA,NA,NA,NA,0,0,1,11,46.6,4.236363636363636
00-0040225,Thomas Fidone II,TE,2025,22.94866529774127,0,77,243,4.7,35.5,126,7.01,4.29,99.59667445474405,28.812447292966773,1.0224740048910594,7,219,-5.393627546352361,NA,NA,NA,NA,NA,NA,NA,NA,NA,NA,NA,NA,NA,NA,NA,NA,NA,NA,NA,NA,NA,NA,NA,NA,NA,NA,NA,NA,NA,NA,NA,NA,NA,0,0,1,1,0,0
00-0031302,C.J. Fiedorowicz,TE,2014,22.861054072553046,0,77,265,4.76,31.5,116,7.1,4.26,103.24001493991634,31.42098161578681,0.07171008437835555,3,65,-4.189654742026425,NA,NA,NA,NA,NA,NA,NA,NA,NA,NA,NA,NA,NA,NA,NA,NA,NA,NA,NA,NA,NA,NA,NA,NA,NA,NA,NA,NA,NA,NA,NA,NA,NA,0,0,1,8,10.8,1.35
00-0036945,Justin Fields,QB,2021,22.494182067077343,0,74,227,4.45,NA,NA,NA,NA,115.77527171845837,29.14189189189189,1.8187166891939057,1,11,-2.4849066497880004,NA,NA,NA,NA,NA,NA,NA,NA,NA,NA,NA,NA,NA,NA,NA,NA,NA,NA,NA,NA,NA,NA,NA,NA,NA,NA,NA,NA,NA,NA,NA,NA,NA,0,0,1,12,134.8,11.233333333333334
00-0035652,Ryan Finley,QB,2019,24.681724845995895,0,76,213,4.73,30.5,116,7.2,4.2,85.10695181893301,25.924342105263158,-0.16809308292064318,4,104,-4.653960350157523,NA,NA,NA,NA,NA,NA,NA,NA,NA,NA,NA,NA,NA,NA,NA,NA,NA,NA,NA,NA,NA,NA,NA,NA,NA,NA,NA,NA,NA,NA,NA,NA,NA,0,0,1,3,30.66,10.22
00-0037306,John FitzPatrick,TE,2022,22.480492813141684,0,NA,NA,NA,NA,NA,NA,NA,NA,NA,NA,6,213,-5.365976015021851,NA,NA,NA,NA,NA,NA,NA,NA,NA,NA,NA,NA,NA,NA,NA,NA,NA,NA,NA,NA,NA,NA,NA,NA,NA,NA,NA,NA,NA,NA,NA,NA,NA,0,1,1,0,0,0
00-0036627,Dez Fitzpatrick,WR,2021,23.707049965776864,0,73,208,4.43,35,NA,7.09,4.26,108.01359620861858,27.439294426721712,-0.17446333296776217,4,109,-4.700480365792417,NA,NA,NA,NA,NA,NA,NA,NA,NA,NA,NA,NA,NA,NA,NA,NA,NA,NA,NA,NA,NA,NA,NA,NA,NA,NA,NA,NA,NA,NA,NA,NA,NA,0,0,1,3,13.4,4.466666666666667
00-0039410,Ryan Flournoy,WR,2024,24.84873374401095,0,73,202,4.44,39.5,132,NA,NA,103.95598185725783,26.647776318258586,0.7079823041647977,6,216,-5.37989735354046,NA,NA,NA,NA,NA,NA,NA,NA,NA,NA,NA,NA,NA,NA,NA,NA,NA,NA,NA,NA,NA,NA,NA,NA,NA,NA,NA,NA,NA,NA,NA,NA,NA,0,0,1,9,15.200000000000001,1.688888888888889
00-0039064,Zay Flowers,WR,2023,22.97056810403833,0,69,182,4.42,35.5,127,NA,NA,95.37011498534977,26.87376601554295,-0.1319823829766971,1,22,-3.1354942159291497,NA,NA,NA,NA,NA,NA,NA,NA,NA,NA,NA,NA,NA,NA,NA,NA,NA,NA,NA,NA,NA,NA,NA,NA,NA,NA,NA,NA,NA,NA,NA,NA,NA,0,0,1,16,165.9,10.36875
00-0033471,Isaiah Ford,WR,2017,21.560574948665298,1,73,194,4.61,35.5,127,6.94,4.34,85.90689534835319,25.59241884030775,-0.4892886252471236,7,237,-5.472270673671475,NA,NA,NA,NA,NA,NA,NA,NA,NA,NA,NA,NA,NA,NA,NA,NA,NA,NA,NA,NA,NA,NA,NA,NA,NA,NA,NA,NA,NA,NA,NA,NA,NA,0,0,1,0,0,0
00-0037267,Jerome Ford,RB,2022,22.97056810403833,0,71,210,4.46,31,118,NA,NA,106.14752089446317,29.28585598095616,-0.4818191364093563,5,156,-5.056245805348308,NA,NA,NA,NA,NA,NA,NA,NA,NA,NA,NA,NA,NA,NA,NA,NA,NA,NA,NA,NA,NA,NA,NA,NA,NA,NA,NA,NA,NA,NA,NA,NA,NA,0,0,1,13,1.2000000000000002,0.09230769230769233
00-0033925,D'Onta Foreman,RB,2017,21.35523613963039,1,72,233,NA,NA,NA,NA,NA,NA,31.597029320987655,NA,3,89,-4.499809670330265,NA,NA,NA,NA,NA,NA,NA,NA,NA,NA,NA,NA,NA,NA,NA,NA,NA,NA,NA,NA,NA,NA,NA,NA,NA,NA,NA,NA,NA,NA,NA,NA,NA,0,1,1,9,54,6
00-0034395,Daurice Fountain,WR,2018,22.694045174537987,0,NA,NA,NA,NA,NA,NA,NA,NA,NA,NA,5,159,-5.075173815233827,NA,NA,NA,NA,NA,NA,NA,NA,NA,NA,NA,NA,NA,NA,NA,NA,NA,NA,NA,NA,NA,NA,NA,NA,NA,NA,NA,NA,NA,NA,NA,NA,NA,0,1,1,0,0,0
00-0033856,Leonard Fournette,RB,2017,22.62012320328542,0,72,240,4.51,28.5,NA,NA,NA,116.02059005529271,32.5462962962963,0.27421273991728123,1,4,-1.6094379124341003,NA,NA,NA,NA,NA,NA,NA,NA,NA,NA,NA,NA,NA,NA,NA,NA,NA,NA,NA,NA,NA,NA,NA,NA,NA,NA,NA,NA,NA,NA,NA,NA,NA,0,0,1,13,212.2,16.323076923076922
00-0032130,Jalston Fowler,RB,2015,25.100616016427104,0,71,254,4.94,33.5,114,7.56,4.4,85.30135237991863,35.421940091251734,-1.0971740546604658,4,108,-4.6913478822291435,NA,NA,NA,NA,NA,NA,NA,NA,NA,NA,NA,NA,NA,NA,NA,NA,NA,NA,NA,NA,NA,NA,NA,NA,NA,NA,NA,NA,NA,NA,NA,NA,NA,0,0,1,12,20.200000000000003,1.6833333333333336
00-0030078,Johnathan Franklin,RB,2013,23.857631759069132,0,70,205,4.49,31.5,115,6.89,4.31,100.87847137826606,29.41122448979592,-0.2532755952661824,4,125,-4.836281906951478,NA,NA,NA,NA,NA,NA,NA,NA,NA,NA,NA,NA,NA,NA,NA,NA,NA,NA,NA,NA,NA,NA,NA,NA,NA,NA,NA,NA,NA,NA,NA,NA,NA,0,0,1,7,19.700000000000003,2.8142857142857145
00-0039868,Troy Franklin,WR,2024,21.568788501026695,1,74,176,4.41,39,124,6.9,4.31,93.06541227894449,22.594594594594593,-0.5161593322878085,4,102,-4.634728988229636,NA,NA,NA,NA,NA,NA,NA,NA,NA,NA,NA,NA,NA,NA,NA,NA,NA,NA,NA,NA,NA,NA,NA,NA,NA,NA,NA,NA,NA,NA,NA,NA,NA,0,0,1,16,53.1,3.31875
00-0031285,Devonta Freeman,RB,2014,22.46406570841889,0,68,206,4.58,31.5,118,7.11,4.26,93.63437242482406,31.31877162629758,-0.726128240347742,4,103,-4.6443908991413725,NA,NA,NA,NA,NA,NA,NA,NA,NA,NA,NA,NA,NA,NA,NA,NA,NA,NA,NA,NA,NA,NA,NA,NA,NA,NA,NA,NA,NA,NA,NA,NA,NA,0,0,1,16,72.3,4.51875
00-0034838,Royce Freeman,RB,2018,22.518822724161534,0,71,229,4.54,34,118,6.9,4.16,107.80578507128922,31.93552866494743,0.025111094684742374,3,71,-4.276666119016055,NA,NA,NA,NA,NA,NA,NA,NA,NA,NA,NA,NA,NA,NA,NA,NA,NA,NA,NA,NA,NA,NA,NA,NA,NA,NA,NA,NA,NA,NA,NA,NA,NA,0,0,1,14,94.3,6.735714285714286
00-0036894,Pat Freiermuth,TE,2021,22.85284052019165,0,77,251,NA,NA,NA,NA,NA,NA,29.761005228537694,NA,2,55,-4.02535169073515,NA,NA,NA,NA,NA,NA,NA,NA,NA,NA,NA,NA,NA,NA,NA,NA,NA,NA,NA,NA,NA,NA,NA,NA,NA,NA,NA,NA,NA,NA,NA,NA,NA,0,1,1,16,121.7,7.60625
00-0036197,Jake Fromm,QB,2020,22.091718001368925,0,74,219,5.01,30,111,7.27,4.51,69.52215202631962,28.114864864864863,-0.4050759297356496,5,167,-5.123963979403259,NA,NA,NA,NA,NA,NA,NA,NA,NA,NA,NA,NA,NA,NA,NA,NA,NA,NA,NA,NA,NA,NA,NA,NA,NA,NA,NA,NA,NA,NA,NA,NA,NA,0,0,1,0,0,0
00-0035592,Travis Fulgham,WR,2019,23.967145790554415,0,74,215,4.58,36.5,126,NA,NA,97.72519452105425,27.60135135135135,-0.0807121560079782,6,184,-5.220355825078325,NA,NA,NA,NA,NA,NA,NA,NA,NA,NA,NA,NA,NA,NA,NA,NA,NA,NA,NA,NA,NA,NA,NA,NA,NA,NA,NA,NA,NA,NA,NA,NA,NA,0,0,1,2,0,0
00-0030095,Corey Fuller,WR,2013,23.19233401779603,0,74,204,4.43,31.5,120,NA,NA,105.93641166614515,26.18918918918919,-0.13025107866985208,6,171,-5.147494476813453,NA,NA,NA,NA,NA,NA,NA,NA,NA,NA,NA,NA,NA,NA,NA,NA,NA,NA,NA,NA,NA,NA,NA,NA,NA,NA,NA,NA,NA,NA,NA,NA,NA,0,0,1,0,0,0
00-0032451,Devin Fuller,WR,2016,22.590006844626966,0,NA,NA,NA,NA,NA,NA,NA,NA,NA,NA,7,238,-5.476463551931511,NA,NA,NA,NA,NA,NA,NA,NA,NA,NA,NA,NA,NA,NA,NA,NA,NA,NA,NA,NA,NA,NA,NA,NA,NA,NA,NA,NA,NA,NA,NA,NA,NA,0,1,1,0,0,0
00-0033127,Will Fuller,WR,2016,22.379192334017795,0,72,186,4.32,33.5,126,6.93,4.27,106.80902548448461,25.22337962962963,0.16876449900333879,1,21,-3.091042453358316,NA,NA,NA,NA,NA,NA,NA,NA,NA,NA,NA,NA,NA,NA,NA,NA,NA,NA,NA,NA,NA,NA,NA,NA,NA,NA,NA,NA,NA,NA,NA,NA,NA,0,0,1,14,98.7,7.05
00-0034393,Troy Fumagalli,TE,2018,23.537303216974674,0,77,247,NA,NA,NA,NA,NA,NA,29.286726260752236,NA,5,156,-5.056245805348308,NA,NA,NA,NA,NA,NA,NA,NA,NA,NA,NA,NA,NA,NA,NA,NA,NA,NA,NA,NA,NA,NA,NA,NA,NA,NA,NA,NA,NA,NA,NA,NA,NA,0,1,1,0,0,0
00-0032055,Devin Funchess,WR,2015,21.281314168377822,1,76,232,4.7,38.5,122,NA,NA,95.08818301852106,28.236842105263158,-0.12886039401779992,2,41,-3.7376696182833684,NA,NA,NA,NA,NA,NA,NA,NA,NA,NA,NA,NA,NA,NA,NA,NA,NA,NA,NA,NA,NA,NA,NA,NA,NA,NA,NA,NA,NA,NA,NA,NA,NA,0,0,1,16,92.80000000000001,5.800000000000001
00-0036860,Jake Funk,RB,2021,23.638603696098563,0,70,204,4.49,38,122,6.71,4.12,100.38638127398183,29.267755102040816,0.6400662349875514,7,233,-5.455321115357702,NA,NA,NA,NA,NA,NA,NA,NA,NA,NA,NA,NA,NA,NA,NA,NA,NA,NA,NA,NA,NA,NA,NA,NA,NA,NA,NA,NA,NA,NA,NA,NA,NA,0,0,1,5,0.5,0.1
00-0040704,Dillon Gabriel,QB,2025,24.67624914442163,0,71,205,NA,NA,NA,NA,NA,NA,28.5885736956953,NA,3,94,-4.553876891600541,NA,NA,NA,NA,NA,NA,NA,NA,NA,NA,NA,NA,NA,NA,NA,NA,NA,NA,NA,NA,NA,NA,NA,NA,NA,NA,NA,NA,NA,NA,NA,NA,NA,0,1,1,10,70.08,7.008
00-0040189,Oronde Gadsden II,TE,2025,22.187542778918548,0,77,243,NA,34,114,NA,NA,NA,28.812447292966773,-0.5416511344006301,5,165,-5.111987788356544,NA,NA,NA,NA,NA,NA,NA,NA,NA,NA,NA,NA,NA,NA,NA,NA,NA,NA,NA,NA,NA,NA,NA,NA,NA,NA,NA,NA,NA,NA,NA,NA,NA,0,0,1,15,108.9,7.260000000000001
00-0031190,Tyler Gaffney,RB,2014,23.367556468172484,0,71,220,4.49,36.5,116,6.78,4.18,108.25982294252942,30.68042055147788,0.39299772215823614,6,204,-5.3230099791384085,NA,NA,NA,NA,NA,NA,NA,NA,NA,NA,NA,NA,NA,NA,NA,NA,NA,NA,NA,NA,NA,NA,NA,NA,NA,NA,NA,NA,NA,NA,NA,NA,NA,0,0,1,0,0,0
00-0034411,Russell Gage,WR,2018,22.60917180013689,0,NA,NA,NA,NA,NA,NA,NA,NA,NA,NA,6,194,-5.272999558563747,NA,NA,NA,NA,NA,NA,NA,NA,NA,NA,NA,NA,NA,NA,NA,NA,NA,NA,NA,NA,NA,NA,NA,NA,NA,NA,NA,NA,NA,NA,NA,NA,NA,0,1,1,9,9.3,1.0333333333333334
00-0036919,Kenny Gainwell,RB,2021,22.469541409993155,0,NA,201,4.42,NA,NA,NA,NA,105.32633578052365,NA,0.7436969241866137,5,150,-5.017279836814924,NA,NA,NA,NA,NA,NA,NA,NA,NA,NA,NA,NA,NA,NA,NA,NA,NA,NA,NA,NA,NA,NA,NA,NA,NA,NA,NA,NA,NA,NA,NA,NA,NA,0,0,1,16,104.89999999999999,6.5562499999999995
00-0033950,Wayne Gallman,RB,2017,22.91854893908282,0,72,215,4.6,29.5,120,7.17,4.28,96.03667797070483,29.156057098765434,-0.3299549721200348,4,140,-4.948759890378168,NA,NA,NA,NA,NA,NA,NA,NA,NA,NA,NA,NA,NA,NA,NA,NA,NA,NA,NA,NA,NA,NA,NA,NA,NA,NA,NA,NA,NA,NA,NA,NA,NA,0,0,1,13,87.89999999999999,6.761538461538461
00-0034764,Michael Gallup,WR,2018,22.494182067077343,0,73,205,4.51,36,122,6.95,4.37,99.1009206722292,27.043535372490147,-0.11850392021035729,3,81,-4.406719247264253,NA,NA,NA,NA,NA,NA,NA,NA,NA,NA,NA,NA,NA,NA,NA,NA,NA,NA,NA,NA,NA,NA,NA,NA,NA,NA,NA,NA,NA,NA,NA,NA,NA,0,0,1,15,79.2,5.28
00-0036340,Antonio Gandy-Golden,WR,2020,22.392881587953458,0,76,223,4.6,36,127,7.33,4.55,99.61013575566129,27.14144736842105,-0.5216289232417552,4,142,-4.962844630259907,NA,NA,NA,NA,NA,NA,NA,NA,NA,NA,NA,NA,NA,NA,NA,NA,NA,NA,NA,NA,NA,NA,NA,NA,NA,NA,NA,NA,NA,NA,NA,NA,NA,0,0,1,4,3,0.75
00-0031345,Jimmy Garoppolo,QB,2014,22.830937713894592,0,74,226,4.97,30.5,110,7.04,4.26,74.08203093461327,29.013513513513512,0.14072293781889778,2,62,-4.143134726391533,NA,NA,NA,NA,NA,NA,NA,NA,NA,NA,NA,NA,NA,NA,NA,NA,NA,NA,NA,NA,NA,NA,NA,NA,NA,NA,NA,NA,NA,NA,NA,NA,NA,0,0,1,5,12.180000000000001,2.4360000000000004
00-0035311,Myles Gaskin,RB,2019,22.54072553045859,0,69,205,4.58,35.5,118,7.19,4.27,93.17983663635405,30.269901281243435,-0.16940032184054918,7,234,-5.459585514144159,NA,NA,NA,NA,NA,NA,NA,NA,NA,NA,NA,NA,NA,NA,NA,NA,NA,NA,NA,NA,NA,NA,NA,NA,NA,NA,NA,NA,NA,NA,NA,NA,NA,0,0,1,7,27.900000000000002,3.985714285714286
00-0033054,Rico Gathers,TE,2016,22.650239561943874,0,NA,NA,NA,NA,NA,NA,NA,NA,NA,NA,6,217,-5.384495062789089,NA,NA,NA,NA,NA,NA,NA,NA,NA,NA,NA,NA,NA,NA,NA,NA,NA,NA,NA,NA,NA,NA,NA,NA,NA,NA,NA,NA,NA,NA,NA,NA,NA,0,1,1,0,0,0
00-0035222,Zach Gentry,TE,2019,22.973305954825463,0,80,265,4.9,29.5,110,7.4,4.53,91.93725854543804,29.10859375,-1.3281958261004965,5,141,-4.955827057601261,NA,NA,NA,NA,NA,NA,NA,NA,NA,NA,NA,NA,NA,NA,NA,NA,NA,NA,NA,NA,NA,NA,NA,NA,NA,NA,NA,NA,NA,NA,NA,NA,NA,0,0,1,2,0.9,0.45
00-0034829,Mike Gesicki,TE,2018,22.913073237508556,0,77,247,4.54,41.5,129,6.76,4.1,116.27960223846479,29.286726260752236,1.8826557972454905,2,42,-3.7612001156935624,NA,NA,NA,NA,NA,NA,NA,NA,NA,NA,NA,NA,NA,NA,NA,NA,NA,NA,NA,NA,NA,NA,NA,NA,NA,NA,NA,NA,NA,NA,NA,NA,NA,0,0,1,14,31.200000000000003,2.2285714285714286
00-0039139,Jahmyr Gibbs,RB,2023,21.451060917180012,1,69,199,4.36,33.5,NA,NA,NA,110.13798203279227,29.383952951060703,0.10986575714539681,1,12,-2.5649493574615367,NA,NA,NA,NA,NA,NA,NA,NA,NA,NA,NA,NA,NA,NA,NA,NA,NA,NA,NA,NA,NA,NA,NA,NA,NA,NA,NA,NA,NA,NA,NA,NA,NA,0,0,1,15,216.1,14.406666666666666
00-0036328,Antonio Gibson,RB,2020,22.193018480492814,0,72,228,4.39,35,118,NA,NA,122.77410070451558,30.91898148148148,0.2542980404938405,3,66,-4.204692619390966,NA,NA,NA,NA,NA,NA,NA,NA,NA,NA,NA,NA,NA,NA,NA,NA,NA,NA,NA,NA,NA,NA,NA,NA,NA,NA,NA,NA,NA,NA,NA,NA,NA,0,0,1,14,188.2,13.442857142857141
00-0033573,Shelton Gibson,WR,2017,22.45311430527036,0,71,191,4.5,32,118,6.83,4.2,93.15653101661331,26.636183296964887,-0.529081157049471,5,166,-5.117993812416755,NA,NA,NA,NA,NA,NA,NA,NA,NA,NA,NA,NA,NA,NA,NA,NA,NA,NA,NA,NA,NA,NA,NA,NA,NA,NA,NA,NA,NA,NA,NA,NA,NA,0,0,1,2,2.1,1.05
00-0040179,DJ Giddens,RB,2025,22.017796030116358,0,72,212,4.43,39.5,130,NA,4.33,110.09078075109203,28.749228395061728,0.9148513914297456,5,151,-5.0238805208462765,NA,NA,NA,NA,NA,NA,NA,NA,NA,NA,NA,NA,NA,NA,NA,NA,NA,NA,NA,NA,NA,NA,NA,NA,NA,NA,NA,NA,NA,NA,NA,NA,NA,0,0,1,5,9.600000000000001,1.9200000000000004
00-0031395,Garrett Gilbert,QB,2014,23.170431211498972,0,NA,NA,NA,NA,NA,NA,NA,NA,NA,NA,6,214,-5.3706380281276624,NA,NA,NA,NA,NA,NA,NA,NA,NA,NA,NA,NA,NA,NA,NA,NA,NA,NA,NA,NA,NA,NA,NA,NA,NA,NA,NA,NA,NA,NA,NA,NA,NA,0,1,1,0,0,0
00-0035304,Cullen Gillaspia,RB,2019,24.306639288158795,0,NA,NA,NA,NA,NA,NA,NA,NA,NA,NA,7,220,-5.3981627015177525,NA,NA,NA,NA,NA,NA,NA,NA,NA,NA,NA,NA,NA,NA,NA,NA,NA,NA,NA,NA,NA,NA,NA,NA,NA,NA,NA,NA,NA,NA,NA,NA,NA,0,1,1,6,0,0
00-0030433,Mike Gillislee,RB,2013,22.833675564681723,0,71,208,4.55,30.5,119,7.12,4.4,97.0616665753554,29.006943066851814,-0.5824243501306985,5,164,-5.10594547390058,NA,NA,NA,NA,NA,NA,NA,NA,NA,NA,NA,NA,NA,NA,NA,NA,NA,NA,NA,NA,NA,NA,NA,NA,NA,NA,NA,NA,NA,NA,NA,NA,NA,0,0,1,2,2.1,1.05
00-0030992,Crockett Gillmore,TE,2014,22.792607802874745,0,78,260,4.89,33.5,120,7.42,4.44,90.94271325534348,30.042735042735043,-0.25743150153207595,3,99,-4.605170185988092,NA,NA,NA,NA,NA,NA,NA,NA,NA,NA,NA,NA,NA,NA,NA,NA,NA,NA,NA,NA,NA,NA,NA,NA,NA,NA,NA,NA,NA,NA,NA,NA,NA,0,0,1,9,23.1,2.566666666666667
00-0030520,Mike Glennon,QB,2013,23.720739219712527,0,79,225,4.94,26.5,102,7.49,4.52,75.5622215963846,25.34449607434706,-1.1071792762015802,3,73,-4.304065093204169,NA,NA,NA,NA,NA,NA,NA,NA,NA,NA,NA,NA,NA,NA,NA,NA,NA,NA,NA,NA,NA,NA,NA,NA,NA,NA,NA,NA,NA,NA,NA,NA,NA,0,0,1,13,164.01999999999998,12.616923076923076
00-0033921,Chris Godwin Jr.,WR,2017,21.51129363449692,1,73,209,4.42,36,126,7.01,4,109.51842874691265,27.571214111465565,0.4934691852499202,3,84,-4.442651256490317,NA,NA,NA,NA,NA,NA,NA,NA,NA,NA,NA,NA,NA,NA,NA,NA,NA,NA,NA,NA,NA,NA,NA,NA,NA,NA,NA,NA,NA,NA,NA,NA,NA,0,0,1,15,75.5,5.033333333333333
00-0035313,Terry Godwin,WR,2019,22.855578370978783,0,71,184,4.55,36.5,117,6.96,NA,85.86224350896825,25.659988097599683,-0.48571048820358914,7,237,-5.472270673671475,NA,NA,NA,NA,NA,NA,NA,NA,NA,NA,NA,NA,NA,NA,NA,NA,NA,NA,NA,NA,NA,NA,NA,NA,NA,NA,NA,NA,NA,NA,NA,NA,NA,0,0,1,0,0,0
00-0034351,Dallas Goedert,TE,2018,23.66050650239562,0,77,256,NA,NA,NA,NA,NA,NA,30.353853938269523,NA,2,49,-3.912023005428146,NA,NA,NA,NA,NA,NA,NA,NA,NA,NA,NA,NA,NA,NA,NA,NA,NA,NA,NA,NA,NA,NA,NA,NA,NA,NA,NA,NA,NA,NA,NA,NA,NA,0,1,1,15,73.9,4.926666666666667
00-0033106,Jared Goff,QB,2016,21.883641341546884,0,76,215,4.82,27,110,7.17,4.47,79.66733739608372,26.167763157894736,-0.6686023919958947,1,1,-0.6931471805599453,NA,NA,NA,NA,NA,NA,NA,NA,NA,NA,NA,NA,NA,NA,NA,NA,NA,NA,NA,NA,NA,NA,NA,NA,NA,NA,NA,NA,NA,NA,NA,NA,NA,0,0,1,7,57.160000000000004,8.165714285714285
00-0040667,Matthew Golden,WR,2025,22.086242299794662,0,71,191,4.29,NA,NA,NA,NA,112.780546359063,26.636183296964887,1.061413395009217,1,23,-3.1780538303479458,NA,NA,NA,NA,NA,NA,NA,NA,NA,NA,NA,NA,NA,NA,NA,NA,NA,NA,NA,NA,NA,NA,NA,NA,NA,NA,NA,NA,NA,NA,NA,NA,NA,0,0,1,14,55.5,3.9642857142857144
00-0033932,Kenny Golladay,WR,2017,23.82751540041068,0,76,218,4.5,35.5,120,7,4.15,106.32525529644872,26.532894736842106,-0.04094742319300235,3,96,-4.574710978503383,NA,NA,NA,NA,NA,NA,NA,NA,NA,NA,NA,NA,NA,NA,NA,NA,NA,NA,NA,NA,NA,NA,NA,NA,NA,NA,NA,NA,NA,NA,NA,NA,NA,0,0,1,11,80.6,7.327272727272727
00-0030068,Marquise Goodwin,WR,2013,22.784394250513348,0,69,183,4.27,NA,132,NA,NA,110.09550434531273,27.02142407057341,1.55564992697893,3,78,-4.3694478524670215,NA,NA,NA,NA,NA,NA,NA,NA,NA,NA,NA,NA,NA,NA,NA,NA,NA,NA,NA,NA,NA,NA,NA,NA,NA,NA,NA,NA,NA,NA,NA,NA,NA,0,0,1,12,56.1,4.675
00-0032144,Melvin Gordon,RB,2015,22.38466803559206,0,73,215,4.52,35,126,7.04,4.07,103.01838003989533,28.36273221992869,0.7481724192196457,1,15,-2.772588722239781,NA,NA,NA,NA,NA,NA,NA,NA,NA,NA,NA,NA,NA,NA,NA,NA,NA,NA,NA,NA,NA,NA,NA,NA,NA,NA,NA,NA,NA,NA,NA,NA,NA,0,0,1,14,91.80000000000001,6.557142857142858
00-0040198,Ollie Gordon II,RB,2025,21.6290212183436,1,73,226,4.61,34.5,120,NA,NA,100.0771048903496,29.81384875211109,-0.6674359208022441,6,179,-5.19295685089021,NA,NA,NA,NA,NA,NA,NA,NA,NA,NA,NA,NA,NA,NA,NA,NA,NA,NA,NA,NA,NA,NA,NA,NA,NA,NA,NA,NA,NA,NA,NA,NA,NA,0,0,1,17,50.60000000000001,2.9764705882352946
00-0039816,Anthony Gould,WR,2024,23.405886379192335,0,68,174,4.39,39.5,129,NA,4.16,93.69602422186715,26.45371972318339,0.015954788056701776,5,142,-4.962844630259907,NA,NA,NA,NA,NA,NA,NA,NA,NA,NA,NA,NA,NA,NA,NA,NA,NA,NA,NA,NA,NA,NA,NA,NA,NA,NA,NA,NA,NA,NA,NA,NA,NA,0,0,1,8,2.8000000000000003,0.35000000000000003
00-0030049,Chris Gragg,TE,2013,23.173169062286107,0,75,244,4.5,37.5,125,7.08,4.51,119.00624904740131,30.494577777777778,1.1175057151263856,7,222,-5.407171771460119,NA,NA,NA,NA,NA,NA,NA,NA,NA,NA,NA,NA,NA,NA,NA,NA,NA,NA,NA,NA,NA,NA,NA,NA,NA,NA,NA,NA,NA,NA,NA,NA,NA,0,0,1,2,13.8,6.9
00-0036876,Kylen Granson,TE,2021,23.433264887063654,0,NA,NA,NA,NA,NA,NA,NA,NA,NA,NA,4,127,-4.852030263919617,NA,NA,NA,NA,NA,NA,NA,NA,NA,NA,NA,NA,NA,NA,NA,NA,NA,NA,NA,NA,NA,NA,NA,NA,NA,NA,NA,NA,NA,NA,NA,NA,NA,0,1,1,10,16.1,1.61
00-0032791,Jakeem Grant,WR,2016,23.838466803559207,0,NA,NA,NA,NA,NA,NA,NA,NA,NA,NA,6,186,-5.231108616854587,NA,NA,NA,NA,NA,NA,NA,NA,NA,NA,NA,NA,NA,NA,NA,NA,NA,NA,NA,NA,NA,NA,NA,NA,NA,NA,NA,NA,NA,NA,NA,NA,NA,0,1,1,14,0.1,0.0071428571428571435
00-0031068,Ryan Grant,WR,2014,23.701574264202602,0,72,199,4.64,35.5,119,6.68,4.11,85.86400662360506,26.98630401234568,-0.21437291548509044,5,142,-4.962844630259907,NA,NA,NA,NA,NA,NA,NA,NA,NA,NA,NA,NA,NA,NA,NA,NA,NA,NA,NA,NA,NA,NA,NA,NA,NA,NA,NA,NA,NA,NA,NA,NA,NA,0,0,1,6,10.3,1.7166666666666668
00-0037828,Danny Gray,WR,2022,23.419575633127995,0,72,186,4.33,34,126,NA,NA,105.82574985708786,25.22337962962963,0.06769532195871174,3,105,-4.663439094112067,NA,NA,NA,NA,NA,NA,NA,NA,NA,NA,NA,NA,NA,NA,NA,NA,NA,NA,NA,NA,NA,NA,NA,NA,NA,NA,NA,NA,NA,NA,NA,NA,NA,0,0,1,7,2.4,0.34285714285714286
00-0038396,Eric Gray,RB,2023,23.824777549623544,0,70,207,NA,37.5,118,NA,NA,NA,29.69816326530612,-0.22558559422058005,5,172,-5.153291594497779,NA,NA,NA,NA,NA,NA,NA,NA,NA,NA,NA,NA,NA,NA,NA,NA,NA,NA,NA,NA,NA,NA,NA,NA,NA,NA,NA,NA,NA,NA,NA,NA,NA,0,0,1,10,10,1
00-0036637,Noah Gray,TE,2021,22.340862422997947,0,75,240,4.55,35,115,6.83,4.37,111.99423066387162,29.994666666666667,0.05355827733943287,5,162,-5.093750200806762,NA,NA,NA,NA,NA,NA,NA,NA,NA,NA,NA,NA,NA,NA,NA,NA,NA,NA,NA,NA,NA,NA,NA,NA,NA,NA,NA,NA,NA,NA,NA,NA,NA,0,0,1,7,13.1,1.8714285714285714
00-0032148,Garrett Grayson,QB,2015,24.26009582477755,0,74,213,4.75,NA,NA,NA,NA,83.6825991206329,27.344594594594593,-0.10559806332447058,3,75,-4.330733340286331,NA,NA,NA,NA,NA,NA,NA,NA,NA,NA,NA,NA,NA,NA,NA,NA,NA,NA,NA,NA,NA,NA,NA,NA,NA,NA,NA,NA,NA,NA,NA,NA,NA,0,0,1,0,0,0
00-0038627,Antoine Green,WR,2023,23.794661190965094,0,74,199,4.47,33.5,123,6.99,4.27,99.69031758652841,25.5472972972973,-0.4108877079964205,7,219,-5.393627546352361,NA,NA,NA,NA,NA,NA,NA,NA,NA,NA,NA,NA,NA,NA,NA,NA,NA,NA,NA,NA,NA,NA,NA,NA,NA,NA,NA,NA,NA,NA,NA,NA,NA,0,0,1,2,0.7,0.35
00-0035296,Marcus Green,WR,2019,23.04996577686516,0,NA,NA,NA,NA,NA,NA,NA,NA,NA,NA,6,203,-5.318119993844216,NA,NA,NA,NA,NA,NA,NA,NA,NA,NA,NA,NA,NA,NA,NA,NA,NA,NA,NA,NA,NA,NA,NA,NA,NA,NA,NA,NA,NA,NA,NA,NA,NA,0,1,1,0,0,0
00-0032218,Dorial Green-Beckham,WR,2015,22.38740588637919,0,77,237,4.49,33.5,119,6.89,4.45,116.62535471536124,28.10102884128858,-0.5277908556918124,2,40,-3.713572066704308,NA,NA,NA,NA,NA,NA,NA,NA,NA,NA,NA,NA,NA,NA,NA,NA,NA,NA,NA,NA,NA,NA,NA,NA,NA,NA,NA,NA,NA,NA,NA,NA,NA,0,0,1,14,94.9,6.778571428571429
00-0032170,Rashad Greene,WR,2015,22.937713894592743,0,71,182,4.53,36.5,122,6.88,4.12,86.43876944947021,25.381075183495337,-0.2584322901720848,5,139,-4.941642422609304,NA,NA,NA,NA,NA,NA,NA,NA,NA,NA,NA,NA,NA,NA,NA,NA,NA,NA,NA,NA,NA,NA,NA,NA,NA,NA,NA,NA,NA,NA,NA,NA,NA,0,0,1,9,30.8,3.4222222222222225
00-0030999,Marion Grice,RB,2014,23.394934976043807,0,72,208,4.67,NA,NA,NA,NA,87.46328974219607,28.20679012345679,-1.8259088861103139,6,201,-5.308267697401205,NA,NA,NA,NA,NA,NA,NA,NA,NA,NA,NA,NA,NA,NA,NA,NA,NA,NA,NA,NA,NA,NA,NA,NA,NA,NA,NA,NA,NA,NA,NA,NA,NA,0,0,1,6,16.5,2.75
00-0035251,Will Grier,QB,2019,24.413415468856947,0,74,217,4.84,34,112,7.09,4.28,79.08757930118138,27.85810810810811,-0.15760720509099596,3,100,-4.61512051684126,NA,NA,NA,NA,NA,NA,NA,NA,NA,NA,NA,NA,NA,NA,NA,NA,NA,NA,NA,NA,NA,NA,NA,NA,NA,NA,NA,NA,NA,NA,NA,NA,NA,0,0,1,2,1.3200000000000012,0.6600000000000006
00-0030108,Ryan Griffin,TE,2013,23.638603696098563,0,NA,NA,NA,NA,NA,NA,NA,NA,NA,NA,6,201,-5.308267697401205,NA,NA,NA,NA,NA,NA,NA,NA,NA,NA,NA,NA,NA,NA,NA,NA,NA,NA,NA,NA,NA,NA,NA,NA,NA,NA,NA,NA,NA,NA,NA,NA,NA,0,1,1,11,39.900000000000006,3.627272727272728
00-0039363,Isaac Guerendo,RB,2024,24.177960301163587,0,72,221,4.33,41.5,129,6.94,4.15,125.73919741084094,29.96971450617284,0.6848084427211287,4,129,-4.867534450455582,NA,NA,NA,NA,NA,NA,NA,NA,NA,NA,NA,NA,NA,NA,NA,NA,NA,NA,NA,NA,NA,NA,NA,NA,NA,NA,NA,NA,NA,NA,NA,NA,NA,0,0,1,16,88.7,5.54375
00-0034358,Derrius Guice,RB,2018,21.196440793976727,1,70,224,4.49,31.5,NA,NA,NA,110.22818335966633,32.137142857142855,-0.44148916892516604,2,59,-4.0943445622221,NA,NA,NA,NA,NA,NA,NA,NA,NA,NA,NA,NA,NA,NA,NA,NA,NA,NA,NA,NA,NA,NA,NA,NA,NA,NA,NA,NA,NA,NA,NA,NA,NA,0,0,1,0,0,0
00-0032241,Todd Gurley,RB,2015,21.078713210130047,1,73,222,4.52,NA,NA,NA,NA,106.37246683189191,29.286170013135674,0.826887982154665,1,10,-2.3978952727983707,NA,NA,NA,NA,NA,NA,NA,NA,NA,NA,NA,NA,NA,NA,NA,NA,NA,NA,NA,NA,NA,NA,NA,NA,NA,NA,NA,NA,NA,NA,NA,NA,NA,0,0,1,13,197.90000000000003,15.223076923076926
00-0032953,Christian Hackenberg,QB,2016,21.54688569472964,1,76,223,4.78,31,114,7.04,4.33,85.43253088681519,27.14144736842105,0.18967202426367477,2,51,-3.9512437185814275,NA,NA,NA,NA,NA,NA,NA,NA,NA,NA,NA,NA,NA,NA,NA,NA,NA,NA,NA,NA,NA,NA,NA,NA,NA,NA,NA,NA,NA,NA,NA,NA,NA,0,0,1,0,0,0
00-0038998,Jake Haener,QB,2023,24.479123887748116,0,72,207,NA,35,114,7.01,NA,NA,28.071180555555557,-0.08270438021201929,4,127,-4.852030263919617,NA,NA,NA,NA,NA,NA,NA,NA,NA,NA,NA,NA,NA,NA,NA,NA,NA,NA,NA,NA,NA,NA,NA,NA,NA,NA,NA,NA,NA,NA,NA,NA,NA,0,0,1,0,0,0
00-0038120,Breece Hall,RB,2022,21.253935660506503,1,71,217,4.39,40,126,NA,NA,116.85078882842053,30.262051180321365,1.644626514560853,2,36,-3.6109179126442243,NA,NA,NA,NA,NA,NA,NA,NA,NA,NA,NA,NA,NA,NA,NA,NA,NA,NA,NA,NA,NA,NA,NA,NA,NA,NA,NA,NA,NA,NA,NA,NA,NA,0,0,1,7,107.60000000000001,15.371428571428572
00-0038598,Jaren Hall,QB,2023,25.440109514031484,0,72,207,NA,NA,NA,NA,NA,NA,28.071180555555557,NA,5,164,-5.10594547390058,NA,NA,NA,NA,NA,NA,NA,NA,NA,NA,NA,NA,NA,NA,NA,NA,NA,NA,NA,NA,NA,NA,NA,NA,NA,NA,NA,NA,NA,NA,NA,NA,NA,0,1,1,3,6.12,2.04
00-0030290,Cobi Hamilton,WR,2013,22.80082135523614,0,74,212,4.56,29.5,107,NA,4.31,98.06329593943771,27.216216216216218,-1.109890153530652,6,197,-5.288267030694535,NA,NA,NA,NA,NA,NA,NA,NA,NA,NA,NA,NA,NA,NA,NA,NA,NA,NA,NA,NA,NA,NA,NA,NA,NA,NA,NA,NA,NA,NA,NA,NA,NA,0,0,1,0,0,0
00-0034370,DaeSean Hamilton,WR,2018,23.479808350444902,0,73,203,NA,34.5,118,6.84,4.15,NA,26.77969600300244,0.10146244197284485,4,113,-4.736198448394496,NA,NA,NA,NA,NA,NA,NA,NA,NA,NA,NA,NA,NA,NA,NA,NA,NA,NA,NA,NA,NA,NA,NA,NA,NA,NA,NA,NA,NA,NA,NA,NA,NA,0,0,1,11,51.3,4.663636363636363
00-0036412,KJ Hamler,WR,2020,21.152635181382614,1,69,178,NA,NA,NA,NA,NA,NA,26.28313379542113,NA,2,46,-3.8501476017100584,NA,NA,NA,NA,NA,NA,NA,NA,NA,NA,NA,NA,NA,NA,NA,NA,NA,NA,NA,NA,NA,NA,NA,NA,NA,NA,NA,NA,NA,NA,NA,NA,NA,0,1,1,12,75.1,6.258333333333333
00-0040666,Omarion Hampton,RB,2025,22.46406570841889,0,72,221,4.46,38,130,NA,4.4,111.70762913179219,29.96971450617284,0.6862466632105627,1,22,-3.1354942159291497,NA,NA,NA,NA,NA,NA,NA,NA,NA,NA,NA,NA,NA,NA,NA,NA,NA,NA,NA,NA,NA,NA,NA,NA,NA,NA,NA,NA,NA,NA,NA,NA,NA,0,0,1,9,119.7,13.3
00-0033840,Chad Hansen,WR,2017,22.62012320328542,0,74,202,4.53,35,119,6.74,4.13,95.93753532303836,25.93243243243243,-0.0022752067847786966,4,141,-4.955827057601261,NA,NA,NA,NA,NA,NA,NA,NA,NA,NA,NA,NA,NA,NA,NA,NA,NA,NA,NA,NA,NA,NA,NA,NA,NA,NA,NA,NA,NA,NA,NA,NA,NA,0,0,1,8,13.9,1.7375
00-0035140,Mecole Hardman,WR,2019,21.472963723477072,1,70,187,4.33,36.5,119,NA,NA,106.3947055014808,26.828775510204082,-0.1855539164345824,2,56,-4.04305126783455,NA,NA,NA,NA,NA,NA,NA,NA,NA,NA,NA,NA,NA,NA,NA,NA,NA,NA,NA,NA,NA,NA,NA,NA,NA,NA,NA,NA,NA,NA,NA,NA,NA,0,0,1,16,104.5,6.53125
00-0031570,Justin Hardy,WR,2015,23.704312114989733,0,70,192,4.56,36.5,114,6.63,4.21,88.81204160552848,27.54612244897959,-0.33993160981733145,4,107,-4.68213122712422,NA,NA,NA,NA,NA,NA,NA,NA,NA,NA,NA,NA,NA,NA,NA,NA,NA,NA,NA,NA,NA,NA,NA,NA,NA,NA,NA,NA,NA,NA,NA,NA,NA,0,0,1,9,29.900000000000002,3.3222222222222224
00-0035297,Kelvin Harmon,WR,2019,22.71047227926078,0,74,221,4.6,32.5,117,7.15,4.32,98.71677130942217,28.37162162162162,-0.7779030445102447,6,206,-5.332718793265369,NA,NA,NA,NA,NA,NA,NA,NA,NA,NA,NA,NA,NA,NA,NA,NA,NA,NA,NA,NA,NA,NA,NA,NA,NA,NA,NA,NA,NA,NA,NA,NA,NA,0,0,1,15,51.94,3.4626666666666663
00-0030077,Chris Harper,WR,2013,23.975359342915812,0,73,229,4.55,35.5,116,6.89,4.39,106.86116175844417,30.209607806342653,0.06627088708979179,4,123,-4.820281565605037,NA,NA,NA,NA,NA,NA,NA,NA,NA,NA,NA,NA,NA,NA,NA,NA,NA,NA,NA,NA,NA,NA,NA,NA,NA,NA,NA,NA,NA,NA,NA,NA,NA,0,0,1,1,0,0
00-0031854,Chris Harper,WR,2013,19.734428473648187,1,73,229,4.55,35.5,116,6.89,4.39,106.86116175844417,30.209607806342653,0.06627088708979179,4,123,-4.820281565605037,NA,NA,NA,NA,NA,NA,NA,NA,NA,NA,NA,NA,NA,NA,NA,NA,NA,NA,NA,NA,NA,NA,NA,NA,NA,NA,NA,NA,NA,NA,NA,NA,NA,0,0,1,0,0,0
00-0040727,Tre Harris,WR,2025,23.50718685831622,0,74,205,4.54,38.5,125,NA,NA,96.50736218172179,26.31756756756757,9.298734386045856e-4,2,55,-4.02535169073515,NA,NA,NA,NA,NA,NA,NA,NA,NA,NA,NA,NA,NA,NA,NA,NA,NA,NA,NA,NA,NA,NA,NA,NA,NA,NA,NA,NA,NA,NA,NA,NA,NA,0,0,1,16,54.4,3.4
00-0035657,Damien Harris,RB,2019,22.55167693360712,0,70,216,4.57,37,121,NA,NA,99.04189620545361,30.98938775510204,0.22111073748919546,3,87,-4.477336814478207,NA,NA,NA,NA,NA,NA,NA,NA,NA,NA,NA,NA,NA,NA,NA,NA,NA,NA,NA,NA,NA,NA,NA,NA,NA,NA,NA,NA,NA,NA,NA,NA,NA,0,0,1,1,1.2000000000000002,1.2000000000000002
00-0036918,Jacob Harris,WR,2021,24.37782340862423,0,77,219,4.39,40.5,133,6.54,4.31,117.92775462407417,25.966773486254006,1.169152144845032,4,141,-4.955827057601261,NA,NA,NA,NA,NA,NA,NA,NA,NA,NA,NA,NA,NA,NA,NA,NA,NA,NA,NA,NA,NA,NA,NA,NA,NA,NA,NA,NA,NA,NA,NA,NA,NA,0,0,1,2,0,0
00-0037286,Kevin Harris,RB,2022,21.78781656399726,0,70,221,NA,38.5,126,NA,NA,NA,31.70673469387755,1.5549597430694124,6,183,-5.214935757608986,NA,NA,NA,NA,NA,NA,NA,NA,NA,NA,NA,NA,NA,NA,NA,NA,NA,NA,NA,NA,NA,NA,NA,NA,NA,NA,NA,NA,NA,NA,NA,NA,NA,0,0,1,5,11.2,2.2399999999999998
00-0036893,Najee Harris,RB,2021,23.482546201232033,0,NA,NA,NA,NA,NA,NA,NA,NA,NA,NA,1,24,-3.2188758248682006,NA,NA,NA,NA,NA,NA,NA,NA,NA,NA,NA,NA,NA,NA,NA,NA,NA,NA,NA,NA,NA,NA,NA,NA,NA,NA,NA,NA,NA,NA,NA,NA,NA,0,1,1,17,263.7,15.511764705882353
00-0007024,Marvin Harrison,WR,2024,52.01916495550992,0,75,209,NA,NA,NA,NA,NA,NA,26.120355555555555,NA,1,4,-1.6094379124341003,NA,NA,NA,NA,NA,NA,NA,NA,NA,NA,NA,NA,NA,NA,NA,NA,NA,NA,NA,NA,NA,NA,NA,NA,NA,NA,NA,NA,NA,NA,NA,NA,NA,0,1,1,0,0,0
00-0039849,Marvin Harrison Jr.,WR,2024,22.05886379192334,0,75,209,NA,NA,NA,NA,NA,NA,26.120355555555555,NA,1,4,-1.6094379124341003,NA,NA,NA,NA,NA,NA,NA,NA,NA,NA,NA,NA,NA,NA,NA,NA,NA,NA,NA,NA,NA,NA,NA,NA,NA,NA,NA,NA,NA,NA,NA,NA,NA,0,1,1,17,167.5,9.852941176470589
00-0035624,N'Keal Harry,TE,2019,21.7056810403833,1,74,228,4.53,38.5,122,NA,NA,108.28593095867697,29.27027027027027,0.9304772809774233,1,32,-3.4965075614664802,NA,NA,NA,NA,NA,NA,NA,NA,NA,NA,NA,NA,NA,NA,NA,NA,NA,NA,NA,NA,NA,NA,NA,NA,NA,NA,NA,NA,NA,NA,NA,NA,NA,0,0,1,7,33.4,4.771428571428571
00-0040730,RJ Harvey,RB,2025,24.57221081451061,0,68,205,4.4,38,127,NA,4.34,109.38887371081205,31.16673875432526,0.5544856565636748,2,60,-4.110873864173311,NA,NA,NA,NA,NA,NA,NA,NA,NA,NA,NA,NA,NA,NA,NA,NA,NA,NA,NA,NA,NA,NA,NA,NA,NA,NA,NA,NA,NA,NA,NA,NA,NA,0,0,1,17,183.1,10.770588235294117
00-0035232,Dwayne Haskins,QB,2019,22.32991101984942,0,75,231,5.04,28.5,NA,NA,NA,71.60112232233672,28.869866666666667,-1.6374311056581035,1,15,-2.772588722239781,NA,NA,NA,NA,NA,NA,NA,NA,NA,NA,NA,NA,NA,NA,NA,NA,NA,NA,NA,NA,NA,NA,NA,NA,NA,NA,NA,NA,NA,NA,NA,NA,NA,0,0,1,9,78.69999999999999,8.744444444444444
00-0037617,Hassan Haskins,RB,2022,22.765229295003422,0,74,228,NA,NA,NA,NA,NA,NA,29.27027027027027,NA,4,131,-4.882801922586371,NA,NA,NA,NA,NA,NA,NA,NA,NA,NA,NA,NA,NA,NA,NA,NA,NA,NA,NA,NA,NA,NA,NA,NA,NA,NA,NA,NA,NA,NA,NA,NA,NA,0,1,1,14,20.5,1.4642857142857142
00-0040194,Jackson Hawes,TE,2025,24.736481861738536,0,77,253,4.82,34.5,121,NA,4.4,93.74807609864736,29.998144712430427,-0.049311264453013315,5,173,-5.159055299214529,NA,NA,NA,NA,NA,NA,NA,NA,NA,NA,NA,NA,NA,NA,NA,NA,NA,NA,NA,NA,NA,NA,NA,NA,NA,NA,NA,NA,NA,NA,NA,NA,NA,0,0,1,13,44.7,3.4384615384615387
00-0031315,Matt Hazel,WR,2014,22.60643394934976,0,73,198,4.5,36.5,118,7.08,4.2,96.57064471879286,26.12009757928317,-0.49541417420930745,6,190,-5.25227342804663,NA,NA,NA,NA,NA,NA,NA,NA,NA,NA,NA,NA,NA,NA,NA,NA,NA,NA,NA,NA,NA,NA,NA,NA,NA,NA,NA,NA,NA,NA,NA,NA,NA,0,0,1,0,0,0
00-0040584,Gunnar Helm,TE,2025,22.986995208761122,0,77,241,4.84,30,NA,7.15,4.4,87.83459268011387,28.575307809074044,-0.9394999126806645,4,120,-4.795790545596741,NA,NA,NA,NA,NA,NA,NA,NA,NA,NA,NA,NA,NA,NA,NA,NA,NA,NA,NA,NA,NA,NA,NA,NA,NA,NA,NA,NA,NA,NA,NA,NA,NA,0,0,1,16,69.7,4.35625
00-0033112,Temarrick Hemingway,TE,2016,23.091033538672143,0,77,244,4.71,30.5,115,6.88,4.31,99.15992588397084,28.93101703491314,-0.08149922640185285,6,177,-5.181783550292085,NA,NA,NA,NA,NA,NA,NA,NA,NA,NA,NA,NA,NA,NA,NA,NA,NA,NA,NA,NA,NA,NA,NA,NA,NA,NA,NA,NA,NA,NA,NA,NA,NA,0,0,1,2,0,0
00-0033919,Carlos Henderson,WR,2017,22.702258726899384,0,71,199,4.46,36,131,7.18,4.35,100.58741265713414,27.751834953382264,-0.3033346020988036,3,82,-4.418840607796598,NA,NA,NA,NA,NA,NA,NA,NA,NA,NA,NA,NA,NA,NA,NA,NA,NA,NA,NA,NA,NA,NA,NA,NA,NA,NA,NA,NA,NA,NA,NA,NA,NA,0,0,1,0,0,0
00-0035664,Darrell Henderson,RB,2019,22.034223134839152,0,68,208,4.49,33.5,121,NA,NA,102.35474169111873,31.622837370242216,0.06523211274932203,3,70,-4.2626798770413155,NA,NA,NA,NA,NA,NA,NA,NA,NA,NA,NA,NA,NA,NA,NA,NA,NA,NA,NA,NA,NA,NA,NA,NA,NA,NA,NA,NA,NA,NA,NA,NA,NA,0,0,1,9,20.400000000000002,2.266666666666667
00-0033581,De'Angelo Henderson Sr.,RB,2017,24.76933607118412,0,67,208,4.48,34,120,NA,NA,103.27168774078505,32.57384718200044,0.16415839756658557,6,203,-5.318119993844216,NA,NA,NA,NA,NA,NA,NA,NA,NA,NA,NA,NA,NA,NA,NA,NA,NA,NA,NA,NA,NA,NA,NA,NA,NA,NA,NA,NA,NA,NA,NA,NA,NA,0,0,1,3,11.9,3.966666666666667
00-0040734,TreVeyon Henderson,RB,2025,22.861054072553046,0,70,202,4.43,38.5,128,NA,NA,104.89781939490844,28.98081632653061,0.6998687135899593,2,38,-3.6635616461296463,NA,NA,NA,NA,NA,NA,NA,NA,NA,NA,NA,NA,NA,NA,NA,NA,NA,NA,NA,NA,NA,NA,NA,NA,NA,NA,NA,NA,NA,NA,NA,NA,NA,0,0,1,17,188.70000000000002,11.100000000000001
00-0032764,Derrick Henry,RB,2016,22.65845311430527,0,75,247,4.54,37,130,7.2,4.38,116.27960223846479,30.869511111111112,0.2138666633888241,2,45,-3.828641396489095,NA,NA,NA,NA,NA,NA,NA,NA,NA,NA,NA,NA,NA,NA,NA,NA,NA,NA,NA,NA,NA,NA,NA,NA,NA,NA,NA,NA,NA,NA,NA,NA,NA,0,0,1,14,99.2,7.085714285714286
00-0033090,Hunter Henry,TE,2016,21.73579739904175,1,77,250,4.79,NA,NA,NA,NA,94.97907828037154,29.64243548659133,-0.9520810710018137,2,35,-3.58351893845611,NA,NA,NA,NA,NA,NA,NA,NA,NA,NA,NA,NA,NA,NA,NA,NA,NA,NA,NA,NA,NA,NA,NA,NA,NA,NA,NA,NA,NA,NA,NA,NA,NA,0,0,1,13,113.80000000000001,8.753846153846155
00-0036355,Justin Herbert,QB,2020,22.480492813141684,0,78,236,4.68,35.5,123,7.06,4.46,98.39172764298874,27.269559500328732,1.1244164476559397,1,6,-1.9459101490553132,NA,NA,NA,NA,NA,NA,NA,NA,NA,NA,NA,NA,NA,NA,NA,NA,NA,NA,NA,NA,NA,NA,NA,NA,NA,NA,NA,NA,NA,NA,NA,NA,NA,0,0,1,15,330.84,22.055999999999997
00-0036906,Khalil Herbert,RB,2021,23.364818617385353,0,68,210,4.46,33,115,6.96,4.31,106.14752089446317,31.92690311418685,-0.2536342728357383,6,217,-5.384495062789089,NA,NA,NA,NA,NA,NA,NA,NA,NA,NA,NA,NA,NA,NA,NA,NA,NA,NA,NA,NA,NA,NA,NA,NA,NA,NA,NA,NA,NA,NA,NA,NA,NA,0,0,1,16,71.9,4.49375
00-0034766,Chris Herndon,TE,2018,22.521560574948666,0,76,253,NA,NA,NA,NA,NA,NA,30.792763157894736,NA,4,107,-4.68213122712422,NA,NA,NA,NA,NA,NA,NA,NA,NA,NA,NA,NA,NA,NA,NA,NA,NA,NA,NA,NA,NA,NA,NA,NA,NA,NA,NA,NA,NA,NA,NA,NA,NA,0,1,1,14,93.7,6.692857142857143
00-0031187,Robert Herron,WR,2014,22.247775496235455,0,69,193,4.48,35.5,125,6.84,4.27,95.82421025947843,28.498004620877968,-0.11055082625189518,6,185,-5.225746673713202,NA,NA,NA,NA,NA,NA,NA,NA,NA,NA,NA,NA,NA,NA,NA,NA,NA,NA,NA,NA,NA,NA,NA,NA,NA,NA,NA,NA,NA,NA,NA,NA,NA,0,0,1,6,14.8,2.466666666666667
00-0032227,Jeff Heuerman,TE,2015,22.767967145790553,0,77,254,4.81,NA,NA,NA,NA,94.90375730583133,30.11671445437679,-0.1806235177499327,3,92,-4.532599493153256,NA,NA,NA,NA,NA,NA,NA,NA,NA,NA,NA,NA,NA,NA,NA,NA,NA,NA,NA,NA,NA,NA,NA,NA,NA,NA,NA,NA,NA,NA,NA,NA,NA,0,0,1,0,0,0
00-0037304,Connor Heyward,RB,2022,23.60848733744011,0,71,233,4.72,32.5,NA,NA,NA,93.88969368000178,32.49335449315612,-0.7941687651780951,6,208,-5.342334251964811,NA,NA,NA,NA,NA,NA,NA,NA,NA,NA,NA,NA,NA,NA,NA,NA,NA,NA,NA,NA,NA,NA,NA,NA,NA,NA,NA,NA,NA,NA,NA,NA,NA,0,0,1,15,29.8,1.9866666666666668
00-0033110,Tyler Higbee,TE,2016,23.665982203969882,0,78,249,4.77,NA,NA,NA,NA,96.19573706265128,28.771696252465482,-0.670200179235057,4,110,-4.709530201312334,NA,NA,NA,NA,NA,NA,NA,NA,NA,NA,NA,NA,NA,NA,NA,NA,NA,NA,NA,NA,NA,NA,NA,NA,NA,NA,NA,NA,NA,NA,NA,NA,NA,0,0,1,12,20,1.6666666666666667
00-0039041,Elijah Higgins,TE,2023,22.844626967830255,0,75,235,4.54,35,126,7.01,NA,110.63039079368107,29.369777777777777,0.44829387501014123,6,197,-5.288267030694535,NA,NA,NA,NA,NA,NA,NA,NA,NA,NA,NA,NA,NA,NA,NA,NA,NA,NA,NA,NA,NA,NA,NA,NA,NA,NA,NA,NA,NA,NA,NA,NA,NA,0,0,1,11,29.3,2.6636363636363636
00-0040130,Jayden Higgins,WR,2025,22.713210130047912,0,76,214,4.47,39,128,NA,NA,107.20466313325164,26.04605263157895,0.6240901166129004,2,34,-3.5553480614894135,NA,NA,NA,NA,NA,NA,NA,NA,NA,NA,NA,NA,NA,NA,NA,NA,NA,NA,NA,NA,NA,NA,NA,NA,NA,NA,NA,NA,NA,NA,NA,NA,NA,0,0,1,17,109,6.411764705882353
00-0032977,Rashard Higgins,WR,2016,21.90280629705681,0,73,196,4.64,32,116,NA,NA,84.56957436294769,25.85625820979546,-1.2074979282872575,5,172,-5.153291594497779,NA,NA,NA,NA,NA,NA,NA,NA,NA,NA,NA,NA,NA,NA,NA,NA,NA,NA,NA,NA,NA,NA,NA,NA,NA,NA,NA,NA,NA,NA,NA,NA,NA,0,0,1,10,10.7,1.0699999999999998
00-0036410,Tee Higgins,WR,2020,21.620807665982205,1,76,216,NA,NA,NA,NA,NA,NA,26.289473684210527,NA,2,33,-3.5263605246161616,NA,NA,NA,NA,NA,NA,NA,NA,NA,NA,NA,NA,NA,NA,NA,NA,NA,NA,NA,NA,NA,NA,NA,NA,NA,NA,NA,NA,NA,NA,NA,NA,NA,0,1,1,15,163.10000000000002,10.873333333333335
00-0036398,John Hightower,WR,2020,24.254620123203285,0,73,189,4.43,38.5,122,7.07,4.21,98.14696963186977,24.932820416588477,0.14588417349187238,5,168,-5.1298987149230735,NA,NA,NA,NA,NA,NA,NA,NA,NA,NA,NA,NA,NA,NA,NA,NA,NA,NA,NA,NA,NA,NA,NA,NA,NA,NA,NA,NA,NA,NA,NA,NA,NA,0,0,1,10,21.799999999999997,2.1799999999999997
00-0033567,Brian Hill,RB,2017,21.812457221081452,0,73,219,4.54,34,125,7.03,4.32,103.09810886730278,28.89041095890411,0.3703528822652063,5,156,-5.056245805348308,NA,NA,NA,NA,NA,NA,NA,NA,NA,NA,NA,NA,NA,NA,NA,NA,NA,NA,NA,NA,NA,NA,NA,NA,NA,NA,NA,NA,NA,NA,NA,NA,NA,0,0,1,4,8.3,2.075
00-0031301,Jeremy Hill,RB,2014,21.864476386036962,0,73,233,4.56,29,113,NA,NA,107.77711299004238,30.73728654531807,-0.6989707988435332,2,55,-4.02535169073515,NA,NA,NA,NA,NA,NA,NA,NA,NA,NA,NA,NA,NA,NA,NA,NA,NA,NA,NA,NA,NA,NA,NA,NA,NA,NA,NA,NA,NA,NA,NA,NA,NA,0,0,1,16,197.4,12.3375
00-0034975,Justice Hill,RB,2019,21.796030116358658,0,70,198,4.4,40,130,NA,NA,105.65364387678433,28.406938775510206,1.4257475650191163,4,113,-4.736198448394496,NA,NA,NA,NA,NA,NA,NA,NA,NA,NA,NA,NA,NA,NA,NA,NA,NA,NA,NA,NA,NA,NA,NA,NA,NA,NA,NA,NA,NA,NA,NA,NA,NA,0,0,1,16,45.5,2.84375
00-0036382,K.J. Hill,WR,2020,22.962354551676935,0,72,196,4.6,32.5,114,NA,NA,87.54971573143324,26.579475308641975,-1.7277024650530224,7,220,-5.3981627015177525,NA,NA,NA,NA,NA,NA,NA,NA,NA,NA,NA,NA,NA,NA,NA,NA,NA,NA,NA,NA,NA,NA,NA,NA,NA,NA,NA,NA,NA,NA,NA,NA,NA,0,0,1,12,10.8,0.9
00-0036669,Kylin Hill,RB,2021,23.039014373716633,0,70,214,4.51,36,122,7.13,4.35,103.45169279930268,30.702448979591836,-0.08067425602443078,7,256,-5.54907608489522,NA,NA,NA,NA,NA,NA,NA,NA,NA,NA,NA,NA,NA,NA,NA,NA,NA,NA,NA,NA,NA,NA,NA,NA,NA,NA,NA,NA,NA,NA,NA,NA,NA,0,0,1,8,3.4000000000000004,0.42500000000000004
00-0033040,Tyreek Hill,WR,2016,22.50513347022587,0,NA,NA,NA,NA,NA,NA,NA,NA,NA,NA,5,165,-5.111987788356544,NA,NA,NA,NA,NA,NA,NA,NA,NA,NA,NA,NA,NA,NA,NA,NA,NA,NA,NA,NA,NA,NA,NA,NA,NA,NA,NA,NA,NA,NA,NA,NA,NA,0,1,1,16,170.5,10.65625
00-0031625,Kenny Hilliard,RB,2015,23.912388774811774,0,72,226,4.83,27,111,7.17,4.4,83.05196491175583,30.647762345679013,-1.172086120607891,7,235,-5.4638318050256105,NA,NA,NA,NA,NA,NA,NA,NA,NA,NA,NA,NA,NA,NA,NA,NA,NA,NA,NA,NA,NA,NA,NA,NA,NA,NA,NA,NA,NA,NA,NA,NA,NA,0,0,1,0,0,0
00-0034367,Nyheim Hines,RB,2018,21.801505817932924,0,68,198,4.38,35.5,119,7.18,4.35,107.59664852325028,30.10250865051903,-0.5401089952033212,4,104,-4.653960350157523,NA,NA,NA,NA,NA,NA,NA,NA,NA,NA,NA,NA,NA,NA,NA,NA,NA,NA,NA,NA,NA,NA,NA,NA,NA,NA,NA,NA,NA,NA,NA,NA,NA,0,0,1,16,129.4,8.0875
00-0035229,T.J. Hockenson,TE,2019,22.16290212183436,0,77,251,4.7,37.5,123,7.02,4.18,102.87557731745167,29.761005228537694,0.9166938395172044,1,8,-2.1972245773362196,NA,NA,NA,NA,NA,NA,NA,NA,NA,NA,NA,NA,NA,NA,NA,NA,NA,NA,NA,NA,NA,NA,NA,NA,NA,NA,NA,NA,NA,NA,NA,NA,NA,0,0,1,12,64.7,5.391666666666667
00-0033966,Temuchin Hodges,TE,2017,22.067077344284737,0,78,257,4.57,39,134,NA,4.45,117.84151539259989,29.696088099934254,0.6324165020773751,6,201,-5.308267697401205,NA,NA,NA,NA,NA,NA,NA,NA,NA,NA,NA,NA,NA,NA,NA,NA,NA,NA,NA,NA,NA,NA,NA,NA,NA,NA,NA,NA,NA,NA,NA,NA,NA,0,0,1,0,0,0
00-0036165,Isaiah Hodgins,WR,2020,21.864476386036962,0,76,210,4.61,36.5,124,7.01,4.12,92.9920001193514,25.55921052631579,0.15882491296330495,6,207,-5.337538079701318,NA,NA,NA,NA,NA,NA,NA,NA,NA,NA,NA,NA,NA,NA,NA,NA,NA,NA,NA,NA,NA,NA,NA,NA,NA,NA,NA,NA,NA,NA,NA,NA,NA,0,0,1,0,0,0
00-0032784,Kevin Hogan,QB,2016,23.865845311430526,0,75,218,4.78,32.5,113,6.9,4.31,83.5170032884561,27.245155555555556,0.41760748640000867,5,162,-5.093750200806762,NA,NA,NA,NA,NA,NA,NA,NA,NA,NA,NA,NA,NA,NA,NA,NA,NA,NA,NA,NA,NA,NA,NA,NA,NA,NA,NA,NA,NA,NA,NA,NA,NA,0,0,1,3,16.66,5.553333333333334
00-0033555,Mack Hollins,WR,2017,23.958932238193018,0,76,221,4.53,NA,NA,NA,NA,104.96136290292812,26.898026315789473,0.5287753227816645,4,118,-4.77912349311153,NA,NA,NA,NA,NA,NA,NA,NA,NA,NA,NA,NA,NA,NA,NA,NA,NA,NA,NA,NA,NA,NA,NA,NA,NA,NA,NA,NA,NA,NA,NA,NA,NA,0,0,1,12,36.6,3.0500000000000003
00-0035594,Travis Homer,RB,2019,21.06776180698152,1,70,201,4.48,39.5,130,7.07,4.31,99.79619824950863,28.83734693877551,0.7777071527537404,6,204,-5.3230099791384085,NA,NA,NA,NA,NA,NA,NA,NA,NA,NA,NA,NA,NA,NA,NA,NA,NA,NA,NA,NA,NA,NA,NA,NA,NA,NA,NA,NA,NA,NA,NA,NA,NA,0,0,1,7,22.5,3.2142857142857144
00-0033975,Elijah Hood,RB,2017,21.360711841204655,1,72,232,NA,NA,NA,NA,NA,NA,31.46141975308642,NA,7,242,-5.493061443340548,NA,NA,NA,NA,NA,NA,NA,NA,NA,NA,NA,NA,NA,NA,NA,NA,NA,NA,NA,NA,NA,NA,NA,NA,NA,NA,NA,NA,NA,NA,NA,NA,NA,0,1,1,0,0,0
00-0038550,Hendon Hooker,QB,2023,25.631759069130734,0,75,217,NA,NA,NA,NA,NA,NA,27.120177777777776,NA,3,68,-4.23410650459726,NA,NA,NA,NA,NA,NA,NA,NA,NA,NA,NA,NA,NA,NA,NA,NA,NA,NA,NA,NA,NA,NA,NA,NA,NA,NA,NA,NA,NA,NA,NA,NA,NA,0,1,1,0,0,0
00-0032392,Austin Hooper,TE,2016,21.842573579739906,0,76,254,4.72,33,117,7,4.32,102.35185491296332,30.914473684210527,0.09608524570151218,3,81,-4.406719247264253,NA,NA,NA,NA,NA,NA,NA,NA,NA,NA,NA,NA,NA,NA,NA,NA,NA,NA,NA,NA,NA,NA,NA,NA,NA,NA,NA,NA,NA,NA,NA,NA,NA,0,0,1,13,54.6,4.2
00-0036424,Brycen Hopkins,TE,2020,23.433264887063654,0,76,245,4.66,33.5,116,7.25,4.28,103.90882007518918,29.81907894736842,0.05184589282375275,4,136,-4.919980925828125,NA,NA,NA,NA,NA,NA,NA,NA,NA,NA,NA,NA,NA,NA,NA,NA,NA,NA,NA,NA,NA,NA,NA,NA,NA,NA,NA,NA,NA,NA,NA,NA,NA,0,0,1,0,0,0
00-0030564,DeAndre Hopkins,WR,2013,21.23750855578371,1,73,214,4.57,36,115,NA,4.5,98.12484161095867,28.23081253518484,-0.35822644799328185,1,27,-3.332204510175204,NA,NA,NA,NA,NA,NA,NA,NA,NA,NA,NA,NA,NA,NA,NA,NA,NA,NA,NA,NA,NA,NA,NA,NA,NA,NA,NA,NA,NA,NA,NA,NA,NA,0,0,1,16,118.2,7.3875
00-0040218,Jimmy Horn Jr.,WR,2025,22.97056810403833,0,68,174,4.46,38,128,NA,4.41,87.95080302684092,26.45371972318339,-0.553832473983888,6,208,-5.342334251964811,NA,NA,NA,NA,NA,NA,NA,NA,NA,NA,NA,NA,NA,NA,NA,NA,NA,NA,NA,NA,NA,NA,NA,NA,NA,NA,NA,NA,NA,NA,NA,NA,NA,0,0,1,10,23.200000000000003,2.3200000000000003
00-0040648,Tory Horton,WR,2025,22.757015742642025,0,75,196,4.41,37.5,NA,NA,NA,103.64102731064273,24.495644444444444,0.2176527374238407,5,166,-5.117993812416755,NA,NA,NA,NA,NA,NA,NA,NA,NA,NA,NA,NA,NA,NA,NA,NA,NA,NA,NA,NA,NA,NA,NA,NA,NA,NA,NA,NA,NA,NA,NA,NA,NA,0,0,1,8,52.6,6.575
00-0037331,Zander Horvath,RB,2022,23.72621492128679,0,NA,NA,NA,NA,NA,NA,NA,NA,NA,NA,7,260,-5.564520407322694,NA,NA,NA,NA,NA,NA,NA,NA,NA,NA,NA,NA,NA,NA,NA,NA,NA,NA,NA,NA,NA,NA,NA,NA,NA,NA,NA,NA,NA,NA,NA,NA,NA,0,1,1,8,16.1,2.0125
00-0032780,Jordan Howard,RB,2016,21.831622176591377,0,72,230,4.57,34,122,NA,NA,105.4612783669182,31.19020061728395,-0.012894385196404822,5,150,-5.017279836814924,NA,NA,NA,NA,NA,NA,NA,NA,NA,NA,NA,NA,NA,NA,NA,NA,NA,NA,NA,NA,NA,NA,NA,NA,NA,NA,NA,NA,NA,NA,NA,NA,NA,0,0,1,15,215.60000000000002,14.373333333333335
00-0033879,O.J. Howard,TE,2017,22.78713210130048,0,78,251,4.51,30,121,6.85,4.16,121.33820043282697,29.002794214332678,0.5287273884023281,1,19,-2.995732273553991,NA,NA,NA,NA,NA,NA,NA,NA,NA,NA,NA,NA,NA,NA,NA,NA,NA,NA,NA,NA,NA,NA,NA,NA,NA,NA,NA,NA,NA,NA,NA,NA,NA,0,0,1,13,92.2,7.092307692307693
00-0040203,Will Howard,QB,2025,23.93702943189596,0,76,236,NA,31.5,112,7.13,4.33,NA,28.723684210526315,-0.7071067811865475,6,185,-5.225746673713202,NA,NA,NA,NA,NA,NA,NA,NA,NA,NA,NA,NA,NA,NA,NA,NA,NA,NA,NA,NA,NA,NA,NA,NA,NA,NA,NA,NA,NA,NA,NA,NA,NA,0,0,1,0,0,0
00-0037077,Sam Howell,QB,2022,21.95756331279945,0,73,218,NA,NA,NA,NA,NA,NA,28.758491274160257,NA,5,144,-4.976733742420574,NA,NA,NA,NA,NA,NA,NA,NA,NA,NA,NA,NA,NA,NA,NA,NA,NA,NA,NA,NA,NA,NA,NA,NA,NA,NA,NA,NA,NA,NA,NA,NA,NA,0,1,1,1,18.259999999999998,18.259999999999998
00-0036555,Chuba Hubbard,RB,2021,22.2258726899384,0,72,210,4.48,36,120,7.24,4.26,104.2646847382926,28.47800925925926,-0.09580593548618743,4,126,-4.844187086458591,NA,NA,NA,NA,NA,NA,NA,NA,NA,NA,NA,NA,NA,NA,NA,NA,NA,NA,NA,NA,NA,NA,NA,NA,NA,NA,NA,NA,NA,NA,NA,NA,NA,0,0,1,16,125.10000000000001,7.8187500000000005
00-0030990,Josh Huff,WR,2014,22.882956878850102,0,71,206,4.51,35.5,116,NA,NA,99.58433979745958,28.728030152747472,-0.5249500694349125,3,86,-4.465908118654584,NA,NA,NA,NA,NA,NA,NA,NA,NA,NA,NA,NA,NA,NA,NA,NA,NA,NA,NA,NA,NA,NA,NA,NA,NA,NA,NA,NA,NA,NA,NA,NA,NA,0,0,1,12,14.5,1.2083333333333333
00-0038397,Evan Hull,RB,2023,22.847364818617386,0,70,209,4.47,37,123,6.9,4.38,104.6998812843439,29.985102040816326,0.34080214259380415,5,176,-5.176149732573829,NA,NA,NA,NA,NA,NA,NA,NA,NA,NA,NA,NA,NA,NA,NA,NA,NA,NA,NA,NA,NA,NA,NA,NA,NA,NA,NA,NA,NA,NA,NA,NA,NA,0,0,1,1,1.2000000000000002,1.2000000000000002
00-0031589,Brett Hundley,QB,2015,22.21218343600274,0,75,226,4.63,36,120,6.93,3.98,98.35908290348068,28.244977777777777,0.8388226978624702,5,147,-4.997212273764115,NA,NA,NA,NA,NA,NA,NA,NA,NA,NA,NA,NA,NA,NA,NA,NA,NA,NA,NA,NA,NA,NA,NA,NA,NA,NA,NA,NA,NA,NA,NA,NA,NA,0,0,1,0,0,0
00-0033923,Kareem Hunt,RB,2017,22.072553045859,0,70,216,4.62,36.5,119,NA,NA,94.82347013259344,30.98938775510204,-0.004262653653176999,3,86,-4.465908118654584,NA,NA,NA,NA,NA,NA,NA,NA,NA,NA,NA,NA,NA,NA,NA,NA,NA,NA,NA,NA,NA,NA,NA,NA,NA,NA,NA,NA,NA,NA,NA,NA,NA,0,0,1,16,268.70000000000005,16.793750000000003
00-0040692,Jarquez Hunter,RB,2025,22.67488021902806,0,69,204,4.44,33.5,120,NA,NA,104.98524900435939,30.12224322621298,-0.5549294275108947,4,117,-4.770684624465665,NA,NA,NA,NA,NA,NA,NA,NA,NA,NA,NA,NA,NA,NA,NA,NA,NA,NA,NA,NA,NA,NA,NA,NA,NA,NA,NA,NA,NA,NA,NA,NA,NA,0,0,1,0,0,0
00-0030521,Justin Hunter,WR,2013,22.286105407255306,0,76,196,4.44,39.5,136,NA,4.33,100.86818041595315,23.855263157894736,1.1914969470815697,2,34,-3.5553480614894135,NA,NA,NA,NA,NA,NA,NA,NA,NA,NA,NA,NA,NA,NA,NA,NA,NA,NA,NA,NA,NA,NA,NA,NA,NA,NA,NA,NA,NA,NA,NA,NA,NA,0,0,1,13,68.4,5.261538461538462
00-0036278,Jason Huntley,RB,2020,22.368240930869266,0,NA,NA,NA,NA,NA,NA,NA,NA,NA,NA,5,172,-5.153291594497779,NA,NA,NA,NA,NA,NA,NA,NA,NA,NA,NA,NA,NA,NA,NA,NA,NA,NA,NA,NA,NA,NA,NA,NA,NA,NA,NA,NA,NA,NA,NA,NA,NA,0,1,1,4,2.4000000000000004,0.6000000000000001
00-0034971,Jalen Hurd,WR,2019,23.60574948665298,0,77,226,NA,NA,NA,NA,NA,NA,26.796761679878564,NA,3,67,-4.219507705176107,NA,NA,NA,NA,NA,NA,NA,NA,NA,NA,NA,NA,NA,NA,NA,NA,NA,NA,NA,NA,NA,NA,NA,NA,NA,NA,NA,NA,NA,NA,NA,NA,NA,0,1,1,0,0,0
00-0034830,Hayden Hurst,TE,2018,25.021218343600275,0,76,250,4.67,31.5,120,7.19,4.37,105.12414632475489,30.42763157894737,-0.1160638580367068,1,25,-3.258096538021482,NA,NA,NA,NA,NA,NA,NA,NA,NA,NA,NA,NA,NA,NA,NA,NA,NA,NA,NA,NA,NA,NA,NA,NA,NA,NA,NA,NA,NA,NA,NA,NA,NA,0,0,1,9,28.8,3.2
00-0036389,Jalen Hurts,QB,2020,22.069815195071868,0,73,222,4.59,35,125,NA,NA,100.030451249693,29.286170013135674,1.2191200731063627,2,53,-3.9889840465642745,NA,NA,NA,NA,NA,NA,NA,NA,NA,NA,NA,NA,NA,NA,NA,NA,NA,NA,NA,NA,NA,NA,NA,NA,NA,NA,NA,NA,NA,NA,NA,NA,NA,0,0,1,14,108.64,7.76
00-0038618,Xavier Hutchinson,WR,2023,23.249828884325805,0,74,203,4.53,36,116,6.91,4.35,96.41247361671678,26.06081081081081,-0.6294419424601209,6,205,-5.327876168789581,NA,NA,NA,NA,NA,NA,NA,NA,NA,NA,NA,NA,NA,NA,NA,NA,NA,NA,NA,NA,NA,NA,NA,NA,NA,NA,NA,NA,NA,NA,NA,NA,NA,0,0,1,12,17.9,1.4916666666666665
00-0038938,Jalin Hyatt,WR,2023,21.932922655715263,0,72,176,4.4,40,135,NA,NA,93.91435011269718,23.867283950617285,0.8836733235766276,3,73,-4.304065093204169,NA,NA,NA,NA,NA,NA,NA,NA,NA,NA,NA,NA,NA,NA,NA,NA,NA,NA,NA,NA,NA,NA,NA,NA,NA,NA,NA,NA,NA,NA,NA,NA,NA,0,0,1,13,48.800000000000004,3.7538461538461543
00-0031045,Carlos Hyde,RB,2014,23.94798083504449,0,72,230,4.62,34.5,114,NA,NA,100.96943578933562,31.19020061728395,-0.43040287868790733,2,57,-4.060443010546419,NA,NA,NA,NA,NA,NA,NA,NA,NA,NA,NA,NA,NA,NA,NA,NA,NA,NA,NA,NA,NA,NA,NA,NA,NA,NA,NA,NA,NA,NA,NA,NA,NA,0,0,1,14,68.10000000000001,4.864285714285715
00-0037299,Keaontay Ingram,RB,2022,22.850102669404517,0,72,221,4.53,34.5,122,NA,NA,104.96136290292812,29.96971450617284,0.2159917099819953,6,201,-5.308267697401205,NA,NA,NA,NA,NA,NA,NA,NA,NA,NA,NA,NA,NA,NA,NA,NA,NA,NA,NA,NA,NA,NA,NA,NA,NA,NA,NA,NA,NA,NA,NA,NA,NA,0,0,1,11,16.1,1.4636363636363638
00-0032122,Joey Iosefa,RB,2015,24.202600958247775,0,72,247,5.02,31.5,110,7.24,4.33,77.787905932493,33.49556327160494,-1.0538816435690324,7,231,-5.44673737166631,NA,NA,NA,NA,NA,NA,NA,NA,NA,NA,NA,NA,NA,NA,NA,NA,NA,NA,NA,NA,NA,NA,NA,NA,NA,NA,NA,NA,NA,NA,NA,NA,NA,0,0,1,2,5.1000000000000005,2.5500000000000003
00-0038619,Andrei Iosivas,WR,2023,23.87953456536619,0,75,205,4.43,39,128,6.85,4.12,106.45570780176351,25.620444444444445,0.79444512378336,6,206,-5.332718793265369,NA,NA,NA,NA,NA,NA,NA,NA,NA,NA,NA,NA,NA,NA,NA,NA,NA,NA,NA,NA,NA,NA,NA,NA,NA,NA,NA,NA,NA,NA,NA,NA,NA,0,0,1,11,43.1,3.9181818181818184
00-0039361,Bucky Irving,RB,2024,22.036960985626283,0,69,192,4.55,29.5,115,NA,NA,89.5953845310973,28.35034656584751,-1.4703231743984428,4,125,-4.836281906951478,NA,NA,NA,NA,NA,NA,NA,NA,NA,NA,NA,NA,NA,NA,NA,NA,NA,NA,NA,NA,NA,NA,NA,NA,NA,NA,NA,NA,NA,NA,NA,NA,NA,0,0,1,17,220.89999999999998,12.994117647058822
00-0035527,Andy Isabella,WR,2019,22.784394250513348,0,69,188,4.31,36.5,121,6.95,4.15,108.96292785055893,27.759714345725687,0.20591100226374107,2,62,-4.143134726391533,NA,NA,NA,NA,NA,NA,NA,NA,NA,NA,NA,NA,NA,NA,NA,NA,NA,NA,NA,NA,NA,NA,NA,NA,NA,NA,NA,NA,NA,NA,NA,NA,NA,0,0,1,12,30.900000000000002,2.575
00-0034439,Ryan Izzo,TE,2018,22.69678302532512,0,77,256,4.94,33,110,7.15,4.43,85.97301657188648,30.353853938269523,-0.8173950539173024,7,250,-5.5254529391317835,NA,NA,NA,NA,NA,NA,NA,NA,NA,NA,NA,NA,NA,NA,NA,NA,NA,NA,NA,NA,NA,NA,NA,NA,NA,NA,NA,NA,NA,NA,NA,NA,NA,0,0,1,0,0,0
00-0033049,Darius Jackson,RB,2016,22.751540041067763,0,NA,NA,NA,NA,NA,NA,NA,NA,NA,NA,6,216,-5.37989735354046,NA,NA,NA,NA,NA,NA,NA,NA,NA,NA,NA,NA,NA,NA,NA,NA,NA,NA,NA,NA,NA,NA,NA,NA,NA,NA,NA,NA,NA,NA,NA,NA,NA,0,1,1,0,0,0
00-0039392,Jha'Quan Jackson,WR,2024,24.298425735797398,0,69,188,4.42,32,118,NA,NA,98.51418471014152,27.759714345725687,-1.5407302930826712,6,182,-5.209486152841421,NA,NA,NA,NA,NA,NA,NA,NA,NA,NA,NA,NA,NA,NA,NA,NA,NA,NA,NA,NA,NA,NA,NA,NA,NA,NA,NA,NA,NA,NA,NA,NA,NA,0,0,1,12,0.8,0.06666666666666667
00-0034440,Justin Jackson,RB,2018,22.360027378507873,0,72,199,4.52,38.5,122,6.81,4.07,95.35189594390312,26.98630401234568,0.5587518807201203,7,251,-5.529429087511423,NA,NA,NA,NA,NA,NA,NA,NA,NA,NA,NA,NA,NA,NA,NA,NA,NA,NA,NA,NA,NA,NA,NA,NA,NA,NA,NA,NA,NA,NA,NA,NA,NA,0,0,1,9,53.6,5.955555555555556
00-0034796,Lamar Jackson,QB,2018,21.648186173853524,1,74,216,NA,NA,NA,NA,NA,NA,27.72972972972973,NA,1,32,-3.4965075614664802,NA,NA,NA,NA,NA,NA,NA,NA,NA,NA,NA,NA,NA,NA,NA,NA,NA,NA,NA,NA,NA,NA,NA,NA,NA,NA,NA,NA,NA,NA,NA,NA,NA,0,1,1,16,161.54,10.09625
00-0035700,Josh Jacobs,RB,2019,21.5523613963039,1,70,220,NA,NA,NA,NA,NA,NA,31.56326530612245,NA,1,24,-3.2188758248682006,NA,NA,NA,NA,NA,NA,NA,NA,NA,NA,NA,NA,NA,NA,NA,NA,NA,NA,NA,NA,NA,NA,NA,NA,NA,NA,NA,NA,NA,NA,NA,NA,NA,0,1,1,13,181.6,13.96923076923077
00-0032135,Jesse James,TE,2015,21.242984257357975,1,79,261,4.83,37.5,121,7.53,4.5,95.91399487596581,29.39961544624259,-0.00285801039311101,5,160,-5.081404364984463,NA,NA,NA,NA,NA,NA,NA,NA,NA,NA,NA,NA,NA,NA,NA,NA,NA,NA,NA,NA,NA,NA,NA,NA,NA,NA,NA,NA,NA,NA,NA,NA,NA,0,0,1,5,15.600000000000001,3.12
00-0040177,Jordan James,RB,2025,21.426420260095824,1,70,205,4.55,NA,117,NA,NA,95.66173869205701,29.41122448979592,-1.2780241661426384,5,147,-4.997212273764115,NA,NA,NA,NA,NA,NA,NA,NA,NA,NA,NA,NA,NA,NA,NA,NA,NA,NA,NA,NA,NA,NA,NA,NA,NA,NA,NA,NA,NA,NA,NA,NA,NA,0,0,1,0,0,0
00-0030391,Mike James,RB,2013,22.38740588637919,0,70,223,4.53,35,115,NA,4.62,105.91123949028493,31.993673469387755,-0.4657226484150788,6,189,-5.247024072160486,NA,NA,NA,NA,NA,NA,NA,NA,NA,NA,NA,NA,NA,NA,NA,NA,NA,NA,NA,NA,NA,NA,NA,NA,NA,NA,NA,NA,NA,NA,NA,NA,NA,0,0,1,7,42.879999999999995,6.1257142857142854
00-0034286,Richie James,WR,2018,22.989733059548254,0,70,183,4.48,35.5,122,6.87,4.16,90.85922527194069,26.254897959183673,-0.04300962709127605,7,240,-5.484796933490655,NA,NA,NA,NA,NA,NA,NA,NA,NA,NA,NA,NA,NA,NA,NA,NA,NA,NA,NA,NA,NA,NA,NA,NA,NA,NA,NA,NA,NA,NA,NA,NA,NA,0,0,1,12,23.5,1.9583333333333333
00-0030415,Jawan Jamison,RB,2013,21.7741273100616,0,67,203,4.68,29,110,NA,NA,84.6335623369776,31.790822009356205,-1.623414771062587,7,228,-5.43372200355424,NA,NA,NA,NA,NA,NA,NA,NA,NA,NA,NA,NA,NA,NA,NA,NA,NA,NA,NA,NA,NA,NA,NA,NA,NA,NA,NA,NA,NA,NA,NA,NA,NA,0,0,1,0,0,0
00-0031001,Jeff Janis,WR,2014,23.189596167008897,0,75,219,4.42,37.5,123,6.64,3.98,114.7585449548989,27.37013333333333,0.923400212957124,7,236,-5.4680601411351315,NA,NA,NA,NA,NA,NA,NA,NA,NA,NA,NA,NA,NA,NA,NA,NA,NA,NA,NA,NA,NA,NA,NA,NA,NA,NA,NA,NA,NA,NA,NA,NA,NA,0,0,1,1,2.6,2.6
00-0032956,Andy Janovich,RB,2016,23.277207392197127,0,73,238,4.81,34,119,7.28,4.32,88.92556786924352,31.396884969037345,-0.9062132036382747,6,176,-5.176149732573829,NA,NA,NA,NA,NA,NA,NA,NA,NA,NA,NA,NA,NA,NA,NA,NA,NA,NA,NA,NA,NA,NA,NA,NA,NA,NA,NA,NA,NA,NA,NA,NA,NA,0,0,1,9,16.200000000000003,1.8000000000000003
00-0040122,Ashton Jeanty,RB,2025,21.749486652977414,1,69,211,NA,NA,NA,NA,NA,NA,31.15584961142617,NA,1,6,-1.9459101490553132,NA,NA,NA,NA,NA,NA,NA,NA,NA,NA,NA,NA,NA,NA,NA,NA,NA,NA,NA,NA,NA,NA,NA,NA,NA,NA,NA,NA,NA,NA,NA,NA,NA,0,1,1,17,217.6,12.799999999999999
00-0036670,Jermar Jefferson,RB,2021,21.37987679671458,1,70,206,4.57,31,115,7.38,4.38,94.4566232329789,29.55469387755102,-1.2676399474245625,7,257,-5.552959584921617,NA,NA,NA,NA,NA,NA,NA,NA,NA,NA,NA,NA,NA,NA,NA,NA,NA,NA,NA,NA,NA,NA,NA,NA,NA,NA,NA,NA,NA,NA,NA,NA,NA,0,0,1,4,23.7,5.925
00-0036322,Justin Jefferson,WR,2020,21.21286789869952,1,73,202,4.43,37.5,126,NA,NA,104.89781939490844,26.647776318258586,0.18088438630987108,1,22,-3.1354942159291497,NA,NA,NA,NA,NA,NA,NA,NA,NA,NA,NA,NA,NA,NA,NA,NA,NA,NA,NA,NA,NA,NA,NA,NA,NA,NA,NA,NA,NA,NA,NA,NA,NA,0,0,1,16,226.2,14.1375
00-0030291,D.C. Jefferson,TE,2013,24.320328542094455,0,78,255,4.97,NA,NA,NA,NA,83.58813224923179,29.464990138067062,-1.5000927056036641,7,219,-5.393627546352361,NA,NA,NA,NA,NA,NA,NA,NA,NA,NA,NA,NA,NA,NA,NA,NA,NA,NA,NA,NA,NA,NA,NA,NA,NA,NA,NA,NA,NA,NA,NA,NA,NA,0,0,1,0,0,0
00-0036415,Van Jefferson,WR,2020,24.10130047912389,0,73,200,NA,NA,NA,NA,NA,NA,26.383936948770877,NA,2,57,-4.060443010546419,NA,NA,NA,NA,NA,NA,NA,NA,NA,NA,NA,NA,NA,NA,NA,NA,NA,NA,NA,NA,NA,NA,NA,NA,NA,NA,NA,NA,NA,NA,NA,NA,NA,0,1,1,14,37.4,2.6714285714285713
00-0036259,Jauan Jennings,WR,2020,23.145790554414784,0,75,215,4.72,29,119,NA,NA,86.63641262317762,26.87022222222222,-1.829617222961825,7,217,-5.384495062789089,NA,NA,NA,NA,NA,NA,NA,NA,NA,NA,NA,NA,NA,NA,NA,NA,NA,NA,NA,NA,NA,NA,NA,NA,NA,NA,NA,NA,NA,NA,NA,NA,NA,0,0,1,0,0,0
00-0035589,Gary Jennings,WR,2019,22.48596851471595,0,73,214,4.42,37,127,7.32,4.15,112.13848685090576,28.23081253518484,0.06667383848503326,4,120,-4.795790545596741,NA,NA,NA,NA,NA,NA,NA,NA,NA,NA,NA,NA,NA,NA,NA,NA,NA,NA,NA,NA,NA,NA,NA,NA,NA,NA,NA,NA,NA,NA,NA,NA,NA,0,0,1,0,0,0
00-0036407,Jerry Jeudy,WR,2020,21.357973990417523,1,73,193,4.45,35,120,NA,4.53,98.43448212186108,25.460499155563895,-0.7742560421609127,1,15,-2.772588722239781,NA,NA,NA,NA,NA,NA,NA,NA,NA,NA,NA,NA,NA,NA,NA,NA,NA,NA,NA,NA,NA,NA,NA,NA,NA,NA,NA,NA,NA,NA,NA,NA,NA,0,0,1,16,129.60000000000002,8.100000000000001
00-0030113,Charles D. Johnson,WR,2013,24.50924024640657,0,NA,NA,NA,NA,NA,NA,NA,NA,NA,NA,7,216,-5.37989735354046,NA,NA,NA,NA,NA,NA,NA,NA,NA,NA,NA,NA,NA,NA,NA,NA,NA,NA,NA,NA,NA,NA,NA,NA,NA,NA,NA,NA,NA,NA,NA,NA,NA,0,1,1,0,0,0
00-0036254,Collin Johnson,WR,2020,22.940451745379878,0,78,222,NA,NA,NA,NA,NA,NA,25.651873767258383,NA,5,165,-5.111987788356544,NA,NA,NA,NA,NA,NA,NA,NA,NA,NA,NA,NA,NA,NA,NA,NA,NA,NA,NA,NA,NA,NA,NA,NA,NA,NA,NA,NA,NA,NA,NA,NA,NA,0,1,1,11,48.2,4.381818181818182
00-0039437,Cornelius Johnson,WR,2024,23.756331279945243,0,75,212,4.44,37.5,127,NA,NA,109.10231759276564,26.49528888888889,0.3055200395410964,7,253,-5.537334267018537,NA,NA,NA,NA,NA,NA,NA,NA,NA,NA,NA,NA,NA,NA,NA,NA,NA,NA,NA,NA,NA,NA,NA,NA,NA,NA,NA,NA,NA,NA,NA,NA,NA,0,0,1,0,0,0
00-0032187,David Johnson,RB,2015,23.709787816564,0,73,224,4.5,41.5,127,6.82,4.27,109.25163846974547,29.550009382623383,1.1879305226245676,3,86,-4.465908118654584,NA,NA,NA,NA,NA,NA,NA,NA,NA,NA,NA,NA,NA,NA,NA,NA,NA,NA,NA,NA,NA,NA,NA,NA,NA,NA,NA,NA,NA,NA,NA,NA,NA,0,0,1,16,193.8,12.1125
00-0035216,Diontae Johnson,WR,2019,23.156741957563312,0,70,183,4.53,33.5,123,7.09,4.45,86.91370774314862,26.254897959183673,-0.870153920166137,3,66,-4.204692619390966,NA,NA,NA,NA,NA,NA,NA,NA,NA,NA,NA,NA,NA,NA,NA,NA,NA,NA,NA,NA,NA,NA,NA,NA,NA,NA,NA,NA,NA,NA,NA,NA,NA,0,0,1,16,131.6,8.225
00-0040142,Kaleb Johnson,RB,2025,22.050650239561943,0,73,224,4.57,NA,NA,NA,NA,102.71011458343337,29.550009382623383,-0.17210743251338192,3,83,-4.430816798843313,NA,NA,NA,NA,NA,NA,NA,NA,NA,NA,NA,NA,NA,NA,NA,NA,NA,NA,NA,NA,NA,NA,NA,NA,NA,NA,NA,NA,NA,NA,NA,NA,NA,0,0,1,10,8.3,0.8300000000000001
00-0035287,KeeSean Johnson,WR,2019,22.89390828199863,0,73,201,4.6,30,117,7.28,4.23,89.78312684703103,26.51585663351473,-1.066148307973905,6,174,-5.1647859739235145,NA,NA,NA,NA,NA,NA,NA,NA,NA,NA,NA,NA,NA,NA,NA,NA,NA,NA,NA,NA,NA,NA,NA,NA,NA,NA,NA,NA,NA,NA,NA,NA,NA,0,0,1,10,35.5,3.55
00-0034349,Kerryon Johnson,RB,2018,21.17180013689254,1,71,213,NA,40,126,7.07,4.29,NA,29.704225352112676,0.40664323194751634,2,43,-3.784189633918261,NA,NA,NA,NA,NA,NA,NA,NA,NA,NA,NA,NA,NA,NA,NA,NA,NA,NA,NA,NA,NA,NA,NA,NA,NA,NA,NA,NA,NA,NA,NA,NA,NA,0,0,1,10,123.4,12.34
00-0040237,Tez Johnson,WR,2025,23.290896646132786,0,70,154,4.51,37,131,6.65,4.15,74.44654528547949,22.094285714285714,0.28625124162122095,7,235,-5.4638318050256105,NA,NA,NA,NA,NA,NA,NA,NA,NA,NA,NA,NA,NA,NA,NA,NA,NA,NA,NA,NA,NA,NA,NA,NA,NA,NA,NA,NA,NA,NA,NA,NA,NA,0,0,1,15,78.4,5.2266666666666675
00-0032068,Malcolm Johnson,RB,2015,23.055441478439427,0,NA,NA,NA,NA,NA,NA,NA,NA,NA,NA,6,195,-5.278114659230518,NA,NA,NA,NA,NA,NA,NA,NA,NA,NA,NA,NA,NA,NA,NA,NA,NA,NA,NA,NA,NA,NA,NA,NA,NA,NA,NA,NA,NA,NA,NA,NA,NA,0,1,1,5,3.5,0.7
00-0035006,Bisi Johnson,WR,2019,22.458590006844627,0,72,204,4.51,38,124,6.88,4.16,98.61750154699881,27.66435185185185,0.2746003020609025,7,247,-5.5134287461649825,NA,NA,NA,NA,NA,NA,NA,NA,NA,NA,NA,NA,NA,NA,NA,NA,NA,NA,NA,NA,NA,NA,NA,NA,NA,NA,NA,NA,NA,NA,NA,NA,NA,0,0,1,13,63.5,4.884615384615385
00-0032257,Duke Johnson,RB,2015,21.93839835728953,0,69,207,4.54,33.5,121,NA,NA,97.44889742251907,30.565217391304348,0.07401433548083398,3,77,-4.356708826689592,NA,NA,NA,NA,NA,NA,NA,NA,NA,NA,NA,NA,NA,NA,NA,NA,NA,NA,NA,NA,NA,NA,NA,NA,NA,NA,NA,NA,NA,NA,NA,NA,NA,0,0,1,16,133.8,8.3625
00-0039021,Roschon Johnson,RB,2023,22.581793292265573,0,72,219,4.58,31.5,122,NA,NA,99.54333767493432,29.69849537037037,-0.6641907601602359,4,115,-4.7535901911063645,NA,NA,NA,NA,NA,NA,NA,NA,NA,NA,NA,NA,NA,NA,NA,NA,NA,NA,NA,NA,NA,NA,NA,NA,NA,NA,NA,NA,NA,NA,NA,NA,NA,0,0,1,15,85.10000000000001,5.673333333333334
00-0039847,Theo Johnson,TE,2024,23.512662559890487,0,NA,NA,NA,NA,NA,NA,NA,NA,NA,NA,4,107,-4.68213122712422,NA,NA,NA,NA,NA,NA,NA,NA,NA,NA,NA,NA,NA,NA,NA,NA,NA,NA,NA,NA,NA,NA,NA,NA,NA,NA,NA,NA,NA,NA,NA,NA,NA,0,1,1,11,53.6,4.872727272727273
00-0035537,Ty Johnson,RB,2019,21.95482546201232,0,NA,NA,NA,NA,NA,NA,NA,NA,NA,NA,6,186,-5.231108616854587,NA,NA,NA,NA,NA,NA,NA,NA,NA,NA,NA,NA,NA,NA,NA,NA,NA,NA,NA,NA,NA,NA,NA,NA,NA,NA,NA,NA,NA,NA,NA,NA,NA,0,1,1,16,50.199999999999996,3.1374999999999997
00-0036427,Tyler Johnson,WR,2020,22.02053388090349,0,73,206,NA,NA,NA,NA,NA,NA,27.175455057234004,NA,5,161,-5.087596335232384,NA,NA,NA,NA,NA,NA,NA,NA,NA,NA,NA,NA,NA,NA,NA,NA,NA,NA,NA,NA,NA,NA,NA,NA,NA,NA,NA,NA,NA,NA,NA,NA,NA,0,1,1,10,34.900000000000006,3.4900000000000007
00-0031243,Storm Johnson,RB,2014,22.143737166324435,0,72,209,4.6,35.5,118,NA,NA,93.35658463198747,28.342399691358025,-0.4814627686652631,7,222,-5.407171771460119,NA,NA,NA,NA,NA,NA,NA,NA,NA,NA,NA,NA,NA,NA,NA,NA,NA,NA,NA,NA,NA,NA,NA,NA,NA,NA,NA,NA,NA,NA,NA,NA,NA,0,0,1,5,20.700000000000003,4.140000000000001
00-0038544,Quentin Johnston,WR,2023,21.984941820670773,0,75,208,NA,40.5,134,NA,NA,NA,25.99537777777778,1.3872934421605903,1,21,-3.091042453358316,NA,NA,NA,NA,NA,NA,NA,NA,NA,NA,NA,NA,NA,NA,NA,NA,NA,NA,NA,NA,NA,NA,NA,NA,NA,NA,NA,NA,NA,NA,NA,NA,NA,0,0,1,17,75,4.411764705882353
00-0033293,Aaron Jones,RB,2017,22.748802190280628,0,69,208,4.56,37.5,127,6.82,4.2,96.21304507265586,30.712875446334802,0.837458260615932,5,182,-5.209486152841421,NA,NA,NA,NA,NA,NA,NA,NA,NA,NA,NA,NA,NA,NA,NA,NA,NA,NA,NA,NA,NA,NA,NA,NA,NA,NA,NA,NA,NA,NA,NA,NA,NA,0,0,1,10,75.50000000000001,7.550000000000002
00-0033098,Cardale Jones,QB,2016,23.923340177960302,0,77,253,4.81,36,NA,NA,NA,94.5301204660446,29.998144712430427,1.3570231660290102,4,139,-4.941642422609304,NA,NA,NA,NA,NA,NA,NA,NA,NA,NA,NA,NA,NA,NA,NA,NA,NA,NA,NA,NA,NA,NA,NA,NA,NA,NA,NA,NA,NA,NA,NA,NA,NA,0,0,1,1,1.7399999999999998,1.7399999999999998
00-0008704,Charlie Jones,WR,2023,50.74880219028063,0,71,175,4.43,36.5,124,NA,NA,90.87682373321275,24.404879984130133,-0.41742357586961515,4,131,-4.882801922586371,NA,NA,NA,NA,NA,NA,NA,NA,NA,NA,NA,NA,NA,NA,NA,NA,NA,NA,NA,NA,NA,NA,NA,NA,NA,NA,NA,NA,NA,NA,NA,NA,NA,0,0,1,0,0,0
00-0038576,Charlie Jones,WR,2023,24.840520191649556,0,71,175,4.43,36.5,124,NA,NA,90.87682373321275,24.404879984130133,-0.41742357586961515,4,131,-4.882801922586371,NA,NA,NA,NA,NA,NA,NA,NA,NA,NA,NA,NA,NA,NA,NA,NA,NA,NA,NA,NA,NA,NA,NA,NA,NA,NA,NA,NA,NA,NA,NA,NA,NA,0,0,1,11,11.2,1.018181818181818
00-0035710,Daniel Jones,QB,2019,22.26420260095825,0,77,221,4.81,33.5,120,7,4.41,82.57374159286898,26.203912970146735,0.2588835712611025,1,6,-1.9459101490553132,NA,NA,NA,NA,NA,NA,NA,NA,NA,NA,NA,NA,NA,NA,NA,NA,NA,NA,NA,NA,NA,NA,NA,NA,NA,NA,NA,NA,NA,NA,NA,NA,NA,0,0,1,13,226.98,17.46
00-0033891,Zay Jones,WR,2017,22.425735797399042,0,74,201,4.45,36.5,133,6.79,4.01,102.51466790929574,25.804054054054053,0.8385214481340015,2,37,-3.6375861597263857,NA,NA,NA,NA,NA,NA,NA,NA,NA,NA,NA,NA,NA,NA,NA,NA,NA,NA,NA,NA,NA,NA,NA,NA,NA,NA,NA,NA,NA,NA,NA,NA,NA,0,0,1,14,57.1,4.078571428571428
00-0030524,Landry Jones,QB,2013,24.410677618069816,0,76,225,5.11,31,115,7.12,4.3,65.99771709047951,27.38486842105263,0.2000917646224181,4,115,-4.7535901911063645,NA,NA,NA,NA,NA,NA,NA,NA,NA,NA,NA,NA,NA,NA,NA,NA,NA,NA,NA,NA,NA,NA,NA,NA,NA,NA,NA,NA,NA,NA,NA,NA,NA,0,0,1,0,0,0
00-0031939,Matt Jones,RB,2015,22.48596851471595,0,74,231,4.61,31.5,112,NA,4.2,102.29120013128653,29.655405405405407,-0.23219229942967984,3,95,-4.564348191467836,NA,NA,NA,NA,NA,NA,NA,NA,NA,NA,NA,NA,NA,NA,NA,NA,NA,NA,NA,NA,NA,NA,NA,NA,NA,NA,NA,NA,NA,NA,NA,NA,NA,0,0,1,13,104.9,8.069230769230769
00-0036972,Mac Jones,QB,2021,22.989733059548254,0,74,217,4.72,32,116,7.04,4.39,87.44233274060252,27.85810810810811,0.14640619098604382,1,15,-2.772588722239781,NA,NA,NA,NA,NA,NA,NA,NA,NA,NA,NA,NA,NA,NA,NA,NA,NA,NA,NA,NA,NA,NA,NA,NA,NA,NA,NA,NA,NA,NA,NA,NA,NA,0,0,1,17,224.94,13.231764705882354
00-0034816,Ronald Jones,RB,2018,21.078713210130047,1,71,205,4.65,36.5,NA,NA,NA,87.69443718224883,28.5885736956953,-0.7448255791991929,2,38,-3.6635616461296463,NA,NA,NA,NA,NA,NA,NA,NA,NA,NA,NA,NA,NA,NA,NA,NA,NA,NA,NA,NA,NA,NA,NA,NA,NA,NA,NA,NA,NA,NA,NA,NA,NA,0,0,1,7,17.2,2.457142857142857
00-0031189,T.J. Jones,WR,2014,22.119096509240247,0,72,188,4.46,33,119,6.82,4.27,95.02730441980512,25.494598765432098,-0.5354908387164999,6,189,-5.247024072160486,NA,NA,NA,NA,NA,NA,NA,NA,NA,NA,NA,NA,NA,NA,NA,NA,NA,NA,NA,NA,NA,NA,NA,NA,NA,NA,NA,NA,NA,NA,NA,NA,NA,0,0,1,0,0,0
00-0037745,Velus Jones Jr.,WR,2022,25.308692676249144,0,72,204,4.31,33,121,NA,NA,118.2363685186916,27.66435185185185,0.04789864412634818,3,71,-4.276666119016055,NA,NA,NA,NA,NA,NA,NA,NA,NA,NA,NA,NA,NA,NA,NA,NA,NA,NA,NA,NA,NA,NA,NA,NA,NA,NA,NA,NA,NA,NA,NA,NA,NA,0,0,1,11,34.5,3.1363636363636362
00-0036556,Brevin Jordan,TE,2021,21.127994524298426,1,74,247,4.64,31,116,NA,NA,106.57492279412287,31.70945945945946,-0.7201584370887277,5,147,-4.997212273764115,NA,NA,NA,NA,NA,NA,NA,NA,NA,NA,NA,NA,NA,NA,NA,NA,NA,NA,NA,NA,NA,NA,NA,NA,NA,NA,NA,NA,NA,NA,NA,NA,NA,0,0,1,8,45.8,5.725
00-0039405,Jawhar Jordan,RB,2024,25.0403832991102,0,70,193,4.56,NA,NA,NA,NA,89.27460432222395,27.689591836734692,-1.2332424325352698,6,205,-5.327876168789581,NA,NA,NA,NA,NA,NA,NA,NA,NA,NA,NA,NA,NA,NA,NA,NA,NA,NA,NA,NA,NA,NA,NA,NA,NA,NA,NA,NA,NA,NA,NA,NA,NA,0,0,1,0,0,0
00-0040784,Quinshon Judkins,RB,2025,21.842573579739906,0,72,221,4.48,38.5,132,NA,NA,109.72616822458411,29.96971450617284,1.2249007102011393,2,36,-3.6109179126442243,NA,NA,NA,NA,NA,NA,NA,NA,NA,NA,NA,NA,NA,NA,NA,NA,NA,NA,NA,NA,NA,NA,NA,NA,NA,NA,NA,NA,NA,NA,NA,NA,NA,0,0,1,14,154.79999999999998,11.057142857142855
00-0029892,Kyle Juszczyk,RB,2013,22.360027378507873,0,NA,NA,NA,NA,NA,NA,NA,NA,NA,NA,4,130,-4.875197323201151,NA,NA,NA,NA,NA,NA,NA,NA,NA,NA,NA,NA,NA,NA,NA,NA,NA,NA,NA,NA,NA,NA,NA,NA,NA,NA,NA,NA,NA,NA,NA,NA,NA,0,1,1,10,0,0
00-0033585,Brad Kaaya,QB,2017,21.9958932238193,0,76,214,NA,NA,NA,NA,NA,NA,26.04605263157895,NA,6,215,-5.375278407684165,NA,NA,NA,NA,NA,NA,NA,NA,NA,NA,NA,NA,NA,NA,NA,NA,NA,NA,NA,NA,NA,NA,NA,NA,NA,NA,NA,NA,NA,NA,NA,NA,NA,0,1,1,0,0,0
00-0033906,Alvin Kamara,RB,2017,22.105407255304584,0,70,214,4.56,39.5,131,NA,NA,98.98842137282863,30.702448979591836,1.2077183097296293,3,67,-4.219507705176107,NA,NA,NA,NA,NA,NA,NA,NA,NA,NA,NA,NA,NA,NA,NA,NA,NA,NA,NA,NA,NA,NA,NA,NA,NA,NA,NA,NA,NA,NA,NA,NA,NA,0,0,1,16,271.90000000000003,16.993750000000002
00-0030512,Nick Kasa,TE,2013,22.822724161533195,0,78,269,4.71,31.5,113,NA,NA,109.31975435568916,31.08267587113741,-0.07762641770403234,6,172,-5.153291594497779,NA,NA,NA,NA,NA,NA,NA,NA,NA,NA,NA,NA,NA,NA,NA,NA,NA,NA,NA,NA,NA,NA,NA,NA,NA,NA,NA,NA,NA,NA,NA,NA,NA,0,0,1,4,7.4,1.85
00-0033117,Bronson Kaufusi,TE,2016,25.15811088295688,0,NA,NA,NA,NA,NA,NA,NA,NA,NA,NA,3,70,-4.2626798770413155,NA,NA,NA,NA,NA,NA,NA,NA,NA,NA,NA,NA,NA,NA,NA,NA,NA,NA,NA,NA,NA,NA,NA,NA,NA,NA,NA,NA,NA,NA,NA,NA,NA,0,1,1,0,0,0
00-0036225,Dalton Keene,TE,2020,21.385352498288842,1,76,253,4.71,34,125,7.07,4.19,102.81746413378943,30.792763157894736,0.7063457632292754,3,101,-4.624972813284271,NA,NA,NA,NA,NA,NA,NA,NA,NA,NA,NA,NA,NA,NA,NA,NA,NA,NA,NA,NA,NA,NA,NA,NA,NA,NA,NA,NA,NA,NA,NA,NA,NA,0,0,1,3,3.1,1.0333333333333334
00-0030506,Travis Kelce,TE,2013,23.906913073237508,0,77,255,4.63,NA,NA,NA,NA,110.9803811521574,30.235284196323157,1.059080219993343,3,63,-4.1588830833596715,NA,NA,NA,NA,NA,NA,NA,NA,NA,NA,NA,NA,NA,NA,NA,NA,NA,NA,NA,NA,NA,NA,NA,NA,NA,NA,NA,NA,NA,NA,NA,NA,NA,0,0,1,0,0,0
00-0036370,Joshua Kelley,RB,2020,22.781656399726216,0,71,212,4.49,31,121,6.95,4.28,104.32310210825563,29.564768895060503,0.08994067137445866,4,112,-4.727387818712341,NA,NA,NA,NA,NA,NA,NA,NA,NA,NA,NA,NA,NA,NA,NA,NA,NA,NA,NA,NA,NA,NA,NA,NA,NA,NA,NA,NA,NA,NA,NA,NA,NA,0,0,1,13,69.7,5.361538461538462
00-0033597,Chad Kelly,QB,2017,23.43600273785079,0,NA,NA,NA,NA,NA,NA,NA,NA,NA,NA,7,253,-5.537334267018537,NA,NA,NA,NA,NA,NA,NA,NA,NA,NA,NA,NA,NA,NA,NA,NA,NA,NA,NA,NA,NA,NA,NA,NA,NA,NA,NA,NA,NA,NA,NA,NA,NA,0,1,1,0,0,0
00-0034808,John Kelly,RB,2018,21.908281998631075,0,70,216,NA,35,120,7.13,4.51,NA,30.98938775510204,-0.9617076996906407,6,176,-5.176149732573829,NA,NA,NA,NA,NA,NA,NA,NA,NA,NA,NA,NA,NA,NA,NA,NA,NA,NA,NA,NA,NA,NA,NA,NA,NA,NA,NA,NA,NA,NA,NA,NA,NA,0,0,1,4,11.100000000000001,2.7750000000000004
00-0033104,Cody Kessler,QB,2016,23.310061601642712,0,73,220,4.89,29.5,104,7.32,4,76.95152660067525,29.022330643647965,-0.30049745832989694,3,93,-4.543294782270004,NA,NA,NA,NA,NA,NA,NA,NA,NA,NA,NA,NA,NA,NA,NA,NA,NA,NA,NA,NA,NA,NA,NA,NA,NA,NA,NA,NA,NA,NA,NA,NA,NA,0,0,1,9,77,8.555555555555555
00-0037311,Ko Kieft,TE,2022,24.61327857631759,0,NA,NA,NA,NA,NA,NA,NA,NA,NA,NA,6,218,-5.389071729816501,NA,NA,NA,NA,NA,NA,NA,NA,NA,NA,NA,NA,NA,NA,NA,NA,NA,NA,NA,NA,NA,NA,NA,NA,NA,NA,NA,NA,NA,NA,NA,NA,NA,0,1,1,13,17.5,1.3461538461538463
00-0038933,Dalton Kincaid,TE,2023,23.871321013004792,0,76,246,NA,NA,NA,NA,NA,NA,29.94078947368421,NA,1,25,-3.258096538021482,NA,NA,NA,NA,NA,NA,NA,NA,NA,NA,NA,NA,NA,NA,NA,NA,NA,NA,NA,NA,NA,NA,NA,NA,NA,NA,NA,NA,NA,NA,NA,NA,NA,0,1,1,16,115.8,7.2375
00-0030091,Tavarres King,WR,2013,23.134839151266256,0,72,189,4.47,36.5,123,6.91,4.33,94.6807538887129,25.630208333333332,0.12386823647391157,5,161,-5.087596335232384,NA,NA,NA,NA,NA,NA,NA,NA,NA,NA,NA,NA,NA,NA,NA,NA,NA,NA,NA,NA,NA,NA,NA,NA,NA,NA,NA,NA,NA,NA,NA,NA,NA,0,0,1,0,0,0
00-0034775,Christian Kirk,WR,2018,21.78507871321013,0,70,201,4.47,35.5,115,7.09,4.45,100.6922303260915,28.83734693877551,-0.5881251770179078,2,47,-3.8712010109078907,NA,NA,NA,NA,NA,NA,NA,NA,NA,NA,NA,NA,NA,NA,NA,NA,NA,NA,NA,NA,NA,NA,NA,NA,NA,NA,NA,NA,NA,NA,NA,NA,NA,0,0,1,12,102,8.5
00-0033288,George Kittle,TE,2017,23.89596167008898,0,76,247,4.52,35,132,NA,NA,118.35134823187975,30.0625,0.7487492072143072,5,146,-4.990432586778736,NA,NA,NA,NA,NA,NA,NA,NA,NA,NA,NA,NA,NA,NA,NA,NA,NA,NA,NA,NA,NA,NA,NA,NA,NA,NA,NA,NA,NA,NA,NA,NA,NA,0,0,1,15,85,5.666666666666667
00-0033899,DeShone Kizer,QB,2017,21.661875427789184,1,76,233,4.83,30.5,107,7.4,4.53,85.62437090459782,28.35855263157895,-1.2639741003648097,2,52,-3.970291913552122,NA,NA,NA,NA,NA,NA,NA,NA,NA,NA,NA,NA,NA,NA,NA,NA,NA,NA,NA,NA,NA,NA,NA,NA,NA,NA,NA,NA,NA,NA,NA,NA,NA,0,0,1,15,185.66,12.377333333333333
00-0036290,Cole Kmet,TE,2020,21.481177275838466,1,78,262,4.7,37,123,7.44,4.41,107.38406875367465,30.273833004602235,0.3620454671982722,2,43,-3.784189633918261,NA,NA,NA,NA,NA,NA,NA,NA,NA,NA,NA,NA,NA,NA,NA,NA,NA,NA,NA,NA,NA,NA,NA,NA,NA,NA,NA,NA,NA,NA,NA,NA,NA,0,0,1,15,50,3.3333333333333335
00-0035689,Dawson Knox,TE,2019,22.795345653661876,0,76,254,NA,34.5,NA,7.12,4.27,NA,30.914473684210527,0.41698427050426634,3,96,-4.574710978503383,NA,NA,NA,NA,NA,NA,NA,NA,NA,NA,NA,NA,NA,NA,NA,NA,NA,NA,NA,NA,NA,NA,NA,NA,NA,NA,NA,NA,NA,NA,NA,NA,NA,0,0,1,15,65.7,4.38
00-0038046,Charlie Kolar,TE,2022,23.5564681724846,0,79,252,NA,NA,NA,NA,NA,NA,28.385835603268706,NA,4,128,-4.859812404361672,NA,NA,NA,NA,NA,NA,NA,NA,NA,NA,NA,NA,NA,NA,NA,NA,NA,NA,NA,NA,NA,NA,NA,NA,NA,NA,NA,NA,NA,NA,NA,NA,NA,0,1,1,1,6.9,6.9
00-0032139,Ben Koyack,TE,2015,22.39561943874059,0,77,255,4.79,NA,NA,NA,NA,96.87865984597897,30.235284196323157,0.0274883268172287,7,229,-5.438079308923196,NA,NA,NA,NA,NA,NA,NA,NA,NA,NA,NA,NA,NA,NA,NA,NA,NA,NA,NA,NA,NA,NA,NA,NA,NA,NA,NA,NA,NA,NA,NA,NA,NA,0,0,1,0,0,0
00-0038996,Tucker Kraft,TE,2023,22.82546201232033,0,77,254,4.69,34,122,7.08,4.29,104.99590020555293,30.11671445437679,-0.17961673839147235,3,78,-4.3694478524670215,NA,NA,NA,NA,NA,NA,NA,NA,NA,NA,NA,NA,NA,NA,NA,NA,NA,NA,NA,NA,NA,NA,NA,NA,NA,NA,NA,NA,NA,NA,NA,NA,NA,0,0,1,14,63,4.5
00-0032214,Tyler Kroft,TE,2015,22.87748117727584,0,77,246,4.75,NA,NA,NA,NA,96.64750884354785,29.16815651880587,0.003130030389146556,3,85,-4.454347296253507,NA,NA,NA,NA,NA,NA,NA,NA,NA,NA,NA,NA,NA,NA,NA,NA,NA,NA,NA,NA,NA,NA,NA,NA,NA,NA,NA,NA,NA,NA,NA,NA,NA,0,0,1,12,24.4,2.033333333333333
00-0038406,Zack Kuntz,TE,2023,24.229979466119097,0,79,255,4.55,40,128,6.87,4.12,118.9938700803636,28.723762217593336,1.4520217946739227,7,220,-5.3981627015177525,NA,NA,NA,NA,NA,NA,NA,NA,NA,NA,NA,NA,NA,NA,NA,NA,NA,NA,NA,NA,NA,NA,NA,NA,NA,NA,NA,NA,NA,NA,NA,NA,NA,0,0,1,0,0,0
00-0033908,Cooper Kupp,WR,2017,24.213552361396303,0,74,204,4.62,31,116,6.75,4.08,89.55549956967158,26.18918918918919,-0.45262585699536545,3,69,-4.248495242049359,NA,NA,NA,NA,NA,NA,NA,NA,NA,NA,NA,NA,NA,NA,NA,NA,NA,NA,NA,NA,NA,NA,NA,NA,NA,NA,NA,NA,NA,NA,NA,NA,NA,0,0,1,15,147.9,9.860000000000001
00-0039065,Sam LaPorta,TE,2023,22.633812457221083,0,75,245,4.59,35,123,6.91,4.25,110.39396646925579,30.619555555555557,0.3360686566391232,2,34,-3.5553480614894135,NA,NA,NA,NA,NA,NA,NA,NA,NA,NA,NA,NA,NA,NA,NA,NA,NA,NA,NA,NA,NA,NA,NA,NA,NA,NA,NA,NA,NA,NA,NA,NA,NA,0,0,1,17,192.3,11.311764705882354
00-0040250,Luke Lachey,TE,2025,24.175222450376456,0,78,251,NA,35,120,7.18,4.47,NA,29.002794214332678,-0.3104686123945837,7,255,-5.545177444479562,NA,NA,NA,NA,NA,NA,NA,NA,NA,NA,NA,NA,NA,NA,NA,NA,NA,NA,NA,NA,NA,NA,NA,NA,NA,NA,NA,NA,NA,NA,NA,NA,NA,0,0,1,0,0,0
00-0030485,Eddie Lacy,RB,2013,23.249828884325805,0,71,231,4.55,NA,NA,NA,NA,107.79444701397644,32.21444157905177,1.049511454993815,2,61,-4.127134385045092,NA,NA,NA,NA,NA,NA,NA,NA,NA,NA,NA,NA,NA,NA,NA,NA,NA,NA,NA,NA,NA,NA,NA,NA,NA,NA,NA,NA,NA,NA,NA,NA,NA,0,0,1,15,225,15
00-0036358,CeeDee Lamb,WR,2020,21.401779603011637,1,74,198,4.5,34.5,124,NA,NA,96.57064471879286,25.41891891891892,-0.5690873829375639,1,17,-2.8903717578961645,NA,NA,NA,NA,NA,NA,NA,NA,NA,NA,NA,NA,NA,NA,NA,NA,NA,NA,NA,NA,NA,NA,NA,NA,NA,NA,NA,NA,NA,NA,NA,NA,NA,0,0,1,16,174.7,10.91875
00-0040184,KeAndre Lambert-Smith,WR,2025,23.876796714579054,0,73,190,4.37,34.5,124,NA,NA,104.19763186926541,25.064740101332333,-0.40420899489492135,5,158,-5.0689042022202315,NA,NA,NA,NA,NA,NA,NA,NA,NA,NA,NA,NA,NA,NA,NA,NA,NA,NA,NA,NA,NA,NA,NA,NA,NA,NA,NA,NA,NA,NA,NA,NA,NA,0,0,1,10,13.600000000000001,1.36
00-0037012,Trey Lance,QB,2021,21.31416837782341,1,75,224,NA,NA,NA,NA,NA,NA,27.99502222222222,NA,1,3,-1.3862943611198906,NA,NA,NA,NA,NA,NA,NA,NA,NA,NA,NA,NA,NA,NA,NA,NA,NA,NA,NA,NA,NA,NA,NA,NA,NA,NA,NA,NA,NA,NA,NA,NA,NA,0,1,1,6,62.92,10.486666666666666
00-0031382,Jarvis Landry,WR,2014,21.75770020533881,0,71,205,4.65,28.5,110,NA,NA,87.69443718224883,28.5885736956953,-2.1622120719096287,2,63,-4.1588830833596715,NA,NA,NA,NA,NA,NA,NA,NA,NA,NA,NA,NA,NA,NA,NA,NA,NA,NA,NA,NA,NA,NA,NA,NA,NA,NA,NA,NA,NA,NA,NA,NA,NA,0,0,1,16,147.4,9.2125
00-0040164,Jaylin Lane,WR,2025,23.33744010951403,0,70,191,4.34,40,132,6.75,4.12,107.67241273060864,27.40265306122449,0.9416843524999933,4,128,-4.859812404361672,NA,NA,NA,NA,NA,NA,NA,NA,NA,NA,NA,NA,NA,NA,NA,NA,NA,NA,NA,NA,NA,NA,NA,NA,NA,NA,NA,NA,NA,NA,NA,NA,NA,0,0,1,15,31.2,2.08
00-0031569,Jeremy Langford,RB,2015,23.737166324435318,0,72,208,4.42,34.5,118,7.22,4.32,108.99441712611402,28.20679012345679,0.026684105205082492,4,106,-4.672828834461906,NA,NA,NA,NA,NA,NA,NA,NA,NA,NA,NA,NA,NA,NA,NA,NA,NA,NA,NA,NA,NA,NA,NA,NA,NA,NA,NA,NA,NA,NA,NA,NA,NA,0,0,1,15,134.6,8.973333333333333
00-0033552,Brendan Langley,WR,2017,22.87748117727584,0,NA,NA,NA,NA,NA,NA,NA,NA,NA,NA,3,101,-4.624972813284271,NA,NA,NA,NA,NA,NA,NA,NA,NA,NA,NA,NA,NA,NA,NA,NA,NA,NA,NA,NA,NA,NA,NA,NA,NA,NA,NA,NA,NA,NA,NA,NA,NA,0,1,1,5,0,0
00-0032804,Daniel Lasco,RB,2016,23.89596167008898,0,72,209,4.46,41.5,135,7.22,4.26,105.64205650925143,28.342399691358025,0.6728650048748863,7,237,-5.472270673671475,NA,NA,NA,NA,NA,NA,NA,NA,NA,NA,NA,NA,NA,NA,NA,NA,NA,NA,NA,NA,NA,NA,NA,NA,NA,NA,NA,NA,NA,NA,NA,NA,NA,0,0,1,5,5.300000000000001,1.06
00-0034271,Jordan Lasley,WR,2018,21.79876796714579,0,73,203,4.5,34.5,112,NA,4.19,99.00929736320683,26.77969600300244,-0.31213402190126904,5,162,-5.093750200806762,NA,NA,NA,NA,NA,NA,NA,NA,NA,NA,NA,NA,NA,NA,NA,NA,NA,NA,NA,NA,NA,NA,NA,NA,NA,NA,NA,NA,NA,NA,NA,NA,NA,0,0,1,0,0,0
00-0031344,Cody Latimer,WR,2014,21.89185489390828,0,74,215,4.52,NA,NA,NA,NA,103.01838003989533,27.60135135135135,0.3595106142166998,2,56,-4.04305126783455,NA,NA,NA,NA,NA,NA,NA,NA,NA,NA,NA,NA,NA,NA,NA,NA,NA,NA,NA,NA,NA,NA,NA,NA,NA,NA,NA,NA,NA,NA,NA,NA,NA,0,0,1,4,3.3000000000000003,0.8250000000000001
00-0030497,Marcus Lattimore,RB,2013,21.842573579739906,0,71,221,4.65,NA,NA,NA,NA,94.53888105988777,30.819877008530053,-0.26673350229544374,4,131,-4.882801922586371,NA,NA,NA,NA,NA,NA,NA,NA,NA,NA,NA,NA,NA,NA,NA,NA,NA,NA,NA,NA,NA,NA,NA,NA,NA,NA,NA,NA,NA,NA,NA,NA,NA,0,0,1,0,0,0
00-0038564,Cameron Latu,TE,2023,23.51813826146475,0,76,242,NA,NA,NA,NA,NA,NA,29.45394736842105,NA,3,101,-4.624972813284271,NA,NA,NA,NA,NA,NA,NA,NA,NA,NA,NA,NA,NA,NA,NA,NA,NA,NA,NA,NA,NA,NA,NA,NA,NA,NA,NA,NA,NA,NA,NA,NA,NA,0,1,1,0,0,0
00-0039407,Dylan Laube,RB,2024,24.71731690622861,0,70,206,4.54,37,118,6.84,4.02,96.97812980212043,29.55469387755102,0.1847354353559612,6,208,-5.342334251964811,NA,NA,NA,NA,NA,NA,NA,NA,NA,NA,NA,NA,NA,NA,NA,NA,NA,NA,NA,NA,NA,NA,NA,NA,NA,NA,NA,NA,NA,NA,NA,NA,NA,0,0,1,6,-2,-0.3333333333333333
00-0034369,Kyle Lauletta,QB,2018,23.460643394934976,0,75,222,4.81,31,113,6.95,4.07,82.94737843265573,27.745066666666666,0.8106428250702474,4,108,-4.6913478822291435,NA,NA,NA,NA,NA,NA,NA,NA,NA,NA,NA,NA,NA,NA,NA,NA,NA,NA,NA,NA,NA,NA,NA,NA,NA,NA,NA,NA,NA,NA,NA,NA,NA,0,0,1,1,-2.2,-2.2
00-0032453,Kenny Lawler,WR,2016,22.187542778918548,0,74,203,4.64,31,111,7.13,4.2,87.58991630448155,26.06081081081081,-1.06197789495318,7,243,-5.497168225293202,NA,NA,NA,NA,NA,NA,NA,NA,NA,NA,NA,NA,NA,NA,NA,NA,NA,NA,NA,NA,NA,NA,NA,NA,NA,NA,NA,NA,NA,NA,NA,NA,NA,0,0,1,0,0,0
00-0036971,Trevor Lawrence,QB,2021,21.905544147843944,0,77,213,NA,NA,NA,NA,NA,NA,25.255355034575814,NA,1,1,-0.6931471805599453,NA,NA,NA,NA,NA,NA,NA,NA,NA,NA,NA,NA,NA,NA,NA,NA,NA,NA,NA,NA,NA,NA,NA,NA,NA,NA,NA,NA,NA,NA,NA,NA,NA,0,1,1,17,205.04000000000002,12.061176470588236
00-0039801,Devin Leary,QB,2024,24.97741273100616,0,73,215,NA,NA,NA,NA,NA,NA,28.36273221992869,NA,6,218,-5.389071729816501,NA,NA,NA,NA,NA,NA,NA,NA,NA,NA,NA,NA,NA,NA,NA,NA,NA,NA,NA,NA,NA,NA,NA,NA,NA,NA,NA,NA,NA,NA,NA,NA,NA,0,1,1,0,0,0
00-0031431,Marqise Lee,WR,2014,22.767967145790553,0,72,192,4.52,38,127,NA,4.01,91.99780915190652,26.037037037037038,0.42104924176176384,2,39,-3.6888794541139363,NA,NA,NA,NA,NA,NA,NA,NA,NA,NA,NA,NA,NA,NA,NA,NA,NA,NA,NA,NA,NA,NA,NA,NA,NA,NA,NA,NA,NA,NA,NA,NA,NA,0,0,1,12,67.6,5.633333333333333
00-0034416,Tanner Lee,QB,2018,23.54551676933607,0,76,218,4.98,32,115,7,4.41,70.88741152187404,26.532894736842106,0.003768958396040045,6,203,-5.318119993844216,NA,NA,NA,NA,NA,NA,NA,NA,NA,NA,NA,NA,NA,NA,NA,NA,NA,NA,NA,NA,NA,NA,NA,NA,NA,NA,NA,NA,NA,NA,NA,NA,NA,0,0,1,0,0,0
00-0039342,Xavier Legette,WR,2024,23.589322381930184,0,73,221,4.39,40,126,NA,NA,119.00472041972782,29.154250328391818,1.0113669163427415,1,32,-3.4965075614664802,NA,NA,NA,NA,NA,NA,NA,NA,NA,NA,NA,NA,NA,NA,NA,NA,NA,NA,NA,NA,NA,NA,NA,NA,NA,NA,NA,NA,NA,NA,NA,NA,NA,0,0,1,15,100.6,6.706666666666666
00-0033953,Jordan Leggett,TE,2017,22.584531143052704,0,77,258,NA,33,114,7.12,4.33,NA,30.590993422162253,-0.7247906311840572,5,150,-5.017279836814924,NA,NA,NA,NA,NA,NA,NA,NA,NA,NA,NA,NA,NA,NA,NA,NA,NA,NA,NA,NA,NA,NA,NA,NA,NA,NA,NA,NA,NA,NA,NA,NA,NA,0,0,1,0,0,0
00-0040206,Riley Leonard,QB,2025,22.967830253251197,0,76,216,NA,NA,NA,NA,NA,NA,26.289473684210527,NA,6,189,-5.247024072160486,NA,NA,NA,NA,NA,NA,NA,NA,NA,NA,NA,NA,NA,NA,NA,NA,NA,NA,NA,NA,NA,NA,NA,NA,NA,NA,NA,NA,NA,NA,NA,NA,NA,0,1,1,5,33,6.6
00-0039152,Will Levis,QB,2023,24.18069815195072,0,76,229,NA,34,124,NA,NA,NA,27.87171052631579,0.314408802590456,2,33,-3.5263605246161616,NA,NA,NA,NA,NA,NA,NA,NA,NA,NA,NA,NA,NA,NA,NA,NA,NA,NA,NA,NA,NA,NA,NA,NA,NA,NA,NA,NA,NA,NA,NA,NA,NA,0,0,1,9,104.02000000000001,11.55777777777778
00-0032070,Dezmin Lewis,WR,2015,22.7378507871321,0,NA,NA,NA,NA,NA,NA,NA,NA,NA,NA,7,234,-5.459585514144159,NA,NA,NA,NA,NA,NA,NA,NA,NA,NA,NA,NA,NA,NA,NA,NA,NA,NA,NA,NA,NA,NA,NA,NA,NA,NA,NA,NA,NA,NA,NA,NA,NA,0,1,1,0,0,0
00-0037838,Isaiah Likely,TE,2022,22.3709787816564,0,77,245,NA,36,NA,NA,4.57,NA,29.049586776859503,-0.24591319750202084,4,139,-4.941642422609304,NA,NA,NA,NA,NA,NA,NA,NA,NA,NA,NA,NA,NA,NA,NA,NA,NA,NA,NA,NA,NA,NA,NA,NA,NA,NA,NA,NA,NA,NA,NA,NA,NA,0,0,1,14,73.30000000000001,5.235714285714287
00-0032957,Kolby Listenbee,WR,2016,22.600958247775495,0,72,197,4.39,35.5,129,NA,NA,106.08113087188407,26.71508487654321,0.7576957574697996,6,192,-5.262690188904886,NA,NA,NA,NA,NA,NA,NA,NA,NA,NA,NA,NA,NA,NA,NA,NA,NA,NA,NA,NA,NA,NA,NA,NA,NA,NA,NA,NA,NA,NA,NA,NA,NA,0,0,1,0,0,0
00-0039811,MarShawn Lloyd,RB,2024,23.655030800821354,0,69,220,4.46,36,118,NA,NA,111.20216474658046,32.48477210670028,-0.0015306228274064259,3,88,-4.48863636973214,NA,NA,NA,NA,NA,NA,NA,NA,NA,NA,NA,NA,NA,NA,NA,NA,NA,NA,NA,NA,NA,NA,NA,NA,NA,NA,NA,NA,NA,NA,NA,NA,NA,0,0,1,1,2.3,2.3
00-0035704,Drew Lock,QB,2019,22.806297056810404,0,76,228,4.69,31,112,7.03,4.12,94.24828837348846,27.75,0.1356348596700619,2,42,-3.7612001156935624,NA,NA,NA,NA,NA,NA,NA,NA,NA,NA,NA,NA,NA,NA,NA,NA,NA,NA,NA,NA,NA,NA,NA,NA,NA,NA,NA,NA,NA,NA,NA,NA,NA,0,0,1,5,68.00000000000001,13.600000000000003
00-0032211,Tyler Lockett,WR,2015,22.924024640657084,0,70,182,4.4,35.5,121,6.89,4.07,97.11597568472095,26.111428571428572,-0.05484883934326669,3,69,-4.248495242049359,NA,NA,NA,NA,NA,NA,NA,NA,NA,NA,NA,NA,NA,NA,NA,NA,NA,NA,NA,NA,NA,NA,NA,NA,NA,NA,NA,NA,NA,NA,NA,NA,NA,0,0,1,16,129.9,8.11875
00-0033789,T.J. Logan,RB,2017,22.99520876112252,0,69,196,4.37,33.5,121,NA,NA,107.48808340197904,28.940978785969335,0.3546771836669309,5,179,-5.19295685089021,NA,NA,NA,NA,NA,NA,NA,NA,NA,NA,NA,NA,NA,NA,NA,NA,NA,NA,NA,NA,NA,NA,NA,NA,NA,NA,NA,NA,NA,NA,NA,NA,NA,0,0,1,0,0,0
00-0040240,Caleb Lohner,TE,2025,23.917864476386036,0,NA,NA,NA,NA,NA,NA,NA,NA,NA,NA,7,241,-5.488937726156687,NA,NA,NA,NA,NA,NA,NA,NA,NA,NA,NA,NA,NA,NA,NA,NA,NA,NA,NA,NA,NA,NA,NA,NA,NA,NA,NA,NA,NA,NA,NA,NA,NA,0,1,1,0,0,0
00-0037238,Drake London,WR,2022,21.10609171800137,1,76,219,NA,NA,NA,NA,NA,NA,26.654605263157894,NA,1,8,-2.1972245773362196,NA,NA,NA,NA,NA,NA,NA,NA,NA,NA,NA,NA,NA,NA,NA,NA,NA,NA,NA,NA,NA,NA,NA,NA,NA,NA,NA,NA,NA,NA,NA,NA,NA,0,1,1,17,146.60000000000002,8.623529411764707
00-0037004,Hunter Long,TE,2021,23.0362765229295,0,NA,NA,NA,NA,NA,NA,NA,NA,NA,NA,3,81,-4.406719247264253,NA,NA,NA,NA,NA,NA,NA,NA,NA,NA,NA,NA,NA,NA,NA,NA,NA,NA,NA,NA,NA,NA,NA,NA,NA,NA,NA,NA,NA,NA,NA,NA,NA,0,1,1,3,1.3,0.43333333333333335
00-0033079,Ricardo Louis,WR,2016,22.444900752908968,0,74,215,4.43,38,132,NA,NA,111.6486691579471,27.60135135135135,1.4187570488108268,4,114,-4.74493212836325,NA,NA,NA,NA,NA,NA,NA,NA,NA,NA,NA,NA,NA,NA,NA,NA,NA,NA,NA,NA,NA,NA,NA,NA,NA,NA,NA,NA,NA,NA,NA,NA,NA,0,0,1,14,29.5,2.107142857142857
00-0035256,Bryce Love,RB,2019,22.1492128678987,0,69,200,NA,NA,NA,NA,NA,NA,29.531611006091158,NA,4,112,-4.727387818712341,NA,NA,NA,NA,NA,NA,NA,NA,NA,NA,NA,NA,NA,NA,NA,NA,NA,NA,NA,NA,NA,NA,NA,NA,NA,NA,NA,NA,NA,NA,NA,NA,NA,0,1,1,0,0,0
00-0036264,Jordan Love,QB,2020,21.831622176591377,0,76,224,4.74,35.5,118,7.21,4.52,88.74924094398648,27.263157894736842,0.5174830118875999,1,26,-3.295836866004329,NA,NA,NA,NA,NA,NA,NA,NA,NA,NA,NA,NA,NA,NA,NA,NA,NA,NA,NA,NA,NA,NA,NA,NA,NA,NA,NA,NA,NA,NA,NA,NA,NA,0,0,1,0,0,0
00-0040126,Colston Loveland,TE,2025,21.39630390143737,1,78,248,NA,NA,NA,NA,NA,NA,28.656147271531886,NA,1,10,-2.3978952727983707,NA,NA,NA,NA,NA,NA,NA,NA,NA,NA,NA,NA,NA,NA,NA,NA,NA,NA,NA,NA,NA,NA,NA,NA,NA,NA,NA,NA,NA,NA,NA,NA,NA,0,1,1,16,136.1,8.50625
00-0040241,Dominic Lovett,WR,2025,22.8145106091718,0,70,185,4.4,33.5,120,NA,4.27,98.71678847073284,26.541836734693877,-0.9253492932808207,7,244,-5.501258210544727,NA,NA,NA,NA,NA,NA,NA,NA,NA,NA,NA,NA,NA,NA,NA,NA,NA,NA,NA,NA,NA,NA,NA,NA,NA,NA,NA,NA,NA,NA,NA,NA,NA,0,0,1,2,0,0
00-0032447,Devin Lucien,WR,2016,23.184120465434635,0,NA,NA,NA,NA,NA,NA,NA,NA,NA,NA,7,225,-5.420534999272286,NA,NA,NA,NA,NA,NA,NA,NA,NA,NA,NA,NA,NA,NA,NA,NA,NA,NA,NA,NA,NA,NA,NA,NA,NA,NA,NA,NA,NA,NA,NA,NA,NA,0,1,1,0,0,0
00-0036312,Jake Luton,QB,2020,24.39151266255989,0,78,224,NA,NA,NA,NA,NA,NA,25.882971729125575,NA,6,189,-5.247024072160486,NA,NA,NA,NA,NA,NA,NA,NA,NA,NA,NA,NA,NA,NA,NA,NA,NA,NA,NA,NA,NA,NA,NA,NA,NA,NA,NA,NA,NA,NA,NA,NA,NA,0,1,1,3,28.26,9.42
00-0031286,Arthur Lynch,TE,2014,24.20807665982204,0,77,258,4.82,29.5,116,7.38,4.35,95.60080487530047,30.590993422162253,-0.7352644219875607,5,155,-5.049856007249537,NA,NA,NA,NA,NA,NA,NA,NA,NA,NA,NA,NA,NA,NA,NA,NA,NA,NA,NA,NA,NA,NA,NA,NA,NA,NA,NA,NA,NA,NA,NA,NA,NA,0,0,1,0,0,0
00-0033108,Paxton Lynch,QB,2016,22.55167693360712,0,79,244,4.86,36,118,7.14,4.26,87.47314571916945,27.4846979650697,0.6886714438093043,1,26,-3.295836866004329,NA,NA,NA,NA,NA,NA,NA,NA,NA,NA,NA,NA,NA,NA,NA,NA,NA,NA,NA,NA,NA,NA,NA,NA,NA,NA,NA,NA,NA,NA,NA,NA,NA,0,0,1,3,28.38,9.459999999999999
00-0035309,Alize Mack,TE,2019,22.425735797399042,0,76,249,4.7,36,120,7.27,4.34,102.05585160177476,30.30592105263158,0.10057764268643347,7,231,-5.44673737166631,NA,NA,NA,NA,NA,NA,NA,NA,NA,NA,NA,NA,NA,NA,NA,NA,NA,NA,NA,NA,NA,NA,NA,NA,NA,NA,NA,NA,NA,NA,NA,NA,NA,0,0,1,0,0,0
00-0033951,Marlon Mack,RB,2017,21.48665297741273,1,71,213,4.5,35.5,125,NA,NA,103.88660265203475,29.704225352112676,0.6465649597480772,4,143,-4.969813299576001,NA,NA,NA,NA,NA,NA,NA,NA,NA,NA,NA,NA,NA,NA,NA,NA,NA,NA,NA,NA,NA,NA,NA,NA,NA,NA,NA,NA,NA,NA,NA,NA,NA,0,0,1,14,92.80000000000001,6.628571428571429
00-0040021,Phil Mafah,RB,2025,22.855578370978783,0,73,234,NA,NA,NA,NA,NA,NA,30.869206230061927,NA,7,239,-5.480638923341991,NA,NA,NA,NA,NA,NA,NA,NA,NA,NA,NA,NA,NA,NA,NA,NA,NA,NA,NA,NA,NA,NA,NA,NA,NA,NA,NA,NA,NA,NA,NA,NA,NA,0,1,1,1,9.9,9.9
00-0033873,Patrick Mahomes,QB,2017,21.95756331279945,0,74,225,4.8,30,114,6.88,4.08,84.77105034722223,28.885135135135137,0.07131096607301157,1,10,-2.3978952727983707,NA,NA,NA,NA,NA,NA,NA,NA,NA,NA,NA,NA,NA,NA,NA,NA,NA,NA,NA,NA,NA,NA,NA,NA,NA,NA,NA,NA,NA,NA,NA,NA,NA,0,0,1,1,10.36,10.36
00-0038394,Will Mallory,TE,2023,24.194387405886378,0,77,239,4.54,36.5,121,NA,NA,112.51346127527565,28.33816832518131,0.35758106271528856,5,162,-5.093750200806762,NA,NA,NA,NA,NA,NA,NA,NA,NA,NA,NA,NA,NA,NA,NA,NA,NA,NA,NA,NA,NA,NA,NA,NA,NA,NA,NA,NA,NA,NA,NA,NA,NA,0,0,1,11,29.700000000000003,2.7
00-0033859,Josh Malone,WR,2017,21.44832306639288,1,75,208,4.4,30.5,121,7.05,4.19,110.98968649682394,25.99537777777778,-0.40084826501195625,4,128,-4.859812404361672,NA,NA,NA,NA,NA,NA,NA,NA,NA,NA,NA,NA,NA,NA,NA,NA,NA,NA,NA,NA,NA,NA,NA,NA,NA,NA,NA,NA,NA,NA,NA,NA,NA,0,0,1,9,15.5,1.7222222222222223
00-0032245,Sean Mannion,QB,2015,23.351129363449694,0,78,229,5.14,31,105,7.29,4.39,65.61649104470338,26.460716633793556,-1.0929881229084082,3,89,-4.499809670330265,NA,NA,NA,NA,NA,NA,NA,NA,NA,NA,NA,NA,NA,NA,NA,NA,NA,NA,NA,NA,NA,NA,NA,NA,NA,NA,NA,NA,NA,NA,NA,NA,NA,0,0,1,1,1.24,1.24
00-0030526,EJ Manuel,QB,2013,23.45516769336071,0,77,237,4.65,34,118,7.08,4.21,101.38332493752671,28.10102884128858,1.261407529183774,1,16,-2.833213344056216,NA,NA,NA,NA,NA,NA,NA,NA,NA,NA,NA,NA,NA,NA,NA,NA,NA,NA,NA,NA,NA,NA,NA,NA,NA,NA,NA,NA,NA,NA,NA,NA,NA,0,0,1,10,135.48,13.547999999999998
00-0031409,Johnny Manziel,QB,2014,21.73579739904175,1,72,207,4.68,31.5,113,6.75,4.03,86.30121873770622,28.071180555555557,1.281907006435247,1,22,-3.1354942159291497,NA,NA,NA,NA,NA,NA,NA,NA,NA,NA,NA,NA,NA,NA,NA,NA,NA,NA,NA,NA,NA,NA,NA,NA,NA,NA,NA,NA,NA,NA,NA,NA,NA,0,0,1,4,11.9,2.975
00-0032268,Marcus Mariota,QB,2015,21.83709787816564,0,76,222,4.52,36,121,6.87,4.11,106.37246683189191,27.019736842105264,0.8853964309027499,1,2,-1.0986122886681096,NA,NA,NA,NA,NA,NA,NA,NA,NA,NA,NA,NA,NA,NA,NA,NA,NA,NA,NA,NA,NA,NA,NA,NA,NA,NA,NA,NA,NA,NA,NA,NA,NA,0,0,1,12,216.52,18.043333333333333
00-0040583,Woody Marks,RB,2025,24.673511293634498,0,70,207,4.54,35,119,NA,4.24,97.44889742251907,29.69816326530612,-0.45317444049848915,4,116,-4.762173934797756,NA,NA,NA,NA,NA,NA,NA,NA,NA,NA,NA,NA,NA,NA,NA,NA,NA,NA,NA,NA,NA,NA,NA,NA,NA,NA,NA,NA,NA,NA,NA,NA,NA,0,0,1,16,133.1,8.31875
00-0032806,Keith Marshall,RB,2016,22.54072553045859,0,71,219,4.31,30.5,NA,NA,NA,126.93021914506599,30.54096409442571,0.6840259752384806,7,242,-5.493061443340548,NA,NA,NA,NA,NA,NA,NA,NA,NA,NA,NA,NA,NA,NA,NA,NA,NA,NA,NA,NA,NA,NA,NA,NA,NA,NA,NA,NA,NA,NA,NA,NA,NA,0,0,1,0,0,0
00-0036955,Terrace Marshall Jr.,WR,2021,21.229295003422312,1,74,205,4.4,39,125,NA,NA,109.38887371081205,26.31756756756757,0.6380129611144926,2,59,-4.0943445622221,NA,NA,NA,NA,NA,NA,NA,NA,NA,NA,NA,NA,NA,NA,NA,NA,NA,NA,NA,NA,NA,NA,NA,NA,NA,NA,NA,NA,NA,NA,NA,NA,NA,0,0,1,12,22.3,1.8583333333333334
00-0040651,Damien Martinez,RB,2025,21.585215605749486,1,72,217,4.51,35,124,NA,NA,104.90195017499383,29.427276234567902,-0.07158471793502924,7,223,-5.4116460518550396,NA,NA,NA,NA,NA,NA,NA,NA,NA,NA,NA,NA,NA,NA,NA,NA,NA,NA,NA,NA,NA,NA,NA,NA,NA,NA,NA,NA,NA,NA,NA,NA,NA,0,0,1,0,0,0
00-0036565,Ben Mason,TE,2021,22.272416153319643,0,74,246,4.73,37.5,117,6.96,4.42,98.29253590355644,31.58108108108108,-0.23692813371429042,5,184,-5.220355825078325,NA,NA,NA,NA,NA,NA,NA,NA,NA,NA,NA,NA,NA,NA,NA,NA,NA,NA,NA,NA,NA,NA,NA,NA,NA,NA,NA,NA,NA,NA,NA,NA,NA,0,0,1,0,0,0
00-0031391,Tre Mason,RB,2014,21.07049965776865,1,68,207,4.5,38.5,126,NA,4.15,100.960219478738,31.470804498269896,0.5195505718525724,3,75,-4.330733340286331,NA,NA,NA,NA,NA,NA,NA,NA,NA,NA,NA,NA,NA,NA,NA,NA,NA,NA,NA,NA,NA,NA,NA,NA,NA,NA,NA,NA,NA,NA,NA,NA,NA,0,0,1,12,127.30000000000001,10.608333333333334
00-0040244,Moliki Matavao,TE,2025,22.46132785763176,0,78,260,4.81,32.5,114,NA,NA,97.14557834455175,30.042735042735043,-0.6192326721411252,7,248,-5.517452896464707,NA,NA,NA,NA,NA,NA,NA,NA,NA,NA,NA,NA,NA,NA,NA,NA,NA,NA,NA,NA,NA,NA,NA,NA,NA,NA,NA,NA,NA,NA,NA,NA,NA,0,0,1,1,2,2
00-0031299,Jordan Matthews,TE,2014,22.127310061601644,0,75,212,4.46,35.5,120,6.95,4.18,107.15844966488662,26.49528888888889,1.21176512804607,2,42,-3.7612001156935624,NA,NA,NA,NA,NA,NA,NA,NA,NA,NA,NA,NA,NA,NA,NA,NA,NA,NA,NA,NA,NA,NA,NA,NA,NA,NA,NA,NA,NA,NA,NA,NA,NA,0,0,1,16,168.7,10.54375
00-0034972,Alexander Mattison,RB,2019,21.201916495550993,1,71,221,4.67,35,127,7.13,4.29,92.92974535108333,30.819877008530053,0.15509824655348298,3,102,-4.634728988229636,NA,NA,NA,NA,NA,NA,NA,NA,NA,NA,NA,NA,NA,NA,NA,NA,NA,NA,NA,NA,NA,NA,NA,NA,NA,NA,NA,NA,NA,NA,NA,NA,NA,0,0,1,13,63.400000000000006,4.876923076923077
00-0039851,Drake Maye,QB,2024,22.00684462696783,0,76,223,NA,NA,NA,NA,NA,NA,27.14144736842105,NA,1,3,-1.3862943611198906,NA,NA,NA,NA,NA,NA,NA,NA,NA,NA,NA,NA,NA,NA,NA,NA,NA,NA,NA,NA,NA,NA,NA,NA,NA,NA,NA,NA,NA,NA,NA,NA,NA,0,1,1,13,181.14000000000001,13.933846153846154
00-0039066,Michael Mayer,TE,2023,22.154688569472963,0,77,249,4.7,32.5,118,NA,NA,102.05585160177476,29.523865744644965,-0.8637477293362582,2,35,-3.58351893845611,NA,NA,NA,NA,NA,NA,NA,NA,NA,NA,NA,NA,NA,NA,NA,NA,NA,NA,NA,NA,NA,NA,NA,NA,NA,NA,NA,NA,NA,NA,NA,NA,NA,0,0,1,13,55.900000000000006,4.300000000000001
00-0034855,Baker Mayfield,QB,2018,23.38398357289528,0,73,215,4.84,29,111,7,4.28,78.35866151960367,28.36273221992869,0.07167162750865333,1,1,-0.6931471805599453,NA,NA,NA,NA,NA,NA,NA,NA,NA,NA,NA,NA,NA,NA,NA,NA,NA,NA,NA,NA,NA,NA,NA,NA,NA,NA,NA,NA,NA,NA,NA,NA,NA,0,0,1,14,240.1,17.15
00-0032188,Vince Mayle,TE,2015,24.2217659137577,0,74,224,4.67,35.5,117,6.93,4.13,94.19123510698039,28.756756756756758,0.5518272201943362,4,123,-4.820281565605037,NA,NA,NA,NA,NA,NA,NA,NA,NA,NA,NA,NA,NA,NA,NA,NA,NA,NA,NA,NA,NA,NA,NA,NA,NA,NA,NA,NA,NA,NA,NA,NA,NA,0,0,1,1,0,0
00-0033304,Devante Mays,RB,2017,23.26899383983573,0,NA,NA,NA,NA,NA,NA,NA,NA,NA,NA,7,238,-5.476463551931511,NA,NA,NA,NA,NA,NA,NA,NA,NA,NA,NA,NA,NA,NA,NA,NA,NA,NA,NA,NA,NA,NA,NA,NA,NA,NA,NA,NA,NA,NA,NA,NA,NA,0,1,1,2,-0.3999999999999999,-0.19999999999999996
00-0039046,DeWayne McBride,RB,2023,22.1492128678987,0,70,209,NA,NA,NA,NA,NA,NA,29.985102040816326,NA,7,222,-5.407171771460119,NA,NA,NA,NA,NA,NA,NA,NA,NA,NA,NA,NA,NA,NA,NA,NA,NA,NA,NA,NA,NA,NA,NA,NA,NA,NA,NA,NA,NA,NA,NA,NA,NA,0,1,1,0,0,0
00-0032123,Tre McBride,WR,2015,22.748802190280628,0,72,210,4.41,38,122,6.96,4.08,111.0439578328315,28.47800925925926,0.3277023331196607,7,245,-5.5053315359323625,NA,NA,NA,NA,NA,NA,NA,NA,NA,NA,NA,NA,NA,NA,NA,NA,NA,NA,NA,NA,NA,NA,NA,NA,NA,NA,NA,NA,NA,NA,NA,NA,NA,0,0,1,6,8.6,1.4333333333333333
00-0037744,Trey McBride,TE,2022,22.77618069815195,0,76,246,NA,33,117,NA,NA,NA,29.94078947368421,-0.5413168046351334,2,55,-4.02535169073515,NA,NA,NA,NA,NA,NA,NA,NA,NA,NA,NA,NA,NA,NA,NA,NA,NA,NA,NA,NA,NA,NA,NA,NA,NA,NA,NA,NA,NA,NA,NA,NA,NA,0,0,1,12,47,3.9166666666666665
00-0033280,Christian McCaffrey,RB,2017,21.234770704996578,1,71,202,4.48,37.5,121,6.57,4.22,100.2926967482624,28.170204324538783,0.9102084311136811,1,8,-2.1972245773362196,NA,NA,NA,NA,NA,NA,NA,NA,NA,NA,NA,NA,NA,NA,NA,NA,NA,NA,NA,NA,NA,NA,NA,NA,NA,NA,NA,NA,NA,NA,NA,NA,NA,0,0,1,16,188.60000000000002,11.787500000000001
00-0039355,Luke McCaffrey,WR,2024,23.416837782340863,0,74,198,4.46,36,121,6.7,4.02,100.08194827192241,25.41891891891892,0.004228815098657424,3,100,-4.61512051684126,NA,NA,NA,NA,NA,NA,NA,NA,NA,NA,NA,NA,NA,NA,NA,NA,NA,NA,NA,NA,NA,NA,NA,NA,NA,NA,NA,NA,NA,NA,NA,NA,NA,0,0,1,13,25.8,1.9846153846153847
00-0031288,AJ McCarron,QB,2014,23.967145790554415,0,75,220,4.94,28,99,7.18,4.34,73.88306111646494,27.49511111111111,-0.6772723155132883,5,164,-5.10594547390058,NA,NA,NA,NA,NA,NA,NA,NA,NA,NA,NA,NA,NA,NA,NA,NA,NA,NA,NA,NA,NA,NA,NA,NA,NA,NA,NA,NA,NA,NA,NA,NA,NA,0,0,1,0,0,0
00-0039923,J.J. McCarthy,QB,2024,21.61533196440794,1,75,219,NA,NA,NA,6.82,4.23,NA,27.37013333333333,0.8658793931766209,1,10,-2.3978952727983707,NA,NA,NA,NA,NA,NA,NA,NA,NA,NA,NA,NA,NA,NA,NA,NA,NA,NA,NA,NA,NA,NA,NA,NA,NA,NA,NA,NA,NA,NA,NA,NA,NA,0,1,1,0,0,0
00-0039393,Jase McClellan,RB,2024,22.187542778918548,0,70,221,NA,NA,NA,NA,NA,NA,31.70673469387755,NA,6,186,-5.231108616854587,NA,NA,NA,NA,NA,NA,NA,NA,NA,NA,NA,NA,NA,NA,NA,NA,NA,NA,NA,NA,NA,NA,NA,NA,NA,NA,NA,NA,NA,NA,NA,NA,NA,0,1,1,2,3.2,1.6
00-0034407,Ray-Ray McCloud,WR,2018,21.87816563997262,0,69,190,4.53,34.5,113,NA,NA,90.23827579889748,28.0550304557866,-0.941224433329394,6,187,-5.236441962829949,NA,NA,NA,NA,NA,NA,NA,NA,NA,NA,NA,NA,NA,NA,NA,NA,NA,NA,NA,NA,NA,NA,NA,NA,NA,NA,NA,NA,NA,NA,NA,NA,NA,0,0,1,8,6.5,0.8125
00-0039915,Ladd McConkey,WR,2024,22.806297056810404,0,72,186,4.39,36,124,NA,NA,100.15781899578903,25.22337962962963,-0.4975903460802618,2,34,-3.5553480614894135,NA,NA,NA,NA,NA,NA,NA,NA,NA,NA,NA,NA,NA,NA,NA,NA,NA,NA,NA,NA,NA,NA,NA,NA,NA,NA,NA,NA,NA,NA,NA,NA,NA,0,0,1,16,197.9,12.36875
00-0040014,Kyle McCord,QB,2025,22.951403148528406,0,75,218,NA,NA,NA,NA,NA,NA,27.245155555555556,NA,6,181,-5.204006687076795,NA,NA,NA,NA,NA,NA,NA,NA,NA,NA,NA,NA,NA,NA,NA,NA,NA,NA,NA,NA,NA,NA,NA,NA,NA,NA,NA,NA,NA,NA,NA,NA,NA,0,1,1,0,0,0
00-0030470,Vance McDonald,TE,2013,23.21971252566735,0,76,267,4.69,33.5,119,7.08,4.53,110.36970612158517,32.49671052631579,0.3014928085431746,2,55,-4.02535169073515,NA,NA,NA,NA,NA,NA,NA,NA,NA,NA,NA,NA,NA,NA,NA,NA,NA,NA,NA,NA,NA,NA,NA,NA,NA,NA,NA,NA,NA,NA,NA,NA,NA,0,0,1,10,15.9,1.59
00-0036336,Anthony McFarland,RB,2020,21.49760438056126,1,68,208,4.44,29.5,116,NA,NA,107.04378329856252,31.622837370242216,-0.9904937840323472,4,124,-4.8283137373023015,NA,NA,NA,NA,NA,NA,NA,NA,NA,NA,NA,NA,NA,NA,NA,NA,NA,NA,NA,NA,NA,NA,NA,NA,NA,NA,NA,NA,NA,NA,NA,NA,NA,0,0,1,11,19.700000000000003,1.7909090909090912
00-0034732,Alex McGough,QB,2018,22.784394250513348,0,NA,NA,NA,NA,NA,NA,NA,NA,NA,NA,7,220,-5.3981627015177525,NA,NA,NA,NA,NA,NA,NA,NA,NA,NA,NA,NA,NA,NA,NA,NA,NA,NA,NA,NA,NA,NA,NA,NA,NA,NA,NA,NA,NA,NA,NA,NA,NA,0,1,1,0,0,0
00-0033295,Elijah McGuire,RB,2017,23.252566735112936,0,70,214,4.53,36,120,7.26,4.56,101.63679484717926,30.702448979591836,-0.27862416946825747,6,188,-5.241747015059643,NA,NA,NA,NA,NA,NA,NA,NA,NA,NA,NA,NA,NA,NA,NA,NA,NA,NA,NA,NA,NA,NA,NA,NA,NA,NA,NA,NA,NA,NA,NA,NA,NA,0,0,1,15,67.7,4.513333333333334
00-0038636,Kenny McIntosh,RB,2023,23.496235455167692,0,72,204,4.62,NA,NA,NA,NA,89.55549956967158,27.66435185185185,-1.9910545252232166,7,237,-5.472270673671475,NA,NA,NA,NA,NA,NA,NA,NA,NA,NA,NA,NA,NA,NA,NA,NA,NA,NA,NA,NA,NA,NA,NA,NA,NA,NA,NA,NA,NA,NA,NA,NA,NA,0,0,1,0,0,0
00-0038400,Tanner McKee,QB,2023,23.345653661875428,0,78,231,NA,33,114,7.22,4.41,NA,26.691814595660748,-0.6542381680127008,6,188,-5.241747015059643,NA,NA,NA,NA,NA,NA,NA,NA,NA,NA,NA,NA,NA,NA,NA,NA,NA,NA,NA,NA,NA,NA,NA,NA,NA,NA,NA,NA,NA,NA,NA,NA,NA,0,0,1,0,0,0
00-0033466,Isaiah McKenzie,WR,2017,22.39835728952772,0,67,173,4.42,36,123,6.64,4.15,90.65401039816214,27.092670973490755,0.16819347951275632,5,172,-5.153291594497779,NA,NA,NA,NA,NA,NA,NA,NA,NA,NA,NA,NA,NA,NA,NA,NA,NA,NA,NA,NA,NA,NA,NA,NA,NA,NA,NA,NA,NA,NA,NA,NA,NA,0,0,1,11,5.300000000000001,0.48181818181818187
00-0031376,Jerick McKinnon,RB,2014,22.32991101984942,0,69,209,4.41,40.5,132,6.83,4.12,110.51517708124658,30.86053350136526,1.2067186003853898,3,96,-4.574710978503383,NA,NA,NA,NA,NA,NA,NA,NA,NA,NA,NA,NA,NA,NA,NA,NA,NA,NA,NA,NA,NA,NA,NA,NA,NA,NA,NA,NA,NA,NA,NA,NA,NA,0,0,1,11,80.80000000000001,7.345454545454547
00-0037011,Tre' McKitty,TE,2021,22.636550308008214,0,76,247,NA,NA,NA,NA,NA,NA,30.0625,NA,3,97,-4.584967478670572,NA,NA,NA,NA,NA,NA,NA,NA,NA,NA,NA,NA,NA,NA,NA,NA,NA,NA,NA,NA,NA,NA,NA,NA,NA,NA,NA,NA,NA,NA,NA,NA,NA,0,1,1,6,7.5,1.25
00-0039399,Tanner McLachlan,TE,2024,25.467488021902806,0,77,244,4.61,35,117,NA,NA,108.04784775772258,28.93101703491314,-0.4500825367281349,6,194,-5.272999558563747,NA,NA,NA,NA,NA,NA,NA,NA,NA,NA,NA,NA,NA,NA,NA,NA,NA,NA,NA,NA,NA,NA,NA,NA,NA,NA,NA,NA,NA,NA,NA,NA,NA,0,0,1,0,0,0
00-0035659,Terry McLaurin,WR,2019,23.96167008898015,0,72,208,4.35,37.5,125,7.01,4.15,116.18131903185986,28.20679012345679,0.4303457830097119,3,76,-4.343805421853684,NA,NA,NA,NA,NA,NA,NA,NA,NA,NA,NA,NA,NA,NA,NA,NA,NA,NA,NA,NA,NA,NA,NA,NA,NA,NA,NA,NA,NA,NA,NA,NA,NA,0,0,1,14,162.9,11.635714285714286
00-0036652,Racey McMath,WR,2021,22.217659137577,0,74,217,4.36,34,124,7.38,4.38,120.10021156339658,27.85810810810811,-0.4206988913171287,6,205,-5.327876168789581,NA,NA,NA,NA,NA,NA,NA,NA,NA,NA,NA,NA,NA,NA,NA,NA,NA,NA,NA,NA,NA,NA,NA,NA,NA,NA,NA,NA,NA,NA,NA,NA,NA,0,0,1,6,1.8,0.3
00-0039855,Jalen McMillan,WR,2024,22.73511293634497,0,73,197,4.47,37,127,6.94,4.18,98.6884048469653,25.988177894539312,-0.23764976307594485,3,92,-4.532599493153256,NA,NA,NA,NA,NA,NA,NA,NA,NA,NA,NA,NA,NA,NA,NA,NA,NA,NA,NA,NA,NA,NA,NA,NA,NA,NA,NA,NA,NA,NA,NA,NA,NA,0,0,1,13,116.9,8.992307692307692
00-0040124,Tetairoa McMillan,WR,2025,22.409308692676248,0,76,219,NA,NA,NA,NA,NA,NA,26.654605263157894,NA,1,8,-2.1972245773362196,NA,NA,NA,NA,NA,NA,NA,NA,NA,NA,NA,NA,NA,NA,NA,NA,NA,NA,NA,NA,NA,NA,NA,NA,NA,NA,NA,NA,NA,NA,NA,NA,NA,0,1,1,17,178.4,10.494117647058824
00-0033955,Jeremy McNichols,RB,2017,21.683778234086244,1,69,214,4.49,35.5,121,6.93,4.28,105.30728231682407,31.598823776517538,0.5181569704779966,5,162,-5.093750200806762,NA,NA,NA,NA,NA,NA,NA,NA,NA,NA,NA,NA,NA,NA,NA,NA,NA,NA,NA,NA,NA,NA,NA,NA,NA,NA,NA,NA,NA,NA,NA,NA,NA,0,0,1,1,0,0
00-0035146,Trace McSorley,QB,2019,24.024640657084188,0,72,202,4.57,33,115,7.09,4.12,92.62251404398903,27.393132716049383,0.42833677053778435,6,197,-5.288267030694535,NA,NA,NA,NA,NA,NA,NA,NA,NA,NA,NA,NA,NA,NA,NA,NA,NA,NA,NA,NA,NA,NA,NA,NA,NA,NA,NA,NA,NA,NA,NA,NA,NA,0,0,1,1,0.1,0.1
00-0039386,Bub Means,WR,2024,23.641341546885695,0,73,212,4.43,39.5,122,NA,NA,110.09078075109203,27.96697316569713,0.2791118312164538,5,170,-5.14166355650266,NA,NA,NA,NA,NA,NA,NA,NA,NA,NA,NA,NA,NA,NA,NA,NA,NA,NA,NA,NA,NA,NA,NA,NA,NA,NA,NA,NA,NA,NA,NA,NA,NA,0,0,1,4,22.3,5.575
00-0029896,Aaron Mellette,WR,2013,23.67693360711841,0,74,217,4.54,33.5,123,7.11,4.41,102.1565736265055,27.85810810810811,-0.30596234571773184,7,238,-5.476463551931511,NA,NA,NA,NA,NA,NA,NA,NA,NA,NA,NA,NA,NA,NA,NA,NA,NA,NA,NA,NA,NA,NA,NA,NA,NA,NA,NA,NA,NA,NA,NA,NA,NA,0,0,1,0,0,0
00-0040220,Tommy Mellott,WR,2025,23.876796714579054,0,NA,NA,NA,NA,NA,NA,NA,NA,NA,NA,6,213,-5.365976015021851,NA,NA,NA,NA,NA,NA,NA,NA,NA,NA,NA,NA,NA,NA,NA,NA,NA,NA,NA,NA,NA,NA,NA,NA,NA,NA,NA,NA,NA,NA,NA,NA,NA,0,1,1,0,0,0
00-0037091,Bo Melton,WR,2022,23.290896646132786,0,71,189,4.34,38,121,6.98,NA,106.54495291143996,26.357270382860545,0.3889854039821661,7,229,-5.438079308923196,NA,NA,NA,NA,NA,NA,NA,NA,NA,NA,NA,NA,NA,NA,NA,NA,NA,NA,NA,NA,NA,NA,NA,NA,NA,NA,NA,NA,NA,NA,NA,NA,NA,0,0,1,0,0,0
00-0040211,Graham Mertz,QB,2025,24.736481861738536,0,75,212,NA,NA,NA,NA,NA,NA,26.49528888888889,NA,6,197,-5.288267030694535,NA,NA,NA,NA,NA,NA,NA,NA,NA,NA,NA,NA,NA,NA,NA,NA,NA,NA,NA,NA,NA,NA,NA,NA,NA,NA,NA,NA,NA,NA,NA,NA,NA,0,1,1,0,0,0
00-0035640,DK Metcalf,WR,2019,21.713894592744694,1,75,228,4.33,40.5,134,7.38,4.5,129.72188692159156,28.494933333333332,0.15255864576241832,2,64,-4.174387269895637,NA,NA,NA,NA,NA,NA,NA,NA,NA,NA,NA,NA,NA,NA,NA,NA,NA,NA,NA,NA,NA,NA,NA,NA,NA,NA,NA,NA,NA,NA,NA,NA,NA,0,0,1,16,162.1,10.13125
00-0037614,John Metchie III,WR,2022,22.12183436002738,0,71,187,NA,NA,NA,NA,NA,NA,26.0783574687562,NA,2,44,-3.8066624897703196,NA,NA,NA,NA,NA,NA,NA,NA,NA,NA,NA,NA,NA,NA,NA,NA,NA,NA,NA,NA,NA,NA,NA,NA,NA,NA,NA,NA,NA,NA,NA,NA,NA,0,1,1,0,0,0
00-0031266,Zach Mettenberger,QB,2014,23.129363449691994,0,77,224,NA,NA,NA,NA,NA,NA,26.55962219598583,NA,6,178,-5.187385805840755,NA,NA,NA,NA,NA,NA,NA,NA,NA,NA,NA,NA,NA,NA,NA,NA,NA,NA,NA,NA,NA,NA,NA,NA,NA,NA,NA,NA,NA,NA,NA,NA,NA,0,1,1,7,74.88000000000001,10.69714285714286
00-0030432,Christine Michael,RB,2013,22.811772758384667,0,70,220,4.54,43,125,6.69,4.02,103.56887648770143,31.56326530612245,1.5013092426243817,2,62,-4.143134726391533,NA,NA,NA,NA,NA,NA,NA,NA,NA,NA,NA,NA,NA,NA,NA,NA,NA,NA,NA,NA,NA,NA,NA,NA,NA,NA,NA,NA,NA,NA,NA,NA,NA,0,0,1,3,7.9,2.6333333333333333
00-0034845,Sony Michel,RB,2018,23.537303216974674,0,71,214,4.54,NA,NA,NA,4.21,100.74427076530958,29.84368180916485,-4.5324989686179595e-6,1,31,-3.4657359027997265,NA,NA,NA,NA,NA,NA,NA,NA,NA,NA,NA,NA,NA,NA,NA,NA,NA,NA,NA,NA,NA,NA,NA,NA,NA,NA,NA,NA,NA,NA,NA,NA,NA,0,0,1,13,135.60000000000002,10.430769230769233
00-0031271,Trey Millard,RB,2014,23.11567419575633,0,74,247,4.64,NA,NA,NA,NA,106.57492279412287,31.70945945945946,0.828865271393772,7,245,-5.5053315359323625,NA,NA,NA,NA,NA,NA,NA,NA,NA,NA,NA,NA,NA,NA,NA,NA,NA,NA,NA,NA,NA,NA,NA,NA,NA,NA,NA,NA,NA,NA,NA,NA,NA,0,0,1,0,0,0
00-0034353,Anthony Miller,WR,2018,23.89596167008898,0,71,201,NA,NA,NA,NA,NA,NA,28.03074786748661,NA,2,51,-3.9512437185814275,NA,NA,NA,NA,NA,NA,NA,NA,NA,NA,NA,NA,NA,NA,NA,NA,NA,NA,NA,NA,NA,NA,NA,NA,NA,NA,NA,NA,NA,NA,NA,NA,NA,0,1,1,15,103.72,6.914666666666666
00-0033069,Braxton Miller,WR,2016,23.753593429158112,0,73,201,4.5,35,123,6.65,4.07,98.03383630544124,26.51585663351473,0.62564382563164,3,85,-4.454347296253507,NA,NA,NA,NA,NA,NA,NA,NA,NA,NA,NA,NA,NA,NA,NA,NA,NA,NA,NA,NA,NA,NA,NA,NA,NA,NA,NA,NA,NA,NA,NA,NA,NA,0,0,1,10,23.4,2.34
00-0040222,Cam Miller,QB,2025,24.205338809034906,0,NA,NA,NA,NA,NA,NA,NA,NA,NA,NA,6,215,-5.375278407684165,NA,NA,NA,NA,NA,NA,NA,NA,NA,NA,NA,NA,NA,NA,NA,NA,NA,NA,NA,NA,NA,NA,NA,NA,NA,NA,NA,NA,NA,NA,NA,NA,NA,0,1,1,0,0,0
00-0038551,Kendre Miller,RB,2023,21.22381930184805,1,71,215,NA,NA,NA,NA,NA,NA,29.983138266217022,NA,3,71,-4.276666119016055,NA,NA,NA,NA,NA,NA,NA,NA,NA,NA,NA,NA,NA,NA,NA,NA,NA,NA,NA,NA,NA,NA,NA,NA,NA,NA,NA,NA,NA,NA,NA,NA,NA,0,1,1,7,38.300000000000004,5.471428571428572
00-0011233,Anthony Miller,WR,2018,53.379876796714576,0,71,201,NA,NA,NA,NA,NA,NA,28.03074786748661,NA,2,51,-3.9512437185814275,NA,NA,NA,NA,NA,NA,NA,NA,NA,NA,NA,NA,NA,NA,NA,NA,NA,NA,NA,NA,NA,NA,NA,NA,NA,NA,NA,NA,NA,NA,NA,NA,NA,0,1,1,0,0,0
00-0035298,Scott Miller,WR,2019,22.086242299794662,0,NA,NA,NA,NA,NA,NA,NA,NA,NA,NA,6,208,-5.342334251964811,NA,NA,NA,NA,NA,NA,NA,NA,NA,NA,NA,NA,NA,NA,NA,NA,NA,NA,NA,NA,NA,NA,NA,NA,NA,NA,NA,NA,NA,NA,NA,NA,NA,0,1,1,9,34.1,3.788888888888889
00-0036898,Davis Mills,QB,2021,22.863791923340177,0,75,217,4.82,32,110,6.95,4.4,80.40842890674497,27.120177777777776,-0.24733799336799148,3,67,-4.219507705176107,NA,NA,NA,NA,NA,NA,NA,NA,NA,NA,NA,NA,NA,NA,NA,NA,NA,NA,NA,NA,NA,NA,NA,NA,NA,NA,NA,NA,NA,NA,NA,NA,NA,0,0,1,13,154.96,11.92
00-0036671,Dax Milne,WR,2021,22.193018480492814,0,NA,NA,4.54,31,114,NA,4.19,NA,NA,-1.0868461589444463,7,258,-5.556828061699537,NA,NA,NA,NA,NA,NA,NA,NA,NA,NA,NA,NA,NA,NA,NA,NA,NA,NA,NA,NA,NA,NA,NA,NA,NA,NA,NA,NA,NA,NA,NA,NA,NA,0,0,1,9,12.9,1.4333333333333333
00-0040673,Jalen Milroe,QB,2025,22.718685831622178,0,74,217,NA,NA,NA,NA,NA,NA,27.85810810810811,NA,3,92,-4.532599493153256,NA,NA,NA,NA,NA,NA,NA,NA,NA,NA,NA,NA,NA,NA,NA,NA,NA,NA,NA,NA,NA,NA,NA,NA,NA,NA,NA,NA,NA,NA,NA,NA,NA,0,1,1,3,-1.6,-0.5333333333333333
00-0039398,Joe Milton III,QB,2024,24.490075290896645,0,77,235,NA,35,121,NA,NA,NA,27.863889357395852,0.672443673383647,6,193,-5.267858159063328,NA,NA,NA,NA,NA,NA,NA,NA,NA,NA,NA,NA,NA,NA,NA,NA,NA,NA,NA,NA,NA,NA,NA,NA,NA,NA,NA,NA,NA,NA,NA,NA,NA,0,0,1,1,19.240000000000002,19.240000000000002
00-0036255,Denzel Mims,WR,2020,22.89390828199863,0,75,207,4.38,38.5,131,6.66,4.43,112.48740527430711,25.8704,0.9648289036056563,2,59,-4.0943445622221,NA,NA,NA,NA,NA,NA,NA,NA,NA,NA,NA,NA,NA,NA,NA,NA,NA,NA,NA,NA,NA,NA,NA,NA,NA,NA,NA,NA,NA,NA,NA,NA,NA,0,0,1,9,47.2,5.2444444444444445
00-0038976,Marvin Mims Jr.,WR,2023,21.453798767967147,1,71,183,4.38,39.5,129,6.9,NA,99.4453872714889,25.52053164054751,0.5177353032968158,2,63,-4.1588830833596715,NA,NA,NA,NA,NA,NA,NA,NA,NA,NA,NA,NA,NA,NA,NA,NA,NA,NA,NA,NA,NA,NA,NA,NA,NA,NA,NA,NA,NA,NA,NA,NA,NA,0,0,1,16,57.7,3.60625
00-0039062,Jonathan Mingo,WR,2023,22.365503080082135,0,74,220,4.46,39.5,129,NA,NA,111.20216474658046,28.243243243243242,1.2256977415378756,2,39,-3.6888794541139363,NA,NA,NA,NA,NA,NA,NA,NA,NA,NA,NA,NA,NA,NA,NA,NA,NA,NA,NA,NA,NA,NA,NA,NA,NA,NA,NA,NA,NA,NA,NA,NA,NA,0,0,1,15,63.300000000000004,4.220000000000001
00-0035289,Gardner Minshew,QB,2019,23.293634496919918,0,73,225,4.97,33.5,116,7.14,4.45,73.75423433755746,29.681929067367236,-0.3745947564068954,6,178,-5.187385805840755,NA,NA,NA,NA,NA,NA,NA,NA,NA,NA,NA,NA,NA,NA,NA,NA,NA,NA,NA,NA,NA,NA,NA,NA,NA,NA,NA,NA,NA,NA,NA,NA,NA,0,0,1,14,233.24,16.66
00-0039890,Adonai Mitchell,WR,2024,21.900068446269678,0,74,205,4.34,39.5,136,NA,NA,115.56463146478937,26.31756756756757,1.4872181515803955,2,52,-3.970291913552122,NA,NA,NA,NA,NA,NA,NA,NA,NA,NA,NA,NA,NA,NA,NA,NA,NA,NA,NA,NA,NA,NA,NA,NA,NA,NA,NA,NA,NA,NA,NA,NA,NA,0,0,1,17,42.260000000000005,2.485882352941177
00-0035002,Dillon Mitchell,WR,2019,22.2943189596167,0,73,197,4.46,36.5,122,NA,4.29,99.57648388671069,25.988177894539312,-0.3060397091574278,7,239,-5.480638923341991,NA,NA,NA,NA,NA,NA,NA,NA,NA,NA,NA,NA,NA,NA,NA,NA,NA,NA,NA,NA,NA,NA,NA,NA,NA,NA,NA,NA,NA,NA,NA,NA,NA,0,0,1,0,0,0
00-0036567,Elijah Mitchell,RB,2021,23.3347022587269,0,70,201,4.38,37.5,128,6.94,4.19,109.22690077360255,28.83734693877551,0.8618264878578279,6,194,-5.272999558563747,NA,NA,NA,NA,NA,NA,NA,NA,NA,NA,NA,NA,NA,NA,NA,NA,NA,NA,NA,NA,NA,NA,NA,NA,NA,NA,NA,NA,NA,NA,NA,NA,NA,0,0,1,11,155.5,14.136363636363637
00-0037282,James Mitchell,TE,2022,23.058179329226558,0,76,249,NA,NA,NA,NA,NA,NA,30.30592105263158,NA,5,177,-5.181783550292085,NA,NA,NA,NA,NA,NA,NA,NA,NA,NA,NA,NA,NA,NA,NA,NA,NA,NA,NA,NA,NA,NA,NA,NA,NA,NA,NA,NA,NA,NA,NA,NA,NA,0,1,1,8,22.8,2.85
00-0032400,Malcolm Mitchell,WR,2016,24.11772758384668,0,72,198,4.45,36,129,6.94,4.34,100.98459823900775,26.850694444444443,0.16129693717009605,4,112,-4.727387818712341,NA,NA,NA,NA,NA,NA,NA,NA,NA,NA,NA,NA,NA,NA,NA,NA,NA,NA,NA,NA,NA,NA,NA,NA,NA,NA,NA,NA,NA,NA,NA,NA,NA,0,0,1,12,80.1,6.675
00-0033897,Joe Mixon,RB,2017,21.10609171800137,1,NA,NA,NA,NA,NA,NA,NA,NA,NA,NA,2,48,-3.8918202981106265,NA,NA,NA,NA,NA,NA,NA,NA,NA,NA,NA,NA,NA,NA,NA,NA,NA,NA,NA,NA,NA,NA,NA,NA,NA,NA,NA,NA,NA,NA,NA,NA,NA,0,1,1,14,128.3,9.164285714285715
00-0040236,Kyle Monangai,RB,2025,23.238877481177276,0,68,211,4.6,34.5,117,NA,NA,94.24994907822659,32.078935986159166,-1.1755949616407066,7,233,-5.455321115357702,NA,NA,NA,NA,NA,NA,NA,NA,NA,NA,NA,NA,NA,NA,NA,NA,NA,NA,NA,NA,NA,NA,NA,NA,NA,NA,NA,NA,NA,NA,NA,NA,NA,0,0,1,17,133.70000000000002,7.8647058823529425
00-0031339,Donte Moncrief,WR,2014,21.07049965776865,1,74,221,4.4,39.5,132,7.02,4.3,117.92654190287544,28.37162162162162,0.7096295743916069,3,90,-4.51085950651685,NA,NA,NA,NA,NA,NA,NA,NA,NA,NA,NA,NA,NA,NA,NA,NA,NA,NA,NA,NA,NA,NA,NA,NA,NA,NA,NA,NA,NA,NA,NA,NA,NA,0,0,1,14,80.10000000000001,5.721428571428572
00-0036946,Kellen Mond,QB,2021,22.195756331279945,0,NA,NA,NA,NA,NA,NA,NA,NA,NA,NA,3,66,-4.204692619390966,NA,NA,NA,NA,NA,NA,NA,NA,NA,NA,NA,NA,NA,NA,NA,NA,NA,NA,NA,NA,NA,NA,NA,NA,NA,NA,NA,NA,NA,NA,NA,NA,NA,0,1,1,1,0.2,0.2
00-0035685,David Montgomery,RB,2019,22.234086242299796,0,70,222,4.63,28.5,121,NA,NA,96.61821417952527,31.850204081632654,-0.7274476530767165,3,73,-4.304065093204169,NA,NA,NA,NA,NA,NA,NA,NA,NA,NA,NA,NA,NA,NA,NA,NA,NA,NA,NA,NA,NA,NA,NA,NA,NA,NA,NA,NA,NA,NA,NA,NA,NA,0,0,1,16,157.9,9.86875
00-0032200,Ty Montgomery,WR,2015,22.60643394934976,0,72,221,4.55,40.5,121,6.97,4.21,103.12802073631512,29.96971450617284,0.036995422464251596,3,94,-4.553876891600541,NA,NA,NA,NA,NA,NA,NA,NA,NA,NA,NA,NA,NA,NA,NA,NA,NA,NA,NA,NA,NA,NA,NA,NA,NA,NA,NA,NA,NA,NA,NA,NA,NA,0,0,1,6,34.5,5.75
00-0036309,Darnell Mooney,WR,2020,22.84188911704312,0,70,176,4.38,37,124,NA,NA,95.64146535400025,25.250612244897958,-0.3356276883800935,5,173,-5.159055299214529,NA,NA,NA,NA,NA,NA,NA,NA,NA,NA,NA,NA,NA,NA,NA,NA,NA,NA,NA,NA,NA,NA,NA,NA,NA,NA,NA,NA,NA,NA,NA,NA,NA,0,0,1,16,119.6,7.475
00-0032398,Chris Moore,WR,2016,23.211498973305954,0,73,206,4.53,37,130,6.76,4.2,97.837288497752,27.175455057234004,0.6360481668002919,4,107,-4.68213122712422,NA,NA,NA,NA,NA,NA,NA,NA,NA,NA,NA,NA,NA,NA,NA,NA,NA,NA,NA,NA,NA,NA,NA,NA,NA,NA,NA,NA,NA,NA,NA,NA,NA,0,0,1,14,10,0.7142857142857143
00-0033589,David Moore,WR,2017,22.628336755646817,0,NA,NA,NA,NA,NA,NA,NA,NA,NA,NA,7,226,-5.424950017481403,NA,NA,NA,NA,NA,NA,NA,NA,NA,NA,NA,NA,NA,NA,NA,NA,NA,NA,NA,NA,NA,NA,NA,NA,NA,NA,NA,NA,NA,NA,NA,NA,NA,0,1,1,0,0,0
00-0034827,DJ Moore,WR,2018,21.38261464750171,1,72,210,4.42,39.5,132,6.95,4.07,110.04244036771127,28.47800925925926,1.2294926070730208,1,24,-3.2188758248682006,NA,NA,NA,NA,NA,NA,NA,NA,NA,NA,NA,NA,NA,NA,NA,NA,NA,NA,NA,NA,NA,NA,NA,NA,NA,NA,NA,NA,NA,NA,NA,NA,NA,0,0,1,16,133.5,8.34375
00-0036980,Elijah Moore,WR,2021,21.43189596167009,1,NA,NA,4.35,36,121,6.63,4.07,NA,NA,0.5455802705262042,2,34,-3.5553480614894135,NA,NA,NA,NA,NA,NA,NA,NA,NA,NA,NA,NA,NA,NA,NA,NA,NA,NA,NA,NA,NA,NA,NA,NA,NA,NA,NA,NA,NA,NA,NA,NA,NA,0,0,1,11,116.7,10.60909090909091
00-0034268,J'Mon Moore,WR,2018,23.277207392197127,0,75,207,4.6,38,120,6.56,4.04,92.46322018574837,25.8704,0.6399476981314177,4,133,-4.897839799950911,NA,NA,NA,NA,NA,NA,NA,NA,NA,NA,NA,NA,NA,NA,NA,NA,NA,NA,NA,NA,NA,NA,NA,NA,NA,NA,NA,NA,NA,NA,NA,NA,NA,0,0,1,7,2.5,0.35714285714285715
00-0036936,Rondale Moore,WR,2021,21.229295003422312,1,67,180,4.28,42.5,NA,6.65,4.06,107.28213919418322,28.188906215192695,1.3573965651775473,2,49,-3.912023005428146,NA,NA,NA,NA,NA,NA,NA,NA,NA,NA,NA,NA,NA,NA,NA,NA,NA,NA,NA,NA,NA,NA,NA,NA,NA,NA,NA,NA,NA,NA,NA,NA,NA,0,0,1,14,84.1,6.007142857142857
00-0038090,Skyy Moore,WR,2022,21.973990417522245,0,70,195,4.41,34.5,125,7.13,4.32,103.11224655905781,27.976530612244897,-0.07149468853290122,2,54,-4.007333185232471,NA,NA,NA,NA,NA,NA,NA,NA,NA,NA,NA,NA,NA,NA,NA,NA,NA,NA,NA,NA,NA,NA,NA,NA,NA,NA,NA,NA,NA,NA,NA,NA,NA,0,0,1,16,38.4,2.4
00-0034981,Foster Moreau,TE,2019,22.321697467488022,0,76,253,4.66,36.5,121,7.16,4.11,107.30176113886884,30.792763157894736,0.8254708480815013,4,137,-4.927253685157205,NA,NA,NA,NA,NA,NA,NA,NA,NA,NA,NA,NA,NA,NA,NA,NA,NA,NA,NA,NA,NA,NA,NA,NA,NA,NA,NA,NA,NA,NA,NA,NA,NA,0,0,1,11,57.900000000000006,5.263636363636365
00-0032430,David Morgan,TE,2016,23.288158795345655,0,76,262,NA,NA,NA,NA,NA,NA,31.888157894736842,NA,6,188,-5.241747015059643,NA,NA,NA,NA,NA,NA,NA,NA,NA,NA,NA,NA,NA,NA,NA,NA,NA,NA,NA,NA,NA,NA,NA,NA,NA,NA,NA,NA,NA,NA,NA,NA,NA,0,1,1,2,0.9,0.45
00-0036301,James Morgan,QB,2020,23.50718685831622,0,76,229,4.89,29,112,7.51,4.64,80.0995435979756,27.87171052631579,-0.7407335248245164,4,125,-4.836281906951478,NA,NA,NA,NA,NA,NA,NA,NA,NA,NA,NA,NA,NA,NA,NA,NA,NA,NA,NA,NA,NA,NA,NA,NA,NA,NA,NA,NA,NA,NA,NA,NA,NA,0,0,1,0,0,0
00-0036251,Zack Moss,RB,2020,22.713210130047912,0,69,223,4.65,33,NA,NA,4.37,95.39443654459264,32.92774627179164,-0.814183355872237,3,86,-4.465908118654584,NA,NA,NA,NA,NA,NA,NA,NA,NA,NA,NA,NA,NA,NA,NA,NA,NA,NA,NA,NA,NA,NA,NA,NA,NA,NA,NA,NA,NA,NA,NA,NA,NA,0,0,1,13,94.6,7.276923076923077
00-0033797,Khalfani Muhammad,RB,2017,22.93223819301848,0,NA,NA,NA,NA,NA,NA,NA,NA,NA,NA,7,241,-5.488937726156687,NA,NA,NA,NA,NA,NA,NA,NA,NA,NA,NA,NA,NA,NA,NA,NA,NA,NA,NA,NA,NA,NA,NA,NA,NA,NA,NA,NA,NA,NA,NA,NA,NA,0,1,1,0,0,0
00-0040205,Kalel Mullings,RB,2025,22.910335386721425,0,74,226,NA,NA,NA,NA,NA,NA,29.013513513513512,NA,6,188,-5.241747015059643,NA,NA,NA,NA,NA,NA,NA,NA,NA,NA,NA,NA,NA,NA,NA,NA,NA,NA,NA,NA,NA,NA,NA,NA,NA,NA,NA,NA,NA,NA,NA,NA,NA,0,1,1,4,0.7000000000000001,0.17500000000000002
00-0040590,Konata Mumpfield,WR,2025,22.855578370978783,0,71,186,4.59,36,124,NA,NA,83.80929699298603,25.938901011704026,-0.7959032058673169,7,242,-5.493061443340548,NA,NA,NA,NA,NA,NA,NA,NA,NA,NA,NA,NA,NA,NA,NA,NA,NA,NA,NA,NA,NA,NA,NA,NA,NA,NA,NA,NA,NA,NA,NA,NA,NA,0,0,1,10,20.200000000000003,2.0200000000000005
00-0031600,Keith Mumphery,WR,2015,23.238877481177276,0,72,215,4.54,32.5,121,7.07,4.25,101.21503838570821,29.156057098765434,-0.7122716422105053,5,175,-5.170483995038151,NA,NA,NA,NA,NA,NA,NA,NA,NA,NA,NA,NA,NA,NA,NA,NA,NA,NA,NA,NA,NA,NA,NA,NA,NA,NA,NA,NA,NA,NA,NA,NA,NA,0,0,1,14,19.9,1.4214285714285713
00-0031959,Marcus Murphy,RB,2015,23.912388774811774,0,69,198,4.61,29,109,NA,4.4,87.67817154110274,29.236294896030245,-1.2338557530369534,7,230,-5.442417710521793,NA,NA,NA,NA,NA,NA,NA,NA,NA,NA,NA,NA,NA,NA,NA,NA,NA,NA,NA,NA,NA,NA,NA,NA,NA,NA,NA,NA,NA,NA,NA,NA,NA,0,0,1,13,0,0
00-0031287,Aaron Murray,QB,2014,23.808350444900753,0,72,207,4.84,NA,NA,NA,NA,75.44299039329283,28.071180555555557,-0.1730851644950743,5,163,-5.099866427824199,NA,NA,NA,NA,NA,NA,NA,NA,NA,NA,NA,NA,NA,NA,NA,NA,NA,NA,NA,NA,NA,NA,NA,NA,NA,NA,NA,NA,NA,NA,NA,NA,NA,0,0,1,0,0,0
00-0035228,Kyler Murray,QB,2019,22.067077344284737,0,70,207,NA,NA,NA,NA,NA,NA,29.69816326530612,NA,1,1,-0.6931471805599453,NA,NA,NA,NA,NA,NA,NA,NA,NA,NA,NA,NA,NA,NA,NA,NA,NA,NA,NA,NA,NA,NA,NA,NA,NA,NA,NA,NA,NA,NA,NA,NA,NA,0,1,1,16,279.28,17.455
00-0030513,Latavius Murray,RB,2013,23.619438740588638,0,NA,NA,NA,NA,NA,NA,NA,NA,NA,NA,6,181,-5.204006687076795,NA,NA,NA,NA,NA,NA,NA,NA,NA,NA,NA,NA,NA,NA,NA,NA,NA,NA,NA,NA,NA,NA,NA,NA,NA,NA,NA,NA,NA,NA,NA,NA,NA,0,1,1,0,0,0
00-0037317,Nick Muse,TE,2022,23.76728268309377,0,NA,NA,NA,NA,NA,NA,NA,NA,NA,NA,7,227,-5.429345628954441,NA,NA,NA,NA,NA,NA,NA,NA,NA,NA,NA,NA,NA,NA,NA,NA,NA,NA,NA,NA,NA,NA,NA,NA,NA,NA,NA,NA,NA,NA,NA,NA,NA,0,1,1,0,0,0
00-0039144,Luke Musgrave,TE,2023,22.99520876112252,0,78,253,4.61,36,125,NA,NA,112.03321919140906,29.23389217619987,0.5975790429820135,2,42,-3.7612001156935624,NA,NA,NA,NA,NA,NA,NA,NA,NA,NA,NA,NA,NA,NA,NA,NA,NA,NA,NA,NA,NA,NA,NA,NA,NA,NA,NA,NA,NA,NA,NA,NA,NA,0,0,1,11,58.2,5.290909090909091
00-0039337,Malik Nabers,WR,2024,21.097878165639973,1,72,200,NA,NA,NA,NA,NA,NA,27.121913580246915,NA,1,6,-1.9459101490553132,NA,NA,NA,NA,NA,NA,NA,NA,NA,NA,NA,NA,NA,NA,NA,NA,NA,NA,NA,NA,NA,NA,NA,NA,NA,NA,NA,NA,NA,NA,NA,NA,NA,0,1,1,15,217.10000000000002,14.473333333333334
00-0039075,Puka Nacua,WR,2023,22.258726899383984,0,74,201,NA,NA,NA,NA,NA,NA,25.804054054054053,NA,5,177,-5.181783550292085,NA,NA,NA,NA,NA,NA,NA,NA,NA,NA,NA,NA,NA,NA,NA,NA,NA,NA,NA,NA,NA,NA,NA,NA,NA,NA,NA,NA,NA,NA,NA,NA,NA,0,1,1,17,246,14.470588235294118
00-0037291,Jalen Nailor,WR,2022,23.50171115674196,0,71,186,4.5,38,128,7.03,4.28,90.71787837219937,25.938901011704026,0.23089544479316543,6,191,-5.2574953720277815,NA,NA,NA,NA,NA,NA,NA,NA,NA,NA,NA,NA,NA,NA,NA,NA,NA,NA,NA,NA,NA,NA,NA,NA,NA,NA,NA,NA,NA,NA,NA,NA,NA,0,0,1,8,28.400000000000002,3.5500000000000003
00-0030586,Ryan Nassib,QB,2013,23.479808350444902,0,74,227,5.06,28.5,105,7.34,4.53,69.25542288651015,29.14189189189189,-0.8070157167708156,4,110,-4.709530201312334,NA,NA,NA,NA,NA,NA,NA,NA,NA,NA,NA,NA,NA,NA,NA,NA,NA,NA,NA,NA,NA,NA,NA,NA,NA,NA,NA,NA,NA,NA,NA,NA,NA,0,0,1,0,0,0
00-0035539,Isaac Nauta,TE,2019,22.28062970568104,0,75,244,4.91,28,NA,7.45,4.43,83.96414182066947,30.494577777777778,-1.5541826101205363,7,224,-5.41610040220442,NA,NA,NA,NA,NA,NA,NA,NA,NA,NA,NA,NA,NA,NA,NA,NA,NA,NA,NA,NA,NA,NA,NA,NA,NA,NA,NA,NA,NA,NA,NA,NA,NA,0,0,1,2,2.3,1.15
00-0040202,Devin Neal,RB,2025,22.05612594113621,0,71,213,4.58,37.5,124,NA,NA,96.81612294411421,29.704225352112676,-0.13586502449357107,6,184,-5.220355825078325,NA,NA,NA,NA,NA,NA,NA,NA,NA,NA,NA,NA,NA,NA,NA,NA,NA,NA,NA,NA,NA,NA,NA,NA,NA,NA,NA,NA,NA,NA,NA,NA,NA,0,0,1,9,51.5,5.722222222222222
00-0032112,J.J. Nelson,WR,2015,23.353867214236825,0,70,156,4.28,36,127,7.02,4.15,92.97785396829212,22.38122448979592,-0.205134108376802,5,159,-5.075173815233827,NA,NA,NA,NA,NA,NA,NA,NA,NA,NA,NA,NA,NA,NA,NA,NA,NA,NA,NA,NA,NA,NA,NA,NA,NA,NA,NA,NA,NA,NA,NA,NA,NA,0,0,1,10,47.400000000000006,4.74
00-0036907,Dazz Newsome,WR,2021,22.299794661190965,0,70,190,4.59,34,121,7.38,4.38,85.61164746595347,27.259183673469387,-1.2062841320984075,6,221,-5.402677381872279,NA,NA,NA,NA,NA,NA,NA,NA,NA,NA,NA,NA,NA,NA,NA,NA,NA,NA,NA,NA,NA,NA,NA,NA,NA,NA,NA,NA,NA,NA,NA,NA,NA,0,0,1,3,3.3000000000000003,1.1
00-0038409,Lew Nichols III,RB,2023,22.04243668720055,0,NA,NA,NA,NA,NA,NA,NA,NA,NA,NA,7,235,-5.4638318050256105,NA,NA,NA,NA,NA,NA,NA,NA,NA,NA,NA,NA,NA,NA,NA,NA,NA,NA,NA,NA,NA,NA,NA,NA,NA,NA,NA,NA,NA,NA,NA,NA,NA,0,1,1,0,0,0
00-0031044,Troy Niklas,TE,2014,21.95208761122519,0,78,270,4.84,32,114,7.57,4.55,98.40390051299065,31.198224852071007,-1.0532524539479604,2,52,-3.970291913552122,NA,NA,NA,NA,NA,NA,NA,NA,NA,NA,NA,NA,NA,NA,NA,NA,NA,NA,NA,NA,NA,NA,NA,NA,NA,NA,NA,NA,NA,NA,NA,NA,NA,0,0,1,4,5.300000000000001,1.3250000000000002
00-0039732,Bo Nix,QB,2024,24.517453798767967,0,74,214,NA,NA,NA,NA,NA,NA,27.472972972972972,NA,1,12,-2.5649493574615367,NA,NA,NA,NA,NA,NA,NA,NA,NA,NA,NA,NA,NA,NA,NA,NA,NA,NA,NA,NA,NA,NA,NA,NA,NA,NA,NA,NA,NA,NA,NA,NA,NA,0,1,1,17,316.7,18.629411764705882
00-0036536,Tre Nixon,WR,2021,23.59753593429158,0,72,187,4.44,35.5,125,6.81,4.27,96.23647825399611,25.358989197530864,-0.06320353513800529,7,242,-5.493061443340548,NA,NA,NA,NA,NA,NA,NA,NA,NA,NA,NA,NA,NA,NA,NA,NA,NA,NA,NA,NA,NA,NA,NA,NA,NA,NA,NA,NA,NA,NA,NA,NA,NA,0,0,1,0,0,0
00-0033885,David Njoku,TE,2017,21.144421629021217,1,76,246,4.64,37.5,133,6.97,4.34,106.14344537390375,29.94078947368421,0.37154710093578425,1,29,-3.4011973816621555,NA,NA,NA,NA,NA,NA,NA,NA,NA,NA,NA,NA,NA,NA,NA,NA,NA,NA,NA,NA,NA,NA,NA,NA,NA,NA,NA,NA,NA,NA,NA,NA,NA,0,0,1,16,78.7,4.91875
00-0040138,Jaylin Noel,WR,2025,22.99247091033539,0,70,194,4.39,41.5,134,6.82,4.17,104.46568217840361,27.833061224489796,0.8108131012363186,3,79,-4.382026634673881,NA,NA,NA,NA,NA,NA,NA,NA,NA,NA,NA,NA,NA,NA,NA,NA,NA,NA,NA,NA,NA,NA,NA,NA,NA,NA,NA,NA,NA,NA,NA,NA,NA,0,0,1,17,55.400000000000006,3.258823529411765
00-0031327,Kevin Norwood,WR,2014,24.93908281998631,0,74,198,4.48,33,121,6.68,4.32,98.30670275324731,25.41891891891892,-0.29565609691119976,4,123,-4.820281565605037,NA,NA,NA,NA,NA,NA,NA,NA,NA,NA,NA,NA,NA,NA,NA,NA,NA,NA,NA,NA,NA,NA,NA,NA,NA,NA,NA,NA,NA,NA,NA,NA,NA,0,0,1,6,14.700000000000001,2.45
00-0036842,Kene Nwangwu,RB,2021,23.55920602327173,0,NA,NA,NA,NA,NA,NA,NA,NA,NA,NA,4,119,-4.787491742782046,NA,NA,NA,NA,NA,NA,NA,NA,NA,NA,NA,NA,NA,NA,NA,NA,NA,NA,NA,NA,NA,NA,NA,NA,NA,NA,NA,NA,NA,NA,NA,NA,NA,0,1,1,9,9.000000000000002,1.0000000000000002
00-0038579,Aidan O'Connell,QB,2023,24.999315537303218,0,75,213,NA,NA,NA,NA,NA,NA,26.620266666666666,NA,4,135,-4.912654885736052,NA,NA,NA,NA,NA,NA,NA,NA,NA,NA,NA,NA,NA,NA,NA,NA,NA,NA,NA,NA,NA,NA,NA,NA,NA,NA,NA,NA,NA,NA,NA,NA,NA,0,1,1,11,129.82,11.80181818181818
00-0032117,Nick O'Leary,TE,2015,23.000684462696782,0,75,252,4.93,30.5,110,7.4,4.5,85.3184308292889,31.4944,-1.1065417800967696,6,194,-5.272999558563747,NA,NA,NA,NA,NA,NA,NA,NA,NA,NA,NA,NA,NA,NA,NA,NA,NA,NA,NA,NA,NA,NA,NA,NA,NA,NA,NA,NA,NA,NA,NA,NA,NA,0,0,1,3,4.2,1.4000000000000001
00-0031951,James O'Shaughnessy,TE,2015,23.630390143737166,0,NA,NA,NA,NA,NA,NA,NA,NA,NA,NA,5,173,-5.159055299214529,NA,NA,NA,NA,NA,NA,NA,NA,NA,NA,NA,NA,NA,NA,NA,NA,NA,NA,NA,NA,NA,NA,NA,NA,NA,NA,NA,NA,NA,NA,NA,NA,NA,0,1,1,6,11.700000000000001,1.9500000000000002
00-0039919,Rome Odunze,WR,2024,22.247775496235455,0,75,212,4.45,39,124,6.88,4.03,108.1249233670184,26.49528888888889,0.36915944830168035,1,9,-2.302585092994046,NA,NA,NA,NA,NA,NA,NA,NA,NA,NA,NA,NA,NA,NA,NA,NA,NA,NA,NA,NA,NA,NA,NA,NA,NA,NA,NA,NA,NA,NA,NA,NA,NA,0,0,1,17,119.9,7.052941176470589
00-0037292,Andrew Ogletree,TE,2022,24.095824777549623,0,NA,NA,NA,NA,NA,NA,NA,NA,NA,NA,6,192,-5.262690188904886,NA,NA,NA,NA,NA,NA,NA,NA,NA,NA,NA,NA,NA,NA,NA,NA,NA,NA,NA,NA,NA,NA,NA,NA,NA,NA,NA,NA,NA,NA,NA,NA,NA,0,1,1,0,0,0
00-0037809,Chig Okonkwo,TE,2022,22.981519507186857,0,75,238,4.52,35.5,NA,NA,NA,114.03895092788413,29.744711111111112,0.9274983796685914,4,143,-4.969813299576001,NA,NA,NA,NA,NA,NA,NA,NA,NA,NA,NA,NA,NA,NA,NA,NA,NA,NA,NA,NA,NA,NA,NA,NA,NA,NA,NA,NA,NA,NA,NA,NA,NA,0,0,1,16,79.2,4.95
00-0036423,Albert Okwuegbunam,TE,2020,22.354551676933607,0,77,258,4.49,NA,NA,NA,NA,126.95924690532996,30.590993422162253,2.6491143512149806,4,118,-4.77912349311153,NA,NA,NA,NA,NA,NA,NA,NA,NA,NA,NA,NA,NA,NA,NA,NA,NA,NA,NA,NA,NA,NA,NA,NA,NA,NA,NA,NA,NA,NA,NA,NA,NA,0,0,1,4,23.6,5.9
00-0037324,Chris Oladokun,QB,2022,24.993839835728952,0,NA,NA,NA,NA,NA,NA,NA,NA,NA,NA,7,241,-5.488937726156687,NA,NA,NA,NA,NA,NA,NA,NA,NA,NA,NA,NA,NA,NA,NA,NA,NA,NA,NA,NA,NA,NA,NA,NA,NA,NA,NA,NA,NA,NA,NA,NA,NA,0,1,1,0,0,0
00-0037239,Chris Olave,WR,2022,22.17932922655715,0,72,187,4.39,32,124,NA,NA,100.69630189361585,25.358989197530864,-0.5581229849479978,1,11,-2.4849066497880004,NA,NA,NA,NA,NA,NA,NA,NA,NA,NA,NA,NA,NA,NA,NA,NA,NA,NA,NA,NA,NA,NA,NA,NA,NA,NA,NA,NA,NA,NA,NA,NA,NA,0,0,1,15,164.2,10.946666666666665
00-0035249,Josh Oliver,TE,2019,22.4476386036961,0,77,249,4.63,34,117,7.21,4.47,108.36907806622429,29.523865744644965,-0.134588276179823,3,69,-4.248495242049359,NA,NA,NA,NA,NA,NA,NA,NA,NA,NA,NA,NA,NA,NA,NA,NA,NA,NA,NA,NA,NA,NA,NA,NA,NA,NA,NA,NA,NA,NA,NA,NA,NA,0,0,1,3,3,1
00-0035273,Qadree Ollison,RB,2019,22.978781656399725,0,73,228,4.58,29.5,114,7.53,4.31,103.6341597711645,30.0776881215988,-0.7187821402885782,5,152,-5.030437921392435,NA,NA,NA,NA,NA,NA,NA,NA,NA,NA,NA,NA,NA,NA,NA,NA,NA,NA,NA,NA,NA,NA,NA,NA,NA,NA,NA,NA,NA,NA,NA,NA,NA,0,0,1,6,30.2,5.033333333333333
00-0036345,K.J. Osborn,WR,2020,23.227926078028748,0,71,203,4.48,37.5,123,7,4.35,100.78919524701618,28.309660781590953,0.07480835085174772,5,176,-5.176149732573829,NA,NA,NA,NA,NA,NA,NA,NA,NA,NA,NA,NA,NA,NA,NA,NA,NA,NA,NA,NA,NA,NA,NA,NA,NA,NA,NA,NA,NA,NA,NA,NA,NA,0,0,1,8,0,0
00-0038129,Cade Otton,TE,2022,23.381245722108144,0,77,247,NA,NA,NA,NA,NA,NA,29.286726260752236,NA,4,106,-4.672828834461906,NA,NA,NA,NA,NA,NA,NA,NA,NA,NA,NA,NA,NA,NA,NA,NA,NA,NA,NA,NA,NA,NA,NA,NA,NA,NA,NA,NA,NA,NA,NA,NA,NA,0,1,1,16,72.1,4.50625
00-0040649,Robbie Ouzts,RB,2025,22.986995208761122,0,75,274,4.91,34,119,7.34,4.45,94.28760188058784,34.24391111111111,-1.003677473009432,5,175,-5.170483995038151,NA,NA,NA,NA,NA,NA,NA,NA,NA,NA,NA,NA,NA,NA,NA,NA,NA,NA,NA,NA,NA,NA,NA,NA,NA,NA,NA,NA,NA,NA,NA,NA,NA,0,0,1,4,0,0
00-0037197,Isiah Pacheco,RB,2022,23.50171115674196,0,70,216,4.37,33,118,NA,NA,118.45625517769119,30.98938775510204,0.21933192614822014,7,251,-5.529429087511423,NA,NA,NA,NA,NA,NA,NA,NA,NA,NA,NA,NA,NA,NA,NA,NA,NA,NA,NA,NA,NA,NA,NA,NA,NA,NA,NA,NA,NA,NA,NA,NA,NA,0,0,1,17,128.5,7.5588235294117645
00-0036988,Josh Palmer,WR,2021,21.94387405886379,0,NA,NA,NA,NA,NA,NA,NA,NA,NA,NA,3,77,-4.356708826689592,NA,NA,NA,NA,NA,NA,NA,NA,NA,NA,NA,NA,NA,NA,NA,NA,NA,NA,NA,NA,NA,NA,NA,NA,NA,NA,NA,NA,NA,NA,NA,NA,NA,0,1,1,15,76.4,5.093333333333334
00-0039397,Tejhaun Palmer,WR,2024,24.28747433264887,0,NA,NA,NA,NA,NA,NA,NA,NA,NA,NA,6,191,-5.2574953720277815,NA,NA,NA,NA,NA,NA,NA,NA,NA,NA,NA,NA,NA,NA,NA,NA,NA,NA,NA,NA,NA,NA,NA,NA,NA,NA,NA,NA,NA,NA,NA,NA,NA,0,1,1,0,0,0
00-0039052,Trey Palmer,WR,2023,22.414784394250514,0,72,192,4.33,NA,NA,NA,NA,109.23948372344552,26.037037037037038,1.994120174743745,6,191,-5.2574953720277815,NA,NA,NA,NA,NA,NA,NA,NA,NA,NA,NA,NA,NA,NA,NA,NA,NA,NA,NA,NA,NA,NA,NA,NA,NA,NA,NA,NA,NA,NA,NA,NA,NA,0,0,1,17,78.2,4.6000000000000005
00-0038638,Derek Parish,RB,2023,24.657084188911703,0,NA,NA,NA,NA,NA,NA,NA,NA,NA,NA,7,240,-5.484796933490655,NA,NA,NA,NA,NA,NA,NA,NA,NA,NA,NA,NA,NA,NA,NA,NA,NA,NA,NA,NA,NA,NA,NA,NA,NA,NA,NA,NA,NA,NA,NA,NA,NA,0,1,1,0,0,0
00-0031547,DeVante Parker,WR,2015,22.611909650924023,0,75,209,4.45,36.5,125,NA,NA,106.5948536967304,26.120355555555555,0.24188492029368033,1,14,-2.70805020110221,NA,NA,NA,NA,NA,NA,NA,NA,NA,NA,NA,NA,NA,NA,NA,NA,NA,NA,NA,NA,NA,NA,NA,NA,NA,NA,NA,NA,NA,NA,NA,NA,NA,0,0,1,10,80.4,8.040000000000001
00-0036244,Colby Parkinson,TE,2020,21.650924024640656,1,79,252,4.77,32.5,109,7.15,4.46,97.35472184653864,28.385835603268706,-0.6381535697594997,4,133,-4.897839799950911,NA,NA,NA,NA,NA,NA,NA,NA,NA,NA,NA,NA,NA,NA,NA,NA,NA,NA,NA,NA,NA,NA,NA,NA,NA,NA,NA,NA,NA,NA,NA,NA,NA,0,0,1,1,2.6,2.6
00-0036228,Dezmon Patmon,WR,2020,22.072553045859,0,76,225,4.48,36,132,7.28,4.38,111.71216221959921,27.38486842105263,0.20229802108118777,6,212,-5.3612921657094255,NA,NA,NA,NA,NA,NA,NA,NA,NA,NA,NA,NA,NA,NA,NA,NA,NA,NA,NA,NA,NA,NA,NA,NA,NA,NA,NA,NA,NA,NA,NA,NA,NA,0,0,1,0,0,0
00-0030578,Cordarrelle Patterson,RB,2013,22.46132785763176,0,74,216,4.42,37,128,NA,NA,113.18651009250301,27.72972972972973,1.42273584623617,1,29,-3.4011973816621555,NA,NA,NA,NA,NA,NA,NA,NA,NA,NA,NA,NA,NA,NA,NA,NA,NA,NA,NA,NA,NA,NA,NA,NA,NA,NA,NA,NA,NA,NA,NA,NA,NA,0,0,1,16,127.2,7.95
00-0030450,Quinton Patton,WR,2013,23.06365503080082,0,72,204,4.53,33,118,6.91,4.01,96.88741191039519,27.66435185185185,0.0990484017871379,4,128,-4.859812404361672,NA,NA,NA,NA,NA,NA,NA,NA,NA,NA,NA,NA,NA,NA,NA,NA,NA,NA,NA,NA,NA,NA,NA,NA,NA,NA,NA,NA,NA,NA,NA,NA,NA,0,0,1,3,7.5,2.5
00-0032974,Jordan Payton,WR,2016,23.000684462696782,0,73,207,4.47,34.5,121,7.08,4.33,103.69796854478079,27.307374741977856,-0.2850269847164903,5,154,-5.043425116919247,NA,NA,NA,NA,NA,NA,NA,NA,NA,NA,NA,NA,NA,NA,NA,NA,NA,NA,NA,NA,NA,NA,NA,NA,NA,NA,NA,NA,NA,NA,NA,NA,NA,0,0,1,2,0.8,0.4
00-0032959,Charone Peake,WR,2016,23.876796714579054,0,74,209,4.45,35.5,122,6.96,4.46,106.5948536967304,26.83108108108108,-0.21042702100886185,7,241,-5.488937726156687,NA,NA,NA,NA,NA,NA,NA,NA,NA,NA,NA,NA,NA,NA,NA,NA,NA,NA,NA,NA,NA,NA,NA,NA,NA,NA,NA,NA,NA,NA,NA,NA,NA,0,0,1,12,28.1,2.341666666666667
00-0039916,Ricky Pearsall,WR,2024,23.978097193702943,0,73,189,4.41,42,129,6.64,4.05,99.93956204954834,24.932820416588477,0.8504239931787468,1,31,-3.4657359027997265,NA,NA,NA,NA,NA,NA,NA,NA,NA,NA,NA,NA,NA,NA,NA,NA,NA,NA,NA,NA,NA,NA,NA,NA,NA,NA,NA,NA,NA,NA,NA,NA,NA,0,0,1,11,78,7.090909090909091
00-0039917,Michael Penix Jr.,QB,2024,24.317590691307323,0,74,216,NA,NA,NA,NA,NA,NA,27.72972972972973,NA,1,8,-2.1972245773362196,NA,NA,NA,NA,NA,NA,NA,NA,NA,NA,NA,NA,NA,NA,NA,NA,NA,NA,NA,NA,NA,NA,NA,NA,NA,NA,NA,NA,NA,NA,NA,NA,NA,0,1,1,5,44.1,8.82
00-0034750,Rashaad Penny,RB,2018,22.579055441478438,0,71,220,4.46,32.5,120,NA,NA,111.20216474658046,30.68042055147788,-0.30046536426318526,1,27,-3.332204510175204,NA,NA,NA,NA,NA,NA,NA,NA,NA,NA,NA,NA,NA,NA,NA,NA,NA,NA,NA,NA,NA,NA,NA,NA,NA,NA,NA,NA,NA,NA,NA,NA,NA,0,0,1,13,65.9,5.06923076923077
00-0036233,Donovan Peoples-Jones,WR,2020,21.533196440793976,1,74,212,4.48,44.5,139,NA,NA,105.25768173580015,27.216216216216218,1.7400396838872034,6,187,-5.236441962829949,NA,NA,NA,NA,NA,NA,NA,NA,NA,NA,NA,NA,NA,NA,NA,NA,NA,NA,NA,NA,NA,NA,NA,NA,NA,NA,NA,NA,NA,NA,NA,NA,NA,0,0,1,12,49.400000000000006,4.116666666666667
00-0036269,La'Mical Perine,RB,2020,22.587268993839835,0,71,216,4.62,35,118,7.13,4.31,94.82347013259344,30.12259472326919,-0.445949201257305,4,120,-4.795790545596741,NA,NA,NA,NA,NA,NA,NA,NA,NA,NA,NA,NA,NA,NA,NA,NA,NA,NA,NA,NA,NA,NA,NA,NA,NA,NA,NA,NA,NA,NA,NA,NA,NA,0,0,1,10,47,4.7
00-0033526,Samaje Perine,RB,2017,21.960301163586585,0,71,233,4.65,33,116,7.26,4.37,99.67221396811696,32.49335449315612,-0.3785357862061153,4,114,-4.74493212836325,NA,NA,NA,NA,NA,NA,NA,NA,NA,NA,NA,NA,NA,NA,NA,NA,NA,NA,NA,NA,NA,NA,NA,NA,NA,NA,NA,NA,NA,NA,NA,NA,NA,0,0,1,13,97.50000000000001,7.500000000000001
00-0032417,Paul Perkins,RB,2016,21.793292265571527,0,70,208,4.54,32,124,NA,NA,97.91966504291771,29.841632653061225,-0.39086050320136667,5,149,-5.0106352940962555,NA,NA,NA,NA,NA,NA,NA,NA,NA,NA,NA,NA,NA,NA,NA,NA,NA,NA,NA,NA,NA,NA,NA,NA,NA,NA,NA,NA,NA,NA,NA,NA,NA,0,0,1,14,69.3,4.95
00-0032054,Breshad Perriman,WR,2015,21.973990417522245,0,74,212,NA,NA,NA,NA,NA,NA,27.216216216216218,NA,1,26,-3.295836866004329,NA,NA,NA,NA,NA,NA,NA,NA,NA,NA,NA,NA,NA,NA,NA,NA,NA,NA,NA,NA,NA,NA,NA,NA,NA,NA,NA,NA,NA,NA,NA,NA,NA,0,1,1,0,0,0
00-0038612,A.T. Perry,WR,2023,23.849418206707735,0,76,198,4.47,35,133,NA,NA,99.18936121674685,24.098684210526315,0.38289658331328885,6,195,-5.278114659230518,NA,NA,NA,NA,NA,NA,NA,NA,NA,NA,NA,NA,NA,NA,NA,NA,NA,NA,NA,NA,NA,NA,NA,NA,NA,NA,NA,NA,NA,NA,NA,NA,NA,0,0,1,8,54.6,6.825
00-0036245,Malcolm Perry,RB,2020,23.370294318959616,0,69,186,4.63,36,122,7.12,4.31,80.95039566392657,27.464398235664778,-0.3947382950019482,7,246,-5.5093883366279774,NA,NA,NA,NA,NA,NA,NA,NA,NA,NA,NA,NA,NA,NA,NA,NA,NA,NA,NA,NA,NA,NA,NA,NA,NA,NA,NA,NA,NA,NA,NA,NA,NA,0,0,1,9,20.200000000000003,2.244444444444445
00-0033958,Nathan Peterman,QB,2017,23.329226557152634,0,74,226,4.82,31,110,7.14,4.31,83.74334070472057,29.013513513513512,-0.6077451278739445,5,171,-5.147494476813453,NA,NA,NA,NA,NA,NA,NA,NA,NA,NA,NA,NA,NA,NA,NA,NA,NA,NA,NA,NA,NA,NA,NA,NA,NA,NA,NA,NA,NA,NA,NA,NA,NA,0,0,1,4,9.540000000000003,2.3850000000000007
00-0034860,Dante Pettis,WR,2018,22.858316221765914,0,72,186,NA,NA,NA,NA,NA,NA,25.22337962962963,NA,2,44,-3.8066624897703196,NA,NA,NA,NA,NA,NA,NA,NA,NA,NA,NA,NA,NA,NA,NA,NA,NA,NA,NA,NA,NA,NA,NA,NA,NA,NA,NA,NA,NA,NA,NA,NA,NA,0,1,1,12,90,7.5
00-0031568,Bryce Petty,QB,2015,24.254620123203285,0,75,230,4.87,34,121,6.91,4.13,81.77903599586013,28.744888888888887,0.3669305407583716,4,103,-4.6443908991413725,NA,NA,NA,NA,NA,NA,NA,NA,NA,NA,NA,NA,NA,NA,NA,NA,NA,NA,NA,NA,NA,NA,NA,NA,NA,NA,NA,NA,NA,NA,NA,NA,NA,0,0,1,0,0,0
00-0037273,Kyle Philips,WR,2022,23.208761122518823,0,71,189,4.58,33.5,124,NA,NA,85.90726402083374,26.357270382860545,-0.9144315643282058,5,163,-5.099866427824199,NA,NA,NA,NA,NA,NA,NA,NA,NA,NA,NA,NA,NA,NA,NA,NA,NA,NA,NA,NA,NA,NA,NA,NA,NA,NA,NA,NA,NA,NA,NA,NA,NA,0,0,1,4,11.8,2.95
00-0037247,George Pickens,WR,2022,21.49486652977413,1,75,195,4.47,33,125,NA,NA,97.6864921074022,24.370666666666665,-0.4602683248413894,2,52,-3.970291913552122,NA,NA,NA,NA,NA,NA,NA,NA,NA,NA,NA,NA,NA,NA,NA,NA,NA,NA,NA,NA,NA,NA,NA,NA,NA,NA,NA,NA,NA,NA,NA,NA,NA,0,0,1,17,138.5,8.147058823529411
00-0038102,Kenny Pickett,QB,2022,24.238193018480494,0,75,217,4.73,33.5,121,NA,4.29,86.705204435251,27.120177777777776,0.5069188850659829,1,20,-3.044522437723423,NA,NA,NA,NA,NA,NA,NA,NA,NA,NA,NA,NA,NA,NA,NA,NA,NA,NA,NA,NA,NA,NA,NA,NA,NA,NA,NA,NA,NA,NA,NA,NA,NA,0,0,1,13,147.86,11.373846153846156
00-0037664,Alec Pierce,WR,2022,22.33264887063655,0,75,211,4.41,40.5,129,7.13,4.28,111.5727385844164,26.37031111111111,0.864921732723068,2,53,-3.9889840465642745,NA,NA,NA,NA,NA,NA,NA,NA,NA,NA,NA,NA,NA,NA,NA,NA,NA,NA,NA,NA,NA,NA,NA,NA,NA,NA,NA,NA,NA,NA,NA,NA,NA,0,0,1,16,91.80000000000001,5.737500000000001
00-0037258,Dameon Pierce,RB,2022,22.532511978097194,0,70,218,4.59,34.5,119,NA,NA,98.22810077672555,31.276326530612245,-0.3071881346376658,4,107,-4.68213122712422,NA,NA,NA,NA,NA,NA,NA,NA,NA,NA,NA,NA,NA,NA,NA,NA,NA,NA,NA,NA,NA,NA,NA,NA,NA,NA,NA,NA,NA,NA,NA,NA,NA,0,0,1,13,151.4,11.646153846153847
00-0036252,Michael Pittman,WR,2020,22.90759753593429,0,76,223,4.52,36.5,121,6.96,4.14,106.85162208789143,27.14144736842105,0.38405678414129313,2,34,-3.5553480614894135,NA,NA,NA,NA,NA,NA,NA,NA,NA,NA,NA,NA,NA,NA,NA,NA,NA,NA,NA,NA,NA,NA,NA,NA,NA,NA,NA,NA,NA,NA,NA,NA,NA,0,0,1,13,78.9,6.06923076923077
00-0036970,Kyle Pitts,TE,2021,20.903490759753595,1,77,245,4.44,33.5,129,7.12,4.3,126.08522551994143,29.049586776859503,0.5436693068681934,1,4,-1.6094379124341003,NA,NA,NA,NA,NA,NA,NA,NA,NA,NA,NA,NA,NA,NA,NA,NA,NA,NA,NA,NA,NA,NA,NA,NA,NA,NA,NA,NA,NA,NA,NA,NA,NA,0,0,1,17,142.60000000000002,8.38823529411765
00-0039907,Ja'Lynn Polk,WR,2024,22.392881587953458,0,73,203,4.52,37.5,129,NA,NA,97.26851696790116,26.77969600300244,-0.06706067994277616,2,37,-3.6375861597263857,NA,NA,NA,NA,NA,NA,NA,NA,NA,NA,NA,NA,NA,NA,NA,NA,NA,NA,NA,NA,NA,NA,NA,NA,NA,NA,NA,NA,NA,NA,NA,NA,NA,0,0,1,14,26.700000000000003,1.9071428571428573
00-0035261,Tony Pollard,RB,2019,22.338124572210816,0,72,210,4.52,35,121,NA,NA,100.62260375989776,28.47800925925926,0.11503143354029186,4,128,-4.859812404361672,NA,NA,NA,NA,NA,NA,NA,NA,NA,NA,NA,NA,NA,NA,NA,NA,NA,NA,NA,NA,NA,NA,NA,NA,NA,NA,NA,NA,NA,NA,NA,NA,NA,0,0,1,14,79.7,5.692857142857143
00-0036647,Cornell Powell,WR,2021,23.838466803559207,0,72,204,4.53,36.5,128,7.03,4.21,96.88741191039519,27.66435185185185,0.04053260660620483,5,181,-5.204006687076795,NA,NA,NA,NA,NA,NA,NA,NA,NA,NA,NA,NA,NA,NA,NA,NA,NA,NA,NA,NA,NA,NA,NA,NA,NA,NA,NA,NA,NA,NA,NA,NA,NA,0,0,1,0,0,0
00-0031268,Walt Powell,WR,2014,22.77344284736482,0,NA,NA,NA,NA,NA,NA,NA,NA,NA,NA,6,196,-5.2832037287379885,NA,NA,NA,NA,NA,NA,NA,NA,NA,NA,NA,NA,NA,NA,NA,NA,NA,NA,NA,NA,NA,NA,NA,NA,NA,NA,NA,NA,NA,NA,NA,NA,NA,0,1,1,4,0,0
00-0039238,Michael Pratt,QB,2024,22.921286789869953,0,75,217,NA,36,114,7.2,4.23,NA,27.120177777777776,0.19301092632062183,7,245,-5.5053315359323625,NA,NA,NA,NA,NA,NA,NA,NA,NA,NA,NA,NA,NA,NA,NA,NA,NA,NA,NA,NA,NA,NA,NA,NA,NA,NA,NA,NA,NA,NA,NA,NA,NA,0,0,1,0,0,0
00-0033077,Dak Prescott,QB,2016,23.093771389459274,0,74,226,4.79,32.5,116,7.11,4.32,85.86108676545588,29.013513513513512,0.30225318076048163,4,135,-4.912654885736052,NA,NA,NA,NA,NA,NA,NA,NA,NA,NA,NA,NA,NA,NA,NA,NA,NA,NA,NA,NA,NA,NA,NA,NA,NA,NA,NA,NA,NA,NA,NA,NA,NA,0,0,1,16,294.88,18.43
00-0036133,James Proche,WR,2020,23.94798083504449,0,71,201,NA,34.5,NA,7.27,4.4,NA,28.03074786748661,-0.6131257597998392,6,201,-5.308267697401205,NA,NA,NA,NA,NA,NA,NA,NA,NA,NA,NA,NA,NA,NA,NA,NA,NA,NA,NA,NA,NA,NA,NA,NA,NA,NA,NA,NA,NA,NA,NA,NA,NA,0,0,1,13,1.9000000000000001,0.14615384615384616
00-0034442,Austin Proehl,WR,2018,22.8911704312115,0,NA,NA,NA,NA,NA,NA,NA,NA,NA,NA,7,255,-5.545177444479562,NA,NA,NA,NA,NA,NA,NA,NA,NA,NA,NA,NA,NA,NA,NA,NA,NA,NA,NA,NA,NA,NA,NA,NA,NA,NA,NA,NA,NA,NA,NA,NA,NA,0,1,1,0,0,0
00-0031085,Jay Prosch,RB,2014,22.028747433264886,0,NA,NA,NA,NA,NA,NA,NA,NA,NA,NA,6,211,-5.356586274672012,NA,NA,NA,NA,NA,NA,NA,NA,NA,NA,NA,NA,NA,NA,NA,NA,NA,NA,NA,NA,NA,NA,NA,NA,NA,NA,NA,NA,NA,NA,NA,NA,NA,0,1,1,7,2.9000000000000004,0.4142857142857143
00-0032393,C.J. Prosise,RB,2016,22.286105407255306,0,72,220,4.48,35.5,121,NA,NA,109.22966972583035,29.834104938271604,0.22536765798073335,3,90,-4.51085950651685,NA,NA,NA,NA,NA,NA,NA,NA,NA,NA,NA,NA,NA,NA,NA,NA,NA,NA,NA,NA,NA,NA,NA,NA,NA,NA,NA,NA,NA,NA,NA,NA,NA,0,0,1,6,52.5,8.75
00-0031585,MyCole Pruitt,TE,2015,23.43874058863792,0,74,251,4.58,38,118,7.25,4.37,114.08848290597496,32.222972972972975,0.6589867314551309,5,143,-4.969813299576001,NA,NA,NA,NA,NA,NA,NA,NA,NA,NA,NA,NA,NA,NA,NA,NA,NA,NA,NA,NA,NA,NA,NA,NA,NA,NA,NA,NA,NA,NA,NA,NA,NA,0,0,1,11,13.9,1.2636363636363637
00-0033561,Donnel Pumphrey,RB,2017,22.7378507871321,0,68,176,4.48,33.5,117,NA,NA,87.38373578066427,26.757785467128027,-0.7496329451405035,4,132,-4.890349128221754,NA,NA,NA,NA,NA,NA,NA,NA,NA,NA,NA,NA,NA,NA,NA,NA,NA,NA,NA,NA,NA,NA,NA,NA,NA,NA,NA,NA,NA,NA,NA,NA,NA,0,0,1,0,0,0
00-0037834,Brock Purdy,QB,2022,22.680355920602327,0,73,212,4.84,27,NA,7.21,4.45,77.2652848472371,27.96697316569713,-0.9969480092006106,7,262,-5.572154032177765,NA,NA,NA,NA,NA,NA,NA,NA,NA,NA,NA,NA,NA,NA,NA,NA,NA,NA,NA,NA,NA,NA,NA,NA,NA,NA,NA,NA,NA,NA,NA,NA,NA,0,0,1,9,106.26,11.806666666666667
00-0034339,Trey Quinn,WR,2018,22.73511293634497,0,71,203,4.55,33.5,116,6.91,4.19,94.72845343652475,28.309660781590953,-0.3566768262030203,7,256,-5.54907608489522,NA,NA,NA,NA,NA,NA,NA,NA,NA,NA,NA,NA,NA,NA,NA,NA,NA,NA,NA,NA,NA,NA,NA,NA,NA,NA,NA,NA,NA,NA,NA,NA,NA,0,0,1,3,18,6
00-0037277,Teagan Quitoriano,TE,2022,22.46406570841889,0,78,258,NA,NA,NA,NA,NA,NA,29.81163708086785,NA,5,170,-5.14166355650266,NA,NA,NA,NA,NA,NA,NA,NA,NA,NA,NA,NA,NA,NA,NA,NA,NA,NA,NA,NA,NA,NA,NA,NA,NA,NA,NA,NA,NA,NA,NA,NA,NA,0,1,1,7,26.8,3.8285714285714287
00-0030388,Joseph Randle,RB,2013,21.675564681724847,1,72,204,4.63,35,123,NA,NA,88.78430492172592,27.66435185185185,0.0540940517534124,5,151,-5.0238805208462765,NA,NA,NA,NA,NA,NA,NA,NA,NA,NA,NA,NA,NA,NA,NA,NA,NA,NA,NA,NA,NA,NA,NA,NA,NA,NA,NA,NA,NA,NA,NA,NA,NA,0,0,1,7,38.50000000000001,5.500000000000001
00-0034273,Damion Ratley,WR,2018,23.378507871321013,0,NA,NA,NA,NA,NA,NA,NA,NA,NA,NA,6,175,-5.170483995038151,NA,NA,NA,NA,NA,NA,NA,NA,NA,NA,NA,NA,NA,NA,NA,NA,NA,NA,NA,NA,NA,NA,NA,NA,NA,NA,NA,NA,NA,NA,NA,NA,NA,0,1,1,5,20.9,4.18
00-0039376,Spencer Rattler,QB,2024,23.926078028747433,0,72,211,4.95,32,108,7.21,4.37,70.28969441586582,28.613618827160494,-0.9621724596007524,5,150,-5.017279836814924,NA,NA,NA,NA,NA,NA,NA,NA,NA,NA,NA,NA,NA,NA,NA,NA,NA,NA,NA,NA,NA,NA,NA,NA,NA,NA,NA,NA,NA,NA,NA,NA,NA,0,0,1,7,73.28,10.468571428571428
00-0036387,Jalen Reagor,WR,2020,21.66461327857632,1,71,206,4.47,42,138,7.31,4.46,103.19701217499924,28.728030152747472,0.484716036283417,1,21,-3.091042453358316,NA,NA,NA,NA,NA,NA,NA,NA,NA,NA,NA,NA,NA,NA,NA,NA,NA,NA,NA,NA,NA,NA,NA,NA,NA,NA,NA,NA,NA,NA,NA,NA,NA,0,0,1,11,63.7,5.790909090909091
00-0039146,Jayden Reed,WR,2023,23.342915811088297,0,71,187,4.45,33.5,121,NA,4.29,95.3743427812851,26.0783574687562,-0.6744365340373857,2,50,-3.9318256327243257,NA,NA,NA,NA,NA,NA,NA,NA,NA,NA,NA,NA,NA,NA,NA,NA,NA,NA,NA,NA,NA,NA,NA,NA,NA,NA,NA,NA,NA,NA,NA,NA,NA,0,0,1,16,183.20000000000002,11.450000000000001
00-0030472,Jordan Reed,TE,2013,23.16495550992471,0,74,236,4.72,NA,NA,NA,NA,95.09857385613915,30.2972972972973,-0.4247078174750932,3,85,-4.454347296253507,NA,NA,NA,NA,NA,NA,NA,NA,NA,NA,NA,NA,NA,NA,NA,NA,NA,NA,NA,NA,NA,NA,NA,NA,NA,NA,NA,NA,NA,NA,NA,NA,NA,0,0,1,9,92.2,10.244444444444445
00-0036377,Joe Reed,WR,2020,22.65845311430527,0,72,224,4.47,38,123,NA,NA,112.21422683106715,30.376543209876544,0.31968374872085636,5,151,-5.0238805208462765,NA,NA,NA,NA,NA,NA,NA,NA,NA,NA,NA,NA,NA,NA,NA,NA,NA,NA,NA,NA,NA,NA,NA,NA,NA,NA,NA,NA,NA,NA,NA,NA,NA,0,0,1,10,8.9,0.89
00-0031002,Tevin Reese,WR,2014,23.66324435318275,0,70,163,4.46,41,132,6.63,4.18,82.39069478951188,23.385510204081633,0.6074080432941421,7,240,-5.484796933490655,NA,NA,NA,NA,NA,NA,NA,NA,NA,NA,NA,NA,NA,NA,NA,NA,NA,NA,NA,NA,NA,NA,NA,NA,NA,NA,NA,NA,NA,NA,NA,NA,NA,0,0,1,0,0,0
00-0039737,Tip Reiman,TE,2024,22.95687885010267,0,77,271,4.64,33.5,121,7.02,4.26,116.93038087938176,32.132400067465,0.24003998709678068,3,82,-4.418840607796598,NA,NA,NA,NA,NA,NA,NA,NA,NA,NA,NA,NA,NA,NA,NA,NA,NA,NA,NA,NA,NA,NA,NA,NA,NA,NA,NA,NA,NA,NA,NA,NA,NA,0,0,1,8,6.7,0.8375
00-0030569,Sean Renfree,QB,2013,23.345653661875428,0,75,219,4.76,NA,NA,NA,NA,85.31910668619501,27.37013333333333,0.3764654743630997,7,249,-5.521460917862246,NA,NA,NA,NA,NA,NA,NA,NA,NA,NA,NA,NA,NA,NA,NA,NA,NA,NA,NA,NA,NA,NA,NA,NA,NA,NA,NA,NA,NA,NA,NA,NA,NA,0,0,1,0,0,0
00-0034983,Hunter Renfrow,WR,2019,23.696098562628336,0,70,184,4.59,35,116,6.8,4.19,82.90812175650231,26.398367346938777,-0.34145756350509393,5,149,-5.0106352940962555,NA,NA,NA,NA,NA,NA,NA,NA,NA,NA,NA,NA,NA,NA,NA,NA,NA,NA,NA,NA,NA,NA,NA,NA,NA,NA,NA,NA,NA,NA,NA,NA,NA,0,0,1,13,109,8.384615384615385
00-0033943,Josh Reynolds,WR,2017,22.54072553045859,0,75,194,4.52,37,124,6.83,4.13,92.95611966390555,24.24568888888889,0.14283625353080262,4,117,-4.770684624465665,NA,NA,NA,NA,NA,NA,NA,NA,NA,NA,NA,NA,NA,NA,NA,NA,NA,NA,NA,NA,NA,NA,NA,NA,NA,NA,NA,NA,NA,NA,NA,NA,NA,0,0,1,10,21.9,2.19
00-0033078,Keenan Reynolds,WR,2016,22.718685831622178,0,NA,NA,NA,NA,NA,NA,NA,NA,NA,NA,6,182,-5.209486152841421,NA,NA,NA,NA,NA,NA,NA,NA,NA,NA,NA,NA,NA,NA,NA,NA,NA,NA,NA,NA,NA,NA,NA,NA,NA,NA,NA,NA,NA,NA,NA,NA,NA,0,1,1,0,0,0
00-0039415,Brenden Rice,WR,2024,22.458590006844627,0,74,208,4.5,36.5,119,NA,NA,101.44795000762079,26.7027027027027,-0.7193608239950848,7,225,-5.420534999272286,NA,NA,NA,NA,NA,NA,NA,NA,NA,NA,NA,NA,NA,NA,NA,NA,NA,NA,NA,NA,NA,NA,NA,NA,NA,NA,NA,NA,NA,NA,NA,NA,NA,0,0,1,0,0,0
00-0039067,Rashee Rice,WR,2023,23.359342915811087,0,73,204,4.51,41,128,NA,NA,98.61750154699881,26.911615687746295,0.7590265119623847,2,55,-4.02535169073515,NA,NA,NA,NA,NA,NA,NA,NA,NA,NA,NA,NA,NA,NA,NA,NA,NA,NA,NA,NA,NA,NA,NA,NA,NA,NA,NA,NA,NA,NA,NA,NA,NA,0,0,1,16,175,10.9375
00-0039164,Anthony Richardson,QB,2023,21.27857631759069,1,76,244,4.43,40.5,129,NA,NA,126.7082570908795,29.69736842105263,1.762485522942282,1,4,-1.6094379124341003,NA,NA,NA,NA,NA,NA,NA,NA,NA,NA,NA,NA,NA,NA,NA,NA,NA,NA,NA,NA,NA,NA,NA,NA,NA,NA,NA,NA,NA,NA,NA,NA,NA,0,0,1,4,68.68,17.17
00-0013688,Paul Richardson,WR,2014,45.51403148528405,0,72,175,4.4,38,124,7.09,NA,93.38074585069322,23.73167438271605,-0.16762696454914153,2,45,-3.828641396489095,NA,NA,NA,NA,NA,NA,NA,NA,NA,NA,NA,NA,NA,NA,NA,NA,NA,NA,NA,NA,NA,NA,NA,NA,NA,NA,NA,NA,NA,NA,NA,NA,NA,0,0,1,0,0,0
00-0031257,Paul Richardson,WR,2014,22.38466803559206,0,72,175,4.4,38,124,7.09,NA,93.38074585069322,23.73167438271605,-0.16762696454914153,2,45,-3.828641396489095,NA,NA,NA,NA,NA,NA,NA,NA,NA,NA,NA,NA,NA,NA,NA,NA,NA,NA,NA,NA,NA,NA,NA,NA,NA,NA,NA,NA,NA,NA,NA,NA,NA,0,0,1,12,47.6,3.966666666666667
00-0038122,Desmond Ridder,QB,2022,23.003422313483917,0,75,211,4.52,36,127,7.15,4.29,101.10175901589727,26.37031111111111,0.9291429485280126,3,74,-4.31748811353631,NA,NA,NA,NA,NA,NA,NA,NA,NA,NA,NA,NA,NA,NA,NA,NA,NA,NA,NA,NA,NA,NA,NA,NA,NA,NA,NA,NA,NA,NA,NA,NA,NA,0,0,1,4,40.72,10.18
00-0030107,Theo Riddick,RB,2013,22.32991101984942,0,70,201,4.68,32,118,NA,NA,83.7997341366133,28.83734693877551,-0.7739094496066573,6,199,-5.298317366548036,NA,NA,NA,NA,NA,NA,NA,NA,NA,NA,NA,NA,NA,NA,NA,NA,NA,NA,NA,NA,NA,NA,NA,NA,NA,NA,NA,NA,NA,NA,NA,NA,NA,0,0,1,12,13.1,1.0916666666666666
00-0034837,Calvin Ridley,WR,2018,23.698836413415467,0,72,189,4.43,31,110,6.88,4.41,98.14696963186977,25.630208333333332,-0.9099969242164532,1,26,-3.295836866004329,NA,NA,NA,NA,NA,NA,NA,NA,NA,NA,NA,NA,NA,NA,NA,NA,NA,NA,NA,NA,NA,NA,NA,NA,NA,NA,NA,NA,NA,NA,NA,NA,NA,0,0,1,16,176.8,11.05
00-0035590,Riley Ridley,WR,2019,23.1129363449692,0,73,199,4.58,30.5,124,7.22,4.28,90.45262190553393,26.25201726402702,-0.8389185664364502,4,126,-4.844187086458591,NA,NA,NA,NA,NA,NA,NA,NA,NA,NA,NA,NA,NA,NA,NA,NA,NA,NA,NA,NA,NA,NA,NA,NA,NA,NA,NA,NA,NA,NA,NA,NA,NA,0,0,1,3,9.9,3.3000000000000003
00-0031612,Aaron Ripkowski,RB,2015,22.69678302532512,0,NA,NA,NA,NA,NA,NA,NA,NA,NA,NA,6,206,-5.332718793265369,NA,NA,NA,NA,NA,NA,NA,NA,NA,NA,NA,NA,NA,NA,NA,NA,NA,NA,NA,NA,NA,NA,NA,NA,NA,NA,NA,NA,NA,NA,NA,NA,NA,0,1,1,5,2.3,0.45999999999999996
00-0030514,Mychal Rivera,TE,2013,22.981519507186857,0,75,242,4.81,31,112,7.17,4.43,90.42011522839047,30.244622222222223,-0.5364112982567188,6,184,-5.220355825078325,NA,NA,NA,NA,NA,NA,NA,NA,NA,NA,NA,NA,NA,NA,NA,NA,NA,NA,NA,NA,NA,NA,NA,NA,NA,NA,NA,NA,NA,NA,NA,NA,NA,0,0,1,16,83.7,5.23125
00-0033559,Michael Roberts,TE,2017,23.32101300479124,0,76,270,4.86,30,110,7.05,4.51,96.79405468924487,32.86184210526316,-1.336670691651257,4,127,-4.852030263919617,NA,NA,NA,NA,NA,NA,NA,NA,NA,NA,NA,NA,NA,NA,NA,NA,NA,NA,NA,NA,NA,NA,NA,NA,NA,NA,NA,NA,NA,NA,NA,NA,NA,0,0,1,6,6.6000000000000005,1.1
00-0031428,Allen Robinson,WR,2014,21.021218343600275,1,75,220,4.6,39,127,7,4,98.2700890863026,27.49511111111111,0.442434260933581,2,61,-4.127134385045092,NA,NA,NA,NA,NA,NA,NA,NA,NA,NA,NA,NA,NA,NA,NA,NA,NA,NA,NA,NA,NA,NA,NA,NA,NA,NA,NA,NA,NA,NA,NA,NA,NA,0,0,1,10,90.80000000000001,9.080000000000002
00-0038542,Bijan Robinson,RB,2023,21.585215605749486,1,71,215,4.46,37,124,NA,NA,108.67484282052182,29.983138266217022,0.6301045435106261,1,8,-2.1972245773362196,NA,NA,NA,NA,NA,NA,NA,NA,NA,NA,NA,NA,NA,NA,NA,NA,NA,NA,NA,NA,NA,NA,NA,NA,NA,NA,NA,NA,NA,NA,NA,NA,NA,0,0,1,17,217.3,12.782352941176471
00-0037746,Brian Robinson,RB,2022,23.446954140999317,0,74,225,4.53,30,119,NA,NA,106.86111607764174,28.885135135135137,-0.4790955592859653,3,98,-4.59511985013459,NA,NA,NA,NA,NA,NA,NA,NA,NA,NA,NA,NA,NA,NA,NA,NA,NA,NA,NA,NA,NA,NA,NA,NA,NA,NA,NA,NA,NA,NA,NA,NA,NA,0,0,1,12,108.2,9.016666666666667
00-0032775,Demarcus Robinson,WR,2016,21.946611909650922,0,73,203,4.59,34.5,123,6.77,4.19,91.46928650309765,26.77969600300244,0.09074288628778801,4,126,-4.844187086458591,NA,NA,NA,NA,NA,NA,NA,NA,NA,NA,NA,NA,NA,NA,NA,NA,NA,NA,NA,NA,NA,NA,NA,NA,NA,NA,NA,NA,NA,NA,NA,NA,NA,0,0,1,7,0,0
00-0030547,Denard Robinson,RB,2013,22.94318959616701,0,70,199,4.43,36.5,123,7.09,4.22,103.33993098805335,28.550408163265306,0.329204821392161,5,135,-4.912654885736052,NA,NA,NA,NA,NA,NA,NA,NA,NA,NA,NA,NA,NA,NA,NA,NA,NA,NA,NA,NA,NA,NA,NA,NA,NA,NA,NA,NA,NA,NA,NA,NA,NA,0,0,1,14,2.6000000000000005,0.18571428571428575
00-0031611,Josh Robinson,RB,2015,23.019849418206707,0,68,217,4.7,32,113,NA,NA,88.94024015094428,32.99113321799308,-0.7928296127071939,6,205,-5.327876168789581,NA,NA,NA,NA,NA,NA,NA,NA,NA,NA,NA,NA,NA,NA,NA,NA,NA,NA,NA,NA,NA,NA,NA,NA,NA,NA,NA,NA,NA,NA,NA,NA,NA,0,0,1,5,8.200000000000001,1.6400000000000001
00-0039385,Keilan Robinson,RB,2024,24.542094455852155,0,68,191,4.42,33,125,NA,NA,100.08621957253739,29.038278546712803,-0.20568312018904025,5,167,-5.123963979403259,NA,NA,NA,NA,NA,NA,NA,NA,NA,NA,NA,NA,NA,NA,NA,NA,NA,NA,NA,NA,NA,NA,NA,NA,NA,NA,NA,NA,NA,NA,NA,NA,NA,0,0,1,1,0,0
00-0038117,Wan'Dale Robinson,WR,2022,21.65366187542779,1,68,178,4.44,34.5,118,NA,NA,91.60477609203907,27.061851211072664,-0.9787272611212399,2,43,-3.784189633918261,NA,NA,NA,NA,NA,NA,NA,NA,NA,NA,NA,NA,NA,NA,NA,NA,NA,NA,NA,NA,NA,NA,NA,NA,NA,NA,NA,NA,NA,NA,NA,NA,NA,0,0,1,6,40.1,6.683333333333334
00-0036991,Amari Rodgers,WR,2021,21.94113620807666,0,69,212,4.52,33,121,7.07,4.31,101.58091427189679,31.30350766645663,-0.5739384022567724,3,85,-4.454347296253507,NA,NA,NA,NA,NA,NA,NA,NA,NA,NA,NA,NA,NA,NA,NA,NA,NA,NA,NA,NA,NA,NA,NA,NA,NA,NA,NA,NA,NA,NA,NA,NA,NA,0,0,1,16,7.6,0.475
00-0031384,Richard Rodgers,TE,2014,22.60917180013689,0,76,257,4.87,31.5,116,7.23,4.47,91.37918369972196,31.279605263157894,-0.6846847540419825,3,98,-4.59511985013459,NA,NA,NA,NA,NA,NA,NA,NA,NA,NA,NA,NA,NA,NA,NA,NA,NA,NA,NA,NA,NA,NA,NA,NA,NA,NA,NA,NA,NA,NA,NA,NA,NA,0,0,1,13,44.5,3.423076923076923
00-0038611,Chris Rodriguez Jr.,RB,2023,23.9315537303217,0,72,217,NA,NA,NA,NA,NA,NA,29.427276234567902,NA,6,193,-5.267858159063328,NA,NA,NA,NA,NA,NA,NA,NA,NA,NA,NA,NA,NA,NA,NA,NA,NA,NA,NA,NA,NA,NA,NA,NA,NA,NA,NA,NA,NA,NA,NA,NA,NA,0,1,1,9,36.900000000000006,4.1000000000000005
00-0033967,Sam Rogers,RB,2017,22.390143737166323,0,70,231,4.93,32,114,7.27,4.34,78.20856159351482,33.14142857142857,-1.0287916651320512,6,206,-5.332718793265369,NA,NA,NA,NA,NA,NA,NA,NA,NA,NA,NA,NA,NA,NA,NA,NA,NA,NA,NA,NA,NA,NA,NA,NA,NA,NA,NA,NA,NA,NA,NA,NA,NA,0,0,1,0,0,0
00-0034343,Josh Rosen,QB,2018,21.555099247091032,1,76,226,4.92,31,111,7.09,4.28,77.13971389007365,27.50657894736842,0.072232006533942,1,10,-2.3978952727983707,NA,NA,NA,NA,NA,NA,NA,NA,NA,NA,NA,NA,NA,NA,NA,NA,NA,NA,NA,NA,NA,NA,NA,NA,NA,NA,NA,NA,NA,NA,NA,NA,NA,0,0,1,14,120.92,8.637142857142857
00-0033460,John Ross,WR,2017,21.763175906913073,0,71,188,4.22,37,133,NA,NA,118.55995917251086,26.217813925808372,1.3782020940778108,1,9,-2.302585092994046,NA,NA,NA,NA,NA,NA,NA,NA,NA,NA,NA,NA,NA,NA,NA,NA,NA,NA,NA,NA,NA,NA,NA,NA,NA,NA,NA,NA,NA,NA,NA,NA,NA,0,0,1,3,-0.7999999999999998,-0.2666666666666666
00-0036650,Larry Rountree III,RB,2021,22.548939082819988,0,NA,NA,4.62,30,NA,6.96,NA,NA,NA,-0.6702960505695581,6,198,-5.293304824724492,NA,NA,NA,NA,NA,NA,NA,NA,NA,NA,NA,NA,NA,NA,NA,NA,NA,NA,NA,NA,NA,NA,NA,NA,NA,NA,NA,NA,NA,NA,NA,NA,NA,0,0,1,9,15.100000000000001,1.677777777777778
00-0040589,Kurtis Rourke,QB,2025,24.851471594798085,0,76,220,NA,NA,NA,NA,NA,NA,26.776315789473685,NA,7,227,-5.429345628954441,NA,NA,NA,NA,NA,NA,NA,NA,NA,NA,NA,NA,NA,NA,NA,NA,NA,NA,NA,NA,NA,NA,NA,NA,NA,NA,NA,NA,NA,NA,NA,NA,NA,0,1,1,0,0,0
00-0040646,Jalen Royals,WR,2025,22.535249828884325,0,72,205,4.42,NA,NA,NA,NA,107.42238226371815,27.799961419753085,0.5898075182866187,4,133,-4.897839799950911,NA,NA,NA,NA,NA,NA,NA,NA,NA,NA,NA,NA,NA,NA,NA,NA,NA,NA,NA,NA,NA,NA,NA,NA,NA,NA,NA,NA,NA,NA,NA,NA,NA,0,0,1,2,1.4,0.7
00-0037805,Jeremy Ruckert,TE,2022,22.05612594113621,0,77,250,NA,NA,NA,NA,NA,NA,29.64243548659133,NA,3,101,-4.624972813284271,NA,NA,NA,NA,NA,NA,NA,NA,NA,NA,NA,NA,NA,NA,NA,NA,NA,NA,NA,NA,NA,NA,NA,NA,NA,NA,NA,NA,NA,NA,NA,NA,NA,0,1,1,2,1.3,0.65
00-0032431,Jake Rudock,QB,2016,23.61122518822724,0,NA,NA,NA,NA,NA,NA,NA,NA,NA,NA,6,191,-5.2574953720277815,NA,NA,NA,NA,NA,NA,NA,NA,NA,NA,NA,NA,NA,NA,NA,NA,NA,NA,NA,NA,NA,NA,NA,NA,NA,NA,NA,NA,NA,NA,NA,NA,NA,0,1,1,0,0,0
00-0034771,Mason Rudolph,QB,2018,23.12662559890486,0,77,235,4.9,26,NA,NA,NA,81.52926701199223,27.863889357395852,-0.5521425805422455,3,76,-4.343805421853684,NA,NA,NA,NA,NA,NA,NA,NA,NA,NA,NA,NA,NA,NA,NA,NA,NA,NA,NA,NA,NA,NA,NA,NA,NA,NA,NA,NA,NA,NA,NA,NA,NA,0,0,1,0,0,0
00-0036357,Henry Ruggs III,WR,2020,21.60438056125941,1,71,188,4.27,42,131,NA,NA,113.10357823452892,26.217813925808372,1.2707890024367074,1,12,-2.5649493574615367,NA,NA,NA,NA,NA,NA,NA,NA,NA,NA,NA,NA,NA,NA,NA,NA,NA,NA,NA,NA,NA,NA,NA,NA,NA,NA,NA,NA,NA,NA,NA,NA,NA,0,0,1,13,73.1,5.623076923076923
00-0035631,Drew Sample,TE,2019,23.37577002053388,0,77,255,4.71,33.5,115,7.15,4.31,103.6302504115269,30.235284196323157,0.03580892401363102,2,52,-3.970291913552122,NA,NA,NA,NA,NA,NA,NA,NA,NA,NA,NA,NA,NA,NA,NA,NA,NA,NA,NA,NA,NA,NA,NA,NA,NA,NA,NA,NA,NA,NA,NA,NA,NA,0,0,1,5,5.5,1.1
00-0040162,Dylan Sampson,RB,2025,20.9637234770705,1,68,200,NA,35,124,NA,NA,NA,30.406574394463668,-0.19180742808734857,4,126,-4.844187086458591,NA,NA,NA,NA,NA,NA,NA,NA,NA,NA,NA,NA,NA,NA,NA,NA,NA,NA,NA,NA,NA,NA,NA,NA,NA,NA,NA,NA,NA,NA,NA,NA,NA,0,0,1,15,73.1,4.873333333333333
00-0033282,Curtis Samuel,WR,2017,21.05681040383299,1,71,196,4.31,37,119,7.09,4.33,113.59964818462527,27.33346558222575,-0.2118929735683643,2,40,-3.713572066704308,NA,NA,NA,NA,NA,NA,NA,NA,NA,NA,NA,NA,NA,NA,NA,NA,NA,NA,NA,NA,NA,NA,NA,NA,NA,NA,NA,NA,NA,NA,NA,NA,NA,0,0,1,8,25.4,3.175
00-0035719,Deebo Samuel Sr.,WR,2019,23.627652292950035,0,71,214,4.48,39,122,7.03,4.14,106.2506787333077,29.84368180916485,0.26942563539274733,2,36,-3.6109179126442243,NA,NA,NA,NA,NA,NA,NA,NA,NA,NA,NA,NA,NA,NA,NA,NA,NA,NA,NA,NA,NA,NA,NA,NA,NA,NA,NA,NA,NA,NA,NA,NA,NA,0,0,1,15,160.6,10.706666666666667
00-0034331,Jaylen Samuels,RB,2018,22.116358658453116,0,71,225,4.54,34.5,121,6.93,4.28,105.92271458969465,31.37770283673874,-0.06529335507542286,5,165,-5.111987788356544,NA,NA,NA,NA,NA,NA,NA,NA,NA,NA,NA,NA,NA,NA,NA,NA,NA,NA,NA,NA,NA,NA,NA,NA,NA,NA,NA,NA,NA,NA,NA,NA,NA,0,0,1,9,76.5,8.5
00-0039356,Ja'Tavion Sanders,TE,2024,21.43463381245722,1,76,245,4.69,NA,NA,NA,4.32,101.27557303291523,29.81907894736842,-0.6907176981221159,4,101,-4.624972813284271,NA,NA,NA,NA,NA,NA,NA,NA,NA,NA,NA,NA,NA,NA,NA,NA,NA,NA,NA,NA,NA,NA,NA,NA,NA,NA,NA,NA,NA,NA,NA,NA,NA,0,0,1,15,56.7,3.7800000000000002
00-0035243,Miles Sanders,RB,2019,22.33538672142368,0,71,211,4.49,36,124,6.89,4.19,103.83101200397141,29.42531243800833,0.8499454272729818,2,53,-3.9889840465642745,NA,NA,NA,NA,NA,NA,NA,NA,NA,NA,NA,NA,NA,NA,NA,NA,NA,NA,NA,NA,NA,NA,NA,NA,NA,NA,NA,NA,NA,NA,NA,NA,NA,0,0,1,16,191.70000000000002,11.981250000000001
00-0040668,Shedeur Sanders,QB,2025,23.564681724845997,0,74,212,NA,NA,NA,NA,NA,NA,27.216216216216218,NA,5,144,-4.976733742420574,NA,NA,NA,NA,NA,NA,NA,NA,NA,NA,NA,NA,NA,NA,NA,NA,NA,NA,NA,NA,NA,NA,NA,NA,NA,NA,NA,NA,NA,NA,NA,NA,NA,0,1,1,8,86.9,10.8625
00-0030550,Ace Sanders,WR,2013,21.806981519507186,0,67,173,4.58,32,117,6.81,4.37,78.63469140531342,27.092670973490755,-0.7846127796007404,4,101,-4.624972813284271,NA,NA,NA,NA,NA,NA,NA,NA,NA,NA,NA,NA,NA,NA,NA,NA,NA,NA,NA,NA,NA,NA,NA,NA,NA,NA,NA,NA,NA,NA,NA,NA,NA,0,0,1,15,85.14000000000001,5.676000000000001
00-0032900,Beau Sandland,TE,2016,23.520876112251884,0,76,253,4.74,35,124,7.1,4.33,100.23909803048473,30.792763157894736,0.25851365498300055,7,252,-5.53338948872752,NA,NA,NA,NA,NA,NA,NA,NA,NA,NA,NA,NA,NA,NA,NA,NA,NA,NA,NA,NA,NA,NA,NA,NA,NA,NA,NA,NA,NA,NA,NA,NA,NA,0,0,1,0,0,0
00-0031413,Bishop Sankey,RB,2014,21.960301163586585,0,69,209,4.49,35.5,126,6.75,4,102.84683179540295,30.86053350136526,0.7770084368018506,2,54,-4.007333185232471,NA,NA,NA,NA,NA,NA,NA,NA,NA,NA,NA,NA,NA,NA,NA,NA,NA,NA,NA,NA,NA,NA,NA,NA,NA,NA,NA,NA,NA,NA,NA,NA,NA,0,0,1,16,87.2,5.45
00-0033576,Eric Saubert,TE,2017,23.315537303216974,0,77,253,NA,33,121,NA,NA,NA,29.998144712430427,-0.3277910656943266,5,174,-5.1647859739235145,NA,NA,NA,NA,NA,NA,NA,NA,NA,NA,NA,NA,NA,NA,NA,NA,NA,NA,NA,NA,NA,NA,NA,NA,NA,NA,NA,NA,NA,NA,NA,NA,NA,0,0,1,3,0,0
00-0031053,Jalen Saunders,WR,2014,21.919233401779604,0,69,165,4.44,34,122,NA,NA,84.91453963587892,24.363579080025204,-0.7775039275432396,4,104,-4.653960350157523,NA,NA,NA,NA,NA,NA,NA,NA,NA,NA,NA,NA,NA,NA,NA,NA,NA,NA,NA,NA,NA,NA,NA,NA,NA,NA,NA,NA,NA,NA,NA,NA,NA,0,0,1,8,1.2000000000000002,0.15000000000000002
00-0031064,Tom Savage,QB,2014,24.35044490075291,0,76,228,4.97,27,105,7.33,4.36,74.7376241287249,27.75,-0.6907366765731663,4,135,-4.912654885736052,NA,NA,NA,NA,NA,NA,NA,NA,NA,NA,NA,NA,NA,NA,NA,NA,NA,NA,NA,NA,NA,NA,NA,NA,NA,NA,NA,NA,NA,NA,NA,NA,NA,0,0,1,2,0.48,0.24
00-0034432,Bo Scarbrough,RB,2018,21.921971252566735,0,73,228,4.52,40,129,NA,4.34,109.247398367889,30.0776881215988,0.7647872208758173,7,236,-5.4680601411351315,NA,NA,NA,NA,NA,NA,NA,NA,NA,NA,NA,NA,NA,NA,NA,NA,NA,NA,NA,NA,NA,NA,NA,NA,NA,NA,NA,NA,NA,NA,NA,NA,NA,0,0,1,0,0,0
00-0035275,Jordan Scarlett,RB,2019,24.150581793292265,0,71,208,4.47,30,116,7.37,4.63,104.19892491456235,29.006943066851814,-0.9412840322466167,5,154,-5.043425116919247,NA,NA,NA,NA,NA,NA,NA,NA,NA,NA,NA,NA,NA,NA,NA,NA,NA,NA,NA,NA,NA,NA,NA,NA,NA,NA,NA,NA,NA,NA,NA,NA,NA,0,0,1,3,0.9,0.3
00-0038547,Luke Schoonmaker,TE,2023,24.92539356605065,0,77,251,4.63,33.5,127,NA,4.27,109.23951242820199,29.761005228537694,0.20904437481958535,2,58,-4.07753744390572,NA,NA,NA,NA,NA,NA,NA,NA,NA,NA,NA,NA,NA,NA,NA,NA,NA,NA,NA,NA,NA,NA,NA,NA,NA,NA,NA,NA,NA,NA,NA,NA,NA,0,0,1,12,22.5,1.875
00-0033798,Mason Schreck,TE,2017,23.824777549623544,0,NA,NA,NA,NA,NA,NA,NA,NA,NA,NA,7,251,-5.529429087511423,NA,NA,NA,NA,NA,NA,NA,NA,NA,NA,NA,NA,NA,NA,NA,NA,NA,NA,NA,NA,NA,NA,NA,NA,NA,NA,NA,NA,NA,NA,NA,NA,NA,0,1,1,0,0,0
00-0034383,Dalton Schultz,TE,2018,22.140999315537304,0,77,244,4.75,32,120,7,4.4,95.86175673912877,28.93101703491314,-0.10826502516766287,4,137,-4.927253685157205,NA,NA,NA,NA,NA,NA,NA,NA,NA,NA,NA,NA,NA,NA,NA,NA,NA,NA,NA,NA,NA,NA,NA,NA,NA,NA,NA,NA,NA,NA,NA,NA,NA,0,0,1,8,17.6,2.2
00-0036999,Anthony Schwartz,WR,2021,20.98836413415469,1,72,186,4.27,32,123,7.13,4.25,111.90034867884245,25.22337962962963,-0.31677845242348407,3,91,-4.5217885770490405,NA,NA,NA,NA,NA,NA,NA,NA,NA,NA,NA,NA,NA,NA,NA,NA,NA,NA,NA,NA,NA,NA,NA,NA,NA,NA,NA,NA,NA,NA,NA,NA,NA,0,0,1,13,28.4,2.1846153846153844
00-0034414,Boston Scott,RB,2018,23.34839151266256,0,NA,NA,NA,NA,NA,NA,NA,NA,NA,NA,6,201,-5.308267697401205,NA,NA,NA,NA,NA,NA,NA,NA,NA,NA,NA,NA,NA,NA,NA,NA,NA,NA,NA,NA,NA,NA,NA,NA,NA,NA,NA,NA,NA,NA,NA,NA,NA,0,1,1,1,0,0
00-0034267,Jaleel Scott,WR,2018,23.520876112251884,0,77,218,4.56,34.5,124,7.2,4.4,100.83867223961046,25.84820374430764,-0.4298151895051888,4,132,-4.890349128221754,NA,NA,NA,NA,NA,NA,NA,NA,NA,NA,NA,NA,NA,NA,NA,NA,NA,NA,NA,NA,NA,NA,NA,NA,NA,NA,NA,NA,NA,NA,NA,NA,NA,0,0,1,0,0,0
00-0038941,Tyler Scott,WR,2023,21.88637919233402,0,70,177,4.44,39.5,133,NA,NA,91.09014251848829,25.394081632653062,0.558393843679856,4,133,-4.897839799950911,NA,NA,NA,NA,NA,NA,NA,NA,NA,NA,NA,NA,NA,NA,NA,NA,NA,NA,NA,NA,NA,NA,NA,NA,NA,NA,NA,NA,NA,NA,NA,NA,NA,0,0,1,13,29.400000000000002,2.2615384615384615
00-0031078,Lache Seastrunk,RB,2014,23.093771389459274,0,69,201,4.51,41.5,134,NA,NA,97.16724417130766,29.679269061121612,1.0944171615935145,6,186,-5.231108616854587,NA,NA,NA,NA,NA,NA,NA,NA,NA,NA,NA,NA,NA,NA,NA,NA,NA,NA,NA,NA,NA,NA,NA,NA,NA,NA,NA,NA,NA,NA,NA,NA,NA,0,0,1,0,0,0
00-0031418,Austin Seferian-Jenkins,TE,2014,21.921971252566735,0,77,262,4.75,NA,NA,NA,NA,102.93352567890057,31.065272389947715,0.2677084453680431,2,38,-3.6635616461296463,NA,NA,NA,NA,NA,NA,NA,NA,NA,NA,NA,NA,NA,NA,NA,NA,NA,NA,NA,NA,NA,NA,NA,NA,NA,NA,NA,NA,NA,NA,NA,NA,NA,0,0,1,9,44.6,4.955555555555556
00-0036984,Trey Sermon,RB,2021,22.587268993839835,0,72,215,4.57,37,125,6.83,4.28,98.58336890820614,29.156057098765434,0.29316601997247815,3,88,-4.48863636973214,NA,NA,NA,NA,NA,NA,NA,NA,NA,NA,NA,NA,NA,NA,NA,NA,NA,NA,NA,NA,NA,NA,NA,NA,NA,NA,NA,NA,NA,NA,NA,NA,NA,0,0,1,6,26.8,4.466666666666667
00-0033896,Adam Shaheen,TE,2017,22.855578370978783,0,78,278,4.79,32.5,121,7.09,4.38,105.61673504777316,32.122616699539776,-0.5635690778473272,2,45,-3.828641396489095,NA,NA,NA,NA,NA,NA,NA,NA,NA,NA,NA,NA,NA,NA,NA,NA,NA,NA,NA,NA,NA,NA,NA,NA,NA,NA,NA,NA,NA,NA,NA,NA,NA,0,0,1,7,36.7,5.242857142857143
00-0037261,Khalil Shakir,WR,2022,22.576317590691307,0,72,196,4.43,34.5,124,7.28,4.21,101.78204258119828,26.579475308641975,-0.15026429823244788,5,148,-5.003946305945459,NA,NA,NA,NA,NA,NA,NA,NA,NA,NA,NA,NA,NA,NA,NA,NA,NA,NA,NA,NA,NA,NA,NA,NA,NA,NA,NA,NA,NA,NA,NA,NA,NA,0,0,1,10,27.1,2.71
00-0032778,Tajae Sharpe,WR,2016,21.691991786447637,1,74,194,4.55,33.5,114,NA,NA,90.52866978662956,24.905405405405407,-0.9229533200900683,5,140,-4.948759890378168,NA,NA,NA,NA,NA,NA,NA,NA,NA,NA,NA,NA,NA,NA,NA,NA,NA,NA,NA,NA,NA,NA,NA,NA,NA,NA,NA,NA,NA,NA,NA,NA,NA,0,0,1,16,84.80000000000001,5.300000000000001
00-0036268,Laviska Shenault Jr.,WR,2020,21.908281998631075,0,73,227,4.58,NA,NA,NA,NA,103.17962398269448,29.945768436854944,0.13177748042319123,2,42,-3.7612001156935624,NA,NA,NA,NA,NA,NA,NA,NA,NA,NA,NA,NA,NA,NA,NA,NA,NA,NA,NA,NA,NA,NA,NA,NA,NA,NA,NA,NA,NA,NA,NA,NA,NA,0,0,1,14,128.1,9.15
00-0032385,Sterling Shepard,WR,2016,23.5564681724846,0,70,194,4.48,41,123,7,4.35,96.32070875823221,27.833061224489796,0.08718955199346459,2,40,-3.713572066704308,NA,NA,NA,NA,NA,NA,NA,NA,NA,NA,NA,NA,NA,NA,NA,NA,NA,NA,NA,NA,NA,NA,NA,NA,NA,NA,NA,NA,NA,NA,NA,NA,NA,0,0,1,16,151.9,9.49375
00-0039746,Will Shipley,RB,2024,22.00958247775496,0,71,206,NA,NA,NA,NA,NA,NA,28.728030152747472,NA,4,127,-4.852030263919617,NA,NA,NA,NA,NA,NA,NA,NA,NA,NA,NA,NA,NA,NA,NA,NA,NA,NA,NA,NA,NA,NA,NA,NA,NA,NA,NA,NA,NA,NA,NA,NA,NA,0,1,1,13,13.700000000000001,1.0538461538461539
00-0038590,Justin Shorter,TE,2023,23.37303216974675,0,76,229,4.55,35.5,126,NA,NA,106.86116175844417,27.87171052631579,0.4059451597262035,5,150,-5.017279836814924,NA,NA,NA,NA,NA,NA,NA,NA,NA,NA,NA,NA,NA,NA,NA,NA,NA,NA,NA,NA,NA,NA,NA,NA,NA,NA,NA,NA,NA,NA,NA,NA,NA,0,0,1,0,0,0
00-0040743,Tyler Shough,QB,2025,25.927446954141,0,77,219,4.63,32,117,NA,NA,95.31256263655871,25.966773486254006,0.7071067811865475,2,40,-3.713572066704308,NA,NA,NA,NA,NA,NA,NA,NA,NA,NA,NA,NA,NA,NA,NA,NA,NA,NA,NA,NA,NA,NA,NA,NA,NA,NA,NA,NA,NA,NA,NA,NA,NA,0,0,1,11,157.96,14.360000000000001
00-0032156,Trevor Siemian,QB,2015,23.682409308692677,0,NA,NA,NA,NA,NA,NA,NA,NA,NA,NA,7,250,-5.5254529391317835,NA,NA,NA,NA,NA,NA,NA,NA,NA,NA,NA,NA,NA,NA,NA,NA,NA,NA,NA,NA,NA,NA,NA,NA,NA,NA,NA,NA,NA,NA,NA,NA,NA,0,1,1,1,-0.1,-0.1
00-0031390,Charles Sims,RB,2014,23.95071868583162,0,72,214,4.48,37.5,126,7.16,4.3,106.2506787333077,29.020447530864196,0.10623998044554561,3,69,-4.248495242049359,NA,NA,NA,NA,NA,NA,NA,NA,NA,NA,NA,NA,NA,NA,NA,NA,NA,NA,NA,NA,NA,NA,NA,NA,NA,NA,NA,NA,NA,NA,NA,NA,NA,0,0,1,8,51,6.375
00-0030422,Dion Sims,TE,2013,22.535249828884325,0,77,262,4.75,35,112,7.36,4.52,102.93352567890057,31.065272389947715,-0.4910505745203866,4,106,-4.672828834461906,NA,NA,NA,NA,NA,NA,NA,NA,NA,NA,NA,NA,NA,NA,NA,NA,NA,NA,NA,NA,NA,NA,NA,NA,NA,NA,NA,NA,NA,NA,NA,NA,NA,0,0,1,7,12.2,1.7428571428571427
00-0035250,Devin Singletary,RB,2019,21.99315537303217,0,67,203,4.66,35,117,7.32,4.4,86.09587949087104,31.790822009356205,-0.7980316518499285,3,74,-4.31748811353631,NA,NA,NA,NA,NA,NA,NA,NA,NA,NA,NA,NA,NA,NA,NA,NA,NA,NA,NA,NA,NA,NA,NA,NA,NA,NA,NA,NA,NA,NA,NA,NA,NA,0,0,1,12,133.4,11.116666666666667
00-0039912,Ben Sinnott,TE,2024,22.217659137577,0,76,250,4.68,40,126,6.82,4.23,104.22852504553892,30.42763157894737,0.865825258833068,2,53,-3.9889840465642745,NA,NA,NA,NA,NA,NA,NA,NA,NA,NA,NA,NA,NA,NA,NA,NA,NA,NA,NA,NA,NA,NA,NA,NA,NA,NA,NA,NA,NA,NA,NA,NA,NA,0,0,1,7,11.3,1.6142857142857143
00-0040715,Cam Skattebo,RB,2025,23.57015742642026,0,70,219,NA,39.5,123,NA,NA,NA,31.419795918367345,0.6637064013019107,4,105,-4.663439094112067,NA,NA,NA,NA,NA,NA,NA,NA,NA,NA,NA,NA,NA,NA,NA,NA,NA,NA,NA,NA,NA,NA,NA,NA,NA,NA,NA,NA,NA,NA,NA,NA,NA,0,0,1,8,113.7,14.2125
00-0036862,Ben Skowronek,WR,2021,24.18069815195072,0,74,220,NA,NA,NA,NA,NA,NA,28.243243243243242,NA,7,249,-5.521460917862246,NA,NA,NA,NA,NA,NA,NA,NA,NA,NA,NA,NA,NA,NA,NA,NA,NA,NA,NA,NA,NA,NA,NA,NA,NA,NA,NA,NA,NA,NA,NA,NA,NA,0,1,1,12,18.8,1.5666666666666667
00-0035535,Darius Slayton,WR,2019,22.633812457221083,0,73,190,4.39,40.5,135,7,4.15,102.31175058709631,25.064740101332333,0.6837232643905796,5,171,-5.147494476813453,NA,NA,NA,NA,NA,NA,NA,NA,NA,NA,NA,NA,NA,NA,NA,NA,NA,NA,NA,NA,NA,NA,NA,NA,NA,NA,NA,NA,NA,NA,NA,NA,NA,0,0,1,14,146,10.428571428571429
00-0031091,Kiero Small,RB,2014,25.336071184120467,0,NA,NA,NA,NA,NA,NA,NA,NA,NA,NA,7,227,-5.429345628954441,NA,NA,NA,NA,NA,NA,NA,NA,NA,NA,NA,NA,NA,NA,NA,NA,NA,NA,NA,NA,NA,NA,NA,NA,NA,NA,NA,NA,NA,NA,NA,NA,NA,0,1,1,1,0,0
00-0032782,Wendell Smallwood,RB,2016,22.614647501711158,0,70,208,4.47,33.5,120,6.83,4.28,104.19892491456235,29.841632653061225,0.15463693967727746,5,153,-5.0369526024136295,NA,NA,NA,NA,NA,NA,NA,NA,NA,NA,NA,NA,NA,NA,NA,NA,NA,NA,NA,NA,NA,NA,NA,NA,NA,NA,NA,NA,NA,NA,NA,NA,NA,0,0,1,12,43.7,3.641666666666667
00-0032064,DeAndre Smelter,WR,2015,23.745379876796715,0,74,226,4.52,NA,NA,NA,NA,108.28908785588997,29.013513513513512,0.5975137621478379,4,132,-4.890349128221754,NA,NA,NA,NA,NA,NA,NA,NA,NA,NA,NA,NA,NA,NA,NA,NA,NA,NA,NA,NA,NA,NA,NA,NA,NA,NA,NA,NA,NA,NA,NA,NA,NA,0,0,1,0,0,0
00-0039747,Ainias Smith,WR,2024,23.255304585900067,0,69,190,NA,NA,NA,NA,NA,NA,28.0550304557866,NA,5,152,-5.030437921392435,NA,NA,NA,NA,NA,NA,NA,NA,NA,NA,NA,NA,NA,NA,NA,NA,NA,NA,NA,NA,NA,NA,NA,NA,NA,NA,NA,NA,NA,NA,NA,NA,NA,0,1,1,3,14.2,4.733333333333333
00-0040582,Arian Smith,WR,2025,23.890485968514717,0,72,179,4.36,38,127,6.82,4.19,99.06883810989856,24.274112654320987,0.05153142273674942,4,110,-4.709530201312334,NA,NA,NA,NA,NA,NA,NA,NA,NA,NA,NA,NA,NA,NA,NA,NA,NA,NA,NA,NA,NA,NA,NA,NA,NA,NA,NA,NA,NA,NA,NA,NA,NA,0,0,1,13,10,0.7692307692307693
00-0040078,Brashard Smith,RB,2025,22.392881587953458,0,70,194,4.39,32.5,117,NA,NA,104.46568217840361,27.833061224489796,-0.9298690509116102,7,228,-5.43372200355424,NA,NA,NA,NA,NA,NA,NA,NA,NA,NA,NA,NA,NA,NA,NA,NA,NA,NA,NA,NA,NA,NA,NA,NA,NA,NA,NA,NA,NA,NA,NA,NA,NA,0,0,1,17,50.8,2.988235294117647
00-0036912,DeVonta Smith,WR,2021,22.798083504449007,0,NA,NA,NA,NA,NA,NA,NA,NA,NA,NA,1,10,-2.3978952727983707,NA,NA,NA,NA,NA,NA,NA,NA,NA,NA,NA,NA,NA,NA,NA,NA,NA,NA,NA,NA,NA,NA,NA,NA,NA,NA,NA,NA,NA,NA,NA,NA,NA,0,1,1,17,153.60000000000002,9.03529411764706
00-0031934,Devin Smith,WR,2015,23.496235455167692,0,72,196,4.42,39,122,NA,4.15,102.70627767653052,26.579475308641975,0.20228460797206033,2,37,-3.6375861597263857,NA,NA,NA,NA,NA,NA,NA,NA,NA,NA,NA,NA,NA,NA,NA,NA,NA,NA,NA,NA,NA,NA,NA,NA,NA,NA,NA,NA,NA,NA,NA,NA,NA,0,0,1,7,22,3.142857142857143
00-0030565,Geno Smith,QB,2013,22.89390828199863,0,74,218,4.58,33.5,124,NA,NA,99.08880188646431,27.986486486486488,1.415208857207373,2,39,-3.6888794541139363,NA,NA,NA,NA,NA,NA,NA,NA,NA,NA,NA,NA,NA,NA,NA,NA,NA,NA,NA,NA,NA,NA,NA,NA,NA,NA,NA,NA,NA,NA,NA,NA,NA,0,0,1,16,200.24,12.515
00-0034970,Irv Smith,TE,2019,21.062286105407257,1,74,242,4.63,32.5,110,7.32,4.33,105.32255779930232,31.06756756756757,-0.4072083946329649,2,50,-3.9318256327243257,NA,NA,NA,NA,NA,NA,NA,NA,NA,NA,NA,NA,NA,NA,NA,NA,NA,NA,NA,NA,NA,NA,NA,NA,NA,NA,NA,NA,NA,NA,NA,NA,NA,0,0,1,14,61.1,4.364285714285715
00-0015195,Irv Smith,TE,2019,47.885010266940455,0,74,242,4.63,32.5,110,7.32,4.33,105.32255779930232,31.06756756756757,-0.4072083946329649,2,50,-3.9318256327243257,NA,NA,NA,NA,NA,NA,NA,NA,NA,NA,NA,NA,NA,NA,NA,NA,NA,NA,NA,NA,NA,NA,NA,NA,NA,NA,NA,NA,NA,NA,NA,NA,NA,0,0,1,0,0,0
00-0033858,Jonnu Smith,TE,2017,22.028747433264886,0,75,248,4.62,38,127,NA,4.18,108.8713916337184,30.99448888888889,0.6481164538426378,3,100,-4.61512051684126,NA,NA,NA,NA,NA,NA,NA,NA,NA,NA,NA,NA,NA,NA,NA,NA,NA,NA,NA,NA,NA,NA,NA,NA,NA,NA,NA,NA,NA,NA,NA,NA,NA,0,0,1,14,36.7,2.6214285714285714
00-0034988,Kaden Smith,TE,2019,22.354551676933607,0,77,255,4.92,32,108,7.08,4.47,87.03817275207426,30.235284196323157,-0.8156965041407294,6,176,-5.176149732573829,NA,NA,NA,NA,NA,NA,NA,NA,NA,NA,NA,NA,NA,NA,NA,NA,NA,NA,NA,NA,NA,NA,NA,NA,NA,NA,NA,NA,NA,NA,NA,NA,NA,0,0,1,7,60.3,8.614285714285714
00-0034378,Ito Smith,RB,2018,22.973305954825463,0,NA,NA,NA,NA,NA,NA,NA,NA,NA,NA,4,126,-4.844187086458591,NA,NA,NA,NA,NA,NA,NA,NA,NA,NA,NA,NA,NA,NA,NA,NA,NA,NA,NA,NA,NA,NA,NA,NA,NA,NA,NA,NA,NA,NA,NA,NA,NA,0,1,1,13,84.2,6.476923076923077
00-0036572,Shi Smith,WR,2021,22.850102669404517,0,NA,NA,NA,NA,NA,NA,NA,NA,NA,NA,6,204,-5.3230099791384085,NA,NA,NA,NA,NA,NA,NA,NA,NA,NA,NA,NA,NA,NA,NA,NA,NA,NA,NA,NA,NA,NA,NA,NA,NA,NA,NA,NA,NA,NA,NA,NA,NA,0,1,1,5,13.100000000000001,2.62
00-0035218,Sutton Smith,RB,2019,23.444216290212182,0,NA,NA,NA,NA,NA,NA,NA,NA,NA,NA,6,175,-5.170483995038151,NA,NA,NA,NA,NA,NA,NA,NA,NA,NA,NA,NA,NA,NA,NA,NA,NA,NA,NA,NA,NA,NA,NA,NA,NA,NA,NA,NA,NA,NA,NA,NA,NA,0,1,1,0,0,0
00-0034765,Tre'Quan Smith,WR,2018,22.650239561943874,0,74,203,4.49,37.5,130,6.97,4.5,99.89429116969761,26.06081081081081,0.08014646768308796,3,91,-4.5217885770490405,NA,NA,NA,NA,NA,NA,NA,NA,NA,NA,NA,NA,NA,NA,NA,NA,NA,NA,NA,NA,NA,NA,NA,NA,NA,NA,NA,NA,NA,NA,NA,NA,NA,0,0,1,13,86.7,6.6692307692307695
00-0036635,Ihmir Smith-Marsette,WR,2021,22.00958247775496,0,72,181,4.43,37,124,7,4.2,93.9926005469229,24.545331790123456,-0.08717745241161368,5,157,-5.062595033026967,NA,NA,NA,NA,NA,NA,NA,NA,NA,NA,NA,NA,NA,NA,NA,NA,NA,NA,NA,NA,NA,NA,NA,NA,NA,NA,NA,NA,NA,NA,NA,NA,NA,0,0,1,6,26.1,4.3500000000000005
00-0038543,Jaxon Smith-Njigba,WR,2023,21.544147843942504,1,73,196,NA,35,125,6.57,3.93,NA,25.85625820979546,0.8849752427403625,1,20,-3.044522437723423,NA,NA,NA,NA,NA,NA,NA,NA,NA,NA,NA,NA,NA,NA,NA,NA,NA,NA,NA,NA,NA,NA,NA,NA,NA,NA,NA,NA,NA,NA,NA,NA,NA,0,0,1,17,118.30000000000001,6.958823529411766
00-0033857,JuJu Smith-Schuster,WR,2017,20.774811772758383,1,73,215,4.54,32.5,120,NA,NA,101.21503838570821,28.36273221992869,-0.46920604456119264,2,62,-4.143134726391533,NA,NA,NA,NA,NA,NA,NA,NA,NA,NA,NA,NA,NA,NA,NA,NA,NA,NA,NA,NA,NA,NA,NA,NA,NA,NA,NA,NA,NA,NA,NA,NA,NA,0,0,1,14,162.7,11.62142857142857
00-0034798,Durham Smythe,TE,2018,23.06365503080082,0,77,253,4.81,31,110,7.17,4.23,94.5301204660446,29.998144712430427,-0.40593687971292064,4,123,-4.820281565605037,NA,NA,NA,NA,NA,NA,NA,NA,NA,NA,NA,NA,NA,NA,NA,NA,NA,NA,NA,NA,NA,NA,NA,NA,NA,NA,NA,NA,NA,NA,NA,NA,NA,0,0,1,8,8,1
00-0035217,Benny Snell,RB,2019,21.508555783709788,1,70,224,4.66,29.5,119,7.07,4.33,95.00234978303011,32.137142857142855,-0.39470067449528,4,122,-4.812184355372417,NA,NA,NA,NA,NA,NA,NA,NA,NA,NA,NA,NA,NA,NA,NA,NA,NA,NA,NA,NA,NA,NA,NA,NA,NA,NA,NA,NA,NA,NA,NA,NA,NA,0,0,1,11,56.4,5.127272727272727
00-0030292,Brad Sorensen,QB,2013,25.470225872689937,0,76,229,4.97,29,112,7.17,4.55,75.06542072578071,27.87171052631579,-0.29481918531925727,7,221,-5.402677381872279,NA,NA,NA,NA,NA,NA,NA,NA,NA,NA,NA,NA,NA,NA,NA,NA,NA,NA,NA,NA,NA,NA,NA,NA,NA,NA,NA,NA,NA,NA,NA,NA,NA,0,0,1,0,0,0
00-0039032,Tyjae Spears,RB,2023,22.21218343600274,0,70,201,NA,39,125,NA,NA,NA,28.83734693877551,1.0356636343734362,3,81,-4.406719247264253,NA,NA,NA,NA,NA,NA,NA,NA,NA,NA,NA,NA,NA,NA,NA,NA,NA,NA,NA,NA,NA,NA,NA,NA,NA,NA,NA,NA,NA,NA,NA,NA,NA,0,0,1,17,127.80000000000001,7.51764705882353
00-0031954,Evan Spencer,WR,2015,22.26694045174538,0,NA,NA,NA,NA,NA,NA,NA,NA,NA,NA,6,187,-5.236441962829949,NA,NA,NA,NA,NA,NA,NA,NA,NA,NA,NA,NA,NA,NA,NA,NA,NA,NA,NA,NA,NA,NA,NA,NA,NA,NA,NA,NA,NA,NA,NA,NA,NA,0,1,1,1,0,0
00-0038045,Isaiah Spiller,RB,2022,21.062286105407257,1,72,217,NA,30,114,NA,NA,NA,29.427276234567902,-1.4544240146813923,4,123,-4.820281565605037,NA,NA,NA,NA,NA,NA,NA,NA,NA,NA,NA,NA,NA,NA,NA,NA,NA,NA,NA,NA,NA,NA,NA,NA,NA,NA,NA,NA,NA,NA,NA,NA,NA,0,0,1,5,6.9,1.3800000000000001
00-0033528,Jeremy Sprinkle,TE,2017,23.06091718001369,0,77,252,4.69,29,116,NA,NA,104.16916083385567,29.87957497048406,-1.0713515644946712,5,154,-5.043425116919247,NA,NA,NA,NA,NA,NA,NA,NA,NA,NA,NA,NA,NA,NA,NA,NA,NA,NA,NA,NA,NA,NA,NA,NA,NA,NA,NA,NA,NA,NA,NA,NA,NA,0,0,1,3,8.3,2.766666666666667
00-0036963,Amon-Ra St. Brown,WR,2021,21.856262833675565,0,71,197,4.51,38.5,127,6.88,4.17,95.23356767038611,27.472922039277922,0.3073750421983809,4,112,-4.727387818712341,NA,NA,NA,NA,NA,NA,NA,NA,NA,NA,NA,NA,NA,NA,NA,NA,NA,NA,NA,NA,NA,NA,NA,NA,NA,NA,NA,NA,NA,NA,NA,NA,NA,0,0,1,16,178.3,11.14375
00-0034279,Equanimeous St. Brown,WR,2018,21.919233401779604,0,77,214,4.48,NA,NA,NA,NA,106.2506787333077,25.37392477652218,0.967501902753878,6,207,-5.337538079701318,NA,NA,NA,NA,NA,NA,NA,NA,NA,NA,NA,NA,NA,NA,NA,NA,NA,NA,NA,NA,NA,NA,NA,NA,NA,NA,NA,NA,NA,NA,NA,NA,NA,0,0,1,11,43.800000000000004,3.9818181818181824
00-0030536,Zac Stacy,RB,2013,22.39835728952772,0,68,216,4.55,33,122,6.7,4.17,100.79480759748446,32.839100346020764,0.5151862003746616,5,160,-5.081404364984463,NA,NA,NA,NA,NA,NA,NA,NA,NA,NA,NA,NA,NA,NA,NA,NA,NA,NA,NA,NA,NA,NA,NA,NA,NA,NA,NA,NA,NA,NA,NA,NA,NA,0,0,1,13,170.4,13.107692307692307
00-0036279,Nate Stanley,QB,2020,23.017111567419576,0,76,235,4.81,28.5,108,7.26,4.48,87.80465734988331,28.601973684210527,-0.17248682217024436,7,244,-5.501258210544727,NA,NA,NA,NA,NA,NA,NA,NA,NA,NA,NA,NA,NA,NA,NA,NA,NA,NA,NA,NA,NA,NA,NA,NA,NA,NA,NA,NA,NA,NA,NA,NA,NA,0,0,1,0,0,0
00-0032120,Neal Sterling,TE,2015,23.630390143737166,0,NA,NA,NA,NA,NA,NA,NA,NA,NA,NA,7,220,-5.3981627015177525,NA,NA,NA,NA,NA,NA,NA,NA,NA,NA,NA,NA,NA,NA,NA,NA,NA,NA,NA,NA,NA,NA,NA,NA,NA,NA,NA,NA,NA,NA,NA,NA,NA,0,1,1,1,0,0
00-0035671,Jace Sternberger,TE,2019,23.1813826146475,0,76,251,4.75,31.5,113,7.19,4.31,98.61188910459558,30.549342105263158,-0.3056819212044919,3,75,-4.330733340286331,NA,NA,NA,NA,NA,NA,NA,NA,NA,NA,NA,NA,NA,NA,NA,NA,NA,NA,NA,NA,NA,NA,NA,NA,NA,NA,NA,NA,NA,NA,NA,NA,NA,0,0,1,3,0,0
00-0036433,Tommy Stevens,QB,2020,23.71252566735113,0,NA,NA,NA,NA,NA,NA,NA,NA,NA,NA,7,240,-5.484796933490655,NA,NA,NA,NA,NA,NA,NA,NA,NA,NA,NA,NA,NA,NA,NA,NA,NA,NA,NA,NA,NA,NA,NA,NA,NA,NA,NA,NA,NA,NA,NA,NA,NA,0,1,1,1,2.4000000000000004,2.4000000000000004
00-0036571,Marquez Stevenson,WR,2021,23.43600273785079,0,70,180,4.48,33,122,6.76,4.14,89.36972977567937,25.824489795918367,-0.2160786283678554,6,203,-5.318119993844216,NA,NA,NA,NA,NA,NA,NA,NA,NA,NA,NA,NA,NA,NA,NA,NA,NA,NA,NA,NA,NA,NA,NA,NA,NA,NA,NA,NA,NA,NA,NA,NA,NA,0,0,1,5,0,0
00-0036875,Rhamondre Stevenson,RB,2021,23.520876112251884,0,71,231,4.64,31.5,112,7.09,4.15,99.67128407061693,32.21444157905177,-0.5816163304233783,4,120,-4.795790545596741,NA,NA,NA,NA,NA,NA,NA,NA,NA,NA,NA,NA,NA,NA,NA,NA,NA,NA,NA,NA,NA,NA,NA,NA,NA,NA,NA,NA,NA,NA,NA,NA,NA,0,0,1,12,109.89999999999999,9.158333333333333
00-0033916,ArDarius Stewart,WR,2017,23.731690622861056,0,71,204,4.49,34,124,NA,NA,100.38638127398183,28.449117238643126,-0.1001784414694625,3,79,-4.382026634673881,NA,NA,NA,NA,NA,NA,NA,NA,NA,NA,NA,NA,NA,NA,NA,NA,NA,NA,NA,NA,NA,NA,NA,NA,NA,NA,NA,NA,NA,NA,NA,NA,NA,0,0,1,12,13.900000000000002,1.1583333333333334
00-0035282,Easton Stick,QB,2019,23.978097193702943,0,73,224,4.62,33.5,118,6.65,4.05,98.33545050787468,29.550009382623383,1.3472955513125278,5,166,-5.117993812416755,NA,NA,NA,NA,NA,NA,NA,NA,NA,NA,NA,NA,NA,NA,NA,NA,NA,NA,NA,NA,NA,NA,NA,NA,NA,NA,NA,NA,NA,NA,NA,NA,NA,0,0,1,0,0,0
00-0035264,Jarrett Stidham,QB,2019,23.06365503080082,0,74,218,4.81,31,110,7.28,4.33,81.45283107350878,27.986486486486488,-0.8148832660996976,4,133,-4.897839799950911,NA,NA,NA,NA,NA,NA,NA,NA,NA,NA,NA,NA,NA,NA,NA,NA,NA,NA,NA,NA,NA,NA,NA,NA,NA,NA,NA,NA,NA,NA,NA,NA,NA,0,0,1,3,-1.64,-0.5466666666666666
00-0030085,Kenny Stills,WR,2013,21.360711841204655,1,72,194,4.38,33.5,124,NA,4.35,105.42297885611391,26.308256172839506,0.16173595304605753,5,144,-4.976733742420574,NA,NA,NA,NA,NA,NA,NA,NA,NA,NA,NA,NA,NA,NA,NA,NA,NA,NA,NA,NA,NA,NA,NA,NA,NA,NA,NA,NA,NA,NA,NA,NA,NA,0,0,1,16,111.10000000000001,6.9437500000000005
00-0039359,Cade Stover,TE,2024,24.2217659137577,0,76,247,4.65,34.5,117,NA,4.45,105.66110236105104,30.0625,-0.8473534642990304,4,123,-4.820281565605037,NA,NA,NA,NA,NA,NA,NA,NA,NA,NA,NA,NA,NA,NA,NA,NA,NA,NA,NA,NA,NA,NA,NA,NA,NA,NA,NA,NA,NA,NA,NA,NA,NA,0,0,1,14,26.8,1.9142857142857144
00-0036482,Mike Strachan,WR,2021,24.05201916495551,0,NA,NA,NA,NA,NA,NA,NA,NA,NA,NA,7,229,-5.438079308923196,NA,NA,NA,NA,NA,NA,NA,NA,NA,NA,NA,NA,NA,NA,NA,NA,NA,NA,NA,NA,NA,NA,NA,NA,NA,NA,NA,NA,NA,NA,NA,NA,NA,0,1,1,2,3.6,1.8
00-0038935,Brenton Strange,TE,2023,22.677618069815196,0,76,253,4.7,36,124,7.25,4.46,103.69530303312858,30.792763157894736,-0.3954958588941088,2,61,-4.127134385045092,NA,NA,NA,NA,NA,NA,NA,NA,NA,NA,NA,NA,NA,NA,NA,NA,NA,NA,NA,NA,NA,NA,NA,NA,NA,NA,NA,NA,NA,NA,NA,NA,NA,0,0,1,7,12,1.7142857142857142
00-0031310,Devin Street,WR,2014,23.42505133470226,0,75,198,4.55,37,124,6.89,4.01,92.39524029769409,24.7456,0.15412082981443845,5,146,-4.990432586778736,NA,NA,NA,NA,NA,NA,NA,NA,NA,NA,NA,NA,NA,NA,NA,NA,NA,NA,NA,NA,NA,NA,NA,NA,NA,NA,NA,NA,NA,NA,NA,NA,NA,0,0,1,5,2.8,0.5599999999999999
00-0031560,Jaelen Strong,WR,2015,21.598904859685145,1,74,217,4.44,42,123,NA,NA,111.67548546051955,27.85810810810811,0.8862775788493032,3,70,-4.2626798770413155,NA,NA,NA,NA,NA,NA,NA,NA,NA,NA,NA,NA,NA,NA,NA,NA,NA,NA,NA,NA,NA,NA,NA,NA,NA,NA,NA,NA,NA,NA,NA,NA,NA,0,0,1,10,41.1,4.11
00-0038098,Pierre Strong,RB,2022,23.72621492128679,0,71,207,4.37,36,124,NA,NA,113.52057787862073,28.86748660979964,0.8909321820191436,4,127,-4.852030263919617,NA,NA,NA,NA,NA,NA,NA,NA,NA,NA,NA,NA,NA,NA,NA,NA,NA,NA,NA,NA,NA,NA,NA,NA,NA,NA,NA,NA,NA,NA,NA,NA,NA,0,0,1,10,23.7,2.37
00-0039163,C.J. Stroud,QB,2023,21.911019849418206,0,75,214,NA,NA,NA,NA,NA,NA,26.745244444444445,NA,1,2,-1.0986122886681096,NA,NA,NA,NA,NA,NA,NA,NA,NA,NA,NA,NA,NA,NA,NA,NA,NA,NA,NA,NA,NA,NA,NA,NA,NA,NA,NA,NA,NA,NA,NA,NA,NA,0,1,1,15,279.52,18.634666666666664
00-0032792,Nate Sudfeld,QB,2016,22.902121834360027,0,78,234,5.02,29,105,NA,NA,73.69380562025653,27.03846153846154,-0.9332867592149929,6,187,-5.236441962829949,NA,NA,NA,NA,NA,NA,NA,NA,NA,NA,NA,NA,NA,NA,NA,NA,NA,NA,NA,NA,NA,NA,NA,NA,NA,NA,NA,NA,NA,NA,NA,NA,NA,0,0,1,0,0,0
00-0036438,Stephen Sullivan,TE,2020,23.759069130732374,0,77,248,4.66,36.5,123,7.51,4.62,105.18117297406906,29.4052960026986,-0.12870164003389784,7,251,-5.529429087511423,NA,NA,NA,NA,NA,NA,NA,NA,NA,NA,NA,NA,NA,NA,NA,NA,NA,NA,NA,NA,NA,NA,NA,NA,NA,NA,NA,NA,NA,NA,NA,NA,NA,0,0,1,1,0,0
00-0034348,Courtland Sutton,WR,2018,22.89390828199863,0,75,218,4.54,35.5,124,6.57,4.11,102.62734124690414,27.245155555555556,0.7737000961147829,2,40,-3.713572066704308,NA,NA,NA,NA,NA,NA,NA,NA,NA,NA,NA,NA,NA,NA,NA,NA,NA,NA,NA,NA,NA,NA,NA,NA,NA,NA,NA,NA,NA,NA,NA,NA,NA,0,0,1,16,115.30000000000001,7.206250000000001
00-0032141,Geoff Swaim,TE,2015,21.95756331279945,0,NA,NA,NA,NA,NA,NA,NA,NA,NA,NA,7,246,-5.5093883366279774,NA,NA,NA,NA,NA,NA,NA,NA,NA,NA,NA,NA,NA,NA,NA,NA,NA,NA,NA,NA,NA,NA,NA,NA,NA,NA,NA,NA,NA,NA,NA,NA,NA,0,1,1,2,0.5,0.25
00-0036247,Freddie Swain,WR,2020,22.078028747433265,0,72,197,4.46,36.5,124,7.05,4.26,99.57648388671069,26.71508487654321,0.0805652973482608,6,214,-5.3706380281276624,NA,NA,NA,NA,NA,NA,NA,NA,NA,NA,NA,NA,NA,NA,NA,NA,NA,NA,NA,NA,NA,NA,NA,NA,NA,NA,NA,NA,NA,NA,NA,NA,NA,0,0,1,13,34.4,2.646153846153846
00-0035308,Tommy Sweeney,TE,2019,24.16974674880219,0,76,251,4.83,NA,NA,NA,NA,92.23912917190582,30.549342105263158,-1.0530663275407472,7,228,-5.43372200355424,NA,NA,NA,NA,NA,NA,NA,NA,NA,NA,NA,NA,NA,NA,NA,NA,NA,NA,NA,NA,NA,NA,NA,NA,NA,NA,NA,NA,NA,NA,NA,NA,NA,0,0,1,5,15.4,3.08
00-0036275,D'Andre Swift,RB,2020,21.631759069130734,1,68,212,4.48,35.5,121,NA,NA,105.25768173580015,32.23096885813149,0.05269545697319628,2,35,-3.58351893845611,NA,NA,NA,NA,NA,NA,NA,NA,NA,NA,NA,NA,NA,NA,NA,NA,NA,NA,NA,NA,NA,NA,NA,NA,NA,NA,NA,NA,NA,NA,NA,NA,NA,0,0,1,13,166.8,12.830769230769231
00-0033562,Ryan Switzer,WR,2017,22.82546201232033,0,68,181,4.51,32,116,6.77,4,87.49886166669992,27.517949826989618,-0.31122166559261744,4,133,-4.897839799950911,NA,NA,NA,NA,NA,NA,NA,NA,NA,NA,NA,NA,NA,NA,NA,NA,NA,NA,NA,NA,NA,NA,NA,NA,NA,NA,NA,NA,NA,NA,NA,NA,NA,0,0,1,16,7.6000000000000005,0.47500000000000003
00-0036212,Tua Tagovailoa,QB,2020,22.50239561943874,0,72,217,NA,NA,NA,NA,NA,NA,29.427276234567902,NA,1,5,-1.791759469228055,NA,NA,NA,NA,NA,NA,NA,NA,NA,NA,NA,NA,NA,NA,NA,NA,NA,NA,NA,NA,NA,NA,NA,NA,NA,NA,NA,NA,NA,NA,NA,NA,NA,0,1,1,10,135.46,13.546000000000001
00-0031066,Lorenzo Taliaferro,RB,2014,22.691307323750856,0,72,229,4.58,33,118,6.88,4.22,104.08869555963453,31.054591049382715,-0.03348116650021167,4,138,-4.9344739331306915,NA,NA,NA,NA,NA,NA,NA,NA,NA,NA,NA,NA,NA,NA,NA,NA,NA,NA,NA,NA,NA,NA,NA,NA,NA,NA,NA,NA,NA,NA,NA,NA,NA,0,0,1,12,66.60000000000001,5.550000000000001
00-0034686,Auden Tate,WR,2018,21.574264202600958,1,77,228,4.68,31,112,NA,NA,95.05641484153149,27.033901163771294,-1.215161354232238,7,253,-5.537334267018537,NA,NA,NA,NA,NA,NA,NA,NA,NA,NA,NA,NA,NA,NA,NA,NA,NA,NA,NA,NA,NA,NA,NA,NA,NA,NA,NA,NA,NA,NA,NA,NA,NA,0,0,1,5,5.5,1.1
00-0036223,Jonathan Taylor,RB,2020,21.61806981519507,1,70,226,4.39,36,123,7.01,4.24,121.69713490886193,32.42408163265306,0.8477645004387325,2,41,-3.7376696182833684,NA,NA,NA,NA,NA,NA,NA,NA,NA,NA,NA,NA,NA,NA,NA,NA,NA,NA,NA,NA,NA,NA,NA,NA,NA,NA,NA,NA,NA,NA,NA,NA,NA,0,0,1,15,234.8,15.653333333333334
00-0032440,Kelvin Taylor,RB,2016,22.926762491444215,0,70,207,4.6,32,113,NA,NA,92.46322018574837,29.69816326530612,-1.194666850706413,6,211,-5.356586274672012,NA,NA,NA,NA,NA,NA,NA,NA,NA,NA,NA,NA,NA,NA,NA,NA,NA,NA,NA,NA,NA,NA,NA,NA,NA,NA,NA,NA,NA,NA,NA,NA,NA,0,0,1,0,0,0
00-0040736,Mason Taylor,TE,2025,21.31690622861054,1,77,251,NA,NA,NA,NA,NA,NA,29.761005228537694,NA,2,42,-3.7612001156935624,NA,NA,NA,NA,NA,NA,NA,NA,NA,NA,NA,NA,NA,NA,NA,NA,NA,NA,NA,NA,NA,NA,NA,NA,NA,NA,NA,NA,NA,NA,NA,NA,NA,0,1,1,13,64.9,4.992307692307692
00-0030282,Stepfan Taylor,RB,2013,22.23134839151266,0,69,214,4.76,30,110,7.13,4.5,83.37118187600791,31.598823776517538,-1.4007713171865388,5,140,-4.948759890378168,NA,NA,NA,NA,NA,NA,NA,NA,NA,NA,NA,NA,NA,NA,NA,NA,NA,NA,NA,NA,NA,NA,NA,NA,NA,NA,NA,NA,NA,NA,NA,NA,NA,0,0,1,12,22.6,1.8833333333333335
00-0033911,Taywan Taylor,WR,2017,22.50239561943874,0,71,203,4.5,33.5,132,6.57,4.21,99.00929736320683,28.309660781590953,0.4261709165337549,3,72,-4.290459441148391,NA,NA,NA,NA,NA,NA,NA,NA,NA,NA,NA,NA,NA,NA,NA,NA,NA,NA,NA,NA,NA,NA,NA,NA,NA,NA,NA,NA,NA,NA,NA,NA,NA,0,0,1,16,41.400000000000006,2.5875000000000004
00-0033292,Trent Taylor,WR,2017,23.340177960301162,0,68,181,4.63,33,117,6.74,4.01,78.77430975898231,27.517949826989618,-0.3701799960085278,5,177,-5.181783550292085,NA,NA,NA,NA,NA,NA,NA,NA,NA,NA,NA,NA,NA,NA,NA,NA,NA,NA,NA,NA,NA,NA,NA,NA,NA,NA,NA,NA,NA,NA,NA,NA,NA,0,0,1,15,76.5,5.1
00-0040669,Isaac TeSlaa,WR,2025,23.529089664613277,0,76,214,4.43,39.5,129,6.85,4.05,111.12937302232874,26.04605263157895,0.6686908001660699,3,70,-4.2626798770413155,NA,NA,NA,NA,NA,NA,NA,NA,NA,NA,NA,NA,NA,NA,NA,NA,NA,NA,NA,NA,NA,NA,NA,NA,NA,NA,NA,NA,NA,NA,NA,NA,NA,0,0,1,14,67.9,4.8500000000000005
00-0031533,Randall Telfer,TE,2015,23.293634496919918,0,76,250,4.83,NA,NA,NA,NA,91.87164260149981,30.42763157894737,-0.5001425680472058,6,198,-5.293304824724492,NA,NA,NA,NA,NA,NA,NA,NA,NA,NA,NA,NA,NA,NA,NA,NA,NA,NA,NA,NA,NA,NA,NA,NA,NA,NA,NA,NA,NA,NA,NA,NA,NA,0,0,1,0,0,0
00-0039893,Brian Thomas Jr.,WR,2024,21.900068446269678,0,75,209,4.33,38.5,126,NA,NA,118.9117296781256,26.120355555555555,0.7989502127690793,1,23,-3.1780538303479458,NA,NA,NA,NA,NA,NA,NA,NA,NA,NA,NA,NA,NA,NA,NA,NA,NA,NA,NA,NA,NA,NA,NA,NA,NA,NA,NA,NA,NA,NA,NA,NA,NA,0,0,1,17,236.5,13.911764705882353
00-0031060,De'Anthony Thomas,WR,2014,21.65366187542779,1,69,174,4.39,32,124,NA,NA,93.69602422186715,25.692501575299307,-0.5379463970182485,4,124,-4.8283137373023015,NA,NA,NA,NA,NA,NA,NA,NA,NA,NA,NA,NA,NA,NA,NA,NA,NA,NA,NA,NA,NA,NA,NA,NA,NA,NA,NA,NA,NA,NA,NA,NA,NA,0,0,1,12,44.400000000000006,3.7000000000000006
00-0034365,Ian Thomas,TE,2018,22.236824093086927,0,76,259,4.74,36,123,7.15,4.2,102.61630984148437,31.523026315789473,0.4773457789937311,4,101,-4.624972813284271,NA,NA,NA,NA,NA,NA,NA,NA,NA,NA,NA,NA,NA,NA,NA,NA,NA,NA,NA,NA,NA,NA,NA,NA,NA,NA,NA,NA,NA,NA,NA,NA,NA,0,0,1,10,63.300000000000004,6.33
00-0031260,Logan Thomas,TE,2014,23.170431211498972,0,78,248,4.61,35.5,118,7.05,4.18,109.81912395047212,28.656147271531886,1.0100839007696738,4,120,-4.795790545596741,NA,NA,NA,NA,NA,NA,NA,NA,NA,NA,NA,NA,NA,NA,NA,NA,NA,NA,NA,NA,NA,NA,NA,NA,NA,NA,NA,NA,NA,NA,NA,NA,NA,0,0,1,2,7.24,3.62
00-0032765,Michael Thomas,WR,2016,23.498973305954827,0,75,212,4.57,35,126,6.8,4.13,97.20778701646373,26.49528888888889,0.4328085624675151,2,47,-3.8712010109078907,NA,NA,NA,NA,NA,NA,NA,NA,NA,NA,NA,NA,NA,NA,NA,NA,NA,NA,NA,NA,NA,NA,NA,NA,NA,NA,NA,NA,NA,NA,NA,NA,NA,0,0,1,15,213.7,14.246666666666666
00-0030404,Chris Thompson,RB,2013,22.86652977412731,0,67,192,4.42,NA,NA,NA,NA,100.61023119333602,30.068166629538872,0.3361365693987634,5,154,-5.043425116919247,NA,NA,NA,NA,NA,NA,NA,NA,NA,NA,NA,NA,NA,NA,NA,NA,NA,NA,NA,NA,NA,NA,NA,NA,NA,NA,NA,NA,NA,NA,NA,NA,NA,0,0,1,4,0,0
00-0035148,Darwin Thompson,RB,2019,22.548939082819988,0,NA,NA,NA,NA,NA,NA,NA,NA,NA,NA,6,214,-5.3706380281276624,NA,NA,NA,NA,NA,NA,NA,NA,NA,NA,NA,NA,NA,NA,NA,NA,NA,NA,NA,NA,NA,NA,NA,NA,NA,NA,NA,NA,NA,NA,NA,NA,NA,0,1,1,10,27.6,2.7600000000000002
00-0037327,Skylar Thompson,QB,2022,25.242984257357975,0,74,217,4.91,31,112,7,4.28,74.67302776674292,27.85810810810811,0.14063239332767313,7,247,-5.5134287461649825,NA,NA,NA,NA,NA,NA,NA,NA,NA,NA,NA,NA,NA,NA,NA,NA,NA,NA,NA,NA,NA,NA,NA,NA,NA,NA,NA,NA,NA,NA,NA,NA,NA,0,0,1,7,19.46,2.7800000000000002
00-0038583,Dorian Thompson-Robinson,QB,2023,23.797399041752225,0,74,203,4.56,32.5,121,7.28,4.44,93.90023148917855,26.06081081081081,-0.47139127639260475,5,140,-4.948759890378168,NA,NA,NA,NA,NA,NA,NA,NA,NA,NA,NA,NA,NA,NA,NA,NA,NA,NA,NA,NA,NA,NA,NA,NA,NA,NA,NA,NA,NA,NA,NA,NA,NA,0,0,1,7,20.1,2.8714285714285714
00-0040581,Dont'e Thornton Jr.,WR,2025,22.754277891854894,0,77,205,4.3,33,126,NA,NA,119.92508484699754,24.306797099004893,0.011067143394973075,4,108,-4.6913478822291435,NA,NA,NA,NA,NA,NA,NA,NA,NA,NA,NA,NA,NA,NA,NA,NA,NA,NA,NA,NA,NA,NA,NA,NA,NA,NA,NA,NA,NA,NA,NA,NA,NA,0,0,1,11,18.5,1.6818181818181819
00-0038104,Tyquan Thornton,WR,2022,22.067077344284737,0,74,181,4.28,36.5,130,NA,NA,107.87815107859535,23.236486486486488,0.7885183245433267,2,50,-3.9318256327243257,NA,NA,NA,NA,NA,NA,NA,NA,NA,NA,NA,NA,NA,NA,NA,NA,NA,NA,NA,NA,NA,NA,NA,NA,NA,NA,NA,NA,NA,NA,NA,NA,NA,0,0,1,12,55.300000000000004,4.608333333333333
00-0035283,Clayton Thorson,QB,2019,24.213552361396303,0,76,222,NA,NA,NA,NA,NA,NA,27.019736842105264,NA,5,167,-5.123963979403259,NA,NA,NA,NA,NA,NA,NA,NA,NA,NA,NA,NA,NA,NA,NA,NA,NA,NA,NA,NA,NA,NA,NA,NA,NA,NA,NA,NA,NA,NA,NA,NA,NA,0,1,1,0,0,0
00-0039379,Jamari Thrash,WR,2024,23.701574264202602,0,72,188,4.46,34,120,7.16,NA,95.02730441980512,25.494598765432098,-1.3322994020479593,5,156,-5.056245805348308,NA,NA,NA,NA,NA,NA,NA,NA,NA,NA,NA,NA,NA,NA,NA,NA,NA,NA,NA,NA,NA,NA,NA,NA,NA,NA,NA,NA,NA,NA,NA,NA,NA,0,0,1,6,3.7,0.6166666666666667
00-0016472,Cedric Tillman,WR,2023,53.111567419575636,0,75,213,4.54,37,128,NA,NA,100.27350314491093,26.620266666666666,0.3458061241776654,3,74,-4.31748811353631,NA,NA,NA,NA,NA,NA,NA,NA,NA,NA,NA,NA,NA,NA,NA,NA,NA,NA,NA,NA,NA,NA,NA,NA,NA,NA,NA,NA,NA,NA,NA,NA,NA,0,0,1,0,0,0
00-0038979,Cedric Tillman,WR,2023,23.367556468172484,0,75,213,4.54,37,128,NA,NA,100.27350314491093,26.620266666666666,0.3458061241776654,3,74,-4.31748811353631,NA,NA,NA,NA,NA,NA,NA,NA,NA,NA,NA,NA,NA,NA,NA,NA,NA,NA,NA,NA,NA,NA,NA,NA,NA,NA,NA,NA,NA,NA,NA,NA,NA,0,0,1,11,33.7,3.063636363636364
00-0030443,Levine Toilolo,TE,2013,22.091718001368925,0,80,260,4.86,31,113,7.09,4.57,93.20908970075433,28.559375,-0.6082915914373164,4,133,-4.897839799950911,NA,NA,NA,NA,NA,NA,NA,NA,NA,NA,NA,NA,NA,NA,NA,NA,NA,NA,NA,NA,NA,NA,NA,NA,NA,NA,NA,NA,NA,NA,NA,NA,NA,0,0,1,10,23,2.3
00-0037666,Jalen Tolbert,WR,2022,23.509924709103355,0,73,194,4.49,36,123,7.08,NA,95.46548023113958,25.59241884030775,-0.17109292081106237,3,88,-4.48863636973214,NA,NA,NA,NA,NA,NA,NA,NA,NA,NA,NA,NA,NA,NA,NA,NA,NA,NA,NA,NA,NA,NA,NA,NA,NA,NA,NA,NA,NA,NA,NA,NA,NA,0,0,1,3,2.2,0.7333333333333334
00-0036913,Kadarius Toney,WR,2021,22.595482546201232,0,71,193,4.39,39.5,136,6.88,4.25,103.92719928057679,26.915096211069233,0.7444237408197043,1,20,-3.044522437723423,NA,NA,NA,NA,NA,NA,NA,NA,NA,NA,NA,NA,NA,NA,NA,NA,NA,NA,NA,NA,NA,NA,NA,NA,NA,NA,NA,NA,NA,NA,NA,NA,NA,0,0,1,9,62.86,6.984444444444445
00-0037098,Samori Toure,WR,2022,24.44079397672827,0,NA,NA,NA,NA,NA,NA,NA,NA,NA,NA,7,258,-5.556828061699537,NA,NA,NA,NA,NA,NA,NA,NA,NA,NA,NA,NA,NA,NA,NA,NA,NA,NA,NA,NA,NA,NA,NA,NA,NA,NA,NA,NA,NA,NA,NA,NA,NA,0,1,1,4,16.700000000000003,4.175000000000001
00-0039384,Tyrone Tracy Jr.,RB,2024,24.774811772758383,0,71,209,4.48,40,124,6.81,4.06,103.76818623953882,29.146399523903987,0.6332689483769642,5,166,-5.117993812416755,NA,NA,NA,NA,NA,NA,NA,NA,NA,NA,NA,NA,NA,NA,NA,NA,NA,NA,NA,NA,NA,NA,NA,NA,NA,NA,NA,NA,NA,NA,NA,NA,NA,0,0,1,17,163.3,9.605882352941178
00-0036928,Kyle Trask,QB,2021,23.49075975359343,0,77,236,5.1,31.5,113,7.08,4.6,69.76880657352237,27.982459099342215,-0.7785559309883129,2,64,-4.174387269895637,NA,NA,NA,NA,NA,NA,NA,NA,NA,NA,NA,NA,NA,NA,NA,NA,NA,NA,NA,NA,NA,NA,NA,NA,NA,NA,NA,NA,NA,NA,NA,NA,NA,0,0,1,0,0,0
00-0036422,Adam Trautman,TE,2020,23.57015742642026,0,77,255,4.8,34.5,114,6.78,4.27,96.07385706018519,30.235284196323157,0.347297195793061,3,105,-4.663439094112067,NA,NA,NA,NA,NA,NA,NA,NA,NA,NA,NA,NA,NA,NA,NA,NA,NA,NA,NA,NA,NA,NA,NA,NA,NA,NA,NA,NA,NA,NA,NA,NA,NA,0,0,1,10,30.6,3.06
00-0039797,Jordan Travis,QB,2024,24.334017796030118,0,73,200,NA,NA,NA,NA,NA,NA,26.383936948770877,NA,5,171,-5.147494476813453,NA,NA,NA,NA,NA,NA,NA,NA,NA,NA,NA,NA,NA,NA,NA,NA,NA,NA,NA,NA,NA,NA,NA,NA,NA,NA,NA,NA,NA,NA,NA,NA,NA,0,1,1,0,0,0
00-0032951,Laquon Treadwell,WR,2016,21.218343600273784,1,74,221,4.52,33,117,NA,NA,105.89331157589241,28.37162162162162,-0.20127146570802032,1,23,-3.1780538303479458,NA,NA,NA,NA,NA,NA,NA,NA,NA,NA,NA,NA,NA,NA,NA,NA,NA,NA,NA,NA,NA,NA,NA,NA,NA,NA,NA,NA,NA,NA,NA,NA,NA,0,0,1,4,2,0.5
00-0037005,Tommy Tremble,TE,2021,21.248459958932237,1,75,241,4.6,36.5,122,NA,NA,107.65041577181331,30.119644444444443,0.4585301361779447,3,83,-4.430816798843313,NA,NA,NA,NA,NA,NA,NA,NA,NA,NA,NA,NA,NA,NA,NA,NA,NA,NA,NA,NA,NA,NA,NA,NA,NA,NA,NA,NA,NA,NA,NA,NA,NA,0,0,1,15,41.1,2.74
00-0033869,Mitchell Trubisky,QB,2017,23.033538672142367,0,74,222,4.67,27.5,116,6.87,4.25,93.35024193638235,28.5,0.024635798794956542,1,2,-1.0986122886681096,NA,NA,NA,NA,NA,NA,NA,NA,NA,NA,NA,NA,NA,NA,NA,NA,NA,NA,NA,NA,NA,NA,NA,NA,NA,NA,NA,NA,NA,NA,NA,NA,NA,0,0,1,12,136.51999999999998,11.376666666666665
00-0038563,Tre Tucker,WR,2023,22.483230663928815,0,69,182,4.4,37.5,124,NA,NA,97.11597568472095,26.87376601554295,-0.0053959811240843385,3,100,-4.61512051684126,NA,NA,NA,NA,NA,NA,NA,NA,NA,NA,NA,NA,NA,NA,NA,NA,NA,NA,NA,NA,NA,NA,NA,NA,NA,NA,NA,NA,NA,NA,NA,NA,NA,0,0,1,13,62.3,4.792307692307692
00-0038582,Clayton Tune,QB,2023,24.4435318275154,0,75,220,4.64,37.5,122,6.89,4.25,94.9250324482066,27.49511111111111,0.6756905852757387,5,139,-4.941642422609304,NA,NA,NA,NA,NA,NA,NA,NA,NA,NA,NA,NA,NA,NA,NA,NA,NA,NA,NA,NA,NA,NA,NA,NA,NA,NA,NA,NA,NA,NA,NA,NA,NA,0,0,1,6,7.48,1.2466666666666668
00-0037078,Cole Turner,TE,2022,22.46132785763176,0,78,246,4.76,27,120,7.06,4.41,95.83790066120535,28.425049309664693,-0.6987045048661314,5,149,-5.0106352940962555,NA,NA,NA,NA,NA,NA,NA,NA,NA,NA,NA,NA,NA,NA,NA,NA,NA,NA,NA,NA,NA,NA,NA,NA,NA,NA,NA,NA,NA,NA,NA,NA,NA,0,0,1,7,3.3000000000000003,0.4714285714285715
00-0040719,Bhayshul Tuten,RB,2025,23.54551676933607,0,69,206,4.32,40.5,130,NA,4.41,118.29386693442919,30.417559336273893,1.1898243841812466,4,104,-4.653960350157523,NA,NA,NA,NA,NA,NA,NA,NA,NA,NA,NA,NA,NA,NA,NA,NA,NA,NA,NA,NA,NA,NA,NA,NA,NA,NA,NA,NA,NA,NA,NA,NA,NA,0,0,1,15,83.60000000000001,5.573333333333334
00-0035597,John Ursua,WR,2019,25.620807665982205,0,NA,NA,NA,NA,NA,NA,NA,NA,NA,NA,7,236,-5.4680601411351315,NA,NA,NA,NA,NA,NA,NA,NA,NA,NA,NA,NA,NA,NA,NA,NA,NA,NA,NA,NA,NA,NA,NA,NA,NA,NA,NA,NA,NA,NA,NA,NA,NA,0,1,1,1,1.6,1.6
00-0032134,C.J. Uzomah,TE,2015,22.628336755646817,0,NA,NA,NA,NA,NA,NA,NA,NA,NA,NA,5,157,-5.062595033026967,NA,NA,NA,NA,NA,NA,NA,NA,NA,NA,NA,NA,NA,NA,NA,NA,NA,NA,NA,NA,NA,NA,NA,NA,NA,NA,NA,NA,NA,NA,NA,NA,NA,0,1,1,3,0.9,0.3
00-0039364,Sione Vaki,RB,2024,23.091033538672143,0,NA,NA,NA,NA,NA,NA,NA,NA,NA,NA,4,132,-4.890349128221754,NA,NA,NA,NA,NA,NA,NA,NA,NA,NA,NA,NA,NA,NA,NA,NA,NA,NA,NA,NA,NA,NA,NA,NA,NA,NA,NA,NA,NA,NA,NA,NA,NA,0,1,1,9,6.6000000000000005,0.7333333333333334
00-0034272,Marquez Valdes-Scantling,WR,2018,23.89322381930185,0,76,206,4.37,30.5,124,NA,NA,112.97216928983512,25.07236842105263,0.2758358796721221,5,174,-5.1647859739235145,NA,NA,NA,NA,NA,NA,NA,NA,NA,NA,NA,NA,NA,NA,NA,NA,NA,NA,NA,NA,NA,NA,NA,NA,NA,NA,NA,NA,NA,NA,NA,NA,NA,0,0,1,16,92,5.75
00-0032394,Nick Vannett,TE,2016,23.49075975359343,0,78,257,4.76,30.5,111,7.05,4.2,100.12333524361698,29.696088099934254,-0.24569020731449379,3,94,-4.553876891600541,NA,NA,NA,NA,NA,NA,NA,NA,NA,NA,NA,NA,NA,NA,NA,NA,NA,NA,NA,NA,NA,NA,NA,NA,NA,NA,NA,NA,NA,NA,NA,NA,NA,0,0,1,3,4.7,1.5666666666666667
00-0038622,Deuce Vaughn,RB,2023,21.828884325804243,0,65,179,NA,35.5,116,NA,NA,NA,29.783905325443786,-0.8678489315705603,6,212,-5.3612921657094255,NA,NA,NA,NA,NA,NA,NA,NA,NA,NA,NA,NA,NA,NA,NA,NA,NA,NA,NA,NA,NA,NA,NA,NA,NA,NA,NA,NA,NA,NA,NA,NA,NA,0,0,1,6,11.5,1.9166666666666667
00-0036450,Ke'Shawn Vaughn,RB,2020,23.329226557152634,0,70,214,4.51,32,117,NA,NA,103.45169279930268,30.702448979591836,-0.7393535360238315,3,76,-4.343805421853684,NA,NA,NA,NA,NA,NA,NA,NA,NA,NA,NA,NA,NA,NA,NA,NA,NA,NA,NA,NA,NA,NA,NA,NA,NA,NA,NA,NA,NA,NA,NA,NA,NA,0,0,1,6,22.8,3.8000000000000003
00-0039424,Devaughn Vele,WR,2024,26.72142368240931,0,76,203,4.47,36,126,NA,NA,101.6941430656546,24.707236842105264,-0.2924061016590048,7,235,-5.4638318050256105,NA,NA,NA,NA,NA,NA,NA,NA,NA,NA,NA,NA,NA,NA,NA,NA,NA,NA,NA,NA,NA,NA,NA,NA,NA,NA,NA,NA,NA,NA,NA,NA,NA,0,0,1,13,86,6.615384615384615
00-0039391,Kimani Vidal,RB,2024,23.01163586584531,0,68,213,4.46,37.5,120,7.01,4.15,107.66391405009836,32.38300173010381,-0.3620880785313351,6,181,-5.204006687076795,NA,NA,NA,NA,NA,NA,NA,NA,NA,NA,NA,NA,NA,NA,NA,NA,NA,NA,NA,NA,NA,NA,NA,NA,NA,NA,NA,NA,NA,NA,NA,NA,NA,0,0,1,9,30.2,3.3555555555555556
00-0032794,Danny Vitale,RB,2016,22.850102669404517,0,73,239,4.6,38.5,123,7.12,4.12,106.7570513255742,31.528804653781197,0.6177726650224478,6,197,-5.288267030694535,NA,NA,NA,NA,NA,NA,NA,NA,NA,NA,NA,NA,NA,NA,NA,NA,NA,NA,NA,NA,NA,NA,NA,NA,NA,NA,NA,NA,NA,NA,NA,NA,NA,0,0,1,5,4.7,0.9400000000000001
00-0036613,Jaylen Waddle,WR,2021,22.767967145790553,0,NA,NA,NA,NA,NA,NA,NA,NA,NA,NA,1,6,-1.9459101490553132,NA,NA,NA,NA,NA,NA,NA,NA,NA,NA,NA,NA,NA,NA,NA,NA,NA,NA,NA,NA,NA,NA,NA,NA,NA,NA,NA,NA,NA,NA,NA,NA,NA,0,1,1,16,195.8,12.2375
00-0032256,Clive Walford,TE,2015,23.917864476386036,0,76,251,4.79,35,120,7.32,4.57,95.35899459349304,30.549342105263158,-0.148357274016924,3,68,-4.23410650459726,NA,NA,NA,NA,NA,NA,NA,NA,NA,NA,NA,NA,NA,NA,NA,NA,NA,NA,NA,NA,NA,NA,NA,NA,NA,NA,NA,NA,NA,NA,NA,NA,NA,0,0,1,15,64.9,4.326666666666667
00-0039792,Devontez Walker,WR,2024,23.20328542094456,0,74,193,4.36,40.5,134,NA,NA,106.81723885592415,24.777027027027028,1.109353238442274,4,113,-4.736198448394496,NA,NA,NA,NA,NA,NA,NA,NA,NA,NA,NA,NA,NA,NA,NA,NA,NA,NA,NA,NA,NA,NA,NA,NA,NA,NA,NA,NA,NA,NA,NA,NA,NA,0,0,1,3,8.6,2.8666666666666667
00-0038134,Kenneth Walker III,RB,2022,21.864476386036962,0,69,211,4.38,34,122,NA,NA,114.66107494144349,31.15584961142617,0.5351000725789741,2,41,-3.7376696182833684,NA,NA,NA,NA,NA,NA,NA,NA,NA,NA,NA,NA,NA,NA,NA,NA,NA,NA,NA,NA,NA,NA,NA,NA,NA,NA,NA,NA,NA,NA,NA,NA,NA,0,0,1,15,189,12.6
00-0036630,Tylan Wallace,WR,2021,22.305270362765228,0,71,194,4.48,33,112,6.97,4.25,96.32070875823221,27.054552668121403,-0.8220695315084555,4,131,-4.882801922586371,NA,NA,NA,NA,NA,NA,NA,NA,NA,NA,NA,NA,NA,NA,NA,NA,NA,NA,NA,NA,NA,NA,NA,NA,NA,NA,NA,NA,NA,NA,NA,NA,NA,0,0,1,10,3.3000000000000003,0.33
00-0031610,Darren Waller,TE,2015,22.965092402464066,0,78,238,4.46,37,125,7.07,4.25,120.30052368039159,27.500657462195925,1.3112623455949257,6,204,-5.3230099791384085,NA,NA,NA,NA,NA,NA,NA,NA,NA,NA,NA,NA,NA,NA,NA,NA,NA,NA,NA,NA,NA,NA,NA,NA,NA,NA,NA,NA,NA,NA,NA,NA,NA,0,0,1,4,2.8,0.7
00-0034679,Mark Walton,RB,2018,21.426420260095824,1,70,202,4.6,31.5,118,NA,NA,90.22980907015058,28.98081632653061,-1.2813581129056457,4,112,-4.727387818712341,NA,NA,NA,NA,NA,NA,NA,NA,NA,NA,NA,NA,NA,NA,NA,NA,NA,NA,NA,NA,NA,NA,NA,NA,NA,NA,NA,NA,NA,NA,NA,NA,NA,0,0,1,10,10,1
00-0040676,Cam Ward,QB,2025,23.27173169062286,0,74,219,NA,NA,NA,NA,NA,NA,28.114864864864863,NA,1,1,-0.6931471805599453,NA,NA,NA,NA,NA,NA,NA,NA,NA,NA,NA,NA,NA,NA,NA,NA,NA,NA,NA,NA,NA,NA,NA,NA,NA,NA,NA,NA,NA,NA,NA,NA,NA,0,1,1,17,200.66,11.803529411764705
00-0030414,Spencer Ware,RB,2013,21.7741273100616,0,70,228,4.62,NA,NA,NA,NA,100.0914406955153,32.711020408163265,0.28462195440524235,6,194,-5.272999558563747,NA,NA,NA,NA,NA,NA,NA,NA,NA,NA,NA,NA,NA,NA,NA,NA,NA,NA,NA,NA,NA,NA,NA,NA,NA,NA,NA,NA,NA,NA,NA,NA,NA,0,0,1,1,1,1
00-0040128,Tyler Warren,TE,2025,23.274469541409992,0,78,256,NA,NA,NA,NA,NA,NA,29.580539119000658,NA,1,14,-2.70805020110221,NA,NA,NA,NA,NA,NA,NA,NA,NA,NA,NA,NA,NA,NA,NA,NA,NA,NA,NA,NA,NA,NA,NA,NA,NA,NA,NA,NA,NA,NA,NA,NA,NA,0,1,1,17,150.5,8.852941176470589
00-0035660,Kahale Warring,TE,2019,22.442162902121833,0,77,252,4.67,36.5,122,7.21,4.25,105.96513949535293,29.87957497048406,0.5148092576743167,3,86,-4.465908118654584,NA,NA,NA,NA,NA,NA,NA,NA,NA,NA,NA,NA,NA,NA,NA,NA,NA,NA,NA,NA,NA,NA,NA,NA,NA,NA,NA,NA,NA,NA,NA,NA,NA,0,0,1,0,0,0
00-0039394,Casey Washington,WR,2024,23.49075975359343,0,NA,NA,NA,NA,NA,NA,NA,NA,NA,NA,6,187,-5.236441962829949,NA,NA,NA,NA,NA,NA,NA,NA,NA,NA,NA,NA,NA,NA,NA,NA,NA,NA,NA,NA,NA,NA,NA,NA,NA,NA,NA,NA,NA,NA,NA,NA,NA,0,1,1,2,1.9000000000000001,0.9500000000000001
00-0038606,Parker Washington,WR,2023,21.44832306639288,1,70,204,NA,NA,NA,NA,NA,NA,29.267755102040816,NA,6,185,-5.225746673713202,NA,NA,NA,NA,NA,NA,NA,NA,NA,NA,NA,NA,NA,NA,NA,NA,NA,NA,NA,NA,NA,NA,NA,NA,NA,NA,NA,NA,NA,NA,NA,NA,NA,0,1,1,8,33.2,4.15
00-0038558,Darnell Washington,TE,2023,22.039698836413415,0,79,264,4.64,31,122,NA,4.08,113.91003893784792,29.73754206056722,0.13688527112121027,3,93,-4.543294782270004,NA,NA,NA,NA,NA,NA,NA,NA,NA,NA,NA,NA,NA,NA,NA,NA,NA,NA,NA,NA,NA,NA,NA,NA,NA,NA,NA,NA,NA,NA,NA,NA,NA,0,0,1,8,9.600000000000001,1.2000000000000002
00-0032940,DeAndre Washington,RB,2016,23.523613963039015,0,68,204,4.49,34.5,116,7.03,4.2,100.38638127398183,31.014705882352942,-0.0722457706470244,5,143,-4.969813299576001,NA,NA,NA,NA,NA,NA,NA,NA,NA,NA,NA,NA,NA,NA,NA,NA,NA,NA,NA,NA,NA,NA,NA,NA,NA,NA,NA,NA,NA,NA,NA,NA,NA,0,0,1,13,76.7,5.9
00-0032450,Dwayne Washington,RB,2016,22.357289527720738,0,NA,NA,NA,NA,NA,NA,NA,NA,NA,NA,7,236,-5.4680601411351315,NA,NA,NA,NA,NA,NA,NA,NA,NA,NA,NA,NA,NA,NA,NA,NA,NA,NA,NA,NA,NA,NA,NA,NA,NA,NA,NA,NA,NA,NA,NA,NA,NA,0,1,1,11,43.7,3.972727272727273
00-0034676,James Washington,WR,2018,22.414784394250514,0,71,213,4.54,34.5,120,7.11,4.32,100.27350314491093,29.704225352112676,-0.3681245759549522,2,60,-4.110873864173311,NA,NA,NA,NA,NA,NA,NA,NA,NA,NA,NA,NA,NA,NA,NA,NA,NA,NA,NA,NA,NA,NA,NA,NA,NA,NA,NA,NA,NA,NA,NA,NA,NA,0,0,1,12,35.7,2.975
00-0039880,Malik Washington,WR,2024,23.865845311430526,0,69,191,4.47,42.5,126,NA,NA,95.68266662827601,28.202688510817055,0.3508783968979207,6,184,-5.220355825078325,NA,NA,NA,NA,NA,NA,NA,NA,NA,NA,NA,NA,NA,NA,NA,NA,NA,NA,NA,NA,NA,NA,NA,NA,NA,NA,NA,NA,NA,NA,NA,NA,NA,0,0,1,14,43.8,3.1285714285714286
00-0037272,Montrell Washington,WR,2022,23.468856947296374,0,NA,NA,NA,NA,NA,NA,NA,NA,NA,NA,5,162,-5.093750200806762,NA,NA,NA,NA,NA,NA,NA,NA,NA,NA,NA,NA,NA,NA,NA,NA,NA,NA,NA,NA,NA,NA,NA,NA,NA,NA,NA,NA,NA,NA,NA,NA,NA,0,1,1,15,5.2,0.3466666666666667
00-0039884,Tahj Washington,WR,2024,23.29637234770705,0,70,174,NA,35,122,NA,NA,NA,24.963673469387754,-1.0222909472682487,7,241,-5.488937726156687,NA,NA,NA,NA,NA,NA,NA,NA,NA,NA,NA,NA,NA,NA,NA,NA,NA,NA,NA,NA,NA,NA,NA,NA,NA,NA,NA,NA,NA,NA,NA,NA,NA,0,0,1,0,0,0
00-0040172,Jordan Watkins,WR,2025,23.54277891854894,0,71,196,4.37,36.5,119,NA,NA,107.48808340197904,27.33346558222575,-0.4331880396792447,4,138,-4.9344739331306915,NA,NA,NA,NA,NA,NA,NA,NA,NA,NA,NA,NA,NA,NA,NA,NA,NA,NA,NA,NA,NA,NA,NA,NA,NA,NA,NA,NA,NA,NA,NA,NA,NA,0,0,1,2,3.6,1.8
00-0031325,Sammy Watkins,WR,2014,21.215605749486652,1,73,211,4.43,34,126,6.95,4.34,109.57148461547366,27.835053480953274,-0.07583801557371396,1,4,-1.6094379124341003,NA,NA,NA,NA,NA,NA,NA,NA,NA,NA,NA,NA,NA,NA,NA,NA,NA,NA,NA,NA,NA,NA,NA,NA,NA,NA,NA,NA,NA,NA,NA,NA,NA,0,0,1,16,167.5,10.46875
00-0036271,Quez Watkins,WR,2020,22.23134839151266,0,72,185,4.35,36.5,125,7.28,4.36,103.33434625429842,25.087770061728396,-0.18218986726802266,6,200,-5.303304908059076,NA,NA,NA,NA,NA,NA,NA,NA,NA,NA,NA,NA,NA,NA,NA,NA,NA,NA,NA,NA,NA,NA,NA,NA,NA,NA,NA,NA,NA,NA,NA,NA,NA,0,0,1,4,20.1,5.025
00-0038124,Christian Watson,WR,2022,23.307323750855577,0,76,208,4.36,38.5,136,NA,NA,115.11909679809442,25.31578947368421,1.7804006821440141,2,34,-3.5553480614894135,NA,NA,NA,NA,NA,NA,NA,NA,NA,NA,NA,NA,NA,NA,NA,NA,NA,NA,NA,NA,NA,NA,NA,NA,NA,NA,NA,NA,NA,NA,NA,NA,NA,0,0,1,14,143.6,10.257142857142856
00-0033537,Deshaun Watson,QB,2017,21.965776865160848,0,74,221,4.66,32.5,119,6.95,4.31,93.72999688415025,28.37162162162162,0.5448351726154179,1,12,-2.5649493574615367,NA,NA,NA,NA,NA,NA,NA,NA,NA,NA,NA,NA,NA,NA,NA,NA,NA,NA,NA,NA,NA,NA,NA,NA,NA,NA,NA,NA,NA,NA,NA,NA,NA,0,0,1,7,166.86,23.837142857142858
00-0034386,Justin Watson,WR,2018,22.409308692676248,0,NA,NA,NA,NA,NA,NA,NA,NA,NA,NA,5,144,-4.976733742420574,NA,NA,NA,NA,NA,NA,NA,NA,NA,NA,NA,NA,NA,NA,NA,NA,NA,NA,NA,NA,NA,NA,NA,NA,NA,NA,NA,NA,NA,NA,NA,NA,NA,0,1,1,7,1,0.14285714285714285
00-0032897,Derek Watt,RB,2016,23.81656399726215,0,NA,NA,NA,NA,NA,NA,NA,NA,NA,NA,6,198,-5.293304824724492,NA,NA,NA,NA,NA,NA,NA,NA,NA,NA,NA,NA,NA,NA,NA,NA,NA,NA,NA,NA,NA,NA,NA,NA,NA,NA,NA,NA,NA,NA,NA,NA,NA,0,1,1,9,10.700000000000001,1.188888888888889
00-0033550,Davis Webb,QB,2017,22.60917180013689,0,77,229,4.79,33,118,6.92,4.21,87.00083570482033,27.15247090571766,0.43176420970592205,3,87,-4.477336814478207,NA,NA,NA,NA,NA,NA,NA,NA,NA,NA,NA,NA,NA,NA,NA,NA,NA,NA,NA,NA,NA,NA,NA,NA,NA,NA,NA,NA,NA,NA,NA,NA,NA,0,0,1,0,0,0
00-0035303,Mike Weber,RB,2019,22.012320328542096,0,70,211,4.47,33.5,NA,NA,NA,105.701794023907,30.27204081632653,0.41756527566235185,7,218,-5.389071729816501,NA,NA,NA,NA,NA,NA,NA,NA,NA,NA,NA,NA,NA,NA,NA,NA,NA,NA,NA,NA,NA,NA,NA,NA,NA,NA,NA,NA,NA,NA,NA,NA,NA,0,0,1,0,0,0
00-0030998,Keith Wenning,QB,2014,23.54551676933607,0,75,218,5,28,100,7.07,4.25,69.76,27.245155555555556,-0.5322407321959812,6,194,-5.272999558563747,NA,NA,NA,NA,NA,NA,NA,NA,NA,NA,NA,NA,NA,NA,NA,NA,NA,NA,NA,NA,NA,NA,NA,NA,NA,NA,NA,NA,NA,NA,NA,NA,NA,0,0,1,0,0,0
00-0032950,Carson Wentz,QB,2016,23.67145790554415,0,77,237,4.77,30.5,118,6.86,4.15,91.55979792710183,28.10102884128858,0.8526364995504807,1,2,-1.0986122886681096,NA,NA,NA,NA,NA,NA,NA,NA,NA,NA,NA,NA,NA,NA,NA,NA,NA,NA,NA,NA,NA,NA,NA,NA,NA,NA,NA,NA,NA,NA,NA,NA,NA,0,0,1,16,213.48,13.3425
00-0035259,Trevon Wesco,TE,2019,23.969883641341546,0,75,267,4.89,31,117,7.18,4.38,93.39117091991041,33.36906666666667,-0.4290737985299668,4,121,-4.804021044733257,NA,NA,NA,NA,NA,NA,NA,NA,NA,NA,NA,NA,NA,NA,NA,NA,NA,NA,NA,NA,NA,NA,NA,NA,NA,NA,NA,NA,NA,NA,NA,NA,NA,0,0,1,6,5.9,0.9833333333333334
00-0031375,Terrance West,RB,2014,23.592060232717316,0,69,225,4.56,33.5,120,NA,NA,104.0766112564787,33.22306238185255,-0.07648199282958162,3,94,-4.553876891600541,NA,NA,NA,NA,NA,NA,NA,NA,NA,NA,NA,NA,NA,NA,NA,NA,NA,NA,NA,NA,NA,NA,NA,NA,NA,NA,NA,NA,NA,NA,NA,NA,NA,0,0,1,14,107.2,7.6571428571428575
00-0033839,Dede Westbrook,WR,2017,23.7782340862423,0,72,178,NA,NA,NA,NA,NA,NA,24.138503086419753,NA,4,110,-4.709530201312334,NA,NA,NA,NA,NA,NA,NA,NA,NA,NA,NA,NA,NA,NA,NA,NA,NA,NA,NA,NA,NA,NA,NA,NA,NA,NA,NA,NA,NA,NA,NA,NA,NA,0,1,1,7,53.4,7.628571428571428
00-0040075,LaJohntay Wester,WR,2025,23.42778918548939,0,70,163,4.46,32,121,NA,NA,82.39069478951188,23.385510204081633,-1.6286116791773122,6,203,-5.318119993844216,NA,NA,NA,NA,NA,NA,NA,NA,NA,NA,NA,NA,NA,NA,NA,NA,NA,NA,NA,NA,NA,NA,NA,NA,NA,NA,NA,NA,NA,NA,NA,NA,NA,0,0,1,14,0,0
00-0030460,Markus Wheaton,WR,2013,22.56536618754278,0,71,189,4.45,37,120,6.8,4.02,96.39438922814375,26.357270382860545,0.6310733004576413,3,79,-4.382026634673881,NA,NA,NA,NA,NA,NA,NA,NA,NA,NA,NA,NA,NA,NA,NA,NA,NA,NA,NA,NA,NA,NA,NA,NA,NA,NA,NA,NA,NA,NA,NA,NA,NA,0,0,1,9,9.4,1.0444444444444445
00-0031062,James White,RB,2014,22.576317590691307,0,69,204,4.57,32,114,7.05,4.2,93.53956863848396,30.12224322621298,-0.6709398453743822,4,130,-4.875197323201151,NA,NA,NA,NA,NA,NA,NA,NA,NA,NA,NA,NA,NA,NA,NA,NA,NA,NA,NA,NA,NA,NA,NA,NA,NA,NA,NA,NA,NA,NA,NA,NA,NA,0,0,1,3,8.600000000000001,2.866666666666667
00-0031545,Kevin White,WR,2015,23.184120465434635,0,75,215,4.35,36.5,123,6.92,4.14,120.09126726850899,26.87022222222222,0.4010481847515167,1,7,-2.0794415416798357,NA,NA,NA,NA,NA,NA,NA,NA,NA,NA,NA,NA,NA,NA,NA,NA,NA,NA,NA,NA,NA,NA,NA,NA,NA,NA,NA,NA,NA,NA,NA,NA,NA,0,0,1,0,0,0
00-0034401,Mike White,QB,2018,23.43874058863792,0,77,224,5.09,27,96,7.4,4.4,66.7431784233646,26.55962219598583,-1.5468416554608042,5,171,-5.147494476813453,NA,NA,NA,NA,NA,NA,NA,NA,NA,NA,NA,NA,NA,NA,NA,NA,NA,NA,NA,NA,NA,NA,NA,NA,NA,NA,NA,NA,NA,NA,NA,NA,NA,0,0,1,0,0,0
00-0037256,Rachaad White,RB,2022,23.63586584531143,0,72,214,4.48,38,125,NA,NA,106.2506787333077,29.020447530864196,0.922043433629766,3,91,-4.5217885770490405,NA,NA,NA,NA,NA,NA,NA,NA,NA,NA,NA,NA,NA,NA,NA,NA,NA,NA,NA,NA,NA,NA,NA,NA,NA,NA,NA,NA,NA,NA,NA,NA,NA,0,0,1,17,118.1,6.947058823529411
00-0040653,Ricky White III,WR,2025,23.567419575633128,0,73,184,4.61,36,123,NA,NA,81.47870486647932,24.273221992869207,-0.9444431598531933,7,238,-5.476463551931511,NA,NA,NA,NA,NA,NA,NA,NA,NA,NA,NA,NA,NA,NA,NA,NA,NA,NA,NA,NA,NA,NA,NA,NA,NA,NA,NA,NA,NA,NA,NA,NA,NA,0,0,1,0,0,0
00-0038040,Zamir White,RB,2022,22.954140999315538,0,72,214,4.4,33.5,128,NA,NA,114.19131206884771,29.020447530864196,0.9859839538351776,4,122,-4.812184355372417,NA,NA,NA,NA,NA,NA,NA,NA,NA,NA,NA,NA,NA,NA,NA,NA,NA,NA,NA,NA,NA,NA,NA,NA,NA,NA,NA,NA,NA,NA,NA,NA,NA,0,0,1,11,7,0.6363636363636364
00-0039751,Jordan Whittington,WR,2024,23.917864476386036,0,73,205,NA,NA,NA,NA,NA,NA,27.043535372490147,NA,6,213,-5.365976015021851,NA,NA,NA,NA,NA,NA,NA,NA,NA,NA,NA,NA,NA,NA,NA,NA,NA,NA,NA,NA,NA,NA,NA,NA,NA,NA,NA,NA,NA,NA,NA,NA,NA,0,1,1,14,41.5,2.9642857142857144
00-0038589,Josh Whyle,TE,2023,23.980835044490075,0,79,248,4.69,33.5,115,NA,NA,102.51568209046113,27.935266784169205,-0.951898579930235,5,147,-4.997212273764115,NA,NA,NA,NA,NA,NA,NA,NA,NA,NA,NA,NA,NA,NA,NA,NA,NA,NA,NA,NA,NA,NA,NA,NA,NA,NA,NA,NA,NA,NA,NA,NA,NA,0,0,1,9,19.9,2.211111111111111
00-0035596,Kerrith Whyte,RB,2019,22.833675564681723,0,NA,NA,NA,NA,NA,NA,NA,NA,NA,NA,7,222,-5.407171771460119,NA,NA,NA,NA,NA,NA,NA,NA,NA,NA,NA,NA,NA,NA,NA,NA,NA,NA,NA,NA,NA,NA,NA,NA,NA,NA,NA,NA,NA,NA,NA,NA,NA,0,1,1,6,13.600000000000001,2.266666666666667
00-0038393,Dontayvion Wicks,WR,2023,22.209445585215605,0,73,206,4.62,39,130,NA,NA,90.4334946634919,27.175455057234004,0.2672086749536809,5,159,-5.075173815233827,NA,NA,NA,NA,NA,NA,NA,NA,NA,NA,NA,NA,NA,NA,NA,NA,NA,NA,NA,NA,NA,NA,NA,NA,NA,NA,NA,NA,NA,NA,NA,NA,NA,0,0,1,15,102.26,6.817333333333334
00-0039824,Jared Wiley,TE,2024,23.83025325119781,0,78,249,4.62,37,118,7.19,NA,109.31038918062856,28.771696252465482,-0.24326392981281558,4,131,-4.882801922586371,NA,NA,NA,NA,NA,NA,NA,NA,NA,NA,NA,NA,NA,NA,NA,NA,NA,NA,NA,NA,NA,NA,NA,NA,NA,NA,NA,NA,NA,NA,NA,NA,NA,0,0,1,1,1.2000000000000002,1.2000000000000002
00-0034400,Jordan Wilkins,RB,2018,24.123203285420946,0,73,216,NA,36,117,NA,4.27,NA,28.494651904672548,-0.4116604624576385,5,169,-5.135798437050262,NA,NA,NA,NA,NA,NA,NA,NA,NA,NA,NA,NA,NA,NA,NA,NA,NA,NA,NA,NA,NA,NA,NA,NA,NA,NA,NA,NA,NA,NA,NA,NA,NA,0,0,1,13,56.1,4.315384615384615
00-0031055,Andre Williams,RB,2014,22.00958247775496,0,71,230,4.56,38,129,7.27,4.06,106.38942483995599,32.0749851219996,0.4430514276824551,4,113,-4.736198448394496,NA,NA,NA,NA,NA,NA,NA,NA,NA,NA,NA,NA,NA,NA,NA,NA,NA,NA,NA,NA,NA,NA,NA,NA,NA,NA,NA,NA,NA,NA,NA,NA,NA,0,0,1,16,136.10000000000002,8.506250000000001
00-0036950,Avery Williams,RB,2021,23.132101300479125,0,NA,NA,NA,NA,NA,NA,NA,NA,NA,NA,5,183,-5.214935757608986,NA,NA,NA,NA,NA,NA,NA,NA,NA,NA,NA,NA,NA,NA,NA,NA,NA,NA,NA,NA,NA,NA,NA,NA,NA,NA,NA,NA,NA,NA,NA,NA,NA,0,1,1,15,0,0
00-0039918,Caleb Williams,QB,2024,22.78713210130048,0,73,214,NA,NA,NA,NA,NA,NA,28.23081253518484,NA,1,1,-0.6931471805599453,NA,NA,NA,NA,NA,NA,NA,NA,NA,NA,NA,NA,NA,NA,NA,NA,NA,NA,NA,NA,NA,NA,NA,NA,NA,NA,NA,NA,NA,NA,NA,NA,NA,0,1,1,17,254.54000000000002,14.97294117647059
00-0033933,Chad Williams,WR,2017,22.869267624914443,0,NA,NA,NA,NA,NA,NA,NA,NA,NA,NA,3,98,-4.59511985013459,NA,NA,NA,NA,NA,NA,NA,NA,NA,NA,NA,NA,NA,NA,NA,NA,NA,NA,NA,NA,NA,NA,NA,NA,NA,NA,NA,NA,NA,NA,NA,NA,NA,0,1,1,6,7.9,1.3166666666666667
00-0034427,Dave Williams,RB,2018,24.20807665982204,0,NA,NA,NA,NA,NA,NA,NA,NA,NA,NA,7,226,-5.424950017481403,NA,NA,NA,NA,NA,NA,NA,NA,NA,NA,NA,NA,NA,NA,NA,NA,NA,NA,NA,NA,NA,NA,NA,NA,NA,NA,NA,NA,NA,NA,NA,NA,NA,0,1,1,3,3.6,1.2
00-0034995,Dexter Williams,RB,2019,22.650239561943874,0,71,212,4.57,36,130,7,4.16,97.20778701646373,29.564768895060503,0.7950824498746979,6,194,-5.272999558563747,NA,NA,NA,NA,NA,NA,NA,NA,NA,NA,NA,NA,NA,NA,NA,NA,NA,NA,NA,NA,NA,NA,NA,NA,NA,NA,NA,NA,NA,NA,NA,NA,NA,0,0,1,2,1.1,0.55
00-0033948,Jamaal Williams,RB,2017,22.414784394250514,0,72,212,4.59,30,123,7.25,4.53,95.5245750672744,28.749228395061728,-0.6399885205023963,4,134,-4.90527477843843,NA,NA,NA,NA,NA,NA,NA,NA,NA,NA,NA,NA,NA,NA,NA,NA,NA,NA,NA,NA,NA,NA,NA,NA,NA,NA,NA,NA,NA,NA,NA,NA,NA,0,0,1,15,130.3,8.686666666666667
00-0037240,Jameson Williams,WR,2022,21.43463381245722,1,74,179,NA,NA,NA,NA,NA,NA,22.97972972972973,NA,1,12,-2.5649493574615367,NA,NA,NA,NA,NA,NA,NA,NA,NA,NA,NA,NA,NA,NA,NA,NA,NA,NA,NA,NA,NA,NA,NA,NA,NA,NA,NA,NA,NA,NA,NA,NA,NA,0,1,1,6,14.600000000000001,2.4333333333333336
00-0036997,Javonte Williams,RB,2021,21.352498288843258,1,69,212,4.55,36,123,6.97,4.09,98.92823708641994,31.30350766645663,0.3163991806856376,2,35,-3.58351893845611,NA,NA,NA,NA,NA,NA,NA,NA,NA,NA,NA,NA,NA,NA,NA,NA,NA,NA,NA,NA,NA,NA,NA,NA,NA,NA,NA,NA,NA,NA,NA,NA,NA,0,0,1,17,183.4,10.788235294117648
00-0032975,Jonathan Williams,RB,2016,22.579055441478438,0,71,220,4.56,NA,NA,NA,NA,101.76379767300139,30.68042055147788,-0.2812239937485575,5,156,-5.056245805348308,NA,NA,NA,NA,NA,NA,NA,NA,NA,NA,NA,NA,NA,NA,NA,NA,NA,NA,NA,NA,NA,NA,NA,NA,NA,NA,NA,NA,NA,NA,NA,NA,NA,0,0,1,8,11.9,1.4875
00-0033286,Joe Williams,RB,2017,23.991786447638603,0,71,210,4.41,35,125,7.19,4.19,111.0439578328315,29.28585598095616,0.688746867997365,4,121,-4.804021044733257,NA,NA,NA,NA,NA,NA,NA,NA,NA,NA,NA,NA,NA,NA,NA,NA,NA,NA,NA,NA,NA,NA,NA,NA,NA,NA,NA,NA,NA,NA,NA,NA,NA,0,0,1,0,0,0
00-0032152,Karlos Williams,RB,2015,22.327173169062284,0,73,230,4.48,33.5,117,7.16,4.46,114.19465471336808,30.34152749108651,-0.09049231696381486,5,155,-5.049856007249537,NA,NA,NA,NA,NA,NA,NA,NA,NA,NA,NA,NA,NA,NA,NA,NA,NA,NA,NA,NA,NA,NA,NA,NA,NA,NA,NA,NA,NA,NA,NA,NA,NA,0,0,1,11,120.80000000000001,10.981818181818182
00-0030117,Kerwynn Williams,RB,2013,22.23134839151266,0,68,195,4.48,35,118,7.15,4.15,96.81720725698598,29.646410034602077,-0.08950311415509385,7,230,-5.442417710521793,NA,NA,NA,NA,NA,NA,NA,NA,NA,NA,NA,NA,NA,NA,NA,NA,NA,NA,NA,NA,NA,NA,NA,NA,NA,NA,NA,NA,NA,NA,NA,NA,NA,0,0,1,1,0,0
00-0040131,Kyle Williams,WR,2025,22.80082135523614,0,71,190,4.4,36.5,119,NA,NA,101.38480978075263,26.496726839912714,-0.6122505976623095,3,69,-4.248495242049359,NA,NA,NA,NA,NA,NA,NA,NA,NA,NA,NA,NA,NA,NA,NA,NA,NA,NA,NA,NA,NA,NA,NA,NA,NA,NA,NA,NA,NA,NA,NA,NA,NA,0,0,1,14,44.2,3.1571428571428575
00-0037840,Kyren Williams,RB,2022,22.015058179329227,0,69,194,4.65,32,116,NA,NA,82.98888201637207,28.645662675908422,-1.4405898566759472,5,164,-5.10594547390058,NA,NA,NA,NA,NA,NA,NA,NA,NA,NA,NA,NA,NA,NA,NA,NA,NA,NA,NA,NA,NA,NA,NA,NA,NA,NA,NA,NA,NA,NA,NA,NA,NA,0,0,1,8,26,3.25
00-0033796,Marquez Williams,RB,2017,23.129363449691994,0,NA,NA,NA,NA,NA,NA,NA,NA,NA,NA,7,240,-5.484796933490655,NA,NA,NA,NA,NA,NA,NA,NA,NA,NA,NA,NA,NA,NA,NA,NA,NA,NA,NA,NA,NA,NA,NA,NA,NA,NA,NA,NA,NA,NA,NA,NA,NA,0,1,1,1,0,0
00-0031558,Maxx Williams,TE,2015,21.388090349075977,1,76,249,4.78,34.5,117,7.3,4.37,95.39327439828243,30.30592105263158,-0.06919130484370423,2,55,-4.02535169073515,NA,NA,NA,NA,NA,NA,NA,NA,NA,NA,NA,NA,NA,NA,NA,NA,NA,NA,NA,NA,NA,NA,NA,NA,NA,NA,NA,NA,NA,NA,NA,NA,NA,0,0,1,14,48.8,3.4857142857142853
00-0030110,Michael Williams,TE,2013,22.981519507186857,0,NA,NA,NA,NA,NA,NA,NA,NA,NA,NA,7,211,-5.356586274672012,NA,NA,NA,NA,NA,NA,NA,NA,NA,NA,NA,NA,NA,NA,NA,NA,NA,NA,NA,NA,NA,NA,NA,NA,NA,NA,NA,NA,NA,NA,NA,NA,NA,0,1,1,0,0,0
00-0033536,Mike Williams,WR,2017,22.910335386721425,0,76,218,NA,32.5,121,NA,NA,NA,26.532894736842106,-0.6931979094384466,1,7,-2.0794415416798357,NA,NA,NA,NA,NA,NA,NA,NA,NA,NA,NA,NA,NA,NA,NA,NA,NA,NA,NA,NA,NA,NA,NA,NA,NA,NA,NA,NA,NA,NA,NA,NA,NA,0,0,1,9,15,1.6666666666666667
00-0040009,Savion Williams,WR,2025,23.77549623545517,0,76,222,4.48,NA,NA,NA,NA,110.2226667233379,27.019736842105264,0.8362782467211952,3,87,-4.477336814478207,NA,NA,NA,NA,NA,NA,NA,NA,NA,NA,NA,NA,NA,NA,NA,NA,NA,NA,NA,NA,NA,NA,NA,NA,NA,NA,NA,NA,NA,NA,NA,NA,NA,0,0,1,12,20.5,1.7083333333333333
00-0036657,Seth Williams,WR,2021,21.39356605065024,1,75,211,4.49,37,124,7.2,4.43,103.83101200397141,26.37031111111111,-0.46066648013858214,6,219,-5.393627546352361,NA,NA,NA,NA,NA,NA,NA,NA,NA,NA,NA,NA,NA,NA,NA,NA,NA,NA,NA,NA,NA,NA,NA,NA,NA,NA,NA,NA,NA,NA,NA,NA,NA,0,0,1,1,3.9000000000000004,3.9000000000000004
00-0030542,Terrance Williams,WR,2013,23.953456536618756,0,74,208,4.52,32.5,119,7.01,4.32,99.66429324789874,26.7027027027027,-0.34806464392350034,3,74,-4.31748811353631,NA,NA,NA,NA,NA,NA,NA,NA,NA,NA,NA,NA,NA,NA,NA,NA,NA,NA,NA,NA,NA,NA,NA,NA,NA,NA,NA,NA,NA,NA,NA,NA,NA,0,0,1,15,126,8.4
00-0035291,Trayveon Williams,RB,2019,21.869952087611225,0,68,206,4.51,33,121,7.44,4.44,99.58433979745958,31.31877162629758,-0.5048308855640231,6,182,-5.209486152841421,NA,NA,NA,NA,NA,NA,NA,NA,NA,NA,NA,NA,NA,NA,NA,NA,NA,NA,NA,NA,NA,NA,NA,NA,NA,NA,NA,NA,NA,NA,NA,NA,NA,0,0,1,0,0,0
00-0038643,Brayden Willis,TE,2023,23.805612594113622,0,76,241,NA,32,117,7.3,4.36,NA,29.332236842105264,-1.1543415420707133,7,247,-5.5134287461649825,NA,NA,NA,NA,NA,NA,NA,NA,NA,NA,NA,NA,NA,NA,NA,NA,NA,NA,NA,NA,NA,NA,NA,NA,NA,NA,NA,NA,NA,NA,NA,NA,NA,0,0,1,1,0,0
00-0038128,Malik Willis,QB,2022,23.27173169062286,0,73,219,NA,NA,NA,NA,NA,NA,28.89041095890411,NA,3,86,-4.465908118654584,NA,NA,NA,NA,NA,NA,NA,NA,NA,NA,NA,NA,NA,NA,NA,NA,NA,NA,NA,NA,NA,NA,NA,NA,NA,NA,NA,NA,NA,NA,NA,NA,NA,0,1,1,7,19.340000000000003,2.7628571428571433
00-0030089,Luke Willson,TE,2013,23.627652292950035,0,NA,NA,NA,NA,NA,NA,NA,NA,NA,NA,5,158,-5.0689042022202315,NA,NA,NA,NA,NA,NA,NA,NA,NA,NA,NA,NA,NA,NA,NA,NA,NA,NA,NA,NA,NA,NA,NA,NA,NA,NA,NA,NA,NA,NA,NA,NA,NA,0,1,1,13,43.2,3.3230769230769233
00-0035320,Caleb Wilson,TE,2019,23.129363449691994,0,76,240,4.56,29,113,7.2,4.4,111.01505200691061,29.210526315789473,-0.3694370400367264,7,254,-5.541263545158426,NA,NA,NA,NA,NA,NA,NA,NA,NA,NA,NA,NA,NA,NA,NA,NA,NA,NA,NA,NA,NA,NA,NA,NA,NA,NA,NA,NA,NA,NA,NA,NA,NA,0,0,1,0,0,0
00-0034418,Cedrick Wilson Jr.,WR,2018,22.781656399726216,0,74,197,4.55,37,121,6.89,4.23,91.92859766992795,25.29054054054054,-0.03702698489985876,6,208,-5.342334251964811,NA,NA,NA,NA,NA,NA,NA,NA,NA,NA,NA,NA,NA,NA,NA,NA,NA,NA,NA,NA,NA,NA,NA,NA,NA,NA,NA,NA,NA,NA,NA,NA,NA,0,0,1,0,0,0
00-0037740,Garrett Wilson,WR,2022,22.11088295687885,0,72,183,4.38,36,123,NA,4.36,99.4453872714889,24.816550925925927,-0.16888286868308555,1,10,-2.3978952727983707,NA,NA,NA,NA,NA,NA,NA,NA,NA,NA,NA,NA,NA,NA,NA,NA,NA,NA,NA,NA,NA,NA,NA,NA,NA,NA,NA,NA,NA,NA,NA,NA,NA,0,0,1,17,176.20000000000002,10.364705882352942
00-0030568,Tyler Wilson,QB,2013,24.043805612594113,0,74,215,4.95,28.5,112,7.22,4.39,71.62220047114289,27.60135135135135,-0.22460009403074577,4,112,-4.727387818712341,NA,NA,NA,NA,NA,NA,NA,NA,NA,NA,NA,NA,NA,NA,NA,NA,NA,NA,NA,NA,NA,NA,NA,NA,NA,NA,NA,NA,NA,NA,NA,NA,NA,0,0,1,0,0,0
00-0039236,Johnny Wilson,WR,2024,23.41409993155373,0,78,231,4.52,37,128,NA,4.11,110.68486413588754,26.691814595660748,0.35947073105011257,6,185,-5.225746673713202,NA,NA,NA,NA,NA,NA,NA,NA,NA,NA,NA,NA,NA,NA,NA,NA,NA,NA,NA,NA,NA,NA,NA,NA,NA,NA,NA,NA,NA,NA,NA,NA,NA,0,0,1,10,12.3,1.23
00-0030047,Marquess Wilson,WR,2013,20.9637234770705,1,75,194,4.51,34.5,122,6.65,4.33,93.78331029469494,24.24568888888889,0.2105907568723482,7,236,-5.4680601411351315,NA,NA,NA,NA,NA,NA,NA,NA,NA,NA,NA,NA,NA,NA,NA,NA,NA,NA,NA,NA,NA,NA,NA,NA,NA,NA,NA,NA,NA,NA,NA,NA,NA,0,0,1,3,2.3,0.7666666666666666
00-0038559,Michael Wilson,WR,2023,23.520876112251884,0,74,213,4.58,37.5,125,NA,4.27,96.81612294411421,27.344594594594593,-0.016831921896947606,3,94,-4.553876891600541,NA,NA,NA,NA,NA,NA,NA,NA,NA,NA,NA,NA,NA,NA,NA,NA,NA,NA,NA,NA,NA,NA,NA,NA,NA,NA,NA,NA,NA,NA,NA,NA,NA,0,0,1,13,93.5,7.1923076923076925
00-0039739,Roman Wilson,WR,2024,23.20328542094456,0,71,185,4.39,NA,NA,NA,NA,99.6193360979622,25.799444554651856,-0.351178914738756,3,84,-4.442651256490317,NA,NA,NA,NA,NA,NA,NA,NA,NA,NA,NA,NA,NA,NA,NA,NA,NA,NA,NA,NA,NA,NA,NA,NA,NA,NA,NA,NA,NA,NA,NA,NA,NA,0,0,1,0,0,0
00-0037013,Zach Wilson,QB,2021,22.080766598220396,0,74,214,NA,NA,NA,NA,NA,NA,27.472972972972972,NA,1,2,-1.0986122886681096,NA,NA,NA,NA,NA,NA,NA,NA,NA,NA,NA,NA,NA,NA,NA,NA,NA,NA,NA,NA,NA,NA,NA,NA,NA,NA,NA,NA,NA,NA,NA,NA,NA,0,1,1,13,149.86,11.527692307692309
00-0034426,Javon Wims,WR,2018,23.972621492128678,0,75,215,4.53,33.5,113,7,NA,102.11173314085767,26.87022222222222,-0.4886450719251925,7,224,-5.41610040220442,NA,NA,NA,NA,NA,NA,NA,NA,NA,NA,NA,NA,NA,NA,NA,NA,NA,NA,NA,NA,NA,NA,NA,NA,NA,NA,NA,NA,NA,NA,NA,NA,NA,0,0,1,2,5.2,2.6
00-0035593,Juwann Winfree,WR,2019,22.989733059548254,0,NA,NA,NA,NA,NA,NA,NA,NA,NA,NA,6,187,-5.236441962829949,NA,NA,NA,NA,NA,NA,NA,NA,NA,NA,NA,NA,NA,NA,NA,NA,NA,NA,NA,NA,NA,NA,NA,NA,NA,NA,NA,NA,NA,NA,NA,NA,NA,0,1,1,2,0,0
00-0031503,Jameis Winston,QB,2015,21.650924024640656,1,76,231,4.97,28.5,103,7.16,4.36,75.72101391989233,28.11513157894737,-0.9770419339502897,1,1,-0.6931471805599453,NA,NA,NA,NA,NA,NA,NA,NA,NA,NA,NA,NA,NA,NA,NA,NA,NA,NA,NA,NA,NA,NA,NA,NA,NA,NA,NA,NA,NA,NA,NA,NA,NA,0,0,1,16,274.98,17.18625
00-0036429,Charlie Woerner,TE,2020,22.87748117727584,0,77,244,4.78,34.5,120,7.18,4.46,93.47774679992334,28.93101703491314,-0.14960641433622607,6,190,-5.25227342804663,NA,NA,NA,NA,NA,NA,NA,NA,NA,NA,NA,NA,NA,NA,NA,NA,NA,NA,NA,NA,NA,NA,NA,NA,NA,NA,NA,NA,NA,NA,NA,NA,NA,0,0,1,4,5.1,1.275
00-0037755,Jelani Woods,TE,2022,23.89596167008898,0,79,259,4.61,NA,NA,NA,NA,114.69013348053339,29.174331036692838,1.1410123943013917,3,73,-4.304065093204169,NA,NA,NA,NA,NA,NA,NA,NA,NA,NA,NA,NA,NA,NA,NA,NA,NA,NA,NA,NA,NA,NA,NA,NA,NA,NA,NA,NA,NA,NA,NA,NA,NA,0,0,1,12,61.7,5.141666666666667
00-0037300,Mike Woods,WR,2022,22.45311430527036,0,73,204,4.55,34.5,125,NA,NA,95.19509606429088,26.911615687746295,-0.34215819171062617,6,202,-5.313205979041787,NA,NA,NA,NA,NA,NA,NA,NA,NA,NA,NA,NA,NA,NA,NA,NA,NA,NA,NA,NA,NA,NA,NA,NA,NA,NA,NA,NA,NA,NA,NA,NA,NA,0,0,1,7,6.5,0.9285714285714286
00-0030431,Robert Woods,WR,2013,21.39356605065024,1,72,201,4.51,33.5,117,7.15,4.47,97.16724417130766,27.25752314814815,-0.7362826049274823,2,41,-3.7376696182833684,NA,NA,NA,NA,NA,NA,NA,NA,NA,NA,NA,NA,NA,NA,NA,NA,NA,NA,NA,NA,NA,NA,NA,NA,NA,NA,NA,NA,NA,NA,NA,NA,NA,0,0,1,14,98.30000000000001,7.021428571428572
WOO568269,Robert Woods,WR,2013,58.16563997262149,0,72,201,4.51,33.5,117,7.15,4.47,97.16724417130766,27.25752314814815,-0.7362826049274823,2,41,-3.7376696182833684,NA,NA,NA,NA,NA,NA,NA,NA,NA,NA,NA,NA,NA,NA,NA,NA,NA,NA,NA,NA,NA,NA,NA,NA,NA,NA,NA,NA,NA,NA,NA,NA,NA,0,0,1,0,0,0
00-0034438,Logan Woodside,QB,2018,23.59479808350445,0,73,213,4.79,31.5,103,6.94,4.15,80.92217469487656,28.098892850440983,0.39297871104676696,7,249,-5.521460917862246,NA,NA,NA,NA,NA,NA,NA,NA,NA,NA,NA,NA,NA,NA,NA,NA,NA,NA,NA,NA,NA,NA,NA,NA,NA,NA,NA,NA,NA,NA,NA,NA,NA,0,0,1,0,0,0
00-0039894,Xavier Worthy,WR,2024,21.349760438056126,1,71,165,4.21,41,131,NA,NA,105.04746017176966,23.01031541360841,0.8941493483105751,1,28,-3.367295829986474,NA,NA,NA,NA,NA,NA,NA,NA,NA,NA,NA,NA,NA,NA,NA,NA,NA,NA,NA,NA,NA,NA,NA,NA,NA,NA,NA,NA,NA,NA,NA,NA,NA,0,0,1,16,157.7,9.85625
00-0031291,James Wright,WR,2014,22.6694045174538,0,NA,NA,NA,NA,NA,NA,NA,NA,NA,NA,7,239,-5.480638923341991,NA,NA,NA,NA,NA,NA,NA,NA,NA,NA,NA,NA,NA,NA,NA,NA,NA,NA,NA,NA,NA,NA,NA,NA,NA,NA,NA,NA,NA,NA,NA,NA,NA,0,1,1,11,14.6,1.3272727272727272
00-0039874,Jaylen Wright,RB,2024,21.420944558521562,1,71,210,4.38,38,134,NA,NA,114.11765752465939,29.28585598095616,1.2528761879092163,4,120,-4.795790545596741,NA,NA,NA,NA,NA,NA,NA,NA,NA,NA,NA,NA,NA,NA,NA,NA,NA,NA,NA,NA,NA,NA,NA,NA,NA,NA,NA,NA,NA,NA,NA,NA,NA,0,0,1,13,25.200000000000003,1.9384615384615387
00-0033291,DeAngelo Yancey,WR,2017,22.78713210130048,0,NA,NA,NA,NA,NA,NA,NA,NA,NA,NA,5,175,-5.170483995038151,NA,NA,NA,NA,NA,NA,NA,NA,NA,NA,NA,NA,NA,NA,NA,NA,NA,NA,NA,NA,NA,NA,NA,NA,NA,NA,NA,NA,NA,NA,NA,NA,NA,0,1,1,0,0,0
00-0032209,T.J. Yeldon,RB,2015,21.913757700205338,0,73,226,4.61,36,117,7.19,4.22,100.0771048903496,29.81384875211109,0.0649836377063118,2,36,-3.6109179126442243,NA,NA,NA,NA,NA,NA,NA,NA,NA,NA,NA,NA,NA,NA,NA,NA,NA,NA,NA,NA,NA,NA,NA,NA,NA,NA,NA,NA,NA,NA,NA,NA,NA,0,0,1,12,137.9,11.491666666666667
00-0039150,Bryce Young,QB,2023,22.102669404517453,0,70,204,NA,NA,NA,NA,NA,NA,29.267755102040816,NA,1,1,-0.6931471805599453,NA,NA,NA,NA,NA,NA,NA,NA,NA,NA,NA,NA,NA,NA,NA,NA,NA,NA,NA,NA,NA,NA,NA,NA,NA,NA,NA,NA,NA,NA,NA,NA,NA,0,1,1,16,164.38,10.27375
00-0037093,Dareke Young,WR,2022,23.24435318275154,0,NA,NA,NA,NA,NA,NA,NA,NA,NA,NA,7,233,-5.455321115357702,NA,NA,NA,NA,NA,NA,NA,NA,NA,NA,NA,NA,NA,NA,NA,NA,NA,NA,NA,NA,NA,NA,NA,NA,NA,NA,NA,NA,NA,NA,NA,NA,NA,0,1,1,6,3.4000000000000004,0.5666666666666668
00-0038108,Bailey Zappe,QB,2022,23.351129363449694,0,73,215,4.88,30,109,7.19,4.4,75.82094056258484,28.36273221992869,-0.6777520425479789,4,137,-4.927253685157205,NA,NA,NA,NA,NA,NA,NA,NA,NA,NA,NA,NA,NA,NA,NA,NA,NA,NA,NA,NA,NA,NA,NA,NA,NA,NA,NA,NA,NA,NA,NA,NA,NA,0,0,1,4,43.14,10.785
