player_id,player_display_name,position,current_team,dynasty_year,projected_age,projected_fppg,projected_fantasy_points,confidence,elite_probability,starter_probability,breakout_probability
00-0034857,Josh Allen,QB,BUF,2026,30.28062970568104,19.124768925675426,312.6899719347932,Low,0.27089711830058477,0.40127465226773473,0.11458604796929224
00-0036389,Jalen Hurts,QB,PHI,2026,28.0684462696783,18.595960036247902,304.04394659265324,Low,0.2517616134269801,0.5085109587813379,0.123761877174656
00-0039851,Drake Maye,QB,NE,2026,24.005475701574262,18.15929001092006,308.70793018564103,Low,0.15408670431196583,0.3081918584035911,0.11987987730272578
00-0036971,Trevor Lawrence,QB,JAX,2026,26.90485968514716,17.0833197450296,290.4164356655032,Low,0.19346833592303153,0.2909220457671949,0.20456624617074565
00-0033873,Patrick Mahomes,QB,KC,2026,30.95687885010267,17.073766186628937,256.96018110876554,Low,0.2314784152188308,0.5515532678282711,0.12996703097519707
00-0034796,Lamar Jackson,QB,BAL,2026,29.648186173853524,16.9743460530391,244.43058316376303,Low,0.1615307702221381,0.3900163875007359,0.2251810855882833
00-0039918,Caleb Williams,QB,CHI,2026,24.78576317590691,16.91477762949131,287.5512197013523,Low,0.12400629454062384,0.3125858488695742,0.16410826187166494
00-0039732,Bo Nix,QB,DEN,2026,26.5160848733744,16.46830961614082,279.96126347439395,Low,0.2185259652053431,0.5754932944590282,0.1144498751016364
00-0036355,Justin Herbert,QB,LAC,2026,28.479123887748116,16.334585285451084,267.07046941712525,Low,0.30371694594695015,0.5095081871395232,0.24309808343816727
00-0037834,Brock Purdy,QB,SF,2026,26.680355920602327,16.312876403690645,192.49194156354963,Low,0.0970784225651303,0.3343886666773152,0.17746928239340692
00-0040691,Jaxson Dart,QB,NYG,2026,23.30458590006845,16.26164436018105,244.73774762072483,Low,0.1675636851651165,0.4037088985073664,0.23450401641481808
00-0039910,Jayden Daniels,QB,WAS,2026,25.70294318959617,16.1083112421549,169.13726804262646,Low,0.2609329400417436,0.4312905934757407,0.2650736314811217
00-0033077,Dak Prescott,QB,DAL,2026,33.09240246406571,16.10760103621803,273.8292176157065,Low,0.16136508924315782,0.4671774226533637,0.09576062450232375
00-0026498,Matthew Stafford,QB,LA,2026,38.56536618754278,16.104734588130846,273.7804879982244,Low,0.10257667709618624,0.27406636012643026,0.12033892083407338
00-0036442,Joe Burrow,QB,CIN,2026,29.724845995893222,16.040696342703026,178.85376422113873,Low,0.1083089350042634,0.43090628535391473,0.19699261924523292
00-0033106,Jared Goff,QB,DET,2026,31.88227241615332,15.600767129586677,265.2130412029735,Low,0.0982311846446125,0.3050560599054735,0.16701132461408258
00-0034855,Baker Mayfield,QB,TB,2026,31.38398357289528,15.430589365890263,262.3200192201345,Low,0.11171593703158876,0.3135136495876387,0.20424628183754567
00-0041562,Fernando Mendoza,QB,LV,2026,22.91854893908282,15.026296217667491,225.39444326501237,Rookie-Low,0.11774289891275308,0.24926864192097695,0.15138344724286296
00-0035710,Daniel Jones,QB,IND,2026,29.26488706365503,15.02228381342938,216.32088691338308,Low,0.09789748793120367,0.2365660266679155,0.1565229681077113
00-0034869,Sam Darnold,QB,SEA,2026,29.240246406570844,14.371899861507275,244.32229764562368,Low,0.06431076915281739,0.18357027275213408,0.21996791479963929
00-0036264,Jordan Love,QB,GB,2026,27.83025325119781,14.312297924720816,224.7030774181168,Low,0.06160021304499454,0.1474435714456381,0.11588722875731594
00-0039923,J.J. McCarthy,QB,MIN,2026,23.613963039014372,14.21263051722574,176.94724993946045,Low,0.05488721221494915,0.18829655548944668,0.22670176818900753
00-0039150,Bryce Young,QB,CAR,2026,25.10335386721424,13.681276378326595,223.68886878563984,Low,0.05131947335894568,0.15968818594551193,0.28013564891560533
00-0039163,C.J. Stroud,QB,HOU,2026,24.91170431211499,13.598113598296113,204.65160965435652,Low,0.07604722084256003,0.20048351113759655,0.17506944376739614
00-0035228,Kyler Murray,QB,MIN,2026,29.06776180698152,13.22483678918966,121.66849846054485,Low,0.1340487070887558,0.371583039352884,0.15357504852308854
00-0036212,Tua Tagovailoa,QB,ATL,2026,28.501026694045173,13.222361937592751,198.99654716077092,Low,0.0268132671966561,0.14546030017163533,0.21158442965186725
00-0040676,Cam Ward,QB,TEN,2026,24.27104722792608,13.182318434556322,224.09941338745747,Low,0.0960176686566084,0.22313080382985487,0.294444438301802
00-0032268,Marcus Mariota,QB,WAS,2026,32.837782340862425,12.95408459467137,161.27835320365855,Low,0.1397797351319537,0.31921028790128514,0.34600059045280934
00-0036945,Justin Fields,QB,KC,2026,27.49349760438056,12.820039413016492,151.2764650735946,Low,0.1592161965347261,0.34476038354059096,0.25384230646189937
00-0023459,Aaron Rodgers,QB,PIT,2026,42.74880219028063,12.776979915719611,208.90362162201566,Low,0.05809192578395987,0.11891263640479888,0.27847865742012545
00-0041568,Ty Simpson,QB,LA,2026,23.696098562628336,12.685657328558507,190.2848599283776,Rookie-Low,0.11165946982341138,0.23279341684759192,0.18967340397093413
00-0040743,Tyler Shough,QB,NO,2026,26.926762491444215,12.400797213588708,162.45044349801208,Low,0.02870229426802241,0.09023282536269515,0.2316828998397096
00-0026158,Joe Flacco,QB,CIN,2026,41.62354551676933,11.14567999554466,160.4977919358431,Low,0.04319249784938138,0.1057980598428848,0.18783251112599716
00-0030565,Geno Smith,QB,NYJ,2026,35.893223819301845,10.964344240420202,172.14020457459716,Low,0.03939025164996553,0.09748234360317516,0.18632351171023237
00-0033119,Jacoby Brissett,QB,ARI,2026,33.72210814510609,10.87753191843462,163.70685537244105,Low,0.03939025164996553,0.09748234360317516,0.17152185482551904
00-0039917,Michael Penix Jr.,QB,ATL,2026,26.316221765913756,10.814125940890175,127.60668610250407,Low,0.06430641048811452,0.17469328302972492,0.14580187428064034
00-0033869,Mitchell Trubisky,QB,TEN,2026,32.03285420944559,10.67007559171346,91.22914630915007,Low,0.07613855539248987,0.22437113190835775,0.2554720981939282
00-0036972,Mac Jones,QB,SF,2026,27.98904859685147,10.248721720055393,134.25825453272563,Low,0.07475327818312918,0.1895421922638439,0.23913634713007983
00-0032950,Carson Wentz,QB,MIN,2026,33.67008898015058,10.115668509556064,93.06415028791578,Low,0.03817448691633588,0.17154651159322667,0.237542881088698
00-0041561,Carson Beck,QB,ARI,2026,24.78302532511978,9.98264409331048,149.7396613996572,Rookie-Low,0.02767030374363118,0.13628121313124733,0.12952536512575233
00-0039164,Anthony Richardson,QB,IND,2026,24.279260780287473,9.940323704971426,79.52258963977141,Low,0.06860048725520128,0.19398030365016747,0.4699476735429755
00-0041565,Drew Allar,QB,PIT,2026,22.483230663928815,9.776872093642062,146.65308140463094,Rookie-Low,0.02764144658918566,0.1027401903029289,0.14404118675643457
00-0031503,Jameis Winston,QB,NYG,2026,32.65160848733744,9.41394967050102,75.31159736400816,Low,0.0618466222034251,0.17445751224516287,0.29877129044973055
00-0038128,Malik Willis,QB,MIA,2026,27.27173169062286,9.328323004174775,79.75716168569431,Low,0.03182756902347463,0.09696424625721056,0.31793020875561706
00-0041056,Cade Klubnik,QB,NYJ,2026,22.89390828199863,9.273388659410614,139.1008298911592,Rookie-Low,0.05050365218843448,0.15719239784583275,0.17663813220880625
00-0027973,Andy Dalton,QB,PHI,2026,38.84188911704312,9.087386338085924,77.69715319063464,Low,0.02870229426802241,0.09023282536269515,0.29670144360073414
00-0035704,Drew Lock,QB,SEA,2026,29.806981519507183,8.957913760349442,71.66331008279553,Low,0.02870229426802241,0.09023282536269515,0.2989499388764592
00-0041194,Jack Strand,QB,ATL,2026,22.190280629705683,8.94860575388374,134.22908630825611,Rookie-Low,0.02764144658918566,0.1027401903029289,0.14404118675643457
00-0029604,Kirk Cousins,QB,LV,2026,38.03422313483915,8.673844897693039,107.98936897627833,Low,0.04899954688579862,0.1533418111318085,0.13593496566645344
00-0041414,Matthew Caldwell,QB,LA,2026,23.277207392197127,8.459095051613854,126.88642577420781,Rookie-Low,0.05050365218843448,0.15719239784583275,0.13011619601416635
00-0041117,Athan Kaliakmanis,QB,WAS,2026,23.033538672142367,8.427238853718153,126.4085828057723,Rookie-Low,0.02764144658918566,0.1027401903029289,0.1630249848722429
00-0040668,Shedeur Sanders,QB,CLE,2026,24.56399726214921,8.107775526563678,90.40169712118501,Low,0.02952512930575262,0.08690859249662629,0.1840091415480842
00-0028118,Tyrod Taylor,QB,GB,2026,37.07871321013005,8.075326945103146,79.54197040926599,Low,0.02613505591858624,0.08440169673430485,0.23252735719409787
00-0033537,Deshaun Watson,QB,CLE,2026,30.965092402464062,8.022819125690868,112.31946775967215,Low,0.07251117847525762,0.18133484751880743,0.1780936221624473
00-0040704,Dillon Gabriel,QB,CLE,2026,25.675564681724847,7.839911797901511,97.6069018838738,Low,0.02870229426802241,0.09023282536269515,0.23123921876761505
00-0038102,Kenny Pickett,QB,CAR,2026,28.238193018480494,7.586421477039928,74.7262515488433,Low,0.04705020049725884,0.14647656337154444,0.2434928792571975
00-0034771,Mason Rudolph,QB,PIT,2026,31.12662559890486,7.569140902019825,69.63609629858239,Low,0.02870229426802241,0.09023282536269515,0.26605093045409983
00-0037012,Trey Lance,QB,LAC,2026,26.313483915126625,7.538909830696688,64.45767905245667,Low,0.08580818771432246,0.17401149374179603,0.29119771935546007
00-0035993,Tyler Huntley,QB,BAL,2026,28.57494866529774,7.5327059058755825,69.30089433405536,Low,0.03182756902347463,0.09696424625721056,0.30272682724166566
00-0041092,Taylen Green,QB,CLE,2026,23.871321013004792,7.520890774052898,112.81336161079346,Rookie-Low,0.02964158027599815,0.10388176007688626,0.132179227069241
00-0041251,Jalon Daniels,QB,TB,2026,23.84120465434634,7.516259079675565,112.74388619513347,Rookie-Low,0.02964158027599815,0.10388176007688626,0.12662071462283797
00-0037077,Sam Howell,QB,DAL,2026,25.95756331279945,7.4549120674897775,104.36876894485688,Low,0.02870229426802241,0.09023282536269515,0.12662071462283797
00-0040234,Quinn Ewers,QB,JAX,2026,23.46611909650924,7.415956491463062,63.40642800200917,Low,0.05041363070846145,0.14596497165319627,0.1848674197857809
00-0040206,Riley Leonard,QB,IND,2026,23.967145790554415,7.402019837075553,68.09858250109508,Low,0.02857635344976068,0.12794795287463112,0.2311227168793248
00-0036898,Davis Mills,QB,HOU,2026,27.863107460643395,7.33334222511562,72.23342091738886,Low,0.03939025164996553,0.09748234360317516,0.2459578391925684
00-0037013,Zach Wilson,QB,NO,2026,27.080082135523615,7.324110933039677,62.62114847748923,Low,0.06960064634071113,0.21295407576850556,0.24005677081489277
00-0039376,Spencer Rattler,QB,NO,2026,25.924709103353862,7.138058724282144,84.2290929465293,Low,0.03939025164996553,0.09748234360317516,0.2143568574563861
00-0040014,Kyle McCord,QB,MIA,2026,23.95071868583162,7.038698205884192,98.54177488237869,Low,0.02952512930575262,0.08690859249662629,0.12765338365450524
00-0040891,Cole Payton,QB,PHI,2026,23.849418206707735,6.9813701814706075,104.72055272205911,Rookie-Low,0.02964158027599815,0.10388176007688626,0.12765338365450524
00-0040906,Garrett Nussmeier,QB,KC,2026,24.566735112936342,6.872415154331847,103.0862273149777,Rookie-Low,0.02767030374363118,0.13628121313124733,0.12662071462283797
00-0041123,Behren Morton,QB,NE,2026,24.621492128678987,6.830134369283895,102.45201553925843,Rookie-Low,0.02767030374363118,0.13628121313124733,0.12765338365450524
00-0040673,Jalen Milroe,QB,SEA,2026,23.718001368925393,6.677255110431385,53.41804088345108,Low,0.02752095366765935,0.08555926090980917,0.17806973551133448
00-0038579,Aidan O'Connell,QB,LV,2026,28,6.666849772556019,53.33479818044815,Low,0.02870229426802241,0.09023282536269515,0.12371234725182498
00-0038476,Tommy DeVito,QB,NE,2026,28.0684462696783,6.554554069766957,91.7637569767374,Low,0.02870229426802241,0.09023282536269515,0.12765338365450524
00-0041149,Haynes King,QB,CAR,2026,25.642710472279266,6.542614534576961,98.13921801865442,Rookie-Low,0.02870229426802241,0.09023282536269515,0.12765338365450524
00-0040981,Joe Fagnano,QB,BAL,2026,25.42094455852156,6.527585636396777,97.91378454595166,Rookie-Low,0.02767030374363118,0.13628121313124733,0.12765338365450524
00-0036879,Sam Ehlinger,QB,DEN,2026,27.920602327173167,6.519577390340553,91.27408346476774,Low,0.02870229426802241,0.09023282536269515,0.12662071462283797
00-0033949,Joshua Dobbs,QB,DET,2026,31.59753593429158,6.4708987274476595,55.32618411967748,Low,0.02870229426802241,0.09023282536269515,0.4002838973208433
00-0039107,Stetson Bennett,QB,LA,2026,28.843258042436688,6.3668163310570165,89.13542863479823,Low,0.02870229426802241,0.09023282536269515,0.12662071462283797
00-0037327,Skylar Thompson,QB,BAL,2026,29.242984257357975,6.307268618446774,88.30176065825484,Low,0.02870229426802241,0.09023282536269515,0.12765338365450524
00-0028986,Case Keenum,QB,CHI,2026,38.53798767967146,6.074809919004966,85.04733886606952,Low,0.02870229426802241,0.09023282536269515,0.12662071462283797
00-0040211,Graham Mertz,QB,HOU,2026,25.73579739904175,5.899457683186544,82.59240756461162,Low,0.02870229426802241,0.09023282536269515,0.12765338365450524
00-0039534,Carter Bradley,QB,JAX,2026,26.480492813141684,5.8074457376806485,81.30424032752907,Low,0.02870229426802241,0.09023282536269515,0.12765338365450524
00-0040589,Kurtis Rourke,QB,SF,2026,25.8507871321013,5.74321220759292,80.40497090630089,Low,0.02870229426802241,0.09023282536269515,0.132179227069241
00-0040398,Brady Cook,QB,MIA,2026,24.8870636550308,5.6994144466895005,52.434612909543404,Low,0.02952512930575262,0.08690859249662629,0.15521279342317187
00-0038400,Tanner McKee,QB,PHI,2026,26.34633812457221,5.600481301749319,47.884115129956676,Low,0.02870229426802241,0.09023282536269515,0.27696567364255836
00-0035264,Jarrett Stidham,QB,DEN,2026,30.06433949349761,5.59753078101987,44.78024624815896,Low,0.02870229426802241,0.09023282536269515,0.1651271956690788
00-0040203,Will Howard,QB,PIT,2026,24.93634496919918,5.55299548714721,77.74193682006094,Low,0.02952512930575262,0.08690859249662629,0.132179227069241
00-0038416,Tyson Bagent,QB,CHI,2026,26.23134839151266,5.5420175899137485,44.33614071930999,Low,0.02870229426802241,0.09023282536269515,0.2170926586721438
00-0034577,Kyle Allen,QB,BUF,2026,30.483230663928815,4.990217737370004,39.92174189896003,Low,0.02870229426802241,0.09023282536269515,0.17434000657204576
00-0033662,Cooper Rush,QB,ATL,2026,32.77754962354552,4.666395238069129,39.89767928549105,Low,0.02870229426802241,0.09023282536269515,0.1858055636503994
00-0037324,Chris Oladokun,QB,KC,2026,28.993839835728952,4.084316304085119,32.67453043268095,Low,0.02870229426802241,0.09023282536269515,0.24879614610135536
00-0035289,Gardner Minshew,QB,ARI,2026,30.2943189596167,3.511126950972124,30.020135430811656,Low,0.02870229426802241,0.09023282536269515,0.13728290086347722
00-0038542,Bijan Robinson,RB,ATL,2026,24.58590006844627,19.176955333962873,326.00824067736886,Medium,0.7406013104560439,0.9486167813490272,0.16186709155133647
00-0039139,Jahmyr Gibbs,RB,DET,2026,24.451745379876797,18.911071653351932,321.48821810698286,Medium,0.6338566222658436,0.9612707256829612,0.16146805024558142
00-0036223,Jonathan Taylor,RB,IND,2026,27.616700889801507,17.835857376428315,303.20957539928133,Medium,0.6961770564428773,0.94424314815864,0.13456674535065738
00-0039040,De'Von Achane,RB,MIA,2026,24.88432580424367,17.540576847070177,286.7884314495974,Medium,0.6435761951467688,0.9512419934008812,0.15226793562975832
00-0037248,James Cook,RB,BUF,2026,26.934976043805612,17.156872729131223,291.6668363952308,Medium,0.6981866293304927,0.9371518544880576,0.06148504624688858
00-0033280,Christian McCaffrey,RB,SF,2026,30.234086242299796,16.990993493502252,288.84688938953826,Medium,0.4040746865244904,0.7313601555720038,0.2021736518776499
00-0032764,Derrick Henry,RB,BAL,2026,32.6570841889117,16.507498467294663,280.6274739440093,Medium,0.49455781052011055,0.7747012085104539,0.11394265656059484
00-0034844,Saquon Barkley,RB,PHI,2026,29.557837097878167,15.817304962637792,258.6129361391279,Medium,0.4264907684359574,0.8187433173094855,0.1395005087377097
00-0035700,Josh Jacobs,RB,GB,2026,28.553045859000683,15.437260429108624,242.3649887370054,Medium,0.5675072160125894,0.8714947742889495,0.14021719528012253
00-0041027,Jeremiyah Love,RB,ARI,2026,21.253935660506503,15.300439151030428,229.50658726545643,Rookie-Low,0.2744688582228724,0.8851238763765272,0.4439245738108513
00-0037840,Kyren Williams,RB,LA,2026,26.015058179329227,15.201480277974252,258.4251647255623,Medium,0.365503504815406,0.9238051063616032,0.1389502971712123
00-0038597,Chase Brown,RB,CIN,2026,26.4476386036961,14.344520567874516,243.8568496538668,Medium,0.3391210606123077,0.7997913560223769,0.07089259049582979
00-0040122,Ashton Jeanty,RB,LV,2026,22.748802190280628,14.261428141623604,242.44427840760127,Medium,0.20797570002040475,0.8604754340540808,0.2291625008636509
00-0040666,Omarion Hampton,RB,LAC,2026,23.463381245722108,13.937487857370202,164.4623567169684,Medium,0.3200685435228091,0.6924895974406698,0.14059891026780463
00-0040715,Cam Skattebo,RB,NYG,2026,24.569472963723477,13.842671924930295,154.34579196297278,Medium,0.4055619524127528,0.7408941674375519,0.0867865696343116
00-0036275,D'Andre Swift,RB,CHI,2026,27.630390143737166,12.799007486644204,209.26377240663274,Medium,0.19434555861881816,0.7777638703643054,0.113254061607035
00-0038120,Breece Hall,RB,NYJ,2026,25.253935660506503,12.442461710773337,203.4342489711441,Medium,0.08934169454992207,0.6923794942804411,0.10361053222915469
00-0038134,Kenneth Walker III,RB,KC,2026,25.86447638603696,12.352884100557418,209.9990297094761,Medium,0.2094705950853973,0.7637462641751469,0.10907100785578444
00-0036997,Javonte Williams,RB,DAL,2026,26.351813826146476,12.276270199236372,200.7170177575147,Medium,0.06579070964691017,0.5501492520005359,0.19328815965989912
00-0039361,Bucky Irving,RB,TB,2026,24.035592060232716,12.273231701841224,152.80173468792324,Medium,0.15325010257128538,0.345335879129681,0.07015788856262306
00-0036973,Travis Etienne,RB,NO,2026,27.59753593429158,12.21009537951217,207.5716214517069,Medium,0.19285758341611625,0.6840136617105559,0.1437156095554006
00-0040784,Quinshon Judkins,RB,CLE,2026,22.84188911704312,12.05058024661882,181.36123271161324,Medium,0.19567706128829315,0.4998947702657512,0.19846258396429117
00-0040734,TreVeyon Henderson,RB,NE,2026,23.860369609856264,11.878207334888543,201.92952469310524,Medium,0.31652827622389496,0.7592920671380764,0.2455796002553068
00-0040730,RJ Harvey,RB,DEN,2026,25.571526351813823,10.886904917934055,185.07738360487895,Medium,0.1718582572072442,0.5204293409076777,0.162272173290228
00-0036139,Rico Dowdle,RB,PIT,2026,28.21629021218343,10.829125941422706,184.09514100418602,Medium,0.10034812250390004,0.4523949211979065,0.09479517199319194
00-0037228,Jaylen Warren,RB,PIT,2026,27.83299110198494,10.624958837783815,173.7180769977654,Medium,0.09825577145347544,0.18311459950535217,0.104892077504337
00-0041512,Jadarian Price,RB,SEA,2026,22.89664613278576,10.484561796689505,157.2684269503426,Rookie-Low,0.18510487138490467,0.7837257112023253,0.3638381616442809
00-0039165,Zach Charbonnet,RB,SEA,2026,25.645448323066393,10.421552242033185,170.39237915724257,Medium,0.08622163703808061,0.35333345545724937,0.14322594617879952
00-0036875,Rhamondre Stevenson,RB,NE,2026,28.520191649555095,10.359934838986902,155.9170193267529,Medium,0.15969387246557257,0.5381967193522598,0.06885584098249395
00-0036158,J.K. Dobbins,RB,DEN,2026,27.707049965776864,10.285520373625005,128.0547286516313,Medium,0.06440418657716203,0.28719532766080397,0.10697356809151806
00-0033553,James Conner,RB,ARI,2026,31.326488706365502,10.235634182500744,81.88507346000596,Low,0.02718948145016028,0.14100545409723125,0.07245035685380732
00-0035261,Tony Pollard,RB,TEN,2026,29.3388090349076,10.221884026133893,173.77202844427617,Medium,0.14411177909158887,0.2956355636213364,0.07331998064333624
00-0033906,Alvin Kamara,RB,NO,2026,31.1047227926078,10.044865254039104,131.58773482791227,Medium,0.02451412067477949,0.1404277507685449,0.10366542879051271
00-0035685,David Montgomery,RB,HOU,2026,29.234770704996578,9.948289694355632,169.12092480404573,Medium,0.03175803236978843,0.11430998289289626,0.07288210489126803
00-0039384,Tyrone Tracy Jr.,RB,NYG,2026,26.77344284736482,9.519522033791064,149.4564959305197,Medium,0.06991684396198473,0.2473507196583268,0.0792772487972817
00-0033293,Aaron Jones,RB,MIN,2026,31.74811772758385,9.285381854484235,127.67400049915824,Medium,0.10106961469650988,0.3632826956196531,0.07331998064333624
00-0036919,Kenny Gainwell,RB,TB,2026,27.468856947296377,9.09136544422121,154.55321255176057,Medium,0.10848413672554191,0.20277500671425144,0.110123853591693
00-0036555,Chuba Hubbard,RB,CAR,2026,27.225188227241617,8.710811246747758,136.7597365739398,Medium,0.09879966868103882,0.19068913658919365,0.07257443169058997
00-0040242,Jacory Croskey-Merritt,RB,WAS,2026,25.388090349075977,8.58774363501286,145.9916417952186,Medium,0.07306877959734179,0.13087460945403023,0.12950128169362726
00-0040583,Woody Marks,RB,HOU,2026,25.672826830937716,8.488144846799509,138.78116824517198,Medium,0.03221318843906569,0.11458329036895584,0.14923644222542148
00-0039032,Tyjae Spears,RB,TEN,2026,25.21286789869952,8.183008413756303,117.83532115809076,Medium,0.09945065708841178,0.2445822718661045,0.11781765731874196
00-0040236,Kyle Monangai,RB,CHI,2026,24.238193018480494,8.147720633598958,138.5112507711823,Medium,0.05887375684259203,0.21687665159204908,0.19609400026546
00-0037525,Jordan Mason,RB,MIN,2026,27.274469541409992,8.136964663128815,133.03937224215613,Medium,0.07306877959734179,0.13087460945403023,0.0957273042509502
00-0037256,Rachaad White,RB,WAS,2026,27.63586584531143,7.952642211256427,135.19491759135926,Medium,0.0593584979632184,0.11382222195992953,0.10507986095255044
00-0039921,Trey Benson,RB,ARI,2026,24.109514031485283,7.93249305403701,67.82281561201643,Low,0.01425259921165323,0.31702655898212684,0.16380720835528242
00-0040719,Bhayshul Tuten,RB,JAX,2026,24.54483230663929,7.662520857842711,120.30157746813056,Medium,0.01604912256679097,0.18165710497801832,0.15242091789704074
00-0039391,Kimani Vidal,RB,LAC,2026,25.010266940451743,7.3870371417249405,106.37333484083915,Medium,0.06489395445144804,0.1363234339178787,0.09134068593137352
00-0036893,Najee Harris,RB,NYG,2026,28.48186173853525,7.125826371056383,57.006610968451064,Low,0.01736283708668251,0.14020904213523042,0.1813370654998916
00-0038555,Tank Bigsby,RB,PHI,2026,24.005475701574262,7.040654713951667,110.53827900904116,Medium,0.0124905672808719,0.05135724317204824,0.1851192816737534
00-0039738,Blake Corum,RB,LA,2026,25.765913757700204,6.857390199523101,116.57563339189271,Medium,0.06146923517684589,0.4274918713944296,0.2461218030812952
00-0038611,Chris Rodriguez Jr.,RB,JAX,2026,26.93223819301848,6.774007113860185,93.14259781557755,Medium,0.06773474863206783,0.1156714389018378,0.08589595888250941
00-0037263,Tyler Allgeier,RB,ARI,2026,26.379192334017795,6.728703238430635,114.3879550533208,Medium,0.063937444594929893,0.29836249769524714,0.1588684981466111
00-0035250,Devin Singletary,RB,NYG,2026,28.993839835728952,6.634573304723835,112.78774618030519,Medium,0.0198949344710599,0.16505535094085047,0.07285935849939532
00-0041052,Kaelon Black,RB,SF,2026,24.87337440109514,6.634194935707273,99.5129240356091,Rookie-Low,0.04237960546941171,0.14662661670113922,0.14271850809990833
00-0038951,Sean Tucker,RB,TB,2026,24.851471594798085,6.619033678788248,112.5235725394002,Medium,0.01178788722872258,0.16304355681646157,0.13687514407950296
00-0037197,Isiah Pacheco,RB,DET,2026,27.50171115674196,6.49036507987878,93.46125715025443,Medium,0.01258183210724283,0.044724477541038,0.1021692895339379
00-0037746,Brian Robinson,RB,ATL,2026,27.446954140999317,6.429295427019184,109.29802225932613,Medium,0.01178788722872258,0.04623000512989713,0.11231548832634364
00-0039373,Audric Estimé,RB,NO,2026,22.98699520876112,6.418122412851851,59.046726198237025,Low,0.02320142613108779,0.12732147692629764,0.06635580551112254
00-0040162,Dylan Sampson,RB,CLE,2026,21.963039014373717,6.353752887702797,99.7539203369339,Medium,0.02237845026433834,0.05236678396210003,0.137977426419942
00-0039344,Jonathon Brooks,RB,CAR,2026,23.11567419575633,6.268486518128794,87.75881125380312,Low,0.17754678527740528,0.6310259937812872,0.34534893287073537
00-0037157,Bam Knight,RB,ARI,2026,25.39082819986311,6.0067382346614195,82.59265072659451,Medium,0.05322007403608751,0.09064583058362366,0.10104129995515045
00-0040202,Devin Neal,RB,NO,2026,23.055441478439427,5.979261521334696,70.55528595174941,Medium,0.01492814626619858,0.04019793245138137,0.11448128412106802
00-0038797,Emanuel Wilson,RB,SEA,2026,27.318275154004105,5.856719001614508,99.56422302744663,Medium,0.02183905167073409,0.119097118604104,0.11717492670879008
00-0040142,Kaleb Johnson,RB,GB,2026,23.04996577686516,5.707798382509401,71.06208986224205,Medium,0.05236104691131248,0.21316216628412396,0.17386352943046787
00-0035537,Ty Johnson,RB,BUF,2026,28.955509924709105,5.673030646598169,96.44152099216886,Medium,0.01350504634445611,0.20393633106332917,0.08335207260035843
00-0039798,Isaiah Davis,RB,NYJ,2026,24.525667351129364,5.640768398258258,92.22656331152253,Medium,0.01178788722872258,0.03799729364846573,0.131420361007776
00-0039874,Jaylen Wright,RB,MIA,2026,23.419575633127995,5.577520982988938,65.81474759926947,Medium,0.01492814626619858,0.04019793245138137,0.08952901302601482
00-0033526,Samaje Perine,RB,CIN,2026,30.9596167008898,5.5390721672479355,86.96343302579258,Medium,0.01178788722872258,0.03799729364846573,0.10948634165909182
00-0041496,Jonah Coleman,RB,DEN,2026,23.033538672142367,5.311725244791334,79.67587867187001,Rookie-Low,0.01492814626619858,0.04019793245138137,0.09875466548870548
00-0034975,Justice Hill,RB,BAL,2026,28.79671457905544,5.278853494570852,65.7217260074071,Medium,0.01178788722872258,0.03799729364846573,0.11207429793377112
00-0039794,Braelon Allen,RB,NYJ,2026,22.61464750171116,5.180534303969184,44.29356829893651,Low,0.01492814626619858,0.04019793245138137,0.16222396357935512
00-0038551,Kendre Miller,RB,NO,2026,24.22450376454483,5.151949251825675,54.09546714416959,Low,0.02622352940172714,0.12773470217539912,0.12777136546015866
00-0040466,Raheim Sanders,RB,CLE,2026,24.23271731690623,4.895135848048649,41.853411500815945,Low,0.01178788722872258,0.03799729364846573,0.11694010945581178
00-0039875,Ray Davis,RB,BUF,2026,26.781656399726216,4.8046811650020835,81.67957980503542,Medium,0.01178788722872258,0.03704464257765289,0.09935246816798216
00-0038454,Keaton Mitchell,RB,LAC,2026,24.621492128678987,4.777209367997536,68.79181489916452,Medium,0.01178788722872258,0.03799729364846573,0.06878349317180746
00-0033955,Jeremy McNichols,RB,WAS,2026,30.68309377138946,4.727258871611024,77.29068255084026,Medium,0.01178788722872258,0.03799729364846573,0.13599364097111694
00-0037329,Brittain Brown,RB,CHI,2026,28.892539356605067,4.670015567822961,37.36012454258369,Low,0.01178788722872258,0.03799729364846573,0.1634369001790611
00-0032104,Ameer Abdullah,RB,JAX,2026,33.21834360027378,4.621438416418092,66.54871319642054,Medium,0.01178788722872258,0.05865344206579425,0.1138173934085016
00-0037563,Malik Davis,RB,DAL,2026,27.76454483230664,4.544551666687704,56.57966825026192,Medium,0.01178788722872258,0.03799729364846573,0.1623758015761162
00-0040078,Brashard Smith,RB,KC,2026,23.392197125256672,4.307509777856,73.22766622355199,Medium,0.06749473820134609,0.09187352097083532,0.06957737979458986
00-0038705,Emari Demercado,RB,DAL,2026,27.613963039014372,4.224303316040473,58.0841705955565,Medium,0.01178788722872258,0.03799729364846573,0.13868822416974028
00-0036265,AJ Dillon,RB,CAR,2026,28.33401779603012,4.218671216441349,41.55391148194729,Low,0.01476353009354591,0.17050917012482297,0.1173872348568638
00-0040964,EJ Smith,RB,KC,2026,0,4.171540889435727,62.57311334153591,Rookie-Low,0.02237845026433834,0.05236678396210003,0.09092406138170632
00-0040878,Mike Washington Jr.,RB,LV,2026,23.16495550992471,4.001431207722063,60.02146811583094,Rookie-Low,0.01492814626619858,0.04019793245138137,0.05308398521046392
00-0040198,Ollie Gordon II,RB,MIA,2026,22.628336755646817,3.839466018095928,65.27092230763078,Medium,0.01307665153137191,0.03924898174258359,0.07491596499330311
00-0040937,Dominic Richardson,RB,NYJ,2026,0,3.811196477822123,57.167947167331846,Rookie-Low,0.02237845026433834,0.05236678396210003,0.09092406138170632
00-0039811,MarShawn Lloyd,RB,GB,2026,25.65366187542779,3.603894965912747,50.45452952277846,Low,0.04237960546941171,0.14662661670113922,0.16767352013312967
00-0040177,Jordan James,RB,SF,2026,22.42573579739904,3.5687009252973567,49.961812954162994,Low,0.01492814626619858,0.04019793245138137,0.05308398521046392
00-0040886,Nicholas Singleton,RB,TEN,2026,22.652977412731005,3.507156410386409,52.60734615579614,Rookie-Low,0.01492814626619858,0.04019793245138137,0.05308398521046392
00-0041490,Eli Heidenreich,RB,PIT,2026,23.096509240246405,3.402544812446866,51.038172186702994,Rookie-Low,0.01454213576549715,0.0545244204804235,0.05308398521046392
00-0041096,Kaytron Allen,RB,WAS,2026,23.64681724845996,3.2910983223901376,49.36647483585206,Rookie-Low,0.01178788722872258,0.03799729364846573,0.04993928467341206
00-0041013,Emmett Johnson,RB,KC,2026,22.89390828199863,3.2793732456297784,49.19059868444668,Rookie-Low,0.01492814626619858,0.04019793245138137,0.05308398521046392
00-0041323,Myles Montgomery,RB,NE,2026,23.411362080766597,3.2380296451162844,48.570444676744266,Rookie-Low,0.06749473820134609,0.09187352097083532,0.05308398521046392
00-0040644,Trevor Etienne,RB,CAR,2026,22.14647501711157,3.191885071954303,54.26204622322315,Medium,0.01454213576549715,0.0545244204804235,0.06217726078071657
00-0041239,Chip Trayanum,RB,NYJ,2026,24.66255989048597,3.182875739660604,47.74313609490906,Rookie-Low,0.01178788722872258,0.03799729364846573,0.04993928467341206
00-0039021,Roschon Johnson,RB,CHI,2026,25.582477754962355,2.868611349767076,28.2558217952057,Low,0.01178788722872258,0.03799729364846573,0.04993928467341206
00-0040238,LeQuint Allen Jr.,RB,JAX,2026,22.072553045859,2.822468537811788,46.14736059322274,Medium,0.02237845026433834,0.05236678396210003,0.06217726078071657
00-0041104,Demond Claiborne,RB,MIN,2026,22.89664613278576,2.813975210669901,42.20962816004852,Rookie-Low,0.01454213576549715,0.0545244204804235,0.05308398521046392
00-0040179,DJ Giddens,RB,IND,2026,23.017111567419576,2.8025906334964454,25.783833828167296,Low,0.01492814626619858,0.04019793245138137,0.0793591162960181
00-0041125,Seth McGowan,RB,IND,2026,24.856947296372347,2.7904629188860004,41.856943783290006,Rookie-Low,0.01178788722872258,0.03799729364846573,0.04993928467341206
00-0040888,Adam Randall,RB,BAL,2026,22.132785763175907,2.7890528063309072,41.83579209496361,Rookie-Low,0.01492814626619858,0.04019793245138137,0.06217726078071657
00-0037085,Tyler Badie,RB,DEN,2026,27.564681724845997,2.685782077246506,43.91253696298038,Medium,0.01178788722872258,0.03799729364846573,0.04993928467341206
00-0040556,Corey Kiner,RB,NE,2026,24.61054072553046,2.6723182987244014,22.84832145409363,Low,0.01178788722872258,0.03799729364846573,0.0739660942145588
00-0037276,Ty Chandler,RB,NO,2026,28.306639288158795,2.6388559271492995,21.110847417194396,Low,0.01178788722872258,0.03799729364846573,0.1095172998503425
00-0036984,Trey Sermon,RB,ATL,2026,27.586584531143053,2.6047390937713057,20.837912750170446,Low,0.02870984852508982,0.13334860777446703,0.1029873770624954
00-0038685,Chris Brooks,RB,GB,2026,26.639288158795345,2.5572461274967964,43.47318416744554,Medium,0.01178788722872258,0.03799729364846573,0.04993928467341206
00-0041081,Max Bredeson,RB,MIN,2026,23.90965092402464,2.482939854527258,37.244097817908866,Rookie-Low,0.01178788722872258,0.03799729364846573,0.04993928467341206
00-0039364,Sione Vaki,RB,DET,2026,25.089664613278575,2.4661266580389247,27.49731223713401,Medium,0.01178788722872258,0.03799729364846573,0.04993928467341206
00-0039746,Will Shipley,RB,PHI,2026,24.008213552361397,2.414961299891088,36.345167563360874,Medium,0.01178788722872258,0.03799729364846573,0.04993928467341206
00-0039796,Rasheen Ali,RB,BAL,2026,25.53867214236824,2.3139064881003213,36.328331863175045,Medium,0.01178788722872258,0.03704464257765289,0.04993928467341206
00-0038738,Hunter Luepke,RB,DAL,2026,26.50787132101301,2.1255218591434346,31.98910398010869,Medium,0.01178788722872258,0.03799729364846573,0.04993928467341206
00-0039363,Isaac Guerendo,RB,SF,2026,26.17659137577002,2.11882941390766,22.24770884603043,Low,0.01178788722872258,0.03799729364846573,0.04993928467341206
00-0041436,DJ Herman,RB,MIA,2026,24.459958932238195,2.1051487994399243,31.577231991598865,Rookie-Low,0.01178788722872258,0.03799729364846573,0.04993928467341206
00-0039603,British Brooks,RB,HOU,2026,26.78713210130048,2.080294497572549,23.19528364793392,Medium,0.01178788722872258,0.03799729364846573,0.05516606665497105
00-0039299,George Holani,RB,SEA,2026,26.71047227926078,2.0751945760950328,25.836172472383158,Medium,0.01178788722872258,0.03799729364846573,0.08492583155005232
00-0037557,Ronnie Rivers,RB,LA,2026,27.58384668035592,1.9989720912986677,19.689875099291875,Low,0.01178788722872258,0.03799729364846573,0.04993928467341206
00-0029892,Kyle Juszczyk,RB,SF,2026,35.35934291581109,1.9165409931385509,26.831573903939713,Low,0.01178788722872258,0.03799729364846573,0.04993928467341206
00-0037594,Julius Chestnut,RB,TEN,2026,25.848049281314168,1.8840313861869504,30.803913164156643,Medium,0.01178788722872258,0.03799729364846573,0.04993928467341206
00-0040208,Tahj Brooks,RB,CIN,2026,24.303901437371664,1.844087722706612,25.356206187215914,Medium,0.01178788722872258,0.03799729364846573,0.04993928467341206
00-0036670,Jermar Jefferson,RB,MIN,2026,26.379192334017795,1.7893588712486834,25.051024197481567,Low,0.01178788722872258,0.03799729364846573,0.04993928467341206
00-0039407,Dylan Laube,RB,LV,2026,26.715947980835043,1.7544063446931308,29.824907859783224,Medium,0.01178788722872258,0.03799729364846573,0.04993928467341206
00-0039244,Chris Collier,RB,LV,2026,26.439425051334705,1.6572228899730377,23.201120459622526,Low,0.01178788722872258,0.03799729364846573,0.04993928467341206
00-0037304,Connor Heyward,RB,LV,2026,27.60848733744011,1.6570761811760677,23.199066536464947,Low,0.01178788722872258,0.03799729364846573,0.04993928467341206
00-0038896,Jacob Saylors,RB,DET,2026,26.483230663928815,1.6371322933227137,21.44643304252755,Medium,0.01178788722872258,0.03799729364846573,0.04993928467341206
00-0038614,Scott Matlock,RB,LAC,2026,26.17659137577002,1.5722196020831951,22.011074429164733,Low,0.01178788722872258,0.03799729364846573,0.04993928467341206
00-0031595,Michael Burton,RB,CLE,2026,34.58179329226557,1.5323363557821643,21.4527089809503,Low,0.01178788722872258,0.03799729364846573,0.04993928467341206
00-0036187,Reggie Gilliam,RB,NE,2026,29.032169746748803,1.4224728765416768,18.634394682695966,Medium,0.01178788722872258,0.03799729364846573,0.04993928467341206
00-0035125,Alec Ingold,RB,LAC,2026,30.14647501711157,1.4124060924435526,19.773685294209738,Low,0.01178788722872258,0.03799729364846573,0.04993928467341206
00-0040649,Robbie Ouzts,RB,SEA,2026,23.98631074606434,1.3342330806334468,11.407692839415969,Low,0.01178788722872258,0.03799729364846573,0.04993928467341206
00-0036842,Kene Nwangwu,RB,NYJ,2026,28.55852156057495,1.270947770324154,15.823299740535717,Medium,0.01178788722872258,0.03799729364846573,0.04993928467341206
00-0034959,Andrew Beck,RB,NYJ,2026,30.29705681040383,1.2522244607809925,17.531142450933896,Low,0.01178788722872258,0.03799729364846573,0.04993928467341206
00-0038488,Brady Russell,RB,SEA,2026,28.00273785078713,1.1420085458513338,14.218006395849105,Medium,0.01178788722872258,0.03799729364846573,0.04993928467341206
00-0033376,Patrick Ricard,RB,NYG,2026,32.26557152635181,1.1259120567671987,10.358390922258227,Low,0.01178788722872258,0.03799729364846573,0.04993928467341206
00-0037744,Trey McBride,TE,ARI,2026,26.77618069815195,11.798329032318494,200.5715935494144,High,0.6566016250440058,0.8968075005165839,0.05472630732607206
00-0039338,Brock Bowers,TE,LV,2026,23.718001368925393,10.502494074873727,144.40929352951375,Medium,0.3882705170304024,0.6287235939991077,0.08830754790902923
00-0033288,George Kittle,TE,SF,2026,32.8952772073922,10.41551995509289,136.44331141171685,Medium,0.48090987844248606,0.6564435447425377,0.02608239302027733
00-0038996,Tucker Kraft,TE,GB,2026,25.82614647501711,9.357656647872677,104.33787162378034,Medium,0.4046167894254771,0.5546150933727946,0.0225010823121271
00-0040663,Harold Fannin Jr.,TE,CLE,2026,22.116358658453116,8.652958161301907,141.4758659372862,High,0.3384425383531153,0.7396953323846037,0.04142359104591559
00-0030506,Travis Kelce,TE,KC,2026,36.90622861054072,8.522217414861402,144.87769605264384,High,0.28913056645504104,0.699346807611967,0.05661270038444604
00-0034351,Dallas Goedert,TE,PHI,2026,31.66050650239562,8.39805958557812,131.84953549357647,High,0.2230210014563289,0.371368132549585,0.02563580900468405
00-0036970,Kyle Pitts,TE,ATL,2026,25.90280629705681,8.131075297622107,138.22828005957584,High,0.3273535115064778,0.5092220659553626,0.05702893834592416
00-0040128,Tyler Warren,TE,IND,2026,24.27378507871321,8.064540822269247,137.0971939785772,High,0.3447978136744374,0.6062846536794092,0.17223513152233513
00-0039065,Sam LaPorta,TE,DET,2026,25.634496919917865,7.976155430033538,94.11863407439576,Medium,0.22367808272390843,0.3931397576650514,0.01929386840557622
00-0040126,Colston Loveland,TE,CHI,2026,22.39561943874059,7.938666850875042,129.79720301180694,High,0.23068115336038836,0.5426663027510079,0.12307708277907374
00-0033090,Hunter Henry,TE,NE,2026,31.734428473648187,7.8256663481432,133.03632791843438,High,0.2379222994136232,0.4961391116365895,0.05222747339467826
00-0036040,Juwan Johnson,TE,NO,2026,29.965776865160848,7.735544043987327,131.50424874778454,High,0.43010831249368503,0.5289258454141513,0.08564797460704239
00-0040189,Oronde Gadsden II,TE,LAC,2026,23.18685831622177,7.375585919146185,115.7966989305951,High,0.2031430147679524,0.5511547091495664,0.06711531676526958
00-0038933,Dalton Kincaid,TE,BUF,2026,26.872005475701577,6.880858845360834,94.61180912371147,Medium,0.2670521762141726,0.49494270031114934,0.05127451853708553
00-0041032,Kenyon Sadiq,TE,NYJ,2026,21.49486652977413,6.865775431248695,102.98663146873042,Rookie-Medium,0.02096149334757396,0.09813300541411318,0.2327759657085439
00-0034383,Dalton Schultz,TE,HOU,2026,30.140999315537304,6.8097986912774635,115.76657775171688,High,0.2809846899985536,0.41851709134523535,0.05222747339467826
00-0031610,Darren Waller,TE,CAR,2026,33.96577686516085,6.664736363326235,78.64388908724958,Medium,0.2335681923096939,0.5772209177836858,0.02101983719561385
00-0039847,Theo Johnson,TE,NYG,2026,25.51129363449692,6.5062272401076715,102.14776766969044,High,0.09562255385697084,0.36061901913377054,0.09174393255336652
00-0038041,Jake Ferguson,TE,DAL,2026,27.61943874058864,6.421555250730162,109.16643926241275,High,0.03209311174970122,0.15414185475398445,0.02859787373797856
00-0034753,Mark Andrews,TE,BAL,2026,30.98699520876112,6.3470068377670055,107.8991162420391,High,0.1551930116246058,0.34401194528006807,0.1040117459441405
00-0038935,Brenton Strange,TE,JAX,2026,25.678302532511974,6.338946992190811,87.16052114262365,Medium,0.2108054729314166,0.34343685949426506,0.01929386840557622
00-0038129,Cade Otton,TE,TB,2026,27.381245722108144,6.230668113597435,97.82148938347973,High,0.00783558736736372,0.05307169190889669,0.01608898368189851
00-0036894,Pat Freiermuth,TE,PIT,2026,27.852156057494867,6.159328860439871,96.70146310890597,High,0.08817187420660708,0.32854368003601797,0.01929386840557622
00-0033885,David Njoku,TE,LAC,2026,30.143737166324435,6.024347308017027,78.91894973502305,Medium,0.0066882212938757,0.12240433406645916,0.01929386840557622
00-0037809,Chig Okonkwo,TE,WAS,2026,26.981519507186857,5.819158933526976,98.9257018699586,High,0.05493890075782483,0.1359557482736453,0.01806375603268816
00-0035229,T.J. Hockenson,TE,MIN,2026,29.163586584531146,5.729767645036527,89.95735202707347,High,0.00823284074469057,0.21391810107184792,0.07562904527214866
00-0039793,AJ Barner,TE,SEA,2026,24.331279945242983,5.717904553812658,97.20437741481518,High,0.14961277220124003,0.2664946372524725,0.05856850859500506
00-0037112,Jake Tonges,TE,SF,2026,27.15126625598905,5.672766353653109,70.6259411029812,Medium,0.08702364262216913,0.35884963482543614,0.02101983719561385
00-0033881,Evan Engram,TE,DEN,2026,31.99726214921287,5.464664594325034,89.3472661172143,High,0.03174059549770419,0.2420204955747041,0.0169839308650146
00-0040736,Mason Taylor,TE,NYJ,2026,22.316221765913756,5.285006564452149,76.10409452811095,Medium,0.01485823345877521,0.3709870281806624,0.02856032116479455
00-0033858,Jonnu Smith,TE,GB,2026,31.028062970568104,5.166235221358232,87.82599876308994,High,0.04722187609469202,0.1948653000510669,0.05178271040638681
00-0033110,Tyler Higbee,TE,LA,2026,33.66461327857632,5.119183908563112,63.733839661610745,Medium,0.0066882212938757,0.07011682490289309,0.01929386840557622
00-0036244,Colby Parkinson,TE,LA,2026,27.64955509924709,5.09598150997113,76.69452172506551,High,0.08857398045986158,0.1617548224821516,0.098148969110947
00-0034829,Mike Gesicki,TE,CIN,2026,30.913073237508556,4.532054047921408,62.315743158919354,Medium,0.0066882212938757,0.02854522990318268,0.01773221922196824
00-0037838,Isaiah Likely,TE,NYG,2026,26.3709787816564,4.484583012662177,61.66301642410493,Medium,0.0066882212938757,0.02695998689276634,0.01773221922196824
00-0040737,Terrance Ferguson,TE,LA,2026,23.488021902806295,4.4816778098681596,58.70997930927289,Medium,0.0066882212938757,0.02328516780667057,0.0189644209553846
00-0036290,Cole Kmet,TE,CHI,2026,27.479808350444905,4.436386054167456,72.53491198563792,High,0.03449633046282639,0.06695224469516321,0.04181826986506059
00-0035689,Dawson Knox,TE,BUF,2026,29.796030116358654,4.320990590502065,70.64819615470877,High,0.01500562498164761,0.0503188580743177,0.0169839308650146
00-0040584,Gunnar Helm,TE,TEN,2026,23.98631074606434,4.29544102944569,70.23046083143703,High,0.01600112696921399,0.09861185797277502,0.02438414252325143
00-0035644,Noah Fant,TE,NO,2026,28.78028747433265,4.19127237453746,60.35432219333943,Medium,0.0066882212938757,0.05547631798088545,0.01773221922196824
00-0037252,Greg Dulcich,TE,MIA,2026,26.43394934976044,4.168921521036759,49.19327394823375,Medium,0.01001716636112873,0.10260298540958612,0.05596851694804711
00-0032392,Austin Hooper,TE,ATL,2026,31.84120465434634,3.964678622119127,57.09137215851543,Medium,0.0415696763122417,0.09973563793888358,0.01773221922196824
00-0039066,Michael Mayer,TE,LV,2026,25.155373032169745,3.9396142549937303,56.730445271909716,Medium,0.01196603520641852,0.0366941831418085,0.01773221922196824
00-0041395,Eli Raridon,TE,NE,2026,22.55167693360712,3.833152728623185,57.49729092934778,Rookie-Medium,0.0066882212938757,0.02328516780667057,0.02146912414951519
00-0041077,Justin Joly,TE,MIA,2026,22.14647501711157,3.768850671943499,56.53276007915249,Rookie-Medium,0.00683545124618517,0.03495530659933948,0.02146912414951519
00-0035249,Josh Oliver,TE,MIN,2026,29.44832306639288,3.735019487445765,51.35651795237927,Medium,0.0066882212938757,0.02328516780667057,0.01773221922196824
00-0039356,Ja'Tavion Sanders,TE,CAR,2026,23.433264887063658,3.701978123153447,50.9021991933599,Medium,0.0066882212938757,0.02328516780667057,0.0189644209553846
00-0041558,Sam Roush,TE,CHI,2026,22.98699520876112,3.6334225773398248,54.501338660097375,Rookie-Medium,0.0066882212938757,0.02328516780667057,0.0189644209553846
00-0038558,Darnell Washington,TE,PIT,2026,25.0403832991102,3.619120455659473,52.11533456149641,Medium,0.0066882212938757,0.02695998689276634,0.02504346723907324
00-0034270,Tyler Conklin,TE,DET,2026,31.091033538672143,3.4520330819667193,34.002525857372184,Low,0.0066882212938757,0.02328516780667057,0.01773221922196824
00-0041483,Eli Stowers,TE,PHI,2026,23.381245722108144,3.431387178498645,51.47080767747968,Rookie-Medium,0.0066882212938757,0.02328516780667057,0.0189644209553846
00-0037005,Tommy Tremble,TE,CAR,2026,26.247775496235455,3.3546603448920864,52.66816741480575,High,0.0066882212938757,0.02328516780667057,0.01773221922196824
00-0041041,Oscar Delp,TE,NO,2026,23.077344284736483,3.3241918656040337,49.8628779840605,Rookie-Medium,0.0066882212938757,0.02328516780667057,0.0189644209553846
00-0041510,Max Klare,TE,LA,2026,23.15126625598905,3.3241918656040337,49.8628779840605,Rookie-Medium,0.0066882212938757,0.02328516780667057,0.0189644209553846
00-0040194,Jackson Hawes,TE,BUF,2026,25.73579739904175,3.226653199522985,46.46380607313098,Medium,0.0066882212938757,0.02328516780667057,0.01773221922196824
00-0036637,Noah Gray,TE,KC,2026,27.34017796030116,3.196983036622981,48.11459470117587,High,0.0066882212938757,0.02328516780667057,0.01773221922196824
00-0038115,Daniel Bellinger,TE,TEN,2026,25.94113620807666,3.178198085225885,45.766052427252745,Medium,0.0066882212938757,0.02328516780667057,0.01773221922196824
00-0041116,Jack Endries,TE,CIN,2026,22.43394934976044,3.1410341300228337,47.11551195034251,Rookie-Medium,0.0066882212938757,0.02328516780667057,0.05040136783035073
00-0041472,Marlin Klein,TE,HOU,2026,23.956194387405887,3.0885230635476137,46.32784595321421,Rookie-Medium,0.0066882212938757,0.02328516780667057,0.0189644209553846
00-0040739,Elijah Arroyo,TE,SEA,2026,23.408624229979463,3.074878907194179,44.27825626359618,Medium,0.0066882212938757,0.02328516780667057,0.0189644209553846
00-0041524,Will Kacmarek,TE,MIA,2026,23.550992470910337,3.04697248558014,45.7045872837021,Rookie-Medium,0.0066882212938757,0.02328516780667057,0.0189644209553846
00-0036754,Brock Wright,TE,DET,2026,27.761806981519506,3.014848064489448,33.61555591905735,Medium,0.0066882212938757,0.02328516780667057,0.01773221922196824
00-0039074,Davis Allen,TE,LA,2026,25.57426420260096,2.9057757010584155,45.620678506617125,High,0.0066882212938757,0.02328516780667057,0.01773221922196824
00-0036422,Adam Trautman,TE,DEN,2026,29.568788501026695,2.8845919968705793,41.53812475493634,Medium,0.0066882212938757,0.02328516780667057,0.01773221922196824
00-0039144,Luke Musgrave,TE,GB,2026,25.9958932238193,2.8579154347572984,41.153982260505096,Medium,0.0066882212938757,0.02328516780667057,0.01773221922196824
00-0041084,Tanner Koziol,TE,JAX,2026,22.5927446954141,2.8192573911248977,42.28886086687346,Rookie-Medium,0.0066882212938757,0.02328516780667057,0.02146912414951519
00-0039912,Ben Sinnott,TE,WAS,2026,24.21629021218343,2.7968587697058815,33.00293348252941,Medium,0.0066882212938757,0.02328516780667057,0.0189644209553846
00-0039041,Elijah Higgins,TE,ARI,2026,25.845311430527037,2.788018883026626,47.39632101145264,High,0.0066882212938757,0.02328516780667057,0.0169839308650146
00-0041577,Connor Hulstein,TE,NYJ,2026,0,2.785395260485942,41.78092890728913,Rookie-Medium,0.0066882212938757,0.24092910962816763,0.05040136783035073
00-0037004,Hunter Long,TE,ARI,2026,28.035592060232716,2.784015901256189,29.232166963189982,Low,0.0066882212938757,0.02328516780667057,0.01773221922196824
00-0040187,Mitchell Evans,TE,CAR,2026,23.290896646132783,2.7757016164957493,41.774309328261026,High,0.0066882212938757,0.02328516780667057,0.0189644209553846
00-0034981,Foster Moreau,TE,HOU,2026,29.322381930184804,2.6522791388375873,27.848930957794668,Low,0.0066882212938757,0.02328516780667057,0.01773221922196824
00-0037805,Jeremy Ruckert,TE,NYJ,2026,26.05612594113621,2.611982782001556,39.31034086912342,High,0.0066882212938757,0.02328516780667057,0.01773221922196824
00-0041503,Nate Boerkircher,TE,JAX,2026,24.99110198494182,2.5825352126031964,38.738028189047945,Rookie-Medium,0.0066882212938757,0.02328516780667057,0.0189644209553846
00-0038046,Charlie Kolar,TE,LAC,2026,27.5564681724846,2.5682885073145107,36.983354505328954,Medium,0.0066882212938757,0.02328516780667057,0.01773221922196824
00-0038589,Josh Whyle,TE,GB,2026,26.981519507186857,2.557024642393047,25.18669272757151,Low,0.0066882212938757,0.02328516780667057,0.01773221922196824
00-0040879,Matthew Hibner,TE,BAL,2026,24.48186173853525,2.4959423592704044,37.43913538905607,Rookie-Medium,0.0066882212938757,0.02328516780667057,0.0189644209553846
00-0038547,Luke Schoonmaker,TE,DAL,2026,27.926078028747433,2.4369373278748196,36.67590678451604,High,0.0066882212938757,0.02328516780667057,0.01773221922196824
00-0035631,Drew Sample,TE,CIN,2026,30.376454483230663,2.3667483352849334,32.54278961016784,Medium,0.0066882212938757,0.02328516780667057,0.01773221922196824
00-0034365,Ian Thomas,TE,LV,2026,30.236824093086927,2.355667283576443,27.79687394620203,Medium,0.0066882212938757,0.02328516780667057,0.01773221922196824
00-0037086,Grant Calcaterra,TE,PHI,2026,27.742642026009584,2.347856971000141,27.704712257801663,Medium,0.0066882212938757,0.02328516780667057,0.01773221922196824
00-0038783,Nate Adkins,TE,DEN,2026,27.148528405201915,2.3261879532637866,22.9129513396483,Low,0.0066882212938757,0.02328516780667057,0.01773221922196824
00-0033217,Mo Alie-Cox,TE,IND,2026,32.95003422313484,2.3174934051034852,30.359163606855656,Medium,0.0066882212938757,0.02328516780667057,0.01773221922196824
00-0040901,Jaren Kanak,TE,TEN,2026,22.55715263518138,2.316929246966746,34.753938704501195,Rookie-Medium,0.0066882212938757,0.02328516780667057,0.05040136783035073
00-0039359,Cade Stover,TE,HOU,2026,26.220396988364133,2.3148323592053757,22.80109873817295,Low,0.0066882212938757,0.02328516780667057,0.01773221922196824
00-0033246,Johnny Mundt,TE,PHI,2026,31.77275838466803,2.2748583164009557,31.27930185051314,Medium,0.0066882212938757,0.02328516780667057,0.01773221922196824
00-0040887,Josh Cuevas,TE,BAL,2026,23.93429158110883,2.2366254126409517,33.54938118961427,Rookie-Medium,0.0066882212938757,0.02328516780667057,0.0189644209553846
00-0040244,Moliki Matavao,TE,NO,2026,23.460643394934976,2.2250285544721673,17.80022843577734,Low,0.0066882212938757,0.02328516780667057,0.0189644209553846
00-0038720,Julian Hill,TE,NE,2026,26.14647501711157,2.2142348792822077,29.00647691859692,Medium,0.0066882212938757,0.02328516780667057,0.01773221922196824
00-0036628,John Bates,TE,WAS,2026,28.8186173853525,2.2107242436025003,27.523516832851126,Medium,0.0066882212938757,0.02328516780667057,0.01773221922196824
00-0041398,Riley Nowakowski,TE,PIT,2026,24.17248459958932,2.182809927244826,32.74214890867239,Rookie-Medium,0.0066882212938757,0.02328516780667057,0.0189644209553846
00-0041087,Joe Royer,TE,CLE,2026,24.514715947980836,2.172301413445477,32.58452120168216,Rookie-Medium,0.0066882212938757,0.02328516780667057,0.0189644209553846
00-0041579,Seydou Traore,TE,MIA,2026,24.05475701574264,2.101994667258916,31.529920008883742,Rookie-Medium,0.0066882212938757,0.02328516780667057,0.0189644209553846
00-0041094,Bauer Sharp,TE,TB,2026,23.33196440793977,2.091284062253613,31.369260933804192,Rookie-Medium,0.0066882212938757,0.02328516780667057,0.0189644209553846
00-0040363,Keleki Latu,TE,BUF,2026,24.05201916495551,2.073826256679415,16.59061005343532,Low,0.0066882212938757,0.02328516780667057,0.0189644209553846
00-0036887,Luke Farrell,TE,SF,2026,28.88158795345654,2.030607161961057,29.24074313223922,Medium,0.0066882212938757,0.02328516780667057,0.01773221922196824
00-0041131,Carsen Ryan,TE,CLE,2026,23.030800821355236,2.0020477696185353,30.03071654427803,Rookie-Medium,0.0066882212938757,0.02328516780667057,0.0189644209553846
00-0038809,Ben Sims,TE,MIA,2026,26.2943189596167,1.965058252372583,15.720466018980664,Low,0.0066882212938757,0.02328516780667057,0.01773221922196824
00-0038394,Will Mallory,TE,IND,2026,27.195071868583163,1.9278487751982265,15.422790201585812,Low,0.0066882212938757,0.02328516780667057,0.01773221922196824
00-0040955,John Michael Gyllenborg,TE,KC,2026,24.0684462696783,1.847061787744605,27.705926816169075,Rookie-Medium,0.0066882212938757,0.02328516780667057,0.0189644209553846
00-0041366,Jameson Geers,TE,ARI,2026,23.73990417522245,1.847061787744605,27.705926816169075,Rookie-Medium,0.0066882212938757,0.02328516780667057,0.0189644209553846
00-0039737,Tip Reiman,TE,ARI,2026,24.955509924709105,1.7877035979465812,14.30162878357265,Low,0.0066882212938757,0.02328516780667057,0.0189644209553846
00-0041314,Tanner Arkin,TE,NE,2026,23.15400410677618,1.7601920153018882,26.40288022952832,Rookie-Medium,0.0066882212938757,0.02328516780667057,0.0189644209553846
00-0041170,Hayden Large,TE,CHI,2026,24.432580424366872,1.7496835015025392,26.245252522538088,Rookie-Medium,0.0066882212938757,0.02328516780667057,0.0189644209553846
00-0040938,DJ Rogers,TE,DAL,2026,24.80766598220397,1.71132188794331,25.66982831914965,Rookie-Medium,0.0066882212938757,0.02328516780667057,0.0189644209553846
00-0039050,Payne Durham,TE,TB,2026,26.21218343600274,1.6925052229816206,18.87143323624507,Medium,0.0066882212938757,0.02328516780667057,0.01773221922196824
00-0037755,Jelani Woods,TE,NYJ,2026,27.89596167008898,1.651378643870991,13.211029150967928,Low,0.0066882212938757,0.02328516780667057,0.01773221922196824
00-0041133,Dallen Bentley,TE,DEN,2026,25.66735112936345,1.637754900516437,24.566323507746553,Rookie-Medium,0.0066882212938757,0.02328516780667057,0.01773221922196824
00-0040853,Carson Towt,TE,IND,2026,25.251197809719372,1.637754900516437,24.566323507746553,Rookie-Medium,0.0066882212938757,0.02328516780667057,0.01773221922196824
00-0041180,Quentin Moore,TE,WAS,2026,26.015058179329227,1.637754900516437,24.566323507746553,Rookie-Medium,0.0066882212938757,0.02328516780667057,0.01773221922196824
00-0033757,Robert Tonyan,TE,PIT,2026,32.33949349760438,1.6279990042353207,13.023992033882566,Low,0.0066882212938757,0.02328516780667057,0.01773221922196824
00-0036590,Quintin Morris,TE,JAX,2026,27.61122518822724,1.5598595638333277,20.434160286216592,Medium,0.0066882212938757,0.02328516780667057,0.01773221922196824
00-0037292,Andrew Ogletree,TE,IND,2026,28.095824777549623,1.5150936374039496,19.84772664999174,Medium,0.0066882212938757,0.02328516780667057,0.01773221922196824
00-0036876,Kylen Granson,TE,TEN,2026,28.432580424366872,1.4890179144717557,20.47399632398664,Medium,0.0066882212938757,0.02328516780667057,0.01773221922196824
00-0039530,Brevyn Spann-Ford,TE,DAL,2026,26.680355920602327,1.480751245621245,24.21028286590736,High,0.0066882212938757,0.02328516780667057,0.0169839308650146
00-0033576,Eric Saubert,TE,SEA,2026,32.31485284052019,1.473226253031965,17.38406978577719,Medium,0.0066882212938757,0.02328516780667057,0.01773221922196824
00-0036429,Charlie Woerner,TE,ATL,2026,28.876112251882272,1.4633596351750804,15.365276169338344,Low,0.0066882212938757,0.02328516780667057,0.01773221922196824
00-0039824,Jared Wiley,TE,KC,2026,25.828884325804243,1.404493579066495,11.23594863253196,Low,0.0066882212938757,0.02328516780667057,0.01773221922196824
00-0034798,Durham Smythe,TE,BAL,2026,31.06365503080082,1.3164379800896873,13.822598790941717,Low,0.0066882212938757,0.02328516780667057,0.01773221922196824
00-0039648,David Martin-Robinson,TE,TEN,2026,26.68309377138946,1.2517049131803668,16.397334362662804,Medium,0.0066882212938757,0.02328516780667057,0.01773221922196824
00-0038710,Blake Whiteheart,TE,CLE,2026,26.444900752908968,1.2320256256047473,14.537902382136018,Medium,0.0066882212938757,0.02328516780667057,0.01773221922196824
00-0040488,Carter Runyon,TE,LV,2026,25.1088295687885,1.1905718376577583,9.524574701262067,Low,0.0066882212938757,0.02328516780667057,0.0189644209553846
00-0031484,Chris Manhertz,TE,NYG,2026,34.392881587953454,1.1888553586390989,10.164713316364294,Low,0.0066882212938757,0.02328516780667057,0.01773221922196824
00-0038564,Cameron Latu,TE,NE,2026,26.518822724161534,1.1839358775978086,14.740001676092715,Medium,0.0066882212938757,0.02328516780667057,0.01773221922196824
00-0040215,Gavin Bartholomew,TE,MIN,2026,23.34017796030116,1.1769067165469018,16.476694031656624,Low,0.0066882212938757,0.02328516780667057,0.0189644209553846
00-0040225,Thomas Fidone II,TE,NYG,2026,23.94798083504449,1.1769067165469018,9.415253732375215,Low,0.0066882212938757,0.02328516780667057,0.0189644209553846
00-0040509,Ben Yurosek,TE,MIN,2026,24.459958932238195,1.118684079252324,11.019038180635391,Low,0.0066882212938757,0.02328516780667057,0.0189644209553846
00-0039814,Erick All,TE,CIN,2026,25.965776865160848,1.1082352666793178,15.51529373351045,Low,0.0066882212938757,0.02328516780667057,0.01773221922196824
00-0040240,Caleb Lohner,TE,DEN,2026,24.917180013689254,1.1029468244865557,15.44125554281178,Low,0.0066882212938757,0.02328516780667057,0.0189644209553846
00-0036556,Brevin Jordan,TE,HOU,2026,26.127310061601644,1.0794579773341573,15.112411682678202,Low,0.0066882212938757,0.02328516780667057,0.01773221922196824
00-0037078,Cole Turner,TE,MIA,2026,26.46132785763176,1.0584037671676405,14.817652740346967,Low,0.0066882212938757,0.02328516780667057,0.01773221922196824
00-0040390,Jackson Meeks,TE,DET,2026,23.44147843942505,1.0568339578784718,14.795675410298605,Low,0.0066882212938757,0.02328516780667057,0.0189644209553846
00-0040081,Jake Briningstool,TE,KC,2026,23.72895277207392,1.0547955792923978,14.767138110093569,Low,0.0066882212938757,0.02328516780667057,0.0189644209553846
00-0040504,Bryson Nesbit,TE,MIN,2026,23.93429158110883,1.0547955792923978,14.767138110093569,Low,0.0066882212938757,0.02328516780667057,0.0189644209553846
00-0039686,Colson Yankoff,TE,WAS,2026,26.50239561943874,1.0330143761154091,12.861028982636842,Medium,0.0066882212938757,0.02328516780667057,0.01773221922196824
00-0037311,Ko Kieft,TE,TB,2026,28.61327857631759,1.0227346400967576,8.181877120774061,Low,0.0066882212938757,0.02328516780667057,0.01773221922196824
00-0040598,Mark Redman,TE,GB,2026,24.61327857631759,0.9869256293917504,13.816958811484506,Low,0.0066882212938757,0.02328516780667057,0.0189644209553846
00-0037031,Nikola Kalinic,TE,CHI,2026,29.609856262833677,0.9705932210368308,7.764745768294646,Low,0.0066882212938757,0.02328516780667057,0.01773221922196824
00-0038498,E.J. Jenkins,TE,PHI,2026,27.82751540041068,0.9502687602752556,7.602150082202045,Low,0.0066882212938757,0.02328516780667057,0.01773221922196824
00-0038145,Thomas Odukoya,TE,KC,2026,29.32511978097194,0.9290879255117968,13.007230957165154,Low,0.0066882212938757,0.02328516780667057,0.01773221922196824
00-0038735,Princeton Fant,TE,DAL,2026,27.477070499657767,0.9290879255117968,7.432703404094374,Low,0.0066882212938757,0.02328516780667057,0.01773221922196824
00-0039263,McCallan Castles,TE,GB,2026,26.746064339493497,0.9290879255117968,13.007230957165154,Low,0.0066882212938757,0.02328516780667057,0.01773221922196824
00-0039936,Thomas Yassmin,TE,GB,2026,26.863791923340177,0.9290879255117968,13.007230957165154,Low,0.0066882212938757,0.02328516780667057,0.01773221922196824
00-0040058,Nick Kallerup,TE,SEA,2026,25.43189596167009,0.9000782560991933,7.695669089648102,Low,0.0066882212938757,0.02328516780667057,0.01773221922196824
00-0036825,Feleipe Franks,TE,CAR,2026,28.692676249144423,0.8994385225055306,11.198009605193855,Medium,0.0066882212938757,0.02328516780667057,0.01773221922196824
00-0039075,Puka Nacua,WR,LA,2026,25.259411362080765,14.539056789751507,237.71357851243715,High,0.8224034779177342,0.9349944451027792,0.10643130155166285
00-0036900,Ja'Marr Chase,WR,CIN,2026,26.50239561943874,14.469795306449871,236.5811532604554,High,0.7203704783552609,0.8281449303475483,0.07011809502464342
00-0038543,Jaxon Smith-Njigba,WR,SEA,2026,24.54483230663929,13.29707385253668,226.05025549312356,High,0.7534942022914112,0.8008226161770149,0.0798715645954408
00-0036963,Amon-Ra St. Brown,WR,DET,2026,26.855578370978783,13.12725139157673,223.1632736568044,High,0.6525828325661439,0.8419199309813561,0.03750581188103934
00-0036322,Justin Jefferson,WR,MIN,2026,27.21149897330595,11.733411649711597,199.46799804509715,High,0.2968122208754631,0.6267104023379949,0.22646052435823127
00-0036410,Tee Higgins,WR,CIN,2026,27.61943874058864,11.688970403695642,183.51683533802156,High,0.32003919965171657,0.6691739954275361,0.02769118132140576
00-0037238,Drake London,WR,ATL,2026,25.10609171800137,11.579057196313338,159.21203644930839,Medium,0.3562683568417204,0.6243438010754453,0.06447220953330665
00-0036358,CeeDee Lamb,WR,DAL,2026,27.40041067761807,11.56826615205397,166.5830325895772,Medium,0.4578810181219962,0.8412370031709686,0.13419575041705337
00-0031381,Davante Adams,WR,LA,2026,33.686516084873375,11.417722599621454,171.8367251243029,High,0.2341549144826781,0.49577912686247105,0.06931475300055653
00-0036554,Nico Collins,WR,HOU,2026,27.45516769336071,11.194847757118843,175.75910978676583,High,0.3611871893177159,0.7514967273498213,0.07493934606898876
00-0039337,Malik Nabers,WR,NYG,2026,23.096509240246405,11.052581217707598,94.49956941139995,Low,0.24616292519599264,0.632980221857553,0.10831139501457202
00-0035676,A.J. Brown,WR,NE,2026,29.17180013689254,10.95780968298154,172.03761202281018,High,0.4037885615752464,0.6706670666100123,0.02836617251172512
00-0037247,George Pickens,WR,DAL,2026,25.49486652977413,10.712307094479756,182.10922060615587,High,0.3363764316213861,0.6607733020683991,0.08434752680134266
00-0037239,Chris Olave,WR,NO,2026,26.17932922655715,10.56424207991791,172.72535800665784,High,0.28313590885551815,0.6071756523148876,0.05193382386646539
00-0039067,Rashee Rice,WR,KC,2026,26.360027378507873,10.469411230516284,116.73393522025657,Medium,0.4405941008188253,0.7190561266061534,0.0859057875935818
00-0039064,Zay Flowers,WR,BAL,2026,25.971252566735114,10.419593286586563,177.1330858719716,High,0.237902648555077,0.747103967541587,0.04184386310098842
00-0037240,Jameson Williams,WR,DET,2026,25.43463381245722,10.322853351193856,175.48850697029556,High,0.0930874243313735,0.6645515069780689,0.1294632959069212
00-0040129,Emeka Egbuka,WR,TB,2026,23.88227241615332,9.980801892223877,169.6736321678059,High,0.07426460677645685,0.5450132069948004,0.187018654381488
00-0039893,Brian Thomas Jr.,WR,JAX,2026,23.89869952087611,9.944730396954888,149.66819247417106,High,0.1015716923793112,0.5136890557641072,0.2612995833581429
00-0038117,Wan'Dale Robinson,WR,TEN,2026,25.65366187542779,9.898665244705684,161.84317675093794,High,0.1571264626352161,0.5033774096239327,0.16430573563146816
00-0040124,Tetairoa McMillan,WR,CAR,2026,23.408624229979463,9.892045540367336,168.16477418624473,High,0.07728759968704439,0.460636393287192,0.08462309149511879
00-0038544,Quentin Johnston,WR,LAC,2026,24.985626283367555,9.70749036804858,139.78786129989956,Medium,0.18442336734683148,0.6355079387756286,0.08460152089160147
00-0034348,Courtland Sutton,WR,DEN,2026,30.89390828199863,9.66762615127545,164.34964457168263,High,0.1245943052617096,0.5128657663292383,0.04715759250080922
00-0039915,Ladd McConkey,WR,LAC,2026,24.804928131416837,9.481357892133213,155.02020153637804,High,0.04099879880069505,0.4425782163569913,0.13958514791744267
00-0037664,Alec Pierce,WR,IND,2026,26.33264887063655,9.357494487771955,146.9126634580197,High,0.06771282959059725,0.3436313941386807,0.1312180400518086
00-0035640,DK Metcalf,WR,PIT,2026,28.71457905544148,9.324667503945925,146.39727981195102,High,0.0912331381353604,0.6730309321536126,0.03520386927362763
00-0036912,DeVonta Smith,WR,PHI,2026,27.797399041752225,9.218365126473394,156.7122071500477,High,0.06563601820540828,0.2956952441205029,0.06049387996327051
00-0035659,Terry McLaurin,WR,WAS,2026,30.962354551676935,9.151917420244237,113.94137188204074,Medium,0.15159513402474642,0.3674535834873297,0.03350840721787543
00-0036613,Jaylen Waddle,WR,DEN,2026,27.76728268309377,9.02746194379872,147.59900278110908,High,0.04836809823088802,0.29337628618452,0.02810863016413853
00-0037740,Garrett Wilson,WR,NYJ,2026,26.11088295687885,8.684035135463336,91.18236892236503,Low,0.17511408646661417,0.44318486918884664,0.09711159033207468
00-0041438,Carnell Tate,WR,TEN,2026,21.61533196440794,8.660391224684576,129.90586837026862,Rookie-Medium,0.0621724182745371,0.23305325414693903,0.20061129095955132
00-0038124,Christian Watson,WR,GB,2026,27.307323750855577,8.531835445652588,106.22135129837471,Medium,0.09127264204882148,0.29860795976475174,0.08196110591235191
00-0038559,Michael Wilson,WR,ARI,2026,26.521560574948666,8.448182400928545,143.61910081578526,High,0.08965559005966021,0.350225829362457,0.07953731531671092
00-0041029,Jordyn Tyson,WR,NO,2026,22.05338809034908,8.436811841172839,126.55217761759258,Rookie-Medium,0.0621724182745371,0.23305325414693903,0.16970498929629352
00-0036259,Jauan Jennings,WR,MIN,2026,29.144421629021217,8.42860643037999,132.32912095696582,High,0.08054454102566758,0.3872455816834068,0.0374215147970553
00-0038994,Jordan Addison,WR,MIN,2026,24.594113620807665,8.41620867380963,126.66394054083493,High,0.1001095459187864,0.3457257374476817,0.16715258417660792
00-0039919,Rome Odunze,WR,CHI,2026,24.246406570841888,8.359550168376375,114.94381481517514,Medium,0.07990301448236192,0.22835887273357944,0.07943073886046213
00-0041511,Omar Cooper Jr.,WR,NYJ,2026,22.715947980835043,8.319289805775213,124.7893470866282,Rookie-Medium,0.03429867257819892,0.19900272979163416,0.1565319427910622
00-0036252,Michael Pittman,WR,PIT,2026,28.90622861054073,8.269555109051389,140.58243685387362,High,0.02986862571498036,0.3193852674135192,0.04794990053567647
00-0031588,Stefon Diggs,WR,WAS,2026,32.75564681724846,8.16156150299613,138.74654555093423,High,0.12843505498933488,0.37798143741083984,0.07580674473572693
00-0034960,Jakobi Meyers,WR,JAX,2026,29.809719370294317,8.111448078492208,132.6221760833476,High,0.10198875731875764,0.3763313413340989,0.10388280471114436
00-0031408,Mike Evans,WR,SF,2026,33.02943189596167,8.096698644532026,90.27818988653209,Medium,0.06386950888324595,0.21332522802624576,0.06892189905862425
00-0040867,Makai Lemon,WR,PHI,2026,22.247775496235455,7.9798207260821314,119.69731089123198,Rookie-Medium,0.03173360999749166,0.1567915947910262,0.1379512241046126
00-0041547,KC Concepcion,WR,CLE,2026,21.93566050650239,7.962917416125554,119.44376124188331,Rookie-Medium,0.03984218202945458,0.15076868165845683,0.1263285204990158
00-0041035,De'Zhaun Stribling,WR,SF,2026,23.704312114989733,7.894210703738371,118.41316055607557,Rookie-Medium,0.03442609148503509,0.3696364633373261,0.20634696055712656
00-0035719,Deebo Samuel Sr.,WR,SF,2026,30.628336755646817,7.8849949877176995,128.9196680491844,High,0.03169902779797374,0.4287744448027455,0.0631113578891654
00-0039849,Marvin Harrison Jr.,WR,ARI,2026,24.057494866529773,7.606373307873864,104.58763298326562,Medium,0.02304952752309493,0.10634200795201908,0.1429423720665037
00-0039868,Troy Franklin,WR,DEN,2026,23.567419575633128,7.460480058794912,126.8281609995135,High,0.02313956534558353,0.3613902930230892,0.16860642277439356
00-0040735,Luther Burden III,WR,CHI,2026,22.72142368240931,7.419206023124152,116.48153456304918,High,0.01678121125007118,0.30307035871118543,0.18532179649372724
00-0030279,Keenan Allen,WR,IND,2026,34.34633812457221,7.238502827608111,123.0545480693379,High,0.03569894149000845,0.3393617985619054,0.03226996556888746
00-0039146,Jayden Reed,WR,GB,2026,26.34360027378508,7.027386539127935,64.651956159977,Low,0.02773195030635388,0.18606781946655424,0.111505765111715
00-0041037,Denzel Boston,WR,CLE,2026,22.7378507871321,6.974110296268152,104.61165444402228,Rookie-Medium,0.01179894468864918,0.09259939391732594,0.17262651529522072
00-0037816,Romeo Doubs,WR,NE,2026,26.38466803559206,6.956816509172265,113.74394992496654,High,0.0181294794640756,0.21764837812481155,0.04104196702963132
00-0033921,Chris Godwin Jr.,WR,TB,2026,30.510609171800137,6.943772683344373,81.9365176634636,Medium,0.06922909472597676,0.2054478454985779,0.03935455633730588
00-0039901,Keon Coleman,WR,BUF,2026,23.29363449691992,6.800053203567262,93.50073154904985,Medium,0.00986789249870311,0.13768441784695465,0.09244511626724232
00-0037261,Khalil Shakir,WR,BUF,2026,26.576317590691307,6.7526740948938535,110.40622145151451,High,0.00961727258795719,0.3194165996182969,0.08031085958686036
00-0034827,DJ Moore,WR,BUF,2026,29.38261464750171,6.724432758344857,114.31535689186258,High,0.02901866152303144,0.37476435522470414,0.02463705024894858
00-0039916,Ricky Pearsall,WR,SF,2026,25.976728268309376,6.624334727953645,78.16714978985301,Medium,0.04495612115344907,0.2523109834049352,0.15931808630637018
00-0038606,Parker Washington,WR,JAX,2026,24.449007529089663,6.604095785336502,107.9769660902518,High,0.01183824196120591,0.26018573725015914,0.07431074263949983
00-0041489,Germie Bernard,WR,PIT,2026,22.748802190280628,6.503081581691112,97.54622372536669,Rookie-Medium,0.00841799712432292,0.1373882317792402,0.16430328006071662
00-0036407,Jerry Jeudy,WR,CLE,2026,27.356605065023956,6.1911304812922445,105.24921818196816,High,0.01275150770041523,0.1688086485717718,0.10698316927561025
00-0040718,Travis Hunter,WR,JAX,2026,23.290896646132783,6.177577591921913,86.48608628690678,Low,0.00920653780899234,0.2659520618213746,0.23353796357483267
00-0038997,Josh Downs,WR,IND,2026,25.05407255304586,6.1484600102944,100.52732116831345,High,0.00841799712432292,0.15243716883330705,0.11103560883226428
00-0040170,Elic Ayomanor,WR,TEN,2026,23.247091033538673,6.143766441744285,100.45058132251907,High,0.00841799712432292,0.1434122184000325,0.12862692396784134
00-0039894,Xavier Worthy,WR,KC,2026,23.34839151266256,6.143081626821381,92.4533784836618,High,0.0135154722719477,0.25752488278500846,0.30170877177065103
00-0039890,Adonai Mitchell,WR,NYJ,2026,23.89869952087611,6.138484981201703,100.36422944264785,High,0.00841799712432292,0.20574335606669863,0.25451419011774146
00-0038563,Tre Tucker,WR,LV,2026,25.4839151266256,6.116729833956939,103.98440717726797,High,0.02142023236794189,0.32644880075346644,0.08943769732810121
00-0040130,Jayden Higgins,WR,HOU,2026,23.71252566735113,6.112663929313877,103.91528679833591,High,0.01372291556452633,0.10128578597317751,0.2002220596397703
00-0037545,Rashid Shaheed,WR,SEA,2026,28.00273785078713,5.969465031015677,101.4809055272665,High,0.00841799712432292,0.23110047784169013,0.16054230464702451
00-0038608,Kayshon Boutte,WR,HOU,2026,24.320328542094455,5.965039217027353,89.77384021626168,High,0.01481834298024132,0.1361492125372188,0.19506465244419993
00-0039855,Jalen McMillan,WR,TB,2026,24.733744010951405,5.70959797438523,48.81706268099371,Low,0.00841799712432292,0.1478814941260829,0.03890149189136097
00-0034837,Calvin Ridley,WR,TEN,2026,31.698836413415467,5.559205649406872,58.37165931877215,Low,0.01170316910436892,0.10851197205692292,0.02547177610692247
00-0039491,Jalen Coker,WR,CAR,2026,24.83778234086242,5.537393732228982,72.53985789219966,Medium,0.00841799712432292,0.03390345575058491,0.09162937674121983
00-0033908,Cooper Kupp,WR,SEA,2026,33.21286789869952,5.42641663442179,88.72191197279628,High,0.00841799712432292,0.11866322582511796,0.0634309205830751
00-0040134,Pat Bryant,WR,DEN,2026,23.72621492128679,5.396463142447545,77.70906925124466,Medium,0.00841799712432292,0.0282850905378907,0.15996187388283442
00-0038393,Dontayvion Wicks,WR,PHI,2026,25.21013004791239,5.2683406984483385,75.86410605765607,Medium,0.00841799712432292,0.02429227950500554,0.08879867281551493
00-0040237,Tez Johnson,WR,TB,2026,24.290212183436,5.265400642436032,82.6667900862457,High,0.00841799712432292,0.02429227950500554,0.10603178999299788
00-0040648,Tory Horton,WR,SEA,2026,23.756331279945243,5.170221206293937,57.6479664501774,Medium,0.00841799712432292,0.02885953863054032,0.07613952975871399
00-0040705,Chimere Dike,WR,TEN,2026,24.71457905544148,5.086368062735555,86.46825706650444,High,0.00841799712432292,0.02429227950500554,0.10507315619832051
00-0038104,Tyquan Thornton,WR,KC,2026,26.067077344284737,5.001437626741889,68.76976736770096,Medium,0.00841799712432292,0.05332561984736656,0.15422780156031962
00-0040667,Matthew Golden,WR,GB,2026,23.085557837097877,4.956417180242753,74.59407856265344,High,0.0111537297382739,0.1514955954295678,0.13201150629229794
00-0035662,Marquise Brown,WR,PHI,2026,29.242984257357975,4.842610204396487,79.17667684188257,High,0.00981248957693295,0.11248765356627564,0.02507180775738181
00-0038621,DeMario Douglas,WR,NE,2026,25.730321697467488,4.756291489460857,77.76536585268502,High,0.00841799712432292,0.02429227950500554,0.07732820715525711
00-0039342,Xavier Legette,WR,CAR,2026,25.587953456536617,4.740618122296925,74.42770452006172,High,0.01239642627533662,0.14167291255750958,0.16472915253849268
00-0036309,Darnell Mooney,WR,NYG,2026,28.840520191649556,4.731468281029361,74.28405201216097,High,0.00841799712432292,0.09093455480749162,0.14815474009179697
00-0037837,Calvin Austin III,WR,NYG,2026,27.44147843942505,4.710109343281109,70.8871456163807,High,0.00841799712432292,0.02429227950500554,0.08018721925681373
00-0038976,Marvin Mims Jr.,WR,DEN,2026,24.45448323066393,4.643179845032319,72.8979235670074,High,0.00841799712432292,0.0276158418743433,0.2101698037126616
00-0038679,Tyrell Shavers,WR,BUF,2026,27.039014373716633,4.630099641363999,60.654305301868384,Medium,0.00841799712432292,0.0666020393125863,0.03022664077668603
00-0037291,Jalen Nailor,WR,LV,2026,27.50171115674196,4.607964403644515,78.33539486195676,High,0.00841799712432292,0.02429227950500554,0.03905574455079965
00-0038619,Andrei Iosivas,WR,CIN,2026,26.88021902806297,4.553013380330322,71.48231007118605,High,0.00841799712432292,0.02429227950500554,0.04096388792718797
00-0038618,Xavier Hutchinson,WR,HOU,2026,26.250513347022583,4.480878510012732,73.26236363870818,High,0.00841799712432292,0.02429227950500554,0.0415604458647379
00-0039424,Devaughn Vele,WR,NO,2026,28.720054757015745,4.452114109086461,52.53494648722024,Medium,0.00841799712432292,0.02429227950500554,0.08524203397224013
00-0033555,Mack Hollins,WR,NE,2026,32.95824777549623,4.335771280668221,65.25335777405674,High,0.00841799712432292,0.08965471666958123,0.09087295515459606
00-0040782,Isaiah Bond,WR,CLE,2026,22.46406570841889,4.280046970629505,67.19673743888323,High,0.00841799712432292,0.02429227950500554,0.1267686089812809
00-0040729,Jack Bech,WR,LV,2026,23.704312114989733,4.263729484554229,64.16912874254115,High,0.00841799712432292,0.03161879097000354,0.07098906869860931
00-0039410,Ryan Flournoy,WR,DAL,2026,26.847364818617383,4.176180687636087,65.56603679588656,High,0.00841799712432292,0.02429227950500554,0.05012603124864257
00-0037614,John Metchie III,WR,CAR,2026,26.12183436002738,4.144971618636423,59.68759130836449,Medium,0.00841799712432292,0.04379276140837356,0.12356571152477558
00-0035208,Olamide Zaccheaus,WR,ATL,2026,29.1088295687885,4.094226235055282,61.618104837581996,High,0.00841799712432292,0.02429227950500554,0.18601598379664025
00-0040727,Tre Harris,WR,LAC,2026,24.50650239561944,4.082622921502519,66.7508847665662,High,0.00841799712432292,0.03673320801347403,0.15362788449425482
00-0040131,Kyle Williams,WR,NE,2026,23.800136892539356,4.079212487550568,61.392147937636054,High,0.00841799712432292,0.02813303911767363,0.09062298923960724
00-0035535,Darius Slayton,WR,NYG,2026,29.634496919917865,4.072230946475921,61.28707574446261,High,0.00841799712432292,0.02623462115903429,0.08334668051756143
00-0040669,Isaac TeSlaa,WR,DET,2026,24.528405201916495,4.016927630501751,60.45476083905136,High,0.00841799712432292,0.02411490185716993,0.12006502201997078
00-0032775,Demarcus Robinson,WR,SF,2026,31.94524298425736,3.979903547669101,59.89754839241997,High,0.00841799712432292,0.02365028586273381,0.04170774420369674
00-0041525,Chris Bell,WR,MIA,2026,22.234086242299796,3.935817907251516,59.037268608772735,Rookie-Medium,0.04841037517634036,0.07276989826087965,0.03183416287353982
00-0041042,Malachi Fields,WR,NYG,2026,23.017111567419576,3.905354838255943,58.58032257383914,Rookie-Medium,0.01071181427010586,0.03790121533831749,0.08493893814732038
00-0041523,Caleb Douglas,WR,MIA,2026,22.978781656399725,3.905354838255943,58.58032257383914,Rookie-Medium,0.01071181427010586,0.03790121533831749,0.1066219346991038
00-0039880,Malik Washington,WR,MIA,2026,25.86447638603696,3.871270222844066,65.81159378834911,High,0.00841799712432292,0.02365028586273381,0.08419098726193294
00-0034775,Christian Kirk,WR,SF,2026,29.78507871321013,3.8625361102157783,50.5992230438267,Medium,0.00841799712432292,0.04172338784500706,0.0311108967576865
00-0040870,Ja'Kobi Lane,WR,BAL,2026,22.072553045859,3.816426307496159,57.24639461244239,Rookie-Medium,0.00841799712432292,0.03369782056563513,0.0408205144110949
00-0033307,Kendrick Bourne,WR,ARI,2026,31.077344284736483,3.7872498747897434,56.99811061558564,High,0.00841799712432292,0.02623462115903429,0.04194555327371303
00-0041048,Ted Hurst III,WR,TB,2026,22.16563997262149,3.7697912896906014,56.54686934535902,Rookie-Medium,0.00841799712432292,0.03369782056563513,0.07925263819814536
00-0036988,Josh Palmer,WR,BUF,2026,26.94318959616701,3.7661020969827192,51.78390383351239,Medium,0.00841799712432292,0.0244189133073239,0.03601384103571837
00-0041044,Zachariah Branch,WR,ATL,2026,22.42573579739904,3.677651938673769,55.164779080106534,Rookie-Medium,0.00841799712432292,0.030392272039686,0.04879609106964356
00-0039355,Luke McCaffrey,WR,WAS,2026,25.415468856947296,3.613016469703456,42.633594342500786,Medium,0.00841799712432292,0.02429227950500554,0.04622809732470938
00-0035406,Lil'Jordan Humphrey,WR,DEN,2026,28.369609856262834,3.546864460574682,37.242076836034165,Low,0.00841799712432292,0.02429227950500554,0.03001726513753819
00-0036849,Tutu Atwell,WR,LA,2026,26.902121834360027,3.5413772687248506,39.48635654628209,Medium,0.00841799712432292,0.0276158418743433,0.0583558701226819
00-0037801,KaVontae Turpin,WR,DAL,2026,30.080766598220396,3.524104868291027,55.32844643216912,High,0.00841799712432292,0.02429227950500554,0.02829438850477124
00-0036626,Dyami Brown,WR,WAS,2026,26.833675564681723,3.5061327667507034,45.930339244434215,Medium,0.00841799712432292,0.02898391119955746,0.16493043837315668
00-0037666,Jalen Tolbert,WR,MIA,2026,27.509924709103355,3.5006014811050252,48.1332703651941,Medium,0.00841799712432292,0.02365028586273381,0.12161111608476376
00-0033375,Tim Patrick,WR,NYJ,2026,32.772073921971256,3.48595988512529,50.19782234580418,Medium,0.00841799712432292,0.02365028586273381,0.02903977807698396
00-0036550,Rashod Bateman,WR,BAL,2026,26.757015742642025,3.433639436505216,49.44440788567511,Medium,0.02606637707427452,0.10231826532522814,0.1493894201900083
00-0038977,Tank Dell,WR,HOU,2026,26.84188911704312,3.354096177030971,46.95734647843359,Low,0.00972087701313018,0.0472926209662367,0.05726659248568474
00-0031235,Odell Beckham Jr.,WR,NYG,2026,33.82067077344285,3.33781120421972,46.729356859076084,Low,0.01536231520548509,0.12668129407808149,0.06769752885424139
00-0041047,Chris Brazzell II,WR,CAR,2026,22.85831622176591,3.3267994421857803,49.901991632786704,Rookie-Medium,0.00841799712432292,0.030392272039686,0.09795817374464204
00-0039739,Roman Wilson,WR,PIT,2026,25.201916495550993,3.273233916538349,38.62416021515252,Medium,0.00841799712432292,0.02377727643978876,0.07885378722422569
00-0032464,Kalif Raymond,WR,CHI,2026,32.06570841889117,3.0899763604093193,48.51262885842631,High,0.00841799712432292,0.02365028586273381,0.02329533707709679
00-0039792,Devontez Walker,WR,BAL,2026,25.201916495550993,3.087367418515473,34.424146716447524,Medium,0.00841799712432292,0.02365028586273381,0.03039857747626876
00-0041040,Antonio Williams,WR,WAS,2026,22.132785763175907,3.080014344724449,46.200215170866734,Rookie-Medium,0.00841799712432292,0.04062927864389099,0.06293134591786467
00-0036980,Elijah Moore,WR,PHI,2026,26.431211498973305,3.0637411579393143,36.15214566368391,Medium,0.02816411291174189,0.09865714619940924,0.1727352033517401
00-0040277,Jahdae Walker,WR,CHI,2026,24.15879534565366,3.038771890355106,29.931903119997795,Low,0.00841799712432292,0.02365028586273381,0.02903977807698396
00-0040138,Jaylin Noel,WR,HOU,2026,23.991786447638603,3.0066658647288778,51.113319700390925,High,0.00841799712432292,0.02377727643978876,0.04890948606568744
00-0037741,Jahan Dotson,WR,ATL,2026,26.444900752908968,2.969228039311238,46.616880217186434,High,0.02606637707427452,0.10231826532522814,0.22393369965719195
00-0035359,David Sills,WR,TB,2026,31.260780287474333,2.941011654709744,40.43891025225898,Medium,0.00841799712432292,0.02365028586273381,0.03859884225704478
00-0041070,Reggie Virgil,WR,ARI,2026,22.299794661190965,2.848857142534946,42.73285713802419,Rookie-Medium,0.00841799712432292,0.02365028586273381,0.03390254469680583
00-0037524,Tay Martin,WR,DET,2026,28.71457905544148,2.8219351258678733,22.575481006942987,Low,0.00841799712432292,0.02365028586273381,0.02560957708790412
00-0037742,Treylon Burks,WR,WAS,2026,26.442162902121833,2.801756030283577,31.239579737661884,Medium,0.01259924767495705,0.08148131918273455,0.11891872858939224
00-0040164,Jaylin Lane,WR,WAS,2026,24.33675564681725,2.713371248613898,42.5999286032382,High,0.00841799712432292,0.02365028586273381,0.0379304657498383
00-0040581,Dont'e Thornton Jr.,WR,LV,2026,23.753593429158112,2.704663040256967,35.43108582736627,Medium,0.00841799712432292,0.02365028586273381,0.04692212231784226
00-0040876,Elijah Sarratt,WR,BAL,2026,23.263518138261464,2.702088205353586,40.53132308030379,Rookie-Medium,0.00841799712432292,0.02365028586273381,0.01838048484786746
00-0041069,Colbie Young,WR,CIN,2026,24.10677618069815,2.702088205353586,40.53132308030379,Rookie-Medium,0.00841799712432292,0.02365028586273381,0.01838048484786746
00-0041004,Chase Roberts,WR,LV,2026,0,2.692431736367137,40.38647604550705,Rookie-Medium,0.07134878151248232,0.1371022280641759,0.05934437368086514
00-0041067,Bryce Lance,WR,NO,2026,24.032854209445585,2.6638905538263424,39.95835830739514,Rookie-Medium,0.00841799712432292,0.02365028586273381,0.01838048484786746
00-0038359,Xavier Smith,WR,LA,2026,28.944558521560573,2.6502358563967654,43.33135625208712,High,0.00841799712432292,0.02365028586273381,0.03039857747626876
00-0040317,Jacoby Jones,WR,WAS,2026,25.12251882272416,2.6365098141736474,21.09207851338918,Low,0.00841799712432292,0.02429227950500554,0.03039857747626876
00-0038728,Jared Wayne,WR,HOU,2026,25.90006844626968,2.62471114099041,20.99768912792328,Low,0.00841799712432292,0.07536660622222138,0.06877300001993215
00-0034407,Ray-Ray McCloud,WR,CHI,2026,29.87816563997262,2.6207479472241544,25.81436728015792,Low,0.00841799712432292,0.02365028586273381,0.01860357285084174
00-0041446,Kendrick Law,WR,DET,2026,22.217659137577,2.619277056200711,39.28915584301067,Rookie-Medium,0.00841799712432292,0.02703791078305182,0.06517228531495815
00-0040930,Camden Brown,WR,DAL,2026,22.321697467488026,2.590486009700266,38.857290145503995,Rookie-Medium,0.00841799712432292,0.02365028586273381,0.0304349016685427
00-0041100,Josh Cameron,WR,JAX,2026,23.457905544147845,2.5826656029003705,38.73998404350556,Rookie-Medium,0.00841799712432292,0.02365028586273381,0.01838048484786746
00-0040590,Konata Mumpfield,WR,LA,2026,23.854893908282,2.560198335222291,31.874469273517523,Medium,0.00841799712432292,0.02365028586273381,0.01838048484786746
00-0039062,Jonathan Mingo,WR,DAL,2026,25.366187542778917,2.5583983370031698,23.53726470042916,Low,0.00841799712432292,0.04390561268659108,0.09480670067435364
00-0039751,Jordan Whittington,WR,LA,2026,25.916495550992472,2.556910974817815,40.143502304639696,High,0.00841799712432292,0.02365028586273381,0.01838048484786746
00-0041051,Zavion Thomas,WR,CHI,2026,22.546201232032853,2.556499816157934,38.347497242369016,Rookie-Medium,0.00841799712432292,0.02365028586273381,0.03183416287353982
00-0037091,Bo Melton,WR,GB,2026,27.290896646132783,2.5141054926320385,36.20311909390136,Medium,0.00841799712432292,0.02365028586273381,0.01818415184632818
00-0041374,Sincere Brown,WR,LAC,2026,0,2.4188823306478295,36.28323495971744,Rookie-Medium,0.07134878151248232,0.1371022280641759,0.05934437368086514
00-0040948,J. Michael Sturdivant,WR,GB,2026,23.98631074606434,2.4112048815214733,36.1680732228221,Rookie-Medium,0.00841799712432292,0.02365028586273381,0.01838048484786746
00-0040953,Jeff Caldwell,WR,KC,2026,23.50171115674196,2.4112048815214733,36.1680732228221,Rookie-Medium,0.00841799712432292,0.02365028586273381,0.01838048484786746
00-0041451,Brock Rechsteiner,WR,NO,2026,24.030116358658457,2.4112048815214733,36.1680732228221,Rookie-Medium,0.00841799712432292,0.02365028586273381,0.01838048484786746
00-0040894,Malik Benson,WR,LV,2026,23.874058863791923,2.3733565114110062,35.600347671165096,Rookie-Medium,0.00841799712432292,0.02365028586273381,0.01838048484786746
00-0041399,CJ Daniels,WR,LA,2026,24.657084188911703,2.3698197629480644,35.54729644422097,Rookie-Medium,0.00841799712432292,0.02365028586273381,0.01838048484786746
00-0040172,Jordan Watkins,WR,SF,2026,24.542094455852155,2.353551813571978,18.828414508575825,Low,0.00841799712432292,0.02365028586273381,0.01838048484786746
00-0032951,Laquon Treadwell,WR,IND,2026,31.21697467488022,2.3285419840426855,22.93613854282045,Low,0.01044948131795593,0.06498581558261816,0.03683713119128893
00-0041106,C.J. Williams,WR,JAX,2026,23.857631759069132,2.3144939728317615,34.71740959247642,Rookie-Medium,0.00841799712432292,0.02365028586273381,0.01838048484786746
00-0041550,Brenen Thompson,WR,LAC,2026,23.1047227926078,2.3044511048310747,34.56676657246612,Rookie-Medium,0.00841799712432292,0.02365028586273381,0.02354417419680337
00-0039451,Isaiah Williams,WR,NYJ,2026,25.587953456536617,2.2570318839203796,35.435400577549956,High,0.00841799712432292,0.02365028586273381,0.01838048484786746
00-0040009,Savion Williams,WR,GB,2026,24.774811772758383,2.2300578778378544,30.6632958202705,Medium,0.00841799712432292,0.02365028586273381,0.05002246808214913
00-0041443,Skyler Bell,WR,BUF,2026,24.15879534565366,2.2256702576106777,33.38505386416016,Rookie-Medium,0.00841799712432292,0.02365028586273381,0.01838048484786746
00-0039379,Jamari Thrash,WR,CLE,2026,25.700205338809035,2.137427333047607,23.83231476348082,Medium,0.00841799712432292,0.02365028586273381,0.01838048484786746
00-0039920,Malachi Corley,WR,CLE,2026,24.449007529089663,2.132175054048064,29.31740699316088,Medium,0.00841799712432292,0.03161879097000354,0.11316125375603672
00-0038824,Ryan Miller,WR,MIA,2026,26.529774127310063,2.107892012373383,24.87312574600592,Medium,0.00841799712432292,0.02365028586273381,0.01838048484786746
00-0038640,Jalen Brooks,WR,ARI,2026,26.31895961670089,2.1013967436188663,19.332850041293568,Low,0.00841799712432292,0.02365028586273381,0.01838048484786746
00-0040184,KeAndre Lambert-Smith,WR,LAC,2026,24.876112251882272,2.085599699501802,25.965716258797432,Medium,0.00841799712432292,0.02365028586273381,0.01838048484786746
00-0040432,Beaux Collins,WR,ATL,2026,23.709787816564,2.0673682986046553,17.6759989530698,Low,0.00841799712432292,0.02365028586273381,0.01838048484786746
00-0041005,Corey Rucker,WR,LV,2026,24.229979466119097,2.0513303183598475,30.76995477539771,Rookie-Medium,0.00841799712432292,0.02365028586273381,0.01838048484786746
00-0040218,Jimmy Horn Jr.,WR,CAR,2026,23.969883641341543,1.997514607571548,24.869056864265772,Medium,0.00841799712432292,0.02365028586273381,0.01838048484786746
00-0035021,Ashton Dulin,WR,IND,2026,29.297741273100616,1.9799693217972756,27.22457817471254,Medium,0.00841799712432292,0.02365028586273381,0.01860357285084174
00-0038090,Skyy Moore,WR,GB,2026,25.973990417522245,1.9730928378586925,33.542578243597774,High,0.00841799712432292,0.03673320801347403,0.09248673802072808
00-0036646,Simi Fehoko,WR,ARI,2026,28.82135523613963,1.962391504527985,20.60511079754384,Low,0.00841799712432292,0.02365028586273381,0.01838048484786746
00-0041099,Barion Brown,WR,NO,2026,22.72142368240931,1.9535355808256825,29.303033712385236,Rookie-Medium,0.00841799712432292,0.02365028586273381,0.01838048484786746
00-0040024,Darius Cooper,WR,PHI,2026,24.774811772758383,1.931574572001766,19.026009534217394,Low,0.00841799712432292,0.02365028586273381,0.02329533707709679
00-0041397,Kaden Wetjen,WR,PIT,2026,24.48186173853525,1.924826810745039,28.872402161175586,Rookie-Medium,0.00841799712432292,0.02365028586273381,0.01838048484786746
00-0039623,Mason Tipton,WR,NO,2026,25.927446954141,1.922323309324478,21.43390489896793,Medium,0.00841799712432292,0.02365028586273381,0.01838048484786746
00-0040154,Tai Felton,WR,MIN,2026,23.46611909650924,1.88977315099824,25.984380826225802,Medium,0.00841799712432292,0.02365028586273381,0.02562501539909508
00-0041529,Kevin Coleman Jr.,WR,MIA,2026,22.97604380561259,1.8496048322421788,27.74407248363268,Rookie-Medium,0.00841799712432292,0.02365028586273381,0.01838048484786746
00-0039236,Johnny Wilson,WR,PHI,2026,25.412731006160165,1.8362962115135124,25.708146961189172,Low,0.00841799712432292,0.02365028586273381,0.01838048484786746
00-0038590,Justin Shorter,WR,LV,2026,26.373716632443532,1.813951178805503,14.511609430444024,Low,0.00841799712432292,0.02365028586273381,0.01838048484786746
00-0040785,Dohnte Meyers,WR,CIN,2026,26.154688569472963,1.8136312402834551,27.204468604251826,Rookie-Medium,0.00841799712432292,0.02365028586273381,0.01838048484786746
00-0036862,Ben Skowronek,WR,PIT,2026,29.180013689253936,1.8061590403941223,29.5307003104439,High,0.00841799712432292,0.02365028586273381,0.02598171474309159
00-0037093,Dareke Young,WR,LV,2026,27.24435318275154,1.7998319955456188,20.06812675033365,Medium,0.00841799712432292,0.02365028586273381,0.02598171474309159
00-0038840,Brycen Tremayne,WR,CAR,2026,26.78713210130048,1.7961287502344083,28.19922137868021,High,0.00841799712432292,0.02365028586273381,0.01838048484786746
00-0039626,Cole Burgess,WR,PIT,2026,26.55441478439425,1.794756547783601,25.126591668970413,Low,0.00841799712432292,0.02365028586273381,0.01838048484786746
00-0040646,Jalen Royals,WR,KC,2026,23.534565366187543,1.7708629676851997,14.166903741481597,Low,0.00841799712432292,0.02365028586273381,0.01838048484786746
00-0040120,Jimmy Holiday,WR,KC,2026,24.709103353867217,1.7640178030617482,24.696249242864475,Low,0.00841799712432292,0.02365028586273381,0.01838048484786746
00-0040629,Dalevon Campbell,WR,LAC,2026,24.739219712525667,1.7640178030617482,14.112142424493985,Low,0.00841799712432292,0.02365028586273381,0.01838048484786746
00-0035645,Gunner Olszewski,WR,NYG,2026,29.763175906913073,1.7517961473325263,28.64186700888681,High,0.00841799712432292,0.02365028586273381,0.02598171474309159
00-0036630,Tylan Wallace,WR,CLE,2026,27.30458590006845,1.7350635564836323,22.729332589935584,Medium,0.00841799712432292,0.02365028586273381,0.01838048484786746
00-0035045,D.J. Montgomery,WR,IND,2026,29.78781656399726,1.7134788422411742,23.988703791376437,Low,0.00841799712432292,0.02365028586273381,0.01838048484786746
00-0039710,Jeshaun Jones,WR,MIN,2026,26.694045174537987,1.7103342027981885,13.682673622385508,Low,0.00841799712432292,0.02365028586273381,0.01838048484786746
00-0040582,Arian Smith,WR,NYJ,2026,24.889801505817932,1.6862466910203753,24.281952350693405,Medium,0.00841799712432292,0.02365028586273381,0.02023673003675561
00-0037156,Irvin Charles,WR,SEA,2026,29.38535249828884,1.682740097519321,23.558361365270493,Low,0.00841799712432292,0.02365028586273381,0.01838048484786746
00-0040890,Cyrus Allen,WR,KC,2026,23.55373032169747,1.6635625604777866,24.9534384071668,Rookie-Medium,0.00841799712432292,0.02365028586273381,0.01838048484786746
00-0036463,Chris Blair,WR,ATL,2026,28.903490759753595,1.652432410897776,13.219459287182207,Low,0.00841799712432292,0.02365028586273381,0.01838048484786746
00-0041132,Deion Burks,WR,IND,2026,23.64681724845996,1.6179504987465572,24.26925748119836,Rookie-Medium,0.00841799712432292,0.02365028586273381,0.01838048484786746
00-0040563,Efton Chism III,WR,NE,2026,24.84873374401095,1.5644181949558087,17.443262873757266,Medium,0.00841799712432292,0.02365028586273381,0.02598171474309159
00-0040570,Jeremiah Webb,WR,NE,2026,25.29226557152635,1.5065064830890913,21.09109076324728,Low,0.00841799712432292,0.02365028586273381,0.01838048484786746
00-0040498,Dontae Fleming,WR,MIN,2026,24.758384668035593,1.4996011069748438,20.994415497647815,Low,0.00841799712432292,0.02365028586273381,0.01838048484786746
00-0038752,Jake Bobo,WR,SEA,2026,28.076659822039694,1.4826738927367005,13.640599813177642,Low,0.00841799712432292,0.02365028586273381,0.01838048484786746
00-0036331,Devin Duvernay,WR,ARI,2026,28.969199178644764,1.4406114850847325,24.490395246440453,High,0.00841799712432292,0.02365028586273381,0.01908358263361093
00-0040621,Montorie Foster Jr,WR,SEA,2026,25.078713210130047,1.4220841381036782,19.909177933451495,Low,0.00841799712432292,0.02365028586273381,0.01838048484786746
00-0040352,Coleman Owen,WR,IND,2026,25.44284736481862,1.4220841381036782,11.376673104829425,Low,0.00841799712432292,0.02365028586273381,0.01838048484786746
00-0038573,Derius Davis,WR,LAC,2026,25.971252566735114,1.3456278408664977,17.627724715351118,Medium,0.00841799712432292,0.02365028586273381,0.01860357285084174
00-0039589,Kameron Johnson,WR,TB,2026,24.459958932238195,1.2896215104175843,21.923565677098935,High,0.00841799712432292,0.02365028586273381,0.01860357285084174
00-0039365,Jacob Cowing,WR,SF,2026,25.571526351813823,1.2478406916653173,17.469769683314443,Low,0.00841799712432292,0.02365028586273381,0.01838048484786746
00-0040075,LaJohntay Wester,WR,BAL,2026,24.42710472279261,1.2478406916653173,18.780002409563025,High,0.00841799712432292,0.02365028586273381,0.01838048484786746
00-0038519,Nikko Remigio,WR,KC,2026,26.82546201232033,1.216548219466805,18.309050702975416,High,0.00841799712432292,0.02365028586273381,0.02598171474309159
00-0040506,Myles Price,WR,MIN,2026,24.709103353867217,1.211351042280334,19.805589541283464,High,0.00841799712432292,0.02365028586273381,0.01838048484786746
00-0040534,Ke'Shawn Williams,WR,CIN,2026,24.67898699520876,1.2104786891340156,15.857270827655604,Medium,0.00841799712432292,0.02365028586273381,0.01838048484786746
00-0034857,Josh Allen,QB,BUF,2027,31.28062970568104,19.124768925675426,312.6899719347932,Low,0.27089711830058477,0.40127465226773473,0.11458604796929224
00-0036389,Jalen Hurts,QB,PHI,2027,29.0684462696783,18.595960036247902,304.04394659265324,Low,0.2517616134269801,0.5085109587813379,0.123761877174656
00-0039851,Drake Maye,QB,NE,2027,25.005475701574262,18.34088291102926,311.79500948749745,Low,0.15408670431196583,0.3081918584035911,0.11987987730272578
00-0036971,Trevor Lawrence,QB,JAX,2027,27.90485968514716,17.254152942479895,293.3206000221582,Low,0.19346833592303153,0.2909220457671949,0.20456624617074565
00-0033873,Patrick Mahomes,QB,KC,2027,31.95687885010267,17.073766186628937,256.96018110876554,Low,0.2314784152188308,0.5515532678282711,0.12996703097519707
00-0034796,Lamar Jackson,QB,BAL,2027,30.648186173853524,16.9743460530391,244.43058316376303,Low,0.1615307702221381,0.3900163875007359,0.2251810855882833
00-0039918,Caleb Williams,QB,CHI,2027,25.78576317590691,17.083925405786225,290.4267318983658,Low,0.12400629454062384,0.3125858488695742,0.16410826187166494
00-0039732,Bo Nix,QB,DEN,2027,27.5160848733744,16.63299271230223,282.7608761091379,Low,0.2185259652053431,0.5754932944590282,0.1144498751016364
00-0036355,Justin Herbert,QB,LAC,2027,29.479123887748116,16.334585285451084,267.07046941712525,Low,0.30371694594695015,0.5095081871395232,0.24309808343816727
00-0037834,Brock Purdy,QB,SF,2027,27.680355920602327,16.47600516772755,194.4168609791851,Low,0.0970784225651303,0.3343886666773152,0.17746928239340692
00-0040691,Jaxson Dart,QB,NYG,2027,24.30458590006845,16.42426080378286,247.18512509693207,Low,0.1675636851651165,0.4037088985073664,0.23450401641481808
00-0039910,Jayden Daniels,QB,WAS,2027,26.70294318959617,16.269394354576452,170.82864072305276,Low,0.2609329400417436,0.4312905934757407,0.2650736314811217
00-0033077,Dak Prescott,QB,DAL,2027,34.09240246406571,15.492748224856806,263.3767198225657,Low,0.16136508924315782,0.4671774226533637,0.09576062450232375
00-0026498,Matthew Stafford,QB,LA,2027,39.56536618754278,12.745876851395535,216.6799064737241,Low,0.10257667709618624,0.27406636012643026,0.12033892083407338
00-0036442,Joe Burrow,QB,CIN,2027,30.724845995893222,16.040696342703026,178.85376422113873,Low,0.1083089350042634,0.43090628535391473,0.19699261924523292
00-0033106,Jared Goff,QB,DET,2027,32.88227241615332,15.600767129586677,265.2130412029735,Low,0.0982311846446125,0.3050560599054735,0.16701132461408258
00-0034855,Baker Mayfield,QB,TB,2027,32.383983572895275,15.430589365890263,262.3200192201345,Low,0.11171593703158876,0.3135136495876387,0.20424628183754567
00-0041562,Fernando Mendoza,QB,LV,2027,23.91854893908282,15.176559179844167,227.6483876976625,Rookie-Low,0.11774289891275308,0.24926864192097695,0.15138344724286296
00-0035710,Daniel Jones,QB,IND,2027,30.26488706365503,15.02228381342938,216.32088691338308,Low,0.09789748793120367,0.2365660266679155,0.1565229681077113
00-0034869,Sam Darnold,QB,SEA,2027,30.240246406570844,14.371899861507275,244.32229764562368,Low,0.06431076915281739,0.18357027275213408,0.21996791479963929
00-0036264,Jordan Love,QB,GB,2027,28.83025325119781,14.312297924720816,224.7030774181168,Low,0.06160021304499454,0.1474435714456381,0.11588722875731594
00-0039923,J.J. McCarthy,QB,MIN,2027,24.613963039014372,14.354756822397999,178.71672243885507,Low,0.05488721221494915,0.18829655548944668,0.22670176818900753
00-0039150,Bryce Young,QB,CAR,2027,26.10335386721424,13.818089142109862,225.92575747349628,Low,0.05131947335894568,0.15968818594551193,0.28013564891560533
00-0039163,C.J. Stroud,QB,HOU,2027,25.91170431211499,13.734094734279074,206.69812575090006,Low,0.07604722084256003,0.20048351113759655,0.17506944376739614
00-0035228,Kyler Murray,QB,MIN,2027,30.06776180698152,13.22483678918966,121.66849846054485,Low,0.1340487070887558,0.371583039352884,0.15357504852308854
00-0036212,Tua Tagovailoa,QB,ATL,2027,29.501026694045173,13.222361937592751,198.99654716077092,Low,0.0268132671966561,0.14546030017163533,0.21158442965186725
00-0040676,Cam Ward,QB,TEN,2027,25.27104722792608,13.314141618901886,226.34040752133205,Low,0.0960176686566084,0.22313080382985487,0.294444438301802
00-0032268,Marcus Mariota,QB,WAS,2027,33.837782340862425,12.573146768429023,156.53567726694132,Low,0.1397797351319537,0.31921028790128514,0.34600059045280934
00-0036945,Justin Fields,QB,KC,2027,28.49349760438056,12.820039413016492,151.2764650735946,Low,0.1592161965347261,0.34476038354059096,0.25384230646189937
00-0023459,Aaron Rodgers,QB,PIT,2027,43.74880219028063,8.711949792750517,142.44037911147095,Low,0.05809192578395987,0.11891263640479888,0.27847865742012545
00-0041568,Ty Simpson,QB,LA,2027,24.696098562628336,12.812513901844092,192.18770852766139,Rookie-Low,0.11165946982341138,0.23279341684759192,0.18967340397093413
00-0040743,Tyler Shough,QB,NO,2027,27.926762491444215,12.524805185724595,164.0749479329922,Low,0.02870229426802241,0.09023282536269515,0.2316828998397096
00-0026158,Joe Flacco,QB,CIN,2027,42.62354551676933,7.910509665802592,113.91133918755733,Low,0.04319249784938138,0.1057980598428848,0.18783251112599716
00-0030565,Geno Smith,QB,NYJ,2027,36.893223819301845,9.544298864309958,149.84549216966633,Low,0.03939025164996553,0.09748234360317516,0.18632351171023237
00-0033119,Jacoby Brissett,QB,ARI,2027,34.72210814510609,10.230214189720023,153.96472355528635,Low,0.03939025164996553,0.09748234360317516,0.17152185482551904
00-0039917,Michael Penix Jr.,QB,ATL,2027,27.316221765913756,10.922267200299077,128.8827529635291,Low,0.06430641048811452,0.17469328302972492,0.14580187428064034
00-0033869,Mitchell Trubisky,QB,TEN,2027,33.03285420944559,10.657593545383964,91.12242481303288,Low,0.07613855539248987,0.22437113190835775,0.2554720981939282
00-0036972,Mac Jones,QB,SF,2027,28.98904859685147,10.248721720055393,134.25825453272563,Low,0.07475327818312918,0.1895421922638439,0.23913634713007983
00-0032950,Carson Wentz,QB,MIN,2027,34.67008898015058,9.531337008915306,87.68830048202081,Low,0.03817448691633588,0.17154651159322667,0.237542881088698
00-0041561,Carson Beck,QB,ARI,2027,25.78302532511978,10.082470534243585,151.23705801365378,Rookie-Low,0.02767030374363118,0.13628121313124733,0.12952536512575233
00-0039164,Anthony Richardson,QB,IND,2027,25.279260780287473,10.03972694202114,80.31781553616912,Low,0.06860048725520128,0.19398030365016747,0.4699476735429755
00-0041565,Drew Allar,QB,PIT,2027,23.483230663928815,9.874640814578482,148.11961221867725,Rookie-Low,0.02764144658918566,0.1027401903029289,0.14404118675643457
00-0031503,Jameis Winston,QB,NYG,2027,33.65160848733744,9.197922334947519,73.58337867958015,Low,0.0618466222034251,0.17445751224516287,0.29877129044973055
00-0038128,Malik Willis,QB,MIA,2027,28.27173169062286,9.328323004174775,79.75716168569431,Low,0.03182756902347463,0.09696424625721056,0.31793020875561706
00-0041056,Cade Klubnik,QB,NYJ,2027,23.89390828199863,9.36612254600472,140.49183819007078,Rookie-Low,0.05050365218843448,0.15719239784583275,0.17663813220880625
00-0027973,Andy Dalton,QB,PHI,2027,39.84188911704312,7.121583741501662,60.889540989839205,Low,0.02870229426802241,0.09023282536269515,0.29670144360073414
00-0035704,Drew Lock,QB,SEA,2027,30.806981519507183,8.957913760349442,71.66331008279553,Low,0.02870229426802241,0.09023282536269515,0.2989499388764592
00-0041194,Jack Strand,QB,ATL,2027,23.190280629705683,9.038091811422577,135.57137717133864,Rookie-Low,0.02764144658918566,0.1027401903029289,0.14404118675643457
00-0029604,Kirk Cousins,QB,LV,2027,39.03422313483915,6.99593890590514,87.099439378519,Low,0.04899954688579862,0.1533418111318085,0.13593496566645344
00-0041414,Matthew Caldwell,QB,LA,2027,24.277207392197127,8.543686002129993,128.1552900319499,Rookie-Low,0.05050365218843448,0.15719239784583275,0.13011619601416635
00-0041117,Athan Kaliakmanis,QB,WAS,2027,24.033538672142367,8.511511242255335,127.67266863383001,Rookie-Low,0.02764144658918566,0.1027401903029289,0.1630249848722429
00-0040668,Shedeur Sanders,QB,CLE,2027,25.56399726214921,8.188853281829315,91.30571409239687,Low,0.02952512930575262,0.08690859249662629,0.1840091415480842
00-0028118,Tyrod Taylor,QB,GB,2027,38.07871321013005,6.73874118118615,66.37660063468357,Low,0.02613505591858624,0.08440169673430485,0.23252735719409787
00-0033537,Deshaun Watson,QB,CLE,2027,31.965092402464062,8.022819125690868,112.31946775967215,Low,0.07251117847525762,0.18133484751880743,0.1780936221624473
00-0040704,Dillon Gabriel,QB,CLE,2027,26.675564681724847,7.918310915880526,98.58297090271255,Low,0.02870229426802241,0.09023282536269515,0.23123921876761505
00-0038102,Kenny Pickett,QB,CAR,2027,29.238193018480494,7.586421477039928,74.7262515488433,Low,0.04705020049725884,0.14647656337154444,0.2434928792571975
00-0034771,Mason Rudolph,QB,PIT,2027,32.12662559890486,7.569140902019825,69.63609629858239,Low,0.02870229426802241,0.09023282536269515,0.26605093045409983
00-0037012,Trey Lance,QB,LAC,2027,27.313483915126625,7.614298929003655,65.10225584298124,Low,0.08580818771432246,0.17401149374179603,0.29119771935546007
00-0035993,Tyler Huntley,QB,BAL,2027,29.57494866529774,7.5327059058755825,69.30089433405536,Low,0.03182756902347463,0.09696424625721056,0.30272682724166566
00-0041092,Taylen Green,QB,CLE,2027,24.871321013004792,7.596099681793427,113.9414952269014,Rookie-Low,0.02964158027599815,0.10388176007688626,0.132179227069241
00-0041251,Jalon Daniels,QB,TB,2027,24.84120465434634,7.591421670472321,113.87132505708482,Rookie-Low,0.02964158027599815,0.10388176007688626,0.12662071462283797
00-0037077,Sam Howell,QB,DAL,2027,26.95756331279945,7.529461188164675,105.41245663430546,Low,0.02870229426802241,0.09023282536269515,0.12662071462283797
00-0040234,Quinn Ewers,QB,JAX,2027,24.46611909650924,7.490116056377692,64.04049228202926,Low,0.05041363070846145,0.14596497165319627,0.1848674197857809
00-0040206,Riley Leonard,QB,IND,2027,24.967145790554415,7.476040035446308,68.77956832610603,Low,0.02857635344976068,0.12794795287463112,0.2311227168793248
00-0036898,Davis Mills,QB,HOU,2027,28.863107460643395,7.33334222511562,72.23342091738886,Low,0.03939025164996553,0.09748234360317516,0.2459578391925684
00-0037013,Zach Wilson,QB,NO,2027,28.080082135523615,7.324110933039677,62.62114847748923,Low,0.06960064634071113,0.21295407576850556,0.24005677081489277
00-0039376,Spencer Rattler,QB,NO,2027,26.924709103353862,7.2094393115249655,85.0713838759946,Low,0.03939025164996553,0.09748234360317516,0.2143568574563861
00-0040014,Kyle McCord,QB,MIA,2027,24.95071868583162,7.109085187943034,99.52719263120247,Low,0.02952512930575262,0.08690859249662629,0.12765338365450524
00-0040891,Cole Payton,QB,PHI,2027,24.849418206707735,7.051183883285313,105.7677582492797,Rookie-Low,0.02964158027599815,0.10388176007688626,0.12765338365450524
00-0040906,Garrett Nussmeier,QB,KC,2027,25.566735112936342,6.941139305875166,104.11708958812748,Rookie-Low,0.02767030374363118,0.13628121313124733,0.12662071462283797
00-0041123,Behren Morton,QB,NE,2027,25.621492128678987,6.898435712976734,103.476535694651,Rookie-Low,0.02767030374363118,0.13628121313124733,0.12765338365450524
00-0040673,Jalen Milroe,QB,SEA,2027,24.718001368925393,6.744027661535698,53.952221292285586,Low,0.02752095366765935,0.08555926090980917,0.17806973551133448
00-0038579,Aidan O'Connell,QB,LV,2027,29,6.666849772556019,53.33479818044815,Low,0.02870229426802241,0.09023282536269515,0.12371234725182498
00-0038476,Tommy DeVito,QB,NE,2027,29.0684462696783,6.554554069766957,91.7637569767374,Low,0.02870229426802241,0.09023282536269515,0.12765338365450524
00-0041149,Haynes King,QB,CAR,2027,26.642710472279266,6.6080406799227305,99.12061019884095,Rookie-Low,0.02870229426802241,0.09023282536269515,0.12765338365450524
00-0040981,Joe Fagnano,QB,BAL,2027,26.42094455852156,6.592861492760745,98.89292239141118,Rookie-Low,0.02767030374363118,0.13628121313124733,0.12765338365450524
00-0036879,Sam Ehlinger,QB,DEN,2027,28.920602327173167,6.519577390340553,91.27408346476774,Low,0.02870229426802241,0.09023282536269515,0.12662071462283797
00-0033949,Joshua Dobbs,QB,DET,2027,32.597535934291585,6.4708987274476595,55.32618411967748,Low,0.02870229426802241,0.09023282536269515,0.4002838973208433
00-0039107,Stetson Bennett,QB,LA,2027,29.843258042436688,6.3668163310570165,89.13542863479823,Low,0.02870229426802241,0.09023282536269515,0.12662071462283797
00-0037327,Skylar Thompson,QB,BAL,2027,30.242984257357975,6.307268618446774,88.30176065825484,Low,0.02870229426802241,0.09023282536269515,0.12765338365450524
00-0028986,Case Keenum,QB,CHI,2027,39.53798767967146,4.812519017007313,67.37526623810238,Low,0.02870229426802241,0.09023282536269515,0.12662071462283797
00-0040211,Graham Mertz,QB,HOU,2027,26.73579739904175,5.958452260018409,83.41833164025772,Low,0.02870229426802241,0.09023282536269515,0.12765338365450524
00-0039534,Carter Bradley,QB,JAX,2027,27.480492813141684,5.865520195057455,82.11728273080436,Low,0.02870229426802241,0.09023282536269515,0.12765338365450524
00-0040589,Kurtis Rourke,QB,SF,2027,26.8507871321013,5.80064432966885,81.2090206153639,Low,0.02870229426802241,0.09023282536269515,0.132179227069241
00-0040398,Brady Cook,QB,MIA,2027,25.8870636550308,5.756408591156395,52.95895903863883,Low,0.02952512930575262,0.08690859249662629,0.15521279342317187
00-0038400,Tanner McKee,QB,PHI,2027,27.34633812457221,5.656486114766812,48.36295628125624,Low,0.02870229426802241,0.09023282536269515,0.27696567364255836
00-0035264,Jarrett Stidham,QB,DEN,2027,31.06433949349761,5.59753078101987,44.78024624815896,Low,0.02870229426802241,0.09023282536269515,0.1651271956690788
00-0040203,Will Howard,QB,PIT,2027,25.93634496919918,5.608525442018682,78.51935618826155,Low,0.02952512930575262,0.08690859249662629,0.132179227069241
00-0038416,Tyson Bagent,QB,CHI,2027,27.23134839151266,5.597437765812886,44.77950212650309,Low,0.02870229426802241,0.09023282536269515,0.2170926586721438
00-0034577,Kyle Allen,QB,BUF,2027,31.483230663928815,4.990217737370004,39.92174189896003,Low,0.02870229426802241,0.09023282536269515,0.17434000657204576
00-0033662,Cooper Rush,QB,ATL,2027,33.77754962354552,4.538901295733883,38.80760607852469,Low,0.02870229426802241,0.09023282536269515,0.1858055636503994
00-0037324,Chris Oladokun,QB,KC,2027,29.993839835728952,4.084316304085119,32.67453043268095,Low,0.02870229426802241,0.09023282536269515,0.24879614610135536
00-0035289,Gardner Minshew,QB,ARI,2027,31.2943189596167,3.511126950972124,30.020135430811656,Low,0.02870229426802241,0.09023282536269515,0.13728290086347722
00-0038542,Bijan Robinson,RB,ATL,2027,25.58590006844627,18.028946079793435,306.4920833564884,Medium,0.7406013104560439,0.9486167813490272,0.16186709155133647
00-0039139,Jahmyr Gibbs,RB,DET,2027,25.451745379876797,18.032062550377322,306.54506335641446,Medium,0.6338566222658436,0.9612707256829612,0.16146805024558142
00-0036223,Jonathan Taylor,RB,IND,2027,28.616700889801507,12.184363137628356,207.13417333968206,Medium,0.6961770564428773,0.94424314815864,0.13456674535065738
00-0039040,De'Von Achane,RB,MIA,2027,25.88432580424367,15.9800944554823,261.27454434713565,Medium,0.6435761951467688,0.9512419934008812,0.15226793562975832
00-0037248,James Cook,RB,BUF,2027,27.934976043805612,12.593341805320405,214.08681069044687,Medium,0.6981866293304927,0.9371518544880576,0.06148504624688858
00-0033280,Christian McCaffrey,RB,SF,2027,31.234086242299796,8.809730665444592,149.76542131255806,Medium,0.4040746865244904,0.7313601555720038,0.2021736518776499
00-0032764,Derrick Henry,RB,BAL,2027,33.6570841889117,7.4283743102825985,126.28236327480417,Medium,0.49455781052011055,0.7747012085104539,0.11394265656059484
00-0034844,Saquon Barkley,RB,PHI,2027,30.557837097878167,8.806833981558574,143.9917355984827,Medium,0.4264907684359574,0.8187433173094855,0.1395005087377097
00-0035700,Josh Jacobs,RB,GB,2027,29.553045859000683,9.555078908337467,150.01473886089823,Medium,0.5675072160125894,0.8714947742889495,0.14021719528012253
00-0041027,Jeremiyah Love,RB,ARI,2027,22.253935660506503,15.759452325561341,236.39178488342012,Rookie-Low,0.2744688582228724,0.8851238763765272,0.4439245738108513
00-0037840,Kyren Williams,RB,LA,2027,27.015058179329227,12.29367916127347,208.992545741649,Medium,0.365503504815406,0.9238051063616032,0.1389502971712123
00-0038597,Chase Brown,RB,CIN,2027,27.4476386036961,11.083788684393964,188.4244076346974,Medium,0.3391210606123077,0.7997913560223769,0.07089259049582979
00-0040122,Ashton Jeanty,RB,LV,2027,23.748802190280628,14.261428141623604,242.44427840760127,Medium,0.20797570002040475,0.8604754340540808,0.2291625008636509
00-0040666,Omarion Hampton,RB,LAC,2027,24.463381245722108,13.937487857370202,164.4623567169684,Medium,0.3200685435228091,0.6924895974406698,0.14059891026780463
00-0040715,Cam Skattebo,RB,NYG,2027,25.569472963723477,13.036537923772263,145.35739785006075,Medium,0.4055619524127528,0.7408941674375519,0.0867865696343116
00-0036275,D'Andre Swift,RB,CHI,2027,28.630390143737166,8.730894699548198,142.75012833761306,Medium,0.19434555861881816,0.7777638703643054,0.113254061607035
00-0038120,Breece Hall,RB,NYJ,2027,26.253935660506503,10.902582051702435,178.25721654533484,Medium,0.08934169454992207,0.6923794942804411,0.10361053222915469
00-0038134,Kenneth Walker III,RB,KC,2027,26.86447638603696,10.149732726279309,172.54545634674824,Medium,0.2094705950853973,0.7637462641751469,0.10907100785578444
00-0036997,Javonte Williams,RB,DAL,2027,27.351813826146476,9.58193763062943,156.6646802607912,Medium,0.06579070964691017,0.5501492520005359,0.19328815965989912
00-0039361,Bucky Irving,RB,TB,2027,25.035592060232716,12.227293298012881,152.22980156026037,Medium,0.15325010257128538,0.345335879129681,0.07015788856262306
00-0036973,Travis Etienne,RB,NO,2027,28.59753593429158,8.358047594948024,142.08680911411642,Medium,0.19285758341611625,0.6840136617105559,0.1437156095554006
00-0040784,Quinshon Judkins,RB,CLE,2027,23.84188911704312,12.05058024661882,181.36123271161324,Medium,0.19567706128829315,0.4998947702657512,0.19846258396429117
00-0040734,TreVeyon Henderson,RB,NE,2027,24.860369609856264,11.878207334888543,201.92952469310524,Medium,0.31652827622389496,0.7592920671380764,0.2455796002553068
00-0040730,RJ Harvey,RB,DEN,2027,26.571526351813823,9.225615019847417,156.8354553374061,Medium,0.1718582572072442,0.5204293409076777,0.162272173290228
00-0036139,Rico Dowdle,RB,PIT,2027,29.21629021218343,6.944908767382534,118.06344904550308,Medium,0.10034812250390004,0.4523949211979065,0.09479517199319194
00-0037228,Jaylen Warren,RB,PIT,2027,28.83299110198494,7.094784393910218,115.99972484043208,Medium,0.09825577145347544,0.18311459950535217,0.104892077504337
00-0041512,Jadarian Price,RB,SEA,2027,23.89664613278576,10.484561796689505,157.2684269503426,Rookie-Low,0.18510487138490467,0.7837257112023253,0.3638381616442809
00-0039165,Zach Charbonnet,RB,SEA,2027,26.645448323066393,8.76275811751262,143.27109522133134,Medium,0.08622163703808061,0.35333345545724937,0.14322594617879952
00-0036875,Rhamondre Stevenson,RB,NE,2027,29.520191649555095,6.434642114692882,96.84136382612787,Medium,0.15969387246557257,0.5381967193522598,0.06885584098249395
00-0036158,J.K. Dobbins,RB,DEN,2027,28.707049965776864,6.959867391749167,86.65034902727713,Medium,0.06440418657716203,0.28719532766080397,0.10697356809151806
00-0033553,James Conner,RB,ARI,2027,32.3264887063655,4.73012936143077,37.84103489144616,Low,0.02718948145016028,0.14100545409723125,0.07245035685380732
00-0035261,Tony Pollard,RB,TEN,2027,30.3388090349076,5.824255859499994,99.0123496114999,Medium,0.14411177909158887,0.2956355636213364,0.07331998064333624
00-0033906,Alvin Kamara,RB,NO,2027,32.1047227926078,4.751708924439698,62.24738691016004,Medium,0.02451412067477949,0.1404277507685449,0.10366542879051271
00-0035685,David Montgomery,RB,HOU,2027,30.234770704996578,5.730842227642531,97.42431786992302,Medium,0.03175803236978843,0.11430998289289626,0.07288210489126803
00-0039384,Tyrone Tracy Jr.,RB,NYG,2027,27.77344284736482,7.107377097600088,111.58582043232137,Medium,0.06991684396198473,0.2473507196583268,0.0792772487972817
00-0033293,Aaron Jones,RB,MIN,2027,32.748117727583846,4.1784218345179065,57.453300224621216,Medium,0.10106961469650988,0.3632826956196531,0.07331998064333624
00-0036919,Kenny Gainwell,RB,TB,2027,28.468856947296377,6.308163284585823,107.23877583795898,Medium,0.10848413672554191,0.20277500671425144,0.110123853591693
00-0036555,Chuba Hubbard,RB,CAR,2027,28.225188227241617,6.201290598934205,97.36026240326701,Medium,0.09879966868103882,0.19068913658919365,0.07257443169058997
00-0040242,Jacory Croskey-Merritt,RB,WAS,2027,26.388090349075977,7.419310386810293,126.12827657577499,Medium,0.07306877959734179,0.13087460945403023,0.12950128169362726
00-0040583,Woody Marks,RB,HOU,2027,26.672826830937716,7.11653228774223,116.35530290458547,Medium,0.03221318843906569,0.11458329036895584,0.14923644222542148
00-0039032,Tyjae Spears,RB,TEN,2027,26.21286789869952,7.20137134531051,103.69974737247135,Medium,0.09945065708841178,0.2445822718661045,0.11781765731874196
00-0040236,Kyle Monangai,RB,CHI,2027,25.238193018480494,7.945788755468133,135.07840884295825,Medium,0.05887375684259203,0.21687665159204908,0.19609400026546
00-0037525,Jordan Mason,RB,MIN,2027,28.274469541409992,5.762765145951187,94.22121013630192,Medium,0.07306877959734179,0.13087460945403023,0.0957273042509502
00-0037256,Rachaad White,RB,WAS,2027,28.63586584531143,5.421798173412124,92.1705689480061,Medium,0.0593584979632184,0.11382222195992953,0.10507986095255044
00-0039921,Trey Benson,RB,ARI,2027,25.109514031485283,7.84149036609506,67.04474263011275,Low,0.01425259921165323,0.31702655898212684,0.16380720835528242
00-0040719,Bhayshul Tuten,RB,JAX,2027,25.54483230663929,7.235049563307074,113.59027814392105,Medium,0.01604912256679097,0.18165710497801832,0.15242091789704074
00-0039391,Kimani Vidal,RB,LAC,2027,26.010266940451743,6.641145613240194,95.6324968306588,Medium,0.06489395445144804,0.1363234339178787,0.09134068593137352
00-0036893,Najee Harris,RB,NYG,2027,29.48186173853525,4.44382031349445,35.5505625079556,Low,0.01736283708668251,0.14020904213523042,0.1813370654998916
00-0038555,Tank Bigsby,RB,PHI,2027,25.005475701574262,7.036593971612405,110.47452535431475,Medium,0.0124905672808719,0.05135724317204824,0.1851192816737534
00-0039738,Blake Corum,RB,LA,2027,26.765913757700204,5.693182166835855,96.78409683620953,Medium,0.06146923517684589,0.4274918713944296,0.2461218030812952
00-0038611,Chris Rodriguez Jr.,RB,JAX,2027,27.93223819301848,4.9736335845727355,68.38746178787511,Medium,0.06773474863206783,0.1156714389018378,0.08589595888250941
00-0037263,Tyler Allgeier,RB,ARI,2027,27.379192334017795,5.236794163195964,89.02550077433139,Medium,0.063937444594929893,0.29836249769524714,0.1588684981466111
00-0035250,Devin Singletary,RB,NYG,2027,29.993839835728952,3.920192719565685,66.64327623261664,Medium,0.0198949344710599,0.16505535094085047,0.07285935849939532
00-0041052,Kaelon Black,RB,SF,2027,25.87337440109514,6.050967321847836,90.76450982771755,Rookie-Low,0.04237960546941171,0.14662661670113922,0.14271850809990833
00-0038951,Sean Tucker,RB,TB,2027,25.851471594798085,6.051086865067791,102.86847670615245,Medium,0.01178788722872258,0.16304355681646157,0.13687514407950296
00-0037197,Isiah Pacheco,RB,DET,2027,28.50171115674196,4.487863209784211,64.62523022089265,Medium,0.01258183210724283,0.044724477541038,0.1021692895339379
00-0037746,Brian Robinson,RB,ATL,2027,28.446954140999317,4.471357664608726,76.01308029834834,Medium,0.01178788722872258,0.04623000512989713,0.11231548832634364
00-0039373,Audric Estimé,RB,NO,2027,23.98699520876112,6.418122412851851,59.046726198237025,Low,0.02320142613108779,0.12732147692629764,0.06635580551112254
00-0040162,Dylan Sampson,RB,CLE,2027,22.963039014373717,6.544365474333881,102.74653794704192,Medium,0.02237845026433834,0.05236678396210003,0.137977426419942
00-0039344,Jonathon Brooks,RB,CAR,2027,24.11567419575633,6.268486518128794,87.75881125380312,Low,0.17754678527740528,0.6310259937812872,0.34534893287073537
00-0037157,Bam Knight,RB,ARI,2027,26.39082819986311,5.187975281409463,71.33466011938012,Medium,0.05322007403608751,0.09064583058362366,0.10104129995515045
00-0040202,Devin Neal,RB,NO,2027,24.055441478439427,5.979261521334696,70.55528595174941,Medium,0.01492814626619858,0.04019793245138137,0.11448128412106802
00-0038797,Emanuel Wilson,RB,SEA,2027,28.318275154004105,4.128748639202131,70.18872686643623,Medium,0.02183905167073409,0.119097118604104,0.11717492670879008
00-0040142,Kaleb Johnson,RB,GB,2027,24.04996577686516,5.707798382509401,71.06208986224205,Medium,0.05236104691131248,0.21316216628412396,0.17386352943046787
00-0035537,Ty Johnson,RB,BUF,2027,29.955509924709105,3.365607223279697,57.21532279575485,Medium,0.01350504634445611,0.20393633106332917,0.08335207260035843
00-0039798,Isaiah Davis,RB,NYJ,2027,25.525667351129364,5.336850654281833,87.25750819750799,Medium,0.01178788722872258,0.03799729364846573,0.131420361007776
00-0039874,Jaylen Wright,RB,MIA,2027,24.419575633127995,5.577520982988938,65.81474759926947,Medium,0.01492814626619858,0.04019793245138137,0.08952901302601482
00-0033526,Samaje Perine,RB,CIN,2027,31.9596167008898,2.6606174063478556,41.77169327966133,Medium,0.01178788722872258,0.03799729364846573,0.10948634165909182
00-0041496,Jonah Coleman,RB,DEN,2027,24.033538672142367,5.311725244791334,79.67587867187001,Rookie-Low,0.01492814626619858,0.04019793245138137,0.09875466548870548
00-0034975,Justice Hill,RB,BAL,2027,29.79671457905544,3.184593372876476,39.648187492312125,Medium,0.01178788722872258,0.03799729364846573,0.11207429793377112
00-0039794,Braelon Allen,RB,NYJ,2027,23.61464750171116,5.180534303969184,44.29356829893651,Low,0.01492814626619858,0.04019793245138137,0.16222396357935512
00-0038551,Kendre Miller,RB,NO,2027,25.22450376454483,5.031515878299952,52.83091672214949,Low,0.02622352940172714,0.12773470217539912,0.12777136546015866
00-0040466,Raheim Sanders,RB,CLE,2027,25.23271731690623,4.776570457563278,40.839677412166026,Low,0.01178788722872258,0.03799729364846573,0.11694010945581178
00-0039875,Ray Davis,RB,BUF,2027,27.781656399726216,3.5841234265254682,60.93009825093296,Medium,0.01178788722872258,0.03704464257765289,0.09935246816798216
00-0038454,Keaton Mitchell,RB,LAC,2027,25.621492128678987,4.474415956234993,64.4315897697839,Medium,0.01178788722872258,0.03799729364846573,0.06878349317180746
00-0033955,Jeremy McNichols,RB,WAS,2027,31.68309377138946,2.33780232059183,38.22306794167642,Medium,0.01178788722872258,0.03799729364846573,0.13599364097111694
00-0037329,Brittain Brown,RB,CHI,2027,29.892539356605067,2.7889967288471627,22.3119738307773,Low,0.01178788722872258,0.03799729364846573,0.1634369001790611
00-0032104,Ameer Abdullah,RB,JAX,2027,34.21834360027378,2.0796472873881418,29.94692093838924,Medium,0.01178788722872258,0.05865344206579425,0.1138173934085016
00-0037563,Malik Davis,RB,DAL,2027,28.76454483230664,3.0565740425779087,38.054346830094964,Medium,0.01178788722872258,0.03799729364846573,0.1623758015761162
00-0040078,Brashard Smith,RB,KC,2027,24.392197125256672,4.307509777856,73.22766622355199,Medium,0.06749473820134609,0.09187352097083532,0.06957737979458986
00-0038705,Emari Demercado,RB,DAL,2027,28.613963039014372,2.886617329150181,39.69098827581499,Medium,0.01178788722872258,0.03799729364846573,0.13868822416974028
00-0036265,AJ Dillon,RB,CAR,2027,29.33401779603012,2.672156571251949,26.320742226831698,Low,0.01476353009354591,0.17050917012482297,0.1173872348568638
00-0040964,EJ Smith,RB,KC,2027,1,4.296687116118799,64.45030674178199,Rookie-Low,0.02237845026433834,0.05236678396210003,0.09092406138170632
00-0040878,Mike Washington Jr.,RB,LV,2027,24.16495550992471,4.001431207722063,60.02146811583094,Rookie-Low,0.01492814626619858,0.04019793245138137,0.05308398521046392
00-0040198,Ollie Gordon II,RB,MIA,2027,23.628336755646817,3.839466018095928,65.27092230763078,Medium,0.01307665153137191,0.03924898174258359,0.07491596499330311
00-0040937,Dominic Richardson,RB,NYJ,2027,1,3.9255323721567867,58.8829855823518,Rookie-Low,0.02237845026433834,0.05236678396210003,0.09092406138170632
00-0039811,MarShawn Lloyd,RB,GB,2027,26.65366187542779,3.0276432986117365,42.38700618056431,Low,0.04237960546941171,0.14662661670113922,0.16767352013312967
00-0040177,Jordan James,RB,SF,2027,23.42573579739904,3.5687009252973567,49.961812954162994,Low,0.01492814626619858,0.04019793245138137,0.05308398521046392
00-0040886,Nicholas Singleton,RB,TEN,2027,23.652977412731005,3.507156410386409,52.60734615579614,Rookie-Low,0.01492814626619858,0.04019793245138137,0.05308398521046392
00-0041490,Eli Heidenreich,RB,PIT,2027,24.096509240246405,3.402544812446866,51.038172186702994,Rookie-Low,0.01454213576549715,0.0545244204804235,0.05308398521046392
00-0041096,Kaytron Allen,RB,WAS,2027,24.64681724845996,3.2910983223901376,49.36647483585206,Rookie-Low,0.01178788722872258,0.03799729364846573,0.04993928467341206
00-0041013,Emmett Johnson,RB,KC,2027,23.89390828199863,3.2793732456297784,49.19059868444668,Rookie-Low,0.01492814626619858,0.04019793245138137,0.05308398521046392
00-0041323,Myles Montgomery,RB,NE,2027,24.411362080766597,3.2380296451162844,48.570444676744266,Rookie-Low,0.06749473820134609,0.09187352097083532,0.05308398521046392
00-0040644,Trevor Etienne,RB,CAR,2027,23.14647501711157,3.191885071954303,54.26204622322315,Medium,0.01454213576549715,0.0545244204804235,0.06217726078071657
00-0041239,Chip Trayanum,RB,NYJ,2027,25.66255989048597,2.9682645548761175,44.523968323141766,Rookie-Low,0.01178788722872258,0.03799729364846573,0.04993928467341206
00-0039021,Roschon Johnson,RB,CHI,2027,26.582477754962355,2.4280716682019263,23.916505931788972,Low,0.01178788722872258,0.03799729364846573,0.04993928467341206
00-0040238,LeQuint Allen Jr.,RB,JAX,2027,23.072553045859,2.822468537811788,46.14736059322274,Medium,0.02237845026433834,0.05236678396210003,0.06217726078071657
00-0041104,Demond Claiborne,RB,MIN,2027,23.89664613278576,2.813975210669901,42.20962816004852,Rookie-Low,0.01454213576549715,0.0545244204804235,0.05308398521046392
00-0040179,DJ Giddens,RB,IND,2027,24.017111567419576,2.8025906334964454,25.783833828167296,Low,0.01492814626619858,0.04019793245138137,0.0793591162960181
00-0041125,Seth McGowan,RB,IND,2027,25.856947296372347,2.5495556619727764,38.24333492959165,Rookie-Low,0.01178788722872258,0.03799729364846573,0.04993928467341206
00-0040888,Adam Randall,RB,BAL,2027,23.132785763175907,2.7890528063309072,41.83579209496361,Rookie-Low,0.01492814626619858,0.04019793245138137,0.06217726078071657
00-0037085,Tyler Badie,RB,DEN,2027,28.564681724845997,1.8448449892646717,30.163215574477384,Medium,0.01178788722872258,0.03799729364846573,0.04993928467341206
00-0040556,Corey Kiner,RB,NE,2027,25.61054072553046,2.505828671158071,21.424835138401505,Low,0.01178788722872258,0.03799729364846573,0.0739660942145588
00-0037276,Ty Chandler,RB,NO,2027,29.306639288158795,1.6763113024811056,13.410490419848845,Low,0.01178788722872258,0.03799729364846573,0.1095172998503425
00-0036984,Trey Sermon,RB,ATL,2027,28.586584531143053,1.7850530212926452,14.280424170341162,Low,0.02870984852508982,0.13334860777446703,0.1029873770624954
00-0038685,Chris Brooks,RB,GB,2027,27.639288158795345,1.9364457142321052,32.91957714194579,Medium,0.01178788722872258,0.03799729364846573,0.04993928467341206
00-0041081,Max Bredeson,RB,MIN,2027,24.90965092402464,2.482939854527258,37.244097817908866,Rookie-Low,0.01178788722872258,0.03799729364846573,0.04993928467341206
00-0039364,Sione Vaki,RB,DET,2027,26.089664613278575,2.198644731953959,24.514888761286645,Medium,0.01178788722872258,0.03799729364846573,0.04993928467341206
00-0039746,Will Shipley,RB,PHI,2027,25.008213552361397,2.412872334759619,36.31372863813227,Medium,0.01178788722872258,0.03799729364846573,0.04993928467341206
00-0039796,Rasheen Ali,RB,BAL,2027,26.53867214236824,1.967614560888415,30.891548605948113,Medium,0.01178788722872258,0.03704464257765289,0.04993928467341206
00-0038738,Hunter Luepke,RB,DAL,2027,27.50787132101301,1.631968145094679,24.56112058367492,Medium,0.01178788722872258,0.03799729364846573,0.04993928467341206
00-0039363,Isaac Guerendo,RB,SF,2027,27.17659137577002,1.6846148857100856,17.6884562999559,Low,0.01178788722872258,0.03799729364846573,0.04993928467341206
00-0041436,DJ Herman,RB,MIA,2027,25.459958932238195,2.0055626461723546,30.08343969258532,Rookie-Low,0.01178788722872258,0.03799729364846573,0.04993928467341206
00-0039603,British Brooks,RB,HOU,2027,27.78713210130048,1.5509316170931438,17.292887530588555,Medium,0.01178788722872258,0.03799729364846573,0.05516606665497105
00-0039299,George Holani,RB,SEA,2027,27.71047227926078,1.5596760881163374,19.4179672970484,Medium,0.01178788722872258,0.03799729364846573,0.08492583155005232
00-0037557,Ronnie Rivers,RB,LA,2027,28.58384668035592,1.370310230476774,13.497555770196223,Low,0.01178788722872258,0.03799729364846573,0.04993928467341206
00-0029892,Kyle Juszczyk,RB,SF,2027,36.35934291581109,0.8624434469123479,12.07420825677287,Low,0.01178788722872258,0.03799729364846573,0.04993928467341206
00-0037594,Julius Chestnut,RB,TEN,2027,26.848049281314168,1.5506937479344638,25.353842778728485,Medium,0.01178788722872258,0.03799729364846573,0.04993928467341206
00-0040208,Tahj Brooks,RB,CIN,2027,25.303901437371664,1.7859767845881689,24.557180788087322,Medium,0.01178788722872258,0.03799729364846573,0.04993928467341206
00-0036670,Jermar Jefferson,RB,MIN,2027,27.379192334017795,1.3926166396072994,19.496632954502193,Low,0.01178788722872258,0.03799729364846573,0.04993928467341206
00-0039407,Dylan Laube,RB,LV,2027,27.715947980835043,1.3178173625286194,22.40289516298653,Medium,0.01178788722872258,0.03799729364846573,0.04993928467341206
00-0039244,Chris Collier,RB,LV,2027,27.439425051334705,1.2816190510166472,17.94266671423306,Low,0.01178788722872258,0.03799729364846573,0.04993928467341206
00-0037304,Connor Heyward,RB,LV,2027,28.60848733744011,1.1329927987735016,15.861899182829022,Low,0.01178788722872258,0.03799729364846573,0.04993928467341206
00-0038896,Jacob Saylors,RB,DET,2027,27.483230663928815,1.2602519311906737,16.509300298597825,Medium,0.01178788722872258,0.03799729364846573,0.04993928467341206
00-0038614,Scott Matlock,RB,LAC,2027,27.17659137577002,1.2500225491913834,17.50031568867937,Low,0.01178788722872258,0.03799729364846573,0.04993928467341206
00-0031595,Michael Burton,RB,CLE,2027,35.58179329226557,0.6895513601019739,9.653719041427635,Low,0.01178788722872258,0.03799729364846573,0.04993928467341206
00-0036187,Reggie Gilliam,RB,NE,2027,30.032169746748803,0.8371138635790303,10.966191612885297,Medium,0.01178788722872258,0.03799729364846573,0.04993928467341206
00-0035125,Alec Ingold,RB,LAC,2027,31.14647501711157,0.7391154994686902,10.347616992561662,Low,0.01178788722872258,0.03799729364846573,0.04993928467341206
00-0040649,Robbie Ouzts,RB,SEA,2027,24.98631074606434,1.3342330806334468,11.407692839415969,Low,0.01178788722872258,0.03799729364846573,0.04993928467341206
00-0036842,Kene Nwangwu,RB,NYJ,2027,29.55852156057495,0.7862147663315048,9.788373840827234,Medium,0.01178788722872258,0.03799729364846573,0.04993928467341206
00-0034959,Andrew Beck,RB,NYJ,2027,31.29705681040383,0.6449776497817086,9.02968709694392,Low,0.01178788722872258,0.03799729364846573,0.04993928467341206
00-0038488,Brady Russell,RB,SEA,2027,29.00273785078713,0.7490557021310279,9.325743491531297,Medium,0.01178788722872258,0.03799729364846573,0.04993928467341206
00-0033376,Patrick Ricard,RB,NYG,2027,33.26557152635181,0.5066604255452395,4.661275915016203,Low,0.01178788722872258,0.03799729364846573,0.04993928467341206
00-0037744,Trey McBride,TE,ARI,2027,27.77618069815195,11.798329032318494,200.5715935494144,High,0.6566016250440058,0.8968075005165839,0.05472630732607206
00-0039338,Brock Bowers,TE,LV,2027,24.718001368925393,10.76505642674557,148.01952586775158,Medium,0.3882705170304024,0.6287235939991077,0.08830754790902923
00-0033288,George Kittle,TE,SF,2027,33.8952772073922,8.52919851723001,111.73250057571315,Medium,0.48090987844248606,0.6564435447425377,0.02608239302027733
00-0038996,Tucker Kraft,TE,GB,2027,26.82614647501711,9.357656647872677,104.33787162378034,Medium,0.4046167894254771,0.5546150933727946,0.0225010823121271
00-0040663,Harold Fannin Jr.,TE,CLE,2027,23.116358658453116,8.869282115334453,145.01276258571832,High,0.3384425383531153,0.7396953323846037,0.04142359104591559
00-0030506,Travis Kelce,TE,KC,2027,37.90622861054072,5.681072613580157,96.57823443086266,High,0.28913056645504104,0.699346807611967,0.05661270038444604
00-0034351,Dallas Goedert,TE,PHI,2027,32.66050650239562,7.326768316758509,115.03026257310859,High,0.2230210014563289,0.371368132549585,0.02563580900468405
00-0036970,Kyle Pitts,TE,ATL,2027,26.90280629705681,8.131075297622107,138.22828005957584,High,0.3273535115064778,0.5092220659553626,0.05702893834592416
00-0040128,Tyler Warren,TE,IND,2027,25.27378507871321,8.064540822269247,137.0971939785772,High,0.3447978136744374,0.6062846536794092,0.17223513152233513
00-0039065,Sam LaPorta,TE,DET,2027,26.634496919917865,7.976155430033538,94.11863407439576,Medium,0.22367808272390843,0.3931397576650514,0.01929386840557622
00-0040126,Colston Loveland,TE,CHI,2027,23.39561943874059,8.137133522146918,133.04213308710212,High,0.23068115336038836,0.5426663027510079,0.12307708277907374
00-0033090,Hunter Henry,TE,NE,2027,32.73442847364819,6.801553516731646,115.62640978443798,High,0.2379222994136232,0.4961391116365895,0.05222747339467826
00-0036040,Juwan Johnson,TE,NO,2027,30.965776865160848,7.361678323661378,125.14853150224343,High,0.43010831249368503,0.5289258454141513,0.08564797460704239
00-0040189,Oronde Gadsden II,TE,LAC,2027,24.18685831622177,7.559975567124839,118.69161640385997,High,0.2031430147679524,0.5511547091495664,0.06711531676526958
00-0038933,Dalton Kincaid,TE,BUF,2027,27.872005475701577,6.880858845360834,94.61180912371147,Medium,0.2670521762141726,0.49494270031114934,0.05127451853708553
00-0041032,Kenyon Sadiq,TE,NYJ,2027,22.49486652977413,7.037419817029911,105.56129725544866,Rookie-Medium,0.02096149334757396,0.09813300541411318,0.2327759657085439
00-0034383,Dalton Schultz,TE,HOU,2027,31.140999315537304,6.422689435603537,109.18572040526013,High,0.2809846899985536,0.41851709134523535,0.05222747339467826
00-0031610,Darren Waller,TE,CAR,2027,34.96577686516085,5.166106669584639,60.960058701098745,Medium,0.2335681923096939,0.5772209177836858,0.02101983719561385
00-0039847,Theo Johnson,TE,NYG,2027,26.51129363449692,6.5062272401076715,102.14776766969044,High,0.09562255385697084,0.36061901913377054,0.09174393255336652
00-0038041,Jake Ferguson,TE,DAL,2027,28.61943874058864,6.421555250730162,109.16643926241275,High,0.03209311174970122,0.15414185475398445,0.02859787373797856
00-0034753,Mark Andrews,TE,BAL,2027,31.98699520876112,5.731995973219045,97.44393154472377,High,0.1551930116246058,0.34401194528006807,0.1040117459441405
00-0038935,Brenton Strange,TE,JAX,2027,26.678302532511974,6.338946992190811,87.16052114262365,Medium,0.2108054729314166,0.34343685949426506,0.01929386840557622
00-0038129,Cade Otton,TE,TB,2027,28.381245722108144,6.230668113597435,97.82148938347973,High,0.00783558736736372,0.05307169190889669,0.01608898368189851
00-0036894,Pat Freiermuth,TE,PIT,2027,28.852156057494867,6.159328860439871,96.70146310890597,High,0.08817187420660708,0.32854368003601797,0.01929386840557622
00-0033885,David Njoku,TE,LAC,2027,31.143737166324435,5.681089886286735,74.42227751035622,Medium,0.0066882212938757,0.12240433406645916,0.01929386840557622
00-0037809,Chig Okonkwo,TE,WAS,2027,27.981519507186857,5.819158933526976,98.9257018699586,High,0.05493890075782483,0.1359557482736453,0.01806375603268816
00-0035229,T.J. Hockenson,TE,MIN,2027,30.163586584531146,5.681890912498502,89.20568732622647,High,0.00823284074469057,0.21391810107184792,0.07562904527214866
00-0039793,AJ Barner,TE,SEA,2027,25.331279945242983,5.717904553812658,97.20437741481518,High,0.14961277220124003,0.2664946372524725,0.05856850859500506
00-0037112,Jake Tonges,TE,SF,2027,28.15126625598905,5.672766353653109,70.6259411029812,Medium,0.08702364262216913,0.35884963482543614,0.02101983719561385
00-0033881,Evan Engram,TE,DEN,2027,32.99726214921287,4.685924820645812,76.61487081755902,High,0.03174059549770419,0.2420204955747041,0.0169839308650146
00-0040736,Mason Taylor,TE,NYJ,2027,23.316221765913756,5.417131728563453,78.00669689131372,Medium,0.01485823345877521,0.3709870281806624,0.02856032116479455
00-0033858,Jonnu Smith,TE,GB,2027,32.0280629705681,4.655820676736933,79.14895150452786,High,0.04722187609469202,0.1948653000510669,0.05178271040638681
00-0033110,Tyler Higbee,TE,LA,2027,34.66461327857632,4.029860062402771,50.1717577769145,Medium,0.0066882212938757,0.07011682490289309,0.01929386840557622
00-0036244,Colby Parkinson,TE,LA,2027,28.64955509924709,5.09598150997113,76.69452172506551,High,0.08857398045986158,0.1617548224821516,0.098148969110947
00-0034829,Mike Gesicki,TE,CIN,2027,31.913073237508556,4.108456621832568,56.49127855019781,Medium,0.0066882212938757,0.02854522990318268,0.01773221922196824
00-0037838,Isaiah Likely,TE,NYG,2027,27.3709787816564,4.484583012662177,61.66301642410493,Medium,0.0066882212938757,0.02695998689276634,0.01773221922196824
00-0040737,Terrance Ferguson,TE,LA,2027,24.488021902806295,4.593719755114863,60.17772879200471,Medium,0.0066882212938757,0.02328516780667057,0.0189644209553846
00-0036290,Cole Kmet,TE,CHI,2027,28.479808350444905,4.436386054167456,72.53491198563792,High,0.03449633046282639,0.06695224469516321,0.04181826986506059
00-0035689,Dawson Knox,TE,BUF,2027,30.796030116358654,4.148113581510145,67.82165705769089,High,0.01500562498164761,0.0503188580743177,0.0169839308650146
00-0040584,Gunnar Helm,TE,TEN,2027,24.98631074606434,4.402827055181832,71.98622235222295,High,0.01600112696921399,0.09861185797277502,0.02438414252325143
00-0035644,Noah Fant,TE,NO,2027,29.78028747433265,4.19127237453746,60.35432219333943,Medium,0.0066882212938757,0.05547631798088545,0.01773221922196824
00-0037252,Greg Dulcich,TE,MIA,2027,27.43394934976044,4.168921521036759,49.19327394823375,Medium,0.01001716636112873,0.10260298540958612,0.05596851694804711
00-0032392,Austin Hooper,TE,ATL,2027,32.84120465434634,3.427016478661648,49.349037292727736,Medium,0.0415696763122417,0.09973563793888358,0.01773221922196824
00-0039066,Michael Mayer,TE,LV,2027,26.155373032169745,3.9396142549937303,56.730445271909716,Medium,0.01196603520641852,0.0366941831418085,0.01773221922196824
00-0041395,Eli Raridon,TE,NE,2027,23.55167693360712,3.9289815468387643,58.934723202581466,Rookie-Medium,0.0066882212938757,0.02328516780667057,0.02146912414951519
00-0041077,Justin Joly,TE,MIA,2027,23.14647501711157,3.8630719387420864,57.946079081131295,Rookie-Medium,0.00683545124618517,0.03495530659933948,0.02146912414951519
00-0035249,Josh Oliver,TE,MIN,2027,30.44832306639288,3.650109142011272,50.189000702654994,Medium,0.0066882212938757,0.02328516780667057,0.01773221922196824
00-0039356,Ja'Tavion Sanders,TE,CAR,2027,24.433264887063658,3.7945275762322828,52.17475417319389,Medium,0.0066882212938757,0.02328516780667057,0.0189644209553846
00-0041558,Sam Roush,TE,CHI,2027,23.98699520876112,3.72425814177332,55.8638721265998,Rookie-Medium,0.0066882212938757,0.02328516780667057,0.0189644209553846
00-0038558,Darnell Washington,TE,PIT,2027,26.0403832991102,3.619120455659473,52.11533456149641,Medium,0.0066882212938757,0.02695998689276634,0.02504346723907324
00-0034270,Tyler Conklin,TE,DET,2027,32.09103353867214,3.100946407752647,30.544322116363574,Low,0.0066882212938757,0.02328516780667057,0.01773221922196824
00-0041483,Eli Stowers,TE,PHI,2027,24.381245722108144,3.517171857961111,52.757577869416664,Rookie-Medium,0.0066882212938757,0.02328516780667057,0.0189644209553846
00-0037005,Tommy Tremble,TE,CAR,2027,27.247775496235455,3.3546603448920864,52.66816741480575,High,0.0066882212938757,0.02328516780667057,0.01773221922196824
00-0041041,Oscar Delp,TE,NO,2027,24.077344284736483,3.4072966622441343,51.10944993366201,Rookie-Medium,0.0066882212938757,0.02328516780667057,0.0189644209553846
00-0041510,Max Klare,TE,LA,2027,24.15126625598905,3.4072966622441343,51.10944993366201,Rookie-Medium,0.0066882212938757,0.02328516780667057,0.0189644209553846
00-0040194,Jackson Hawes,TE,BUF,2027,26.73579739904175,3.226653199522985,46.46380607313098,Medium,0.0066882212938757,0.02328516780667057,0.01773221922196824
00-0036637,Noah Gray,TE,KC,2027,28.34017796030116,3.196983036622981,48.11459470117587,High,0.0066882212938757,0.02328516780667057,0.01773221922196824
00-0038115,Daniel Bellinger,TE,TEN,2027,26.94113620807666,3.178198085225885,45.766052427252745,Medium,0.0066882212938757,0.02328516780667057,0.01773221922196824
00-0041116,Jack Endries,TE,CIN,2027,23.43394934976044,3.2195599832734043,48.29339974910106,Rookie-Medium,0.0066882212938757,0.02328516780667057,0.05040136783035073
00-0041472,Marlin Klein,TE,HOU,2027,24.956194387405887,3.1657361401363038,47.48604210204456,Rookie-Medium,0.0066882212938757,0.02328516780667057,0.0189644209553846
00-0040739,Elijah Arroyo,TE,SEA,2027,24.408624229979463,3.151750879874033,45.38521267018608,Medium,0.0066882212938757,0.02328516780667057,0.0189644209553846
00-0041524,Will Kacmarek,TE,MIA,2027,24.550992470910337,3.123146797719643,46.847201965794646,Rookie-Medium,0.0066882212938757,0.02328516780667057,0.0189644209553846
00-0036754,Brock Wright,TE,DET,2027,28.761806981519506,3.014848064489448,33.61555591905735,Medium,0.0066882212938757,0.02328516780667057,0.01773221922196824
00-0039074,Davis Allen,TE,LA,2027,26.57426420260096,2.9057757010584155,45.620678506617125,High,0.0066882212938757,0.02328516780667057,0.01773221922196824
00-0036422,Adam Trautman,TE,DEN,2027,30.568788501026695,2.8016497264699183,40.34375606116682,Medium,0.0066882212938757,0.02328516780667057,0.01773221922196824
00-0039144,Luke Musgrave,TE,GB,2027,26.9958932238193,2.8579154347572984,41.153982260505096,Medium,0.0066882212938757,0.02328516780667057,0.01773221922196824
00-0041084,Tanner Koziol,TE,JAX,2027,23.5927446954141,2.88973882590302,43.3460823885453,Rookie-Medium,0.0066882212938757,0.02328516780667057,0.02146912414951519
00-0039912,Ben Sinnott,TE,WAS,2027,25.21629021218343,2.7968587697058815,33.00293348252941,Medium,0.0066882212938757,0.02328516780667057,0.0189644209553846
00-0039041,Elijah Higgins,TE,ARI,2027,26.845311430527037,2.788018883026626,47.39632101145264,High,0.0066882212938757,0.02328516780667057,0.0169839308650146
00-0041577,Connor Hulstein,TE,NYJ,2027,1,2.8550301419980904,42.82545212997135,Rookie-Medium,0.0066882212938757,0.24092910962816763,0.05040136783035073
00-0037004,Hunter Long,TE,ARI,2027,29.035592060232716,2.784015901256189,29.232166963189982,Low,0.0066882212938757,0.02328516780667057,0.01773221922196824
00-0040187,Mitchell Evans,TE,CAR,2027,24.290896646132783,2.845094156908143,42.81866706146755,High,0.0066882212938757,0.02328516780667057,0.0189644209553846
00-0034981,Foster Moreau,TE,HOU,2027,30.322381930184804,2.6087815976245783,27.39220677505807,Low,0.0066882212938757,0.02328516780667057,0.01773221922196824
00-0037805,Jeremy Ruckert,TE,NYJ,2027,27.05612594113621,2.611982782001556,39.31034086912342,High,0.0066882212938757,0.02328516780667057,0.01773221922196824
00-0041503,Nate Boerkircher,TE,JAX,2027,25.99110198494182,2.5825352126031964,38.738028189047945,Rookie-Medium,0.0066882212938757,0.02328516780667057,0.0189644209553846
00-0038046,Charlie Kolar,TE,LAC,2027,28.5564681724846,2.5682885073145107,36.983354505328954,Medium,0.0066882212938757,0.02328516780667057,0.01773221922196824
00-0038589,Josh Whyle,TE,GB,2027,27.981519507186857,2.557024642393047,25.18669272757151,Low,0.0066882212938757,0.02328516780667057,0.01773221922196824
00-0040879,Matthew Hibner,TE,BAL,2027,25.48186173853525,2.4959423592704044,37.43913538905607,Rookie-Medium,0.0066882212938757,0.02328516780667057,0.0189644209553846
00-0038547,Luke Schoonmaker,TE,DAL,2027,28.926078028747433,2.4369373278748196,36.67590678451604,High,0.0066882212938757,0.02328516780667057,0.01773221922196824
00-0035631,Drew Sample,TE,CIN,2027,31.376454483230663,2.2054115106495478,30.32440827143128,Medium,0.0066882212938757,0.02328516780667057,0.01773221922196824
00-0034365,Ian Thomas,TE,LV,2027,31.236824093086927,2.210863697679356,26.0881916326164,Medium,0.0066882212938757,0.02328516780667057,0.01773221922196824
00-0037086,Grant Calcaterra,TE,PHI,2027,28.742642026009584,2.347856971000141,27.704712257801663,Medium,0.0066882212938757,0.02328516780667057,0.01773221922196824
00-0038783,Nate Adkins,TE,DEN,2027,28.148528405201915,2.3261879532637866,22.9129513396483,Low,0.0066882212938757,0.02328516780667057,0.01773221922196824
00-0033217,Mo Alie-Cox,TE,IND,2027,33.95003422313484,1.892456848051244,24.791184709471295,Medium,0.0066882212938757,0.02328516780667057,0.01773221922196824
00-0040901,Jaren Kanak,TE,TEN,2027,23.55715263518138,2.3748524781409146,35.62278717211372,Rookie-Medium,0.0066882212938757,0.02328516780667057,0.05040136783035073
00-0039359,Cade Stover,TE,HOU,2027,27.220396988364133,2.3148323592053757,22.80109873817295,Low,0.0066882212938757,0.02328516780667057,0.01773221922196824
00-0033246,Johnny Mundt,TE,PHI,2027,32.77275838466803,1.973273541529429,27.132511196029647,Medium,0.0066882212938757,0.02328516780667057,0.01773221922196824
00-0040887,Josh Cuevas,TE,BAL,2027,24.93429158110883,2.292541047956975,34.38811571935463,Rookie-Medium,0.0066882212938757,0.02328516780667057,0.0189644209553846
00-0040244,Moliki Matavao,TE,NO,2027,24.460643394934976,2.2806542683339712,18.24523414667177,Low,0.0066882212938757,0.02328516780667057,0.0189644209553846
00-0038720,Julian Hill,TE,NE,2027,27.14647501711157,2.2142348792822077,29.00647691859692,Medium,0.0066882212938757,0.02328516780667057,0.01773221922196824
00-0036628,John Bates,TE,WAS,2027,29.8186173853525,2.2107242436025003,27.523516832851126,Medium,0.0066882212938757,0.02328516780667057,0.01773221922196824
00-0041398,Riley Nowakowski,TE,PIT,2027,25.17248459958932,2.182809927244826,32.74214890867239,Rookie-Medium,0.0066882212938757,0.02328516780667057,0.0189644209553846
00-0041087,Joe Royer,TE,CLE,2027,25.514715947980836,2.172301413445477,32.58452120168216,Rookie-Medium,0.0066882212938757,0.02328516780667057,0.0189644209553846
00-0041579,Seydou Traore,TE,MIA,2027,25.05475701574264,2.101994667258916,31.529920008883742,Rookie-Medium,0.0066882212938757,0.02328516780667057,0.0189644209553846
00-0041094,Bauer Sharp,TE,TB,2027,24.33196440793977,2.143566163809953,32.1534924571493,Rookie-Medium,0.0066882212938757,0.02328516780667057,0.0189644209553846
00-0040363,Keleki Latu,TE,BUF,2027,25.05201916495551,2.073826256679415,16.59061005343532,Low,0.0066882212938757,0.02328516780667057,0.0189644209553846
00-0036887,Luke Farrell,TE,SF,2027,29.88158795345654,2.030607161961057,29.24074313223922,Medium,0.0066882212938757,0.02328516780667057,0.01773221922196824
00-0041131,Carsen Ryan,TE,CLE,2027,24.030800821355236,2.0520989638589984,30.781484457884975,Rookie-Medium,0.0066882212938757,0.02328516780667057,0.0189644209553846
00-0038809,Ben Sims,TE,MIA,2027,27.2943189596167,1.965058252372583,15.720466018980664,Low,0.0066882212938757,0.02328516780667057,0.01773221922196824
00-0038394,Will Mallory,TE,IND,2027,28.195071868583163,1.9278487751982265,15.422790201585812,Low,0.0066882212938757,0.02328516780667057,0.01773221922196824
00-0040955,John Michael Gyllenborg,TE,KC,2027,25.0684462696783,1.847061787744605,27.705926816169075,Rookie-Medium,0.0066882212938757,0.02328516780667057,0.0189644209553846
00-0041366,Jameson Geers,TE,ARI,2027,24.73990417522245,1.8932383324382198,28.398574986573298,Rookie-Medium,0.0066882212938757,0.02328516780667057,0.0189644209553846
00-0039737,Tip Reiman,TE,ARI,2027,25.955509924709105,1.7877035979465812,14.30162878357265,Low,0.0066882212938757,0.02328516780667057,0.0189644209553846
00-0041314,Tanner Arkin,TE,NE,2027,24.15400410677618,1.8041968156844352,27.06295223526653,Rookie-Medium,0.0066882212938757,0.02328516780667057,0.0189644209553846
00-0041170,Hayden Large,TE,CHI,2027,25.432580424366872,1.7496835015025392,26.245252522538088,Rookie-Medium,0.0066882212938757,0.02328516780667057,0.0189644209553846
00-0040938,DJ Rogers,TE,DAL,2027,25.80766598220397,1.71132188794331,25.66982831914965,Rookie-Medium,0.0066882212938757,0.02328516780667057,0.0189644209553846
00-0039050,Payne Durham,TE,TB,2027,27.21218343600274,1.6925052229816206,18.87143323624507,Medium,0.0066882212938757,0.02328516780667057,0.01773221922196824
00-0037755,Jelani Woods,TE,NYJ,2027,28.89596167008898,1.651378643870991,13.211029150967928,Low,0.0066882212938757,0.02328516780667057,0.01773221922196824
00-0041133,Dallen Bentley,TE,DEN,2027,26.66735112936345,1.637754900516437,24.566323507746553,Rookie-Medium,0.0066882212938757,0.02328516780667057,0.01773221922196824
00-0040853,Carson Towt,TE,IND,2027,26.251197809719372,1.637754900516437,24.566323507746553,Rookie-Medium,0.0066882212938757,0.02328516780667057,0.01773221922196824
00-0041180,Quentin Moore,TE,WAS,2027,27.015058179329227,1.637754900516437,24.566323507746553,Rookie-Medium,0.0066882212938757,0.02328516780667057,0.01773221922196824
00-0033757,Robert Tonyan,TE,PIT,2027,33.33949349760438,1.3717098575530027,10.973678860424021,Low,0.0066882212938757,0.02328516780667057,0.01773221922196824
00-0036590,Quintin Morris,TE,JAX,2027,28.61122518822724,1.5598595638333277,20.434160286216592,Medium,0.0066882212938757,0.02328516780667057,0.01773221922196824
00-0037292,Andrew Ogletree,TE,IND,2027,29.095824777549623,1.5150936374039496,19.84772664999174,Medium,0.0066882212938757,0.02328516780667057,0.01773221922196824
00-0036876,Kylen Granson,TE,TEN,2027,29.432580424366872,1.4890179144717557,20.47399632398664,Medium,0.0066882212938757,0.02328516780667057,0.01773221922196824
00-0039530,Brevyn Spann-Ford,TE,DAL,2027,27.680355920602327,1.480751245621245,24.21028286590736,High,0.0066882212938757,0.02328516780667057,0.0169839308650146
00-0033576,Eric Saubert,TE,SEA,2027,33.31485284052019,1.2428722146262399,14.665892132589631,Medium,0.0066882212938757,0.02328516780667057,0.01773221922196824
00-0036429,Charlie Woerner,TE,ATL,2027,29.876112251882272,1.4633596351750804,15.365276169338344,Low,0.0066882212938757,0.02328516780667057,0.01773221922196824
00-0039824,Jared Wiley,TE,KC,2027,26.828884325804243,1.404493579066495,11.23594863253196,Low,0.0066882212938757,0.02328516780667057,0.01773221922196824
00-0034798,Durham Smythe,TE,BAL,2027,32.06365503080082,1.1842124140658457,12.43423034769138,Low,0.0066882212938757,0.02328516780667057,0.01773221922196824
00-0039648,David Martin-Robinson,TE,TEN,2027,27.68309377138946,1.2517049131803668,16.397334362662804,Medium,0.0066882212938757,0.02328516780667057,0.01773221922196824
00-0038710,Blake Whiteheart,TE,CLE,2027,27.444900752908968,1.2320256256047473,14.537902382136018,Medium,0.0066882212938757,0.02328516780667057,0.01773221922196824
00-0040488,Carter Runyon,TE,LV,2027,26.1088295687885,1.1905718376577583,9.524574701262067,Low,0.0066882212938757,0.02328516780667057,0.0189644209553846
00-0031484,Chris Manhertz,TE,NYG,2027,35.392881587953454,0.9015608841107904,7.708345559147257,Low,0.0066882212938757,0.02328516780667057,0.01773221922196824
00-0038564,Cameron Latu,TE,NE,2027,27.518822724161534,1.1839358775978086,14.740001676092715,Medium,0.0066882212938757,0.02328516780667057,0.01773221922196824
00-0040215,Gavin Bartholomew,TE,MIN,2027,24.34017796030116,1.2063293844605742,16.88861138244804,Low,0.0066882212938757,0.02328516780667057,0.0189644209553846
00-0040225,Thomas Fidone II,TE,NYG,2027,24.94798083504449,1.2063293844605742,9.650635075684594,Low,0.0066882212938757,0.02328516780667057,0.0189644209553846
00-0040509,Ben Yurosek,TE,MIN,2027,25.459958932238195,1.118684079252324,11.019038180635391,Low,0.0066882212938757,0.02328516780667057,0.0189644209553846
00-0039814,Erick All,TE,CIN,2027,26.965776865160848,1.1082352666793178,15.51529373351045,Low,0.0066882212938757,0.02328516780667057,0.01773221922196824
00-0040240,Caleb Lohner,TE,DEN,2027,25.917180013689254,1.1029468244865557,15.44125554281178,Low,0.0066882212938757,0.02328516780667057,0.0189644209553846
00-0036556,Brevin Jordan,TE,HOU,2027,27.127310061601644,1.0794579773341573,15.112411682678202,Low,0.0066882212938757,0.02328516780667057,0.01773221922196824
00-0037078,Cole Turner,TE,MIA,2027,27.46132785763176,1.0584037671676405,14.817652740346967,Low,0.0066882212938757,0.02328516780667057,0.01773221922196824
00-0040390,Jackson Meeks,TE,DET,2027,24.44147843942505,1.0832548068254335,15.16556729555607,Low,0.0066882212938757,0.02328516780667057,0.0189644209553846
00-0040081,Jake Briningstool,TE,KC,2027,24.72895277207392,1.0811654687747076,15.136316562845908,Low,0.0066882212938757,0.02328516780667057,0.0189644209553846
00-0040504,Bryson Nesbit,TE,MIN,2027,24.93429158110883,1.0811654687747076,15.136316562845908,Low,0.0066882212938757,0.02328516780667057,0.0189644209553846
00-0039686,Colson Yankoff,TE,WAS,2027,27.50239561943874,1.0330143761154091,12.861028982636842,Medium,0.0066882212938757,0.02328516780667057,0.01773221922196824
00-0037311,Ko Kieft,TE,TB,2027,29.61327857631759,1.0227346400967576,8.181877120774061,Low,0.0066882212938757,0.02328516780667057,0.01773221922196824
00-0040598,Mark Redman,TE,GB,2027,25.61327857631759,0.9869256293917504,13.816958811484506,Low,0.0066882212938757,0.02328516780667057,0.0189644209553846
00-0037031,Nikola Kalinic,TE,CHI,2027,30.609856262833677,0.94070153978,7.52561231824,Low,0.0066882212938757,0.02328516780667057,0.01773221922196824
00-0038498,E.J. Jenkins,TE,PHI,2027,28.82751540041068,0.9502687602752556,7.602150082202045,Low,0.0066882212938757,0.02328516780667057,0.01773221922196824
00-0038145,Thomas Odukoya,TE,KC,2027,30.32511978097194,0.9137225001617457,12.79211500226444,Low,0.0066882212938757,0.02328516780667057,0.01773221922196824
00-0038735,Princeton Fant,TE,DAL,2027,28.477070499657767,0.9290879255117968,7.432703404094374,Low,0.0066882212938757,0.02328516780667057,0.01773221922196824
00-0039263,McCallan Castles,TE,GB,2027,27.746064339493497,0.9290879255117968,13.007230957165154,Low,0.0066882212938757,0.02328516780667057,0.01773221922196824
00-0039936,Thomas Yassmin,TE,GB,2027,27.863791923340177,0.9290879255117968,13.007230957165154,Low,0.0066882212938757,0.02328516780667057,0.01773221922196824
00-0040058,Nick Kallerup,TE,SEA,2027,26.43189596167009,0.9000782560991933,7.695669089648102,Low,0.0066882212938757,0.02328516780667057,0.01773221922196824
00-0036825,Feleipe Franks,TE,CAR,2027,29.692676249144423,0.8994385225055306,11.198009605193855,Medium,0.0066882212938757,0.02328516780667057,0.01773221922196824
00-0039075,Puka Nacua,WR,LA,2027,26.259411362080765,14.539056789751507,237.71357851243715,High,0.8224034779177342,0.9349944451027792,0.10643130155166285
00-0036900,Ja'Marr Chase,WR,CIN,2027,27.50239561943874,14.469795306449871,236.5811532604554,High,0.7203704783552609,0.8281449303475483,0.07011809502464342
00-0038543,Jaxon Smith-Njigba,WR,SEA,2027,25.54483230663929,13.29707385253668,226.05025549312356,High,0.7534942022914112,0.8008226161770149,0.0798715645954408
00-0036963,Amon-Ra St. Brown,WR,DET,2027,27.855578370978783,13.12725139157673,223.1632736568044,High,0.6525828325661439,0.8419199309813561,0.03750581188103934
00-0036322,Justin Jefferson,WR,MIN,2027,28.21149897330595,11.580861724189141,196.8746493112154,High,0.2968122208754631,0.6267104023379949,0.22646052435823127
00-0036410,Tee Higgins,WR,CIN,2027,28.61943874058864,11.249432405022219,176.61608875884883,High,0.32003919965171657,0.6691739954275361,0.02769118132140576
00-0037238,Drake London,WR,ATL,2027,26.10609171800137,11.579057196313338,159.21203644930839,Medium,0.3562683568417204,0.6243438010754453,0.06447220953330665
00-0036358,CeeDee Lamb,WR,DAL,2027,28.40041067761807,11.285177064883568,162.50654973432339,Medium,0.4578810181219962,0.8412370031709686,0.13419575041705337
00-0031381,Davante Adams,WR,LA,2027,34.686516084873375,7.5491568386297425,113.61481042137763,High,0.2341549144826781,0.49577912686247105,0.06931475300055653
00-0036554,Nico Collins,WR,HOU,2027,28.45516769336071,10.883958042975623,170.87814127471728,High,0.3611871893177159,0.7514967273498213,0.07493934606898876
00-0039337,Malik Nabers,WR,NYG,2027,24.096509240246405,11.052581217707598,94.49956941139995,Low,0.24616292519599264,0.632980221857553,0.10831139501457202
00-0035676,A.J. Brown,WR,NE,2027,30.17180013689254,9.579940727349834,150.4050694193924,High,0.4037885615752464,0.6706670666100123,0.02836617251172512
00-0037247,George Pickens,WR,DAL,2027,26.49486652977413,10.712307094479756,182.10922060615587,High,0.3363764316213861,0.6607733020683991,0.08434752680134266
00-0037239,Chris Olave,WR,NO,2027,27.17932922655715,10.56424207991791,172.72535800665784,High,0.28313590885551815,0.6071756523148876,0.05193382386646539
00-0039067,Rashee Rice,WR,KC,2027,27.360027378507873,10.469411230516284,116.73393522025657,Medium,0.4405941008188253,0.7190561266061534,0.0859057875935818
00-0039064,Zay Flowers,WR,BAL,2027,26.971252566735114,10.419593286586563,177.1330858719716,High,0.237902648555077,0.747103967541587,0.04184386310098842
00-0037240,Jameson Williams,WR,DET,2027,26.43463381245722,10.322853351193856,175.48850697029556,High,0.0930874243313735,0.6645515069780689,0.1294632959069212
00-0040129,Emeka Egbuka,WR,TB,2027,24.88227241615332,9.980801892223877,169.6736321678059,High,0.07426460677645685,0.5450132069948004,0.187018654381488
00-0039893,Brian Thomas Jr.,WR,JAX,2027,24.89869952087611,9.944730396954888,149.66819247417106,High,0.1015716923793112,0.5136890557641072,0.2612995833581429
00-0038117,Wan'Dale Robinson,WR,TEN,2027,26.65366187542779,9.898665244705684,161.84317675093794,High,0.1571264626352161,0.5033774096239327,0.16430573563146816
00-0040124,Tetairoa McMillan,WR,CAR,2027,24.408624229979463,9.892045540367336,168.16477418624473,High,0.07728759968704439,0.460636393287192,0.08462309149511879
00-0038544,Quentin Johnston,WR,LAC,2027,25.985626283367555,9.70749036804858,139.78786129989956,Medium,0.18442336734683148,0.6355079387756286,0.08460152089160147
00-0034348,Courtland Sutton,WR,DEN,2027,31.89390828199863,7.59770058137736,129.16090988341512,High,0.1245943052617096,0.5128657663292383,0.04715759250080922
00-0039915,Ladd McConkey,WR,LAC,2027,25.804928131416837,9.481357892133213,155.02020153637804,High,0.04099879880069505,0.4425782163569913,0.13958514791744267
00-0037664,Alec Pierce,WR,IND,2027,27.33264887063655,9.357494487771955,146.9126634580197,High,0.06771282959059725,0.3436313941386807,0.1312180400518086
00-0035640,DK Metcalf,WR,PIT,2027,29.71457905544148,8.386078732081346,131.66143609367714,High,0.0912331381353604,0.6730309321536126,0.03520386927362763
00-0036912,DeVonta Smith,WR,PHI,2027,28.797399041752225,8.77457483251486,149.16777215275263,High,0.06563601820540828,0.2956952441205029,0.06049387996327051
00-0035659,Terry McLaurin,WR,WAS,2027,31.962354551676935,7.162013266354134,89.16706516610897,Medium,0.15159513402474642,0.3674535834873297,0.03350840721787543
00-0036613,Jaylen Waddle,WR,DEN,2027,28.76728268309377,8.608889505197869,140.75534340998516,High,0.04836809823088802,0.29337628618452,0.02810863016413853
00-0037740,Garrett Wilson,WR,NYJ,2027,27.11088295687885,8.684035135463336,91.18236892236503,Low,0.17511408646661417,0.44318486918884664,0.09711159033207468
00-0041438,Carnell Tate,WR,TEN,2027,22.61533196440794,8.87690100530169,133.15351507952533,Rookie-Medium,0.0621724182745371,0.23305325414693903,0.20061129095955132
00-0038124,Christian Watson,WR,GB,2027,28.307323750855577,8.371128754191913,104.22055298968931,Medium,0.09127264204882148,0.29860795976475174,0.08196110591235191
00-0038559,Michael Wilson,WR,ARI,2027,27.521560574948666,8.448182400928545,143.61910081578526,High,0.08965559005966021,0.350225829362457,0.07953731531671092
00-0041029,Jordyn Tyson,WR,NO,2027,23.05338809034908,8.647732137202158,129.71598205803238,Rookie-Medium,0.0621724182745371,0.23305325414693903,0.16970498929629352
00-0036259,Jauan Jennings,WR,MIN,2027,30.144421629021217,7.3812610172450634,115.88579797074749,High,0.08054454102566758,0.3872455816834068,0.0374215147970553
00-0038994,Jordan Addison,WR,MIN,2027,25.594113620807665,8.41620867380963,126.66394054083493,High,0.1001095459187864,0.3457257374476817,0.16715258417660792
00-0039919,Rome Odunze,WR,CHI,2027,25.246406570841888,8.359550168376375,114.94381481517514,Medium,0.07990301448236192,0.22835887273357944,0.07943073886046213
00-0041511,Omar Cooper Jr.,WR,NYJ,2027,23.715947980835043,8.527272050919592,127.90908076379388,Rookie-Medium,0.03429867257819892,0.19900272979163416,0.1565319427910622
00-0036252,Michael Pittman,WR,PIT,2027,29.90622861054073,7.3494982601593355,124.9414704227087,High,0.02986862571498036,0.3193852674135192,0.04794990053567647
00-0031588,Stefon Diggs,WR,WAS,2027,33.75564681724846,5.716190236141765,97.17523401441001,High,0.12843505498933488,0.37798143741083984,0.07580674473572693
00-0034960,Jakobi Meyers,WR,JAX,2027,30.809719370294317,6.8170299547873325,111.45843976077289,High,0.10198875731875764,0.3763313413340989,0.10388280471114436
00-0031408,Mike Evans,WR,SF,2027,34.02943189596167,5.575504860006428,62.16687918907168,Medium,0.06386950888324595,0.21332522802624576,0.06892189905862425
00-0040867,Makai Lemon,WR,PHI,2027,23.247775496235455,8.179316244234185,122.68974366351277,Rookie-Medium,0.03173360999749166,0.1567915947910262,0.1379512241046126
00-0041547,KC Concepcion,WR,CLE,2027,22.93566050650239,8.161990351528692,122.42985527293038,Rookie-Medium,0.03984218202945458,0.15076868165845683,0.1263285204990158
00-0041035,De'Zhaun Stribling,WR,SF,2027,24.704312114989733,7.894210703738371,118.41316055607557,Rookie-Medium,0.03442609148503509,0.3696364633373261,0.20634696055712656
00-0035719,Deebo Samuel Sr.,WR,SF,2027,31.628336755646817,6.299415070665265,102.99543640537709,High,0.03169902779797374,0.4287744448027455,0.0631113578891654
00-0039849,Marvin Harrison Jr.,WR,ARI,2027,25.057494866529773,7.606373307873864,104.58763298326562,Medium,0.02304952752309493,0.10634200795201908,0.1429423720665037
00-0039868,Troy Franklin,WR,DEN,2027,24.567419575633128,7.460480058794912,126.8281609995135,High,0.02313956534558353,0.3613902930230892,0.16860642277439356
00-0040735,Luther Burden III,WR,CHI,2027,23.72142368240931,7.604686173702255,119.3935729271254,High,0.01678121125007118,0.30307035871118543,0.18532179649372724
00-0030279,Keenan Allen,WR,IND,2027,35.34633812457221,4.5944853894219735,78.10625162017355,High,0.03569894149000845,0.3393617985619054,0.03226996556888746
00-0039146,Jayden Reed,WR,GB,2027,27.34360027378508,7.027386539127935,64.651956159977,Low,0.02773195030635388,0.18606781946655424,0.111505765111715
00-0041037,Denzel Boston,WR,CLE,2027,23.7378507871321,7.148463053674855,107.22694580512282,Rookie-Medium,0.01179894468864918,0.09259939391732594,0.17262651529522072
00-0037816,Romeo Doubs,WR,NE,2027,27.38466803559206,6.956816509172265,113.74394992496654,High,0.0181294794640756,0.21764837812481155,0.04104196702963132
00-0033921,Chris Godwin Jr.,WR,TB,2027,31.510609171800137,5.588019222375649,65.93862682403265,Medium,0.06922909472597676,0.2054478454985779,0.03935455633730588
00-0039901,Keon Coleman,WR,BUF,2027,24.29363449691992,6.800053203567262,93.50073154904985,Medium,0.00986789249870311,0.13768441784695465,0.09244511626724232
00-0037261,Khalil Shakir,WR,BUF,2027,27.576317590691307,6.7526740948938535,110.40622145151451,High,0.00961727258795719,0.3194165996182969,0.08031085958686036
00-0034827,DJ Moore,WR,BUF,2027,30.38261464750171,5.802694220721825,98.64580175227101,High,0.02901866152303144,0.37476435522470414,0.02463705024894858
00-0039916,Ricky Pearsall,WR,SF,2027,26.976728268309376,6.624334727953645,78.16714978985301,Medium,0.04495612115344907,0.2523109834049352,0.15931808630637018
00-0038606,Parker Washington,WR,JAX,2027,25.449007529089663,6.604095785336502,107.9769660902518,High,0.01183824196120591,0.26018573725015914,0.07431074263949983
00-0041489,Germie Bernard,WR,PIT,2027,23.748802190280628,6.66565862123339,99.98487931850084,Rookie-Medium,0.00841799712432292,0.1373882317792402,0.16430328006071662
00-0036407,Jerry Jeudy,WR,CLE,2027,28.356605065023956,6.056018784393299,102.95231933468608,High,0.01275150770041523,0.1688086485717718,0.10698316927561025
00-0040718,Travis Hunter,WR,JAX,2027,24.290896646132783,6.177577591921913,86.48608628690678,Low,0.00920653780899234,0.2659520618213746,0.23353796357483267
00-0038997,Josh Downs,WR,IND,2027,26.05407255304586,6.1484600102944,100.52732116831345,High,0.00841799712432292,0.15243716883330705,0.11103560883226428
00-0040170,Elic Ayomanor,WR,TEN,2027,24.247091033538673,6.143766441744285,100.45058132251907,High,0.00841799712432292,0.1434122184000325,0.12862692396784134
00-0039894,Xavier Worthy,WR,KC,2027,24.34839151266256,6.143081626821381,92.4533784836618,High,0.0135154722719477,0.25752488278500846,0.30170877177065103
00-0039890,Adonai Mitchell,WR,NYJ,2027,24.89869952087611,6.138484981201703,100.36422944264785,High,0.00841799712432292,0.20574335606669863,0.25451419011774146
00-0038563,Tre Tucker,WR,LV,2027,26.4839151266256,6.116729833956939,103.98440717726797,High,0.02142023236794189,0.32644880075346644,0.08943769732810121
00-0040130,Jayden Higgins,WR,HOU,2027,24.71252566735113,6.112663929313877,103.91528679833591,High,0.01372291556452633,0.10128578597317751,0.2002220596397703
00-0037545,Rashid Shaheed,WR,SEA,2027,29.00273785078713,5.610346624382703,95.37589261450594,High,0.00841799712432292,0.23110047784169013,0.16054230464702451
00-0038608,Kayshon Boutte,WR,HOU,2027,25.320328542094455,5.965039217027353,89.77384021626168,High,0.01481834298024132,0.1361492125372188,0.19506465244419993
00-0039855,Jalen McMillan,WR,TB,2027,25.733744010951405,5.70959797438523,48.81706268099371,Low,0.00841799712432292,0.1478814941260829,0.03890149189136097
00-0034837,Calvin Ridley,WR,TEN,2027,32.698836413415464,4.15666399864821,43.64497198580621,Low,0.01170316910436892,0.10851197205692292,0.02547177610692247
00-0039491,Jalen Coker,WR,CAR,2027,25.83778234086242,5.537393732228982,72.53985789219966,Medium,0.00841799712432292,0.03390345575058491,0.09162937674121983
00-0033908,Cooper Kupp,WR,SEA,2027,34.21286789869952,3.6945371645702805,60.40568264072409,High,0.00841799712432292,0.11866322582511796,0.0634309205830751
00-0040134,Pat Bryant,WR,DEN,2027,24.72621492128679,5.396463142447545,77.70906925124466,Medium,0.00841799712432292,0.0282850905378907,0.15996187388283442
00-0038393,Dontayvion Wicks,WR,PHI,2027,26.21013004791239,5.2683406984483385,75.86410605765607,Medium,0.00841799712432292,0.02429227950500554,0.08879867281551493
00-0040237,Tez Johnson,WR,TB,2027,25.290212183436,5.265400642436032,82.6667900862457,High,0.00841799712432292,0.02429227950500554,0.10603178999299788
00-0040648,Tory Horton,WR,SEA,2027,24.756331279945243,5.170221206293937,57.6479664501774,Medium,0.00841799712432292,0.02885953863054032,0.07613952975871399
00-0040705,Chimere Dike,WR,TEN,2027,25.71457905544148,5.086368062735555,86.46825706650444,High,0.00841799712432292,0.02429227950500554,0.10507315619832051
00-0038104,Tyquan Thornton,WR,KC,2027,27.067077344284737,5.001437626741889,68.76976736770096,Medium,0.00841799712432292,0.05332561984736656,0.15422780156031962
00-0040667,Matthew Golden,WR,GB,2027,24.085557837097877,4.956417180242753,74.59407856265344,High,0.0111537297382739,0.1514955954295678,0.13201150629229794
00-0035662,Marquise Brown,WR,PHI,2027,30.242984257357975,4.215078930311724,68.91654051059669,High,0.00981248957693295,0.11248765356627564,0.02507180775738181
00-0038621,DeMario Douglas,WR,NE,2027,26.730321697467488,4.756291489460857,77.76536585268502,High,0.00841799712432292,0.02429227950500554,0.07732820715525711
00-0039342,Xavier Legette,WR,CAR,2027,26.587953456536617,4.740618122296925,74.42770452006172,High,0.01239642627533662,0.14167291255750958,0.16472915253849268
00-0036309,Darnell Mooney,WR,NYG,2027,29.840520191649556,4.22218447934011,66.28829632563972,High,0.00841799712432292,0.09093455480749162,0.14815474009179697
00-0037837,Calvin Austin III,WR,NYG,2027,28.44147843942505,4.583186351747383,68.97695459379811,High,0.00841799712432292,0.02429227950500554,0.08018721925681373
00-0038976,Marvin Mims Jr.,WR,DEN,2027,25.45448323066393,4.643179845032319,72.8979235670074,High,0.00841799712432292,0.0276158418743433,0.2101698037126616
00-0038679,Tyrell Shavers,WR,BUF,2027,28.039014373716633,4.61893592154958,60.5080605722995,Medium,0.00841799712432292,0.0666020393125863,0.03022664077668603
00-0037291,Jalen Nailor,WR,LV,2027,28.50171115674196,4.4671142481886434,75.94094221920693,High,0.00841799712432292,0.02429227950500554,0.03905574455079965
00-0038619,Andrei Iosivas,WR,CIN,2027,27.88021902806297,4.553013380330322,71.48231007118605,High,0.00841799712432292,0.02429227950500554,0.04096388792718797
00-0038618,Xavier Hutchinson,WR,HOU,2027,27.250513347022583,4.480878510012732,73.26236363870818,High,0.00841799712432292,0.02429227950500554,0.0415604458647379
00-0039424,Devaughn Vele,WR,NO,2027,29.720054757015745,4.0026233415809,47.230955430654625,Medium,0.00841799712432292,0.02429227950500554,0.08524203397224013
00-0033555,Mack Hollins,WR,NE,2027,33.95824777549623,2.9988549343649056,45.13276676219183,High,0.00841799712432292,0.08965471666958123,0.09087295515459606
00-0040782,Isaiah Bond,WR,CLE,2027,23.46406570841889,4.3870481448952425,68.8766558748553,High,0.00841799712432292,0.02429227950500554,0.1267686089812809
00-0040729,Jack Bech,WR,LV,2027,24.704312114989733,4.263729484554229,64.16912874254115,High,0.00841799712432292,0.03161879097000354,0.07098906869860931
00-0039410,Ryan Flournoy,WR,DAL,2027,27.847364818617383,4.176180687636087,65.56603679588656,High,0.00841799712432292,0.02429227950500554,0.05012603124864257
00-0037614,John Metchie III,WR,CAR,2027,27.12183436002738,4.144971618636423,59.68759130836449,Medium,0.00841799712432292,0.04379276140837356,0.12356571152477558
00-0035208,Olamide Zaccheaus,WR,ATL,2027,30.1088295687885,3.5933792855634468,54.080358247729876,High,0.00841799712432292,0.02429227950500554,0.18601598379664025
00-0040727,Tre Harris,WR,LAC,2027,25.50650239561944,4.082622921502519,66.7508847665662,High,0.00841799712432292,0.03673320801347403,0.15362788449425482
00-0040131,Kyle Williams,WR,NE,2027,24.800136892539356,4.079212487550568,61.392147937636054,High,0.00841799712432292,0.02813303911767363,0.09062298923960724
00-0035535,Darius Slayton,WR,NYG,2027,30.634496919917865,3.4596949929649026,52.068409644121786,High,0.00841799712432292,0.02623462115903429,0.08334668051756143
00-0040669,Isaac TeSlaa,WR,DET,2027,25.528405201916495,4.016927630501751,60.45476083905136,High,0.00841799712432292,0.02411490185716993,0.12006502201997078
00-0032775,Demarcus Robinson,WR,SF,2027,32.94524298425736,2.93078023272939,44.10824250257732,High,0.00841799712432292,0.02365028586273381,0.04170774420369674
00-0041525,Chris Bell,WR,MIA,2027,23.234086242299796,4.034213354932803,60.51320032399205,Rookie-Medium,0.04841037517634036,0.07276989826087965,0.03183416287353982
00-0041042,Malachi Fields,WR,NYG,2027,24.017111567419576,3.905354838255943,58.58032257383914,Rookie-Medium,0.01071181427010586,0.03790121533831749,0.08493893814732038
00-0041523,Caleb Douglas,WR,MIA,2027,23.978781656399725,4.0029887092123415,60.044830638185125,Rookie-Medium,0.01071181427010586,0.03790121533831749,0.1066219346991038
00-0039880,Malik Washington,WR,MIA,2027,26.86447638603696,3.871270222844066,65.81159378834911,High,0.00841799712432292,0.02365028586273381,0.08419098726193294
00-0034775,Christian Kirk,WR,SF,2027,30.78507871321013,3.251108845350973,42.589525874097745,Medium,0.00841799712432292,0.04172338784500706,0.0311108967576865
00-0040870,Ja'Kobi Lane,WR,BAL,2027,23.072553045859,3.9118369651835625,58.67755447775344,Rookie-Medium,0.00841799712432292,0.03369782056563513,0.0408205144110949
00-0033307,Kendrick Bourne,WR,ARI,2027,32.07734428473648,2.9427743865794813,44.28875451802119,High,0.00841799712432292,0.02623462115903429,0.04194555327371303
00-0041048,Ted Hurst III,WR,TB,2027,23.16563997262149,3.864036071932866,57.96054107899299,Rookie-Medium,0.00841799712432292,0.03369782056563513,0.07925263819814536
00-0036988,Josh Palmer,WR,BUF,2027,27.94318959616701,3.7661020969827192,51.78390383351239,Medium,0.00841799712432292,0.0244189133073239,0.03601384103571837
00-0041044,Zachariah Branch,WR,ATL,2027,23.42573579739904,3.769593237140613,56.543898557109195,Rookie-Medium,0.00841799712432292,0.030392272039686,0.04879609106964356
00-0039355,Luke McCaffrey,WR,WAS,2027,26.415468856947296,3.613016469703456,42.633594342500786,Medium,0.00841799712432292,0.02429227950500554,0.04622809732470938
00-0035406,Lil'Jordan Humphrey,WR,DEN,2027,29.369609856262834,3.2586689024246884,34.21602347545923,Low,0.00841799712432292,0.02429227950500554,0.03001726513753819
00-0036849,Tutu Atwell,WR,LA,2027,27.902121834360027,3.5413772687248506,39.48635654628209,Medium,0.00841799712432292,0.0276158418743433,0.0583558701226819
00-0037801,KaVontae Turpin,WR,DAL,2027,31.080766598220396,2.912473700316926,45.72583709497574,High,0.00841799712432292,0.02429227950500554,0.02829438850477124
00-0036626,Dyami Brown,WR,WAS,2027,27.833675564681723,3.5061327667507034,45.930339244434215,Medium,0.00841799712432292,0.02898391119955746,0.16493043837315668
00-0037666,Jalen Tolbert,WR,MIA,2027,28.509924709103355,3.3918754829952693,46.63828789118495,Medium,0.00841799712432292,0.02365028586273381,0.12161111608476376
00-0033375,Tim Patrick,WR,NYJ,2027,33.772073921971256,2.4390144295636427,35.121807785716456,Medium,0.00841799712432292,0.02365028586273381,0.02903977807698396
00-0036550,Rashod Bateman,WR,BAL,2027,27.757015742642025,3.433639436505216,49.44440788567511,Medium,0.02606637707427452,0.10231826532522814,0.1493894201900083
00-0038977,Tank Dell,WR,HOU,2027,27.84188911704312,3.354096177030971,46.95734647843359,Low,0.00972087701313018,0.0472926209662367,0.05726659248568474
00-0031235,Odell Beckham Jr.,WR,NYG,2027,34.82067077344285,2.188646916103358,30.64105682544701,Low,0.01536231520548509,0.12668129407808149,0.06769752885424139
00-0041047,Chris Brazzell II,WR,CAR,2027,23.85831622176591,3.4099694282404247,51.14954142360637,Rookie-Medium,0.00841799712432292,0.030392272039686,0.09795817374464204
00-0039739,Roman Wilson,WR,PIT,2027,26.201916495550993,3.273233916538349,38.62416021515252,Medium,0.00841799712432292,0.02377727643978876,0.07885378722422569
00-0032464,Kalif Raymond,WR,CHI,2027,33.06570841889117,2.258544743310918,35.45915246998141,High,0.00841799712432292,0.02365028586273381,0.02329533707709679
00-0039792,Devontez Walker,WR,BAL,2027,26.201916495550993,3.087367418515473,34.424146716447524,Medium,0.00841799712432292,0.02365028586273381,0.03039857747626876
00-0041040,Antonio Williams,WR,WAS,2027,23.132785763175907,3.15701470334256,47.3552205501384,Rookie-Medium,0.00841799712432292,0.04062927864389099,0.06293134591786467
00-0036980,Elijah Moore,WR,PHI,2027,27.431211498973305,3.0637411579393143,36.15214566368391,Medium,0.02816411291174189,0.09865714619940924,0.1727352033517401
00-0040277,Jahdae Walker,WR,CHI,2027,25.15879534565366,3.038771890355106,29.931903119997795,Low,0.00841799712432292,0.02365028586273381,0.02903977807698396
00-0040138,Jaylin Noel,WR,HOU,2027,24.991786447638603,3.0066658647288778,51.113319700390925,High,0.00841799712432292,0.02377727643978876,0.04890948606568744
00-0037741,Jahan Dotson,WR,ATL,2027,27.444900752908968,2.969228039311238,46.616880217186434,High,0.02606637707427452,0.10231826532522814,0.22393369965719195
00-0035359,David Sills,WR,TB,2027,32.26078028747433,2.2594380274925534,31.06727287802261,Medium,0.00841799712432292,0.02365028586273381,0.03859884225704478
00-0041070,Reggie Virgil,WR,ARI,2027,23.299794661190965,2.920078571098319,43.80117856647479,Rookie-Medium,0.00841799712432292,0.02365028586273381,0.03390254469680583
00-0037524,Tay Martin,WR,DET,2027,29.71457905544148,2.5378888987022377,20.3031111896179,Low,0.00841799712432292,0.02365028586273381,0.02560957708790412
00-0037742,Treylon Burks,WR,WAS,2027,27.442162902121833,2.801756030283577,31.239579737661884,Medium,0.01259924767495705,0.08148131918273455,0.11891872858939224
00-0040164,Jaylin Lane,WR,WAS,2027,25.33675564681725,2.713371248613898,42.5999286032382,High,0.00841799712432292,0.02365028586273381,0.0379304657498383
00-0040581,Dont'e Thornton Jr.,WR,LV,2027,24.753593429158112,2.704663040256967,35.43108582736627,Medium,0.00841799712432292,0.02365028586273381,0.04692212231784226
00-0040876,Elijah Sarratt,WR,BAL,2027,24.263518138261464,2.702088205353586,40.53132308030379,Rookie-Medium,0.00841799712432292,0.02365028586273381,0.01838048484786746
00-0041069,Colbie Young,WR,CIN,2027,25.10677618069815,2.702088205353586,40.53132308030379,Rookie-Medium,0.00841799712432292,0.02365028586273381,0.01838048484786746
00-0041004,Chase Roberts,WR,LV,2027,1,2.7597425297763154,41.39613794664473,Rookie-Medium,0.07134878151248232,0.1371022280641759,0.05934437368086514
00-0041067,Bryce Lance,WR,NO,2027,25.032854209445585,2.6638905538263424,39.95835830739514,Rookie-Medium,0.00841799712432292,0.02365028586273381,0.01838048484786746
00-0038359,Xavier Smith,WR,LA,2027,29.944558521560573,2.349795480693178,38.419156109333464,High,0.00841799712432292,0.02365028586273381,0.03039857747626876
00-0040317,Jacoby Jones,WR,WAS,2027,26.12251882272416,2.6365098141736474,21.09207851338918,Low,0.00841799712432292,0.02429227950500554,0.03039857747626876
00-0038728,Jared Wayne,WR,HOU,2027,26.90006844626968,2.62471114099041,20.99768912792328,Low,0.00841799712432292,0.07536660622222138,0.06877300001993215
00-0034407,Ray-Ray McCloud,WR,CHI,2027,30.87816563997262,2.1932228698956733,21.60324526847238,Low,0.00841799712432292,0.02365028586273381,0.01860357285084174
00-0041446,Kendrick Law,WR,DET,2027,23.217659137577,2.6847589826057288,40.27138473908593,Rookie-Medium,0.00841799712432292,0.02703791078305182,0.06517228531495815
00-0040930,Camden Brown,WR,DAL,2027,23.321697467488026,2.6552481599427726,39.82872239914159,Rookie-Medium,0.00841799712432292,0.02365028586273381,0.0304349016685427
00-0041100,Josh Cameron,WR,JAX,2027,24.457905544147845,2.5826656029003705,38.73998404350556,Rookie-Medium,0.00841799712432292,0.02365028586273381,0.01838048484786746
00-0040590,Konata Mumpfield,WR,LA,2027,24.854893908282,2.560198335222291,31.874469273517523,Medium,0.00841799712432292,0.02365028586273381,0.01838048484786746
00-0039062,Jonathan Mingo,WR,DAL,2027,26.366187542778917,2.5583983370031698,23.53726470042916,Low,0.00841799712432292,0.04390561268659108,0.09480670067435364
00-0039751,Jordan Whittington,WR,LA,2027,26.916495550992472,2.556910974817815,40.143502304639696,High,0.00841799712432292,0.02365028586273381,0.01838048484786746
00-0041051,Zavion Thomas,WR,CHI,2027,23.546201232032853,2.6204123115618825,39.306184673428234,Rookie-Medium,0.00841799712432292,0.02365028586273381,0.03183416287353982
00-0037091,Bo Melton,WR,GB,2027,28.290896646132783,2.4692580574897867,35.55731602785293,Medium,0.00841799712432292,0.02365028586273381,0.01818415184632818
00-0041374,Sincere Brown,WR,LAC,2027,1,2.4793543889140253,37.19031583371038,Rookie-Medium,0.07134878151248232,0.1371022280641759,0.05934437368086514
00-0040948,J. Michael Sturdivant,WR,GB,2027,24.98631074606434,2.4112048815214733,36.1680732228221,Rookie-Medium,0.00841799712432292,0.02365028586273381,0.01838048484786746
00-0040953,Jeff Caldwell,WR,KC,2027,24.50171115674196,2.4112048815214733,36.1680732228221,Rookie-Medium,0.00841799712432292,0.02365028586273381,0.01838048484786746
00-0041451,Brock Rechsteiner,WR,NO,2027,25.030116358658457,2.4112048815214733,36.1680732228221,Rookie-Medium,0.00841799712432292,0.02365028586273381,0.01838048484786746
00-0040894,Malik Benson,WR,LV,2027,24.874058863791923,2.3733565114110062,35.600347671165096,Rookie-Medium,0.00841799712432292,0.02365028586273381,0.01838048484786746
00-0041399,CJ Daniels,WR,LA,2027,25.657084188911703,2.3698197629480644,35.54729644422097,Rookie-Medium,0.00841799712432292,0.02365028586273381,0.01838048484786746
00-0040172,Jordan Watkins,WR,SF,2027,25.542094455852155,2.353551813571978,18.828414508575825,Low,0.00841799712432292,0.02365028586273381,0.01838048484786746
00-0032951,Laquon Treadwell,WR,IND,2027,32.21697467488022,1.793762381913065,17.66855946184369,Low,0.01044948131795593,0.06498581558261816,0.03683713119128893
00-0041106,C.J. Williams,WR,JAX,2027,24.857631759069132,2.3144939728317615,34.71740959247642,Rookie-Medium,0.00841799712432292,0.02365028586273381,0.01838048484786746
00-0041550,Brenen Thompson,WR,LAC,2027,24.1047227926078,2.3044511048310747,34.56676657246612,Rookie-Medium,0.00841799712432292,0.02365028586273381,0.02354417419680337
00-0039451,Isaiah Williams,WR,NYJ,2027,26.587953456536617,2.2570318839203796,35.435400577549956,High,0.00841799712432292,0.02365028586273381,0.01838048484786746
00-0040009,Savion Williams,WR,GB,2027,25.774811772758383,2.2300578778378544,30.6632958202705,Medium,0.00841799712432292,0.02365028586273381,0.05002246808214913
00-0041443,Skyler Bell,WR,BUF,2027,25.15879534565366,2.2256702576106777,33.38505386416016,Rookie-Medium,0.00841799712432292,0.02365028586273381,0.01838048484786746
00-0039379,Jamari Thrash,WR,CLE,2027,26.700205338809035,2.137427333047607,23.83231476348082,Medium,0.00841799712432292,0.02365028586273381,0.01838048484786746
00-0039920,Malachi Corley,WR,CLE,2027,25.449007529089663,2.132175054048064,29.31740699316088,Medium,0.00841799712432292,0.03161879097000354,0.11316125375603672
00-0038824,Ryan Miller,WR,MIA,2027,27.529774127310063,2.107892012373383,24.87312574600592,Medium,0.00841799712432292,0.02365028586273381,0.01838048484786746
00-0038640,Jalen Brooks,WR,ARI,2027,27.31895961670089,2.1013967436188663,19.332850041293568,Low,0.00841799712432292,0.02365028586273381,0.01838048484786746
00-0040184,KeAndre Lambert-Smith,WR,LAC,2027,25.876112251882272,2.085599699501802,25.965716258797432,Medium,0.00841799712432292,0.02365028586273381,0.01838048484786746
00-0040432,Beaux Collins,WR,ATL,2027,24.709787816564,2.0673682986046553,17.6759989530698,Low,0.00841799712432292,0.02365028586273381,0.01838048484786746
00-0041005,Corey Rucker,WR,LV,2027,25.229979466119097,2.0513303183598475,30.76995477539771,Rookie-Medium,0.00841799712432292,0.02365028586273381,0.01838048484786746
00-0040218,Jimmy Horn Jr.,WR,CAR,2027,24.969883641341543,1.997514607571548,24.869056864265772,Medium,0.00841799712432292,0.02365028586273381,0.01838048484786746
00-0035021,Ashton Dulin,WR,IND,2027,30.297741273100616,1.7175651572046304,23.61652091156367,Medium,0.00841799712432292,0.02365028586273381,0.01860357285084174
00-0038090,Skyy Moore,WR,GB,2027,26.973990417522245,1.9730928378586925,33.542578243597774,High,0.00841799712432292,0.03673320801347403,0.09248673802072808
00-0036646,Simi Fehoko,WR,ARI,2027,29.82135523613963,1.7532422608983664,18.409043739432846,Low,0.00841799712432292,0.02365028586273381,0.01838048484786746
00-0041099,Barion Brown,WR,NO,2027,23.72142368240931,2.002373970346324,30.035609555194863,Rookie-Medium,0.00841799712432292,0.02365028586273381,0.01838048484786746
00-0040024,Darius Cooper,WR,PHI,2027,25.774811772758383,1.931574572001766,19.026009534217394,Low,0.00841799712432292,0.02365028586273381,0.02329533707709679
00-0041397,Kaden Wetjen,WR,PIT,2027,25.48186173853525,1.924826810745039,28.872402161175586,Rookie-Medium,0.00841799712432292,0.02365028586273381,0.01838048484786746
00-0039623,Mason Tipton,WR,NO,2027,26.927446954141,1.922323309324478,21.43390489896793,Medium,0.00841799712432292,0.02365028586273381,0.01838048484786746
00-0040154,Tai Felton,WR,MIN,2027,24.46611909650924,1.88977315099824,25.984380826225802,Medium,0.00841799712432292,0.02365028586273381,0.02562501539909508
00-0041529,Kevin Coleman Jr.,WR,MIA,2027,23.97604380561259,1.895844953048233,28.437674295723497,Rookie-Medium,0.00841799712432292,0.02365028586273381,0.01838048484786746
00-0039236,Johnny Wilson,WR,PHI,2027,26.412731006160165,1.8362962115135124,25.708146961189172,Low,0.00841799712432292,0.02365028586273381,0.01838048484786746
00-0038590,Justin Shorter,WR,LV,2027,27.373716632443532,1.813951178805503,14.511609430444024,Low,0.00841799712432292,0.02365028586273381,0.01838048484786746
00-0040785,Dohnte Meyers,WR,CIN,2027,27.154688569472963,1.8136312402834551,27.204468604251826,Rookie-Medium,0.00841799712432292,0.02365028586273381,0.01838048484786746
00-0036862,Ben Skowronek,WR,PIT,2027,30.180013689253936,1.5782447096393213,25.804301002602905,High,0.00841799712432292,0.02365028586273381,0.02598171474309159
00-0037093,Dareke Young,WR,LV,2027,28.24435318275154,1.7728242083426302,19.76698992302033,Medium,0.00841799712432292,0.02365028586273381,0.02598171474309159
00-0038840,Brycen Tremayne,WR,CAR,2027,27.78713210130048,1.7961287502344083,28.19922137868021,High,0.00841799712432292,0.02365028586273381,0.01838048484786746
00-0039626,Cole Burgess,WR,PIT,2027,27.55441478439425,1.794756547783601,25.126591668970413,Low,0.00841799712432292,0.02365028586273381,0.01838048484786746
00-0040646,Jalen Royals,WR,KC,2027,24.534565366187543,1.7708629676851997,14.166903741481597,Low,0.00841799712432292,0.02365028586273381,0.01838048484786746
00-0040120,Jimmy Holiday,WR,KC,2027,25.709103353867217,1.7640178030617482,24.696249242864475,Low,0.00841799712432292,0.02365028586273381,0.01838048484786746
00-0040629,Dalevon Campbell,WR,LAC,2027,25.739219712525667,1.7640178030617482,14.112142424493985,Low,0.00841799712432292,0.02365028586273381,0.01838048484786746
00-0035645,Gunner Olszewski,WR,NYG,2027,30.763175906913073,1.4764920040301153,24.140644265892387,High,0.00841799712432292,0.02365028586273381,0.02598171474309159
00-0036630,Tylan Wallace,WR,CLE,2027,28.30458590006845,1.7026701054969202,22.304978382009654,Medium,0.00841799712432292,0.02365028586273381,0.01838048484786746
00-0035045,D.J. Montgomery,WR,IND,2027,30.78781656399726,1.441996251264721,20.187947517706096,Low,0.00841799712432292,0.02365028586273381,0.01838048484786746
00-0039710,Jeshaun Jones,WR,MIN,2027,27.694045174537987,1.7103342027981885,13.682673622385508,Low,0.00841799712432292,0.02365028586273381,0.01838048484786746
00-0040582,Arian Smith,WR,NYJ,2027,25.889801505817932,1.6862466910203753,24.281952350693405,Medium,0.00841799712432292,0.02365028586273381,0.02023673003675561
00-0037156,Irvin Charles,WR,SEA,2027,30.38535249828884,1.4518358025265399,20.325701235371557,Low,0.00841799712432292,0.02365028586273381,0.01838048484786746
00-0040890,Cyrus Allen,WR,KC,2027,24.55373032169747,1.6635625604777866,24.9534384071668,Rookie-Medium,0.00841799712432292,0.02365028586273381,0.01838048484786746
00-0036463,Chris Blair,WR,ATL,2027,29.903490759753595,1.4688343566162572,11.750674852930057,Low,0.00841799712432292,0.02365028586273381,0.01838048484786746
00-0041132,Deion Burks,WR,IND,2027,24.64681724845996,1.6179504987465572,24.26925748119836,Rookie-Medium,0.00841799712432292,0.02365028586273381,0.01838048484786746
00-0040563,Efton Chism III,WR,NE,2027,25.84873374401095,1.5644181949558087,17.443262873757266,Medium,0.00841799712432292,0.02365028586273381,0.02598171474309159
00-0040570,Jeremiah Webb,WR,NE,2027,26.29226557152635,1.5065064830890913,21.09109076324728,Low,0.00841799712432292,0.02365028586273381,0.01838048484786746
00-0040498,Dontae Fleming,WR,MIN,2027,25.758384668035593,1.4996011069748438,20.994415497647815,Low,0.00841799712432292,0.02365028586273381,0.01838048484786746
00-0038752,Jake Bobo,WR,SEA,2027,29.076659822039694,1.3871182321951678,12.761487736195543,Low,0.00841799712432292,0.02365028586273381,0.01838048484786746
00-0036331,Devin Duvernay,WR,ARI,2027,29.969199178644764,1.2753525774204548,21.680993816147733,High,0.00841799712432292,0.02365028586273381,0.01908358263361093
00-0040621,Montorie Foster Jr,WR,SEA,2027,26.078713210130047,1.4220841381036782,19.909177933451495,Low,0.00841799712432292,0.02365028586273381,0.01838048484786746
00-0040352,Coleman Owen,WR,IND,2027,26.44284736481862,1.4220841381036782,11.376673104829425,Low,0.00841799712432292,0.02365028586273381,0.01838048484786746
00-0038573,Derius Davis,WR,LAC,2027,26.971252566735114,1.3456278408664977,17.627724715351118,Medium,0.00841799712432292,0.02365028586273381,0.01860357285084174
00-0039589,Kameron Johnson,WR,TB,2027,25.459958932238195,1.2896215104175843,21.923565677098935,High,0.00841799712432292,0.02365028586273381,0.01860357285084174
00-0039365,Jacob Cowing,WR,SF,2027,26.571526351813823,1.2478406916653173,17.469769683314443,Low,0.00841799712432292,0.02365028586273381,0.01838048484786746
00-0040075,LaJohntay Wester,WR,BAL,2027,25.42710472279261,1.2478406916653173,18.780002409563025,High,0.00841799712432292,0.02365028586273381,0.01838048484786746
00-0038519,Nikko Remigio,WR,KC,2027,27.82546201232033,1.216548219466805,18.309050702975416,High,0.00841799712432292,0.02365028586273381,0.02598171474309159
00-0040506,Myles Price,WR,MIN,2027,25.709103353867217,1.211351042280334,19.805589541283464,High,0.00841799712432292,0.02365028586273381,0.01838048484786746
00-0040534,Ke'Shawn Williams,WR,CIN,2027,25.67898699520876,1.2104786891340156,15.857270827655604,Medium,0.00841799712432292,0.02365028586273381,0.01838048484786746
00-0034857,Josh Allen,QB,BUF,2028,32.28062970568104,19.124768925675426,312.6899719347932,Low,0.27089711830058477,0.40127465226773473,0.11458604796929224
00-0036389,Jalen Hurts,QB,PHI,2028,30.0684462696783,18.595960036247902,304.04394659265324,Low,0.2517616134269801,0.5085109587813379,0.123761877174656
00-0039851,Drake Maye,QB,NE,2028,26.005475701574262,18.524291740139553,314.9129595823724,Low,0.15408670431196583,0.3081918584035911,0.11987987730272578
00-0036971,Trevor Lawrence,QB,JAX,2028,28.90485968514716,17.254152942479895,293.3206000221582,Low,0.19346833592303153,0.2909220457671949,0.20456624617074565
00-0033873,Patrick Mahomes,QB,KC,2028,32.95687885010267,17.073766186628937,256.96018110876554,Low,0.2314784152188308,0.5515532678282711,0.12996703097519707
00-0034796,Lamar Jackson,QB,BAL,2028,31.648186173853524,16.9743460530391,244.43058316376303,Low,0.1615307702221381,0.3900163875007359,0.2251810855882833
00-0039918,Caleb Williams,QB,CHI,2028,26.78576317590691,17.25476465984409,293.33099921734953,Low,0.12400629454062384,0.3125858488695742,0.16410826187166494
00-0039732,Bo Nix,QB,DEN,2028,28.5160848733744,16.63299271230223,282.7608761091379,Low,0.2185259652053431,0.5754932944590282,0.1144498751016364
00-0036355,Justin Herbert,QB,LAC,2028,30.479123887748116,16.334585285451084,267.07046941712525,Low,0.30371694594695015,0.5095081871395232,0.24309808343816727
00-0037834,Brock Purdy,QB,SF,2028,28.680355920602327,16.47600516772755,194.4168609791851,Low,0.0970784225651303,0.3343886666773152,0.17746928239340692
00-0040691,Jaxson Dart,QB,NYG,2028,25.30458590006845,16.58850341182069,249.65697634790138,Low,0.1675636851651165,0.4037088985073664,0.23450401641481808
00-0039910,Jayden Daniels,QB,WAS,2028,27.70294318959617,16.432088298122217,172.5369271302833,Low,0.2609329400417436,0.4312905934757407,0.2650736314811217
00-0033077,Dak Prescott,QB,DAL,2028,35.09240246406571,14.379817539150425,244.45689816555722,Low,0.16136508924315782,0.4671774226533637,0.09576062450232375
00-0026498,Matthew Stafford,QB,LA,2028,40.56536618754278,9.734489424097541,165.4863202096582,Low,0.10257667709618624,0.27406636012643026,0.12033892083407338
00-0036442,Joe Burrow,QB,CIN,2028,31.724845995893222,16.040696342703026,178.85376422113873,Low,0.1083089350042634,0.43090628535391473,0.19699261924523292
00-0033106,Jared Goff,QB,DET,2028,33.88227241615332,15.118017008515702,257.0062891447669,Low,0.0982311846446125,0.3050560599054735,0.16701132461408258
00-0034855,Baker Mayfield,QB,TB,2028,33.383983572895275,15.220932380688053,258.7558504716969,Low,0.11171593703158876,0.3135136495876387,0.20424628183754567
00-0041562,Fernando Mendoza,QB,LV,2028,24.91854893908282,15.32832477164261,229.92487157463916,Rookie-Low,0.11774289891275308,0.24926864192097695,0.15138344724286296
00-0035710,Daniel Jones,QB,IND,2028,31.26488706365503,15.02228381342938,216.32088691338308,Low,0.09789748793120367,0.2365660266679155,0.1565229681077113
00-0034869,Sam Darnold,QB,SEA,2028,31.240246406570844,14.371899861507275,244.32229764562368,Low,0.06431076915281739,0.18357027275213408,0.21996791479963929
00-0036264,Jordan Love,QB,GB,2028,29.83025325119781,14.312297924720816,224.7030774181168,Low,0.06160021304499454,0.1474435714456381,0.11588722875731594
00-0039923,J.J. McCarthy,QB,MIN,2028,25.613963039014372,14.498304390621978,180.50388966324363,Low,0.05488721221494915,0.18829655548944668,0.22670176818900753
00-0039150,Bryce Young,QB,CAR,2028,27.10335386721424,13.956270033530961,228.18501504823124,Low,0.05131947335894568,0.15968818594551193,0.28013564891560533
00-0039163,C.J. Stroud,QB,HOU,2028,26.91170431211499,13.871435681621865,208.76510700840907,Low,0.07604722084256003,0.20048351113759655,0.17506944376739614
00-0035228,Kyler Murray,QB,MIN,2028,31.06776180698152,13.22483678918966,121.66849846054485,Low,0.1340487070887558,0.371583039352884,0.15357504852308854
00-0036212,Tua Tagovailoa,QB,ATL,2028,30.501026694045173,13.222361937592751,198.99654716077092,Low,0.0268132671966561,0.14546030017163533,0.21158442965186725
00-0040676,Cam Ward,QB,TEN,2028,26.27104722792608,13.447283035090905,228.60381159654537,Low,0.0960176686566084,0.22313080382985487,0.294444438301802
00-0032268,Marcus Mariota,QB,WAS,2028,34.837782340862425,11.77629170609961,146.61483174094013,Low,0.1397797351319537,0.31921028790128514,0.34600059045280934
00-0036945,Justin Fields,QB,KC,2028,29.49349760438056,12.820039413016492,151.2764650735946,Low,0.1592161965347261,0.34476038354059096,0.25384230646189937
00-0023459,Aaron Rodgers,QB,PIT,2028,44.74880219028063,5.732312115447317,93.72330308756364,Low,0.05809192578395987,0.11891263640479888,0.27847865742012545
00-0041568,Ty Simpson,QB,LA,2028,25.696098562628336,12.940639040862534,194.10958561293802,Rookie-Low,0.11165946982341138,0.23279341684759192,0.18967340397093413
00-0040743,Tyler Shough,QB,NO,2028,28.926762491444215,12.524805185724595,164.0749479329922,Low,0.02870229426802241,0.09023282536269515,0.2316828998397096
00-0026158,Joe Flacco,QB,CIN,2028,43.62354551676933,5.417883654101703,78.01752461906453,Low,0.04319249784938138,0.1057980598428848,0.18783251112599716
00-0030565,Geno Smith,QB,NYJ,2028,37.893223819301845,8.01738448331544,125.87293638805241,Low,0.03939025164996553,0.09748234360317516,0.18632351171023237
00-0033119,Jacoby Brissett,QB,ARI,2028,35.72210814510609,9.284668456226301,139.73426026620584,Low,0.03939025164996553,0.09748234360317516,0.17152185482551904
00-0039917,Michael Penix Jr.,QB,ATL,2028,28.316221765913756,10.922267200299077,128.8827529635291,Low,0.06430641048811452,0.17469328302972492,0.14580187428064034
00-0033869,Mitchell Trubisky,QB,TEN,2028,34.03285420944559,10.27254668724957,87.8302741759838,Low,0.07613855539248987,0.22437113190835775,0.2554720981939282
00-0036972,Mac Jones,QB,SF,2028,29.98904859685147,10.248721720055393,134.25825453272563,Low,0.07475327818312918,0.1895421922638439,0.23913634713007983
00-0032950,Carson Wentz,QB,MIN,2028,35.67008898015058,8.666432832737495,79.73118206118495,Low,0.03817448691633588,0.17154651159322667,0.237542881088698
00-0041561,Carson Beck,QB,ARI,2028,26.78302532511978,10.183295239586021,152.74942859379033,Rookie-Low,0.02767030374363118,0.13628121313124733,0.12952536512575233
00-0039164,Anthony Richardson,QB,IND,2028,26.279260780287473,10.140124211441352,81.12099369153081,Low,0.06860048725520128,0.19398030365016747,0.4699476735429755
00-0041565,Drew Allar,QB,PIT,2028,24.483230663928815,9.973387222724266,149.600808340864,Rookie-Low,0.02764144658918566,0.1027401903029289,0.14404118675643457
00-0031503,Jameis Winston,QB,NYG,2028,34.65160848733744,8.672312472708489,69.37849978166791,Low,0.0618466222034251,0.17445751224516287,0.29877129044973055
00-0038128,Malik Willis,QB,MIA,2028,29.27173169062286,9.328323004174775,79.75716168569431,Low,0.03182756902347463,0.09696424625721056,0.31793020875561706
00-0041056,Cade Klubnik,QB,NYJ,2028,24.89390828199863,9.459783771464767,141.8967565719715,Rookie-Low,0.05050365218843448,0.15719239784583275,0.17663813220880625
00-0027973,Andy Dalton,QB,PHI,2028,40.84188911704312,5.385691742580486,46.04766439906315,Low,0.02870229426802241,0.09023282536269515,0.29670144360073414
00-0035704,Drew Lock,QB,SEA,2028,31.806981519507183,8.957913760349442,71.66331008279553,Low,0.02870229426802241,0.09023282536269515,0.2989499388764592
00-0041194,Jack Strand,QB,ATL,2028,24.190280629705683,9.128472729536803,136.92709094305204,Rookie-Low,0.02764144658918566,0.1027401903029289,0.14404118675643457
00-0029604,Kirk Cousins,QB,LV,2028,40.03422313483915,5.445122790538759,67.79177874220755,Low,0.04899954688579862,0.1533418111318085,0.13593496566645344
00-0041414,Matthew Caldwell,QB,LA,2028,25.277207392197127,8.629122862151293,129.4368429322694,Rookie-Low,0.05050365218843448,0.15719239784583275,0.13011619601416635
00-0041117,Athan Kaliakmanis,QB,WAS,2028,25.033538672142367,8.596626354677888,128.94939532016832,Rookie-Low,0.02764144658918566,0.1027401903029289,0.1630249848722429
00-0040668,Shedeur Sanders,QB,CLE,2028,26.56399726214921,8.270741814647609,92.21877123332085,Low,0.02952512930575262,0.08690859249662629,0.1840091415480842
00-0028118,Tyrod Taylor,QB,GB,2028,39.07871321013005,5.426561780119836,53.45163353418038,Low,0.02613505591858624,0.08440169673430485,0.23252735719409787
00-0033537,Deshaun Watson,QB,CLE,2028,32.965092402464066,8.022819125690868,112.31946775967215,Low,0.07251117847525762,0.18133484751880743,0.1780936221624473
00-0040704,Dillon Gabriel,QB,CLE,2028,27.675564681724847,7.997494025039331,99.56880061173966,Low,0.02870229426802241,0.09023282536269515,0.23123921876761505
00-0038102,Kenny Pickett,QB,CAR,2028,30.238193018480494,7.586421477039928,74.7262515488433,Low,0.04705020049725884,0.14647656337154444,0.2434928792571975
00-0034771,Mason Rudolph,QB,PIT,2028,33.12662559890486,7.535071048156968,69.32265364304409,Low,0.02870229426802241,0.09023282536269515,0.26605093045409983
00-0037012,Trey Lance,QB,LAC,2028,28.313483915126625,7.614298929003655,65.10225584298124,Low,0.08580818771432246,0.17401149374179603,0.29119771935546007
00-0035993,Tyler Huntley,QB,BAL,2028,30.57494866529774,7.5327059058755825,69.30089433405536,Low,0.03182756902347463,0.09696424625721056,0.30272682724166566
00-0041092,Taylen Green,QB,CLE,2028,25.871321013004792,7.672060678611361,115.08091017917042,Rookie-Low,0.02964158027599815,0.10388176007688626,0.132179227069241
00-0041251,Jalon Daniels,QB,TB,2028,25.84120465434634,7.667335887177044,115.01003830765566,Rookie-Low,0.02964158027599815,0.10388176007688626,0.12662071462283797
00-0037077,Sam Howell,QB,DAL,2028,27.95756331279945,7.6047558000463225,106.46658120064852,Low,0.02870229426802241,0.09023282536269515,0.12662071462283797
00-0040234,Quinn Ewers,QB,JAX,2028,25.46611909650924,7.565017216941469,64.68089720484956,Low,0.05041363070846145,0.14596497165319627,0.1848674197857809
00-0040206,Riley Leonard,QB,IND,2028,25.967145790554415,7.550800435800771,69.46736400936709,Low,0.02857635344976068,0.12794795287463112,0.2311227168793248
00-0036898,Davis Mills,QB,HOU,2028,29.863107460643395,7.33334222511562,72.23342091738886,Low,0.03939025164996553,0.09748234360317516,0.2459578391925684
00-0037013,Zach Wilson,QB,NO,2028,29.080082135523615,7.324110933039677,62.62114847748923,Low,0.06960064634071113,0.21295407576850556,0.24005677081489277
00-0039376,Spencer Rattler,QB,NO,2028,27.924709103353862,7.281533704640215,85.92209771475454,Low,0.03939025164996553,0.09748234360317516,0.2143568574563861
00-0040014,Kyle McCord,QB,MIA,2028,25.95071868583162,7.180176039822464,100.5224645575145,Low,0.02952512930575262,0.08690859249662629,0.12765338365450524
00-0040891,Cole Payton,QB,PHI,2028,25.849418206707735,7.121695722118167,106.82543583177251,Rookie-Low,0.02964158027599815,0.10388176007688626,0.12765338365450524
00-0040906,Garrett Nussmeier,QB,KC,2028,26.566735112936342,7.010550698933917,105.15826048400876,Rookie-Low,0.02767030374363118,0.13628121313124733,0.12662071462283797
00-0041123,Behren Morton,QB,NE,2028,26.621492128678987,6.967420070106501,104.51130105159751,Rookie-Low,0.02767030374363118,0.13628121313124733,0.12765338365450524
00-0040673,Jalen Milroe,QB,SEA,2028,25.718001368925393,6.811467938151055,54.49174350520844,Low,0.02752095366765935,0.08555926090980917,0.17806973551133448
00-0038579,Aidan O'Connell,QB,LV,2028,30,6.666849772556019,53.33479818044815,Low,0.02870229426802241,0.09023282536269515,0.12371234725182498
00-0038476,Tommy DeVito,QB,NE,2028,30.0684462696783,6.554554069766957,91.7637569767374,Low,0.02870229426802241,0.09023282536269515,0.12765338365450524
00-0041149,Haynes King,QB,CAR,2028,27.642710472279266,6.674121086721958,100.11181630082937,Rookie-Low,0.02870229426802241,0.09023282536269515,0.12765338365450524
00-0040981,Joe Fagnano,QB,BAL,2028,27.42094455852156,6.658790107688353,99.8818516153253,Rookie-Low,0.02767030374363118,0.13628121313124733,0.12765338365450524
00-0036879,Sam Ehlinger,QB,DEN,2028,29.920602327173167,6.519577390340553,91.27408346476774,Low,0.02870229426802241,0.09023282536269515,0.12662071462283797
00-0033949,Joshua Dobbs,QB,DET,2028,33.597535934291585,6.334598836687443,54.160820053677625,Low,0.02870229426802241,0.09023282536269515,0.4002838973208433
00-0039107,Stetson Bennett,QB,LA,2028,30.843258042436688,6.3668163310570165,89.13542863479823,Low,0.02870229426802241,0.09023282536269515,0.12662071462283797
00-0037327,Skylar Thompson,QB,BAL,2028,31.242984257357975,6.307268618446774,88.30176065825484,Low,0.02870229426802241,0.09023282536269515,0.12765338365450524
00-0028986,Case Keenum,QB,CHI,2028,40.53798767967146,3.679082590554677,51.507156267765474,Low,0.02870229426802241,0.09023282536269515,0.12662071462283797
00-0040211,Graham Mertz,QB,HOU,2028,27.73579739904175,6.018036782618593,84.2525149566603,Low,0.02870229426802241,0.09023282536269515,0.12765338365450524
00-0039534,Carter Bradley,QB,JAX,2028,28.480492813141684,5.865520195057455,82.11728273080436,Low,0.02870229426802241,0.09023282536269515,0.12765338365450524
00-0040589,Kurtis Rourke,QB,SF,2028,27.8507871321013,5.858650772965539,82.02111082151754,Low,0.02870229426802241,0.09023282536269515,0.132179227069241
00-0040398,Brady Cook,QB,MIA,2028,26.8870636550308,5.81397267706796,53.488548629025225,Low,0.02952512930575262,0.08690859249662629,0.15521279342317187
00-0038400,Tanner McKee,QB,PHI,2028,28.34633812457221,5.656486114766812,48.36295628125624,Low,0.02870229426802241,0.09023282536269515,0.27696567364255836
00-0035264,Jarrett Stidham,QB,DEN,2028,32.06433949349761,5.59753078101987,44.78024624815896,Low,0.02870229426802241,0.09023282536269515,0.1651271956690788
00-0040203,Will Howard,QB,PIT,2028,26.93634496919918,5.664610696438869,79.30454975014416,Low,0.02952512930575262,0.08690859249662629,0.132179227069241
00-0038416,Tyson Bagent,QB,CHI,2028,28.23134839151266,5.597437765812886,44.77950212650309,Low,0.02870229426802241,0.09023282536269515,0.2170926586721438
00-0034577,Kyle Allen,QB,BUF,2028,32.483230663928815,4.990217737370004,39.92174189896003,Low,0.02870229426802241,0.09023282536269515,0.17434000657204576
00-0033662,Cooper Rush,QB,ATL,2028,34.77754962354552,4.260369532394437,36.42615950197243,Low,0.02870229426802241,0.09023282536269515,0.1858055636503994
00-0037324,Chris Oladokun,QB,KC,2028,30.993839835728952,4.084316304085119,32.67453043268095,Low,0.02870229426802241,0.09023282536269515,0.24879614610135536
00-0035289,Gardner Minshew,QB,ARI,2028,32.2943189596167,3.511126950972124,30.020135430811656,Low,0.02870229426802241,0.09023282536269515,0.13728290086347722
00-0038542,Bijan Robinson,RB,ATL,2028,26.58590006844627,15.254695126457113,259.3298171497709,Medium,0.7406013104560439,0.9486167813490272,0.16186709155133647
00-0039139,Jahmyr Gibbs,RB,DET,2028,26.451745379876797,15.474519752389535,263.06683579062206,Medium,0.6338566222658436,0.9612707256829612,0.16146805024558142
00-0036223,Jonathan Taylor,RB,IND,2028,29.616700889801507,7.491248205383072,127.35121949151223,Medium,0.6961770564428773,0.94424314815864,0.13456674535065738
00-0039040,De'Von Achane,RB,MIA,2028,26.88432580424367,13.102595138649093,214.2274305169127,Medium,0.6435761951467688,0.9512419934008812,0.15226793562975832
00-0037248,James Cook,RB,BUF,2028,28.934976043805612,8.319291883579481,141.42796202085117,Medium,0.6981866293304927,0.9371518544880576,0.06148504624688858
00-0033280,Christian McCaffrey,RB,SF,2028,32.234086242299796,4.111014402107779,69.88724483583225,Medium,0.4040746865244904,0.7313601555720038,0.2021736518776499
00-0032764,Derrick Henry,RB,BAL,2028,34.6570841889117,3.3427684396271693,56.82706347366188,Medium,0.49455781052011055,0.7747012085104539,0.11394265656059484
00-0034844,Saquon Barkley,RB,PHI,2028,31.557837097878167,4.413159666943689,72.15516055452932,Medium,0.4264907684359574,0.8187433173094855,0.1395005087377097
00-0035700,Josh Jacobs,RB,GB,2028,30.553045859000683,5.322808410691858,83.56809204786217,Medium,0.5675072160125894,0.8714947742889495,0.14021719528012253
00-0041027,Jeremiyah Love,RB,ARI,2028,23.253935660506503,15.759452325561341,236.39178488342012,Rookie-Low,0.2744688582228724,0.8851238763765272,0.4439245738108513
00-0037840,Kyren Williams,RB,LA,2028,28.015058179329227,8.947884686294694,152.1140396670098,Medium,0.365503504815406,0.9238051063616032,0.1389502971712123
00-0038597,Chase Brown,RB,CIN,2028,28.4476386036961,7.707844533186278,131.03335706416672,Medium,0.3391210606123077,0.7997913560223769,0.07089259049582979
00-0040122,Ashton Jeanty,RB,LV,2028,24.748802190280628,14.261428141623604,242.44427840760127,Medium,0.20797570002040475,0.8604754340540808,0.2291625008636509
00-0040666,Omarion Hampton,RB,LAC,2028,25.463381245722108,13.273374229020746,156.6258159024448,Medium,0.3200685435228091,0.6924895974406698,0.14059891026780463
00-0040715,Cam Skattebo,RB,NYG,2028,26.569472963723477,11.049614537110212,123.20320208877887,Medium,0.4055619524127528,0.7408941674375519,0.0867865696343116
00-0036275,D'Andre Swift,RB,CHI,2028,29.630390143737166,5.360233604107907,87.63981942716428,Medium,0.19434555861881816,0.7777638703643054,0.113254061607035
00-0038120,Breece Hall,RB,NYJ,2028,27.253935660506503,8.597950175893656,140.5764853758613,Medium,0.08934169454992207,0.6923794942804411,0.10361053222915469
00-0038134,Kenneth Walker III,RB,KC,2028,27.86447638603696,7.505564386314525,127.59459456734692,Medium,0.2094705950853973,0.7637462641751469,0.10907100785578444
00-0036997,Javonte Williams,RB,DAL,2028,28.351813826146476,6.73104897012491,110.05265066154229,Medium,0.06579070964691017,0.5501492520005359,0.19328815965989912
00-0039361,Bucky Irving,RB,TB,2028,26.035592060232716,10.963374156448266,136.4940082477809,Medium,0.15325010257128538,0.345335879129681,0.07015788856262306
00-0036973,Travis Etienne,RB,NO,2028,29.59753593429158,5.149121418409977,87.53506411296961,Medium,0.19285758341611625,0.6840136617105559,0.1437156095554006
00-0040784,Quinshon Judkins,RB,CLE,2028,24.84188911704312,12.05058024661882,181.36123271161324,Medium,0.19567706128829315,0.4998947702657512,0.19846258396429117
00-0040734,TreVeyon Henderson,RB,NE,2028,25.860369609856264,10.848821093008834,184.42995858115017,Medium,0.31652827622389496,0.7592920671380764,0.2455796002553068
00-0040730,RJ Harvey,RB,DEN,2028,27.571526351813823,7.036047051242816,119.61279987112788,Medium,0.1718582572072442,0.5204293409076777,0.162272173290228
00-0036139,Rico Dowdle,RB,PIT,2028,30.21629021218343,4.008502832393617,68.14454815069149,Medium,0.10034812250390004,0.4523949211979065,0.09479517199319194
00-0037228,Jaylen Warren,RB,PIT,2028,29.83299110198494,4.263768898131005,69.71262148444194,Medium,0.09825577145347544,0.18311459950535217,0.104892077504337
00-0041512,Jadarian Price,RB,SEA,2028,24.89664613278576,10.484561796689505,157.2684269503426,Rookie-Low,0.18510487138490467,0.7837257112023253,0.3638381616442809
00-0039165,Zach Charbonnet,RB,SEA,2028,27.645448323066393,6.631194205859255,108.42002526579883,Medium,0.08622163703808061,0.35333345545724937,0.14322594617879952
00-0036875,Rhamondre Stevenson,RB,NE,2028,30.520191649555095,3.596948997162362,54.13408240729355,Medium,0.15969387246557257,0.5381967193522598,0.06885584098249395
00-0036158,J.K. Dobbins,RB,DEN,2028,29.707049965776864,4.238558392383528,52.770051985174916,Medium,0.06440418657716203,0.28719532766080397,0.10697356809151806
00-0033553,James Conner,RB,ARI,2028,33.3264887063655,2.1285582126438465,17.028465701150772,Low,0.02718948145016028,0.14100545409723125,0.07245035685380732
00-0035261,Tony Pollard,RB,TEN,2028,31.3388090349076,2.986705836925342,50.77399922773081,Medium,0.14411177909158887,0.2956355636213364,0.07331998064333624
00-0033906,Alvin Kamara,RB,NO,2028,33.1047227926078,2.138269015997864,28.01132410957202,Medium,0.02451412067477949,0.1404277507685449,0.10366542879051271
00-0035685,David Montgomery,RB,HOU,2028,31.234770704996578,2.9711938717554873,50.510295819843286,Medium,0.03175803236978843,0.11430998289289626,0.07288210489126803
00-0039384,Tyrone Tracy Jr.,RB,NYG,2028,28.77344284736482,4.775799470326544,74.98005168412674,Medium,0.06991684396198473,0.2473507196583268,0.0792772487972817
00-0033293,Aaron Jones,RB,MIN,2028,33.748117727583846,1.880289825533058,25.853985101079548,Medium,0.10106961469650988,0.3632826956196531,0.07331998064333624
00-0036919,Kenny Gainwell,RB,TB,2028,29.468856947296377,3.9393017300015516,66.96812941002638,Medium,0.10848413672554191,0.20277500671425144,0.110123853591693
00-0036555,Chuba Hubbard,RB,CAR,2028,29.225188227241617,3.9732699518783408,62.38033824448995,Medium,0.09879966868103882,0.19068913658919365,0.07257443169058997
00-0040242,Jacory Croskey-Merritt,RB,WAS,2028,27.388090349075977,5.768866894473128,98.07073720604316,Medium,0.07306877959734179,0.13087460945403023,0.12950128169362726
00-0040583,Woody Marks,RB,HOU,2028,27.672826830937716,5.3699046664379475,87.79794129626045,Medium,0.03221318843906569,0.11458329036895584,0.14923644222542148
00-0039032,Tyjae Spears,RB,TEN,2028,27.21286789869952,5.7037426784617455,82.13389456984913,Medium,0.09945065708841178,0.2445822718661045,0.11781765731874196
00-0040236,Kyle Monangai,RB,CHI,2028,26.238193018480494,6.973975373867525,118.55758135574791,Medium,0.05887375684259203,0.21687665159204908,0.19609400026546
00-0037525,Jordan Mason,RB,MIN,2028,29.274469541409992,3.6731775486361924,60.05645292020175,Medium,0.07306877959734179,0.13087460945403023,0.0957273042509502
00-0037256,Rachaad White,RB,WAS,2028,29.63586584531143,3.3267315675847238,56.5544366489403,Medium,0.0593584979632184,0.11382222195992953,0.10507986095255044
00-0039921,Trey Benson,RB,ARI,2028,26.109514031485283,6.976378506532919,59.64803623085645,Low,0.01425259921165323,0.31702655898212684,0.16380720835528242
00-0040719,Bhayshul Tuten,RB,JAX,2028,26.54483230663929,6.148283161531585,96.52804563604587,Medium,0.01604912256679097,0.18165710497801832,0.15242091789704074
00-0039391,Kimani Vidal,RB,LAC,2028,27.010266940451743,5.373512111699567,77.37857440847377,Medium,0.06489395445144804,0.1363234339178787,0.09134068593137352
00-0036893,Najee Harris,RB,NYG,2028,30.48186173853525,2.4941367015273705,19.953093612218964,Low,0.01736283708668251,0.14020904213523042,0.1813370654998916
00-0038555,Tank Bigsby,RB,PHI,2028,26.005475701574262,6.329282014198879,99.36972762292238,Medium,0.0124905672808719,0.05135724317204824,0.1851192816737534
00-0039738,Blake Corum,RB,LA,2028,27.765913757700204,4.253963974272418,72.31738756263111,Medium,0.06146923517684589,0.4274918713944296,0.2461218030812952
00-0038611,Chris Rodriguez Jr.,RB,JAX,2028,28.93223819301848,3.2865817168509053,45.19049860669995,Medium,0.06773474863206783,0.1156714389018378,0.08589595888250941
00-0037263,Tyler Allgeier,RB,ARI,2028,28.379192334017795,3.668108240522075,62.35784008887527,Medium,0.063937444594929893,0.29836249769524714,0.1588684981466111
00-0035250,Devin Singletary,RB,NYG,2028,30.993839835728952,2.0847037522118304,35.439963787601116,Medium,0.0198949344710599,0.16505535094085047,0.07285935849939532
00-0041052,Kaelon Black,RB,SF,2028,26.87337440109514,4.967111352080015,74.50667028120023,Rookie-Low,0.04237960546941171,0.14662661670113922,0.14271850809990833
00-0038951,Sean Tucker,RB,TB,2028,26.851471594798085,4.978685503496227,84.63765355943586,Medium,0.01178788722872258,0.16304355681646157,0.13687514407950296
00-0037197,Isiah Pacheco,RB,DET,2028,29.50171115674196,2.792882117980909,40.21750249892509,Medium,0.01258183210724283,0.044724477541038,0.1021692895339379
00-0037746,Brian Robinson,RB,ATL,2028,29.446954140999317,2.7987103147804984,47.578075351268474,Medium,0.01178788722872258,0.04623000512989713,0.11231548832634364
00-0039373,Audric Estimé,RB,NO,2028,24.98699520876112,6.418122412851851,59.046726198237025,Low,0.02320142613108779,0.12732147692629764,0.06635580551112254
00-0040162,Dylan Sampson,RB,CLE,2028,23.963039014373717,6.544365474333881,102.74653794704192,Medium,0.02237845026433834,0.05236678396210003,0.137977426419942
00-0039344,Jonathon Brooks,RB,CAR,2028,25.11567419575633,6.192553042357387,86.69574259300342,Low,0.17754678527740528,0.6310259937812872,0.34534893287073537
00-0037157,Bam Knight,RB,ARI,2028,27.39082819986311,4.032734209838501,55.45009538527939,Medium,0.05322007403608751,0.09064583058362366,0.10104129995515045
00-0040202,Devin Neal,RB,NO,2028,25.055441478439427,5.944436417061941,70.14434972133091,Medium,0.01492814626619858,0.04019793245138137,0.11448128412106802
00-0038797,Emanuel Wilson,RB,SEA,2028,29.318275154004105,2.6195398462710666,44.53217738660813,Medium,0.02183905167073409,0.119097118604104,0.11717492670879008
00-0040142,Kaleb Johnson,RB,GB,2028,25.04996577686516,5.677829089146876,70.6889721598786,Medium,0.05236104691131248,0.21316216628412396,0.17386352943046787
00-0035537,Ty Johnson,RB,BUF,2028,30.955509924709105,1.7970255086434979,30.549433646939463,Medium,0.01350504634445611,0.20393633106332917,0.08335207260035843
00-0039798,Isaiah Davis,RB,NYJ,2028,26.525667351129364,4.54437686599803,74.3005617590678,Medium,0.01178788722872258,0.03799729364846573,0.131420361007776
00-0039874,Jaylen Wright,RB,MIA,2028,25.419575633127995,5.3363276176089895,62.96866588778608,Medium,0.01492814626619858,0.04019793245138137,0.08952901302601482
00-0033526,Samaje Perine,RB,CIN,2028,32.959616700889796,1.197277832856535,18.797261975847597,Medium,0.01178788722872258,0.03799729364846573,0.10948634165909182
00-0041496,Jonah Coleman,RB,DEN,2028,25.033538672142367,5.292988581283524,79.39482871925286,Rookie-Low,0.01492814626619858,0.04019793245138137,0.09875466548870548
00-0034975,Justice Hill,RB,BAL,2028,30.79671457905544,1.729063226494017,21.52683716985051,Medium,0.01178788722872258,0.03799729364846573,0.11207429793377112
00-0039794,Braelon Allen,RB,NYJ,2028,24.61464750171116,5.180534303969184,44.29356829893651,Low,0.01492814626619858,0.04019793245138137,0.16222396357935512
00-0038551,Kendre Miller,RB,NO,2028,26.22450376454483,4.422508009400911,46.436334098709565,Low,0.02622352940172714,0.12773470217539912,0.12777136546015866
00-0040466,Raheim Sanders,RB,CLE,2028,26.23271731690623,4.194789162111843,35.865447336056256,Low,0.01178788722872258,0.03799729364846573,0.11694010945581178
00-0039875,Ray Davis,RB,BUF,2028,28.781656399726216,2.4062671935707485,40.906542290702724,Medium,0.01178788722872258,0.03704464257765289,0.09935246816798216
00-0038454,Keaton Mitchell,RB,LAC,2028,26.621492128678987,3.77173302371339,54.31295554147282,Medium,0.01178788722872258,0.03799729364846573,0.06878349317180746
00-0033955,Jeremy McNichols,RB,WAS,2028,32.68309377138946,1.0520110442663235,17.20038057375439,Medium,0.01178788722872258,0.03799729364846573,0.13599364097111694
00-0037329,Brittain Brown,RB,CHI,2028,30.892539356605067,1.4990640558895774,11.992512447116619,Low,0.01178788722872258,0.03799729364846573,0.1634369001790611
00-0032104,Ameer Abdullah,RB,JAX,2028,35.21834360027378,0.9358412793246638,13.476114422275158,Medium,0.01178788722872258,0.05865344206579425,0.1138173934085016
00-0037563,Malik Davis,RB,DAL,2028,29.76454483230664,1.850211199406035,23.035129432605135,Medium,0.01178788722872258,0.03799729364846573,0.1623758015761162
00-0040078,Brashard Smith,RB,KC,2028,25.392197125256672,4.133141898625214,70.26341227662864,Medium,0.06749473820134609,0.09187352097083532,0.06957737979458986
00-0038705,Emari Demercado,RB,DAL,2028,29.613963039014372,1.7752758463102898,24.410042886766483,Medium,0.01178788722872258,0.03799729364846573,0.13868822416974028
00-0036265,AJ Dillon,RB,CAR,2028,30.33401779603012,1.5233182055314172,15.004684324484458,Low,0.01476353009354591,0.17050917012482297,0.1173872348568638
00-0040964,EJ Smith,RB,KC,2028,2,4.425587729602364,66.38381594403545,Rookie-Low,0.02237845026433834,0.05236678396210003,0.09092406138170632
00-0040878,Mike Washington Jr.,RB,LV,2028,25.16495550992471,3.93248798826787,58.987319824018044,Rookie-Low,0.01492814626619858,0.04019793245138137,0.05308398521046392
00-0040198,Ollie Gordon II,RB,MIA,2028,24.628336755646817,3.839466018095928,65.27092230763078,Medium,0.01307665153137191,0.03924898174258359,0.07491596499330311
00-0040937,Dominic Richardson,RB,NYJ,2028,2,4.04329834332149,60.64947514982236,Rookie-Low,0.02237845026433834,0.05236678396210003,0.09092406138170632
00-0039811,MarShawn Lloyd,RB,GB,2028,27.65366187542779,2.289179242818543,32.048509399459604,Low,0.04237960546941171,0.14662661670113922,0.16767352013312967
00-0040177,Jordan James,RB,SF,2028,24.42573579739904,3.5687009252973567,49.961812954162994,Low,0.01492814626619858,0.04019793245138137,0.05308398521046392
00-0040886,Nicholas Singleton,RB,TEN,2028,24.652977412731005,3.507156410386409,52.60734615579614,Rookie-Low,0.01492814626619858,0.04019793245138137,0.05308398521046392
00-0041490,Eli Heidenreich,RB,PIT,2028,25.096509240246405,3.368122146796179,50.52183220194268,Rookie-Low,0.01454213576549715,0.0545244204804235,0.05308398521046392
00-0041096,Kaytron Allen,RB,WAS,2028,25.64681724845996,3.074284978260615,46.11427467390923,Rookie-Low,0.01178788722872258,0.03799729364846573,0.04993928467341206
00-0041013,Emmett Johnson,RB,KC,2028,24.89390828199863,3.2793732456297784,49.19059868444668,Rookie-Low,0.01492814626619858,0.04019793245138137,0.05308398521046392
00-0041323,Myles Montgomery,RB,NE,2028,25.411362080766597,3.100686968369242,46.51030452553863,Rookie-Low,0.06749473820134609,0.09187352097083532,0.05308398521046392
00-0040644,Trevor Etienne,RB,CAR,2028,24.14647501711157,3.191885071954303,54.26204622322315,Medium,0.01454213576549715,0.0545244204804235,0.06217726078071657
00-0041239,Chip Trayanum,RB,NYJ,2028,26.66255989048597,2.4913115275452333,37.3696729131785,Rookie-Low,0.01178788722872258,0.03799729364846573,0.04993928467341206
00-0039021,Roschon Johnson,RB,CHI,2028,27.582477754962355,1.849668071543825,18.219230504706676,Low,0.01178788722872258,0.03799729364846573,0.04993928467341206
00-0040238,LeQuint Allen Jr.,RB,JAX,2028,24.072553045859,2.822468537811788,46.14736059322274,Medium,0.02237845026433834,0.05236678396210003,0.06217726078071657
00-0041104,Demond Claiborne,RB,MIN,2028,24.89664613278576,2.813975210669901,42.20962816004852,Rookie-Low,0.01454213576549715,0.0545244204804235,0.05308398521046392
00-0040179,DJ Giddens,RB,IND,2028,25.017111567419576,2.797542440917278,25.73739045643896,Low,0.01492814626619858,0.04019793245138137,0.0793591162960181
00-0041125,Seth McGowan,RB,IND,2028,26.856947296372347,2.096501847974099,31.447527719611482,Rookie-Low,0.01178788722872258,0.03799729364846573,0.04993928467341206
00-0040888,Adam Randall,RB,BAL,2028,24.132785763175907,2.7890528063309072,41.83579209496361,Rookie-Low,0.01492814626619858,0.04019793245138137,0.06217726078071657
00-0037085,Tyler Badie,RB,DEN,2028,29.564681724845997,1.1404900482893245,18.64701228953046,Medium,0.01178788722872258,0.03799729364846573,0.04993928467341206
00-0040556,Corey Kiner,RB,NE,2028,26.61054072553046,2.1147404480130985,18.08103083051199,Low,0.01178788722872258,0.03799729364846573,0.0739660942145588
00-0037276,Ty Chandler,RB,NO,2028,30.306639288158795,0.9583765443668444,7.667012354934755,Low,0.01178788722872258,0.03799729364846573,0.1095172998503425
00-0036984,Trey Sermon,RB,ATL,2028,29.586584531143053,1.1009827689848422,8.807862151878737,Low,0.02870984852508982,0.13334860777446703,0.1029873770624954
00-0038685,Chris Brooks,RB,GB,2028,28.639288158795345,1.3197164588355907,22.43517980020504,Medium,0.01178788722872258,0.03799729364846573,0.04993928467341206
00-0041081,Max Bredeson,RB,MIN,2028,25.90965092402464,2.256019535393491,33.840293030902366,Rookie-Low,0.01178788722872258,0.03799729364846573,0.04993928467341206
00-0039364,Sione Vaki,RB,DET,2028,27.089664613278575,1.7641570749953497,19.67035138619815,Medium,0.01178788722872258,0.03799729364846573,0.04993928467341206
00-0039746,Will Shipley,RB,PHI,2028,26.008213552361397,2.1697066589430682,32.654085217093176,Medium,0.01178788722872258,0.03799729364846573,0.04993928467341206
00-0039796,Rasheen Ali,RB,BAL,2028,27.53867214236824,1.5058328295101926,23.641575423310023,Medium,0.01178788722872258,0.03704464257765289,0.04993928467341206
00-0038738,Hunter Luepke,RB,DAL,2028,28.50787132101301,1.1277174184928656,16.972147148317628,Medium,0.01178788722872258,0.03799729364846573,0.04993928467341206
00-0039363,Isaac Guerendo,RB,SF,2028,28.17659137577002,1.2054460661511825,12.657183694587417,Low,0.01178788722872258,0.03799729364846573,0.04993928467341206
00-0041436,DJ Herman,RB,MIA,2028,26.459958932238195,1.7196187632497943,25.794281448746915,Rookie-Low,0.01178788722872258,0.03799729364846573,0.04993928467341206
00-0039603,British Brooks,RB,HOU,2028,28.78713210130048,1.0406459255337912,11.603202069701773,Medium,0.01178788722872258,0.03799729364846573,0.05516606665497105
00-0039299,George Holani,RB,SEA,2028,28.71047227926078,1.0550001311093604,13.134751632311536,Medium,0.01178788722872258,0.03799729364846573,0.08492583155005232
00-0037557,Ronnie Rivers,RB,LA,2028,29.58384668035592,0.8454220658360748,8.327407348485337,Low,0.01178788722872258,0.03799729364846573,0.04993928467341206
00-0029892,Kyle Juszczyk,RB,SF,2028,37.35934291581109,0.38809955111055655,5.433393715547791,Low,0.01178788722872258,0.03799729364846573,0.04993928467341206
00-0037594,Julius Chestnut,RB,TEN,2028,27.848049281314168,1.1486995417177097,18.781237507084555,Medium,0.01178788722872258,0.03799729364846573,0.04993928467341206
00-0040208,Tahj Brooks,RB,CIN,2028,26.303901437371664,1.5567273358154832,21.405000867462892,Medium,0.01178788722872258,0.03799729364846573,0.04993928467341206
00-0036670,Jermar Jefferson,RB,MIN,2028,28.379192334017795,0.9754572000428158,13.656400800599421,Low,0.01178788722872258,0.03799729364846573,0.04993928467341206
00-0039407,Dylan Laube,RB,LV,2028,28.715947980835043,0.8908873053335222,15.145084190669877,Medium,0.01178788722872258,0.03799729364846573,0.04993928467341206
00-0039244,Chris Collier,RB,LV,2028,28.439425051334705,0.8920300713200874,12.488420998481223,Low,0.01178788722872258,0.03799729364846573,0.04993928467341206
00-0037304,Connor Heyward,RB,LV,2028,29.60848733744011,0.6971951120831404,9.760731569163966,Low,0.01178788722872258,0.03799729364846573,0.04993928467341206
00-0038896,Jacob Saylors,RB,DET,2028,28.483230663928815,0.8731190771160683,11.437859910220494,Medium,0.01178788722872258,0.03799729364846573,0.04993928467341206
00-0038614,Scott Matlock,RB,LAC,2028,28.17659137577002,0.8944683899595706,12.522557459433989,Low,0.01178788722872258,0.03799729364846573,0.04993928467341206
00-0031595,Michael Burton,RB,CLE,2028,36.58179329226557,0.31029811204588825,4.344173568642436,Low,0.01178788722872258,0.03799729364846573,0.04993928467341206
00-0036187,Reggie Gilliam,RB,NE,2028,31.032169746748803,0.443371307064857,5.808164122549627,Medium,0.01178788722872258,0.03799729364846573,0.04993928467341206
00-0035125,Alec Ingold,RB,LAC,2028,32.14647501711157,0.34810282398935183,4.873439535850926,Low,0.01178788722872258,0.03799729364846573,0.04993928467341206
00-0040649,Robbie Ouzts,RB,SEA,2028,25.98631074606434,1.2025429583273817,10.281742293699113,Low,0.01178788722872258,0.03799729364846573,0.04993928467341206
00-0036842,Kene Nwangwu,RB,NYJ,2028,30.55852156057495,0.43772081426764176,5.4496241376321395,Medium,0.01178788722872258,0.03799729364846573,0.04993928467341206
00-0034959,Andrew Beck,RB,NYJ,2028,32.29705681040383,0.2989851768369367,4.185792475717114,Low,0.01178788722872258,0.03799729364846573,0.04993928467341206
00-0038488,Brady Russell,RB,SEA,2028,30.00273785078713,0.4421823306313892,5.505170016360795,Medium,0.01178788722872258,0.03799729364846573,0.04993928467341206
00-0033376,Patrick Ricard,RB,NYG,2028,34.26557152635181,0.22799719149535777,2.0975741617572914,Low,0.01178788722872258,0.03799729364846573,0.04993928467341206
00-0037744,Trey McBride,TE,ARI,2028,28.77618069815195,11.798329032318494,200.5715935494144,High,0.6566016250440058,0.8968075005165839,0.05472630732607206
00-0039338,Brock Bowers,TE,LV,2028,25.718001368925393,10.76505642674557,148.01952586775158,Medium,0.3882705170304024,0.6287235939991077,0.08830754790902923
00-0033288,George Kittle,TE,SF,2028,34.8952772073922,6.635277573944827,86.92213621867724,Medium,0.48090987844248606,0.6564435447425377,0.02608239302027733
00-0038996,Tucker Kraft,TE,GB,2028,27.82614647501711,9.357656647872677,104.33787162378034,Medium,0.4046167894254771,0.5546150933727946,0.0225010823121271
00-0040663,Harold Fannin Jr.,TE,CLE,2028,24.116358658453116,9.091014168217814,148.63808165036127,High,0.3384425383531153,0.7396953323846037,0.04142359104591559
00-0030506,Travis Kelce,TE,KC,2028,38.90622861054072,3.597755753715489,61.16184781316331,High,0.28913056645504104,0.699346807611967,0.05661270038444604
00-0034351,Dallas Goedert,TE,PHI,2028,33.66050650239562,6.072528629906458,95.33869948953138,High,0.2230210014563289,0.371368132549585,0.02563580900468405
00-0036970,Kyle Pitts,TE,ATL,2028,27.90280629705681,8.131075297622107,138.22828005957584,High,0.3273535115064778,0.5092220659553626,0.05702893834592416
00-0040128,Tyler Warren,TE,IND,2028,26.27378507871321,8.064540822269247,137.0971939785772,High,0.3447978136744374,0.6062846536794092,0.17223513152233513
00-0039065,Sam LaPorta,TE,DET,2028,27.634496919917865,7.976155430033538,94.11863407439576,Medium,0.22367808272390843,0.3931397576650514,0.01929386840557622
00-0040126,Colston Loveland,TE,CHI,2028,24.39561943874059,8.34056186020059,136.36818641427968,High,0.23068115336038836,0.5426663027510079,0.12307708277907374
00-0033090,Hunter Henry,TE,NE,2028,33.73442847364819,5.615889021302828,95.47011336214808,High,0.2379222994136232,0.4961391116365895,0.05222747339467826
00-0036040,Juwan Johnson,TE,NO,2028,31.965776865160848,6.6555877726571,113.1449921351707,High,0.43010831249368503,0.5289258454141513,0.08564797460704239
00-0040189,Oronde Gadsden II,TE,LAC,2028,25.18685831622177,7.559975567124839,118.69161640385997,High,0.2031430147679524,0.5511547091495664,0.06711531676526958
00-0038933,Dalton Kincaid,TE,BUF,2028,28.872005475701577,6.880858845360834,94.61180912371147,Medium,0.2670521762141726,0.49494270031114934,0.05127451853708553
00-0041032,Kenyon Sadiq,TE,NYJ,2028,23.49486652977413,7.213355312455659,108.20032968683488,Rookie-Medium,0.02096149334757396,0.09813300541411318,0.2327759657085439
00-0034383,Dalton Schultz,TE,HOU,2028,32.1409993155373,5.754706472762295,97.83001003695901,High,0.2809846899985536,0.41851709134523535,0.05222747339467826
00-0031610,Darren Waller,TE,CAR,2028,35.96577686516085,3.80423528152834,44.889976322034414,Medium,0.2335681923096939,0.5772209177836858,0.02101983719561385
00-0039847,Theo Johnson,TE,NYG,2028,27.51129363449692,6.5062272401076715,102.14776766969044,High,0.09562255385697084,0.36061901913377054,0.09174393255336652
00-0038041,Jake Ferguson,TE,DAL,2028,29.61943874058864,6.421555250730162,109.16643926241275,High,0.03209311174970122,0.15414185475398445,0.02859787373797856
00-0034753,Mark Andrews,TE,BAL,2028,32.986995208761115,4.917749380608939,83.60173947035196,High,0.1551930116246058,0.34401194528006807,0.1040117459441405
00-0038935,Brenton Strange,TE,JAX,2028,27.678302532511974,6.338946992190811,87.16052114262365,Medium,0.2108054729314166,0.34343685949426506,0.01929386840557622
00-0038129,Cade Otton,TE,TB,2028,29.381245722108144,6.230668113597435,97.82148938347973,High,0.00783558736736372,0.05307169190889669,0.01608898368189851
00-0036894,Pat Freiermuth,TE,PIT,2028,29.852156057494867,6.159328860439871,96.70146310890597,High,0.08817187420660708,0.32854368003601797,0.01929386840557622
00-0033885,David Njoku,TE,LAC,2028,32.143737166324435,5.08952117359886,66.67272737414507,Medium,0.0066882212938757,0.12240433406645916,0.01929386840557622
00-0037809,Chig Okonkwo,TE,WAS,2028,28.981519507186857,5.819158933526976,98.9257018699586,High,0.05493890075782483,0.1359557482736453,0.01806375603268816
00-0035229,T.J. Hockenson,TE,MIN,2028,31.163586584531146,5.352693516468221,84.03728820855106,High,0.00823284074469057,0.21391810107184792,0.07562904527214866
00-0039793,AJ Barner,TE,SEA,2028,26.331279945242983,5.717904553812658,97.20437741481518,High,0.14961277220124003,0.2664946372524725,0.05856850859500506
00-0037112,Jake Tonges,TE,SF,2028,29.15126625598905,5.672766353653109,70.6259411029812,Medium,0.08702364262216913,0.35884963482543614,0.02101983719561385
00-0033881,Evan Engram,TE,DEN,2028,33.99726214921287,3.817251085303576,62.41205524471347,High,0.03174059549770419,0.2420204955747041,0.0169839308650146
00-0040736,Mason Taylor,TE,NYJ,2028,24.316221765913756,5.552560021777539,79.95686431359655,Medium,0.01485823345877521,0.3709870281806624,0.02856032116479455
00-0033858,Jonnu Smith,TE,GB,2028,33.0280629705681,3.9860424434605246,67.76272153882891,High,0.04722187609469202,0.1948653000510669,0.05178271040638681
00-0033110,Tyler Higbee,TE,LA,2028,35.66461327857632,3.0137193333911303,37.52080570071957,Medium,0.0066882212938757,0.07011682490289309,0.01929386840557622
00-0036244,Colby Parkinson,TE,LA,2028,29.64955509924709,5.09598150997113,76.69452172506551,High,0.08857398045986158,0.1617548224821516,0.098148969110947
00-0034829,Mike Gesicki,TE,CIN,2028,32.913073237508556,3.5382289913688068,48.65064863132109,Medium,0.0066882212938757,0.02854522990318268,0.01773221922196824
00-0037838,Isaiah Likely,TE,NYG,2028,28.3709787816564,4.484583012662177,61.66301642410493,Medium,0.0066882212938757,0.02695998689276634,0.01773221922196824
00-0040737,Terrance Ferguson,TE,LA,2028,25.488021902806295,4.593719755114863,60.17772879200471,Medium,0.0066882212938757,0.02328516780667057,0.0189644209553846
00-0036290,Cole Kmet,TE,CHI,2028,29.479808350444905,4.436386054167456,72.53491198563792,High,0.03449633046282639,0.06695224469516321,0.04181826986506059
00-0035689,Dawson Knox,TE,BUF,2028,31.796030116358654,3.7830454911854234,61.852793780881676,High,0.01500562498164761,0.0503188580743177,0.0169839308650146
00-0040584,Gunnar Helm,TE,TEN,2028,25.98631074606434,4.402827055181832,71.98622235222295,High,0.01600112696921399,0.09861185797277502,0.02438414252325143
00-0035644,Noah Fant,TE,NO,2028,30.78028747433265,4.026835541400483,57.986431796166954,Medium,0.0066882212938757,0.05547631798088545,0.01773221922196824
00-0037252,Greg Dulcich,TE,MIA,2028,28.43394934976044,4.168921521036759,49.19327394823375,Medium,0.01001716636112873,0.10260298540958612,0.05596851694804711
00-0032392,Austin Hooper,TE,ATL,2028,33.84120465434634,2.814154919271617,40.523830837511284,Medium,0.0415696763122417,0.09973563793888358,0.01773221922196824
00-0039066,Michael Mayer,TE,LV,2028,27.155373032169745,3.9396142549937303,56.730445271909716,Medium,0.01196603520641852,0.0366941831418085,0.01773221922196824
00-0041395,Eli Raridon,TE,NE,2028,24.55167693360712,4.027206085509733,60.408091282646,Rookie-Medium,0.0066882212938757,0.02328516780667057,0.02146912414951519
00-0041077,Justin Joly,TE,MIA,2028,24.14647501711157,3.9596487372106384,59.39473105815958,Rookie-Medium,0.00683545124618517,0.03495530659933948,0.02146912414951519
00-0035249,Josh Oliver,TE,MIN,2028,31.44832306639288,3.3887726566643095,46.59562402913426,Medium,0.0066882212938757,0.02328516780667057,0.01773221922196824
00-0039356,Ja'Tavion Sanders,TE,CAR,2028,25.433264887063658,3.7945275762322828,52.17475417319389,Medium,0.0066882212938757,0.02328516780667057,0.0189644209553846
00-0041558,Sam Roush,TE,CHI,2028,24.98699520876112,3.817364595317653,57.26046892976479,Rookie-Medium,0.0066882212938757,0.02328516780667057,0.0189644209553846
00-0038558,Darnell Washington,TE,PIT,2028,27.0403832991102,3.619120455659473,52.11533456149641,Medium,0.0066882212938757,0.02695998689276634,0.02504346723907324
00-0034270,Tyler Conklin,TE,DET,2028,33.09103353867214,2.646288426460223,26.065941000633195,Low,0.0066882212938757,0.02328516780667057,0.01773221922196824
00-0041483,Eli Stowers,TE,PHI,2028,25.381245722108144,3.517171857961111,52.757577869416664,Rookie-Medium,0.0066882212938757,0.02328516780667057,0.0189644209553846
00-0037005,Tommy Tremble,TE,CAR,2028,28.247775496235455,3.3546603448920864,52.66816741480575,High,0.0066882212938757,0.02328516780667057,0.01773221922196824
00-0041041,Oscar Delp,TE,NO,2028,25.077344284736483,3.4072966622441343,51.10944993366201,Rookie-Medium,0.0066882212938757,0.02328516780667057,0.0189644209553846
00-0041510,Max Klare,TE,LA,2028,25.15126625598905,3.4072966622441343,51.10944993366201,Rookie-Medium,0.0066882212938757,0.02328516780667057,0.0189644209553846
00-0040194,Jackson Hawes,TE,BUF,2028,27.73579739904175,3.226653199522985,46.46380607313098,Medium,0.0066882212938757,0.02328516780667057,0.01773221922196824
00-0036637,Noah Gray,TE,KC,2028,29.34017796030116,3.196983036622981,48.11459470117587,High,0.0066882212938757,0.02328516780667057,0.01773221922196824
00-0038115,Daniel Bellinger,TE,TEN,2028,27.94113620807666,3.178198085225885,45.766052427252745,Medium,0.0066882212938757,0.02328516780667057,0.01773221922196824
00-0041116,Jack Endries,TE,CIN,2028,24.43394934976044,3.3000489828552393,49.50073474282859,Rookie-Medium,0.0066882212938757,0.02328516780667057,0.05040136783035073
00-0041472,Marlin Klein,TE,HOU,2028,25.956194387405887,3.1657361401363038,47.48604210204456,Rookie-Medium,0.0066882212938757,0.02328516780667057,0.0189644209553846
00-0040739,Elijah Arroyo,TE,SEA,2028,25.408624229979463,3.151750879874033,45.38521267018608,Medium,0.0066882212938757,0.02328516780667057,0.0189644209553846
00-0041524,Will Kacmarek,TE,MIA,2028,25.550992470910337,3.123146797719643,46.847201965794646,Rookie-Medium,0.0066882212938757,0.02328516780667057,0.0189644209553846
00-0036754,Brock Wright,TE,DET,2028,29.761806981519506,3.014848064489448,33.61555591905735,Medium,0.0066882212938757,0.02328516780667057,0.01773221922196824
00-0039074,Davis Allen,TE,LA,2028,27.57426420260096,2.9057757010584155,45.620678506617125,High,0.0066882212938757,0.02328516780667057,0.01773221922196824
00-0036422,Adam Trautman,TE,DEN,2028,31.568788501026695,2.585037724027242,37.224543225992285,Medium,0.0066882212938757,0.02328516780667057,0.01773221922196824
00-0039144,Luke Musgrave,TE,GB,2028,27.9958932238193,2.8579154347572984,41.153982260505096,Medium,0.0066882212938757,0.02328516780667057,0.01773221922196824
00-0041084,Tanner Koziol,TE,JAX,2028,24.5927446954141,2.9619822965505955,44.429734448258934,Rookie-Medium,0.0066882212938757,0.02328516780667057,0.02146912414951519
00-0039912,Ben Sinnott,TE,WAS,2028,26.21629021218343,2.7968587697058815,33.00293348252941,Medium,0.0066882212938757,0.02328516780667057,0.0189644209553846
00-0039041,Elijah Higgins,TE,ARI,2028,27.845311430527037,2.788018883026626,47.39632101145264,High,0.0066882212938757,0.02328516780667057,0.0169839308650146
00-0041577,Connor Hulstein,TE,NYJ,2028,2,2.9264058955480423,43.89608843322063,Rookie-Medium,0.0066882212938757,0.24092910962816763,0.05040136783035073
00-0037004,Hunter Long,TE,ARI,2028,30.035592060232716,2.778937943761598,29.17884840949678,Low,0.0066882212938757,0.02328516780667057,0.01773221922196824
00-0040187,Mitchell Evans,TE,CAR,2028,25.290896646132783,2.845094156908143,42.81866706146755,High,0.0066882212938757,0.02328516780667057,0.0189644209553846
00-0034981,Foster Moreau,TE,HOU,2028,31.322381930184804,2.437697547827875,25.59582425219269,Low,0.0066882212938757,0.02328516780667057,0.01773221922196824
00-0037805,Jeremy Ruckert,TE,NYJ,2028,28.05612594113621,2.611982782001556,39.31034086912342,High,0.0066882212938757,0.02328516780667057,0.01773221922196824
00-0041503,Nate Boerkircher,TE,JAX,2028,26.99110198494182,2.5825352126031964,38.738028189047945,Rookie-Medium,0.0066882212938757,0.02328516780667057,0.0189644209553846
00-0038046,Charlie Kolar,TE,LAC,2028,29.5564681724846,2.5682885073145107,36.983354505328954,Medium,0.0066882212938757,0.02328516780667057,0.01773221922196824
00-0038589,Josh Whyle,TE,GB,2028,28.981519507186857,2.557024642393047,25.18669272757151,Low,0.0066882212938757,0.02328516780667057,0.01773221922196824
00-0040879,Matthew Hibner,TE,BAL,2028,26.48186173853525,2.4959423592704044,37.43913538905607,Rookie-Medium,0.0066882212938757,0.02328516780667057,0.0189644209553846
00-0038547,Luke Schoonmaker,TE,DAL,2028,29.926078028747433,2.4369373278748196,36.67590678451604,High,0.0066882212938757,0.02328516780667057,0.01773221922196824
00-0035631,Drew Sample,TE,CIN,2028,32.37645448323066,1.952319080931756,26.844387362811645,Medium,0.0066882212938757,0.02328516780667057,0.01773221922196824
00-0034365,Ian Thomas,TE,LV,2028,32.23682409308692,1.9712131707244676,23.260315414548717,Medium,0.0066882212938757,0.02328516780667057,0.01773221922196824
00-0037086,Grant Calcaterra,TE,PHI,2028,29.742642026009584,2.347856971000141,27.704712257801663,Medium,0.0066882212938757,0.02328516780667057,0.01773221922196824
00-0038783,Nate Adkins,TE,DEN,2028,29.148528405201915,2.3261879532637866,22.9129513396483,Low,0.0066882212938757,0.02328516780667057,0.01773221922196824
00-0033217,Mo Alie-Cox,TE,IND,2028,34.95003422313484,1.468104836094375,19.232173352836313,Medium,0.0066882212938757,0.02328516780667057,0.01773221922196824
00-0040901,Jaren Kanak,TE,TEN,2028,24.55715263518138,2.4342237900944372,36.51335685141656,Rookie-Medium,0.0066882212938757,0.02328516780667057,0.05040136783035073
00-0039359,Cade Stover,TE,HOU,2028,28.220396988364133,2.3148323592053757,22.80109873817295,Low,0.0066882212938757,0.02328516780667057,0.01773221922196824
00-0033246,Johnny Mundt,TE,PHI,2028,33.77275838466803,1.626087224661732,22.358699339098813,Medium,0.0066882212938757,0.02328516780667057,0.01773221922196824
00-0040887,Josh Cuevas,TE,BAL,2028,25.93429158110883,2.292541047956975,34.38811571935463,Rookie-Medium,0.0066882212938757,0.02328516780667057,0.0189644209553846
00-0040244,Moliki Matavao,TE,NO,2028,25.460643394934976,2.2806542683339712,18.24523414667177,Low,0.0066882212938757,0.02328516780667057,0.0189644209553846
00-0038720,Julian Hill,TE,NE,2028,28.14647501711157,2.2142348792822077,29.00647691859692,Medium,0.0066882212938757,0.02328516780667057,0.01773221922196824
00-0036628,John Bates,TE,WAS,2028,30.8186173853525,2.119818753386423,26.391743479660963,Medium,0.0066882212938757,0.02328516780667057,0.01773221922196824
00-0041398,Riley Nowakowski,TE,PIT,2028,26.17248459958932,2.182809927244826,32.74214890867239,Rookie-Medium,0.0066882212938757,0.02328516780667057,0.0189644209553846
00-0041087,Joe Royer,TE,CLE,2028,26.514715947980836,2.172301413445477,32.58452120168216,Rookie-Medium,0.0066882212938757,0.02328516780667057,0.0189644209553846
00-0041579,Seydou Traore,TE,MIA,2028,26.05475701574264,2.101994667258916,31.529920008883742,Rookie-Medium,0.0066882212938757,0.02328516780667057,0.0189644209553846
00-0041094,Bauer Sharp,TE,TB,2028,25.33196440793977,2.143566163809953,32.1534924571493,Rookie-Medium,0.0066882212938757,0.02328516780667057,0.0189644209553846
00-0040363,Keleki Latu,TE,BUF,2028,26.05201916495551,2.073826256679415,16.59061005343532,Low,0.0066882212938757,0.02328516780667057,0.0189644209553846
00-0036887,Luke Farrell,TE,SF,2028,30.88158795345654,1.9408291767763701,27.94794014557973,Medium,0.0066882212938757,0.02328516780667057,0.01773221922196824
00-0041131,Carsen Ryan,TE,CLE,2028,25.030800821355236,2.0520989638589984,30.781484457884975,Rookie-Medium,0.0066882212938757,0.02328516780667057,0.0189644209553846
00-0038809,Ben Sims,TE,MIA,2028,28.2943189596167,1.965058252372583,15.720466018980664,Low,0.0066882212938757,0.02328516780667057,0.01773221922196824
00-0038394,Will Mallory,TE,IND,2028,29.195071868583163,1.9278487751982265,15.422790201585812,Low,0.0066882212938757,0.02328516780667057,0.01773221922196824
00-0040955,John Michael Gyllenborg,TE,KC,2028,26.0684462696783,1.847061787744605,27.705926816169075,Rookie-Medium,0.0066882212938757,0.02328516780667057,0.0189644209553846
00-0041366,Jameson Geers,TE,ARI,2028,25.73990417522245,1.8932383324382198,28.398574986573298,Rookie-Medium,0.0066882212938757,0.02328516780667057,0.0189644209553846
00-0039737,Tip Reiman,TE,ARI,2028,26.955509924709105,1.7877035979465812,14.30162878357265,Low,0.0066882212938757,0.02328516780667057,0.0189644209553846
00-0041314,Tanner Arkin,TE,NE,2028,25.15400410677618,1.8041968156844352,27.06295223526653,Rookie-Medium,0.0066882212938757,0.02328516780667057,0.0189644209553846
00-0041170,Hayden Large,TE,CHI,2028,26.432580424366872,1.7496835015025392,26.245252522538088,Rookie-Medium,0.0066882212938757,0.02328516780667057,0.0189644209553846
00-0040938,DJ Rogers,TE,DAL,2028,26.80766598220397,1.71132188794331,25.66982831914965,Rookie-Medium,0.0066882212938757,0.02328516780667057,0.0189644209553846
00-0039050,Payne Durham,TE,TB,2028,28.21218343600274,1.6925052229816206,18.87143323624507,Medium,0.0066882212938757,0.02328516780667057,0.01773221922196824
00-0037755,Jelani Woods,TE,NYJ,2028,29.89596167008898,1.651378643870991,13.211029150967928,Low,0.0066882212938757,0.02328516780667057,0.01773221922196824
00-0041133,Dallen Bentley,TE,DEN,2028,27.66735112936345,1.637754900516437,24.566323507746553,Rookie-Medium,0.0066882212938757,0.02328516780667057,0.01773221922196824
00-0040853,Carson Towt,TE,IND,2028,27.251197809719372,1.637754900516437,24.566323507746553,Rookie-Medium,0.0066882212938757,0.02328516780667057,0.01773221922196824
00-0041180,Quentin Moore,TE,WAS,2028,28.015058179329227,1.637754900516437,24.566323507746553,Rookie-Medium,0.0066882212938757,0.02328516780667057,0.01773221922196824
00-0033757,Robert Tonyan,TE,PIT,2028,34.33949349760438,1.0979788881887411,8.783831105509929,Low,0.0066882212938757,0.02328516780667057,0.01773221922196824
00-0036590,Quintin Morris,TE,JAX,2028,29.61122518822724,1.5598595638333277,20.434160286216592,Medium,0.0066882212938757,0.02328516780667057,0.01773221922196824
00-0037292,Andrew Ogletree,TE,IND,2028,30.095824777549623,1.507664968381518,19.750411085797886,Medium,0.0066882212938757,0.02328516780667057,0.01773221922196824
00-0036876,Kylen Granson,TE,TEN,2028,30.432580424366872,1.4563427245072837,20.024712461975152,Medium,0.0066882212938757,0.02328516780667057,0.01773221922196824
00-0039530,Brevyn Spann-Ford,TE,DAL,2028,28.680355920602327,1.480751245621245,24.21028286590736,High,0.0066882212938757,0.02328516780667057,0.0169839308650146
00-0033576,Eric Saubert,TE,SEA,2028,34.31485284052019,0.9961095736484928,11.754092969052216,Medium,0.0066882212938757,0.02328516780667057,0.01773221922196824
00-0036429,Charlie Woerner,TE,ATL,2028,30.876112251882272,1.3990539084894786,14.690066039139525,Low,0.0066882212938757,0.02328516780667057,0.01773221922196824
00-0039824,Jared Wiley,TE,KC,2028,27.828884325804243,1.404493579066495,11.23594863253196,Low,0.0066882212938757,0.02328516780667057,0.01773221922196824
00-0034798,Durham Smythe,TE,BAL,2028,33.06365503080082,1.0120044466170075,10.626046689478578,Low,0.0066882212938757,0.02328516780667057,0.01773221922196824
00-0039648,David Martin-Robinson,TE,TEN,2028,28.68309377138946,1.2517049131803668,16.397334362662804,Medium,0.0066882212938757,0.02328516780667057,0.01773221922196824
00-0038710,Blake Whiteheart,TE,CLE,2028,28.444900752908968,1.2320256256047473,14.537902382136018,Medium,0.0066882212938757,0.02328516780667057,0.01773221922196824
00-0040488,Carter Runyon,TE,LV,2028,27.1088295687885,1.1905718376577583,9.524574701262067,Low,0.0066882212938757,0.02328516780667057,0.0189644209553846
00-0031484,Chris Manhertz,TE,NYG,2028,36.392881587953454,0.6495083028894408,5.5532959897047185,Low,0.0066882212938757,0.02328516780667057,0.01773221922196824
00-0038564,Cameron Latu,TE,NE,2028,28.518822724161534,1.1839358775978086,14.740001676092715,Medium,0.0066882212938757,0.02328516780667057,0.01773221922196824
00-0040215,Gavin Bartholomew,TE,MIN,2028,25.34017796030116,1.2063293844605742,16.88861138244804,Low,0.0066882212938757,0.02328516780667057,0.0189644209553846
00-0040225,Thomas Fidone II,TE,NYG,2028,25.94798083504449,1.2063293844605742,9.650635075684594,Low,0.0066882212938757,0.02328516780667057,0.0189644209553846
00-0040509,Ben Yurosek,TE,MIN,2028,26.459958932238195,1.118684079252324,11.019038180635391,Low,0.0066882212938757,0.02328516780667057,0.0189644209553846
00-0039814,Erick All,TE,CIN,2028,27.965776865160848,1.1082352666793178,15.51529373351045,Low,0.0066882212938757,0.02328516780667057,0.01773221922196824
00-0040240,Caleb Lohner,TE,DEN,2028,26.917180013689254,1.1029468244865557,15.44125554281178,Low,0.0066882212938757,0.02328516780667057,0.0189644209553846
00-0036556,Brevin Jordan,TE,HOU,2028,28.127310061601644,1.0794579773341573,15.112411682678202,Low,0.0066882212938757,0.02328516780667057,0.01773221922196824
00-0037078,Cole Turner,TE,MIA,2028,28.46132785763176,1.0584037671676405,14.817652740346967,Low,0.0066882212938757,0.02328516780667057,0.01773221922196824
00-0040390,Jackson Meeks,TE,DET,2028,25.44147843942505,1.0832548068254335,15.16556729555607,Low,0.0066882212938757,0.02328516780667057,0.0189644209553846
00-0040081,Jake Briningstool,TE,KC,2028,25.72895277207392,1.0811654687747076,15.136316562845908,Low,0.0066882212938757,0.02328516780667057,0.0189644209553846
00-0040504,Bryson Nesbit,TE,MIN,2028,25.93429158110883,1.0811654687747076,15.136316562845908,Low,0.0066882212938757,0.02328516780667057,0.0189644209553846
00-0039686,Colson Yankoff,TE,WAS,2028,28.50239561943874,1.0330143761154091,12.861028982636842,Medium,0.0066882212938757,0.02328516780667057,0.01773221922196824
00-0037311,Ko Kieft,TE,TB,2028,30.61327857631759,0.991063154053885,7.92850523243108,Low,0.0066882212938757,0.02328516780667057,0.01773221922196824
00-0040598,Mark Redman,TE,GB,2028,26.61327857631759,0.9869256293917504,13.816958811484506,Low,0.0066882212938757,0.02328516780667057,0.0189644209553846
00-0037031,Nikola Kalinic,TE,CHI,2028,31.609856262833677,0.866143920415182,6.929151363321456,Low,0.0066882212938757,0.02328516780667057,0.01773221922196824
00-0038498,E.J. Jenkins,TE,PHI,2028,29.82751540041068,0.9502687602752556,7.602150082202045,Low,0.0066882212938757,0.02328516780667057,0.01773221922196824
00-0038145,Thomas Odukoya,TE,KC,2028,31.32511978097194,0.8536806314642705,11.951528840499787,Low,0.0066882212938757,0.02328516780667057,0.01773221922196824
00-0038735,Princeton Fant,TE,DAL,2028,29.477070499657767,0.9290879255117968,7.432703404094374,Low,0.0066882212938757,0.02328516780667057,0.01773221922196824
00-0039263,McCallan Castles,TE,GB,2028,28.746064339493497,0.9290879255117968,13.007230957165154,Low,0.0066882212938757,0.02328516780667057,0.01773221922196824
00-0039936,Thomas Yassmin,TE,GB,2028,28.863791923340177,0.9290879255117968,13.007230957165154,Low,0.0066882212938757,0.02328516780667057,0.01773221922196824
00-0040058,Nick Kallerup,TE,SEA,2028,27.43189596167009,0.9000782560991933,7.695669089648102,Low,0.0066882212938757,0.02328516780667057,0.01773221922196824
00-0036825,Feleipe Franks,TE,CAR,2028,30.692676249144423,0.8680428310710863,10.807133246835024,Medium,0.0066882212938757,0.02328516780667057,0.01773221922196824
00-0039075,Puka Nacua,WR,LA,2028,27.259411362080765,14.539056789751507,237.71357851243715,High,0.8224034779177342,0.9349944451027792,0.10643130155166285
00-0036900,Ja'Marr Chase,WR,CIN,2028,28.50239561943874,14.026907688091459,229.3399407002954,High,0.7203704783552609,0.8281449303475483,0.07011809502464342
00-0038543,Jaxon Smith-Njigba,WR,SEA,2028,26.54483230663929,13.29707385253668,226.05025549312356,High,0.7534942022914112,0.8008226161770149,0.0798715645954408
00-0036963,Amon-Ra St. Brown,WR,DET,2028,28.855578370978783,12.450379087556213,211.6564444884556,High,0.6525828325661439,0.8419199309813561,0.03750581188103934
00-0036322,Justin Jefferson,WR,MIN,2028,29.21149897330595,10.74447744117121,182.65611649991055,High,0.2968122208754631,0.6267104023379949,0.22646052435823127
00-0036410,Tee Higgins,WR,CIN,2028,29.61943874058864,10.176836929234092,159.77633978897524,High,0.32003919965171657,0.6691739954275361,0.02769118132140576
00-0037238,Drake London,WR,ATL,2028,27.10609171800137,11.579057196313338,159.21203644930839,Medium,0.3562683568417204,0.6243438010754453,0.06447220953330665
00-0036358,CeeDee Lamb,WR,DAL,2028,29.40041067761807,10.3484745707871,149.01803381933425,Medium,0.4578810181219962,0.8412370031709686,0.13419575041705337
00-0031381,Davante Adams,WR,LA,2028,35.686516084873375,4.6918623541924624,70.61252843059657,High,0.2341549144826781,0.49577912686247105,0.06931475300055653
00-0036554,Nico Collins,WR,HOU,2028,29.45516769336071,9.94679986153173,156.16475782604815,High,0.3611871893177159,0.7514967273498213,0.07493934606898876
00-0039337,Malik Nabers,WR,NYG,2028,25.096509240246405,11.052581217707598,94.49956941139995,Low,0.24616292519599264,0.632980221857553,0.10831139501457202
00-0035676,A.J. Brown,WR,NE,2028,31.17180013689254,7.872809528089084,123.60310959099861,High,0.4037885615752464,0.6706670666100123,0.02836617251172512
00-0037247,George Pickens,WR,DAL,2028,27.49486652977413,10.712307094479756,182.10922060615587,High,0.3363764316213861,0.6607733020683991,0.08434752680134266
00-0037239,Chris Olave,WR,NO,2028,28.17932922655715,10.44766847873842,170.81937962737317,High,0.28313590885551815,0.6071756523148876,0.05193382386646539
00-0039067,Rashee Rice,WR,KC,2028,28.360027378507873,10.238764417257956,114.16222325242622,Medium,0.4405941008188253,0.7190561266061534,0.0859057875935818
00-0039064,Zay Flowers,WR,BAL,2028,27.971252566735114,10.419593286586563,177.1330858719716,High,0.237902648555077,0.747103967541587,0.04184386310098842
00-0037240,Jameson Williams,WR,DET,2028,27.43463381245722,10.322853351193856,175.48850697029556,High,0.0930874243313735,0.6645515069780689,0.1294632959069212
00-0040129,Emeka Egbuka,WR,TB,2028,25.88227241615332,9.980801892223877,169.6736321678059,High,0.07426460677645685,0.5450132069948004,0.187018654381488
00-0039893,Brian Thomas Jr.,WR,JAX,2028,25.89869952087611,9.944730396954888,149.66819247417106,High,0.1015716923793112,0.5136890557641072,0.2612995833581429
00-0038117,Wan'Dale Robinson,WR,TEN,2028,27.65366187542779,9.898665244705684,161.84317675093794,High,0.1571264626352161,0.5033774096239327,0.16430573563146816
00-0040124,Tetairoa McMillan,WR,CAR,2028,25.408624229979463,9.892045540367336,168.16477418624473,High,0.07728759968704439,0.460636393287192,0.08462309149511879
00-0038544,Quentin Johnston,WR,LAC,2028,26.985626283367555,9.70749036804858,139.78786129989956,Medium,0.18442336734683148,0.6355079387756286,0.08460152089160147
00-0034348,Courtland Sutton,WR,DEN,2028,32.893908281998634,5.6127067832104185,95.41601531457711,High,0.1245943052617096,0.5128657663292383,0.04715759250080922
00-0039915,Ladd McConkey,WR,LAC,2028,26.804928131416837,9.481357892133213,155.02020153637804,High,0.04099879880069505,0.4425782163569913,0.13958514791744267
00-0037664,Alec Pierce,WR,IND,2028,28.33264887063655,9.166859833782688,143.9196993903882,High,0.06771282959059725,0.3436313941386807,0.1312180400518086
00-0035640,DK Metcalf,WR,PIT,2028,30.71457905544148,7.089447155370701,111.30432033932,High,0.0912331381353604,0.6730309321536126,0.03520386927362763
00-0036912,DeVonta Smith,WR,PHI,2028,29.797399041752225,7.851020510575766,133.46734867978802,High,0.06563601820540828,0.2956952441205029,0.06049387996327051
00-0035659,Terry McLaurin,WR,WAS,2028,32.96235455167694,5.268488096180821,65.59267679745122,Medium,0.15159513402474642,0.3674535834873297,0.03350840721787543
00-0036613,Jaylen Waddle,WR,DEN,2028,29.76728268309377,7.717141344450619,126.17526098176764,High,0.04836809823088802,0.29337628618452,0.02810863016413853
00-0037740,Garrett Wilson,WR,NYJ,2028,28.11088295687885,8.624658520309312,90.55891446324777,Low,0.17511408646661417,0.44318486918884664,0.09711159033207468
00-0041438,Carnell Tate,WR,TEN,2028,23.61533196440794,9.098823530434231,136.48235295651347,Rookie-Medium,0.0621724182745371,0.23305325414693903,0.20061129095955132
00-0038124,Christian Watson,WR,GB,2028,29.307323750855577,7.720642204329895,96.12199544390718,Medium,0.09127264204882148,0.29860795976475174,0.08196110591235191
00-0038559,Michael Wilson,WR,ARI,2028,28.521560574948666,8.179896899903436,139.05824729835842,High,0.08965559005966021,0.350225829362457,0.07953731531671092
00-0041029,Jordyn Tyson,WR,NO,2028,24.05338809034908,8.647732137202158,129.71598205803238,Rookie-Medium,0.0621724182745371,0.23305325414693903,0.16970498929629352
00-0036259,Jauan Jennings,WR,MIN,2028,31.144421629021217,6.076216012154056,95.39659139081867,High,0.08054454102566758,0.3872455816834068,0.0374215147970553
00-0038994,Jordan Addison,WR,MIN,2028,26.594113620807665,8.41620867380963,126.66394054083493,High,0.1001095459187864,0.3457257374476817,0.16715258417660792
00-0039919,Rome Odunze,WR,CHI,2028,26.246406570841888,8.359550168376375,114.94381481517514,Medium,0.07990301448236192,0.22835887273357944,0.07943073886046213
00-0041511,Omar Cooper Jr.,WR,NYJ,2028,24.715947980835043,8.527272050919592,127.90908076379388,Rookie-Medium,0.03429867257819892,0.19900272979163416,0.1565319427910622
00-0036252,Michael Pittman,WR,PIT,2028,30.90622861054073,6.139897071360634,104.37825021313078,High,0.02986862571498036,0.3193852674135192,0.04794990053567647
00-0031588,Stefon Diggs,WR,WAS,2028,34.75564681724846,3.7632922272951546,63.975967864017626,High,0.12843505498933488,0.37798143741083984,0.07580674473572693
00-0034960,Jakobi Meyers,WR,JAX,2028,31.809719370294317,5.3854235566184885,88.0516751507123,High,0.10198875731875764,0.3763313413340989,0.10388280471114436
00-0031408,Mike Evans,WR,SF,2028,35.02943189596167,3.6090115811648693,40.240479129988294,Medium,0.06386950888324595,0.21332522802624576,0.06892189905862425
00-0040867,Makai Lemon,WR,PHI,2028,24.247775496235455,8.179316244234185,122.68974366351277,Rookie-Medium,0.03173360999749166,0.1567915947910262,0.1379512241046126
00-0041547,KC Concepcion,WR,CLE,2028,23.93566050650239,8.366040110316908,125.49060165475362,Rookie-Medium,0.03984218202945458,0.15076868165845683,0.1263285204990158
00-0041035,De'Zhaun Stribling,WR,SF,2028,25.704312114989733,7.894210703738371,118.41316055607557,Rookie-Medium,0.03442609148503509,0.3696364633373261,0.20634696055712656
00-0035719,Deebo Samuel Sr.,WR,SF,2028,32.628336755646814,4.730716059639514,77.34720757510605,High,0.03169902779797374,0.4287744448027455,0.0631113578891654
00-0039849,Marvin Harrison Jr.,WR,ARI,2028,26.057494866529773,7.606373307873864,104.58763298326562,Medium,0.02304952752309493,0.10634200795201908,0.1429423720665037
00-0039868,Troy Franklin,WR,DEN,2028,25.567419575633128,7.460480058794912,126.8281609995135,High,0.02313956534558353,0.3613902930230892,0.16860642277439356
00-0040735,Luther Burden III,WR,CHI,2028,24.72142368240931,7.604686173702255,119.3935729271254,High,0.01678121125007118,0.30307035871118543,0.18532179649372724
00-0030279,Keenan Allen,WR,IND,2028,36.34633812457221,2.74127657425425,46.60170176232225,High,0.03569894149000845,0.3393617985619054,0.03226996556888746
00-0039146,Jayden Reed,WR,GB,2028,28.34360027378508,6.879558461250211,63.291937843501934,Low,0.02773195030635388,0.18606781946655424,0.111505765111715
00-0041037,Denzel Boston,WR,CLE,2028,24.7378507871321,7.148463053674855,107.22694580512282,Rookie-Medium,0.01179894468864918,0.09259939391732594,0.17262651529522072
00-0037816,Romeo Doubs,WR,NE,2028,28.38466803559206,6.7931889254102975,111.06863893045838,High,0.0181294794640756,0.21764837812481155,0.04104196702963132
00-0033921,Chris Godwin Jr.,WR,TB,2028,32.51060917180014,4.227154695064725,49.880425401763766,Medium,0.06922909472597676,0.2054478454985779,0.03935455633730588
00-0039901,Keon Coleman,WR,BUF,2028,25.29363449691992,6.800053203567262,93.50073154904985,Medium,0.00986789249870311,0.13768441784695465,0.09244511626724232
00-0037261,Khalil Shakir,WR,BUF,2028,28.576317590691307,6.516117382273534,106.53851920017229,High,0.00961727258795719,0.3194165996182969,0.08031085958686036
00-0034827,DJ Moore,WR,BUF,2028,31.38261464750171,4.706863127862861,80.01667317366864,High,0.02901866152303144,0.37476435522470414,0.02463705024894858
00-0039916,Ricky Pearsall,WR,SF,2028,27.976728268309376,6.624334727953645,78.16714978985301,Medium,0.04495612115344907,0.2523109834049352,0.15931808630637018
00-0038606,Parker Washington,WR,JAX,2028,26.449007529089663,6.604095785336502,107.9769660902518,High,0.01183824196120591,0.26018573725015914,0.07431074263949983
00-0041489,Germie Bernard,WR,PIT,2028,24.748802190280628,6.66565862123339,99.98487931850084,Rookie-Medium,0.00841799712432292,0.1373882317792402,0.16430328006071662
00-0036407,Jerry Jeudy,WR,CLE,2028,29.356605065023956,5.568424346745999,94.66321389468199,High,0.01275150770041523,0.1688086485717718,0.10698316927561025
00-0040718,Travis Hunter,WR,JAX,2028,25.290896646132783,6.177577591921913,86.48608628690678,Low,0.00920653780899234,0.2659520618213746,0.23353796357483267
00-0038997,Josh Downs,WR,IND,2028,27.05407255304586,6.1484600102944,100.52732116831345,High,0.00841799712432292,0.15243716883330705,0.11103560883226428
00-0040170,Elic Ayomanor,WR,TEN,2028,25.247091033538673,6.143766441744285,100.45058132251907,High,0.00841799712432292,0.1434122184000325,0.12862692396784134
00-0039894,Xavier Worthy,WR,KC,2028,25.34839151266256,6.143081626821381,92.4533784836618,High,0.0135154722719477,0.25752488278500846,0.30170877177065103
00-0039890,Adonai Mitchell,WR,NYJ,2028,25.89869952087611,6.138484981201703,100.36422944264785,High,0.00841799712432292,0.20574335606669863,0.25451419011774146
00-0038563,Tre Tucker,WR,LV,2028,27.4839151266256,6.116729833956939,103.98440717726797,High,0.02142023236794189,0.32644880075346644,0.08943769732810121
00-0040130,Jayden Higgins,WR,HOU,2028,25.71252566735113,6.112663929313877,103.91528679833591,High,0.01372291556452633,0.10128578597317751,0.2002220596397703
00-0037545,Rashid Shaheed,WR,SEA,2028,30.00273785078713,4.956462553553963,84.25986341041737,High,0.00841799712432292,0.23110047784169013,0.16054230464702451
00-0038608,Kayshon Boutte,WR,HOU,2028,26.320328542094455,5.965039217027353,89.77384021626168,High,0.01481834298024132,0.1361492125372188,0.19506465244419993
00-0039855,Jalen McMillan,WR,TB,2028,26.733744010951405,5.70959797438523,48.81706268099371,Low,0.00841799712432292,0.1478814941260829,0.03890149189136097
00-0034837,Calvin Ridley,WR,TEN,2028,33.698836413415464,2.921493696411728,30.675683812323147,Low,0.01170316910436892,0.10851197205692292,0.02547177610692247
00-0039491,Jalen Coker,WR,CAR,2028,26.83778234086242,5.537393732228982,72.53985789219966,Medium,0.00841799712432292,0.03390345575058491,0.09162937674121983
00-0033908,Cooper Kupp,WR,SEA,2028,35.21286789869952,2.3644753864600205,38.65917256862134,High,0.00841799712432292,0.11866322582511796,0.0634309205830751
00-0040134,Pat Bryant,WR,DEN,2028,25.72621492128679,5.396463142447545,77.70906925124466,Medium,0.00841799712432292,0.0282850905378907,0.15996187388283442
00-0038393,Dontayvion Wicks,WR,PHI,2028,27.21013004791239,5.2683406984483385,75.86410605765607,Medium,0.00841799712432292,0.02429227950500554,0.08879867281551493
00-0040237,Tez Johnson,WR,TB,2028,26.290212183436,5.265400642436032,82.6667900862457,High,0.00841799712432292,0.02429227950500554,0.10603178999299788
00-0040648,Tory Horton,WR,SEA,2028,25.756331279945243,5.170221206293937,57.6479664501774,Medium,0.00841799712432292,0.02885953863054032,0.07613952975871399
00-0040705,Chimere Dike,WR,TEN,2028,26.71457905544148,5.086368062735555,86.46825706650444,High,0.00841799712432292,0.02429227950500554,0.10507315619832051
00-0038104,Tyquan Thornton,WR,KC,2028,28.067077344284737,4.980722489352793,68.4849342286009,Medium,0.00841799712432292,0.05332561984736656,0.15422780156031962
00-0040667,Matthew Golden,WR,GB,2028,25.085557837097877,4.956417180242753,74.59407856265344,High,0.0111537297382739,0.1514955954295678,0.13201150629229794
00-0035662,Marquise Brown,WR,PHI,2028,31.242984257357975,3.4487345172382526,56.38680935684543,High,0.00981248957693295,0.11248765356627564,0.02507180775738181
00-0038621,DeMario Douglas,WR,NE,2028,27.730321697467488,4.756291489460857,77.76536585268502,High,0.00841799712432292,0.02429227950500554,0.07732820715525711
00-0039342,Xavier Legette,WR,CAR,2028,27.587953456536617,4.740618122296925,74.42770452006172,High,0.01239642627533662,0.14167291255750958,0.16472915253849268
00-0036309,Darnell Mooney,WR,NYG,2028,30.840520191649556,3.541655628996427,55.6039933752439,High,0.00841799712432292,0.09093455480749162,0.14815474009179697
00-0037837,Calvin Austin III,WR,NYG,2028,29.44147843942505,4.192102532591765,63.091143115506064,High,0.00841799712432292,0.02429227950500554,0.08018721925681373
00-0038976,Marvin Mims Jr.,WR,DEN,2028,26.45448323066393,4.643179845032319,72.8979235670074,High,0.00841799712432292,0.0276158418743433,0.2101698037126616
00-0038679,Tyrell Shavers,WR,BUF,2028,29.039014373716633,4.33133117166141,56.74043834876447,Medium,0.00841799712432292,0.0666020393125863,0.03022664077668603
00-0037291,Jalen Nailor,WR,LV,2028,29.50171115674196,4.07073524898585,69.20249923275945,High,0.00841799712432292,0.02429227950500554,0.03905574455079965
00-0038619,Andrei Iosivas,WR,CIN,2028,28.88021902806297,4.3116703766460605,67.69322491334314,High,0.00841799712432292,0.02429227950500554,0.04096388792718797
00-0038618,Xavier Hutchinson,WR,HOU,2028,28.250513347022583,4.411957677265861,72.13550802329684,High,0.00841799712432292,0.02429227950500554,0.0415604458647379
00-0039424,Devaughn Vele,WR,NO,2028,30.720054757015745,3.3826028778009687,39.914713958051436,Medium,0.00841799712432292,0.02429227950500554,0.08524203397224013
00-0033555,Mack Hollins,WR,NE,2028,34.95824777549623,1.9497207105952352,29.343296694458292,High,0.00841799712432292,0.08965471666958123,0.09087295515459606
00-0040782,Isaiah Bond,WR,CLE,2028,24.46406570841889,4.3870481448952425,68.8766558748553,High,0.00841799712432292,0.02429227950500554,0.1267686089812809
00-0040729,Jack Bech,WR,LV,2028,25.704312114989733,4.263729484554229,64.16912874254115,High,0.00841799712432292,0.03161879097000354,0.07098906869860931
00-0039410,Ryan Flournoy,WR,DAL,2028,28.847364818617383,3.962860359416713,62.216907642842386,High,0.00841799712432292,0.02429227950500554,0.05012603124864257
00-0037614,John Metchie III,WR,CAR,2028,28.12183436002738,4.113842025380785,59.2393251654833,Medium,0.00841799712432292,0.04379276140837356,0.12356571152477558
00-0035208,Olamide Zaccheaus,WR,ATL,2028,31.1088295687885,2.9645729160244096,44.616822386167364,High,0.00841799712432292,0.02429227950500554,0.18601598379664025
00-0040727,Tre Harris,WR,LAC,2028,26.50650239561944,4.082622921502519,66.7508847665662,High,0.00841799712432292,0.03673320801347403,0.15362788449425482
00-0040131,Kyle Williams,WR,NE,2028,25.800136892539356,4.079212487550568,61.392147937636054,High,0.00841799712432292,0.02813303911767363,0.09062298923960724
00-0035535,Darius Slayton,WR,NYG,2028,31.634496919917865,2.7629376195921407,41.58221117486172,High,0.00841799712432292,0.02623462115903429,0.08334668051756143
00-0040669,Isaac TeSlaa,WR,DET,2028,26.528405201916495,4.016927630501751,60.45476083905136,High,0.00841799712432292,0.02411490185716993,0.12006502201997078
00-0032775,Demarcus Robinson,WR,SF,2028,33.94524298425736,2.0287186132771065,30.532215129820454,High,0.00841799712432292,0.02365028586273381,0.04170774420369674
00-0041525,Chris Bell,WR,MIA,2028,24.234086242299796,4.034213354932803,60.51320032399205,Rookie-Medium,0.04841037517634036,0.07276989826087965,0.03183416287353982
00-0041042,Malachi Fields,WR,NYG,2028,25.017111567419576,3.905354838255943,58.58032257383914,Rookie-Medium,0.01071181427010586,0.03790121533831749,0.08493893814732038
00-0041523,Caleb Douglas,WR,MIA,2028,24.978781656399725,4.0029887092123415,60.044830638185125,Rookie-Medium,0.01071181427010586,0.03790121533831749,0.1066219346991038
00-0039880,Malik Washington,WR,MIA,2028,27.86447638603696,3.871270222844066,65.81159378834911,High,0.00841799712432292,0.02365028586273381,0.08419098726193294
00-0034775,Christian Kirk,WR,SF,2028,31.78507871321013,2.572280469969544,33.69687415660103,Medium,0.00841799712432292,0.04172338784500706,0.0311108967576865
00-0040870,Ja'Kobi Lane,WR,BAL,2028,24.072553045859,3.9118369651835625,58.67755447775344,Rookie-Medium,0.00841799712432292,0.03369782056563513,0.0408205144110949
00-0033307,Kendrick Bourne,WR,ARI,2028,33.07734428473648,2.1494028897001876,32.34851348998782,High,0.00841799712432292,0.02623462115903429,0.04194555327371303
00-0041048,Ted Hurst III,WR,TB,2028,24.16563997262149,3.864036071932866,57.96054107899299,Rookie-Medium,0.00841799712432292,0.03369782056563513,0.07925263819814536
00-0036988,Josh Palmer,WR,BUF,2028,28.94318959616701,3.5526020364582287,48.84827800130064,Medium,0.00841799712432292,0.0244189133073239,0.03601384103571837
00-0041044,Zachariah Branch,WR,ATL,2028,24.42573579739904,3.769593237140613,56.543898557109195,Rookie-Medium,0.00841799712432292,0.030392272039686,0.04879609106964356
00-0039355,Luke McCaffrey,WR,WAS,2028,27.415468856947296,3.613016469703456,42.633594342500786,Medium,0.00841799712432292,0.02429227950500554,0.04622809732470938
00-0035406,Lil'Jordan Humphrey,WR,DEN,2028,30.369609856262834,2.8142568585986045,29.549697015285346,Low,0.00841799712432292,0.02429227950500554,0.03001726513753819
00-0036849,Tutu Atwell,WR,LA,2028,28.902121834360027,3.349116426417562,37.34264815455582,Medium,0.00841799712432292,0.0276158418743433,0.0583558701226819
00-0037801,KaVontae Turpin,WR,DAL,2028,32.08076659822039,2.262575368706943,35.522433288699006,High,0.00841799712432292,0.02429227950500554,0.02829438850477124
00-0036626,Dyami Brown,WR,WAS,2028,28.833675564681723,3.3298579388871064,43.62113899942109,Medium,0.00841799712432292,0.02898391119955746,0.16493043837315668
00-0037666,Jalen Tolbert,WR,MIA,2028,29.509924709103355,3.0893348451655043,42.47835412102568,Medium,0.00841799712432292,0.02365028586273381,0.12161111608476376
00-0033375,Tim Patrick,WR,NYJ,2028,34.772073921971256,1.6041102274937684,23.099187275910264,Medium,0.00841799712432292,0.02365028586273381,0.02903977807698396
00-0036550,Rashod Bateman,WR,BAL,2028,28.757015742642025,3.2765141697876956,47.181804044942815,Medium,0.02606637707427452,0.10231826532522814,0.1493894201900083
00-0038977,Tank Dell,WR,HOU,2028,28.84188911704312,3.1838466664778036,44.573853330689246,Low,0.00972087701313018,0.0472926209662367,0.05726659248568474
00-0031235,Odell Beckham Jr.,WR,NYG,2028,35.82067077344285,1.349017223704606,18.886241131864484,Low,0.01536231520548509,0.12668129407808149,0.06769752885424139
00-0041047,Chris Brazzell II,WR,CAR,2028,24.85831622176591,3.4099694282404247,51.14954142360637,Rookie-Medium,0.00841799712432292,0.030392272039686,0.09795817374464204
00-0039739,Roman Wilson,WR,PIT,2028,27.201916495550993,3.273233916538349,38.62416021515252,Medium,0.00841799712432292,0.02377727643978876,0.07885378722422569
00-0032464,Kalif Raymond,WR,CHI,2028,34.06570841889117,1.5517797991988402,24.36294284742179,High,0.00841799712432292,0.02365028586273381,0.02329533707709679
00-0039792,Devontez Walker,WR,BAL,2028,27.201916495550993,3.087367418515473,34.424146716447524,Medium,0.00841799712432292,0.02365028586273381,0.03039857747626876
00-0041040,Antonio Williams,WR,WAS,2028,24.132785763175907,3.15701470334256,47.3552205501384,Rookie-Medium,0.00841799712432292,0.04062927864389099,0.06293134591786467
00-0036980,Elijah Moore,WR,PHI,2028,28.431211498973305,2.9830771971938943,35.20031092688796,Medium,0.02816411291174189,0.09865714619940924,0.1727352033517401
00-0040277,Jahdae Walker,WR,CHI,2028,26.15879534565366,3.038771890355106,29.931903119997795,Low,0.00841799712432292,0.02365028586273381,0.02903977807698396
00-0040138,Jaylin Noel,WR,HOU,2028,25.991786447638603,3.0066658647288778,51.113319700390925,High,0.00841799712432292,0.02377727643978876,0.04890948606568744
00-0037741,Jahan Dotson,WR,ATL,2028,28.444900752908968,2.888604709057972,45.351093932210155,High,0.02606637707427452,0.10231826532522814,0.22393369965719195
00-0035359,David Sills,WR,TB,2028,33.26078028747433,1.6316686744134223,22.435444273184558,Medium,0.00841799712432292,0.02365028586273381,0.03859884225704478
00-0041070,Reggie Virgil,WR,ARI,2028,24.299794661190965,2.920078571098319,43.80117856647479,Rookie-Medium,0.00841799712432292,0.02365028586273381,0.03390254469680583
00-0037524,Tay Martin,WR,DET,2028,30.71457905544148,2.14548775516754,17.16390204134032,Low,0.00841799712432292,0.02365028586273381,0.02560957708790412
00-0037742,Treylon Burks,WR,WAS,2028,28.442162902121833,2.726141845438096,30.396481576634773,Medium,0.01259924767495705,0.08148131918273455,0.11891872858939224
00-0040164,Jaylin Lane,WR,WAS,2028,26.33675564681725,2.713371248613898,42.5999286032382,High,0.00841799712432292,0.02365028586273381,0.0379304657498383
00-0040581,Dont'e Thornton Jr.,WR,LV,2028,25.753593429158112,2.704663040256967,35.43108582736627,Medium,0.00841799712432292,0.02365028586273381,0.04692212231784226
00-0040876,Elijah Sarratt,WR,BAL,2028,25.263518138261464,2.702088205353586,40.53132308030379,Rookie-Medium,0.00841799712432292,0.02365028586273381,0.01838048484786746
00-0041069,Colbie Young,WR,CIN,2028,26.10677618069815,2.702088205353586,40.53132308030379,Rookie-Medium,0.00841799712432292,0.02365028586273381,0.01838048484786746
00-0041004,Chase Roberts,WR,LV,2028,2,2.828736093020723,42.43104139531084,Rookie-Medium,0.07134878151248232,0.1371022280641759,0.05934437368086514
00-0041067,Bryce Lance,WR,NO,2028,26.032854209445585,2.6638905538263424,39.95835830739514,Rookie-Medium,0.00841799712432292,0.02365028586273381,0.01838048484786746
00-0038359,Xavier Smith,WR,LA,2028,30.944558521560573,1.958409271572352,32.01999159020796,High,0.00841799712432292,0.02365028586273381,0.03039857747626876
00-0040317,Jacoby Jones,WR,WAS,2028,27.12251882272416,2.6365098141736474,21.09207851338918,Low,0.00841799712432292,0.02429227950500554,0.03039857747626876
00-0038728,Jared Wayne,WR,HOU,2028,27.90006844626968,2.62471114099041,20.99768912792328,Low,0.00841799712432292,0.07536660622222138,0.06877300001993215
00-0034407,Ray-Ray McCloud,WR,CHI,2028,31.87816563997262,1.7253139388702423,16.994342297871885,Low,0.00841799712432292,0.02365028586273381,0.01860357285084174
00-0041446,Kendrick Law,WR,DET,2028,24.217659137577,2.6847589826057288,40.27138473908593,Rookie-Medium,0.00841799712432292,0.02703791078305182,0.06517228531495815
00-0040930,Camden Brown,WR,DAL,2028,24.321697467488026,2.6552481599427726,39.82872239914159,Rookie-Medium,0.00841799712432292,0.02365028586273381,0.0304349016685427
00-0041100,Josh Cameron,WR,JAX,2028,25.457905544147845,2.5826656029003705,38.73998404350556,Rookie-Medium,0.00841799712432292,0.02365028586273381,0.01838048484786746
00-0040590,Konata Mumpfield,WR,LA,2028,25.854893908282,2.560198335222291,31.874469273517523,Medium,0.00841799712432292,0.02365028586273381,0.01838048484786746
00-0039062,Jonathan Mingo,WR,DAL,2028,27.366187542778917,2.5583983370031698,23.53726470042916,Low,0.00841799712432292,0.04390561268659108,0.09480670067435364
00-0039751,Jordan Whittington,WR,LA,2028,27.916495550992472,2.556910974817815,40.143502304639696,High,0.00841799712432292,0.02365028586273381,0.01838048484786746
00-0041051,Zavion Thomas,WR,CHI,2028,24.546201232032853,2.6204123115618825,39.306184673428234,Rookie-Medium,0.00841799712432292,0.02365028586273381,0.03183416287353982
00-0037091,Bo Melton,WR,GB,2028,29.290896646132783,2.279697988014531,32.82765102740925,Medium,0.00841799712432292,0.02365028586273381,0.01818415184632818
00-0041374,Sincere Brown,WR,LAC,2028,2,2.5413382486368756,38.120073729553134,Rookie-Medium,0.07134878151248232,0.1371022280641759,0.05934437368086514
00-0040948,J. Michael Sturdivant,WR,GB,2028,25.98631074606434,2.4112048815214733,36.1680732228221,Rookie-Medium,0.00841799712432292,0.02365028586273381,0.01838048484786746
00-0040953,Jeff Caldwell,WR,KC,2028,25.50171115674196,2.4112048815214733,36.1680732228221,Rookie-Medium,0.00841799712432292,0.02365028586273381,0.01838048484786746
00-0041451,Brock Rechsteiner,WR,NO,2028,26.030116358658457,2.4112048815214733,36.1680732228221,Rookie-Medium,0.00841799712432292,0.02365028586273381,0.01838048484786746
00-0040894,Malik Benson,WR,LV,2028,25.874058863791923,2.3733565114110062,35.600347671165096,Rookie-Medium,0.00841799712432292,0.02365028586273381,0.01838048484786746
00-0041399,CJ Daniels,WR,LA,2028,26.657084188911703,2.3698197629480644,35.54729644422097,Rookie-Medium,0.00841799712432292,0.02365028586273381,0.01838048484786746
00-0040172,Jordan Watkins,WR,SF,2028,26.542094455852155,2.353551813571978,18.828414508575825,Low,0.00841799712432292,0.02365028586273381,0.01838048484786746
00-0032951,Laquon Treadwell,WR,IND,2028,33.21697467488022,1.29889368305459,12.794102778087712,Low,0.01044948131795593,0.06498581558261816,0.03683713119128893
00-0041106,C.J. Williams,WR,JAX,2028,25.857631759069132,2.3144939728317615,34.71740959247642,Rookie-Medium,0.00841799712432292,0.02365028586273381,0.01838048484786746
00-0041550,Brenen Thompson,WR,LAC,2028,25.1047227926078,2.3044511048310747,34.56676657246612,Rookie-Medium,0.00841799712432292,0.02365028586273381,0.02354417419680337
00-0039451,Isaiah Williams,WR,NYJ,2028,27.587953456536617,2.2570318839203796,35.435400577549956,High,0.00841799712432292,0.02365028586273381,0.01838048484786746
00-0040009,Savion Williams,WR,GB,2028,26.774811772758383,2.2300578778378544,30.6632958202705,Medium,0.00841799712432292,0.02365028586273381,0.05002246808214913
00-0041443,Skyler Bell,WR,BUF,2028,26.15879534565366,2.2256702576106777,33.38505386416016,Rookie-Medium,0.00841799712432292,0.02365028586273381,0.01838048484786746
00-0039379,Jamari Thrash,WR,CLE,2028,27.700205338809035,2.137427333047607,23.83231476348082,Medium,0.00841799712432292,0.02365028586273381,0.01838048484786746
00-0039920,Malachi Corley,WR,CLE,2028,26.449007529089663,2.132175054048064,29.31740699316088,Medium,0.00841799712432292,0.03161879097000354,0.11316125375603672
00-0038824,Ryan Miller,WR,MIA,2028,28.529774127310063,2.0399155579413013,24.071003583707355,Medium,0.00841799712432292,0.02365028586273381,0.01838048484786746
00-0038640,Jalen Brooks,WR,ARI,2028,28.31895961670089,2.060330660226824,18.955042074086776,Low,0.00841799712432292,0.02365028586273381,0.01838048484786746
00-0040184,KeAndre Lambert-Smith,WR,LAC,2028,26.876112251882272,2.085599699501802,25.965716258797432,Medium,0.00841799712432292,0.02365028586273381,0.01838048484786746
00-0040432,Beaux Collins,WR,ATL,2028,25.709787816564,2.0673682986046553,17.6759989530698,Low,0.00841799712432292,0.02365028586273381,0.01838048484786746
00-0041005,Corey Rucker,WR,LV,2028,26.229979466119097,2.0513303183598475,30.76995477539771,Rookie-Medium,0.00841799712432292,0.02365028586273381,0.01838048484786746
00-0040218,Jimmy Horn Jr.,WR,CAR,2028,25.969883641341543,1.997514607571548,24.869056864265772,Medium,0.00841799712432292,0.02365028586273381,0.01838048484786746
00-0035021,Ashton Dulin,WR,IND,2028,31.297741273100616,1.4005410258435755,19.257439105349164,Medium,0.00841799712432292,0.02365028586273381,0.01860357285084174
00-0038090,Skyy Moore,WR,GB,2028,27.973990417522245,1.9730928378586925,33.542578243597774,High,0.00841799712432292,0.03673320801347403,0.09248673802072808
00-0036646,Simi Fehoko,WR,ARI,2028,30.82135523613963,1.4724008502936368,15.460208928083187,Low,0.00841799712432292,0.02365028586273381,0.01838048484786746
00-0041099,Barion Brown,WR,NO,2028,24.72142368240931,2.002373970346324,30.035609555194863,Rookie-Medium,0.00841799712432292,0.02365028586273381,0.01838048484786746
00-0040024,Darius Cooper,WR,PHI,2028,26.774811772758383,1.931574572001766,19.026009534217394,Low,0.00841799712432292,0.02365028586273381,0.02329533707709679
00-0041397,Kaden Wetjen,WR,PIT,2028,26.48186173853525,1.924826810745039,28.872402161175586,Rookie-Medium,0.00841799712432292,0.02365028586273381,0.01838048484786746
00-0039623,Mason Tipton,WR,NO,2028,27.927446954141,1.922323309324478,21.43390489896793,Medium,0.00841799712432292,0.02365028586273381,0.01838048484786746
00-0040154,Tai Felton,WR,MIN,2028,25.46611909650924,1.88977315099824,25.984380826225802,Medium,0.00841799712432292,0.02365028586273381,0.02562501539909508
00-0041529,Kevin Coleman Jr.,WR,MIA,2028,24.97604380561259,1.895844953048233,28.437674295723497,Rookie-Medium,0.00841799712432292,0.02365028586273381,0.01838048484786746
00-0039236,Johnny Wilson,WR,PHI,2028,27.412731006160165,1.8362962115135124,25.708146961189172,Low,0.00841799712432292,0.02365028586273381,0.01838048484786746
00-0038590,Justin Shorter,WR,LV,2028,28.373716632443532,1.7724868673122998,14.179894938498398,Low,0.00841799712432292,0.02365028586273381,0.01838048484786746
00-0040785,Dohnte Meyers,WR,CIN,2028,28.154688569472963,1.796355028962536,26.94532543443804,Rookie-Medium,0.00841799712432292,0.02365028586273381,0.01838048484786746
00-0036862,Ben Skowronek,WR,PIT,2028,31.180013689253936,1.2963448563108355,21.19523840068216,High,0.00841799712432292,0.02365028586273381,0.02598171474309159
00-0037093,Dareke Young,WR,LV,2028,29.24435318275154,1.6414483910588153,18.302149560305793,Medium,0.00841799712432292,0.02365028586273381,0.02598171474309159
00-0038840,Brycen Tremayne,WR,CAR,2028,28.78713210130048,1.7107460090398112,26.858712341925035,High,0.00841799712432292,0.02365028586273381,0.01838048484786746
00-0039626,Cole Burgess,WR,PIT,2028,28.55441478439425,1.7342321422964633,24.279249992150486,Low,0.00841799712432292,0.02365028586273381,0.01838048484786746
00-0040646,Jalen Royals,WR,KC,2028,25.534565366187543,1.7708629676851997,14.166903741481597,Low,0.00841799712432292,0.02365028586273381,0.01838048484786746
00-0040120,Jimmy Holiday,WR,KC,2028,26.709103353867217,1.7640178030617482,24.696249242864475,Low,0.00841799712432292,0.02365028586273381,0.01838048484786746
00-0040629,Dalevon Campbell,WR,LAC,2028,26.739219712525667,1.7640178030617482,14.112142424493985,Low,0.00841799712432292,0.02365028586273381,0.01838048484786746
00-0035645,Gunner Olszewski,WR,NYG,2028,31.763175906913073,1.169786177922213,19.126004009028183,High,0.00841799712432292,0.02365028586273381,0.02598171474309159
00-0036630,Tylan Wallace,WR,CLE,2028,29.30458590006845,1.5706285505682727,20.575234012444373,Medium,0.00841799712432292,0.02365028586273381,0.01838048484786746
00-0035045,D.J. Montgomery,WR,IND,2028,31.78781656399726,1.1407155718277069,15.970018005587896,Low,0.00841799712432292,0.02365028586273381,0.01838048484786746
00-0039710,Jeshaun Jones,WR,MIN,2028,28.694045174537987,1.638439830668564,13.107518645348511,Low,0.00841799712432292,0.02365028586273381,0.01838048484786746
00-0040582,Arian Smith,WR,NYJ,2028,26.889801505817932,1.6862466910203753,24.281952350693405,Medium,0.00841799712432292,0.02365028586273381,0.02023673003675561
00-0037156,Irvin Charles,WR,SEA,2028,31.38535249828884,1.1774590553638717,16.484426775094203,Low,0.00841799712432292,0.02365028586273381,0.01838048484786746
00-0040890,Cyrus Allen,WR,KC,2028,25.55373032169747,1.6635625604777866,24.9534384071668,Rookie-Medium,0.00841799712432292,0.02365028586273381,0.01838048484786746
00-0036463,Chris Blair,WR,ATL,2028,30.903490759753595,1.2272973416467172,9.818378733173738,Low,0.00841799712432292,0.02365028586273381,0.01838048484786746
00-0041132,Deion Burks,WR,IND,2028,25.64681724845996,1.6179504987465572,24.26925748119836,Rookie-Medium,0.00841799712432292,0.02365028586273381,0.01838048484786746
00-0040563,Efton Chism III,WR,NE,2028,26.84873374401095,1.5644181949558087,17.443262873757266,Medium,0.00841799712432292,0.02365028586273381,0.02598171474309159
00-0040570,Jeremiah Webb,WR,NE,2028,27.29226557152635,1.5065064830890913,21.09109076324728,Low,0.00841799712432292,0.02365028586273381,0.01838048484786746
00-0040498,Dontae Fleming,WR,MIN,2028,26.758384668035593,1.4996011069748438,20.994415497647815,Low,0.00841799712432292,0.02365028586273381,0.01838048484786746
00-0038752,Jake Bobo,WR,SEA,2028,30.076659822039694,1.2198577040731238,11.222690877472738,Low,0.00841799712432292,0.02365028586273381,0.01838048484786746
00-0036331,Devin Duvernay,WR,ARI,2028,30.969199178644764,1.0613081741737538,18.042238960953814,High,0.00841799712432292,0.02365028586273381,0.01908358263361093
00-0040621,Montorie Foster Jr,WR,SEA,2028,27.078713210130047,1.4220841381036782,19.909177933451495,Low,0.00841799712432292,0.02365028586273381,0.01838048484786746
00-0040352,Coleman Owen,WR,IND,2028,27.44284736481862,1.4220841381036782,11.376673104829425,Low,0.00841799712432292,0.02365028586273381,0.01838048484786746
00-0038573,Derius Davis,WR,LAC,2028,27.971252566735114,1.3456278408664977,17.627724715351118,Medium,0.00841799712432292,0.02365028586273381,0.01860357285084174
00-0039589,Kameron Johnson,WR,TB,2028,26.459958932238195,1.2896215104175843,21.923565677098935,High,0.00841799712432292,0.02365028586273381,0.01860357285084174
00-0039365,Jacob Cowing,WR,SF,2028,27.571526351813823,1.2478406916653173,17.469769683314443,Low,0.00841799712432292,0.02365028586273381,0.01838048484786746
00-0040075,LaJohntay Wester,WR,BAL,2028,26.42710472279261,1.2478406916653173,18.780002409563025,High,0.00841799712432292,0.02365028586273381,0.01838048484786746
00-0038519,Nikko Remigio,WR,KC,2028,28.82546201232033,1.155972204091933,17.39738167158359,High,0.00841799712432292,0.02365028586273381,0.02598171474309159
00-0040506,Myles Price,WR,MIN,2028,26.709103353867217,1.211351042280334,19.805589541283464,High,0.00841799712432292,0.02365028586273381,0.01838048484786746
00-0040534,Ke'Shawn Williams,WR,CIN,2028,26.67898699520876,1.2104786891340156,15.857270827655604,Medium,0.00841799712432292,0.02365028586273381,0.01838048484786746
00-0034857,Josh Allen,QB,BUF,2029,33.28062970568104,18.934511324100168,309.5792601490378,Low,0.27089711830058477,0.40127465226773473,0.11458604796929224
00-0036389,Jalen Hurts,QB,PHI,2029,31.0684462696783,18.595960036247902,304.04394659265324,Low,0.2517616134269801,0.5085109587813379,0.123761877174656
00-0039851,Drake Maye,QB,NE,2029,27.005475701574262,18.70953465754095,318.0620891781961,Low,0.15408670431196583,0.3081918584035911,0.11987987730272578
00-0036971,Trevor Lawrence,QB,JAX,2029,29.90485968514716,17.254152942479895,293.3206000221582,Low,0.19346833592303153,0.2909220457671949,0.20456624617074565
00-0033873,Patrick Mahomes,QB,KC,2029,33.95687885010267,16.501515936088502,248.34781483813197,Low,0.2314784152188308,0.5515532678282711,0.12996703097519707
00-0034796,Lamar Jackson,QB,BAL,2029,32.648186173853524,16.9743460530391,244.43058316376303,Low,0.1615307702221381,0.3900163875007359,0.2251810855882833
00-0039918,Caleb Williams,QB,CHI,2029,27.78576317590691,17.42731230644253,296.26430920952305,Low,0.12400629454062384,0.3125858488695742,0.16410826187166494
00-0039732,Bo Nix,QB,DEN,2029,29.5160848733744,16.63299271230223,282.7608761091379,Low,0.2185259652053431,0.5754932944590282,0.1144498751016364
00-0036355,Justin Herbert,QB,LAC,2029,31.479123887748116,16.334585285451084,267.07046941712525,Low,0.30371694594695015,0.5095081871395232,0.24309808343816727
00-0037834,Brock Purdy,QB,SF,2029,29.680355920602327,16.47600516772755,194.4168609791851,Low,0.0970784225651303,0.3343886666773152,0.17746928239340692
00-0040691,Jaxson Dart,QB,NYG,2029,26.30458590006845,16.754388445938897,252.15354611138042,Low,0.1675636851651165,0.4037088985073664,0.23450401641481808
00-0039910,Jayden Daniels,QB,WAS,2029,28.70294318959617,16.432088298122217,172.5369271302833,Low,0.2609329400417436,0.4312905934757407,0.2650736314811217
00-0033077,Dak Prescott,QB,DAL,2029,36.09240246406571,12.879695663228816,218.95482627488985,Low,0.16136508924315782,0.4671774226533637,0.09576062450232375
00-0026498,Matthew Stafford,QB,LA,2029,41.56536618754278,7.174372972674647,121.96434053546899,Low,0.10257667709618624,0.27406636012643026,0.12033892083407338
00-0036442,Joe Burrow,QB,CIN,2029,32.72484599589322,16.040696342703026,178.85376422113873,Low,0.1083089350042634,0.43090628535391473,0.19699261924523292
00-0033106,Jared Goff,QB,DET,2029,34.88227241615332,14.13744792793221,240.33661477484756,Low,0.0982311846446125,0.3050560599054735,0.16701132461408258
00-0034855,Baker Mayfield,QB,TB,2029,34.383983572895275,14.488629685322953,246.30670465049022,Low,0.11171593703158876,0.3135136495876387,0.20424628183754567
00-0041562,Fernando Mendoza,QB,LV,2029,25.91854893908282,15.481608019359037,232.22412029038554,Rookie-Low,0.11774289891275308,0.24926864192097695,0.15138344724286296
00-0035710,Daniel Jones,QB,IND,2029,32.26488706365503,15.02228381342938,216.32088691338308,Low,0.09789748793120367,0.2365660266679155,0.1565229681077113
00-0034869,Sam Darnold,QB,SEA,2029,32.24024640657085,14.371899861507275,244.32229764562368,Low,0.06431076915281739,0.18357027275213408,0.21996791479963929
00-0036264,Jordan Love,QB,GB,2029,30.83025325119781,14.312297924720816,224.7030774181168,Low,0.06160021304499454,0.1474435714456381,0.11588722875731594
00-0039923,J.J. McCarthy,QB,MIN,2029,26.613963039014372,14.6432874345282,182.30892855987608,Low,0.05488721221494915,0.18829655548944668,0.22670176818900753
00-0039150,Bryce Young,QB,CAR,2029,28.10335386721424,13.956270033530961,228.18501504823124,Low,0.05131947335894568,0.15968818594551193,0.28013564891560533
00-0039163,C.J. Stroud,QB,HOU,2029,27.91170431211499,14.010150038438084,210.85275807849317,Low,0.07604722084256003,0.20048351113759655,0.17506944376739614
00-0035228,Kyler Murray,QB,MIN,2029,32.06776180698152,13.22483678918966,121.66849846054485,Low,0.1340487070887558,0.371583039352884,0.15357504852308854
00-0036212,Tua Tagovailoa,QB,ATL,2029,31.501026694045173,13.222361937592751,198.99654716077092,Low,0.0268132671966561,0.14546030017163533,0.21158442965186725
00-0040676,Cam Ward,QB,TEN,2029,27.27104722792608,13.581755865441814,230.88984971251082,Low,0.0960176686566084,0.22313080382985487,0.294444438301802
00-0032268,Marcus Mariota,QB,WAS,2029,35.837782340862425,10.64389147679706,132.51644888612338,Low,0.1397797351319537,0.31921028790128514,0.34600059045280934
00-0036945,Justin Fields,QB,KC,2029,30.49349760438056,12.820039413016492,151.2764650735946,Low,0.1592161965347261,0.34476038354059096,0.25384230646189937
00-0023459,Aaron Rodgers,QB,PIT,2029,45.74880219028063,3.6397504423956577,59.509919733169006,Low,0.05809192578395987,0.11891263640479888,0.27847865742012545
00-0041568,Ty Simpson,QB,LA,2029,26.696098562628336,13.07004543127116,196.0506814690674,Rookie-Low,0.11165946982341138,0.23279341684759192,0.18967340397093413
00-0040743,Tyler Shough,QB,NO,2029,29.926762491444215,12.524805185724595,164.0749479329922,Low,0.02870229426802241,0.09023282536269515,0.2316828998397096
00-0026158,Joe Flacco,QB,CIN,2029,44.62354551676933,3.580817579518134,51.563773145061134,Low,0.04319249784938138,0.1057980598428848,0.18783251112599716
00-0030565,Geno Smith,QB,NYJ,2029,38.893223819301845,6.499032453488248,102.0348095197655,Low,0.03939025164996553,0.09748234360317516,0.18632351171023237
00-0033119,Jacoby Brissett,QB,ARI,2029,36.72210814510609,8.131588391733253,122.38040529558546,Low,0.03939025164996553,0.09748234360317516,0.17152185482551904
00-0039917,Michael Penix Jr.,QB,ATL,2029,29.316221765913756,10.922267200299077,128.8827529635291,Low,0.06430641048811452,0.17469328302972492,0.14580187428064034
00-0033869,Mitchell Trubisky,QB,TEN,2029,35.03285420944559,9.554861748820155,81.69406795241231,Low,0.07613855539248987,0.22437113190835775,0.2554720981939282
00-0036972,Mac Jones,QB,SF,2029,30.98904859685147,10.248721720055393,134.25825453272563,Low,0.07475327818312918,0.1895421922638439,0.23913634713007983
00-0032950,Carson Wentz,QB,MIN,2029,36.67008898015058,7.604212393812567,69.95875402307561,Low,0.03817448691633588,0.17154651159322667,0.237542881088698
00-0041561,Carson Beck,QB,ARI,2029,27.78302532511978,10.285128191981881,154.27692287972823,Rookie-Low,0.02767030374363118,0.13628121313124733,0.12952536512575233
00-0039164,Anthony Richardson,QB,IND,2029,27.279260780287473,10.241525453555765,81.93220362844612,Low,0.06860048725520128,0.19398030365016747,0.4699476735429755
00-0041565,Drew Allar,QB,PIT,2029,25.483230663928815,10.073121094951508,151.09681642427262,Rookie-Low,0.02764144658918566,0.1027401903029289,0.14404118675643457
00-0031503,Jameis Winston,QB,NYG,2029,35.65160848733744,7.890552437227011,63.124419497816085,Low,0.0618466222034251,0.17445751224516287,0.29877129044973055
00-0038128,Malik Willis,QB,MIA,2029,30.27173169062286,9.328323004174775,79.75716168569431,Low,0.03182756902347463,0.09696424625721056,0.31793020875561706
00-0041056,Cade Klubnik,QB,NYJ,2029,25.89390828199863,9.554381609179416,143.31572413769123,Rookie-Low,0.05050365218843448,0.15719239784583275,0.17663813220880625
00-0027973,Andy Dalton,QB,PHI,2029,41.84188911704312,3.930372501115048,33.604684884533654,Low,0.02870229426802241,0.09023282536269515,0.29670144360073414
00-0035704,Drew Lock,QB,SEA,2029,32.80698151950718,8.957913760349442,71.66331008279553,Low,0.02870229426802241,0.09023282536269515,0.2989499388764592
00-0041194,Jack Strand,QB,ATL,2029,25.190280629705683,9.219757456832172,138.29636185248256,Rookie-Low,0.02764144658918566,0.1027401903029289,0.14404118675643457
00-0029604,Kirk Cousins,QB,LV,2029,41.03422313483915,4.089749054662628,50.91737573054971,Low,0.04899954688579862,0.1533418111318085,0.13593496566645344
00-0041414,Matthew Caldwell,QB,LA,2029,26.277207392197127,8.715414090772807,130.7312113615921,Rookie-Low,0.05050365218843448,0.15719239784583275,0.13011619601416635
00-0041117,Athan Kaliakmanis,QB,WAS,2029,26.033538672142367,8.682592618224666,130.23888927336998,Rookie-Low,0.02764144658918566,0.1027401903029289,0.1630249848722429
00-0040668,Shedeur Sanders,QB,CLE,2029,27.56399726214921,8.353449232794086,93.14095894565406,Low,0.02952512930575262,0.08690859249662629,0.1840091415480842
00-0028118,Tyrod Taylor,QB,GB,2029,40.07871321013005,4.21694600564618,41.53691815561487,Low,0.02613505591858624,0.08440169673430485,0.23252735719409787
00-0033537,Deshaun Watson,QB,CLE,2029,33.965092402464066,7.751654880820814,108.52316833149139,Low,0.07251117847525762,0.18133484751880743,0.1780936221624473
00-0040704,Dillon Gabriel,QB,CLE,2029,28.675564681724847,7.997494025039331,99.56880061173966,Low,0.02870229426802241,0.09023282536269515,0.23123921876761505
00-0038102,Kenny Pickett,QB,CAR,2029,31.238193018480494,7.586421477039928,74.7262515488433,Low,0.04705020049725884,0.14647656337154444,0.2434928792571975
00-0034771,Mason Rudolph,QB,PIT,2029,34.12662559890486,7.238614138709656,66.59525007612883,Low,0.02870229426802241,0.09023282536269515,0.26605093045409983
00-0037012,Trey Lance,QB,LAC,2029,29.313483915126625,7.614298929003655,65.10225584298124,Low,0.08580818771432246,0.17401149374179603,0.29119771935546007
00-0035993,Tyler Huntley,QB,BAL,2029,31.57494866529774,7.5327059058755825,69.30089433405536,Low,0.03182756902347463,0.09696424625721056,0.30272682724166566
00-0041092,Taylen Green,QB,CLE,2029,26.871321013004792,7.748781285397475,116.23171928096212,Rookie-Low,0.02964158027599815,0.10388176007688626,0.132179227069241
00-0041251,Jalon Daniels,QB,TB,2029,26.84120465434634,7.744009246048814,116.16013869073221,Rookie-Low,0.02964158027599815,0.10388176007688626,0.12662071462283797
00-0037077,Sam Howell,QB,DAL,2029,28.95756331279945,7.6047558000463225,106.46658120064852,Low,0.02870229426802241,0.09023282536269515,0.12662071462283797
00-0040234,Quinn Ewers,QB,JAX,2029,26.46611909650924,7.6406673891108845,65.32770617689805,Low,0.05041363070846145,0.14596497165319627,0.1848674197857809
00-0040206,Riley Leonard,QB,IND,2029,26.967145790554415,7.626308440158779,70.16203764946076,Low,0.02857635344976068,0.12794795287463112,0.2311227168793248
00-0036898,Davis Mills,QB,HOU,2029,30.863107460643395,7.33334222511562,72.23342091738886,Low,0.03939025164996553,0.09748234360317516,0.2459578391925684
00-0037013,Zach Wilson,QB,NO,2029,30.080082135523615,7.324110933039677,62.62114847748923,Low,0.06960064634071113,0.21295407576850556,0.24005677081489277
00-0039376,Spencer Rattler,QB,NO,2029,28.924709103353862,7.281533704640215,85.92209771475454,Low,0.03939025164996553,0.09748234360317516,0.2143568574563861
00-0040014,Kyle McCord,QB,MIA,2029,26.95071868583162,7.251977800220689,101.52768920308965,Low,0.02952512930575262,0.08690859249662629,0.12765338365450524
00-0040891,Cole Payton,QB,PHI,2029,26.849418206707735,7.192912679339349,107.89369019009024,Rookie-Low,0.02964158027599815,0.10388176007688626,0.12765338365450524
00-0040906,Garrett Nussmeier,QB,KC,2029,27.566735112936342,7.0806562059232565,106.20984308884884,Rookie-Low,0.02767030374363118,0.13628121313124733,0.12662071462283797
00-0041123,Behren Morton,QB,NE,2029,27.621492128678987,7.0370942708075654,105.55641406211348,Rookie-Low,0.02767030374363118,0.13628121313124733,0.12765338365450524
00-0040673,Jalen Milroe,QB,SEA,2029,26.718001368925393,6.879582617532566,55.036660940260525,Low,0.02752095366765935,0.08555926090980917,0.17806973551133448
00-0038579,Aidan O'Connell,QB,LV,2029,31,6.666849772556019,53.33479818044815,Low,0.02870229426802241,0.09023282536269515,0.12371234725182498
00-0038476,Tommy DeVito,QB,NE,2029,31.0684462696783,6.554554069766957,91.7637569767374,Low,0.02870229426802241,0.09023282536269515,0.12765338365450524
00-0041149,Haynes King,QB,CAR,2029,28.642710472279266,6.674121086721958,100.11181630082937,Rookie-Low,0.02870229426802241,0.09023282536269515,0.12765338365450524
00-0040981,Joe Fagnano,QB,BAL,2029,28.42094455852156,6.658790107688353,99.8818516153253,Rookie-Low,0.02767030374363118,0.13628121313124733,0.12765338365450524
00-0036879,Sam Ehlinger,QB,DEN,2029,30.920602327173167,6.519577390340553,91.27408346476774,Low,0.02870229426802241,0.09023282536269515,0.12662071462283797
00-0033949,Joshua Dobbs,QB,DET,2029,34.597535934291585,5.984128954568536,51.16430256156098,Low,0.02870229426802241,0.09023282536269515,0.4002838973208433
00-0039107,Stetson Bennett,QB,LA,2029,31.843258042436688,6.3668163310570165,89.13542863479823,Low,0.02870229426802241,0.09023282536269515,0.12662071462283797
00-0037327,Skylar Thompson,QB,BAL,2029,32.242984257357975,6.307268618446774,88.30176065825484,Low,0.02870229426802241,0.09023282536269515,0.12765338365450524
00-0028986,Case Keenum,QB,CHI,2029,41.53798767967146,2.714150522247874,37.998107311470235,Low,0.02870229426802241,0.09023282536269515,0.12662071462283797
00-0040211,Graham Mertz,QB,HOU,2029,28.73579739904175,6.018036782618593,84.2525149566603,Low,0.02870229426802241,0.09023282536269515,0.12765338365450524
00-0039534,Carter Bradley,QB,JAX,2029,29.480492813141684,5.865520195057455,82.11728273080436,Low,0.02870229426802241,0.09023282536269515,0.12765338365450524
00-0040589,Kurtis Rourke,QB,SF,2029,28.8507871321013,5.858650772965539,82.02111082151754,Low,0.02870229426802241,0.09023282536269515,0.132179227069241
00-0040398,Brady Cook,QB,MIA,2029,27.8870636550308,5.872112403838639,54.02343411531548,Low,0.02952512930575262,0.08690859249662629,0.15521279342317187
00-0038400,Tanner McKee,QB,PHI,2029,29.34633812457221,5.656486114766812,48.36295628125624,Low,0.02870229426802241,0.09023282536269515,0.27696567364255836
00-0035264,Jarrett Stidham,QB,DEN,2029,33.06433949349761,5.5847146219219646,44.677716975375716,Low,0.02870229426802241,0.09023282536269515,0.1651271956690788
00-0040203,Will Howard,QB,PIT,2029,27.93634496919918,5.721256803403258,80.09759524764561,Low,0.02952512930575262,0.08690859249662629,0.132179227069241
00-0038416,Tyson Bagent,QB,CHI,2029,29.23134839151266,5.597437765812886,44.77950212650309,Low,0.02870229426802241,0.09023282536269515,0.2170926586721438
00-0034577,Kyle Allen,QB,BUF,2029,33.483230663928815,4.905040740271281,39.24032592217025,Low,0.02870229426802241,0.09023282536269515,0.17434000657204576
00-0033662,Cooper Rush,QB,ATL,2029,35.77754962354552,3.8589674487255716,32.994171686603636,Low,0.02870229426802241,0.09023282536269515,0.1858055636503994
00-0037324,Chris Oladokun,QB,KC,2029,31.993839835728952,4.084316304085119,32.67453043268095,Low,0.02870229426802241,0.09023282536269515,0.24879614610135536
00-0035289,Gardner Minshew,QB,ARI,2029,33.2943189596167,3.474502491109803,29.70699629898881,Low,0.02870229426802241,0.09023282536269515,0.13728290086347722
00-0038542,Bijan Robinson,RB,ATL,2029,27.58590006844627,11.616605326462794,197.4822905498675,Medium,0.7406013104560439,0.9486167813490272,0.16186709155133647
00-0039139,Jahmyr Gibbs,RB,DET,2029,27.451745379876797,11.951748992012831,203.17973286421812,Medium,0.6338566222658436,0.9612707256829612,0.16146805024558142
00-0036223,Jonathan Taylor,RB,IND,2029,30.616700889801507,4.145224427135761,70.46881526130794,Medium,0.6961770564428773,0.94424314815864,0.13456674535065738
00-0039040,De'Von Achane,RB,MIA,2029,27.88432580424367,9.668916529940025,158.08678526451942,Medium,0.6435761951467688,0.9512419934008812,0.15226793562975832
00-0037248,James Cook,RB,BUF,2029,29.934976043805612,4.946229258500421,84.08589739450716,Medium,0.6981866293304927,0.9371518544880576,0.06148504624688858
00-0033280,Christian McCaffrey,RB,SF,2029,33.234086242299796,1.8499564809485005,31.449260176124508,Medium,0.4040746865244904,0.7313601555720038,0.2021736518776499
00-0032764,Derrick Henry,RB,BAL,2029,35.6570841889117,1.5042457978322261,25.572178563147844,Medium,0.49455781052011055,0.7747012085104539,0.11394265656059484
00-0034844,Saquon Barkley,RB,PHI,2029,32.55783709787816,1.9903157545661636,32.54166258715678,Medium,0.4264907684359574,0.8187433173094855,0.1395005087377097
00-0035700,Josh Jacobs,RB,GB,2029,31.553045859000683,2.6686394412702428,41.89763922794281,Medium,0.5675072160125894,0.8714947742889495,0.14021719528012253
00-0041027,Jeremiyah Love,RB,ARI,2029,24.253935660506503,15.759452325561341,236.39178488342012,Rookie-Low,0.2744688582228724,0.8851238763765272,0.4439245738108513
00-0037840,Kyren Williams,RB,LA,2029,29.015058179329227,5.861400430092245,99.64380731156817,Medium,0.365503504815406,0.9238051063616032,0.1389502971712123
00-0038597,Chase Brown,RB,CIN,2029,29.4476386036961,4.824142911374554,82.01042949336741,Medium,0.3391210606123077,0.7997913560223769,0.07089259049582979
00-0040122,Ashton Jeanty,RB,LV,2029,25.748802190280628,13.179523501363613,224.05189952318142,Medium,0.20797570002040475,0.8604754340540808,0.2291625008636509
00-0040666,Omarion Hampton,RB,LAC,2029,26.463381245722108,11.376814724715217,134.24641375163958,Medium,0.3200685435228091,0.6924895974406698,0.14059891026780463
00-0040715,Cam Skattebo,RB,NYG,2029,27.569472963723477,8.428969709547648,93.98301226145628,Medium,0.4055619524127528,0.7408941674375519,0.0867865696343116
00-0036275,D'Andre Swift,RB,CHI,2029,30.630390143737166,2.9617690685108147,48.42492427015183,Medium,0.19434555861881816,0.7777638703643054,0.113254061607035
00-0038120,Breece Hall,RB,NYJ,2029,28.253935660506503,6.102432633748973,99.77477356179571,Medium,0.08934169454992207,0.6923794942804411,0.10361053222915469
00-0038134,Kenneth Walker III,RB,KC,2029,28.86447638603696,4.995219918464524,84.9187386138969,Medium,0.2094705950853973,0.7637462641751469,0.10907100785578444
00-0036997,Javonte Williams,RB,DAL,2029,29.351813826146476,4.255539932137826,69.57807789045347,Medium,0.06579070964691017,0.5501492520005359,0.19328815965989912
00-0039361,Bucky Irving,RB,TB,2029,27.035592060232716,8.847094198879665,110.14632277605182,Medium,0.15325010257128538,0.345335879129681,0.07015788856262306
00-0036973,Travis Etienne,RB,NO,2029,30.59753593429158,2.854985685628167,48.534756655678834,Medium,0.19285758341611625,0.6840136617105559,0.1437156095554006
00-0040784,Quinshon Judkins,RB,CLE,2029,25.84188911704312,11.027707181415371,165.96699308030134,Medium,0.19567706128829315,0.4998947702657512,0.19846258396429117
00-0040734,TreVeyon Henderson,RB,NE,2029,26.860369609856264,8.91777893842396,151.6022419532073,Medium,0.31652827622389496,0.7592920671380764,0.2455796002553068
00-0040730,RJ Harvey,RB,DEN,2029,28.571526351813823,4.829527592547359,82.10196907330511,Medium,0.1718582572072442,0.5204293409076777,0.162272173290228
00-0036139,Rico Dowdle,RB,PIT,2029,31.21629021218343,2.082285879621022,35.39885995355738,Medium,0.10034812250390004,0.4523949211979065,0.09479517199319194
00-0037228,Jaylen Warren,RB,PIT,2029,30.83299110198494,2.3061663028190686,37.70581905109177,Medium,0.09825577145347544,0.18311459950535217,0.104892077504337
00-0041512,Jadarian Price,RB,SEA,2029,25.89664613278576,9.539420803676157,143.09131205514234,Rookie-Low,0.18510487138490467,0.7837257112023253,0.3638381616442809
00-0039165,Zach Charbonnet,RB,SEA,2029,28.645448323066393,4.516324929378861,73.84191259534438,Medium,0.08622163703808061,0.35333345545724937,0.14322594617879952
00-0036875,Rhamondre Stevenson,RB,NE,2029,31.520191649555095,1.809617018603117,27.234736129976913,Medium,0.15969387246557257,0.5381967193522598,0.06885584098249395
00-0036158,J.K. Dobbins,RB,DEN,2029,30.707049965776864,2.323153389423526,28.923259698322894,Medium,0.06440418657716203,0.28719532766080397,0.10697356809151806
00-0033553,James Conner,RB,ARI,2029,34.3264887063655,0.957851195689731,7.662809565517848,Low,0.02718948145016028,0.14100545409723125,0.07245035685380732
00-0035261,Tony Pollard,RB,TEN,2029,32.3388090349076,1.3784371384708958,23.43343135400523,Medium,0.14411177909158887,0.2956355636213364,0.07331998064333624
00-0033906,Alvin Kamara,RB,NO,2029,34.1047227926078,0.9622210571990388,12.605095849307409,Medium,0.02451412067477949,0.1404277507685449,0.10366542879051271
00-0035685,David Montgomery,RB,HOU,2029,32.23477070499658,1.386391983167543,23.56866371384823,Medium,0.03175803236978843,0.11430998289289626,0.07288210489126803
00-0039384,Tyrone Tracy Jr.,RB,NYG,2029,29.77344284736482,2.8881870542123846,45.344536751134434,Medium,0.06991684396198473,0.2473507196583268,0.0792772487972817
00-0033293,Aaron Jones,RB,MIN,2029,34.748117727583846,0.8461304214898762,11.634293295485797,Medium,0.10106961469650988,0.3632826956196531,0.07331998064333624
00-0036919,Kenny Gainwell,RB,TB,2029,30.468856947296377,2.2140023455196416,37.638039873833904,Medium,0.10848413672554191,0.20277500671425144,0.110123853591693
00-0036555,Chuba Hubbard,RB,CAR,2029,30.225188227241617,2.2911660843456194,35.971307524226226,Medium,0.09879966868103882,0.19068913658919365,0.07257443169058997
00-0040242,Jacory Croskey-Merritt,RB,WAS,2029,28.388090349075977,4.037011684371667,68.62919863431833,Medium,0.07306877959734179,0.13087460945403023,0.12950128169362726
00-0040583,Woody Marks,RB,HOU,2029,28.672826830937716,3.646760453636947,59.62453341696409,Medium,0.03221318843906569,0.11458329036895584,0.14923644222542148
00-0039032,Tyjae Spears,RB,TEN,2029,28.21286789869952,4.065810674651842,58.54767371498652,Medium,0.09945065708841178,0.2445822718661045,0.11781765731874196
00-0040236,Kyle Monangai,RB,CHI,2029,27.238193018480494,5.508918071054446,93.6516072079256,Medium,0.05887375684259203,0.21687665159204908,0.19609400026546
00-0037525,Jordan Mason,RB,MIN,2029,30.274469541409992,2.1071498952123613,34.45190078672211,Medium,0.07306877959734179,0.13087460945403023,0.0957273042509502
00-0037256,Rachaad White,RB,WAS,2029,30.63586584531143,1.8371079689636995,31.230835472382893,Medium,0.0593584979632184,0.11382222195992953,0.10507986095255044
00-0039921,Trey Benson,RB,ARI,2029,27.109514031485283,5.586039045481374,47.760633838865736,Low,0.01425259921165323,0.31702655898212684,0.16380720835528242
00-0040719,Bhayshul Tuten,RB,JAX,2029,27.54483230663929,4.70228254184685,73.82583590699555,Medium,0.01604912256679097,0.18165710497801832,0.15242091789704074
00-0039391,Kimani Vidal,RB,LAC,2029,28.010266940451743,3.9130551694746973,56.34799444043564,Medium,0.06489395445144804,0.1363234339178787,0.09134068593137352
00-0036893,Najee Harris,RB,NYG,2029,31.48186173853525,1.259872295086722,10.078978360693776,Low,0.01736283708668251,0.14020904213523042,0.1813370654998916
00-0038555,Tank Bigsby,RB,PHI,2029,27.005475701574262,5.1237615640729794,80.44305655594577,Medium,0.0124905672808719,0.05135724317204824,0.1851192816737534
00-0039738,Blake Corum,RB,LA,2029,28.765913757700204,2.860717972426755,48.63220553125483,Medium,0.06146923517684589,0.4274918713944296,0.2461218030812952
00-0038611,Chris Rodriguez Jr.,RB,JAX,2029,29.93223819301848,1.954598640627426,26.87573130862711,Medium,0.06773474863206783,0.1156714389018378,0.08589595888250941
00-0037263,Tyler Allgeier,RB,ARI,2029,29.379192334017795,2.3123911080700257,39.310648837190435,Medium,0.063937444594929893,0.29836249769524714,0.1588684981466111
00-0035250,Devin Singletary,RB,NYG,2029,31.993839835728952,0.9977547128016748,16.961830117628473,Medium,0.0198949344710599,0.16505535094085047,0.07285935849939532
00-0041052,Kaelon Black,RB,SF,2029,27.87337440109514,3.6696571778518567,55.04485766777785,Rookie-Low,0.04237960546941171,0.14662661670113922,0.14271850809990833
00-0038951,Sean Tucker,RB,TB,2029,27.851471594798085,3.6867060258605644,62.6740024396296,Medium,0.01178788722872258,0.16304355681646157,0.13687514407950296
00-0037197,Isiah Pacheco,RB,DET,2029,30.50171115674196,1.5642570070181183,22.525300901060906,Medium,0.01258183210724283,0.044724477541038,0.1021692895339379
00-0037746,Brian Robinson,RB,ATL,2029,30.446954140999317,1.5765908281617547,26.80204407874983,Medium,0.01178788722872258,0.04623000512989713,0.11231548832634364
00-0039373,Audric Estimé,RB,NO,2029,25.98699520876112,5.784230247499658,53.21491827699685,Low,0.02320142613108779,0.12732147692629764,0.06635580551112254
00-0040162,Dylan Sampson,RB,CLE,2029,24.963039014373717,6.544365474333881,102.74653794704192,Medium,0.02237845026433834,0.05236678396210003,0.137977426419942
00-0039344,Jonathon Brooks,RB,CAR,2029,26.11567419575633,5.505785449861862,77.08099629806607,Low,0.17754678527740528,0.6310259937812872,0.34534893287073537
00-0037157,Bam Knight,RB,ARI,2029,28.39082819986311,2.8212645381967043,38.79238740020468,Medium,0.05322007403608751,0.09064583058362366,0.10104129995515045
00-0040202,Devin Neal,RB,NO,2029,26.055441478439427,5.318832730658679,62.762226221772416,Medium,0.01492814626619858,0.04019793245138137,0.11448128412106802
00-0038797,Emanuel Wilson,RB,SEA,2029,30.318275154004105,1.495801911248129,25.428632491218192,Medium,0.02183905167073409,0.119097118604104,0.11717492670879008
00-0040142,Kaleb Johnson,RB,GB,2029,26.04996577686516,5.083215436956337,63.28603219010639,Medium,0.05236104691131248,0.21316216628412396,0.17386352943046787
00-0035537,Ty Johnson,RB,BUF,2029,31.955509924709105,0.8635501465354288,14.68035249110229,Medium,0.01350504634445611,0.20393633106332917,0.08335207260035843
00-0039798,Isaiah Davis,RB,NYJ,2029,27.525667351129364,3.4826204055915024,56.94084363142107,Medium,0.01178788722872258,0.03799729364846573,0.131420361007776
00-0039874,Jaylen Wright,RB,MIA,2029,26.419575633127995,4.595007939257738,54.221093683241314,Medium,0.01492814626619858,0.04019793245138137,0.08952901302601482
00-0033526,Samaje Perine,RB,CIN,2029,33.959616700889796,0.5387750247854408,8.45876788913142,Medium,0.01178788722872258,0.03799729364846573,0.10948634165909182
00-0041496,Jonah Coleman,RB,DEN,2029,26.033538672142367,4.746886208800604,71.20329313200907,Rookie-Low,0.01492814626619858,0.04019793245138137,0.09875466548870548
00-0034975,Justice Hill,RB,BAL,2029,31.79671457905544,0.8449096515773213,10.51912516213765,Medium,0.01178788722872258,0.03799729364846573,0.11207429793377112
00-0039794,Braelon Allen,RB,NYJ,2029,25.61464750171116,4.855677411830279,41.51604187114888,Low,0.01492814626619858,0.04019793245138137,0.16222396357935512
00-0038551,Kendre Miller,RB,NO,2029,27.22450376454483,3.4984922654842725,36.73416878758486,Low,0.02622352940172714,0.12773470217539912,0.12777136546015866
00-0040466,Raheim Sanders,RB,CLE,2029,27.23271731690623,3.3154813990104497,28.347365961539342,Low,0.01178788722872258,0.03799729364846573,0.11694010945581178
00-0039875,Ray Davis,RB,BUF,2029,29.781656399726216,1.4539425700585125,24.71702369099471,Medium,0.01178788722872258,0.03704464257765289,0.09935246816798216
00-0038454,Keaton Mitchell,RB,LAC,2029,27.621492128678987,2.8614623958042924,41.20505849958181,Medium,0.01178788722872258,0.03799729364846573,0.06878349317180746
00-0033955,Jeremy McNichols,RB,WAS,2029,33.68309377138946,0.4734049699198456,7.740171258189476,Medium,0.01178788722872258,0.03799729364846573,0.13599364097111694
00-0037329,Brittain Brown,RB,CHI,2029,31.892539356605067,0.7251617466507724,5.801293973206179,Low,0.01178788722872258,0.03799729364846573,0.1634369001790611
00-0032104,Ameer Abdullah,RB,JAX,2029,36.21834360027378,0.4211285756960987,6.064251490023821,Medium,0.01178788722872258,0.05865344206579425,0.1138173934085016
00-0037563,Malik Davis,RB,DAL,2029,30.76454483230664,1.0079760186565927,12.549301432274579,Medium,0.01178788722872258,0.03799729364846573,0.1623758015761162
00-0040078,Brashard Smith,RB,KC,2029,26.392197125256672,3.569249183783998,60.67723612432796,Medium,0.06749473820134609,0.09187352097083532,0.06957737979458986
00-0038705,Emari Demercado,RB,DAL,2029,30.613963039014372,0.9826186064913881,13.511005839256587,Medium,0.01178788722872258,0.03799729364846573,0.13868822416974028
00-0036265,AJ Dillon,RB,CAR,2029,31.33401779603012,0.7815591879014181,7.698358000828968,Low,0.01476353009354591,0.17050917012482297,0.1173872348568638
00-0040964,EJ Smith,RB,KC,2029,3,4.558355361490435,68.37533042235651,Rookie-Low,0.02237845026433834,0.05236678396210003,0.09092406138170632
00-0040878,Mike Washington Jr.,RB,LV,2029,26.16495550992471,3.4782593721028197,52.173890581542295,Rookie-Low,0.01492814626619858,0.04019793245138137,0.05308398521046392
00-0040198,Ollie Gordon II,RB,MIA,2029,25.628336755646817,3.59351709300713,61.08979058112121,Medium,0.01307665153137191,0.03924898174258359,0.07491596499330311
00-0040937,Dominic Richardson,RB,NYJ,2029,3,4.164597293621135,62.468959404317026,Rookie-Low,0.02237845026433834,0.05236678396210003,0.09092406138170632
00-0039811,MarShawn Lloyd,RB,GB,2029,28.65366187542779,1.5577487108004817,21.808481951206744,Low,0.04237960546941171,0.14662661670113922,0.16767352013312967
00-0040177,Jordan James,RB,SF,2029,25.42573579739904,3.412161290144202,47.77025806201883,Low,0.01492814626619858,0.04019793245138137,0.05308398521046392
00-0040886,Nicholas Singleton,RB,TEN,2029,25.652977412731005,3.2739838061130975,49.109757091696466,Rookie-Low,0.01492814626619858,0.04019793245138137,0.05308398521046392
00-0041490,Eli Heidenreich,RB,PIT,2029,26.096509240246405,3.000642953714058,45.00964430571087,Rookie-Low,0.01454213576549715,0.0545244204804235,0.05308398521046392
00-0041096,Kaytron Allen,RB,WAS,2029,26.64681724845996,2.584579517705045,38.76869276557567,Rookie-Low,0.01178788722872258,0.03799729364846573,0.04993928467341206
00-0041013,Emmett Johnson,RB,KC,2029,25.89390828199863,2.984611784508578,44.769176767628664,Rookie-Low,0.01492814626619858,0.04019793245138137,0.05308398521046392
00-0041323,Myles Montgomery,RB,NE,2029,26.411362080766597,2.67225277609298,40.0837916413947,Rookie-Low,0.06749473820134609,0.09187352097083532,0.05308398521046392
00-0040644,Trevor Etienne,RB,CAR,2029,25.14647501711157,3.143003874577201,53.43106586781242,Medium,0.01454213576549715,0.0545244204804235,0.06217726078071657
00-0041239,Chip Trayanum,RB,NYJ,2029,27.66255989048597,1.8818975570676255,28.228463356014384,Rookie-Low,0.01178788722872258,0.03799729364846573,0.04993928467341206
00-0039021,Roschon Johnson,RB,CHI,2029,28.582477754962355,1.2681441069982928,12.491219453933184,Low,0.01178788722872258,0.03799729364846573,0.04993928467341206
00-0040238,LeQuint Allen Jr.,RB,JAX,2029,25.072553045859,2.8009752041312757,45.79594458754636,Medium,0.02237845026433834,0.05236678396210003,0.06217726078071657
00-0041104,Demond Claiborne,RB,MIN,2029,25.89664613278576,2.5603066857948544,38.404600286922815,Rookie-Low,0.01454213576549715,0.0545244204804235,0.05308398521046392
00-0040179,DJ Giddens,RB,IND,2029,26.017111567419576,2.51325300729797,23.12192766714132,Low,0.01492814626619858,0.04019793245138137,0.0793591162960181
00-0041125,Seth McGowan,RB,IND,2029,27.856947296372347,1.5515597708669164,23.273396563003747,Rookie-Low,0.01178788722872258,0.03799729364846573,0.04993928467341206
00-0040888,Adam Randall,RB,BAL,2029,25.132785763175907,2.750304590625593,41.254568859383895,Rookie-Low,0.01492814626619858,0.04019793245138137,0.06217726078071657
00-0037085,Tyler Badie,RB,DEN,2029,30.564681724845997,0.6345496787179337,10.374887247038217,Medium,0.01178788722872258,0.03799729364846573,0.04993928467341206
00-0040556,Corey Kiner,RB,NE,2029,27.61054072553046,1.6062209250548078,13.733188909218605,Low,0.01178788722872258,0.03799729364846573,0.0739660942145588
00-0037276,Ty Chandler,RB,NO,2029,31.306639288158795,0.49312859699136824,3.945028775930946,Low,0.01178788722872258,0.03799729364846573,0.1095172998503425
00-0036984,Trey Sermon,RB,ATL,2029,30.586584531143053,0.6111564972178635,4.889251977742908,Low,0.02870984852508982,0.13334860777446703,0.1029873770624954
00-0038685,Chris Brooks,RB,GB,2029,29.639288158795345,0.8094656963678328,13.760916838253157,Medium,0.01178788722872258,0.03799729364846573,0.04993928467341206
00-0041081,Max Bredeson,RB,MIN,2029,26.90965092402464,1.8448540834838292,27.67281125225744,Rookie-Low,0.01178788722872258,0.03799729364846573,0.04993928467341206
00-0039364,Sione Vaki,RB,DET,2029,28.089664613278575,1.2739780674985324,14.204855452608637,Medium,0.01178788722872258,0.03799729364846573,0.04993928467341206
00-0039746,Will Shipley,RB,PHI,2029,27.008213552361397,1.7559421715935077,26.426929682482292,Medium,0.01178788722872258,0.03799729364846573,0.04993928467341206
00-0039796,Rasheen Ali,RB,BAL,2029,28.53867214236824,1.0371844668938386,16.283796130233267,Medium,0.01178788722872258,0.03704464257765289,0.04993928467341206
00-0038738,Hunter Luepke,RB,DAL,2029,29.50787132101301,0.7013445218372134,10.555235053650062,Medium,0.01178788722872258,0.03799729364846573,0.04993928467341206
00-0039363,Isaac Guerendo,RB,SF,2029,29.17659137577002,0.7763140452176258,8.151297474785071,Low,0.01178788722872258,0.03799729364846573,0.04993928467341206
00-0041436,DJ Herman,RB,MIA,2029,27.459958932238195,1.3269990976886008,19.904986465329014,Rookie-Low,0.01178788722872258,0.03799729364846573,0.04993928467341206
00-0039603,British Brooks,RB,HOU,2029,29.78713210130048,0.6284284473636716,7.006977188104939,Medium,0.01178788722872258,0.03799729364846573,0.05516606665497105
00-0039299,George Holani,RB,SEA,2029,29.71047227926078,0.6422633241665571,7.996178385873635,Medium,0.01178788722872258,0.03799729364846573,0.08492583155005232
00-0037557,Ronnie Rivers,RB,LA,2029,30.58384668035592,0.4694299204337625,4.623884716272561,Low,0.01178788722872258,0.03799729364846573,0.04993928467341206
00-0029892,Kyle Juszczyk,RB,SF,2029,38.35934291581109,0.17464479799975044,2.445027171996506,Low,0.01178788722872258,0.03799729364846573,0.04993928467341206
00-0037594,Julius Chestnut,RB,TEN,2029,28.848049281314168,0.7658246994353768,12.521233835768411,Medium,0.01178788722872258,0.03799729364846573,0.04993928467341206
00-0040208,Tahj Brooks,RB,CIN,2029,27.303901437371664,1.2212140813300598,16.791693618288324,Medium,0.01178788722872258,0.03799729364846573,0.04993928467341206
00-0036670,Jermar Jefferson,RB,MIN,2029,29.379192334017795,0.6149323868809419,8.609053416333186,Low,0.01178788722872258,0.03799729364846573,0.04993928467341206
00-0039407,Dylan Laube,RB,LV,2029,29.715947980835043,0.5420418580260352,9.214711586442599,Medium,0.01178788722872258,0.03799729364846573,0.04993928467341206
00-0039244,Chris Collier,RB,LV,2029,29.439425051334705,0.5587821769326102,7.822950477056543,Low,0.01178788722872258,0.03799729364846573,0.04993928467341206
00-0037304,Connor Heyward,RB,LV,2029,30.60848733744011,0.3861215378905656,5.405701530467918,Low,0.01178788722872258,0.03799729364846573,0.04993928467341206
00-0038896,Jacob Saylors,RB,DET,2029,29.483230663928815,0.5444175196727449,7.131869507712958,Medium,0.01178788722872258,0.03799729364846573,0.04993928467341206
00-0038614,Scott Matlock,RB,LAC,2029,29.17659137577002,0.5760426730213606,8.064597422299048,Low,0.01178788722872258,0.03799729364846573,0.04993928467341206
00-0031595,Michael Burton,RB,CLE,2029,37.58179329226557,0.13963415042064972,1.954878105889096,Low,0.01178788722872258,0.03799729364846573,0.04993928467341206
00-0036187,Reggie Gilliam,RB,NE,2029,32.03216974674881,0.2113455672316159,2.768626930734168,Medium,0.01178788722872258,0.03799729364846573,0.04993928467341206
00-0035125,Alec Ingold,RB,LAC,2029,33.14647501711157,0.15664627079520832,2.1930477911329165,Low,0.01178788722872258,0.03799729364846573,0.04993928467341206
00-0040649,Robbie Ouzts,RB,SEA,2029,26.98631074606434,0.9754657029959024,8.340231760614964,Low,0.01178788722872258,0.03799729364846573,0.04993928467341206
00-0036842,Kene Nwangwu,RB,NYJ,2029,31.55852156057495,0.21932882401003648,2.730643858924954,Medium,0.01178788722872258,0.03799729364846573,0.04993928467341206
00-0034959,Andrew Beck,RB,NYJ,2029,33.29705681040383,0.13454332957662152,1.8836066140727012,Low,0.01178788722872258,0.03799729364846573,0.04993928467341206
00-0038488,Brady Russell,RB,SEA,2029,31.00273785078713,0.23492604310962792,2.9248292367148676,Medium,0.01178788722872258,0.03799729364846573,0.04993928467341206
00-0033376,Patrick Ricard,RB,NYG,2029,35.26557152635181,0.102598736172911,0.9439083727907811,Low,0.01178788722872258,0.03799729364846573,0.04993928467341206
00-0037744,Trey McBride,TE,ARI,2029,29.77618069815195,11.798329032318494,200.5715935494144,High,0.6566016250440058,0.8968075005165839,0.05472630732607206
00-0039338,Brock Bowers,TE,LV,2029,26.718001368925393,10.76505642674557,148.01952586775158,Medium,0.3882705170304024,0.6287235939991077,0.08830754790902923
00-0033288,George Kittle,TE,SF,2029,35.8952772073922,4.903809305720544,64.23990190493912,Medium,0.48090987844248606,0.6564435447425377,0.02608239302027733
00-0038996,Tucker Kraft,TE,GB,2029,28.82614647501711,9.357656647872677,104.33787162378034,Medium,0.4046167894254771,0.5546150933727946,0.0225010823121271
00-0040663,Harold Fannin Jr.,TE,CLE,2029,25.116358658453116,9.091014168217814,148.63808165036127,High,0.3384425383531153,0.7396953323846037,0.04142359104591559
00-0030506,Travis Kelce,TE,KC,2029,39.90622861054072,2.1644951537547814,36.79641761383128,High,0.28913056645504104,0.699346807611967,0.05661270038444604
00-0034351,Dallas Goedert,TE,PHI,2029,34.66050650239562,4.781347280062571,75.06715229698236,High,0.2230210014563289,0.371368132549585,0.02563580900468405
00-0036970,Kyle Pitts,TE,ATL,2029,28.90280629705681,8.131075297622107,138.22828005957584,High,0.3273535115064778,0.5092220659553626,0.05702893834592416
00-0040128,Tyler Warren,TE,IND,2029,27.27378507871321,8.064540822269247,137.0971939785772,High,0.3447978136744374,0.6062846536794092,0.17223513152233513
00-0039065,Sam LaPorta,TE,DET,2029,28.634496919917865,7.976155430033538,94.11863407439576,Medium,0.22367808272390843,0.3931397576650514,0.01929386840557622
00-0040126,Colston Loveland,TE,CHI,2029,25.39561943874059,8.34056186020059,136.36818641427968,High,0.23068115336038836,0.5426663027510079,0.12307708277907374
00-0033090,Hunter Henry,TE,NE,2029,34.73442847364819,4.405067011662281,74.88613919825877,High,0.2379222994136232,0.4961391116365895,0.05222747339467826
00-0036040,Juwan Johnson,TE,NO,2029,32.96577686516085,5.716360362325069,97.17812615952619,High,0.43010831249368503,0.5289258454141513,0.08564797460704239
00-0040189,Oronde Gadsden II,TE,LAC,2029,26.18685831622177,7.559975567124839,118.69161640385997,High,0.2031430147679524,0.5511547091495664,0.06711531676526958
00-0038933,Dalton Kincaid,TE,BUF,2029,29.872005475701577,6.880858845360834,94.61180912371147,Medium,0.2670521762141726,0.49494270031114934,0.05127451853708553
00-0041032,Kenyon Sadiq,TE,NYJ,2029,24.49486652977413,7.39368919526705,110.90533792900575,Rookie-Medium,0.02096149334757396,0.09813300541411318,0.2327759657085439
00-0034383,Dalton Schultz,TE,HOU,2029,33.1409993155373,4.898386349473751,83.27256794105377,High,0.2809846899985536,0.41851709134523535,0.05222747339467826
00-0031610,Darren Waller,TE,CAR,2029,36.96577686516085,2.6613069866149632,31.403422442056566,Medium,0.2335681923096939,0.5772209177836858,0.02101983719561385
00-0039847,Theo Johnson,TE,NYG,2029,28.51129363449692,6.5062272401076715,102.14776766969044,High,0.09562255385697084,0.36061901913377054,0.09174393255336652
00-0038041,Jake Ferguson,TE,DAL,2029,30.61943874058864,6.2207301391685625,105.75241236586557,High,0.03209311174970122,0.15414185475398445,0.02859787373797856
00-0034753,Mark Andrews,TE,BAL,2029,33.986995208761115,4.008210426053912,68.1395772429165,High,0.1551930116246058,0.34401194528006807,0.1040117459441405
00-0038935,Brenton Strange,TE,JAX,2029,28.678302532511974,6.338946992190811,87.16052114262365,Medium,0.2108054729314166,0.34343685949426506,0.01929386840557622
00-0038129,Cade Otton,TE,TB,2029,30.381245722108144,6.110008836017906,95.92713872548113,High,0.00783558736736372,0.05307169190889669,0.01608898368189851
00-0036894,Pat Freiermuth,TE,PIT,2029,30.852156057494867,5.89590433212842,92.56569801441618,High,0.08817187420660708,0.32854368003601797,0.01929386840557622
00-0033885,David Njoku,TE,LAC,2029,33.143737166324435,4.331574571119812,56.743626881669535,Medium,0.0066882212938757,0.12240433406645916,0.01929386840557622
00-0037809,Chig Okonkwo,TE,WAS,2029,29.981519507186857,5.819158933526976,98.9257018699586,High,0.05493890075782483,0.1359557482736453,0.01806375603268816
00-0035229,T.J. Hockenson,TE,MIN,2029,32.163586584531146,4.790440701229506,75.20991900930323,High,0.00823284074469057,0.21391810107184792,0.07562904527214866
00-0039793,AJ Barner,TE,SEA,2029,27.331279945242983,5.717904553812658,97.20437741481518,High,0.14961277220124003,0.2664946372524725,0.05856850859500506
00-0037112,Jake Tonges,TE,SF,2029,30.15126625598905,5.628921986753762,70.08007873508434,Medium,0.08702364262216913,0.35884963482543614,0.02101983719561385
00-0033881,Evan Engram,TE,DEN,2029,34.99726214921287,2.9541309529440865,48.300041080635815,High,0.03174059549770419,0.2420204955747041,0.0169839308650146
00-0040736,Mason Taylor,TE,NYJ,2029,25.316221765913756,5.552560021777539,79.95686431359655,Medium,0.01485823345877521,0.3709870281806624,0.02856032116479455
00-0033858,Jonnu Smith,TE,GB,2029,34.0280629705681,3.241986470491413,55.11376999835402,High,0.04722187609469202,0.1948653000510669,0.05178271040638681
00-0033110,Tyler Higbee,TE,LA,2029,36.66461327857632,2.141111322929686,26.65683597047459,Medium,0.0066882212938757,0.07011682490289309,0.01929386840557622
00-0036244,Colby Parkinson,TE,LA,2029,30.64955509924709,4.928991824135524,74.18132695323965,High,0.08857398045986158,0.1617548224821516,0.098148969110947
00-0034829,Mike Gesicki,TE,CIN,2029,33.913073237508556,2.8947880604103085,39.80333583064174,Medium,0.0066882212938757,0.02854522990318268,0.01773221922196824
00-0037838,Isaiah Likely,TE,NYG,2029,29.3709787816564,4.484583012662177,61.66301642410493,Medium,0.0066882212938757,0.02695998689276634,0.01773221922196824
00-0040737,Terrance Ferguson,TE,LA,2029,26.488021902806295,4.593719755114863,60.17772879200471,Medium,0.0066882212938757,0.02328516780667057,0.0189644209553846
00-0036290,Cole Kmet,TE,CHI,2029,30.479808350444905,4.328534977013139,70.77154687416483,High,0.03449633046282639,0.06695224469516321,0.04181826986506059
00-0035689,Dawson Knox,TE,BUF,2029,32.79603011635865,3.277601073789737,53.588777556462205,High,0.01500562498164761,0.0503188580743177,0.0169839308650146
00-0040584,Gunnar Helm,TE,TEN,2029,26.98631074606434,4.402827055181832,71.98622235222295,High,0.01600112696921399,0.09861185797277502,0.02438414252325143
00-0035644,Noah Fant,TE,NO,2029,31.78028747433265,3.675407579616401,52.925869146476174,Medium,0.0066882212938757,0.05547631798088545,0.01773221922196824
00-0037252,Greg Dulcich,TE,MIA,2029,29.43394934976044,4.168921521036759,49.19327394823375,Medium,0.01001716636112873,0.10260298540958612,0.05596851694804711
00-0032392,Austin Hooper,TE,ATL,2029,34.84120465434634,2.1953482164508755,31.61301431689261,Medium,0.0415696763122417,0.09973563793888358,0.01773221922196824
00-0039066,Michael Mayer,TE,LV,2029,28.155373032169745,3.9396142549937303,56.730445271909716,Medium,0.01196603520641852,0.0366941831418085,0.01773221922196824
00-0041395,Eli Raridon,TE,NE,2029,25.55167693360712,4.027206085509733,60.408091282646,Rookie-Medium,0.0066882212938757,0.02328516780667057,0.02146912414951519
00-0041077,Justin Joly,TE,MIA,2029,25.14647501711157,3.9596487372106384,59.39473105815958,Rookie-Medium,0.00683545124618517,0.03495530659933948,0.02146912414951519
00-0035249,Josh Oliver,TE,MIN,2029,32.44832306639288,2.98883969990457,41.09654587368784,Medium,0.0066882212938757,0.02328516780667057,0.01773221922196824
00-0039356,Ja'Tavion Sanders,TE,CAR,2029,26.433264887063658,3.7945275762322828,52.17475417319389,Medium,0.0066882212938757,0.02328516780667057,0.0189644209553846
00-0041558,Sam Roush,TE,CHI,2029,25.98699520876112,3.817364595317653,57.26046892976479,Rookie-Medium,0.0066882212938757,0.02328516780667057,0.0189644209553846
00-0038558,Darnell Washington,TE,PIT,2029,28.0403832991102,3.619120455659473,52.11533456149641,Medium,0.0066882212938757,0.02695998689276634,0.02504346723907324
00-0034270,Tyler Conklin,TE,DET,2029,34.09103353867214,2.1453773911036005,21.131967302370462,Low,0.0066882212938757,0.02328516780667057,0.01773221922196824
00-0041483,Eli Stowers,TE,PHI,2029,26.381245722108144,3.517171857961111,52.757577869416664,Rookie-Medium,0.0066882212938757,0.02328516780667057,0.0189644209553846
00-0037005,Tommy Tremble,TE,CAR,2029,29.247775496235455,3.3546603448920864,52.66816741480575,High,0.0066882212938757,0.02328516780667057,0.01773221922196824
00-0041041,Oscar Delp,TE,NO,2029,26.077344284736483,3.4072966622441343,51.10944993366201,Rookie-Medium,0.0066882212938757,0.02328516780667057,0.0189644209553846
00-0041510,Max Klare,TE,LA,2029,26.15126625598905,3.4072966622441343,51.10944993366201,Rookie-Medium,0.0066882212938757,0.02328516780667057,0.0189644209553846
00-0040194,Jackson Hawes,TE,BUF,2029,28.73579739904175,3.226653199522985,46.46380607313098,Medium,0.0066882212938757,0.02328516780667057,0.01773221922196824
00-0036637,Noah Gray,TE,KC,2029,30.34017796030116,3.1416832267685093,47.28233256286607,High,0.0066882212938757,0.02328516780667057,0.01773221922196824
00-0038115,Daniel Bellinger,TE,TEN,2029,28.94113620807666,3.178198085225885,45.766052427252745,Medium,0.0066882212938757,0.02328516780667057,0.01773221922196824
00-0041116,Jack Endries,TE,CIN,2029,25.43394934976044,3.3000489828552393,49.50073474282859,Rookie-Medium,0.0066882212938757,0.02328516780667057,0.05040136783035073
00-0041472,Marlin Klein,TE,HOU,2029,26.956194387405887,3.1657361401363038,47.48604210204456,Rookie-Medium,0.0066882212938757,0.02328516780667057,0.0189644209553846
00-0040739,Elijah Arroyo,TE,SEA,2029,26.408624229979463,3.151750879874033,45.38521267018608,Medium,0.0066882212938757,0.02328516780667057,0.0189644209553846
00-0041524,Will Kacmarek,TE,MIA,2029,26.550992470910337,3.123146797719643,46.847201965794646,Rookie-Medium,0.0066882212938757,0.02328516780667057,0.0189644209553846
00-0036754,Brock Wright,TE,DET,2029,30.761806981519506,2.8993130972990624,32.32734103488455,Medium,0.0066882212938757,0.02328516780667057,0.01773221922196824
00-0039074,Davis Allen,TE,LA,2029,28.57426420260096,2.9057757010584155,45.620678506617125,High,0.0066882212938757,0.02328516780667057,0.01773221922196824
00-0036422,Adam Trautman,TE,DEN,2029,32.568788501026695,2.2659146048605474,32.629170309991885,Medium,0.0066882212938757,0.02328516780667057,0.01773221922196824
00-0039144,Luke Musgrave,TE,GB,2029,28.9958932238193,2.8579154347572984,41.153982260505096,Medium,0.0066882212938757,0.02328516780667057,0.01773221922196824
00-0041084,Tanner Koziol,TE,JAX,2029,25.5927446954141,2.9619822965505955,44.429734448258934,Rookie-Medium,0.0066882212938757,0.02328516780667057,0.02146912414951519
00-0039912,Ben Sinnott,TE,WAS,2029,27.21629021218343,2.7968587697058815,33.00293348252941,Medium,0.0066882212938757,0.02328516780667057,0.0189644209553846
00-0039041,Elijah Higgins,TE,ARI,2029,28.845311430527037,2.788018883026626,47.39632101145264,High,0.0066882212938757,0.02328516780667057,0.0169839308650146
00-0041577,Connor Hulstein,TE,NYJ,2029,3,2.9995660429367432,44.99349064405115,Rookie-Medium,0.0066882212938757,0.24092910962816763,0.05040136783035073
00-0037004,Hunter Long,TE,ARI,2029,31.035592060232716,2.63517578588677,27.669345751811086,Low,0.0066882212938757,0.02328516780667057,0.01773221922196824
00-0040187,Mitchell Evans,TE,CAR,2029,26.290896646132783,2.845094156908143,42.81866706146755,High,0.0066882212938757,0.02328516780667057,0.0189644209553846
00-0034981,Foster Moreau,TE,HOU,2029,32.322381930184804,2.163941540024664,22.72138617025897,Low,0.0066882212938757,0.02328516780667057,0.01773221922196824
00-0037805,Jeremy Ruckert,TE,NYJ,2029,29.05612594113621,2.611982782001556,39.31034086912342,High,0.0066882212938757,0.02328516780667057,0.01773221922196824
00-0041503,Nate Boerkircher,TE,JAX,2029,27.99110198494182,2.5825352126031964,38.738028189047945,Rookie-Medium,0.0066882212938757,0.02328516780667057,0.0189644209553846
00-0038046,Charlie Kolar,TE,LAC,2029,30.5564681724846,2.4960179470698143,35.94265843780533,Medium,0.0066882212938757,0.02328516780667057,0.01773221922196824
00-0038589,Josh Whyle,TE,GB,2029,29.981519507186857,2.557024642393047,25.18669272757151,Low,0.0066882212938757,0.02328516780667057,0.01773221922196824
00-0040879,Matthew Hibner,TE,BAL,2029,27.48186173853525,2.4959423592704044,37.43913538905607,Rookie-Medium,0.0066882212938757,0.02328516780667057,0.0189644209553846
00-0038547,Luke Schoonmaker,TE,DAL,2029,30.926078028747433,2.323885256383108,34.974473108565775,High,0.0066882212938757,0.02328516780667057,0.01773221922196824
00-0035631,Drew Sample,TE,CIN,2029,33.37645448323066,1.6418578966313822,22.575546078681505,Medium,0.0066882212938757,0.02328516780667057,0.01773221922196824
00-0034365,Ian Thomas,TE,LV,2029,33.23682409308692,1.669662991929544,19.70202330476862,Medium,0.0066882212938757,0.02328516780667057,0.01773221922196824
00-0037086,Grant Calcaterra,TE,PHI,2029,30.742642026009584,2.2601030934143327,26.669216502289128,Medium,0.0066882212938757,0.02328516780667057,0.01773221922196824
00-0038783,Nate Adkins,TE,DEN,2029,30.148528405201915,2.3085332011146455,22.73905203097926,Low,0.0066882212938757,0.02328516780667057,0.01773221922196824
00-0033217,Mo Alie-Cox,TE,IND,2029,35.95003422313484,1.0819613780805546,14.173694052855264,Medium,0.0066882212938757,0.02328516780667057,0.01773221922196824
00-0040901,Jaren Kanak,TE,TEN,2029,25.55715263518138,2.4342237900944372,36.51335685141656,Rookie-Medium,0.0066882212938757,0.02328516780667057,0.05040136783035073
00-0039359,Cade Stover,TE,HOU,2029,29.220396988364133,2.3148323592053757,22.80109873817295,Low,0.0066882212938757,0.02328516780667057,0.01773221922196824
00-0033246,Johnny Mundt,TE,PHI,2029,34.77275838466803,1.2729870574105737,17.50357203939539,Medium,0.0066882212938757,0.02328516780667057,0.01773221922196824
00-0040887,Josh Cuevas,TE,BAL,2029,26.93429158110883,2.292541047956975,34.38811571935463,Rookie-Medium,0.0066882212938757,0.02328516780667057,0.0189644209553846
00-0040244,Moliki Matavao,TE,NO,2029,26.460643394934976,2.2806542683339712,18.24523414667177,Low,0.0066882212938757,0.02328516780667057,0.0189644209553846
00-0038720,Julian Hill,TE,NE,2029,29.14647501711157,2.2142348792822077,29.00647691859692,Medium,0.0066882212938757,0.02328516780667057,0.01773221922196824
00-0036628,John Bates,TE,WAS,2029,31.8186173853525,1.9310187519777837,24.041183462123406,Medium,0.0066882212938757,0.02328516780667057,0.01773221922196824
00-0041398,Riley Nowakowski,TE,PIT,2029,27.17248459958932,2.182809927244826,32.74214890867239,Rookie-Medium,0.0066882212938757,0.02328516780667057,0.0189644209553846
00-0041087,Joe Royer,TE,CLE,2029,27.514715947980836,2.172301413445477,32.58452120168216,Rookie-Medium,0.0066882212938757,0.02328516780667057,0.0189644209553846
00-0041579,Seydou Traore,TE,MIA,2029,27.05475701574264,2.101994667258916,31.529920008883742,Rookie-Medium,0.0066882212938757,0.02328516780667057,0.0189644209553846
00-0041094,Bauer Sharp,TE,TB,2029,26.33196440793977,2.143566163809953,32.1534924571493,Rookie-Medium,0.0066882212938757,0.02328516780667057,0.0189644209553846
00-0040363,Keleki Latu,TE,BUF,2029,27.05201916495551,2.073826256679415,16.59061005343532,Low,0.0066882212938757,0.02328516780667057,0.0189644209553846
00-0036887,Luke Farrell,TE,SF,2029,31.88158795345654,1.7622694658966973,25.37668030891244,Medium,0.0066882212938757,0.02328516780667057,0.01773221922196824
00-0041131,Carsen Ryan,TE,CLE,2029,26.030800821355236,2.0520989638589984,30.781484457884975,Rookie-Medium,0.0066882212938757,0.02328516780667057,0.0189644209553846
00-0038809,Ben Sims,TE,MIA,2029,29.2943189596167,1.965058252372583,15.720466018980664,Low,0.0066882212938757,0.02328516780667057,0.01773221922196824
00-0038394,Will Mallory,TE,IND,2029,30.195071868583163,1.908655138778151,15.269241110225208,Low,0.0066882212938757,0.02328516780667057,0.01773221922196824
00-0040955,John Michael Gyllenborg,TE,KC,2029,27.0684462696783,1.847061787744605,27.705926816169075,Rookie-Medium,0.0066882212938757,0.02328516780667057,0.0189644209553846
00-0041366,Jameson Geers,TE,ARI,2029,26.73990417522245,1.8932383324382198,28.398574986573298,Rookie-Medium,0.0066882212938757,0.02328516780667057,0.0189644209553846
00-0039737,Tip Reiman,TE,ARI,2029,27.955509924709105,1.7877035979465812,14.30162878357265,Low,0.0066882212938757,0.02328516780667057,0.0189644209553846
00-0041314,Tanner Arkin,TE,NE,2029,26.15400410677618,1.8041968156844352,27.06295223526653,Rookie-Medium,0.0066882212938757,0.02328516780667057,0.0189644209553846
00-0041170,Hayden Large,TE,CHI,2029,27.432580424366872,1.7496835015025392,26.245252522538088,Rookie-Medium,0.0066882212938757,0.02328516780667057,0.0189644209553846
00-0040938,DJ Rogers,TE,DAL,2029,27.80766598220397,1.71132188794331,25.66982831914965,Rookie-Medium,0.0066882212938757,0.02328516780667057,0.0189644209553846
00-0039050,Payne Durham,TE,TB,2029,29.21218343600274,1.6925052229816206,18.87143323624507,Medium,0.0066882212938757,0.02328516780667057,0.01773221922196824
00-0037755,Jelani Woods,TE,NYJ,2029,30.89596167008898,1.577203993564774,12.617631948518191,Low,0.0066882212938757,0.02328516780667057,0.01773221922196824
00-0041133,Dallen Bentley,TE,DEN,2029,28.66735112936345,1.637754900516437,24.566323507746553,Rookie-Medium,0.0066882212938757,0.02328516780667057,0.01773221922196824
00-0040853,Carson Towt,TE,IND,2029,28.251197809719372,1.637754900516437,24.566323507746553,Rookie-Medium,0.0066882212938757,0.02328516780667057,0.01773221922196824
00-0041180,Quentin Moore,TE,WAS,2029,29.015058179329227,1.637754900516437,24.566323507746553,Rookie-Medium,0.0066882212938757,0.02328516780667057,0.01773221922196824
00-0033757,Robert Tonyan,TE,PIT,2029,35.33949349760438,0.8349285752060154,6.679428601648123,Low,0.0066882212938757,0.02328516780667057,0.01773221922196824
00-0036590,Quintin Morris,TE,JAX,2029,30.61122518822724,1.5117139003509996,19.803452094598093,Medium,0.0066882212938757,0.02328516780667057,0.01773221922196824
00-0037292,Andrew Ogletree,TE,IND,2029,31.095824777549623,1.4252590867853194,18.670894036887685,Medium,0.0066882212938757,0.02328516780667057,0.01773221922196824
00-0036876,Kylen Granson,TE,TEN,2029,31.432580424366872,1.3531653347359727,18.606023352619623,Medium,0.0066882212938757,0.02328516780667057,0.01773221922196824
00-0039530,Brevyn Spann-Ford,TE,DAL,2029,29.680355920602327,1.480751245621245,24.21028286590736,High,0.0066882212938757,0.02328516780667057,0.0169839308650146
00-0033576,Eric Saubert,TE,SEA,2029,35.31485284052019,0.7584227545564217,8.949388503765777,Medium,0.0066882212938757,0.02328516780667057,0.01773221922196824
00-0036429,Charlie Woerner,TE,ATL,2029,31.876112251882272,1.2706953247991073,13.342300910390627,Low,0.0066882212938757,0.02328516780667057,0.01773221922196824
00-0039824,Jared Wiley,TE,KC,2029,28.828884325804243,1.404493579066495,11.23594863253196,Low,0.0066882212938757,0.02328516780667057,0.01773221922196824
00-0034798,Durham Smythe,TE,BAL,2029,34.06365503080082,0.8215969858257769,8.626768351170657,Low,0.0066882212938757,0.02328516780667057,0.01773221922196824
00-0039648,David Martin-Robinson,TE,TEN,2029,29.68309377138946,1.2517049131803668,16.397334362662804,Medium,0.0066882212938757,0.02328516780667057,0.01773221922196824
00-0038710,Blake Whiteheart,TE,CLE,2029,29.444900752908968,1.2320256256047473,14.537902382136018,Medium,0.0066882212938757,0.02328516780667057,0.01773221922196824
00-0040488,Carter Runyon,TE,LV,2029,28.1088295687885,1.1905718376577583,9.524574701262067,Low,0.0066882212938757,0.02328516780667057,0.0189644209553846
00-0031484,Chris Manhertz,TE,NYG,2029,37.392881587953454,0.44452680990201004,3.8007042246621854,Low,0.0066882212938757,0.02328516780667057,0.01773221922196824
00-0038564,Cameron Latu,TE,NE,2029,29.518822724161534,1.1839358775978086,14.740001676092715,Medium,0.0066882212938757,0.02328516780667057,0.01773221922196824
00-0040215,Gavin Bartholomew,TE,MIN,2029,26.34017796030116,1.2063293844605742,16.88861138244804,Low,0.0066882212938757,0.02328516780667057,0.0189644209553846
00-0040225,Thomas Fidone II,TE,NYG,2029,26.94798083504449,1.2063293844605742,9.650635075684594,Low,0.0066882212938757,0.02328516780667057,0.0189644209553846
00-0040509,Ben Yurosek,TE,MIN,2029,27.459958932238195,1.118684079252324,11.019038180635391,Low,0.0066882212938757,0.02328516780667057,0.0189644209553846
00-0039814,Erick All,TE,CIN,2029,28.965776865160848,1.1082352666793178,15.51529373351045,Low,0.0066882212938757,0.02328516780667057,0.01773221922196824
00-0040240,Caleb Lohner,TE,DEN,2029,27.917180013689254,1.1029468244865557,15.44125554281178,Low,0.0066882212938757,0.02328516780667057,0.0189644209553846
00-0036556,Brevin Jordan,TE,HOU,2029,29.127310061601644,1.0794579773341573,15.112411682678202,Low,0.0066882212938757,0.02328516780667057,0.01773221922196824
00-0037078,Cole Turner,TE,MIA,2029,29.46132785763176,1.0584037671676405,14.817652740346967,Low,0.0066882212938757,0.02328516780667057,0.01773221922196824
00-0040390,Jackson Meeks,TE,DET,2029,26.44147843942505,1.0832548068254335,15.16556729555607,Low,0.0066882212938757,0.02328516780667057,0.0189644209553846
00-0040081,Jake Briningstool,TE,KC,2029,26.72895277207392,1.0811654687747076,15.136316562845908,Low,0.0066882212938757,0.02328516780667057,0.0189644209553846
00-0040504,Bryson Nesbit,TE,MIN,2029,26.93429158110883,1.0811654687747076,15.136316562845908,Low,0.0066882212938757,0.02328516780667057,0.0189644209553846
00-0039686,Colson Yankoff,TE,WAS,2029,29.50239561943874,1.0330143761154091,12.861028982636842,Medium,0.0066882212938757,0.02328516780667057,0.01773221922196824
00-0037311,Ko Kieft,TE,TB,2029,31.61327857631759,0.9123538305779842,7.298830644623874,Low,0.0066882212938757,0.02328516780667057,0.01773221922196824
00-0040598,Mark Redman,TE,GB,2029,27.61327857631759,0.9869256293917504,13.816958811484506,Low,0.0066882212938757,0.02328516780667057,0.0189644209553846
00-0037031,Nikola Kalinic,TE,CHI,2029,32.609856262833674,0.757620771509791,6.060966172078328,Low,0.0066882212938757,0.02328516780667057,0.01773221922196824
00-0038498,E.J. Jenkins,TE,PHI,2029,30.82751540041068,0.9107777083555195,7.286221666844156,Low,0.0066882212938757,0.02328516780667057,0.01773221922196824
00-0038145,Thomas Odukoya,TE,KC,2029,32.32511978097194,0.7577049808752858,10.607869732254002,Low,0.0066882212938757,0.02328516780667057,0.01773221922196824
00-0038735,Princeton Fant,TE,DAL,2029,30.477070499657767,0.9066285797246348,7.253028637797079,Low,0.0066882212938757,0.02328516780667057,0.01773221922196824
00-0039263,McCallan Castles,TE,GB,2029,29.746064339493497,0.9290879255117968,13.007230957165154,Low,0.0066882212938757,0.02328516780667057,0.01773221922196824
00-0039936,Thomas Yassmin,TE,GB,2029,29.863791923340177,0.9290879255117968,13.007230957165154,Low,0.0066882212938757,0.02328516780667057,0.01773221922196824
00-0040058,Nick Kallerup,TE,SEA,2029,28.43189596167009,0.9000782560991933,7.695669089648102,Low,0.0066882212938757,0.02328516780667057,0.01773221922196824
00-0036825,Feleipe Franks,TE,CAR,2029,31.692676249144423,0.7958558821242944,9.908405732447465,Medium,0.0066882212938757,0.02328516780667057,0.01773221922196824
00-0039075,Puka Nacua,WR,LA,2029,28.259411362080765,14.307550675987812,233.92845355240075,High,0.8224034779177342,0.9349944451027792,0.10643130155166285
00-0036900,Ja'Marr Chase,WR,CIN,2029,29.50239561943874,12.781721303990006,208.9811433202366,High,0.7203704783552609,0.8281449303475483,0.07011809502464342
00-0038543,Jaxon Smith-Njigba,WR,SEA,2029,27.54483230663929,13.29707385253668,226.05025549312356,High,0.7534942022914112,0.8008226161770149,0.0798715645954408
00-0036963,Amon-Ra St. Brown,WR,DET,2029,29.855578370978783,11.099903453660005,188.69835871222008,High,0.6525828325661439,0.8419199309813561,0.03750581188103934
00-0036322,Justin Jefferson,WR,MIN,2029,30.21149897330595,9.370388002141944,159.29659603641304,High,0.2968122208754631,0.6267104023379949,0.22646052435823127
00-0036410,Tee Higgins,WR,CIN,2029,30.61943874058864,8.6541192289583,135.8696718946453,High,0.32003919965171657,0.6691739954275361,0.02769118132140576
00-0037238,Drake London,WR,ATL,2029,28.10609171800137,11.503295785971732,158.1703170571113,Medium,0.3562683568417204,0.6243438010754453,0.06447220953330665
00-0036358,CeeDee Lamb,WR,DAL,2029,30.40041067761807,8.920149839645623,128.45015769089696,Medium,0.4578810181219962,0.8412370031709686,0.13419575041705337
00-0031381,Davante Adams,WR,LA,2029,36.686516084873375,2.74106876462817,41.25308490765396,High,0.2341549144826781,0.49577912686247105,0.06931475300055653
00-0036554,Nico Collins,WR,HOU,2029,30.45516769336071,8.544915137399698,134.15516765717527,High,0.3611871893177159,0.7514967273498213,0.07493934606898876
00-0039337,Malik Nabers,WR,NYG,2029,26.096509240246405,11.052581217707598,94.49956941139995,Low,0.24616292519599264,0.632980221857553,0.10831139501457202
00-0035676,A.J. Brown,WR,NE,2029,32.17180013689254,6.081693377006261,95.4825860189983,High,0.4037885615752464,0.6706670666100123,0.02836617251172512
00-0037247,George Pickens,WR,DAL,2029,28.49486652977413,10.389266541946615,176.61753121309246,High,0.3363764316213861,0.6607733020683991,0.08434752680134266
00-0037239,Chris Olave,WR,NO,2029,29.17932922655715,9.712438362064132,158.79836721974857,High,0.28313590885551815,0.6071756523148876,0.05193382386646539
00-0039067,Rashee Rice,WR,KC,2029,29.360027378507873,9.41240694580317,104.94833744570535,Medium,0.4405941008188253,0.7190561266061534,0.0859057875935818
00-0039064,Zay Flowers,WR,BAL,2029,28.971252566735114,9.811855102269574,166.80153673858274,High,0.237902648555077,0.747103967541587,0.04184386310098842
00-0037240,Jameson Williams,WR,DET,2029,28.43463381245722,10.048939099972857,170.8319646995386,High,0.0930874243313735,0.6645515069780689,0.1294632959069212
00-0040129,Emeka Egbuka,WR,TB,2029,26.88227241615332,9.980801892223877,169.6736321678059,High,0.07426460677645685,0.5450132069948004,0.187018654381488
00-0039893,Brian Thomas Jr.,WR,JAX,2029,26.89869952087611,9.944730396954888,149.66819247417106,High,0.1015716923793112,0.5136890557641072,0.2612995833581429
00-0038117,Wan'Dale Robinson,WR,TEN,2029,28.65366187542779,9.50629615125623,155.42794207303936,High,0.1571264626352161,0.5033774096239327,0.16430573563146816
00-0040124,Tetairoa McMillan,WR,CAR,2029,26.408624229979463,9.892045540367336,168.16477418624473,High,0.07728759968704439,0.460636393287192,0.08462309149511879
00-0038544,Quentin Johnston,WR,LAC,2029,27.985626283367555,9.70749036804858,139.78786129989956,Medium,0.18442336734683148,0.6355079387756286,0.08460152089160147
00-0034348,Courtland Sutton,WR,DEN,2029,33.893908281998634,3.897538271094931,66.25815060861383,High,0.1245943052617096,0.5128657663292383,0.04715759250080922
00-0039915,Ladd McConkey,WR,LAC,2029,27.804928131416837,9.481357892133213,155.02020153637804,High,0.04099879880069505,0.4425782163569913,0.13958514791744267
00-0037664,Alec Pierce,WR,IND,2029,29.33264887063655,8.441302333942689,132.5284466429002,High,0.06771282959059725,0.3436313941386807,0.1312180400518086
00-0035640,DK Metcalf,WR,PIT,2029,31.71457905544148,5.633699231791068,88.44907793911976,High,0.0912331381353604,0.6730309321536126,0.03520386927362763
00-0036912,DeVonta Smith,WR,PHI,2029,30.797399041752225,6.603193064048025,112.25428208881642,High,0.06563601820540828,0.2956952441205029,0.06049387996327051
00-0035659,Terry McLaurin,WR,WAS,2029,33.96235455167694,3.6430467021049138,45.355931441206174,Medium,0.15159513402474642,0.3674535834873297,0.03350840721787543
00-0036613,Jaylen Waddle,WR,DEN,2029,30.76728268309377,6.502698665677516,106.3191231838274,High,0.04836809823088802,0.29337628618452,0.02810863016413853
00-0037740,Garrett Wilson,WR,NYJ,2029,29.11088295687885,8.051746616142255,84.54333946949367,Low,0.17511408646661417,0.44318486918884664,0.09711159033207468
00-0041438,Carnell Tate,WR,TEN,2029,24.61533196440794,9.098823530434231,136.48235295651347,Rookie-Medium,0.0621724182745371,0.23305325414693903,0.20061129095955132
00-0038124,Christian Watson,WR,GB,2029,30.307323750855577,6.693460192735032,83.33357939955114,Medium,0.09127264204882148,0.29860795976475174,0.08196110591235191
00-0038559,Michael Wilson,WR,ARI,2029,29.521560574948666,7.444923358727898,126.56369709837426,High,0.08965559005966021,0.350225829362457,0.07953731531671092
00-0041029,Jordyn Tyson,WR,NO,2029,25.05338809034908,8.647732137202158,129.71598205803238,Rookie-Medium,0.0621724182745371,0.23305325414693903,0.16970498929629352
00-0036259,Jauan Jennings,WR,MIN,2029,32.14442162902122,4.701795111118973,73.81818324456788,High,0.08054454102566758,0.3872455816834068,0.0374215147970553
00-0038994,Jordan Addison,WR,MIN,2029,27.594113620807665,8.41620867380963,126.66394054083493,High,0.1001095459187864,0.3457257374476817,0.16715258417660792
00-0039919,Rome Odunze,WR,CHI,2029,27.246406570841888,8.359550168376375,114.94381481517514,Medium,0.07990301448236192,0.22835887273357944,0.07943073886046213
00-0041511,Omar Cooper Jr.,WR,NYJ,2029,25.715947980835043,8.527272050919592,127.90908076379388,Rookie-Medium,0.03429867257819892,0.19900272979163416,0.1565319427910622
00-0036252,Michael Pittman,WR,PIT,2029,31.90622861054073,4.8216129359721025,81.96741991152574,High,0.02986862571498036,0.3193852674135192,0.04794990053567647
00-0031588,Stefon Diggs,WR,WAS,2029,35.75564681724846,2.3289333865355206,39.59186757110385,High,0.12843505498933488,0.37798143741083984,0.07580674473572693
00-0034960,Jakobi Meyers,WR,JAX,2029,32.80971937029432,3.9991931753189647,65.38680841646507,High,0.10198875731875764,0.3763313413340989,0.10388280471114436
00-0031408,Mike Evans,WR,SF,2029,36.02943189596167,2.195938668303682,24.484716151586056,Medium,0.06386950888324595,0.21332522802624576,0.06892189905862425
00-0040867,Makai Lemon,WR,PHI,2029,25.247775496235455,8.179316244234185,122.68974366351277,Rookie-Medium,0.03173360999749166,0.1567915947910262,0.1379512241046126
00-0041547,KC Concepcion,WR,CLE,2029,24.93566050650239,8.366040110316908,125.49060165475362,Rookie-Medium,0.03984218202945458,0.15076868165845683,0.1263285204990158
00-0041035,De'Zhaun Stribling,WR,SF,2029,26.704312114989733,7.894210703738371,118.41316055607557,Rookie-Medium,0.03442609148503509,0.3696364633373261,0.20634696055712656
00-0035719,Deebo Samuel Sr.,WR,SF,2029,33.628336755646814,3.3394995780923646,54.60081810181017,High,0.03169902779797374,0.4287744448027455,0.0631113578891654
00-0039849,Marvin Harrison Jr.,WR,ARI,2029,27.057494866529773,7.606373307873864,104.58763298326562,Medium,0.02304952752309493,0.10634200795201908,0.1429423720665037
00-0039868,Troy Franklin,WR,DEN,2029,26.567419575633128,7.460480058794912,126.8281609995135,High,0.02313956534558353,0.3613902930230892,0.16860642277439356
00-0040735,Luther Burden III,WR,CHI,2029,25.72142368240931,7.604686173702255,119.3935729271254,High,0.01678121125007118,0.30307035871118543,0.18532179649372724
00-0030279,Keenan Allen,WR,IND,2029,37.34633812457221,1.5374347336972352,26.136390472852998,High,0.03569894149000845,0.3393617985619054,0.03226996556888746
00-0039146,Jayden Reed,WR,GB,2029,29.34360027378508,6.330749688628146,58.24289713537893,Low,0.02773195030635388,0.18606781946655424,0.111505765111715
00-0041037,Denzel Boston,WR,CLE,2029,25.7378507871321,7.148463053674855,107.22694580512282,Rookie-Medium,0.01179894468864918,0.09259939391732594,0.17262651529522072
00-0037816,Romeo Doubs,WR,NE,2029,29.38466803559206,6.2354053427376295,101.94887735376025,High,0.0181294794640756,0.21764837812481155,0.04104196702963132
00-0033921,Chris Godwin Jr.,WR,TB,2029,33.51060917180014,3.005842667789976,35.46894347992172,Medium,0.06922909472597676,0.2054478454985779,0.03935455633730588
00-0039901,Keon Coleman,WR,BUF,2029,26.29363449691992,6.800053203567262,93.50073154904985,Medium,0.00986789249870311,0.13768441784695465,0.09244511626724232
00-0037261,Khalil Shakir,WR,BUF,2029,29.576317590691307,5.910576763266796,96.63793007941213,High,0.00961727258795719,0.3194165996182969,0.08031085958686036
00-0034827,DJ Moore,WR,BUF,2029,32.38261464750171,3.5888995838864486,61.01129292606963,High,0.02901866152303144,0.37476435522470414,0.02463705024894858
00-0039916,Ricky Pearsall,WR,SF,2029,28.976728268309376,6.2358474773365185,73.58300023257092,Medium,0.04495612115344907,0.2523109834049352,0.15931808630637018
00-0038606,Parker Washington,WR,JAX,2029,27.449007529089663,6.604095785336502,107.9769660902518,High,0.01183824196120591,0.26018573725015914,0.07431074263949983
00-0041489,Germie Bernard,WR,PIT,2029,25.748802190280628,6.66565862123339,99.98487931850084,Rookie-Medium,0.00841799712432292,0.1373882317792402,0.16430328006071662
00-0036407,Jerry Jeudy,WR,CLE,2029,30.356605065023956,4.812882813081892,81.81900782239217,High,0.01275150770041523,0.1688086485717718,0.10698316927561025
00-0040718,Travis Hunter,WR,JAX,2029,26.290896646132783,6.177577591921913,86.48608628690678,Low,0.00920653780899234,0.2659520618213746,0.23353796357483267
00-0038997,Josh Downs,WR,IND,2029,28.05407255304586,6.127923107218727,100.1915428030262,High,0.00841799712432292,0.15243716883330705,0.11103560883226428
00-0040170,Elic Ayomanor,WR,TEN,2029,26.247091033538673,6.143766441744285,100.45058132251907,High,0.00841799712432292,0.1434122184000325,0.12862692396784134
00-0039894,Xavier Worthy,WR,KC,2029,26.34839151266256,6.143081626821381,92.4533784836618,High,0.0135154722719477,0.25752488278500846,0.30170877177065103
00-0039890,Adonai Mitchell,WR,NYJ,2029,26.89869952087611,6.138484981201703,100.36422944264785,High,0.00841799712432292,0.20574335606669863,0.25451419011774146
00-0038563,Tre Tucker,WR,LV,2029,28.4839151266256,5.936294807875326,100.91701173388054,High,0.02142023236794189,0.32644880075346644,0.08943769732810121
00-0040130,Jayden Higgins,WR,HOU,2029,26.71252566735113,6.112663929313877,103.91528679833591,High,0.01372291556452633,0.10128578597317751,0.2002220596397703
00-0037545,Rashid Shaheed,WR,SEA,2029,31.00273785078713,4.116061150613228,69.97303956042488,High,0.00841799712432292,0.23110047784169013,0.16054230464702451
00-0038608,Kayshon Boutte,WR,HOU,2029,27.320328542094455,5.965039217027353,89.77384021626168,High,0.01481834298024132,0.1361492125372188,0.19506465244419993
00-0039855,Jalen McMillan,WR,TB,2029,27.733744010951405,5.70959797438523,48.81706268099371,Low,0.00841799712432292,0.1478814941260829,0.03890149189136097
00-0034837,Calvin Ridley,WR,TEN,2029,34.698836413415464,1.9301579092493937,20.266658047118632,Low,0.01170316910436892,0.10851197205692292,0.02547177610692247
00-0039491,Jalen Coker,WR,CAR,2029,27.83778234086242,5.537393732228982,72.53985789219966,Medium,0.00841799712432292,0.03390345575058491,0.09162937674121983
00-0033908,Cooper Kupp,WR,SEA,2029,36.21286789869952,1.4224513079423855,23.257078884858004,High,0.00841799712432292,0.11866322582511796,0.0634309205830751
00-0040134,Pat Bryant,WR,DEN,2029,26.72621492128679,5.396463142447545,77.70906925124466,Medium,0.00841799712432292,0.0282850905378907,0.15996187388283442
00-0038393,Dontayvion Wicks,WR,PHI,2029,28.21013004791239,5.200285736724247,74.88411460882917,Medium,0.00841799712432292,0.02429227950500554,0.08879867281551493
00-0040237,Tez Johnson,WR,TB,2029,27.290212183436,5.265400642436032,82.6667900862457,High,0.00841799712432292,0.02429227950500554,0.10603178999299788
00-0040648,Tory Horton,WR,SEA,2029,26.756331279945243,5.170221206293937,57.6479664501774,Medium,0.00841799712432292,0.02885953863054032,0.07613952975871399
00-0040705,Chimere Dike,WR,TEN,2029,27.71457905544148,5.086368062735555,86.46825706650444,High,0.00841799712432292,0.02429227950500554,0.10507315619832051
00-0038104,Tyquan Thornton,WR,KC,2029,29.067077344284737,4.662487561637134,64.10920397251058,Medium,0.00841799712432292,0.05332561984736656,0.15422780156031962
00-0040667,Matthew Golden,WR,GB,2029,26.085557837097877,4.956417180242753,74.59407856265344,High,0.0111537297382739,0.1514955954295678,0.13201150629229794
00-0035662,Marquise Brown,WR,PHI,2029,32.242984257357975,2.6524161869823653,43.36700465716167,High,0.00981248957693295,0.11248765356627564,0.02507180775738181
00-0038621,DeMario Douglas,WR,NE,2029,28.730321697467488,4.546143612363594,74.32944806214478,High,0.00841799712432292,0.02429227950500554,0.07732820715525711
00-0039342,Xavier Legette,WR,CAR,2029,28.587953456536617,4.5712545016809605,71.76869567639108,High,0.01239642627533662,0.14167291255750958,0.16472915253849268
00-0036309,Darnell Mooney,WR,NYG,2029,31.840520191649556,2.7925651227301977,43.843272426864104,High,0.00841799712432292,0.09093455480749162,0.14815474009179697
00-0037837,Calvin Austin III,WR,NYG,2029,30.44147843942505,3.604326544313087,54.24511449191196,High,0.00841799712432292,0.02429227950500554,0.08018721925681373
00-0038976,Marvin Mims Jr.,WR,DEN,2029,27.45448323066393,4.643179845032319,72.8979235670074,High,0.00841799712432292,0.0276158418743433,0.2101698037126616
00-0038679,Tyrell Shavers,WR,BUF,2029,30.039014373716633,3.8179364760646552,50.014967836446985,Medium,0.00841799712432292,0.0666020393125863,0.03022664077668603
00-0037291,Jalen Nailor,WR,LV,2029,30.50171115674196,3.4869563377770905,59.278257742210535,High,0.00841799712432292,0.02429227950500554,0.03905574455079965
00-0038619,Andrei Iosivas,WR,CIN,2029,29.88021902806297,3.838133097989826,60.258689638440266,High,0.00841799712432292,0.02429227950500554,0.04096388792718797
00-0038618,Xavier Hutchinson,WR,HOU,2029,29.250513347022583,4.083451107263801,66.76442560376314,High,0.00841799712432292,0.02429227950500554,0.0415604458647379
00-0039424,Devaughn Vele,WR,NO,2029,31.720054757015745,2.687108223109722,31.70787703269472,Medium,0.00841799712432292,0.02429227950500554,0.08524203397224013
00-0033555,Mack Hollins,WR,NE,2029,35.95824777549623,1.1915635389416743,17.9330312610722,High,0.00841799712432292,0.08965471666958123,0.09087295515459606
00-0040782,Isaiah Bond,WR,CLE,2029,25.46406570841889,4.3870481448952425,68.8766558748553,High,0.00841799712432292,0.02429227950500554,0.1267686089812809
00-0040729,Jack Bech,WR,LV,2029,26.704312114989733,4.263729484554229,64.16912874254115,High,0.00841799712432292,0.03161879097000354,0.07098906869860931
00-0039410,Ryan Flournoy,WR,DAL,2029,29.847364818617383,3.5348102964620916,55.49652165445484,High,0.00841799712432292,0.02429227950500554,0.05012603124864257
00-0037614,John Metchie III,WR,CAR,2029,29.12183436002738,3.8379694484941003,55.26676005831504,Medium,0.00841799712432292,0.04379276140837356,0.12356571152477558
00-0035208,Olamide Zaccheaus,WR,ATL,2029,32.1088295687885,2.2990534434119856,34.60075432335039,High,0.00841799712432292,0.02429227950500554,0.18601598379664025
00-0040727,Tre Harris,WR,LAC,2029,27.50650239561944,4.082622921502519,66.7508847665662,High,0.00841799712432292,0.03673320801347403,0.15362788449425482
00-0040131,Kyle Williams,WR,NE,2029,26.800136892539356,4.079212487550568,61.392147937636054,High,0.00841799712432292,0.02813303911767363,0.09062298923960724
00-0035535,Darius Slayton,WR,NYG,2029,32.634496919917865,2.0741119800917756,31.215385300381225,High,0.00841799712432292,0.02623462115903429,0.08334668051756143
00-0040669,Isaac TeSlaa,WR,DET,2029,27.528405201916495,4.016927630501751,60.45476083905136,High,0.00841799712432292,0.02411490185716993,0.12006502201997078
00-0032775,Demarcus Robinson,WR,SF,2029,34.94524298425736,1.3200434532556724,19.866653971497872,High,0.00841799712432292,0.02365028586273381,0.04170774420369674
00-0041525,Chris Bell,WR,MIA,2029,25.234086242299796,4.034213354932803,60.51320032399205,Rookie-Medium,0.04841037517634036,0.07276989826087965,0.03183416287353982
00-0041042,Malachi Fields,WR,NYG,2029,26.017111567419576,3.905354838255943,58.58032257383914,Rookie-Medium,0.01071181427010586,0.03790121533831749,0.08493893814732038
00-0041523,Caleb Douglas,WR,MIA,2029,25.978781656399725,4.0029887092123415,60.044830638185125,Rookie-Medium,0.01071181427010586,0.03790121533831749,0.1066219346991038
00-0039880,Malik Washington,WR,MIA,2029,28.86447638603696,3.6696373804013502,62.38383546682295,High,0.00841799712432292,0.02365028586273381,0.08419098726193294
00-0034775,Christian Kirk,WR,SF,2029,32.785078713210126,1.9130793532518888,25.061339527599742,Medium,0.00841799712432292,0.04172338784500706,0.0311108967576865
00-0040870,Ja'Kobi Lane,WR,BAL,2029,25.072553045859,3.9118369651835625,58.67755447775344,Rookie-Medium,0.00841799712432292,0.03369782056563513,0.0408205144110949
00-0033307,Kendrick Bourne,WR,ARI,2029,34.07734428473648,1.475728766405427,22.209717934401677,High,0.00841799712432292,0.02623462115903429,0.04194555327371303
00-0041048,Ted Hurst III,WR,TB,2029,25.16563997262149,3.864036071932866,57.96054107899299,Rookie-Medium,0.00841799712432292,0.03369782056563513,0.07925263819814536
00-0036988,Josh Palmer,WR,BUF,2029,29.94318959616701,3.1501329624561056,43.314328233771455,Medium,0.00841799712432292,0.0244189133073239,0.03601384103571837
00-0041044,Zachariah Branch,WR,ATL,2029,25.42573579739904,3.769593237140613,56.543898557109195,Rookie-Medium,0.00841799712432292,0.030392272039686,0.04879609106964356
00-0039355,Luke McCaffrey,WR,WAS,2029,28.415468856947296,3.521319253623423,41.551567192756394,Medium,0.00841799712432292,0.02429227950500554,0.04622809732470938
00-0035406,Lil'Jordan Humphrey,WR,DEN,2029,31.369609856262834,2.2846258362301315,23.98857128041638,Low,0.00841799712432292,0.02429227950500554,0.03001726513753819
00-0036849,Tutu Atwell,WR,LA,2029,29.902121834360027,2.9772557926973957,33.196402088575965,Medium,0.00841799712432292,0.0276158418743433,0.0583558701226819
00-0037801,KaVontae Turpin,WR,DAL,2029,33.08076659822039,1.652235507091776,25.940097461340883,High,0.00841799712432292,0.02429227950500554,0.02829438850477124
00-0036626,Dyami Brown,WR,WAS,2029,29.833675564681723,2.9726987974954806,38.94235424719079,Medium,0.00841799712432292,0.02898391119955746,0.16493043837315668
00-0037666,Jalen Tolbert,WR,MIA,2029,30.509924709103355,2.6449527535421784,36.36810036120495,Medium,0.00841799712432292,0.02365028586273381,0.12161111608476376
00-0033375,Tim Patrick,WR,NYJ,2029,35.772073921971256,0.9917036222970769,14.280532161077907,Medium,0.00841799712432292,0.02365028586273381,0.02903977807698396
00-0036550,Rashod Bateman,WR,BAL,2029,29.757015742642025,2.938984300809841,42.32137393166171,Medium,0.02606637707427452,0.10231826532522814,0.1493894201900083
00-0038977,Tank Dell,WR,HOU,2029,29.84188911704312,2.8409044693339833,39.77266257067576,Low,0.00972087701313018,0.0472926209662367,0.05726659248568474
00-0031235,Odell Beckham Jr.,WR,NYG,2029,36.82067077344285,0.7816046567740654,10.942465194836917,Low,0.01536231520548509,0.12668129407808149,0.06769752885424139
00-0041047,Chris Brazzell II,WR,CAR,2029,25.85831622176591,3.4099694282404247,51.14954142360637,Rookie-Medium,0.00841799712432292,0.030392272039686,0.09795817374464204
00-0039739,Roman Wilson,WR,PIT,2029,28.201916495550993,3.232593631248553,38.144604848732925,Medium,0.00841799712432292,0.02377727643978876,0.07885378722422569
00-0032464,Kalif Raymond,WR,CHI,2029,35.06570841889117,1.0022114103310866,15.73471914219806,High,0.00841799712432292,0.02365028586273381,0.02329533707709679
00-0039792,Devontez Walker,WR,BAL,2029,28.201916495550993,3.0490348410455486,33.996738477657864,Medium,0.00841799712432292,0.02365028586273381,0.03039857747626876
00-0041040,Antonio Williams,WR,WAS,2029,25.132785763175907,3.15701470334256,47.3552205501384,Rookie-Medium,0.00841799712432292,0.04062927864389099,0.06293134591786467
00-0036980,Elijah Moore,WR,PHI,2029,29.431211498973305,2.730264783915135,32.2171244501986,Medium,0.02816411291174189,0.09865714619940924,0.1727352033517401
00-0040277,Jahdae Walker,WR,CHI,2029,27.15879534565366,3.038771890355106,29.931903119997795,Low,0.00841799712432292,0.02365028586273381,0.02903977807698396
00-0040138,Jaylin Noel,WR,HOU,2029,26.991786447638603,3.0066658647288778,51.113319700390925,High,0.00841799712432292,0.02377727643978876,0.04890948606568744
00-0037741,Jahan Dotson,WR,ATL,2029,29.444900752908968,2.641560308415982,41.472496842130916,High,0.02606637707427452,0.10231826532522814,0.22393369965719195
00-0035359,David Sills,WR,TB,2029,34.26078028747433,1.10762148500069,15.229795418759489,Medium,0.00841799712432292,0.02365028586273381,0.03859884225704478
00-0041070,Reggie Virgil,WR,ARI,2029,25.299794661190965,2.920078571098319,43.80117856647479,Rookie-Medium,0.00841799712432292,0.02365028586273381,0.03390254469680583
00-0037524,Tay Martin,WR,DET,2029,31.71457905544148,1.704933043890147,13.639464351121177,Low,0.00841799712432292,0.02365028586273381,0.02560957708790412
00-0037742,Treylon Burks,WR,WAS,2029,29.442162902121833,2.493414246012932,27.80156884304419,Medium,0.01259924767495705,0.08148131918273455,0.11891872858939224
00-0040164,Jaylin Lane,WR,WAS,2029,27.33675564681725,2.713371248613898,42.5999286032382,High,0.00841799712432292,0.02365028586273381,0.0379304657498383
00-0040581,Dont'e Thornton Jr.,WR,LV,2029,26.753593429158112,2.704663040256967,35.43108582736627,Medium,0.00841799712432292,0.02365028586273381,0.04692212231784226
00-0040876,Elijah Sarratt,WR,BAL,2029,26.263518138261464,2.702088205353586,40.53132308030379,Rookie-Medium,0.00841799712432292,0.02365028586273381,0.01838048484786746
00-0041069,Colbie Young,WR,CIN,2029,27.10677618069815,2.702088205353586,40.53132308030379,Rookie-Medium,0.00841799712432292,0.02365028586273381,0.01838048484786746
00-0041004,Chase Roberts,WR,LV,2029,3,2.8994544953462404,43.491817430193606,Rookie-Medium,0.07134878151248232,0.1371022280641759,0.05934437368086514
00-0041067,Bryce Lance,WR,NO,2029,27.032854209445585,2.6638905538263424,39.95835830739514,Rookie-Medium,0.00841799712432292,0.02365028586273381,0.01838048484786746
00-0038359,Xavier Smith,WR,LA,2029,31.944558521560573,1.5342802776257736,25.0854825391814,High,0.00841799712432292,0.02365028586273381,0.03039857747626876
00-0040317,Jacoby Jones,WR,WAS,2029,28.12251882272416,2.6165982617742256,20.932786094193805,Low,0.00841799712432292,0.02429227950500554,0.03039857747626876
00-0038728,Jared Wayne,WR,HOU,2029,28.90006844626968,2.482531361712628,19.860250893701025,Low,0.00841799712432292,0.07536660622222138,0.06877300001993215
00-0034407,Ray-Ray McCloud,WR,CHI,2029,32.87816563997262,1.2757963337002103,12.566593886947071,Low,0.00841799712432292,0.02365028586273381,0.01860357285084174
00-0041446,Kendrick Law,WR,DET,2029,25.217659137577,2.6847589826057288,40.27138473908593,Rookie-Medium,0.00841799712432292,0.02703791078305182,0.06517228531495815
00-0040930,Camden Brown,WR,DAL,2029,25.321697467488026,2.6552481599427726,39.82872239914159,Rookie-Medium,0.00841799712432292,0.02365028586273381,0.0304349016685427
00-0041100,Josh Cameron,WR,JAX,2029,26.457905544147845,2.5826656029003705,38.73998404350556,Rookie-Medium,0.00841799712432292,0.02365028586273381,0.01838048484786746
00-0040590,Konata Mumpfield,WR,LA,2029,26.854893908282,2.560198335222291,31.874469273517523,Medium,0.00841799712432292,0.02365028586273381,0.01838048484786746
00-0039062,Jonathan Mingo,WR,DAL,2029,28.366187542778917,2.501081931954854,23.009953773984652,Low,0.00841799712432292,0.04390561268659108,0.09480670067435364
00-0039751,Jordan Whittington,WR,LA,2029,28.916495550992472,2.415947010802923,37.93036806960589,High,0.00841799712432292,0.02365028586273381,0.01838048484786746
00-0041051,Zavion Thomas,WR,CHI,2029,25.546201232032853,2.6204123115618825,39.306184673428234,Rookie-Medium,0.00841799712432292,0.02365028586273381,0.03183416287353982
00-0037091,Bo Melton,WR,GB,2029,30.290896646132783,1.978408666824511,28.48908480227296,Medium,0.00841799712432292,0.02365028586273381,0.01818415184632818
00-0041374,Sincere Brown,WR,LAC,2029,3,2.604871704852797,39.07307557279196,Rookie-Medium,0.07134878151248232,0.1371022280641759,0.05934437368086514
00-0040948,J. Michael Sturdivant,WR,GB,2029,26.98631074606434,2.4112048815214733,36.1680732228221,Rookie-Medium,0.00841799712432292,0.02365028586273381,0.01838048484786746
00-0040953,Jeff Caldwell,WR,KC,2029,26.50171115674196,2.4112048815214733,36.1680732228221,Rookie-Medium,0.00841799712432292,0.02365028586273381,0.01838048484786746
00-0041451,Brock Rechsteiner,WR,NO,2029,27.030116358658457,2.4112048815214733,36.1680732228221,Rookie-Medium,0.00841799712432292,0.02365028586273381,0.01838048484786746
00-0040894,Malik Benson,WR,LV,2029,26.874058863791923,2.3733565114110062,35.600347671165096,Rookie-Medium,0.00841799712432292,0.02365028586273381,0.01838048484786746
00-0041399,CJ Daniels,WR,LA,2029,27.657084188911703,2.3698197629480644,35.54729644422097,Rookie-Medium,0.00841799712432292,0.02365028586273381,0.01838048484786746
00-0040172,Jordan Watkins,WR,SF,2029,27.542094455852155,2.353551813571978,18.828414508575825,Low,0.00841799712432292,0.02365028586273381,0.01838048484786746
00-0032951,Laquon Treadwell,WR,IND,2029,34.21697467488022,0.8841178340438803,8.708560665332222,Low,0.01044948131795593,0.06498581558261816,0.03683713119128893
00-0041106,C.J. Williams,WR,JAX,2029,26.857631759069132,2.3144939728317615,34.71740959247642,Rookie-Medium,0.00841799712432292,0.02365028586273381,0.01838048484786746
00-0041550,Brenen Thompson,WR,LAC,2029,26.1047227926078,2.3044511048310747,34.56676657246612,Rookie-Medium,0.00841799712432292,0.02365028586273381,0.02354417419680337
00-0039451,Isaiah Williams,WR,NYJ,2029,28.587953456536617,2.1763970211566996,34.16943323216018,High,0.00841799712432292,0.02365028586273381,0.01838048484786746
00-0040009,Savion Williams,WR,GB,2029,27.774811772758383,2.2300578778378544,30.6632958202705,Medium,0.00841799712432292,0.02365028586273381,0.05002246808214913
00-0041443,Skyler Bell,WR,BUF,2029,27.15879534565366,2.2256702576106777,33.38505386416016,Rookie-Medium,0.00841799712432292,0.02365028586273381,0.01838048484786746
00-0039379,Jamari Thrash,WR,CLE,2029,28.700205338809035,2.0467996705525975,22.821816326661462,Medium,0.00841799712432292,0.02365028586273381,0.01838048484786746
00-0039920,Malachi Corley,WR,CLE,2029,27.449007529089663,2.132175054048064,29.31740699316088,Medium,0.00841799712432292,0.03161879097000354,0.11316125375603672
00-0038824,Ryan Miller,WR,MIA,2029,29.529774127310063,1.8556833706651152,21.897063773848362,Medium,0.00841799712432292,0.02365028586273381,0.01838048484786746
00-0038640,Jalen Brooks,WR,ARI,2029,29.31895961670089,1.8988630756278448,17.46954029577617,Low,0.00841799712432292,0.02365028586273381,0.01838048484786746
00-0040184,KeAndre Lambert-Smith,WR,LAC,2029,27.876112251882272,2.085599699501802,25.965716258797432,Medium,0.00841799712432292,0.02365028586273381,0.01838048484786746
00-0040432,Beaux Collins,WR,ATL,2029,26.709787816564,2.0673682986046553,17.6759989530698,Low,0.00841799712432292,0.02365028586273381,0.01838048484786746
00-0041005,Corey Rucker,WR,LV,2029,27.229979466119097,2.0513303183598475,30.76995477539771,Rookie-Medium,0.00841799712432292,0.02365028586273381,0.01838048484786746
00-0040218,Jimmy Horn Jr.,WR,CAR,2029,26.969883641341543,1.997514607571548,24.869056864265772,Medium,0.00841799712432292,0.02365028586273381,0.01838048484786746
00-0035021,Ashton Dulin,WR,IND,2029,32.29774127310061,1.073510514248889,14.760769570922223,Medium,0.00841799712432292,0.02365028586273381,0.01860357285084174
00-0038090,Skyy Moore,WR,GB,2029,28.973990417522245,1.8576945502165843,31.580807353681934,High,0.00841799712432292,0.03673320801347403,0.09248673802072808
00-0036646,Simi Fehoko,WR,ARI,2029,31.82135523613963,1.162353003665609,12.204706538488894,Low,0.00841799712432292,0.02365028586273381,0.01838048484786746
00-0041099,Barion Brown,WR,NO,2029,25.72142368240931,2.002373970346324,30.035609555194863,Rookie-Medium,0.00841799712432292,0.02365028586273381,0.01838048484786746
00-0040024,Darius Cooper,WR,PHI,2029,27.774811772758383,1.931574572001766,19.026009534217394,Low,0.00841799712432292,0.02365028586273381,0.02329533707709679
00-0041397,Kaden Wetjen,WR,PIT,2029,27.48186173853525,1.924826810745039,28.872402161175586,Rookie-Medium,0.00841799712432292,0.02365028586273381,0.01838048484786746
00-0039623,Mason Tipton,WR,NO,2029,28.927446954141,1.8151141471592802,20.238522740825974,Medium,0.00841799712432292,0.02365028586273381,0.01838048484786746
00-0040154,Tai Felton,WR,MIN,2029,26.46611909650924,1.88977315099824,25.984380826225802,Medium,0.00841799712432292,0.02365028586273381,0.02562501539909508
00-0041529,Kevin Coleman Jr.,WR,MIA,2029,25.97604380561259,1.895844953048233,28.437674295723497,Rookie-Medium,0.00841799712432292,0.02365028586273381,0.01838048484786746
00-0039236,Johnny Wilson,WR,PHI,2029,28.412731006160165,1.789994803541567,25.059927249581936,Low,0.00841799712432292,0.02365028586273381,0.01838048484786746
00-0038590,Justin Shorter,WR,LV,2029,29.373716632443532,1.6280521480471153,13.024417184376922,Low,0.00841799712432292,0.02365028586273381,0.01838048484786746
00-0040785,Dohnte Meyers,WR,CIN,2029,29.154688569472963,1.6724887834420952,25.087331751631428,Rookie-Medium,0.00841799712432292,0.02365028586273381,0.01838048484786746
00-0036862,Ben Skowronek,WR,PIT,2029,32.18001368925394,1.0009090337173083,16.364862701277993,High,0.00841799712432292,0.02365028586273381,0.02598171474309159
00-0037093,Dareke Young,WR,LV,2029,30.24435318275154,1.4286197353130408,15.929110048740405,Medium,0.00841799712432292,0.02365028586273381,0.02598171474309159
00-0038840,Brycen Tremayne,WR,CAR,2029,29.78713210130048,1.5316567883231478,24.04701157667342,High,0.00841799712432292,0.02365028586273381,0.01838048484786746
00-0039626,Cole Burgess,WR,PIT,2029,29.55441478439425,1.5752038678800253,22.052854150320353,Low,0.00841799712432292,0.02365028586273381,0.01838048484786746
00-0040646,Jalen Royals,WR,KC,2029,26.534565366187543,1.7708629676851997,14.166903741481597,Low,0.00841799712432292,0.02365028586273381,0.01838048484786746
00-0040120,Jimmy Holiday,WR,KC,2029,27.709103353867217,1.7640178030617482,24.696249242864475,Low,0.00841799712432292,0.02365028586273381,0.01838048484786746
00-0040629,Dalevon Campbell,WR,LAC,2029,27.739219712525667,1.7640178030617482,14.112142424493985,Low,0.00841799712432292,0.02365028586273381,0.01838048484786746
00-0035645,Gunner Olszewski,WR,NYG,2029,32.76317590691308,0.8711836680614705,14.243852972805044,High,0.00841799712432292,0.02365028586273381,0.02598171474309159
00-0036630,Tylan Wallace,WR,CLE,2029,30.30458590006845,1.3618971718257935,17.840852950917895,Medium,0.00841799712432292,0.02365028586273381,0.01838048484786746
00-0035045,D.J. Montgomery,WR,IND,2029,32.78781656399726,0.8482394415303182,11.875352181424454,Low,0.00841799712432292,0.02365028586273381,0.01838048484786746
00-0039710,Jeshaun Jones,WR,MIN,2029,29.694045174537987,1.4753935048890032,11.803148039112026,Low,0.00841799712432292,0.02365028586273381,0.01838048484786746
00-0040582,Arian Smith,WR,NYJ,2029,27.889801505817932,1.6862466910203753,24.281952350693405,Medium,0.00841799712432292,0.02365028586273381,0.02023673003675561
00-0037156,Irvin Charles,WR,SEA,2029,32.38535249828884,0.8976395506757419,12.566953709460385,Low,0.00841799712432292,0.02365028586273381,0.01838048484786746
00-0040890,Cyrus Allen,WR,KC,2029,26.55373032169747,1.6635625604777866,24.9534384071668,Rookie-Medium,0.00841799712432292,0.02365028586273381,0.01838048484786746
00-0036463,Chris Blair,WR,ATL,2029,31.903490759753595,0.9639502456805767,7.711601965444614,Low,0.00841799712432292,0.02365028586273381,0.01838048484786746
00-0041132,Deion Burks,WR,IND,2029,26.64681724845996,1.6179504987465572,24.26925748119836,Rookie-Medium,0.00841799712432292,0.02365028586273381,0.01838048484786746
00-0040563,Efton Chism III,WR,NE,2029,27.84873374401095,1.5644181949558087,17.443262873757266,Medium,0.00841799712432292,0.02365028586273381,0.02598171474309159
00-0040570,Jeremiah Webb,WR,NE,2029,28.29226557152635,1.4795076045031024,20.713106463043435,Low,0.00841799712432292,0.02365028586273381,0.01838048484786746
00-0040498,Dontae Fleming,WR,MIN,2029,27.758384668035593,1.4996011069748438,20.994415497647815,Low,0.00841799712432292,0.02365028586273381,0.01838048484786746
00-0038752,Jake Bobo,WR,SEA,2029,31.076659822039694,1.0083997287540176,9.277277504536961,Low,0.00841799712432292,0.02365028586273381,0.01838048484786746
00-0036331,Devin Duvernay,WR,ARI,2029,31.969199178644764,0.8301959449327129,14.11333106385612,High,0.00841799712432292,0.02365028586273381,0.01908358263361093
00-0040621,Montorie Foster Jr,WR,SEA,2029,28.078713210130047,1.415174842159073,19.812447790227022,Low,0.00841799712432292,0.02365028586273381,0.01838048484786746
00-0040352,Coleman Owen,WR,IND,2029,28.44284736481862,1.3836461312595771,11.069169050076617,Low,0.00841799712432292,0.02365028586273381,0.01838048484786746
00-0038573,Derius Davis,WR,LAC,2029,28.971252566735114,1.2671421074715714,16.599561607877586,Medium,0.00841799712432292,0.02365028586273381,0.01860357285084174
00-0039589,Kameron Johnson,WR,TB,2029,27.459958932238195,1.2896215104175843,21.923565677098935,High,0.00841799712432292,0.02365028586273381,0.01860357285084174
00-0039365,Jacob Cowing,WR,SF,2029,28.571526351813823,1.2044839128815168,16.862774780341233,Low,0.00841799712432292,0.02365028586273381,0.01838048484786746
00-0040075,LaJohntay Wester,WR,BAL,2029,27.42710472279261,1.2478406916653173,18.780002409563025,High,0.00841799712432292,0.02365028586273381,0.01838048484786746
00-0038519,Nikko Remigio,WR,KC,2029,29.82546201232033,1.0325077233565798,15.539241236516526,High,0.00841799712432292,0.02365028586273381,0.02598171474309159
00-0040506,Myles Price,WR,MIN,2029,27.709103353867217,1.211351042280334,19.805589541283464,High,0.00841799712432292,0.02365028586273381,0.01838048484786746
00-0040534,Ke'Shawn Williams,WR,CIN,2029,27.67898699520876,1.2104786891340156,15.857270827655604,Medium,0.00841799712432292,0.02365028586273381,0.01838048484786746
00-0034857,Josh Allen,QB,BUF,2030,34.28062970568104,18.09003132320838,295.77201213445704,Low,0.27089711830058477,0.40127465226773473,0.11458604796929224
00-0036389,Jalen Hurts,QB,PHI,2030,32.068446269678304,18.595960036247902,304.04394659265324,Low,0.2517616134269801,0.5085109587813379,0.123761877174656
00-0039851,Drake Maye,QB,NE,2030,28.005475701574262,18.70953465754095,318.0620891781961,Low,0.15408670431196583,0.3081918584035911,0.11987987730272578
00-0036971,Trevor Lawrence,QB,JAX,2030,30.90485968514716,17.254152942479895,293.3206000221582,Low,0.19346833592303153,0.2909220457671949,0.20456624617074565
00-0033873,Patrick Mahomes,QB,KC,2030,34.95687885010267,15.390249832995393,231.62325998658068,Low,0.2314784152188308,0.5515532678282711,0.12996703097519707
00-0034796,Lamar Jackson,QB,BAL,2030,33.648186173853524,16.586848206350762,238.85061417145099,Low,0.1615307702221381,0.3900163875007359,0.2251810855882833
00-0039918,Caleb Williams,QB,CHI,2030,28.78576317590691,17.42731230644253,296.26430920952305,Low,0.12400629454062384,0.3125858488695742,0.16410826187166494
00-0039732,Bo Nix,QB,DEN,2030,30.5160848733744,16.63299271230223,282.7608761091379,Low,0.2185259652053431,0.5754932944590282,0.1144498751016364
00-0036355,Justin Herbert,QB,LAC,2030,32.479123887748116,16.334585285451084,267.07046941712525,Low,0.30371694594695015,0.5095081871395232,0.24309808343816727
00-0037834,Brock Purdy,QB,SF,2030,30.680355920602327,16.47600516772755,194.4168609791851,Low,0.0970784225651303,0.3343886666773152,0.17746928239340692
00-0040691,Jaxson Dart,QB,NYG,2030,27.30458590006845,16.921932330398285,254.6750815724942,Low,0.1675636851651165,0.4037088985073664,0.23450401641481808
00-0039910,Jayden Daniels,QB,WAS,2030,29.70294318959617,16.432088298122217,172.5369271302833,Low,0.2609329400417436,0.4312905934757407,0.2650736314811217
00-0033077,Dak Prescott,QB,DAL,2030,37.09240246406571,11.132306117817686,189.24920400290065,Low,0.16136508924315782,0.4671774226533637,0.09576062450232375
00-0026498,Matthew Stafford,QB,LA,2030,42.56536618754278,5.102488525366359,86.7423049312281,Low,0.10257667709618624,0.27406636012643026,0.12033892083407338
00-0036442,Joe Burrow,QB,CIN,2030,33.72484599589322,15.631760863848584,174.2941336319117,Low,0.1083089350042634,0.43090628535391473,0.19699261924523292
00-0033106,Jared Goff,QB,DET,2030,35.88227241615332,12.757762715793255,216.88196616848535,Low,0.0982311846446125,0.3050560599054735,0.16701132461408258
00-0034855,Baker Mayfield,QB,TB,2030,35.383983572895275,13.308854637571127,226.25052883870916,Low,0.11171593703158876,0.3135136495876387,0.20424628183754567
00-0041562,Fernando Mendoza,QB,LV,2030,26.91854893908282,15.636424099552627,234.5463614932894,Rookie-Low,0.11774289891275308,0.24926864192097695,0.15138344724286296
00-0035710,Daniel Jones,QB,IND,2030,33.26488706365503,14.881182685493282,214.28903067110326,Low,0.09789748793120367,0.2365660266679155,0.1565229681077113
00-0034869,Sam Darnold,QB,SEA,2030,33.24024640657085,14.249411394491586,242.23999370635696,Low,0.06431076915281739,0.18357027275213408,0.21996791479963929
00-0036264,Jordan Love,QB,GB,2030,31.83025325119781,14.312297924720816,224.7030774181168,Low,0.06160021304499454,0.1474435714456381,0.11588722875731594
00-0039923,J.J. McCarthy,QB,MIN,2030,27.613963039014372,14.78972030887348,184.13201784547482,Low,0.05488721221494915,0.18829655548944668,0.22670176818900753
00-0039150,Bryce Young,QB,CAR,2030,29.10335386721424,13.956270033530961,228.18501504823124,Low,0.05131947335894568,0.15968818594551193,0.28013564891560533
00-0039163,C.J. Stroud,QB,HOU,2030,28.91170431211499,14.010150038438084,210.85275807849317,Low,0.07604722084256003,0.20048351113759655,0.17506944376739614
00-0035228,Kyler Murray,QB,MIN,2030,33.06776180698152,13.192948398976402,121.37512527058288,Low,0.1340487070887558,0.371583039352884,0.15357504852308854
00-0036212,Tua Tagovailoa,QB,ATL,2030,32.50102669404517,13.222361937592751,198.99654716077092,Low,0.0268132671966561,0.14546030017163533,0.21158442965186725
00-0040676,Cam Ward,QB,TEN,2030,28.27104722792608,13.581755865441814,230.88984971251082,Low,0.0960176686566084,0.22313080382985487,0.294444438301802
00-0032268,Marcus Mariota,QB,WAS,2030,36.837782340862425,9.283668713068835,115.58167547770698,Low,0.1397797351319537,0.31921028790128514,0.34600059045280934
00-0036945,Justin Fields,QB,KC,2030,31.49349760438056,12.820039413016492,151.2764650735946,Low,0.1592161965347261,0.34476038354059096,0.25384230646189937
00-0023459,Aaron Rodgers,QB,PIT,2030,46.74880219028063,2.2301840183417174,36.463508699887086,Low,0.05809192578395987,0.11891263640479888,0.27847865742012545
00-0041568,Ty Simpson,QB,LA,2030,27.696098562628336,13.20074588558387,198.01118828375806,Rookie-Low,0.11165946982341138,0.23279341684759192,0.18967340397093413
00-0040743,Tyler Shough,QB,NO,2030,30.926762491444215,12.524805185724595,164.0749479329922,Low,0.02870229426802241,0.09023282536269515,0.2316828998397096
00-0026158,Joe Flacco,QB,CIN,2030,45.62354551676933,2.283820845727471,32.88702017847559,Low,0.04319249784938138,0.1057980598428848,0.18783251112599716
00-0030565,Geno Smith,QB,NYJ,2030,39.893223819301845,5.083841634040736,79.81631365443955,Low,0.03939025164996553,0.09748234360317516,0.18632351171023237
00-0033119,Jacoby Brissett,QB,ARI,2030,37.72210814510609,6.872451561556951,103.43039600143211,Low,0.03939025164996553,0.09748234360317516,0.17152185482551904
00-0039917,Michael Penix Jr.,QB,ATL,2030,30.316221765913756,10.922267200299077,128.8827529635291,Low,0.06430641048811452,0.17469328302972492,0.14580187428064034
00-0033869,Mitchell Trubisky,QB,TEN,2030,36.03285420944559,8.576261302569717,73.32703413697108,Low,0.07613855539248987,0.22437113190835775,0.2554720981939282
00-0036972,Mac Jones,QB,SF,2030,31.98904859685147,10.248721720055393,134.25825453272563,Low,0.07475327818312918,0.1895421922638439,0.23913634713007983
00-0032950,Carson Wentz,QB,MIN,2030,37.67008898015058,6.438658856833188,59.235661482865325,Low,0.03817448691633588,0.17154651159322667,0.237542881088698
00-0041561,Carson Beck,QB,ARI,2030,28.78302532511978,10.285128191981881,154.27692287972823,Rookie-Low,0.02767030374363118,0.13628121313124733,0.12952536512575233
00-0039164,Anthony Richardson,QB,IND,2030,28.279260780287473,10.241525453555765,81.93220362844612,Low,0.06860048725520128,0.19398030365016747,0.4699476735429755
00-0041565,Drew Allar,QB,PIT,2030,26.483230663928815,10.173852305901024,152.60778458851536,Rookie-Low,0.02764144658918566,0.1027401903029289,0.14404118675643457
00-0031503,Jameis Winston,QB,NYG,2030,36.65160848733744,6.927989429802304,55.42391543841843,Low,0.0618466222034251,0.17445751224516287,0.29877129044973055
00-0038128,Malik Willis,QB,MIA,2030,31.27173169062286,9.328323004174775,79.75716168569431,Low,0.03182756902347463,0.09696424625721056,0.31793020875561706
00-0041056,Cade Klubnik,QB,NYJ,2030,26.89390828199863,9.64992542527121,144.74888137906814,Rookie-Low,0.05050365218843448,0.15719239784583275,0.17663813220880625
00-0027973,Andy Dalton,QB,PHI,2030,42.84188911704312,2.7679181672706603,23.665700330164142,Low,0.02870229426802241,0.09023282536269515,0.29670144360073414
00-0035704,Drew Lock,QB,SEA,2030,33.80698151950718,8.704036526978838,69.6322922158307,Low,0.02870229426802241,0.09023282536269515,0.2989499388764592
00-0041194,Jack Strand,QB,ATL,2030,26.190280629705683,9.311955031400494,139.67932547100742,Rookie-Low,0.02764144658918566,0.1027401903029289,0.14404118675643457
00-0029604,Kirk Cousins,QB,LV,2030,42.03422313483915,2.9642372255783163,36.90475345845004,Low,0.04899954688579862,0.1533418111318085,0.13593496566645344
00-0041414,Matthew Caldwell,QB,LA,2030,27.277207392197127,8.802568231680535,132.03852347520802,Rookie-Low,0.05050365218843448,0.15719239784583275,0.13011619601416635
00-0041117,Athan Kaliakmanis,QB,WAS,2030,27.033538672142367,8.769418544406912,131.5412781661037,Rookie-Low,0.02764144658918566,0.1027401903029289,0.1630249848722429
00-0040668,Shedeur Sanders,QB,CLE,2030,28.56399726214921,8.353449232794086,93.14095894565406,Low,0.02952512930575262,0.08690859249662629,0.1840091415480842
00-0028118,Tyrod Taylor,QB,GB,2030,41.07871321013005,3.162267773471766,31.148337568696896,Low,0.02613505591858624,0.08440169673430485,0.23252735719409787
00-0033537,Deshaun Watson,QB,CLE,2030,34.965092402464066,7.227517798198215,101.18524917477501,Low,0.07251117847525762,0.18133484751880743,0.1780936221624473
00-0040704,Dillon Gabriel,QB,CLE,2030,29.675564681724847,7.997494025039331,99.56880061173966,Low,0.02870229426802241,0.09023282536269515,0.23123921876761505
00-0038102,Kenny Pickett,QB,CAR,2030,32.238193018480494,7.586421477039928,74.7262515488433,Low,0.04705020049725884,0.14647656337154444,0.2434928792571975
00-0034771,Mason Rudolph,QB,PIT,2030,35.12662559890486,6.710437182775528,61.73602208153485,Low,0.02870229426802241,0.09023282536269515,0.26605093045409983
00-0037012,Trey Lance,QB,LAC,2030,30.313483915126625,7.614298929003655,65.10225584298124,Low,0.08580818771432246,0.17401149374179603,0.29119771935546007
00-0035993,Tyler Huntley,QB,BAL,2030,32.57494866529774,7.5327059058755825,69.30089433405536,Low,0.03182756902347463,0.09696424625721056,0.30272682724166566
00-0041092,Taylen Green,QB,CLE,2030,27.871321013004792,7.82626909825145,117.39403647377175,Rookie-Low,0.02964158027599815,0.10388176007688626,0.132179227069241
00-0041251,Jalon Daniels,QB,TB,2030,27.84120465434634,7.821449338509303,117.32174007763955,Rookie-Low,0.02964158027599815,0.10388176007688626,0.12662071462283797
00-0037077,Sam Howell,QB,DAL,2030,29.95756331279945,7.6047558000463225,106.46658120064852,Low,0.02870229426802241,0.09023282536269515,0.12662071462283797
00-0040234,Quinn Ewers,QB,JAX,2030,27.46611909650924,7.717074063001993,65.98098323866704,Low,0.05041363070846145,0.14596497165319627,0.1848674197857809
00-0040206,Riley Leonard,QB,IND,2030,27.967145790554415,7.7025715245603665,70.86365802595536,Low,0.02857635344976068,0.12794795287463112,0.2311227168793248
00-0036898,Davis Mills,QB,HOU,2030,31.863107460643395,7.33334222511562,72.23342091738886,Low,0.03939025164996553,0.09748234360317516,0.2459578391925684
00-0037013,Zach Wilson,QB,NO,2030,31.080082135523615,7.324110933039677,62.62114847748923,Low,0.06960064634071113,0.21295407576850556,0.24005677081489277
00-0039376,Spencer Rattler,QB,NO,2030,29.924709103353862,7.281533704640215,85.92209771475454,Low,0.03939025164996553,0.09748234360317516,0.2143568574563861
00-0040014,Kyle McCord,QB,MIA,2030,27.95071868583162,7.324497578222896,102.54296609512055,Low,0.02952512930575262,0.08690859249662629,0.12765338365450524
00-0040891,Cole Payton,QB,PHI,2030,27.849418206707735,7.264841806132742,108.97262709199114,Rookie-Low,0.02964158027599815,0.10388176007688626,0.12765338365450524
00-0040906,Garrett Nussmeier,QB,KC,2030,28.566735112936342,7.0806562059232565,106.20984308884884,Rookie-Low,0.02767030374363118,0.13628121313124733,0.12662071462283797
00-0041123,Behren Morton,QB,NE,2030,28.621492128678987,7.0370942708075654,105.55641406211348,Rookie-Low,0.02767030374363118,0.13628121313124733,0.12765338365450524
00-0040673,Jalen Milroe,QB,SEA,2030,27.718001368925393,6.948378443707892,55.587027549663134,Low,0.02752095366765935,0.08555926090980917,0.17806973551133448
00-0038579,Aidan O'Connell,QB,LV,2030,32,6.666849772556019,53.33479818044815,Low,0.02870229426802241,0.09023282536269515,0.12371234725182498
00-0038476,Tommy DeVito,QB,NE,2030,32.068446269678304,6.554554069766957,91.7637569767374,Low,0.02870229426802241,0.09023282536269515,0.12765338365450524
00-0041149,Haynes King,QB,CAR,2030,29.642710472279266,6.674121086721958,100.11181630082937,Rookie-Low,0.02870229426802241,0.09023282536269515,0.12765338365450524
00-0040981,Joe Fagnano,QB,BAL,2030,29.42094455852156,6.658790107688353,99.8818516153253,Rookie-Low,0.02767030374363118,0.13628121313124733,0.12765338365450524
00-0036879,Sam Ehlinger,QB,DEN,2030,31.920602327173167,6.519577390340553,91.27408346476774,Low,0.02870229426802241,0.09023282536269515,0.12662071462283797
00-0033949,Joshua Dobbs,QB,DET,2030,35.597535934291585,5.455192547900076,46.641896284545645,Low,0.02870229426802241,0.09023282536269515,0.4002838973208433
00-0039107,Stetson Bennett,QB,LA,2030,32.84325804243669,6.3668163310570165,89.13542863479823,Low,0.02870229426802241,0.09023282536269515,0.12662071462283797
00-0037327,Skylar Thompson,QB,BAL,2030,33.242984257357975,6.2529032381618475,87.54064533426586,Low,0.02870229426802241,0.09023282536269515,0.12765338365450524
00-0028986,Case Keenum,QB,CHI,2030,42.53798767967146,1.9322158243088008,27.051021540323212,Low,0.02870229426802241,0.09023282536269515,0.12662071462283797
00-0040211,Graham Mertz,QB,HOU,2030,29.73579739904175,6.018036782618593,84.2525149566603,Low,0.02870229426802241,0.09023282536269515,0.12765338365450524
00-0039534,Carter Bradley,QB,JAX,2030,30.480492813141684,5.865520195057455,82.11728273080436,Low,0.02870229426802241,0.09023282536269515,0.12765338365450524
00-0040589,Kurtis Rourke,QB,SF,2030,29.8507871321013,5.858650772965539,82.02111082151754,Low,0.02870229426802241,0.09023282536269515,0.132179227069241
00-0040398,Brady Cook,QB,MIA,2030,28.8870636550308,5.872112403838639,54.02343411531548,Low,0.02952512930575262,0.08690859249662629,0.15521279342317187
00-0038400,Tanner McKee,QB,PHI,2030,30.34633812457221,5.656486114766812,48.36295628125624,Low,0.02870229426802241,0.09023282536269515,0.27696567364255836
00-0035264,Jarrett Stidham,QB,DEN,2030,34.06433949349761,5.376910333583629,43.01528266866903,Low,0.02870229426802241,0.09023282536269515,0.1651271956690788
00-0040203,Will Howard,QB,PIT,2030,28.93634496919918,5.721256803403258,80.09759524764561,Low,0.02952512930575262,0.08690859249662629,0.132179227069241
00-0038416,Tyson Bagent,QB,CHI,2030,30.23134839151266,5.597437765812886,44.77950212650309,Low,0.02870229426802241,0.09023282536269515,0.2170926586721438
00-0034577,Kyle Allen,QB,BUF,2030,34.483230663928815,4.6525714953526345,37.220571962821076,Low,0.02870229426802241,0.09023282536269515,0.17434000657204576
00-0033662,Cooper Rush,QB,ATL,2030,36.77754962354552,3.373046074781611,28.83954393938277,Low,0.02870229426802241,0.09023282536269515,0.1858055636503994
00-0037324,Chris Oladokun,QB,KC,2030,32.99383983572895,4.084316304085119,32.67453043268095,Low,0.02870229426802241,0.09023282536269515,0.24879614610135536
00-0035289,Gardner Minshew,QB,ARI,2030,34.2943189596167,3.31792095779314,28.368224189131343,Low,0.02870229426802241,0.09023282536269515,0.13728290086347722
00-0038542,Bijan Robinson,RB,ATL,2030,28.58590006844627,7.9615466827051735,135.34629360598794,Medium,0.7406013104560439,0.9486167813490272,0.16186709155133647
00-0039139,Jahmyr Gibbs,RB,DET,2030,28.451745379876797,8.307842545576891,141.23332327480716,Medium,0.6338566222658436,0.9612707256829612,0.16146805024558142
00-0036223,Jonathan Taylor,RB,IND,2030,31.616700889801507,2.064355174492567,35.09403796637364,Medium,0.6961770564428773,0.94424314815864,0.13456674535065738
00-0039040,De'Von Achane,RB,MIA,2030,28.88432580424367,6.421563918163441,104.99257006197227,Medium,0.6435761951467688,0.9512419934008812,0.15226793562975832
00-0037248,James Cook,RB,BUF,2030,30.934976043805612,2.6466994785146607,44.993891134749234,Medium,0.6981866293304927,0.9371518544880576,0.06148504624688858
00-0033280,Christian McCaffrey,RB,SF,2030,34.234086242299796,0.8324804164268252,14.15216707925603,Medium,0.4040746865244904,0.7313601555720038,0.2021736518776499
00-0032764,Derrick Henry,RB,BAL,2030,36.6570841889117,0.6769106090245017,11.507480353416529,Medium,0.49455781052011055,0.7747012085104539,0.11394265656059484
00-0034844,Saquon Barkley,RB,PHI,2030,33.55783709787816,0.8956420895547736,14.64374816422055,Medium,0.4264907684359574,0.8187433173094855,0.1395005087377097
00-0035700,Josh Jacobs,RB,GB,2030,32.55304585900068,1.204152456037721,18.90519355979222,Medium,0.5675072160125894,0.8714947742889495,0.14021719528012253
00-0041027,Jeremiyah Love,RB,ARI,2030,25.253935660506503,15.34340194294828,230.1510291442242,Rookie-Low,0.2744688582228724,0.8851238763765272,0.4439245738108513
00-0037840,Kyren Williams,RB,LA,2030,30.015058179329227,3.4556115311876128,58.74539603018942,Medium,0.365503504815406,0.9238051063616032,0.1389502971712123
00-0038597,Chase Brown,RB,CIN,2030,30.4476386036961,2.717376986036653,46.1954087626231,Medium,0.3391210606123077,0.7997913560223769,0.07089259049582979
00-0040122,Ashton Jeanty,RB,LV,2030,26.748802190280628,10.961725165127728,186.34932780717136,Medium,0.20797570002040475,0.8604754340540808,0.2291625008636509
00-0040666,Omarion Hampton,RB,LAC,2030,27.463381245722108,8.776119767478397,103.55821325624508,Medium,0.3200685435228091,0.6924895974406698,0.14059891026780463
00-0040715,Cam Skattebo,RB,NYG,2030,28.569472963723477,5.786878547959505,64.52369580974849,Medium,0.4055619524127528,0.7408941674375519,0.0867865696343116
00-0036275,D'Andre Swift,RB,CHI,2030,31.630390143737166,1.4728590201028384,24.08124497868141,Medium,0.19434555861881816,0.7777638703643054,0.113254061607035
00-0038120,Breece Hall,RB,NYJ,2030,29.253935660506503,3.8981053575384808,63.73402259575417,Medium,0.08934169454992207,0.6923794942804411,0.10361053222915469
00-0038134,Kenneth Walker III,RB,KC,2030,29.86447638603696,2.992046790164086,50.864795432789464,Medium,0.2094705950853973,0.7637462641751469,0.10907100785578444
00-0036997,Javonte Williams,RB,DAL,2030,30.351813826146476,2.4214142810366743,39.59012349494963,Medium,0.06579070964691017,0.5501492520005359,0.19328815965989912
00-0039361,Bucky Irving,RB,TB,2030,28.035592060232716,6.425391232865346,79.99612084917355,Medium,0.15325010257128538,0.345335879129681,0.07015788856262306
00-0036973,Travis Etienne,RB,NO,2030,31.59753593429158,1.4246797351484546,24.21955549752373,Medium,0.19285758341611625,0.6840136617105559,0.1437156095554006
00-0040784,Quinshon Judkins,RB,CLE,2030,26.84188911704312,9.082491537438264,136.69149763844587,Medium,0.19567706128829315,0.4998947702657512,0.19846258396429117
00-0040734,TreVeyon Henderson,RB,NE,2030,27.860369609856264,6.597408369215503,112.15594227666355,Medium,0.31652827622389496,0.7592920671380764,0.2455796002553068
00-0040730,RJ Harvey,RB,DEN,2030,29.571526351813823,2.983479635308969,50.71915380025247,Medium,0.1718582572072442,0.5204293409076777,0.162272173290228
00-0036139,Rico Dowdle,RB,PIT,2030,32.21629021218343,0.9735113580278975,16.549693086474257,Medium,0.10034812250390004,0.4523949211979065,0.09479517199319194
00-0037228,Jaylen Warren,RB,PIT,2030,31.83299110198494,1.1226130751904762,18.354723779364285,Medium,0.09825577145347544,0.18311459950535217,0.104892077504337
00-0041512,Jadarian Price,RB,SEA,2030,26.89664613278576,7.811532416024153,117.17298624036229,Rookie-Low,0.18510487138490467,0.7837257112023253,0.3638381616442809
00-0039165,Zach Charbonnet,RB,SEA,2030,29.645448323066393,2.7683507994284957,45.262535570655906,Medium,0.08622163703808061,0.35333345545724937,0.14322594617879952
00-0036875,Rhamondre Stevenson,RB,NE,2030,32.520191649555095,0.8193728576472211,12.331561507590678,Medium,0.15969387246557257,0.5381967193522598,0.06885584098249395
00-0036158,J.K. Dobbins,RB,DEN,2030,31.707049965776864,1.1459881058709491,14.267551918093316,Medium,0.06440418657716203,0.28719532766080397,0.10697356809151806
00-0033553,James Conner,RB,ARI,2030,35.3264887063655,0.43103303806037896,3.4482643044830317,Low,0.02718948145016028,0.14100545409723125,0.07245035685380732
00-0035261,Tony Pollard,RB,TEN,2030,33.3388090349076,0.6202967123119031,10.545044109302353,Medium,0.14411177909158887,0.2956355636213364,0.07331998064333624
00-0033906,Alvin Kamara,RB,NO,2030,35.1047227926078,0.4329994757395675,5.672293132188334,Medium,0.02451412067477949,0.1404277507685449,0.10366542879051271
00-0035685,David Montgomery,RB,HOU,2030,33.23477070499658,0.6238763924253944,10.605898671231705,Medium,0.03175803236978843,0.11430998289289626,0.07288210489126803
00-0039384,Tyrone Tracy Jr.,RB,NYG,2030,30.77344284736482,1.5719801597102423,24.680088507450805,Medium,0.06991684396198473,0.2473507196583268,0.0792772487972817
00-0033293,Aaron Jones,RB,MIN,2030,35.748117727583846,0.3807586896704443,5.235431982968609,Medium,0.10106961469650988,0.3632826956196531,0.07331998064333624
00-0036919,Kenny Gainwell,RB,TB,2030,31.468856947296377,1.1199004416876919,19.03830750869076,Medium,0.10848413672554191,0.20277500671425144,0.110123853591693
00-0036555,Chuba Hubbard,RB,CAR,2030,31.225188227241617,1.1890704333383122,18.6684058034115,Medium,0.09879966868103882,0.19068913658919365,0.07257443169058997
00-0040242,Jacory Croskey-Merritt,RB,WAS,2030,29.388090349075977,2.5425646446844623,43.22359895963586,Medium,0.07306877959734179,0.13087460945403023,0.12950128169362726
00-0040583,Woody Marks,RB,HOU,2030,29.672826830937716,2.2288990902195613,36.44250012508983,Medium,0.03221318843906569,0.11458329036895584,0.14923644222542148
00-0039032,Tyjae Spears,RB,TEN,2030,29.21286789869952,2.608416199083159,37.56119326679749,Medium,0.09945065708841178,0.2445822718661045,0.11781765731874196
00-0040236,Kyle Monangai,RB,CHI,2030,28.238193018480494,3.9164693045200956,66.57997817684162,Medium,0.05887375684259203,0.21687665159204908,0.19609400026546
00-0037525,Jordan Mason,RB,MIN,2030,31.274469541409992,1.0879061956283091,17.787266298522855,Medium,0.07306877959734179,0.13087460945403023,0.0957273042509502
00-0037256,Rachaad White,RB,WAS,2030,31.63586584531143,0.9130490569974669,15.521833968956937,Medium,0.0593584979632184,0.11382222195992953,0.10507986095255044
00-0039921,Trey Benson,RB,ARI,2030,28.109514031485283,4.025505349169331,34.41807073539777,Low,0.01425259921165323,0.31702655898212684,0.16380720835528242
00-0040719,Bhayshul Tuten,RB,JAX,2030,28.54483230663929,3.2367271432021343,50.8166161482735,Medium,0.01604912256679097,0.18165710497801832,0.15242091789704074
00-0039391,Kimani Vidal,RB,LAC,2030,29.010266940451743,2.564579812412242,36.92994929873629,Medium,0.06489395445144804,0.1363234339178787,0.09134068593137352
00-0036893,Najee Harris,RB,NYG,2030,32.48186173853525,0.5727634652341044,4.582107721872835,Low,0.01736283708668251,0.14020904213523042,0.1813370654998916
00-0038555,Tank Bigsby,RB,PHI,2030,28.005475701574262,3.733067867084931,58.609165513233414,Medium,0.0124905672808719,0.05135724317204824,0.1851192816737534
00-0039738,Blake Corum,RB,LA,2030,29.765913757700204,1.7314054915682824,29.4338933566608,Medium,0.06146923517684589,0.4274918713944296,0.2461218030812952
00-0038611,Chris Rodriguez Jr.,RB,JAX,2030,30.93223819301848,1.0461964915459019,14.385201758756152,Medium,0.06773474863206783,0.1156714389018378,0.08589595888250941
00-0037263,Tyler Allgeier,RB,ARI,2030,30.379192334017795,1.311967111507114,22.30344089562094,Medium,0.063937444594929893,0.29836249769524714,0.1588684981466111
00-0035250,Devin Singletary,RB,NYG,2030,32.99383983572895,0.44898962076075366,7.632823552932813,Medium,0.0198949344710599,0.16505535094085047,0.07285935849939532
00-0041052,Kaelon Black,RB,SF,2030,28.87337440109514,2.4399987364061113,36.59998104609167,Rookie-Low,0.04237960546941171,0.14662661670113922,0.14271850809990833
00-0038951,Sean Tucker,RB,TB,2030,28.851471594798085,2.45699817359717,41.76896895115189,Medium,0.01178788722872258,0.16304355681646157,0.13687514407950296
00-0037197,Isiah Pacheco,RB,DET,2030,31.50171115674196,0.7885080331270204,11.354515677029095,Medium,0.01258183210724283,0.044724477541038,0.1021692895339379
00-0037746,Brian Robinson,RB,ATL,2030,31.446954140999317,0.7993234468337047,13.58849859617298,Medium,0.01178788722872258,0.04623000512989713,0.11231548832634364
00-0039373,Audric Estimé,RB,NO,2030,26.98699520876112,4.69165055814214,43.163185134907685,Low,0.02320142613108779,0.12732147692629764,0.06635580551112254
00-0040162,Dylan Sampson,RB,CLE,2030,25.963039014373717,5.9129103744802105,92.8326928793393,Medium,0.02237845026433834,0.05236678396210003,0.137977426419942
00-0039344,Jonathon Brooks,RB,CAR,2030,27.11567419575633,4.405663688515403,61.679291639215634,Low,0.17754678527740528,0.6310259937812872,0.34534893287073537
00-0037157,Bam Knight,RB,ARI,2030,29.39082819986311,1.776358138743916,24.424924407728845,Medium,0.05322007403608751,0.09064583058362366,0.10104129995515045
00-0040202,Devin Neal,RB,NO,2030,27.055441478439427,4.283161879227844,50.541310174888565,Medium,0.01492814626619858,0.04019793245138137,0.11448128412106802
00-0038797,Emanuel Wilson,RB,SEA,2030,31.318275154004105,0.768715553149798,13.068164403546566,Medium,0.02183905167073409,0.119097118604104,0.11717492670879008
00-0040142,Kaleb Johnson,RB,GB,2030,27.04996577686516,4.0957857123794295,50.992532119123894,Medium,0.05236104691131248,0.21316216628412396,0.17386352943046787
00-0035537,Ty Johnson,RB,BUF,2030,32.955509924709105,0.38859756594094297,6.60615862099603,Medium,0.01350504634445611,0.20393633106332917,0.08335207260035843
00-0039798,Isaiah Davis,RB,NYJ,2030,28.525667351129364,2.4020411868065388,39.273373404286914,Medium,0.01178788722872258,0.03799729364846573,0.131420361007776
00-0039874,Jaylen Wright,RB,MIA,2030,27.419575633127995,3.5610047821936166,42.019856429884676,Medium,0.01492814626619858,0.04019793245138137,0.08952901302601482
00-0033526,Samaje Perine,RB,CIN,2030,34.959616700889796,0.24244876115344838,3.806445550109139,Medium,0.01178788722872258,0.03799729364846573,0.10948634165909182
00-0041496,Jonah Coleman,RB,DEN,2030,27.033538672142367,3.8314149936166166,57.47122490424925,Rookie-Low,0.01492814626619858,0.04019793245138137,0.09875466548870548
00-0034975,Justice Hill,RB,BAL,2030,32.79671457905544,0.3802093432097946,4.7336063229619425,Medium,0.01178788722872258,0.03799729364846573,0.11207429793377112
00-0039794,Braelon Allen,RB,NYJ,2030,26.61464750171116,4.096072252378458,35.02141775783581,Low,0.01492814626619858,0.04019793245138137,0.16222396357935512
00-0038551,Kendre Miller,RB,NO,2030,28.22450376454483,2.4907819940794522,26.15321093783425,Low,0.02622352940172714,0.12773470217539912,0.12777136546015866
00-0040466,Raheim Sanders,RB,CLE,2030,28.23271731690623,2.3584439727800754,20.164695967269644,Low,0.01178788722872258,0.03799729364846573,0.11694010945581178
00-0039875,Ray Davis,RB,BUF,2030,30.781656399726216,0.7906661830443888,13.44132511175461,Medium,0.01178788722872258,0.03704464257765289,0.09935246816798216
00-0038454,Keaton Mitchell,RB,LAC,2030,28.621492128678987,1.9537889590834976,28.134561010802365,Medium,0.01178788722872258,0.03799729364846573,0.06878349317180746
00-0033955,Jeremy McNichols,RB,WAS,2030,34.68309377138946,0.21303223646393052,3.483077066185264,Medium,0.01178788722872258,0.03799729364846573,0.13599364097111694
00-0037329,Brittain Brown,RB,CHI,2030,32.89253935660507,0.3263227859928476,2.6105822879427807,Low,0.01178788722872258,0.03799729364846573,0.1634369001790611
00-0032104,Ameer Abdullah,RB,JAX,2030,37.21834360027378,0.1895078590632444,2.7289131705107197,Medium,0.01178788722872258,0.05865344206579425,0.1138173934085016
00-0037563,Malik Davis,RB,DAL,2030,31.76454483230664,0.49422146458829475,6.153057234124269,Medium,0.01178788722872258,0.03799729364846573,0.1623758015761162
00-0040078,Brashard Smith,RB,KC,2030,27.392197125256672,2.7740605194712047,47.15902883101048,Medium,0.06749473820134609,0.09187352097083532,0.06957737979458986
00-0038705,Emari Demercado,RB,DAL,2030,31.613963039014372,0.48949316527167186,6.730531022485488,Medium,0.01178788722872258,0.03799729364846573,0.13868822416974028
00-0036265,AJ Dillon,RB,CAR,2030,32.334017796030125,0.36089064371289914,3.5547728405720562,Low,0.01476353009354591,0.17050917012482297,0.1173872348568638
00-0040964,EJ Smith,RB,KC,2030,4,4.695106022335148,70.42659033502721,Rookie-Low,0.02237845026433834,0.05236678396210003,0.09092406138170632
00-0040878,Mike Washington Jr.,RB,LV,2030,27.16495550992471,2.7688474742055083,41.532712113082624,Rookie-Low,0.01492814626619858,0.04019793245138137,0.05308398521046392
00-0040198,Ollie Gordon II,RB,MIA,2030,26.628336755646817,3.0269908714349243,51.458844814393714,Medium,0.01307665153137191,0.03924898174258359,0.07491596499330311
00-0040937,Dominic Richardson,RB,NYJ,2030,4,4.28953521242977,64.34302818644655,Rookie-Low,0.02237845026433834,0.05236678396210003,0.09092406138170632
00-0039811,MarShawn Lloyd,RB,GB,2030,29.65366187542779,0.9540200699668935,13.356280979536509,Low,0.04237960546941171,0.14662661670113922,0.16767352013312967
00-0040177,Jordan James,RB,SF,2030,26.42573579739904,2.936239382987685,41.10735136182759,Low,0.01492814626619858,0.04019793245138137,0.05308398521046392
00-0040886,Nicholas Singleton,RB,TEN,2030,26.652977412731005,2.7506822729240175,41.26023409386026,Rookie-Low,0.01492814626619858,0.04019793245138137,0.05308398521046392
00-0041490,Eli Heidenreich,RB,PIT,2030,27.096509240246405,2.405931842410947,36.0889776361642,Rookie-Low,0.01454213576549715,0.0545244204804235,0.05308398521046392
00-0041096,Kaytron Allen,RB,WAS,2030,27.64681724845996,1.9555916896188084,29.333875344282127,Rookie-Low,0.01178788722872258,0.03799729364846573,0.04993928467341206
00-0041013,Emmett Johnson,RB,KC,2030,26.89390828199863,2.4447100568648765,36.67065085297315,Rookie-Low,0.01492814626619858,0.04019793245138137,0.05308398521046392
00-0041323,Myles Montgomery,RB,NE,2030,27.411362080766597,2.072715328881803,31.09072993322705,Rookie-Low,0.06749473820134609,0.09187352097083532,0.05308398521046392
00-0040644,Trevor Etienne,RB,CAR,2030,26.14647501711157,2.7853841286970535,47.35153018784991,Medium,0.01454213576549715,0.0545244204804235,0.06217726078071657
00-0041239,Chip Trayanum,RB,NYJ,2030,28.66255989048597,1.279400243014978,19.19100364522467,Rookie-Low,0.01178788722872258,0.03799729364846573,0.04993928467341206
00-0039021,Roschon Johnson,RB,CHI,2030,29.582477754962355,0.7825028451158809,7.707653024391426,Low,0.01178788722872258,0.03799729364846573,0.04993928467341206
00-0040238,LeQuint Allen Jr.,RB,JAX,2030,26.072553045859,2.5016809895839,40.90248417969677,Medium,0.02237845026433834,0.05236678396210003,0.06217726078071657
00-0041104,Demond Claiborne,RB,MIN,2030,26.89664613278576,2.0965548205340316,31.448322308010475,Rookie-Low,0.01454213576549715,0.0545244204804235,0.05308398521046392
00-0040179,DJ Giddens,RB,IND,2030,27.017111567419576,2.0320680493265684,18.695026053804426,Low,0.01492814626619858,0.04019793245138137,0.0793591162960181
00-0041125,Seth McGowan,RB,IND,2030,28.856947296372347,1.033437653493595,15.501564802403925,Rookie-Low,0.01178788722872258,0.03799729364846573,0.04993928467341206
00-0040888,Adam Randall,RB,BAL,2030,26.132785763175907,2.4408852323059542,36.613278484589316,Rookie-Low,0.01492814626619858,0.04019793245138137,0.06217726078071657
00-0037085,Tyler Badie,RB,DEN,2030,31.564681724845997,0.3177475908961174,5.1951731111515205,Medium,0.01178788722872258,0.03799729364846573,0.04993928467341206
00-0040556,Corey Kiner,RB,NE,2030,28.61054072553046,1.097983961226597,9.387762868487403,Low,0.01178788722872258,0.03799729364846573,0.0739660942145588
00-0037276,Ty Chandler,RB,NO,2030,32.30663928815879,0.22836351029249935,1.8269080823399948,Low,0.01178788722872258,0.03799729364846573,0.1095172998503425
00-0036984,Trey Sermon,RB,ATL,2030,31.586584531143053,0.3053281551285347,2.4426252410282774,Low,0.02870984852508982,0.13334860777446703,0.1029873770624954
00-0038685,Chris Brooks,RB,GB,2030,30.639288158795345,0.4468469255562268,7.596397734455856,Medium,0.01178788722872258,0.03799729364846573,0.04993928467341206
00-0041081,Max Bredeson,RB,MIN,2030,27.90965092402464,1.3577621480471784,20.366432220707676,Rookie-Low,0.01178788722872258,0.03799729364846573,0.04993928467341206
00-0039364,Sione Vaki,RB,DET,2030,29.089664613278575,0.8279977591136073,9.232175014116722,Medium,0.01178788722872258,0.03799729364846573,0.04993928467341206
00-0039746,Will Shipley,RB,PHI,2030,28.008213552361397,1.2789745597841602,19.248567124751613,Medium,0.01178788722872258,0.03799729364846573,0.04993928467341206
00-0039796,Rasheen Ali,RB,BAL,2030,29.53867214236824,0.6429508226648191,10.09432791583766,Medium,0.01178788722872258,0.03704464257765289,0.04993928467341206
00-0038738,Hunter Luepke,RB,DAL,2030,30.50787132101301,0.39255909079741086,5.908014316501034,Medium,0.01178788722872258,0.03799729364846573,0.04993928467341206
00-0039363,Isaac Guerendo,RB,SF,2030,30.17659137577002,0.44995554952842926,4.724533270048507,Low,0.01178788722872258,0.03799729364846573,0.04993928467341206
00-0041436,DJ Herman,RB,MIA,2030,28.459958932238195,0.9216193604125669,13.824290406188503,Rookie-Low,0.01178788722872258,0.03799729364846573,0.04993928467341206
00-0039603,British Brooks,RB,HOU,2030,30.78713210130048,0.34154756520860685,3.8082553520759665,Medium,0.01178788722872258,0.03799729364846573,0.05516606665497105
00-0039299,George Holani,RB,SEA,2030,30.71047227926078,0.3518975485075506,4.381124478919005,Medium,0.01178788722872258,0.03799729364846573,0.08492583155005232
00-0037557,Ronnie Rivers,RB,LA,2030,31.58384668035592,0.23459052370778677,2.3107166585216996,Low,0.01178788722872258,0.03799729364846573,0.04993928467341206
00-0029892,Kyle Juszczyk,RB,SF,2030,39.35934291581109,0.0785901590998877,1.100262227398428,Low,0.01178788722872258,0.03799729364846573,0.04993928467341206
00-0037594,Julius Chestnut,RB,TEN,2030,29.848049281314168,0.45950982312524663,7.512985608097783,Medium,0.01178788722872258,0.03799729364846573,0.04993928467341206
00-0040208,Tahj Brooks,RB,CIN,2030,28.303901437371664,0.8622110104412224,11.855401393566808,Medium,0.01178788722872258,0.03799729364846573,0.04993928467341206
00-0036670,Jermar Jefferson,RB,MIN,2030,30.379192334017795,0.3488904037785001,4.884465652899001,Low,0.01178788722872258,0.03799729364846573,0.04993928467341206
00-0039407,Dylan Laube,RB,LV,2030,30.715947980835043,0.29681468877602935,5.045849709192499,Medium,0.01178788722872258,0.03799729364846573,0.04993928467341206
00-0039244,Chris Collier,RB,LV,2030,30.439425051334705,0.31502723749652156,4.4103813249513015,Low,0.01178788722872258,0.03799729364846573,0.04993928467341206
00-0037304,Connor Heyward,RB,LV,2030,31.60848733744011,0.1924581160928691,2.6944136253001676,Low,0.01178788722872258,0.03799729364846573,0.04993928467341206
00-0038896,Jacob Saylors,RB,DET,2030,30.483230663928815,0.3055154779518127,4.002252761168746,Medium,0.01178788722872258,0.03799729364846573,0.04993928467341206
00-0038614,Scott Matlock,RB,LAC,2030,30.17659137577002,0.3338772486313722,4.674281480839211,Low,0.01178788722872258,0.03799729364846573,0.04993928467341206
00-0031595,Michael Burton,RB,CLE,2030,38.58179329226557,0.06283536768929238,0.8796951476500933,Low,0.01178788722872258,0.03799729364846573,0.04993928467341206
00-0036187,Reggie Gilliam,RB,NE,2030,33.03216974674881,0.09510550525422716,1.2458821188303757,Medium,0.01178788722872258,0.03799729364846573,0.04993928467341206
00-0035125,Alec Ingold,RB,LAC,2030,34.14647501711157,0.07049082185784375,0.9868715060098125,Low,0.01178788722872258,0.03799729364846573,0.04993928467341206
00-0040649,Robbie Ouzts,RB,SEA,2030,27.98631074606434,0.7121408828008116,6.088804547946938,Low,0.01178788722872258,0.03799729364846573,0.04993928467341206
00-0036842,Kene Nwangwu,RB,NYJ,2030,32.558521560574945,0.0989092095378192,1.231419658745849,Medium,0.01178788722872258,0.03799729364846573,0.04993928467341206
00-0034959,Andrew Beck,RB,NYJ,2030,34.29705681040383,0.06054449830947969,0.8476229763327157,Low,0.01178788722872258,0.03799729364846573,0.04993928467341206
00-0038488,Brady Russell,RB,SEA,2030,32.00273785078713,0.11233199003475987,1.3985332759327602,Medium,0.01178788722872258,0.03799729364846573,0.04993928467341206
00-0033376,Patrick Ricard,RB,NYG,2030,36.26557152635181,0.04616943127780995,0.42475876775585153,Low,0.01178788722872258,0.03799729364846573,0.04993928467341206
00-0037744,Trey McBride,TE,ARI,2030,30.77618069815195,11.337831439925246,192.7431344787292,High,0.6566016250440058,0.8968075005165839,0.05472630732607206
00-0039338,Brock Bowers,TE,LV,2030,27.718001368925393,10.76505642674557,148.01952586775158,Medium,0.3882705170304024,0.6287235939991077,0.08830754790902923
00-0033288,George Kittle,TE,SF,2030,36.8952772073922,3.4429574598709602,45.10274272430958,Medium,0.48090987844248606,0.6564435447425377,0.02608239302027733
00-0038996,Tucker Kraft,TE,GB,2030,29.82614647501711,9.357656647872677,104.33787162378034,Medium,0.4046167894254771,0.5546150933727946,0.0225010823121271
00-0040663,Harold Fannin Jr.,TE,CLE,2030,26.116358658453116,9.091014168217814,148.63808165036127,High,0.3384425383531153,0.7396953323846037,0.04142359104591559
00-0030506,Travis Kelce,TE,KC,2030,40.90622861054072,1.2371010184613291,21.030717313842594,High,0.28913056645504104,0.699346807611967,0.05661270038444604
00-0034351,Dallas Goedert,TE,PHI,2030,35.66050650239562,3.5764702063279046,56.1505822393481,High,0.2230210014563289,0.371368132549585,0.02563580900468405
00-0036970,Kyle Pitts,TE,ATL,2030,29.90280629705681,8.131075297622107,138.22828005957584,High,0.3273535115064778,0.5092220659553626,0.05702893834592416
00-0040128,Tyler Warren,TE,IND,2030,28.27378507871321,8.064540822269247,137.0971939785772,High,0.3447978136744374,0.6062846536794092,0.17223513152233513
00-0039065,Sam LaPorta,TE,DET,2030,29.634496919917865,7.976155430033538,94.11863407439576,Medium,0.22367808272390843,0.3931397576650514,0.01929386840557622
00-0040126,Colston Loveland,TE,CHI,2030,26.39561943874059,8.34056186020059,136.36818641427968,High,0.23068115336038836,0.5426663027510079,0.12307708277907374
00-0033090,Hunter Henry,TE,NE,2030,35.73442847364819,3.2825407586307516,55.80319289672278,High,0.2379222994136232,0.4961391116365895,0.05222747339467826
00-0036040,Juwan Johnson,TE,NO,2030,33.96577686516085,4.664191663115865,79.29125827296971,High,0.43010831249368503,0.5289258454141513,0.08564797460704239
00-0040189,Oronde Gadsden II,TE,LAC,2030,27.18685831622177,7.559975567124839,118.69161640385997,High,0.2031430147679524,0.5511547091495664,0.06711531676526958
00-0038933,Dalton Kincaid,TE,BUF,2030,30.872005475701577,6.579872990242579,90.47325361583546,Medium,0.2670521762141726,0.49494270031114934,0.05127451853708553
00-0041032,Kenyon Sadiq,TE,NYJ,2030,25.49486652977413,7.39368919526705,110.90533792900575,Rookie-Medium,0.02096149334757396,0.09813300541411318,0.2327759657085439
00-0034383,Dalton Schultz,TE,HOU,2030,34.1409993155373,3.961015126516739,67.33725715078457,High,0.2809846899985536,0.41851709134523535,0.05222747339467826
00-0031610,Darren Waller,TE,CAR,2030,37.96577686516085,1.7686674548826036,20.870275967614724,Medium,0.2335681923096939,0.5772209177836858,0.02101983719561385
00-0039847,Theo Johnson,TE,NYG,2030,29.51129363449692,6.5062272401076715,102.14776766969044,High,0.09562255385697084,0.36061901913377054,0.09174393255336652
00-0038041,Jake Ferguson,TE,DAL,2030,31.61943874058864,5.724876273074506,97.3228966422666,High,0.03209311174970122,0.15414185475398445,0.02859787373797856
00-0034753,Mark Andrews,TE,BAL,2030,34.986995208761115,3.103546378091567,52.76028842755664,High,0.1551930116246058,0.34401194528006807,0.1040117459441405
00-0038935,Brenton Strange,TE,JAX,2030,29.678302532511974,6.338946992190811,87.16052114262365,Medium,0.2108054729314166,0.34343685949426506,0.01929386840557622
00-0038129,Cade Otton,TE,TB,2030,31.381245722108144,5.692101863042273,89.36599924976369,High,0.00783558736736372,0.05307169190889669,0.01608898368189851
00-0036894,Pat Freiermuth,TE,PIT,2030,31.852156057494867,5.361558742387355,84.17647225548147,High,0.08817187420660708,0.32854368003601797,0.01929386840557622
00-0033885,David Njoku,TE,LAC,2030,34.143737166324435,3.502178445464515,45.87853763558514,Medium,0.0066882212938757,0.12240433406645916,0.01929386840557622
00-0037809,Chig Okonkwo,TE,WAS,2030,30.981519507186857,5.533443793253782,94.06854448531429,High,0.05493890075782483,0.1359557482736453,0.01806375603268816
00-0035229,T.J. Hockenson,TE,MIN,2030,33.163586584531146,4.072885163203022,63.94429706228745,High,0.00823284074469057,0.21391810107184792,0.07562904527214866
00-0039793,AJ Barner,TE,SEA,2030,28.331279945242983,5.717904553812658,97.20437741481518,High,0.14961277220124003,0.2664946372524725,0.05856850859500506
00-0037112,Jake Tonges,TE,SF,2030,31.15126625598905,5.306145665055991,66.06151352994708,Medium,0.08702364262216913,0.35884963482543614,0.02101983719561385
00-0033881,Evan Engram,TE,DEN,2030,35.99726214921287,2.1718626879703655,35.50995494831548,High,0.03174059549770419,0.2420204955747041,0.0169839308650146
00-0040736,Mason Taylor,TE,NYJ,2030,26.316221765913756,5.552560021777539,79.95686431359655,Medium,0.01485823345877521,0.3709870281806624,0.02856032116479455
00-0033858,Jonnu Smith,TE,GB,2030,35.0280629705681,2.504978961648577,42.58464234802581,High,0.04722187609469202,0.1948653000510669,0.05178271040638681
00-0033110,Tyler Higbee,TE,LA,2030,37.66461327857632,1.445104646628884,17.991552850529605,Medium,0.0066882212938757,0.07011682490289309,0.01929386840557622
00-0036244,Colby Parkinson,TE,LA,2030,31.64955509924709,4.529100495579674,68.1629624584741,High,0.08857398045986158,0.1617548224821516,0.098148969110947
00-0034829,Mike Gesicki,TE,CIN,2030,34.913073237508556,2.249941436345429,30.93669474974965,Medium,0.0066882212938757,0.02854522990318268,0.01773221922196824
00-0037838,Isaiah Likely,TE,NYG,2030,30.3709787816564,4.400053911945304,60.50074128924793,Medium,0.0066882212938757,0.02695998689276634,0.01773221922196824
00-0040737,Terrance Ferguson,TE,LA,2030,27.488021902806295,4.593719755114863,60.17772879200471,Medium,0.0066882212938757,0.02328516780667057,0.0189644209553846
00-0036290,Cole Kmet,TE,CHI,2030,31.479808350444905,4.012140530047968,65.59849766628427,High,0.03449633046282639,0.06695224469516321,0.04181826986506059
00-0035689,Dawson Knox,TE,BUF,2030,33.79603011635865,2.6977035784373653,44.10745350745093,High,0.01500562498164761,0.0503188580743177,0.0169839308650146
00-0040584,Gunnar Helm,TE,TEN,2030,27.98631074606434,4.402827055181832,71.98622235222295,High,0.01600112696921399,0.09861185797277502,0.02438414252325143
00-0035644,Noah Fant,TE,NO,2030,32.78028747433265,3.1869167986988067,45.89160190126282,Medium,0.0066882212938757,0.05547631798088545,0.01773221922196824
00-0037252,Greg Dulcich,TE,MIA,2030,30.43394934976044,4.077151906665207,48.11039249864944,Medium,0.01001716636112873,0.10260298540958612,0.05596851694804711
00-0032392,Austin Hooper,TE,ATL,2030,35.84120465434634,1.6269808284347769,23.428523929460788,Medium,0.0415696763122417,0.09973563793888358,0.01773221922196824
00-0039066,Michael Mayer,TE,LV,2030,29.155373032169745,3.9396142549937303,56.730445271909716,Medium,0.01196603520641852,0.0366941831418085,0.01773221922196824
00-0041395,Eli Raridon,TE,NE,2030,26.55167693360712,4.027206085509733,60.408091282646,Rookie-Medium,0.0066882212938757,0.02328516780667057,0.02146912414951519
00-0041077,Justin Joly,TE,MIA,2030,26.14647501711157,3.9596487372106384,59.39473105815958,Rookie-Medium,0.00683545124618517,0.03495530659933948,0.02146912414951519
00-0035249,Josh Oliver,TE,MIN,2030,33.44832306639288,2.5043003688813186,34.43413007211813,Medium,0.0066882212938757,0.02328516780667057,0.01773221922196824
00-0039356,Ja'Tavion Sanders,TE,CAR,2030,27.433264887063658,3.7945275762322828,52.17475417319389,Medium,0.0066882212938757,0.02328516780667057,0.0189644209553846
00-0041558,Sam Roush,TE,CHI,2030,26.98699520876112,3.817364595317653,57.26046892976479,Rookie-Medium,0.0066882212938757,0.02328516780667057,0.0189644209553846
00-0038558,Darnell Washington,TE,PIT,2030,29.0403832991102,3.619120455659473,52.11533456149641,Medium,0.0066882212938757,0.02695998689276634,0.02504346723907324
00-0034270,Tyler Conklin,TE,DET,2030,35.09103353867214,1.652318734052133,16.27533953041351,Low,0.0066882212938757,0.02328516780667057,0.01773221922196824
00-0041483,Eli Stowers,TE,PHI,2030,27.381245722108144,3.517171857961111,52.757577869416664,Rookie-Medium,0.0066882212938757,0.02328516780667057,0.0189644209553846
00-0037005,Tommy Tremble,TE,CAR,2030,30.247775496235455,3.3122950090796524,52.00303164255054,High,0.0066882212938757,0.02328516780667057,0.01773221922196824
00-0041041,Oscar Delp,TE,NO,2030,27.077344284736483,3.4072966622441343,51.10944993366201,Rookie-Medium,0.0066882212938757,0.02328516780667057,0.0189644209553846
00-0041510,Max Klare,TE,LA,2030,27.15126625598905,3.4072966622441343,51.10944993366201,Rookie-Medium,0.0066882212938757,0.02328516780667057,0.0189644209553846
00-0040194,Jackson Hawes,TE,BUF,2030,29.73579739904175,3.226653199522985,46.46380607313098,Medium,0.0066882212938757,0.02328516780667057,0.01773221922196824
00-0036637,Noah Gray,TE,KC,2030,31.34017796030116,2.9329729670368745,44.141243153904966,High,0.0066882212938757,0.02328516780667057,0.01773221922196824
00-0038115,Daniel Bellinger,TE,TEN,2030,29.94113620807666,3.178198085225885,45.766052427252745,Medium,0.0066882212938757,0.02328516780667057,0.01773221922196824
00-0041116,Jack Endries,TE,CIN,2030,26.43394934976044,3.3000489828552393,49.50073474282859,Rookie-Medium,0.0066882212938757,0.02328516780667057,0.05040136783035073
00-0041472,Marlin Klein,TE,HOU,2030,27.956194387405887,3.1657361401363038,47.48604210204456,Rookie-Medium,0.0066882212938757,0.02328516780667057,0.0189644209553846
00-0040739,Elijah Arroyo,TE,SEA,2030,27.408624229979463,3.151750879874033,45.38521267018608,Medium,0.0066882212938757,0.02328516780667057,0.0189644209553846
00-0041524,Will Kacmarek,TE,MIA,2030,27.550992470910337,3.123146797719643,46.847201965794646,Rookie-Medium,0.0066882212938757,0.02328516780667057,0.0189644209553846
00-0036754,Brock Wright,TE,DET,2030,31.761806981519506,2.6487953765967758,29.53406844905405,Medium,0.0066882212938757,0.02328516780667057,0.01773221922196824
00-0039074,Davis Allen,TE,LA,2030,29.57426420260096,2.9057757010584155,45.620678506617125,High,0.0066882212938757,0.02328516780667057,0.01773221922196824
00-0036422,Adam Trautman,TE,DEN,2030,33.568788501026695,1.8868778978959735,27.17104172970202,Medium,0.0066882212938757,0.02328516780667057,0.01773221922196824
00-0039144,Luke Musgrave,TE,GB,2030,29.9958932238193,2.8579154347572984,41.153982260505096,Medium,0.0066882212938757,0.02328516780667057,0.01773221922196824
00-0041084,Tanner Koziol,TE,JAX,2030,26.5927446954141,2.9619822965505955,44.429734448258934,Rookie-Medium,0.0066882212938757,0.02328516780667057,0.02146912414951519
00-0039912,Ben Sinnott,TE,WAS,2030,28.21629021218343,2.7968587697058815,33.00293348252941,Medium,0.0066882212938757,0.02328516780667057,0.0189644209553846
00-0039041,Elijah Higgins,TE,ARI,2030,29.845311430527037,2.788018883026626,47.39632101145264,High,0.0066882212938757,0.02328516780667057,0.0169839308650146
00-0041577,Connor Hulstein,TE,NYJ,2030,4,3.0745551940101614,46.11832791015242,Rookie-Medium,0.0066882212938757,0.24092910962816763,0.05040136783035073
00-0037004,Hunter Long,TE,ARI,2030,32.035592060232716,2.3739083005459523,24.926037155732498,Low,0.0066882212938757,0.02328516780667057,0.01773221922196824
00-0040187,Mitchell Evans,TE,CAR,2030,27.290896646132783,2.845094156908143,42.81866706146755,High,0.0066882212938757,0.02328516780667057,0.0189644209553846
00-0034981,Foster Moreau,TE,HOU,2030,33.322381930184804,1.824882189825383,19.161262993166524,Low,0.0066882212938757,0.02328516780667057,0.01773221922196824
00-0037805,Jeremy Ruckert,TE,NYJ,2030,30.05612594113621,2.6044739991063843,39.19733368655108,High,0.0066882212938757,0.02328516780667057,0.01773221922196824
00-0041503,Nate Boerkircher,TE,JAX,2030,28.99110198494182,2.5825352126031964,38.738028189047945,Rookie-Medium,0.0066882212938757,0.02328516780667057,0.0189644209553846
00-0038046,Charlie Kolar,TE,LAC,2030,31.5564681724846,2.3044919975437526,33.184684764630035,Medium,0.0066882212938757,0.02328516780667057,0.01773221922196824
00-0038589,Josh Whyle,TE,GB,2030,30.981519507186857,2.4314771770756596,23.950050194195246,Low,0.0066882212938757,0.02328516780667057,0.01773221922196824
00-0040879,Matthew Hibner,TE,BAL,2030,28.48186173853525,2.4959423592704044,37.43913538905607,Rookie-Medium,0.0066882212938757,0.02328516780667057,0.0189644209553846
00-0038547,Luke Schoonmaker,TE,DAL,2030,31.926078028747433,2.1052738992951987,31.684372184392743,High,0.0066882212938757,0.02328516780667057,0.01773221922196824
00-0035631,Drew Sample,TE,CIN,2030,34.37645448323066,1.3117284516176906,18.036266209743246,Medium,0.0066882212938757,0.02328516780667057,0.01773221922196824
00-0034365,Ian Thomas,TE,LV,2030,34.23682409308692,1.343530887790698,15.853664475930238,Medium,0.0066882212938757,0.02328516780667057,0.01773221922196824
00-0037086,Grant Calcaterra,TE,PHI,2030,31.742642026009584,2.0668476628501122,24.388802421631326,Medium,0.0066882212938757,0.02328516780667057,0.01773221922196824
00-0038783,Nate Adkins,TE,DEN,2030,31.148528405201915,2.176461818793573,21.438148915116695,Low,0.0066882212938757,0.02328516780667057,0.01773221922196824
00-0033217,Mo Alie-Cox,TE,IND,2030,36.95003422313484,0.7575129344533975,9.923419441339506,Medium,0.0066882212938757,0.02328516780667057,0.01773221922196824
00-0040901,Jaren Kanak,TE,TEN,2030,26.55715263518138,2.4342237900944372,36.51335685141656,Rookie-Medium,0.0066882212938757,0.02328516780667057,0.05040136783035073
00-0039359,Cade Stover,TE,HOU,2030,30.220396988364133,2.2888108020765365,22.544786400453884,Low,0.0066882212938757,0.02328516780667057,0.01773221922196824
00-0033246,Johnny Mundt,TE,PHI,2030,35.77275838466803,0.9467334977915095,13.017585594633255,Medium,0.0066882212938757,0.02328516780667057,0.01773221922196824
00-0040887,Josh Cuevas,TE,BAL,2030,27.93429158110883,2.292541047956975,34.38811571935463,Rookie-Medium,0.0066882212938757,0.02328516780667057,0.0189644209553846
00-0040244,Moliki Matavao,TE,NO,2030,27.460643394934976,2.2806542683339712,18.24523414667177,Low,0.0066882212938757,0.02328516780667057,0.0189644209553846
00-0038720,Julian Hill,TE,NE,2030,30.14647501711157,2.1976612587137714,28.789362489150406,Medium,0.0066882212938757,0.02328516780667057,0.01773221922196824
00-0036628,John Bates,TE,WAS,2030,32.818617385352496,1.6710823714557457,20.804975524624034,Medium,0.0066882212938757,0.02328516780667057,0.01773221922196824
00-0041398,Riley Nowakowski,TE,PIT,2030,28.17248459958932,2.182809927244826,32.74214890867239,Rookie-Medium,0.0066882212938757,0.02328516780667057,0.0189644209553846
00-0041087,Joe Royer,TE,CLE,2030,28.514715947980836,2.172301413445477,32.58452120168216,Rookie-Medium,0.0066882212938757,0.02328516780667057,0.0189644209553846
00-0041579,Seydou Traore,TE,MIA,2030,28.05475701574264,2.101994667258916,31.529920008883742,Rookie-Medium,0.0066882212938757,0.02328516780667057,0.0189644209553846
00-0041094,Bauer Sharp,TE,TB,2030,27.33196440793977,2.143566163809953,32.1534924571493,Rookie-Medium,0.0066882212938757,0.02328516780667057,0.0189644209553846
00-0040363,Keleki Latu,TE,BUF,2030,28.05201916495551,2.073826256679415,16.59061005343532,Low,0.0066882212938757,0.02328516780667057,0.0189644209553846
00-0036887,Luke Farrell,TE,SF,2030,32.88158795345654,1.5201306854890642,21.889881871042526,Medium,0.0066882212938757,0.02328516780667057,0.01773221922196824
00-0041131,Carsen Ryan,TE,CLE,2030,27.030800821355236,2.0520989638589984,30.781484457884975,Rookie-Medium,0.0066882212938757,0.02328516780667057,0.0189644209553846
00-0038809,Ben Sims,TE,MIA,2030,30.2943189596167,1.9356153781682275,15.48492302534582,Low,0.0066882212938757,0.02328516780667057,0.01773221922196824
00-0038394,Will Mallory,TE,IND,2030,31.195071868583163,1.7951699642463814,14.361359713971051,Low,0.0066882212938757,0.02328516780667057,0.01773221922196824
00-0040955,John Michael Gyllenborg,TE,KC,2030,28.0684462696783,1.847061787744605,27.705926816169075,Rookie-Medium,0.0066882212938757,0.02328516780667057,0.0189644209553846
00-0041366,Jameson Geers,TE,ARI,2030,27.73990417522245,1.8932383324382198,28.398574986573298,Rookie-Medium,0.0066882212938757,0.02328516780667057,0.0189644209553846
00-0039737,Tip Reiman,TE,ARI,2030,28.955509924709105,1.7877035979465812,14.30162878357265,Low,0.0066882212938757,0.02328516780667057,0.0189644209553846
00-0041314,Tanner Arkin,TE,NE,2030,27.15400410677618,1.8041968156844352,27.06295223526653,Rookie-Medium,0.0066882212938757,0.02328516780667057,0.0189644209553846
00-0041170,Hayden Large,TE,CHI,2030,28.432580424366872,1.7496835015025392,26.245252522538088,Rookie-Medium,0.0066882212938757,0.02328516780667057,0.0189644209553846
00-0040938,DJ Rogers,TE,DAL,2030,28.80766598220397,1.71132188794331,25.66982831914965,Rookie-Medium,0.0066882212938757,0.02328516780667057,0.0189644209553846
00-0039050,Payne Durham,TE,TB,2030,30.21218343600274,1.674184572427418,18.667157982565712,Medium,0.0066882212938757,0.02328516780667057,0.01773221922196824
00-0037755,Jelani Woods,TE,NYJ,2030,31.89596167008898,1.431042979889387,11.448343839115095,Low,0.0066882212938757,0.02328516780667057,0.01773221922196824
00-0041133,Dallen Bentley,TE,DEN,2030,29.66735112936345,1.637754900516437,24.566323507746553,Rookie-Medium,0.0066882212938757,0.02328516780667057,0.01773221922196824
00-0040853,Carson Towt,TE,IND,2030,29.251197809719372,1.637754900516437,24.566323507746553,Rookie-Medium,0.0066882212938757,0.02328516780667057,0.01773221922196824
00-0041180,Quentin Moore,TE,WAS,2030,30.015058179329227,1.6364904138463277,24.547356207694914,Rookie-Medium,0.0066882212938757,0.02328516780667057,0.01773221922196824
00-0033757,Robert Tonyan,TE,PIT,2030,36.33949349760438,0.6031540738485761,4.825232590788609,Low,0.0066882212938757,0.02328516780667057,0.01773221922196824
00-0036590,Quintin Morris,TE,JAX,2030,31.61122518822724,1.3918015576693832,18.23260040546892,Medium,0.0066882212938757,0.02328516780667057,0.01773221922196824
00-0037292,Andrew Ogletree,TE,IND,2030,32.09582477754962,1.279989474924629,16.76786212151264,Medium,0.0066882212938757,0.02328516780667057,0.01773221922196824
00-0036876,Kylen Granson,TE,TEN,2030,32.432580424366876,1.1944328575288328,16.42345179102145,Medium,0.0066882212938757,0.02328516780667057,0.01773221922196824
00-0039530,Brevyn Spann-Ford,TE,DAL,2030,30.680355920602327,1.4299677060864775,23.37997199451391,High,0.0066882212938757,0.02328516780667057,0.0169839308650146
00-0033576,Eric Saubert,TE,SEA,2030,36.31485284052019,0.548579027200809,6.473232520969546,Medium,0.0066882212938757,0.02328516780667057,0.01773221922196824
00-0036429,Charlie Woerner,TE,ATL,2030,32.876112251882276,1.0964075570891618,11.512279349436199,Low,0.0066882212938757,0.02328516780667057,0.01773221922196824
00-0039824,Jared Wiley,TE,KC,2030,29.828884325804243,1.404493579066495,11.23594863253196,Low,0.0066882212938757,0.02328516780667057,0.01773221922196824
00-0034798,Durham Smythe,TE,BAL,2030,35.06365503080082,0.6336637441720553,6.65346931380658,Low,0.0066882212938757,0.02328516780667057,0.01773221922196824
00-0039648,David Martin-Robinson,TE,TEN,2030,30.68309377138946,1.2086069587697843,15.832751159884173,Medium,0.0066882212938757,0.02328516780667057,0.01773221922196824
00-0038710,Blake Whiteheart,TE,CLE,2030,30.444900752908968,1.2042286525439585,14.20989810001871,Medium,0.0066882212938757,0.02328516780667057,0.01773221922196824
00-0040488,Carter Runyon,TE,LV,2030,29.1088295687885,1.1905718376577583,9.524574701262067,Low,0.0066882212938757,0.02328516780667057,0.0189644209553846
00-0031484,Chris Manhertz,TE,NYG,2030,38.392881587953454,0.2890246046901255,2.4711603701005727,Low,0.0066882212938757,0.02328516780667057,0.01773221922196824
00-0038564,Cameron Latu,TE,NE,2030,30.518822724161534,1.152844366514374,14.352912363103954,Medium,0.0066882212938757,0.02328516780667057,0.01773221922196824
00-0040215,Gavin Bartholomew,TE,MIN,2030,27.34017796030116,1.2063293844605742,16.88861138244804,Low,0.0066882212938757,0.02328516780667057,0.0189644209553846
00-0040225,Thomas Fidone II,TE,NYG,2030,27.94798083504449,1.2063293844605742,9.650635075684594,Low,0.0066882212938757,0.02328516780667057,0.0189644209553846
00-0040509,Ben Yurosek,TE,MIN,2030,28.459958932238195,1.118684079252324,11.019038180635391,Low,0.0066882212938757,0.02328516780667057,0.0189644209553846
00-0039814,Erick All,TE,CIN,2030,29.965776865160848,1.1082352666793178,15.51529373351045,Low,0.0066882212938757,0.02328516780667057,0.01773221922196824
00-0040240,Caleb Lohner,TE,DEN,2030,28.917180013689254,1.1029468244865557,15.44125554281178,Low,0.0066882212938757,0.02328516780667057,0.0189644209553846
00-0036556,Brevin Jordan,TE,HOU,2030,30.127310061601644,1.0724319177469024,15.014046848456633,Low,0.0066882212938757,0.02328516780667057,0.01773221922196824
00-0037078,Cole Turner,TE,MIA,2030,30.46132785763176,1.0336527288568353,14.471138203995695,Low,0.0066882212938757,0.02328516780667057,0.01773221922196824
00-0040390,Jackson Meeks,TE,DET,2030,27.44147843942505,1.0832548068254335,15.16556729555607,Low,0.0066882212938757,0.02328516780667057,0.0189644209553846
00-0040081,Jake Briningstool,TE,KC,2030,27.72895277207392,1.0811654687747076,15.136316562845908,Low,0.0066882212938757,0.02328516780667057,0.0189644209553846
00-0040504,Bryson Nesbit,TE,MIN,2030,27.93429158110883,1.0811654687747076,15.136316562845908,Low,0.0066882212938757,0.02328516780667057,0.0189644209553846
00-0039686,Colson Yankoff,TE,WAS,2030,30.50239561943874,1.0067341536213907,12.533840212586314,Medium,0.0066882212938757,0.02328516780667057,0.01773221922196824
00-0037311,Ko Kieft,TE,TB,2030,32.61327857631759,0.7979007526686944,6.383206021349555,Low,0.0066882212938757,0.02328516780667057,0.01773221922196824
00-0040598,Mark Redman,TE,GB,2030,28.61327857631759,0.9869256293917504,13.816958811484506,Low,0.0066882212938757,0.02328516780667057,0.0189644209553846
00-0037031,Nikola Kalinic,TE,CHI,2030,33.609856262833674,0.6295602369298562,5.0364818954388495,Low,0.0066882212938757,0.02328516780667057,0.01773221922196824
00-0038498,E.J. Jenkins,TE,PHI,2030,31.82751540041068,0.8292814257170791,6.634251405736633,Low,0.0066882212938757,0.02328516780667057,0.01773221922196824
00-0038145,Thomas Odukoya,TE,KC,2030,33.32511978097194,0.6388934878439767,8.944508829815675,Low,0.0066882212938757,0.02328516780667057,0.01773221922196824
00-0038735,Princeton Fant,TE,DAL,2030,31.477070499657767,0.8404765480777074,6.7238123846216595,Low,0.0066882212938757,0.02328516780667057,0.01773221922196824
00-0039263,McCallan Castles,TE,GB,2030,30.746064339493497,0.8942052025314704,12.518872835440586,Low,0.0066882212938757,0.02328516780667057,0.01773221922196824
00-0039936,Thomas Yassmin,TE,GB,2030,30.863791923340177,0.8888216940299137,12.443503716418792,Low,0.0066882212938757,0.02328516780667057,0.01773221922196824
00-0040058,Nick Kallerup,TE,SEA,2030,29.43189596167009,0.9000782560991933,7.695669089648102,Low,0.0066882212938757,0.02328516780667057,0.01773221922196824
00-0036825,Feleipe Franks,TE,CAR,2030,32.69267624914443,0.6931884399226961,8.630196077037565,Medium,0.0066882212938757,0.02328516780667057,0.01773221922196824
00-0039075,Puka Nacua,WR,LA,2030,29.259411362080765,13.234946994693631,216.3913833632409,High,0.8224034779177342,0.9349944451027792,0.10643130155166285
00-0036900,Ja'Marr Chase,WR,CIN,2030,30.50239561943874,10.948247392664978,179.0038448700724,High,0.7203704783552609,0.8281449303475483,0.07011809502464342
00-0038543,Jaxon Smith-Njigba,WR,SEA,2030,28.54483230663929,12.85627836841602,218.55673226307232,High,0.7534942022914112,0.8008226161770149,0.0798715645954408
00-0036963,Amon-Ra St. Brown,WR,DET,2030,30.855578370978783,9.302157345192242,158.13667486826813,High,0.6525828325661439,0.8419199309813561,0.03750581188103934
00-0036322,Justin Jefferson,WR,MIN,2030,31.21149897330595,7.681706391395026,130.58900865371544,High,0.2968122208754631,0.6267104023379949,0.22646052435823127
00-0036410,Tee Higgins,WR,CIN,2030,31.61943874058864,6.917685066668605,108.6076555466971,High,0.32003919965171657,0.6691739954275361,0.02769118132140576
00-0037238,Drake London,WR,ATL,2030,29.10609171800137,10.742348275366073,147.7072887862835,Medium,0.3562683568417204,0.6243438010754453,0.06447220953330665
00-0036358,CeeDee Lamb,WR,DAL,2030,31.40041067761807,7.227628406525346,104.07784905396498,Medium,0.4578810181219962,0.8412370031709686,0.13419575041705337
00-0031381,Davante Adams,WR,LA,2030,37.686516084873375,1.5052978883244696,22.65473321928327,High,0.2341549144826781,0.49577912686247105,0.06931475300055653
00-0036554,Nico Collins,WR,HOU,2030,31.45516769336071,6.900173038413938,108.33271670309882,High,0.3611871893177159,0.7514967273498213,0.07493934606898876
00-0039337,Malik Nabers,WR,NYG,2030,27.096509240246405,11.052581217707598,94.49956941139995,Low,0.24616292519599264,0.632980221857553,0.10831139501457202
00-0035676,A.J. Brown,WR,NE,2030,33.17180013689254,4.416183898258932,69.33408720266523,High,0.4037885615752464,0.6706670666100123,0.02836617251172512
00-0037247,George Pickens,WR,DAL,2030,29.49486652977413,9.47140955052709,161.01396235896053,High,0.3363764316213861,0.6607733020683991,0.08434752680134266
00-0037239,Chris Olave,WR,NO,2030,30.17932922655715,8.48721143680361,138.76590699173903,High,0.28313590885551815,0.6071756523148876,0.05193382386646539
00-0039067,Rashee Rice,WR,KC,2030,30.360027378507873,8.133579096929957,90.68940693076902,Medium,0.4405941008188253,0.7190561266061534,0.0859057875935818
00-0039064,Zay Flowers,WR,BAL,2030,29.971252566735114,8.685190297356012,147.6482350550522,High,0.237902648555077,0.747103967541587,0.04184386310098842
00-0037240,Jameson Williams,WR,DET,2030,29.43463381245722,9.195355507194876,156.32104362231289,High,0.0930874243313735,0.6645515069780689,0.1294632959069212
00-0040129,Emeka Egbuka,WR,TB,2030,27.88227241615332,9.980801892223877,169.6736321678059,High,0.07426460677645685,0.5450132069948004,0.187018654381488
00-0039893,Brian Thomas Jr.,WR,JAX,2030,27.89869952087611,9.944730396954888,149.66819247417106,High,0.1015716923793112,0.5136890557641072,0.2612995833581429
00-0038117,Wan'Dale Robinson,WR,TEN,2030,29.65366187542779,8.581711213024398,140.31097833294893,High,0.1571264626352161,0.5033774096239327,0.16430573563146816
00-0040124,Tetairoa McMillan,WR,CAR,2030,27.408624229979463,9.892045540367336,168.16477418624473,High,0.07728759968704439,0.460636393287192,0.08462309149511879
00-0038544,Quentin Johnston,WR,LAC,2030,28.985626283367555,9.133160180503436,131.5175065992495,Medium,0.18442336734683148,0.6355079387756286,0.08460152089160147
00-0034348,Courtland Sutton,WR,DEN,2030,34.893908281998634,2.54411228872409,43.249908908309536,High,0.1245943052617096,0.5128657663292383,0.04715759250080922
00-0039915,Ladd McConkey,WR,LAC,2030,28.804928131416837,9.0207031941929,147.48849722505392,High,0.04099879880069505,0.4425782163569913,0.13958514791744267
00-0037664,Alec Pierce,WR,IND,2030,30.33264887063655,7.306782388076008,114.71648349279332,High,0.06771282959059725,0.3436313941386807,0.1312180400518086
00-0035640,DK Metcalf,WR,PIT,2030,32.714579055441476,4.208262274671863,66.06971771234825,High,0.0912331381353604,0.6730309321536126,0.03520386927362763
00-0036912,DeVonta Smith,WR,PHI,2030,31.797399041752225,5.220471538370831,88.74801615230413,High,0.06563601820540828,0.2956952441205029,0.06049387996327051
00-0035659,Terry McLaurin,WR,WAS,2030,34.96235455167694,2.367943457315209,29.48089604357435,Medium,0.15159513402474642,0.3674535834873297,0.03350840721787543
00-0036613,Jaylen Waddle,WR,DEN,2030,31.76728268309377,5.150609891186015,84.21247172089136,High,0.04836809823088802,0.29337628618452,0.02810863016413853
00-0037740,Garrett Wilson,WR,NYJ,2030,30.11088295687885,7.0658781461111335,74.1917205341669,Low,0.17511408646661417,0.44318486918884664,0.09711159033207468
00-0041438,Carnell Tate,WR,TEN,2030,25.61533196440794,9.098823530434231,136.48235295651347,Rookie-Medium,0.0621724182745371,0.23305325414693903,0.20061129095955132
00-0038124,Christian Watson,WR,GB,2030,31.307323750855577,5.454761880689957,67.91178541458996,Medium,0.09127264204882148,0.29860795976475174,0.08196110591235191
00-0038559,Michael Wilson,WR,ARI,2030,30.521560574948666,6.36942878692119,108.28028937766022,High,0.08965559005966021,0.350225829362457,0.07953731531671092
00-0041029,Jordyn Tyson,WR,NO,2030,26.05338809034908,8.647732137202158,129.71598205803238,Rookie-Medium,0.0621724182745371,0.23305325414693903,0.16970498929629352
00-0036259,Jauan Jennings,WR,MIN,2030,33.14442162902122,3.4199680507340844,53.69349839652512,High,0.08054454102566758,0.3872455816834068,0.0374215147970553
00-0038994,Jordan Addison,WR,MIN,2030,28.594113620807665,8.112437926694922,122.09219079675857,High,0.1001095459187864,0.3457257374476817,0.16715258417660792
00-0039919,Rome Odunze,WR,CHI,2030,28.246406570841888,8.233062930596425,113.20461529570085,Medium,0.07990301448236192,0.22835887273357944,0.07943073886046213
00-0041511,Omar Cooper Jr.,WR,NYJ,2030,26.715947980835043,8.527272050919592,127.90908076379388,Rookie-Medium,0.03429867257819892,0.19900272979163416,0.1565319427910622
00-0036252,Michael Pittman,WR,PIT,2030,32.90622861054073,3.5591922750637823,60.5062686760843,High,0.02986862571498036,0.3193852674135192,0.04794990053567647
00-0031588,Stefon Diggs,WR,WAS,2030,36.75564681724846,1.3547964303184434,23.03153931541354,High,0.12843505498933488,0.37798143741083984,0.07580674473572693
00-0034960,Jakobi Meyers,WR,JAX,2030,33.80971937029432,2.7915971942133617,45.64261412538847,High,0.10198875731875764,0.3763313413340989,0.10388280471114436
00-0031408,Mike Evans,WR,SF,2030,37.02943189596167,1.2559720951051154,14.004088860422037,Medium,0.06386950888324595,0.21332522802624576,0.06892189905862425
00-0040867,Makai Lemon,WR,PHI,2030,26.247775496235455,8.179316244234185,122.68974366351277,Rookie-Medium,0.03173360999749166,0.1567915947910262,0.1379512241046126
00-0041547,KC Concepcion,WR,CLE,2030,25.93566050650239,8.366040110316908,125.49060165475362,Rookie-Medium,0.03984218202945458,0.15076868165845683,0.1263285204990158
00-0041035,De'Zhaun Stribling,WR,SF,2030,27.704312114989733,7.894210703738371,118.41316055607557,Rookie-Medium,0.03442609148503509,0.3696364633373261,0.20634696055712656
00-0035719,Deebo Samuel Sr.,WR,SF,2030,34.628336755646814,2.2159693911016847,36.231099544512546,High,0.03169902779797374,0.4287744448027455,0.0631113578891654
00-0039849,Marvin Harrison Jr.,WR,ARI,2030,28.057494866529773,7.579361573176684,104.21622163117941,Medium,0.02304952752309493,0.10634200795201908,0.1429423720665037
00-0039868,Troy Franklin,WR,DEN,2030,27.567419575633128,7.460480058794912,126.8281609995135,High,0.02313956534558353,0.3613902930230892,0.16860642277439356
00-0040735,Luther Burden III,WR,CHI,2030,26.72142368240931,7.604686173702255,119.3935729271254,High,0.01678121125007118,0.30307035871118543,0.18532179649372724
00-0030279,Keenan Allen,WR,IND,2030,38.34633812457221,0.8105286593930854,13.778987209682452,High,0.03569894149000845,0.3393617985619054,0.03226996556888746
00-0039146,Jayden Reed,WR,GB,2030,30.34360027378508,5.4761782075204675,50.3808395091883,Low,0.02773195030635388,0.18606781946655424,0.111505765111715
00-0041037,Denzel Boston,WR,CLE,2030,26.7378507871321,7.148463053674855,107.22694580512282,Rookie-Medium,0.01179894468864918,0.09259939391732594,0.17262651529522072
00-0037816,Romeo Doubs,WR,NE,2030,30.38466803559206,5.380015689573819,87.96325652453194,High,0.0181294794640756,0.21764837812481155,0.04104196702963132
00-0033921,Chris Godwin Jr.,WR,TB,2030,34.51060917180014,2.00914926175095,23.707961288661213,Medium,0.06922909472597676,0.2054478454985779,0.03935455633730588
00-0039901,Keon Coleman,WR,BUF,2030,27.29363449691992,6.800053203567262,93.50073154904985,Medium,0.00986789249870311,0.13768441784695465,0.09244511626724232
00-0037261,Khalil Shakir,WR,BUF,2030,30.576317590691307,5.039630302446065,82.39795544499317,High,0.00961727258795719,0.3194165996182969,0.08031085958686036
00-0034827,DJ Moore,WR,BUF,2030,33.38261464750171,2.57228389288737,43.72882617908529,High,0.02901866152303144,0.37476435522470414,0.02463705024894858
00-0039916,Ricky Pearsall,WR,SF,2030,29.976728268309376,5.517934650965263,65.11162888139012,Medium,0.04495612115344907,0.2523109834049352,0.15931808630637018
00-0038606,Parker Washington,WR,JAX,2030,28.449007529089663,6.4231426543687045,105.01838239892832,High,0.01183824196120591,0.26018573725015914,0.07431074263949983
00-0041489,Germie Bernard,WR,PIT,2030,26.748802190280628,6.66565862123339,99.98487931850084,Rookie-Medium,0.00841799712432292,0.1373882317792402,0.16430328006071662
00-0036407,Jerry Jeudy,WR,CLE,2030,31.356605065023956,3.9102642252535076,66.47449182930963,High,0.01275150770041523,0.1688086485717718,0.10698316927561025
00-0040718,Travis Hunter,WR,JAX,2030,27.290896646132783,6.177577591921913,86.48608628690678,Low,0.00920653780899234,0.2659520618213746,0.23353796357483267
00-0038997,Josh Downs,WR,IND,2030,29.05407255304586,5.74100751284157,93.86547283495968,High,0.00841799712432292,0.15243716883330705,0.11103560883226428
00-0040170,Elic Ayomanor,WR,TEN,2030,27.247091033538673,6.143766441744285,100.45058132251907,High,0.00841799712432292,0.1434122184000325,0.12862692396784134
00-0039894,Xavier Worthy,WR,KC,2030,27.34839151266256,6.143081626821381,92.4533784836618,High,0.0135154722719477,0.25752488278500846,0.30170877177065103
00-0039890,Adonai Mitchell,WR,NYJ,2030,27.89869952087611,6.138484981201703,100.36422944264785,High,0.00841799712432292,0.20574335606669863,0.25451419011774146
00-0038563,Tre Tucker,WR,LV,2030,29.4839151266256,5.415511422353968,92.06369418001746,High,0.02142023236794189,0.32644880075346644,0.08943769732810121
00-0040130,Jayden Higgins,WR,HOU,2030,27.71252566735113,6.112663929313877,103.91528679833591,High,0.01372291556452633,0.10128578597317751,0.2002220596397703
00-0037545,Rashid Shaheed,WR,SEA,2030,32.00273785078713,3.2130661050658245,54.62212378611902,High,0.00841799712432292,0.23110047784169013,0.16054230464702451
00-0038608,Kayshon Boutte,WR,HOU,2030,28.320328542094455,5.847973390133491,88.01199952150905,High,0.01481834298024132,0.1361492125372188,0.19506465244419993
00-0039855,Jalen McMillan,WR,TB,2030,28.733744010951405,5.456174520898624,46.650292153683225,Low,0.00841799712432292,0.1478814941260829,0.03890149189136097
00-0034837,Calvin Ridley,WR,TEN,2030,35.698836413415464,1.1986946902062303,12.586294247165418,Low,0.01170316910436892,0.10851197205692292,0.02547177610692247
00-0039491,Jalen Coker,WR,CAR,2030,28.83778234086242,5.257658755004217,68.87532969055523,Medium,0.00841799712432292,0.03390345575058491,0.09162937674121983
00-0033908,Cooper Kupp,WR,SEA,2030,37.21286789869952,0.8043922431802154,13.151813175996523,High,0.00841799712432292,0.11866322582511796,0.0634309205830751
00-0040134,Pat Bryant,WR,DEN,2030,27.72621492128679,5.396463142447545,77.70906925124466,Medium,0.00841799712432292,0.0282850905378907,0.15996187388283442
00-0038393,Dontayvion Wicks,WR,PHI,2030,29.21013004791239,4.825123296686173,69.48177547228089,Medium,0.00841799712432292,0.02429227950500554,0.08879867281551493
00-0040237,Tez Johnson,WR,TB,2030,28.290212183436,5.171693729417667,81.19559155185736,High,0.00841799712432292,0.02429227950500554,0.10603178999299788
00-0040648,Tory Horton,WR,SEA,2030,27.756331279945243,5.170221206293937,57.6479664501774,Medium,0.00841799712432292,0.02885953863054032,0.07613952975871399
00-0040705,Chimere Dike,WR,TEN,2030,28.71457905544148,4.866374308560193,82.72836324552328,High,0.00841799712432292,0.02429227950500554,0.10507315619832051
00-0038104,Tyquan Thornton,WR,KC,2030,30.067077344284737,4.102710578707835,56.41227045723273,Medium,0.00841799712432292,0.05332561984736656,0.15422780156031962
00-0040667,Matthew Golden,WR,GB,2030,27.085557837097877,4.956417180242753,74.59407856265344,High,0.0111537297382739,0.1514955954295678,0.13201150629229794
00-0035662,Marquise Brown,WR,PHI,2030,33.242984257357975,1.9175708939532843,31.3522841161362,High,0.00981248957693295,0.11248765356627564,0.02507180775738181
00-0038621,DeMario Douglas,WR,NE,2030,29.730321697467488,4.084563883989881,66.78261950323456,High,0.00841799712432292,0.02429227950500554,0.07732820715525711
00-0039342,Xavier Legette,WR,CAR,2030,29.587953456536617,4.143465081822053,65.05240178460623,High,0.01239642627533662,0.14167291255750958,0.16472915253849268
00-0036309,Darnell Mooney,WR,NYG,2030,32.84052019164956,2.069798855312471,32.4958420284058,High,0.00841799712432292,0.09093455480749162,0.14815474009179697
00-0037837,Calvin Austin III,WR,NYG,2030,31.44147843942505,2.913025040016769,43.84102685225238,High,0.00841799712432292,0.02429227950500554,0.08018721925681373
00-0038976,Marvin Mims Jr.,WR,DEN,2030,28.45448323066393,4.514426282442327,70.87649263434453,High,0.00841799712432292,0.0276158418743433,0.2101698037126616
00-0038679,Tyrell Shavers,WR,BUF,2030,31.039014373716633,3.1634710106669757,41.44147023973738,Medium,0.00841799712432292,0.0666020393125863,0.03022664077668603
00-0037291,Jalen Nailor,WR,LV,2030,31.50171115674196,2.807682625471013,47.73060463300722,High,0.00841799712432292,0.02429227950500554,0.03905574455079965
00-0038619,Andrei Iosivas,WR,CIN,2030,30.88021902806297,3.2116067620139868,50.42222616361959,High,0.00841799712432292,0.02429227950500554,0.04096388792718797
00-0038618,Xavier Hutchinson,WR,HOU,2030,30.250513347022583,3.552640282443175,58.08566861794591,High,0.00841799712432292,0.02429227950500554,0.0415604458647379
00-0039424,Devaughn Vele,WR,NO,2030,32.720054757015745,2.0065369219321694,23.6771356787996,Medium,0.00841799712432292,0.02429227950500554,0.08524203397224013
00-0033555,Mack Hollins,WR,NE,2030,36.95824777549623,0.6845258605719178,10.302114201607363,High,0.00841799712432292,0.08965471666958123,0.09087295515459606
00-0040782,Isaiah Bond,WR,CLE,2030,26.46406570841889,4.3870481448952425,68.8766558748553,High,0.00841799712432292,0.02429227950500554,0.1267686089812809
00-0040729,Jack Bech,WR,LV,2030,27.704312114989733,4.263729484554229,64.16912874254115,High,0.00841799712432292,0.03161879097000354,0.07098906869860931
00-0039410,Ryan Flournoy,WR,DAL,2030,30.847364818617383,2.963816470127832,46.531918581006956,High,0.00841799712432292,0.02429227950500554,0.05012603124864257
00-0037614,John Metchie III,WR,CAR,2030,30.12183436002738,3.365760968188377,48.466957941912625,Medium,0.00841799712432292,0.04379276140837356,0.12356571152477558
00-0035208,Olamide Zaccheaus,WR,ATL,2030,33.1088295687885,1.6759607782518537,25.2232097126904,High,0.00841799712432292,0.02429227950500554,0.18601598379664025
00-0040727,Tre Harris,WR,LAC,2030,28.50650239561944,3.9566575450272388,64.69135086119536,High,0.00841799712432292,0.03673320801347403,0.15362788449425482
00-0040131,Kyle Williams,WR,NE,2030,27.800136892539356,4.079212487550568,61.392147937636054,High,0.00841799712432292,0.02813303911767363,0.09062298923960724
00-0035535,Darius Slayton,WR,NYG,2030,33.634496919917865,1.4635958651138687,22.027117769963727,High,0.00841799712432292,0.02623462115903429,0.08334668051756143
00-0040669,Isaac TeSlaa,WR,DET,2030,28.528405201916495,3.8877168379949008,58.510138411823256,High,0.00841799712432292,0.02411490185716993,0.12006502201997078
00-0032775,Demarcus Robinson,WR,SF,2030,35.94524298425736,0.8073883803571326,12.151195124374846,High,0.00841799712432292,0.02365028586273381,0.04170774420369674
00-0041525,Chris Bell,WR,MIA,2030,26.234086242299796,4.034213354932803,60.51320032399205,Rookie-Medium,0.04841037517634036,0.07276989826087965,0.03183416287353982
00-0041042,Malachi Fields,WR,NYG,2030,27.017111567419576,3.905354838255943,58.58032257383914,Rookie-Medium,0.01071181427010586,0.03790121533831749,0.08493893814732038
00-0041523,Caleb Douglas,WR,MIA,2030,26.978781656399725,4.0029887092123415,60.044830638185125,Rookie-Medium,0.01071181427010586,0.03790121533831749,0.1066219346991038
00-0039880,Malik Washington,WR,MIA,2030,29.86447638603696,3.2697960784873943,55.586533334285704,High,0.00841799712432292,0.02365028586273381,0.08419098726193294
00-0034775,Christian Kirk,WR,SF,2030,33.785078713210126,1.3374436789815065,17.520512194657734,Medium,0.00841799712432292,0.04172338784500706,0.0311108967576865
00-0040870,Ja'Kobi Lane,WR,BAL,2030,26.072553045859,3.9118369651835625,58.67755447775344,Rookie-Medium,0.00841799712432292,0.03369782056563513,0.0408205144110949
00-0033307,Kendrick Bourne,WR,ARI,2030,35.07734428473648,0.9524081680015971,14.333742928424037,High,0.00841799712432292,0.02623462115903429,0.04194555327371303
00-0041048,Ted Hurst III,WR,TB,2030,26.16563997262149,3.864036071932866,57.96054107899299,Rookie-Medium,0.00841799712432292,0.03369782056563513,0.07925263819814536
00-0036988,Josh Palmer,WR,BUF,2030,30.94318959616701,2.625663478362139,36.10287282747941,Medium,0.00841799712432292,0.0244189133073239,0.03601384103571837
00-0041044,Zachariah Branch,WR,ATL,2030,26.42573579739904,3.769593237140613,56.543898557109195,Rookie-Medium,0.00841799712432292,0.030392272039686,0.04879609106964356
00-0039355,Luke McCaffrey,WR,WAS,2030,29.415468856947296,3.226032326871551,38.0671814570843,Medium,0.00841799712432292,0.02429227950500554,0.04622809732470938
00-0035406,Lil'Jordan Humphrey,WR,DEN,2030,32.369609856262834,1.7433889461387655,18.305583934457037,Low,0.00841799712432292,0.02429227950500554,0.03001726513753819
00-0036849,Tutu Atwell,WR,LA,2030,30.902121834360027,2.4878827341197787,27.739892485435533,Medium,0.00841799712432292,0.0276158418743433,0.0583558701226819
00-0037801,KaVontae Turpin,WR,DAL,2030,34.08076659822039,1.1341453089837372,17.806081351044675,High,0.00841799712432292,0.02429227950500554,0.02829438850477124
00-0036626,Dyami Brown,WR,WAS,2030,30.833675564681723,2.494617489588596,32.67948911361061,Medium,0.00841799712432292,0.02898391119955746,0.16493043837315668
00-0037666,Jalen Tolbert,WR,MIA,2030,31.509924709103355,2.128622792266415,29.268563393663207,Medium,0.00841799712432292,0.02365028586273381,0.12161111608476376
00-0033375,Tim Patrick,WR,NYJ,2030,36.772073921971256,0.576311711105343,8.298888639916939,Medium,0.00841799712432292,0.02365028586273381,0.02903977807698396
00-0036550,Rashod Bateman,WR,BAL,2030,30.757015742642025,2.478051543939579,35.68394223272994,Medium,0.02606637707427452,0.10231826532522814,0.1493894201900083
00-0038977,Tank Dell,WR,HOU,2030,30.84188911704312,2.3828075615342397,33.359305861479356,Low,0.00972087701313018,0.0472926209662367,0.05726659248568474
00-0031235,Odell Beckham Jr.,WR,NYG,2030,37.82067077344285,0.425681361980293,5.959539067724102,Low,0.01536231520548509,0.12668129407808149,0.06769752885424139
00-0041047,Chris Brazzell II,WR,CAR,2030,26.85831622176591,3.4099694282404247,51.14954142360637,Rookie-Medium,0.00841799712432292,0.030392272039686,0.09795817374464204
00-0039739,Roman Wilson,WR,PIT,2030,29.201916495550993,3.000910457413776,35.410743397482555,Medium,0.00841799712432292,0.02377727643978876,0.07885378722422569
00-0032464,Kalif Raymond,WR,CHI,2030,36.06570841889117,0.6084381616679199,9.552479138186342,High,0.00841799712432292,0.02365028586273381,0.02329533707709679
00-0039792,Devontez Walker,WR,BAL,2030,29.201916495550993,2.8305075067472982,31.560158700232375,Medium,0.00841799712432292,0.02365028586273381,0.03039857747626876
00-0041040,Antonio Williams,WR,WAS,2030,26.132785763175907,3.15701470334256,47.3552205501384,Rookie-Medium,0.00841799712432292,0.04062927864389099,0.06293134591786467
00-0036980,Elijah Moore,WR,PHI,2030,30.431211498973305,2.3489452601029965,27.71755406921536,Medium,0.02816411291174189,0.09865714619940924,0.1727352033517401
00-0040277,Jahdae Walker,WR,CHI,2030,28.15879534565366,3.0090605615194677,29.639246530966755,Low,0.00841799712432292,0.02365028586273381,0.02903977807698396
00-0040138,Jaylin Noel,WR,HOU,2030,27.991786447638603,3.0066658647288778,51.113319700390925,High,0.00841799712432292,0.02377727643978876,0.04890948606568744
00-0037741,Jahan Dotson,WR,ATL,2030,30.444900752908968,2.2707054345825957,35.65007532294675,High,0.02606637707427452,0.10231826532522814,0.22393369965719195
00-0035359,David Sills,WR,TB,2030,35.26078028747433,0.7067708358178793,9.71809899249584,Medium,0.00841799712432292,0.02365028586273381,0.03859884225704478
00-0041070,Reggie Virgil,WR,ARI,2030,26.299794661190965,2.920078571098319,43.80117856647479,Rookie-Medium,0.00841799712432292,0.02365028586273381,0.03390254469680583
00-0037524,Tay Martin,WR,DET,2030,32.714579055441476,1.273551376146745,10.18841100917396,Low,0.00841799712432292,0.02365028586273381,0.02560957708790412
00-0037742,Treylon Burks,WR,WAS,2030,30.442162902121833,2.1437210744798447,23.90248998045027,Medium,0.01259924767495705,0.08148131918273455,0.11891872858939224
00-0040164,Jaylin Lane,WR,WAS,2030,28.33675564681725,2.6574179964071605,41.721462543592416,High,0.00841799712432292,0.02365028586273381,0.0379304657498383
00-0040581,Dont'e Thornton Jr.,WR,LV,2030,27.753593429158112,2.704663040256967,35.43108582736627,Medium,0.00841799712432292,0.02365028586273381,0.04692212231784226
00-0040876,Elijah Sarratt,WR,BAL,2030,27.263518138261464,2.702088205353586,40.53132308030379,Rookie-Medium,0.00841799712432292,0.02365028586273381,0.01838048484786746
00-0041069,Colbie Young,WR,CIN,2030,28.10677618069815,2.6842948403769826,40.26442260565474,Rookie-Medium,0.00841799712432292,0.02365028586273381,0.01838048484786746
00-0041004,Chase Roberts,WR,LV,2030,4,2.971940857729896,44.57911286594844,Rookie-Medium,0.07134878151248232,0.1371022280641759,0.05934437368086514
00-0041067,Bryce Lance,WR,NO,2030,28.032854209445585,2.658480717969789,39.877210769546835,Rookie-Medium,0.00841799712432292,0.02365028586273381,0.01838048484786746
00-0038359,Xavier Smith,WR,LA,2030,32.94455852156057,1.1298838522737182,18.473600984675294,High,0.00841799712432292,0.02365028586273381,0.03039857747626876
00-0040317,Jacoby Jones,WR,WAS,2030,29.12251882272416,2.441026861007856,19.52821488806285,Low,0.00841799712432292,0.02429227950500554,0.03039857747626876
00-0038728,Jared Wayne,WR,HOU,2030,29.90006844626968,2.207170211495177,17.657361691961416,Low,0.00841799712432292,0.07536660622222138,0.06877300001993215
00-0034407,Ray-Ray McCloud,WR,CHI,2030,33.87816563997262,0.8867933385965605,8.73491438517612,Low,0.00841799712432292,0.02365028586273381,0.01860357285084174
00-0041446,Kendrick Law,WR,DET,2030,26.217659137577,2.6847589826057288,40.27138473908593,Rookie-Medium,0.00841799712432292,0.02703791078305182,0.06517228531495815
00-0040930,Camden Brown,WR,DAL,2030,26.321697467488026,2.6552481599427726,39.82872239914159,Rookie-Medium,0.00841799712432292,0.02365028586273381,0.0304349016685427
00-0041100,Josh Cameron,WR,JAX,2030,27.457905544147845,2.5826656029003705,38.73998404350556,Rookie-Medium,0.00841799712432292,0.02365028586273381,0.01838048484786746
00-0040590,Konata Mumpfield,WR,LA,2030,27.854893908282,2.560198335222291,31.874469273517523,Medium,0.00841799712432292,0.02365028586273381,0.01838048484786746
00-0039062,Jonathan Mingo,WR,DAL,2030,29.366187542778917,2.2983466239341435,21.14478894019412,Low,0.00841799712432292,0.04390561268659108,0.09480670067435364
00-0039751,Jordan Whittington,WR,LA,2030,29.916495550992472,2.145789202480174,33.68889047893873,High,0.00841799712432292,0.02365028586273381,0.01838048484786746
00-0041051,Zavion Thomas,WR,CHI,2030,26.546201232032853,2.6204123115618825,39.306184673428234,Rookie-Medium,0.00841799712432292,0.02365028586273381,0.03183416287353982
00-0037091,Bo Melton,WR,GB,2030,31.290896646132783,1.613922028765201,23.240477214218895,Medium,0.00841799712432292,0.02365028586273381,0.01818415184632818
00-0041374,Sincere Brown,WR,LAC,2030,4,2.669993497474117,40.04990246211175,Rookie-Medium,0.07134878151248232,0.1371022280641759,0.05934437368086514
00-0040948,J. Michael Sturdivant,WR,GB,2030,27.98631074606434,2.4112048815214733,36.1680732228221,Rookie-Medium,0.00841799712432292,0.02365028586273381,0.01838048484786746
00-0040953,Jeff Caldwell,WR,KC,2030,27.50171115674196,2.4112048815214733,36.1680732228221,Rookie-Medium,0.00841799712432292,0.02365028586273381,0.01838048484786746
00-0041451,Brock Rechsteiner,WR,NO,2030,28.030116358658457,2.40671587705428,36.1007381558142,Rookie-Medium,0.00841799712432292,0.02365028586273381,0.01838048484786746
00-0040894,Malik Benson,WR,LV,2030,27.874058863791923,2.3733565114110062,35.600347671165096,Rookie-Medium,0.00841799712432292,0.02365028586273381,0.01838048484786746
00-0041399,CJ Daniels,WR,LA,2030,28.657084188911703,2.27540157520757,34.13102362811355,Rookie-Medium,0.00841799712432292,0.02365028586273381,0.01838048484786746
00-0040172,Jordan Watkins,WR,SF,2030,28.542094455852155,2.275917536512497,18.207340292099975,Low,0.00841799712432292,0.02365028586273381,0.01838048484786746
00-0032951,Laquon Treadwell,WR,IND,2030,35.21697467488022,0.5656848542661633,5.571995814521709,Low,0.01044948131795593,0.06498581558261816,0.03683713119128893
00-0041106,C.J. Williams,WR,JAX,2030,27.857631759069132,2.3144939728317615,34.71740959247642,Rookie-Medium,0.00841799712432292,0.02365028586273381,0.01838048484786746
00-0041550,Brenen Thompson,WR,LAC,2030,27.1047227926078,2.3044511048310747,34.56676657246612,Rookie-Medium,0.00841799712432292,0.02365028586273381,0.02354417419680337
00-0039451,Isaiah Williams,WR,NYJ,2030,29.587953456536617,1.9727243490880337,30.971772280682128,High,0.00841799712432292,0.02365028586273381,0.01838048484786746
00-0040009,Savion Williams,WR,GB,2030,28.774811772758383,2.1256672393481804,29.22792454103748,Medium,0.00841799712432292,0.02365028586273381,0.05002246808214913
00-0041443,Skyler Bell,WR,BUF,2030,28.15879534565366,2.2039089595305366,33.05863439295805,Rookie-Medium,0.00841799712432292,0.02365028586273381,0.01838048484786746
00-0039379,Jamari Thrash,WR,CLE,2030,29.700205338809035,1.8424137733266537,20.542913572592187,Medium,0.00841799712432292,0.02365028586273381,0.01838048484786746
00-0039920,Malachi Corley,WR,CLE,2030,28.449007529089663,2.073753164914036,28.514106017567997,Medium,0.00841799712432292,0.03161879097000354,0.11316125375603672
00-0038824,Ryan Miller,WR,MIA,2030,30.529774127310063,1.5868044700340502,18.724292746401794,Medium,0.00841799712432292,0.02365028586273381,0.01838048484786746
00-0038640,Jalen Brooks,WR,ARI,2030,30.31895961670089,1.6450466843078149,15.134429495631895,Low,0.00841799712432292,0.02365028586273381,0.01838048484786746
00-0040184,KeAndre Lambert-Smith,WR,LAC,2030,28.876112251882272,1.9755496042382843,24.595592572766638,Medium,0.00841799712432292,0.02365028586273381,0.01838048484786746
00-0040432,Beaux Collins,WR,ATL,2030,27.709787816564,2.0673682986046553,17.6759989530698,Low,0.00841799712432292,0.02365028586273381,0.01838048484786746
00-0041005,Corey Rucker,WR,LV,2030,28.229979466119097,2.022346449952384,30.33519674928576,Rookie-Medium,0.00841799712432292,0.02365028586273381,0.01838048484786746
00-0040218,Jimmy Horn Jr.,WR,CAR,2030,27.969883641341543,1.997514607571548,24.869056864265772,Medium,0.00841799712432292,0.02365028586273381,0.01838048484786746
00-0035021,Ashton Dulin,WR,IND,2030,33.29774127310061,0.7734720474170024,10.635240651983782,Medium,0.00841799712432292,0.02365028586273381,0.01860357285084174
00-0038090,Skyy Moore,WR,GB,2030,29.973990417522245,1.6441027189124375,27.94974622151144,High,0.00841799712432292,0.03673320801347403,0.09248673802072808
00-0036646,Simi Fehoko,WR,ARI,2030,32.82135523613963,0.8625372870230021,9.056641513741523,Low,0.00841799712432292,0.02365028586273381,0.01838048484786746
00-0041099,Barion Brown,WR,NO,2030,26.72142368240931,2.002373970346324,30.035609555194863,Rookie-Medium,0.00841799712432292,0.02365028586273381,0.01838048484786746
00-0040024,Darius Cooper,WR,PHI,2030,28.774811772758383,1.8411561551231956,18.135388127963477,Low,0.00841799712432292,0.02365028586273381,0.02329533707709679
00-0041397,Kaden Wetjen,WR,PIT,2030,28.48186173853525,1.8682844542325527,28.024266813488293,Rookie-Medium,0.00841799712432292,0.02365028586273381,0.01838048484786746
00-0039623,Mason Tipton,WR,NO,2030,29.927446954141,1.6110510600180963,17.963219319201773,Medium,0.00841799712432292,0.02365028586273381,0.01838048484786746
00-0040154,Tai Felton,WR,MIN,2030,27.46611909650924,1.88977315099824,25.984380826225802,Medium,0.00841799712432292,0.02365028586273381,0.02562501539909508
00-0041529,Kevin Coleman Jr.,WR,MIA,2030,26.97604380561259,1.895844953048233,28.437674295723497,Rookie-Medium,0.00841799712432292,0.02365028586273381,0.01838048484786746
00-0039236,Johnny Wilson,WR,PHI,2030,29.412731006160165,1.6401692134522499,22.962368988331498,Low,0.00841799712432292,0.02365028586273381,0.01838048484786746
00-0038590,Justin Shorter,WR,LV,2030,30.373716632443532,1.4056637681796644,11.245310145437315,Low,0.00841799712432292,0.02365028586273381,0.01838048484786746
00-0040785,Dohnte Meyers,WR,CIN,2030,30.154688569472963,1.463733819040111,21.956007285601665,Rookie-Medium,0.00841799712432292,0.02365028586273381,0.01838048484786746
00-0036862,Ben Skowronek,WR,PIT,2030,33.18001368925394,0.7264346023096335,11.87720574776251,High,0.00841799712432292,0.02365028586273381,0.02598171474309159
00-0037093,Dareke Young,WR,LV,2030,31.24435318275154,1.1687830684709024,13.031931213450562,Medium,0.00841799712432292,0.02365028586273381,0.02598171474309159
00-0038840,Brycen Tremayne,WR,CAR,2030,30.78713210130048,1.2890365691521417,20.237874135688624,High,0.00841799712432292,0.02365028586273381,0.01838048484786746
00-0039626,Cole Burgess,WR,PIT,2030,30.55441478439425,1.3449129069725334,18.828780697615468,Low,0.00841799712432292,0.02365028586273381,0.01838048484786746
00-0040646,Jalen Royals,WR,KC,2030,27.534565366187543,1.7708629676851997,14.166903741481597,Low,0.00841799712432292,0.02365028586273381,0.01838048484786746
00-0040120,Jimmy Holiday,WR,KC,2030,28.709103353867217,1.6882930580165947,23.636102812232327,Low,0.00841799712432292,0.02365028586273381,0.01838048484786746
00-0040629,Dalevon Campbell,WR,LAC,2030,28.739219712525667,1.6851499177810028,13.481199342248022,Low,0.00841799712432292,0.02365028586273381,0.01838048484786746
00-0035645,Gunner Olszewski,WR,NYG,2030,33.76317590691308,0.6098749822419739,9.971455959656273,High,0.00841799712432292,0.02365028586273381,0.02598171474309159
00-0036630,Tylan Wallace,WR,CLE,2030,31.30458590006845,1.1100511776630175,14.54167042738553,Medium,0.00841799712432292,0.02365028586273381,0.01838048484786746
00-0035045,D.J. Montgomery,WR,IND,2030,33.78781656399726,0.5929081340355018,8.300713876497024,Low,0.00841799712432292,0.02365028586273381,0.01838048484786746
00-0039710,Jeshaun Jones,WR,MIN,2030,30.694045174537987,1.2488580882323863,9.99086470585909,Low,0.00841799712432292,0.02365028586273381,0.01838048484786746
00-0040582,Arian Smith,WR,NYJ,2030,28.889801505817932,1.5959167544574728,22.98120126418761,Medium,0.00841799712432292,0.02365028586273381,0.02023673003675561
00-0037156,Irvin Charles,WR,SEA,2030,33.38535249828884,0.6432591891078905,9.005628647510466,Low,0.00841799712432292,0.02365028586273381,0.01838048484786746
00-0040890,Cyrus Allen,WR,KC,2030,27.55373032169747,1.6635625604777866,24.9534384071668,Rookie-Medium,0.00841799712432292,0.02365028586273381,0.01838048484786746
00-0036463,Chris Blair,WR,ATL,2030,32.903490759753595,0.7116841550449731,5.6934732403597845,Low,0.00841799712432292,0.02365028586273381,0.01838048484786746
00-0041132,Deion Burks,WR,IND,2030,27.64681724845996,1.6179504987465572,24.26925748119836,Rookie-Medium,0.00841799712432292,0.02365028586273381,0.01838048484786746
00-0040563,Efton Chism III,WR,NE,2030,28.84873374401095,1.4843815953299047,16.550854787928436,Medium,0.00841799712432292,0.02365028586273381,0.02598171474309159
00-0040570,Jeremiah Webb,WR,NE,2030,29.29226557152635,1.365813031522066,19.121382441308924,Low,0.00841799712432292,0.02365028586273381,0.01838048484786746
00-0040498,Dontae Fleming,WR,MIN,2030,28.758384668035593,1.4308573163467007,20.032002428853808,Low,0.00841799712432292,0.02365028586273381,0.01838048484786746
00-0038752,Jake Bobo,WR,SEA,2030,32.076659822039694,0.7835814037838033,7.208948914810989,Low,0.00841799712432292,0.02365028586273381,0.01838048484786746
00-0036331,Devin Duvernay,WR,ARI,2030,32.969199178644764,0.6104464323646012,10.37758935019822,High,0.00841799712432292,0.02365028586273381,0.01908358263361093
00-0040621,Montorie Foster Jr,WR,SEA,2030,29.078713210130047,1.3238011685845206,18.53321636018329,Low,0.00841799712432292,0.02365028586273381,0.01838048484786746
00-0040352,Coleman Owen,WR,IND,2030,29.44284736481862,1.265472253952823,10.123778031622583,Low,0.00841799712432292,0.02365028586273381,0.01838048484786746
00-0038573,Derius Davis,WR,LAC,2030,29.971252566735114,1.1216401202905752,14.693485575806536,Medium,0.00841799712432292,0.02365028586273381,0.01860357285084174
00-0039589,Kameron Johnson,WR,TB,2030,28.459958932238195,1.2534360597225302,21.308413015283016,High,0.00841799712432292,0.02365028586273381,0.01860357285084174
00-0039365,Jacob Cowing,WR,SF,2030,29.571526351813823,1.092875569546432,15.300257973650048,Low,0.00841799712432292,0.02365028586273381,0.01838048484786746
00-0040075,LaJohntay Wester,WR,BAL,2030,28.42710472279261,1.2152955931389653,18.29019867674143,High,0.00841799712432292,0.02365028586273381,0.01838048484786746
00-0038519,Nikko Remigio,WR,KC,2030,30.82546201232033,0.866896161790264,13.046787234943473,High,0.00841799712432292,0.02365028586273381,0.02598171474309159
00-0040506,Myles Price,WR,MIN,2030,28.709103353867217,1.1593508591315882,18.955386546801467,High,0.00841799712432292,0.02365028586273381,0.01838048484786746
00-0040534,Ke'Shawn Williams,WR,CIN,2030,28.67898699520876,1.160676816861881,15.204866300890641,Medium,0.00841799712432292,0.02365028586273381,0.01838048484786746
