player_id,player_display_name,position,projected_fppg,comp_rank,comp_player_id,comp_player,comp_season,comp_next_season_fppg,similarity_score
00-0034857,Josh Allen,QB,19.124768925675426,1,00-0027939,Cam Newton,2016,16.950666666666667,71
00-0034857,Josh Allen,QB,19.124768925675426,2,00-0027939,Cam Newton,2017,18.7175,67.1
00-0034857,Josh Allen,QB,19.124768925675426,3,00-0027939,Cam Newton,2018,20.185714285714287,66.8
00-0036389,Jalen Hurts,QB,18.595960036247902,1,00-0033873,Patrick Mahomes,2024,17.6575,69.7
00-0036389,Jalen Hurts,QB,18.595960036247902,2,00-0033537,Deshaun Watson,2023,14.466666666666669,69.5
00-0036389,Jalen Hurts,QB,18.595960036247902,3,00-0033869,Mitchell Trubisky,2019,13.521333333333333,64.9
00-0039851,Drake Maye,QB,18.15929001092006,1,00-0033537,Deshaun Watson,2020,23.082500000000003,67
00-0039851,Drake Maye,QB,18.15929001092006,2,00-0039732,Bo Nix,2025,17.931764705882355,63.3
00-0039851,Drake Maye,QB,18.15929001092006,3,00-0039163,C.J. Stroud,2024,12.963529411764709,56.3
00-0036971,Trevor Lawrence,QB,17.0833197450296,1,00-0032268,Marcus Mariota,2018,12.53,69.8
00-0036971,Trevor Lawrence,QB,17.0833197450296,2,00-0036442,Joe Burrow,2023,14.716000000000005,67
00-0036971,Trevor Lawrence,QB,17.0833197450296,3,00-0031503,Jameis Winston,2019,19.085,65.4
00-0033873,Patrick Mahomes,QB,17.073766186628937,1,00-0027973,Andy Dalton,2020,12.4,50.1
00-0033873,Patrick Mahomes,QB,17.073766186628937,2,00-0026498,Matthew Stafford,2016,17.486250000000002,50.1
00-0033873,Patrick Mahomes,QB,17.073766186628937,3,00-0027973,Andy Dalton,2021,10.525,49.3
00-0034796,Lamar Jackson,QB,16.9743460530391,1,00-0034855,Baker Mayfield,2025,15.99529411764706,62.5
00-0034796,Lamar Jackson,QB,16.9743460530391,2,00-0023436,Alex Smith,2016,14.952000000000002,60.8
00-0034796,Lamar Jackson,QB,16.9743460530391,3,00-0029263,Russell Wilson,2020,22.48625,60.1
00-0039918,Caleb Williams,QB,16.91477762949131,1,00-0029263,Russell Wilson,2017,21.745,46.1
00-0039918,Caleb Williams,QB,16.91477762949131,2,00-0032268,Marcus Mariota,2019,12.145714285714288,45.1
00-0039918,Caleb Williams,QB,16.91477762949131,3,00-0035710,Daniel Jones,2022,18.0625,38.4
00-0039732,Bo Nix,QB,16.46830961614082,1,00-0039163,C.J. Stroud,2024,12.963529411764709,65.7
00-0039732,Bo Nix,QB,16.46830961614082,2,00-0033537,Deshaun Watson,2020,23.082500000000003,64.2
00-0039732,Bo Nix,QB,16.46830961614082,3,00-0039163,C.J. Stroud,2025,14.895714285714286,63.9
00-0036355,Justin Herbert,QB,16.334585285451084,1,00-0032950,Carson Wentz,2021,15.177647058823528,77.4
00-0036355,Justin Herbert,QB,16.334585285451084,2,00-0027939,Cam Newton,2017,18.7175,74
00-0036355,Justin Herbert,QB,16.334585285451084,3,00-0034857,Josh Allen,2024,23.69,73.1
00-0037834,Brock Purdy,QB,16.312876403690645,1,00-0028986,Case Keenum,2018,13.43125,68.4
00-0037834,Brock Purdy,QB,16.312876403690645,2,00-0035289,Gardner Minshew,2020,17.79555555555556,67.9
00-0037834,Brock Purdy,QB,16.312876403690645,3,00-0033077,Dak Prescott,2020,27.028,62.3
00-0040691,Jaxson Dart,QB,16.26164436018105,1,00-0033869,Mitchell Trubisky,2019,13.521333333333333,73.6
00-0040691,Jaxson Dart,QB,16.26164436018105,2,00-0039918,Caleb Williams,2025,18.687058823529412,72
00-0040691,Jaxson Dart,QB,16.26164436018105,3,00-0036945,Justin Fields,2022,19.732000000000003,69.3
00-0039910,Jayden Daniels,QB,16.1083112421549,1,00-0034796,Lamar Jackson,2024,25.316470588235298,61.4
00-0039910,Jayden Daniels,QB,16.1083112421549,2,00-0036945,Justin Fields,2024,11.914,59.2
00-0039910,Jayden Daniels,QB,16.1083112421549,3,00-0033537,Deshaun Watson,2019,21.36533333333334,59.1
00-0033077,Dak Prescott,QB,16.10760103621803,1,00-0024226,Jay Cutler,2016,9.352,65.8
00-0033077,Dak Prescott,QB,16.10760103621803,2,00-0023682,Ryan Fitzpatrick,2016,9.528571428571428,65.3
00-0033077,Dak Prescott,QB,16.10760103621803,3,00-0023682,Ryan Fitzpatrick,2017,12.32,59
00-0026498,Matthew Stafford,QB,16.104734588130846,1,00-0026143,Matt Ryan,2022,12.94,73.8
00-0026498,Matthew Stafford,QB,16.104734588130846,2,00-0026143,Matt Ryan,2021,13.112941176470589,73.2
00-0026498,Matthew Stafford,QB,16.104734588130846,3,00-0022803,Eli Manning,2019,13.595000000000002,70.3
00-0036442,Joe Burrow,QB,16.040696342703026,1,00-0033106,Jared Goff,2024,19.056470588235292,80.5
00-0036442,Joe Burrow,QB,16.040696342703026,2,00-0033106,Jared Goff,2022,16.69529411764706,79.5
00-0036442,Joe Burrow,QB,16.040696342703026,3,00-0031280,Derek Carr,2020,17.0075,77.3
00-0033106,Jared Goff,QB,15.600767129586677,1,00-0026143,Matt Ryan,2018,22.15375,82
00-0033106,Jared Goff,QB,15.600767129586677,2,00-0026498,Matthew Stafford,2018,13.26125,80.6
00-0033106,Jared Goff,QB,15.600767129586677,3,00-0026143,Matt Ryan,2017,14.25625,80.3
00-0034855,Baker Mayfield,QB,15.430589365890263,1,00-0027973,Andy Dalton,2017,13.16875,70.9
00-0034855,Baker Mayfield,QB,15.430589365890263,2,00-0023459,Aaron Rodgers,2016,23.75125,68.7
00-0034855,Baker Mayfield,QB,15.430589365890263,3,00-0031237,Teddy Bridgewater,2021,14.477142857142857,68.1
00-0041562,Fernando Mendoza,QB,15.026296217667491,1,00-0034857,Josh Allen,2018,17.238333333333333,95.7
00-0041562,Fernando Mendoza,QB,15.026296217667491,2,00-0032950,Carson Wentz,2016,13.3425,95.4
00-0041562,Fernando Mendoza,QB,15.026296217667491,3,00-0036355,Justin Herbert,2020,22.18933333333333,86.7
00-0035710,Daniel Jones,QB,15.02228381342938,1,00-0029701,Ryan Tannehill,2020,21.49125,77.4
00-0035710,Daniel Jones,QB,15.02228381342938,2,00-0033106,Jared Goff,2021,13.892857142857142,74.9
00-0035710,Daniel Jones,QB,15.02228381342938,3,00-0036442,Joe Burrow,2024,21.93058823529412,72.2
00-0034869,Sam Darnold,QB,14.371899861507275,1,00-0031345,Jimmy Garoppolo,2022,14.980000000000002,77.4
00-0034869,Sam Darnold,QB,14.371899861507275,2,00-0031345,Jimmy Garoppolo,2023,9.157142857142857,76.5
00-0034869,Sam Darnold,QB,14.371899861507275,3,00-0027854,Sam Bradford,2016,14.758666666666668,76.4
00-0036264,Jordan Love,QB,14.312297924720816,1,00-0034869,Sam Darnold,2025,13.848235294117648,77.6
00-0036264,Jordan Love,QB,14.312297924720816,2,00-0033106,Jared Goff,2021,13.892857142857142,76.1
00-0036264,Jordan Love,QB,14.312297924720816,3,00-0034869,Sam Darnold,2023,2.338,73.1
00-0039923,J.J. McCarthy,QB,14.21263051722574,1,00-0038122,Desmond Ridder,2023,11.776000000000002,76.2
00-0039923,J.J. McCarthy,QB,14.21263051722574,2,00-0035652,Ryan Finley,2020,4.79,65.5
00-0039923,J.J. McCarthy,QB,14.21263051722574,3,00-0038102,Kenny Pickett,2023,9.183333333333334,61.9
00-0039150,Bryce Young,QB,13.681276378326595,1,00-0035228,Kyler Murray,2024,17.48470588235294,58.4
00-0039150,Bryce Young,QB,13.681276378326595,2,00-0035228,Kyler Murray,2025,15.556,57.7
00-0039150,Bryce Young,QB,13.681276378326595,3,00-0035228,Kyler Murray,2020,23.67125,56.9
00-0039163,C.J. Stroud,QB,13.598113598296113,1,00-0036972,Mac Jones,2023,9.672727272727274,81.8
00-0039163,C.J. Stroud,QB,13.598113598296113,2,00-0033869,Mitchell Trubisky,2020,15.37,81.4
00-0039163,C.J. Stroud,QB,13.598113598296113,3,00-0032268,Marcus Mariota,2018,12.53,80.5
00-0035228,Kyler Murray,QB,13.22483678918966,1,00-0029263,Russell Wilson,2018,18.6825,72.8
00-0035228,Kyler Murray,QB,13.22483678918966,2,00-0029263,Russell Wilson,2016,16.816249999999997,68.8
00-0035228,Kyler Murray,QB,13.22483678918966,3,00-0029263,Russell Wilson,2021,17.344285714285714,65.5
00-0036212,Tua Tagovailoa,QB,13.222361937592751,1,00-0034855,Baker Mayfield,2023,16.121176470588235,82.3
00-0036212,Tua Tagovailoa,QB,13.222361937592751,2,00-0027973,Andy Dalton,2018,15.867272727272727,77.1
00-0036212,Tua Tagovailoa,QB,13.222361937592751,3,00-0033869,Mitchell Trubisky,2023,9.736,73.3
00-0040676,Cam Ward,QB,13.182318434556322,1,00-0036972,Mac Jones,2024,9.608,81.4
00-0040676,Cam Ward,QB,13.182318434556322,2,00-0036972,Mac Jones,2022,12.148571428571428,81
00-0040676,Cam Ward,QB,13.182318434556322,3,00-0036972,Mac Jones,2023,9.672727272727274,79.6
00-0032268,Marcus Mariota,QB,12.95408459467137,1,00-0023436,Alex Smith,2016,14.952000000000002,76.2
00-0032268,Marcus Mariota,QB,12.95408459467137,2,00-0029701,Ryan Tannehill,2020,21.49125,65.6
00-0032268,Marcus Mariota,QB,12.95408459467137,3,00-0030565,Geno Smith,2023,15.117333333333336,65.5
00-0036945,Justin Fields,QB,12.820039413016492,1,00-0036389,Jalen Hurts,2022,25.202666666666666,55.9
00-0036945,Justin Fields,QB,12.820039413016492,2,00-0034857,Josh Allen,2019,18.035,53.4
00-0036945,Justin Fields,QB,12.820039413016492,3,00-0028118,Tyrod Taylor,2016,18.061333333333337,49.7
00-0023459,Aaron Rodgers,QB,12.776979915719611,1,00-0020531,Drew Brees,2019,20.432727272727274,45.1
00-0023459,Aaron Rodgers,QB,12.776979915719611,2,00-0027973,Andy Dalton,2021,10.525,43.3
00-0023459,Aaron Rodgers,QB,12.776979915719611,3,00-0030565,Geno Smith,2024,15.647058823529411,42.2
00-0041568,Ty Simpson,QB,12.685657328558507,1,00-0034855,Baker Mayfield,2018,17.15,90
00-0041568,Ty Simpson,QB,12.685657328558507,2,00-0037013,Zach Wilson,2021,11.681538461538462,83.3
00-0041568,Ty Simpson,QB,12.685657328558507,3,00-0039732,Bo Nix,2024,18.62941176470588,81.1
00-0040743,Tyler Shough,QB,12.400797213588708,1,00-0035704,Drew Lock,2020,13.947692307692307,78.3
00-0040743,Tyler Shough,QB,12.400797213588708,2,00-0035704,Drew Lock,2021,8.563333333333334,78.2
00-0040743,Tyler Shough,QB,12.400797213588708,3,00-0032268,Marcus Mariota,2018,12.53,77
00-0026158,Joe Flacco,QB,11.14567999554466,1,00-0022924,Ben Roethlisberger,2020,17.814666666666668,72.1
00-0026158,Joe Flacco,QB,11.14567999554466,2,00-0022924,Ben Roethlisberger,2021,13.63125,71.2
00-0026158,Joe Flacco,QB,11.14567999554466,3,00-0022924,Ben Roethlisberger,2018,21.334999999999997,59.4
00-0030565,Geno Smith,QB,10.964344240420202,1,00-0027973,Andy Dalton,2024,9.826666666666666,77.6
00-0030565,Geno Smith,QB,10.964344240420202,2,00-0027973,Andy Dalton,2022,12.445714285714288,76.6
00-0030565,Geno Smith,QB,10.964344240420202,3,00-0027973,Andy Dalton,2025,2.3800000000000003,75.9
00-0033119,Jacoby Brissett,QB,10.87753191843462,1,00-0034771,Mason Rudolph,2025,3,71.5
00-0033119,Jacoby Brissett,QB,10.87753191843462,2,00-0024226,Jay Cutler,2016,9.352,68.6
00-0033119,Jacoby Brissett,QB,10.87753191843462,3,00-0024226,Jay Cutler,2017,11.274285714285712,65.2
00-0039917,Michael Penix Jr.,QB,10.814125940890175,1,00-0036972,Mac Jones,2024,9.608,81.5
00-0039917,Michael Penix Jr.,QB,10.814125940890175,2,00-0031280,Derek Carr,2016,17.898666666666667,79.6
00-0039917,Michael Penix Jr.,QB,10.814125940890175,3,00-0036972,Mac Jones,2023,9.672727272727274,79.4
00-0033869,Mitchell Trubisky,QB,10.67007559171346,1,00-0029665,Robert Griffin III,2020,0.645,72.2
00-0033869,Mitchell Trubisky,QB,10.67007559171346,2,00-0030565,Geno Smith,2021,13.57,70.8
00-0033869,Mitchell Trubisky,QB,10.67007559171346,3,00-0027688,Colt McCoy,2021,5.9,68.9
00-0036972,Mac Jones,QB,10.248721720055393,1,00-0038102,Kenny Pickett,2024,5.0280000000000005,81.8
00-0036972,Mac Jones,QB,10.248721720055393,2,00-0033869,Mitchell Trubisky,2023,9.736,80.5
00-0036972,Mac Jones,QB,10.248721720055393,3,00-0034869,Sam Darnold,2025,13.848235294117648,74.7
00-0032950,Carson Wentz,QB,10.115668509556064,1,00-0026158,Joe Flacco,2018,15.233333333333336,72.2
00-0032950,Carson Wentz,QB,10.115668509556064,2,00-0026158,Joe Flacco,2019,10.61,70.6
00-0032950,Carson Wentz,QB,10.115668509556064,3,00-0026158,Joe Flacco,2020,10.952000000000002,70.4
00-0041561,Carson Beck,QB,9.98264409331048,1,00-0039152,Will Levis,2023,11.335555555555556,87.6
00-0041561,Carson Beck,QB,9.98264409331048,2,00-0035704,Drew Lock,2019,13.600000000000003,84.2
00-0041561,Carson Beck,QB,9.98264409331048,3,00-0033899,DeShone Kizer,2017,11.710666666666668,84.1
00-0039164,Anthony Richardson,QB,9.940323704971426,1,00-0029567,Nick Foles,2019,9.435,6.1
00-0039164,Anthony Richardson,QB,9.940323704971426,2,00-0033077,Dak Prescott,2021,20.035000000000004,5.6
00-0039164,Anthony Richardson,QB,9.940323704971426,3,00-0032268,Marcus Mariota,2016,17.329333333333334,5.4
00-0041565,Drew Allar,QB,9.776872093642062,1,00-0036898,Davis Mills,2021,12.073846153846157,85
00-0041565,Drew Allar,QB,9.776872093642062,2,00-0035704,Drew Lock,2019,13.600000000000003,84.7
00-0041565,Drew Allar,QB,9.776872093642062,3,00-0035710,Daniel Jones,2019,16.536923076923078,83.3
00-0031503,Jameis Winston,QB,9.41394967050102,1,00-0032268,Marcus Mariota,2016,17.329333333333334,0.3
00-0031503,Jameis Winston,QB,9.41394967050102,2,00-0033077,Dak Prescott,2021,20.035000000000004,0.2
00-0031503,Jameis Winston,QB,9.41394967050102,3,00-0029567,Nick Foles,2019,9.435,0.1
00-0038128,Malik Willis,QB,9.328323004174775,1,00-0028118,Tyrod Taylor,2019,1.505,60.8
00-0038128,Malik Willis,QB,9.328323004174775,2,00-0028118,Tyrod Taylor,2018,10.355,57
00-0038128,Malik Willis,QB,9.328323004174775,3,00-0036945,Justin Fields,2025,15.851111111111113,56.2
00-0041056,Cade Klubnik,QB,9.273388659410614,1,00-0038583,Dorian Thompson-Robinson,2023,3.1571428571428575,87.5
00-0041056,Cade Klubnik,QB,9.273388659410614,2,00-0040668,Shedeur Sanders,2025,10.6125,85.6
00-0041056,Cade Klubnik,QB,9.273388659410614,3,00-0038122,Desmond Ridder,2022,9.68,84.6
00-0027973,Andy Dalton,QB,9.087386338085924,1,00-0023459,Aaron Rodgers,2024,15.092941176470587,66.7
00-0027973,Andy Dalton,QB,9.087386338085924,2,00-0023436,Alex Smith,2020,8.9475,61.8
00-0027973,Andy Dalton,QB,9.087386338085924,3,00-0027688,Colt McCoy,2021,5.9,61.3
00-0035704,Drew Lock,QB,8.957913760349442,1,00-0033119,Jacoby Brissett,2021,7.231999999999999,76.1
00-0035704,Drew Lock,QB,8.957913760349442,2,00-0025430,Drew Stanton,2016,1.876,75.9
00-0035704,Drew Lock,QB,8.957913760349442,3,00-0030565,Geno Smith,2021,13.57,75.5
00-0041194,Jack Strand,QB,8.94860575388374,1,00-0033077,Dak Prescott,2016,17.93,52.5
00-0041194,Jack Strand,QB,8.94860575388374,2,00-0033899,DeShone Kizer,2017,11.710666666666668,52.1
00-0041194,Jack Strand,QB,8.94860575388374,3,00-0033958,Nathan Peterman,2017,2.3850000000000007,52
00-0029604,Kirk Cousins,QB,8.673844897693039,1,00-0026498,Matthew Stafford,2025,20.610588235294117,63.1
00-0029604,Kirk Cousins,QB,8.673844897693039,2,00-0026498,Matthew Stafford,2023,16.206666666666667,62.9
00-0029604,Kirk Cousins,QB,8.673844897693039,3,00-0021206,Josh McCown,2017,15.803076923076926,61.7
00-0041414,Matthew Caldwell,QB,8.459095051613854,1,00-0038416,Tyson Bagent,2023,10.652,84.2
00-0041414,Matthew Caldwell,QB,8.459095051613854,2,00-0040206,Riley Leonard,2025,6.2,74.3
00-0041414,Matthew Caldwell,QB,8.459095051613854,3,00-0038476,Tommy DeVito,2023,10.393333333333333,74.3
00-0041117,Athan Kaliakmanis,QB,8.427238853718153,1,00-0040234,Quinn Ewers,2025,8.169999999999998,92
00-0041117,Athan Kaliakmanis,QB,8.427238853718153,2,00-0037327,Skylar Thompson,2022,2.494285714285714,87
00-0041117,Athan Kaliakmanis,QB,8.427238853718153,3,00-0040668,Shedeur Sanders,2025,10.6125,81.8
00-0040668,Shedeur Sanders,QB,8.107775526563678,1,00-0039376,Spencer Rattler,2025,10.96,72.4
00-0040668,Shedeur Sanders,QB,8.107775526563678,2,00-0038122,Desmond Ridder,2023,11.776000000000002,70
00-0040668,Shedeur Sanders,QB,8.107775526563678,3,00-0032434,Brandon Allen,2020,9.94,69.8
00-0028118,Tyrod Taylor,QB,8.075326945103146,1,00-0027688,Colt McCoy,2022,8.200000000000001,58.5
00-0028118,Tyrod Taylor,QB,8.075326945103146,2,00-0027688,Colt McCoy,2020,4.55,57.7
00-0028118,Tyrod Taylor,QB,8.075326945103146,3,00-0023682,Ryan Fitzpatrick,2018,20.729999999999997,57.4
00-0033537,Deshaun Watson,QB,8.022819125690868,1,00-0025430,Drew Stanton,2017,10.092,72.6
00-0033537,Deshaun Watson,QB,8.022819125690868,2,00-0030565,Geno Smith,2021,13.57,69.4
00-0033537,Deshaun Watson,QB,8.022819125690868,3,00-0025430,Drew Stanton,2016,1.876,68.8
00-0040704,Dillon Gabriel,QB,7.839911797901511,1,00-0039150,Bryce Young,2024,13.93,61
00-0040704,Dillon Gabriel,QB,7.839911797901511,2,00-0038583,Dorian Thompson-Robinson,2024,2.633333333333334,61
00-0040704,Dillon Gabriel,QB,7.839911797901511,3,00-0039376,Spencer Rattler,2025,10.96,60.4
00-0038102,Kenny Pickett,QB,7.586421477039928,1,00-0036898,Davis Mills,2025,11.433333333333332,78.4
00-0038102,Kenny Pickett,QB,7.586421477039928,2,00-0036264,Jordan Love,2023,18.76823529411765,74.8
00-0038102,Kenny Pickett,QB,7.586421477039928,3,00-0036898,Davis Mills,2024,2.395,73.5
00-0034771,Mason Rudolph,QB,7.569140902019825,1,00-0027948,Blaine Gabbert,2021,0.33,76.4
00-0034771,Mason Rudolph,QB,7.569140902019825,2,00-0029567,Nick Foles,2018,15.144000000000002,73.4
00-0034771,Mason Rudolph,QB,7.569140902019825,3,00-0033119,Jacoby Brissett,2024,6.4628571428571435,73
00-0037012,Trey Lance,QB,7.538909830696688,1,00-0030565,Geno Smith,2018,-0.37,61.7
00-0037012,Trey Lance,QB,7.538909830696688,2,00-0036264,Jordan Love,2022,2.9250000000000003,60.8
00-0037012,Trey Lance,QB,7.538909830696688,3,00-0030526,EJ Manuel,2016,1.488,59.4
00-0035993,Tyler Huntley,QB,7.5327059058755825,1,00-0031800,Taylor Heinicke,2021,13.8975,70.5
00-0035993,Tyler Huntley,QB,7.5327059058755825,2,00-0031800,Taylor Heinicke,2024,0.78,61.6
00-0035993,Tyler Huntley,QB,7.5327059058755825,3,00-0028118,Tyrod Taylor,2019,1.505,59.9
00-0041092,Taylen Green,QB,7.520890774052898,1,00-0036898,Davis Mills,2021,12.073846153846157,66.4
00-0041092,Taylen Green,QB,7.520890774052898,2,00-0040743,Tyler Shough,2025,14.36,64
00-0041092,Taylen Green,QB,7.520890774052898,3,00-0040206,Riley Leonard,2025,6.2,63.7
00-0041251,Jalon Daniels,QB,7.516259079675565,1,00-0032462,Trevone Boykin,2016,1.975,85.6
00-0041251,Jalon Daniels,QB,7.516259079675565,2,00-0037834,Brock Purdy,2022,11.806666666666668,83.3
00-0041251,Jalon Daniels,QB,7.516259079675565,3,00-0035577,Devlin Hodges,2019,6.415000000000001,76.6
00-0037077,Sam Howell,QB,7.4549120674897775,1,00-0035282,Easton Stick,2023,13.512,85.6
00-0037077,Sam Howell,QB,7.4549120674897775,2,00-0030533,Matt Barkley,2016,10.191428571428572,77.3
00-0037077,Sam Howell,QB,7.4549120674897775,3,00-0036879,Sam Ehlinger,2022,8.905000000000001,74.2
00-0040234,Quinn Ewers,QB,7.415956491463062,1,00-0038108,Bailey Zappe,2023,6.917999999999999,69.2
00-0040234,Quinn Ewers,QB,7.415956491463062,2,00-0032434,Brandon Allen,2021,2.772,28.7
00-0040234,Quinn Ewers,QB,7.415956491463062,3,00-0033275,PJ Walker,2021,2.756,27.3
00-0040206,Riley Leonard,QB,7.402019837075553,1,00-0038582,Clayton Tune,2024,-0.416,55.2
00-0040206,Riley Leonard,QB,7.402019837075553,2,00-0033958,Nathan Peterman,2018,3.21,54.9
00-0040206,Riley Leonard,QB,7.402019837075553,3,00-0030524,Landry Jones,2016,4.845714285714286,54.9
00-0036898,Davis Mills,QB,7.33334222511562,1,00-0035704,Drew Lock,2024,11.448571428571428,77.8
00-0036898,Davis Mills,QB,7.33334222511562,2,00-0036972,Mac Jones,2025,11.821818181818184,76
00-0036898,Davis Mills,QB,7.33334222511562,3,00-0030565,Geno Smith,2018,-0.37,73.4
00-0037013,Zach Wilson,QB,7.324110933039677,1,00-0029665,Robert Griffin III,2016,13.288,83.7
00-0037013,Zach Wilson,QB,7.324110933039677,2,00-0029665,Robert Griffin III,2019,2.6666666666666665,79.8
00-0037013,Zach Wilson,QB,7.324110933039677,3,00-0031237,Teddy Bridgewater,2019,10.05111111111111,77
00-0039376,Spencer Rattler,QB,7.138058724282144,1,00-0032434,Brandon Allen,2021,2.772,40
00-0039376,Spencer Rattler,QB,7.138058724282144,2,00-0029263,Russell Wilson,2017,21.745,33.6
00-0039376,Spencer Rattler,QB,7.138058724282144,3,00-0033275,PJ Walker,2021,2.756,33.6
00-0040014,Kyle McCord,QB,7.038698205884192,1,00-0033949,Joshua Dobbs,2018,0.164,85.7
00-0040014,Kyle McCord,QB,7.038698205884192,2,00-0031589,Brett Hundley,2016,-0.3799999999999999,83.8
00-0040014,Kyle McCord,QB,7.038698205884192,3,00-0035264,Jarrett Stidham,2020,2.588,82.4
00-0040891,Cole Payton,QB,6.9813701814706075,1,00-0033077,Dak Prescott,2016,17.93,88.2
00-0040891,Cole Payton,QB,6.9813701814706075,2,00-0033958,Nathan Peterman,2017,2.3850000000000007,83.7
00-0040891,Cole Payton,QB,6.9813701814706075,3,00-0035289,Gardner Minshew,2019,16.374285714285715,79.8
00-0040906,Garrett Nussmeier,QB,6.872415154331847,1,00-0035040,David Blough,2019,10.972,84.8
00-0040906,Garrett Nussmeier,QB,6.872415154331847,2,00-0035577,Devlin Hodges,2019,6.415000000000001,79.8
00-0040906,Garrett Nussmeier,QB,6.872415154331847,3,00-0037327,Skylar Thompson,2022,2.494285714285714,79.7
00-0041123,Behren Morton,QB,6.830134369283895,1,00-0037834,Brock Purdy,2022,11.806666666666668,82.8
00-0041123,Behren Morton,QB,6.830134369283895,2,00-0040494,Max Brosmer,2025,0.602857142857143,82.4
00-0041123,Behren Morton,QB,6.830134369283895,3,00-0033958,Nathan Peterman,2017,2.3850000000000007,82
00-0040673,Jalen Milroe,QB,6.677255110431385,1,00-0031345,Jimmy Garoppolo,2016,5.913333333333333,86.9
00-0040673,Jalen Milroe,QB,6.677255110431385,2,00-0031568,Bryce Petty,2016,5.376666666666666,81.6
00-0040673,Jalen Milroe,QB,6.677255110431385,3,00-0030533,Matt Barkley,2016,10.191428571428572,81.6
00-0038579,Aidan O'Connell,QB,6.666849772556019,1,00-0030565,Geno Smith,2018,-0.37,66.4
00-0038579,Aidan O'Connell,QB,6.666849772556019,2,00-0038583,Dorian Thompson-Robinson,2024,2.633333333333334,65.6
00-0038579,Aidan O'Connell,QB,6.666849772556019,3,00-0031237,Teddy Bridgewater,2020,16.081333333333333,64.5
00-0038476,Tommy DeVito,QB,6.554554069766957,1,00-0035100,Jake Browning,2023,15.993333333333332,93.8
00-0038476,Tommy DeVito,QB,6.554554069766957,2,00-0034955,Brett Rypien,2022,4.505,85.4
00-0038476,Tommy DeVito,QB,6.554554069766957,3,00-0035939,Bryce Perkins,2022,3.088,79.4
00-0041149,Haynes King,QB,6.542614534576961,1,00-0038476,Tommy DeVito,2023,10.393333333333333,94.3
00-0041149,Haynes King,QB,6.542614534576961,2,00-0040398,Brady Cook,2025,5.692,88.9
00-0041149,Haynes King,QB,6.542614534576961,3,00-0040494,Max Brosmer,2025,0.602857142857143,86.9
00-0040981,Joe Fagnano,QB,6.527585636396777,1,00-0040494,Max Brosmer,2025,0.602857142857143,76.3
00-0040981,Joe Fagnano,QB,6.527585636396777,2,00-0040398,Brady Cook,2025,5.692,72.7
00-0040981,Joe Fagnano,QB,6.527585636396777,3,00-0038416,Tyson Bagent,2023,10.652,70.9
00-0036879,Sam Ehlinger,QB,6.519577390340553,1,00-0035282,Easton Stick,2023,13.512,73.4
00-0036879,Sam Ehlinger,QB,6.519577390340553,2,00-0030533,Matt Barkley,2016,10.191428571428572,66.1
00-0036879,Sam Ehlinger,QB,6.519577390340553,3,00-0033662,Cooper Rush,2021,6.02,64.9
00-0033949,Joshua Dobbs,QB,6.4708987274476595,1,00-0030565,Geno Smith,2021,13.57,72.7
00-0033949,Joshua Dobbs,QB,6.4708987274476595,2,00-0033936,C.J. Beathard,2023,3.5766666666666667,71
00-0033949,Joshua Dobbs,QB,6.4708987274476595,3,00-0025430,Drew Stanton,2016,1.876,69.7
00-0039107,Stetson Bennett,QB,6.3668163310570165,1,00-0035146,Trace McSorley,2022,1.7160000000000004,67.4
00-0039107,Stetson Bennett,QB,6.3668163310570165,2,00-0038998,Jake Haener,2024,1.6550000000000002,65.2
00-0039107,Stetson Bennett,QB,6.3668163310570165,3,00-0034438,Logan Woodside,2020,0.256,51
00-0037327,Skylar Thompson,QB,6.307268618446774,1,00-0033662,Cooper Rush,2021,6.02,79.3
00-0037327,Skylar Thompson,QB,6.307268618446774,2,00-0035282,Easton Stick,2023,13.512,76.6
00-0037327,Skylar Thompson,QB,6.307268618446774,3,00-0032156,Trevor Siemian,2021,15.026666666666666,74.8
00-0028986,Case Keenum,QB,6.074809919004966,1,00-0025708,Matt Moore,2019,7.043333333333333,65.9
00-0028986,Case Keenum,QB,6.074809919004966,2,00-0026300,Josh Johnson,2024,0.195,57.6
00-0028986,Case Keenum,QB,6.074809919004966,3,00-0026625,Brian Hoyer,2019,5.2700000000000005,57.3
00-0040211,Graham Mertz,QB,5.899457683186544,1,00-0034438,Logan Woodside,2020,0.256,79
00-0040211,Graham Mertz,QB,5.899457683186544,2,00-0033949,Joshua Dobbs,2018,0.164,78.7
00-0040211,Graham Mertz,QB,5.899457683186544,3,00-0035264,Jarrett Stidham,2020,2.588,78.2
00-0039534,Carter Bradley,QB,5.8074457376806485,1,00-0035939,Bryce Perkins,2022,3.088,95.3
00-0039534,Carter Bradley,QB,5.8074457376806485,2,00-0032156,Trevor Siemian,2016,13.695714285714285,79.9
00-0039534,Carter Bradley,QB,5.8074457376806485,3,00-0035100,Jake Browning,2023,15.993333333333332,79
00-0040589,Kurtis Rourke,QB,5.74321220759292,1,00-0032156,Trevor Siemian,2016,13.695714285714285,80.8
00-0040589,Kurtis Rourke,QB,5.74321220759292,2,00-0032436,Jeff Driskel,2018,10.64,80.7
00-0040589,Kurtis Rourke,QB,5.74321220759292,3,00-0031395,Garrett Gilbert,2019,-0.06000000000000001,75.3
00-0040398,Brady Cook,QB,5.6994144466895005,1,00-0032156,Trevor Siemian,2017,11.463636363636368,68.5
00-0040398,Brady Cook,QB,5.6994144466895005,2,00-0034577,Kyle Allen,2023,-0.21666666666666667,66.2
00-0040398,Brady Cook,QB,5.6994144466895005,3,00-0028986,Case Keenum,2016,11.114,65.7
00-0038400,Tanner McKee,QB,5.600481301749319,1,00-0030520,Mike Glennon,2017,8.43,64.2
00-0038400,Tanner McKee,QB,5.600481301749319,2,00-0030524,Landry Jones,2016,4.845714285714286,62.8
00-0038400,Tanner McKee,QB,5.600481301749319,3,00-0033119,Jacoby Brissett,2019,14.478666666666667,62.2
00-0035264,Jarrett Stidham,QB,5.59753078101987,1,00-0033936,C.J. Beathard,2023,3.5766666666666667,81.4
00-0035264,Jarrett Stidham,QB,5.59753078101987,2,00-0028090,T.J. Yates,2017,8.505,80.3
00-0035264,Jarrett Stidham,QB,5.59753078101987,3,00-0033936,C.J. Beathard,2022,-0.24999999999999997,74.1
00-0040203,Will Howard,QB,5.55299548714721,1,00-0032436,Jeff Driskel,2018,10.64,88
00-0040203,Will Howard,QB,5.55299548714721,2,00-0031589,Brett Hundley,2016,-0.3799999999999999,74.4
00-0040203,Will Howard,QB,5.55299548714721,3,00-0031589,Brett Hundley,2017,11.267272727272728,73.7
00-0038416,Tyson Bagent,QB,5.5420175899137485,1,00-0034955,Brett Rypien,2022,4.505,81.6
00-0038416,Tyson Bagent,QB,5.5420175899137485,2,00-0035939,Bryce Perkins,2022,3.088,77.9
00-0038416,Tyson Bagent,QB,5.5420175899137485,3,00-0035100,Jake Browning,2023,15.993333333333332,76.8
00-0034577,Kyle Allen,QB,4.990217737370004,1,00-0035100,Jake Browning,2025,9.748,77.2
00-0034577,Kyle Allen,QB,4.990217737370004,2,00-0026625,Brian Hoyer,2019,5.2700000000000005,73
00-0034577,Kyle Allen,QB,4.990217737370004,3,00-0032156,Trevor Siemian,2021,15.026666666666666,71.9
00-0033662,Cooper Rush,QB,4.666395238069129,1,00-0032156,Trevor Siemian,2023,5.392,72.3
00-0033662,Cooper Rush,QB,4.666395238069129,2,00-0025708,Matt Moore,2016,13.685,66.8
00-0033662,Cooper Rush,QB,4.666395238069129,3,00-0025708,Matt Moore,2017,10.335,66.6
00-0037324,Chris Oladokun,QB,4.084316304085119,1,00-0038583,Dorian Thompson-Robinson,2024,2.633333333333334,63.5
00-0037324,Chris Oladokun,QB,4.084316304085119,2,00-0035993,Tyler Huntley,2024,12.132,63.2
00-0037324,Chris Oladokun,QB,4.084316304085119,3,00-0033275,PJ Walker,2022,6.523333333333333,59.9
00-0035289,Gardner Minshew,QB,3.511126950972124,1,00-0033936,C.J. Beathard,2023,3.5766666666666667,69.3
00-0035289,Gardner Minshew,QB,3.511126950972124,2,00-0033936,C.J. Beathard,2022,-0.24999999999999997,67
00-0035289,Gardner Minshew,QB,3.511126950972124,3,00-0032156,Trevor Siemian,2021,15.026666666666666,64.8
00-0038542,Bijan Robinson,RB,19.176955333962873,1,00-0032241,Todd Gurley,2018,24.47142857142857,66.8
00-0038542,Bijan Robinson,RB,19.176955333962873,2,00-0033045,Ezekiel Elliott,2019,17.793750000000003,65.7
00-0038542,Bijan Robinson,RB,19.176955333962873,3,00-0033906,Alvin Kamara,2019,14.858571428571429,64.6
00-0039139,Jahmyr Gibbs,RB,18.911071653351932,1,00-0039040,De'Von Achane,2025,18.08125,65
00-0039139,Jahmyr Gibbs,RB,18.911071653351932,2,00-0033893,Dalvin Cook,2020,22.55714285714286,62.6
00-0039139,Jahmyr Gibbs,RB,18.911071653351932,3,00-0038120,Breece Hall,2024,13.275000000000002,60
00-0036223,Jonathan Taylor,RB,17.835857376428315,1,00-0035700,Josh Jacobs,2025,14.606666666666667,74.2
00-0036223,Jonathan Taylor,RB,17.835857376428315,2,00-0033893,Dalvin Cook,2022,12.841176470588236,73.5
00-0036223,Jonathan Taylor,RB,17.835857376428315,3,00-0035700,Josh Jacobs,2023,12.507692307692308,70.7
00-0039040,De'Von Achane,RB,17.540576847070177,1,00-0031285,Devonta Freeman,2016,16.06875,56.3
00-0039040,De'Von Achane,RB,17.540576847070177,2,00-0033893,Dalvin Cook,2020,22.55714285714286,53.7
00-0039040,De'Von Achane,RB,17.540576847070177,3,00-0031285,Devonta Freeman,2017,13.014285714285714,52
00-0037248,James Cook,RB,17.156872729131223,1,00-0033893,Dalvin Cook,2022,12.841176470588236,62.6
00-0037248,James Cook,RB,17.156872729131223,2,00-0036158,J.K. Dobbins,2025,11.04,58.1
00-0037248,James Cook,RB,17.156872729131223,3,00-0037840,Kyren Williams,2025,14.42941176470588,57.7
00-0033280,Christian McCaffrey,RB,16.990993493502252,1,00-0033906,Alvin Kamara,2025,7.654545454545453,33
00-0033280,Christian McCaffrey,RB,16.990993493502252,2,00-0033906,Alvin Kamara,2021,16.24615384615385,32.7
00-0033280,Christian McCaffrey,RB,16.990993493502252,3,00-0030496,Le'Veon Bell,2017,20.026666666666664,28.6
00-0032764,Derrick Henry,RB,16.507498467294663,1,00-0033553,James Conner,2024,14.39375,34.6
00-0032764,Derrick Henry,RB,16.507498467294663,2,00-0035685,David Montgomery,2025,9.112941176470589,33
00-0032764,Derrick Henry,RB,16.507498467294663,3,00-0026184,Matt Forte,2017,8.491666666666665,32
00-0034844,Saquon Barkley,RB,15.817304962637792,1,00-0033897,Joe Mixon,2024,15.892857142857144,67.6
00-0034844,Saquon Barkley,RB,15.817304962637792,2,00-0035700,Josh Jacobs,2025,14.606666666666667,63.4
00-0034844,Saquon Barkley,RB,15.817304962637792,3,00-0027029,LeSean McCoy,2017,14.63125,61.5
00-0035700,Josh Jacobs,RB,15.437260429108624,1,00-0033893,Dalvin Cook,2023,2.335714285714286,78.2
00-0035700,Josh Jacobs,RB,15.437260429108624,2,00-0027966,Mark Ingram,2017,15.5625,76.7
00-0035700,Josh Jacobs,RB,15.437260429108624,3,00-0029615,Lamar Miller,2018,11.435714285714289,72.4
00-0041027,Jeremiyah Love,RB,15.300439151030428,1,00-0034816,Ronald Jones,2018,2.457142857142857,87.8
00-0041027,Jeremiyah Love,RB,15.300439151030428,2,00-0033280,Christian McCaffrey,2017,11.7875,87
00-0041027,Jeremiyah Love,RB,15.300439151030428,3,00-0038542,Bijan Robinson,2023,12.782352941176471,86.4
00-0037840,Kyren Williams,RB,15.201480277974252,1,00-0036275,D'Andre Swift,2024,11.382352941176473,66.2
00-0037840,Kyren Williams,RB,15.201480277974252,2,00-0036158,J.K. Dobbins,2025,11.04,64
00-0037840,Kyren Williams,RB,15.201480277974252,3,00-0037197,Isiah Pacheco,2024,7.271428571428571,63.7
00-0038597,Chase Brown,RB,14.344520567874516,1,00-0033293,Aaron Jones,2020,16.814285714285713,73.9
00-0038597,Chase Brown,RB,14.344520567874516,2,00-0033293,Aaron Jones,2021,13.533333333333331,69.9
00-0038597,Chase Brown,RB,14.344520567874516,3,00-0033293,Aaron Jones,2022,12.88823529411765,66.1
00-0040122,Ashton Jeanty,RB,14.261428141623604,1,00-0039139,Jahmyr Gibbs,2024,19.817647058823532,70.6
00-0040122,Ashton Jeanty,RB,14.261428141623604,2,00-0036360,Clyde Edwards-Helaire,2021,10.81,63.7
00-0040122,Ashton Jeanty,RB,14.261428141623604,3,00-0035700,Josh Jacobs,2022,17.75294117647059,61.4
00-0040666,Omarion Hampton,RB,13.937487857370202,1,00-0032209,T.J. Yeldon,2016,7.513333333333334,78.6
00-0040666,Omarion Hampton,RB,13.937487857370202,2,00-0036328,Antonio Gibson,2021,13.00625,77.9
00-0040666,Omarion Hampton,RB,13.937487857370202,3,00-0034349,Kerryon Johnson,2019,10,76.7
00-0040715,Cam Skattebo,RB,13.842671924930295,1,00-0033893,Dalvin Cook,2019,18.99285714285714,74
00-0040715,Cam Skattebo,RB,13.842671924930295,2,00-0038120,Breece Hall,2023,14.852941176470589,70.6
00-0040715,Cam Skattebo,RB,13.842671924930295,3,00-0034349,Kerryon Johnson,2019,10,70.2
00-0036275,D'Andre Swift,RB,12.799007486644204,1,00-0027966,Mark Ingram,2017,15.5625,76.5
00-0036275,D'Andre Swift,RB,12.799007486644204,2,00-0033893,Dalvin Cook,2023,2.335714285714286,70.4
00-0036275,D'Andre Swift,RB,12.799007486644204,3,00-0036158,J.K. Dobbins,2025,11.04,68.1
00-0038120,Breece Hall,RB,12.442461710773337,1,00-0033045,Ezekiel Elliott,2022,11.82,66.5
00-0038120,Breece Hall,RB,12.442461710773337,2,00-0036893,Najee Harris,2023,10.647058823529411,64.7
00-0038120,Breece Hall,RB,12.442461710773337,3,00-0035685,David Montgomery,2022,10.04375,61.5
00-0038134,Kenneth Walker III,RB,12.352884100557418,1,00-0036275,D'Andre Swift,2024,11.382352941176473,75.9
00-0038134,Kenneth Walker III,RB,12.352884100557418,2,00-0036158,J.K. Dobbins,2025,11.04,75.2
00-0038134,Kenneth Walker III,RB,12.352884100557418,3,00-0036973,Travis Etienne,2023,14.905882352941177,73.9
00-0036997,Javonte Williams,RB,12.276270199236372,1,00-0036158,J.K. Dobbins,2025,11.04,83
00-0036997,Javonte Williams,RB,12.276270199236372,2,00-0029615,Lamar Miller,2017,10.96875,74.5
00-0036997,Javonte Williams,RB,12.276270199236372,3,00-0029613,Doug Martin,2016,9.8125,71.7
00-0039361,Bucky Irving,RB,12.273231701841224,1,00-0033893,Dalvin Cook,2019,18.99285714285714,65.1
00-0039361,Bucky Irving,RB,12.273231701841224,2,00-0038134,Kenneth Walker III,2024,14.381818181818184,62.9
00-0039361,Bucky Irving,RB,12.273231701841224,3,00-0033293,Aaron Jones,2019,18.14375,61.8
00-0036973,Travis Etienne,RB,12.21009537951217,1,00-0036158,J.K. Dobbins,2025,11.04,75
00-0036973,Travis Etienne,RB,12.21009537951217,2,00-0033893,Dalvin Cook,2023,2.335714285714286,74.3
00-0036973,Travis Etienne,RB,12.21009537951217,3,00-0036275,D'Andre Swift,2025,13.225,71.6
00-0040784,Quinshon Judkins,RB,12.05058024661882,1,00-0035685,David Montgomery,2020,15.853333333333332,75.9
00-0040784,Quinshon Judkins,RB,12.05058024661882,2,00-0034816,Ronald Jones,2021,4.946666666666668,72.9
00-0040784,Quinshon Judkins,RB,12.05058024661882,3,00-0036328,Antonio Gibson,2021,13.00625,72.8
00-0040734,TreVeyon Henderson,RB,11.878207334888543,1,00-0036973,Travis Etienne,2023,14.905882352941177,78.2
00-0040734,TreVeyon Henderson,RB,11.878207334888543,2,00-0036997,Javonte Williams,2022,8.5,75.9
00-0040734,TreVeyon Henderson,RB,11.878207334888543,3,00-0035243,Miles Sanders,2022,12.158823529411766,72.7
00-0040730,RJ Harvey,RB,10.886904917934055,1,00-0031376,Jerick McKinnon,2017,9.5375,66.7
00-0040730,RJ Harvey,RB,10.886904917934055,2,00-0032257,Duke Johnson,2017,11.19375,57
00-0040730,RJ Harvey,RB,10.886904917934055,3,00-0036275,D'Andre Swift,2022,11.935714285714289,49.7
00-0036139,Rico Dowdle,RB,10.829125941422706,1,00-0034115,Jeff Wilson,2023,3.811111111111111,67.9
00-0036139,Rico Dowdle,RB,10.829125941422706,2,00-0027531,Chris Ivory,2016,7.681818181818182,63.4
00-0036139,Rico Dowdle,RB,10.829125941422706,3,00-0030656,Isaiah Crowell,2018,10.015384615384615,61
00-0037228,Jaylen Warren,RB,10.624958837783815,1,00-0029854,C.J. Anderson,2018,7.211111111111112,76.5
00-0037228,Jaylen Warren,RB,10.624958837783815,2,00-0029854,C.J. Anderson,2017,10.06875,68.9
00-0037228,Jaylen Warren,RB,10.624958837783815,3,00-0029854,C.J. Anderson,2016,13.5,66.9
00-0041512,Jadarian Price,RB,10.484561796689505,1,00-0040734,TreVeyon Henderson,2025,11.1,87.3
00-0041512,Jadarian Price,RB,10.484561796689505,2,00-0039032,Tyjae Spears,2023,7.51764705882353,86.5
00-0041512,Jadarian Price,RB,10.484561796689505,3,00-0035243,Miles Sanders,2019,12.10625,86.4
00-0039165,Zach Charbonnet,RB,10.421552242033185,1,00-0037746,Brian Robinson,2025,3.4411764705882355,78.3
00-0039165,Zach Charbonnet,RB,10.421552242033185,2,00-0031301,Jeremy Hill,2017,2.1714285714285717,75.2
00-0039165,Zach Charbonnet,RB,10.421552242033185,3,00-0031301,Jeremy Hill,2016,11.053333333333336,71.2
00-0036875,Rhamondre Stevenson,RB,10.359934838986902,1,00-0033553,James Conner,2022,13.63076923076923,67.6
00-0036875,Rhamondre Stevenson,RB,10.359934838986902,2,00-0033553,James Conner,2021,15.946666666666664,62.8
00-0036875,Rhamondre Stevenson,RB,10.359934838986902,3,00-0033553,James Conner,2023,14.461538461538462,61.2
00-0036158,J.K. Dobbins,RB,10.285520373625005,1,00-0035243,Miles Sanders,2023,4.6312500000000005,70.1
00-0036158,J.K. Dobbins,RB,10.285520373625005,2,00-0035685,David Montgomery,2024,14.551428571428572,69
00-0036158,J.K. Dobbins,RB,10.285520373625005,3,00-0034791,Nick Chubb,2024,7.6,68.4
00-0033553,James Conner,RB,10.235634182500744,1,00-0031045,Carlos Hyde,2021,3.6181818181818177,64.6
00-0033553,James Conner,RB,10.235634182500744,2,00-0030496,Le'Veon Bell,2021,4.45,61
00-0033553,James Conner,RB,10.235634182500744,3,00-0033925,D'Onta Foreman,2024,2.96,59.6
00-0035261,Tony Pollard,RB,10.221884026133893,1,00-0033923,Kareem Hunt,2025,8.023529411764706,71.4
00-0035261,Tony Pollard,RB,10.221884026133893,2,00-0028064,Bilal Powell,2018,7.828571428571429,70.7
00-0035261,Tony Pollard,RB,10.221884026133893,3,00-0032144,Melvin Gordon,2022,7.459999999999999,67
00-0033906,Alvin Kamara,RB,10.044865254039104,1,00-0027029,LeSean McCoy,2019,8.046153846153846,74.2
00-0033906,Alvin Kamara,RB,10.044865254039104,2,00-0027966,Mark Ingram,2019,15.3,68.8
00-0033906,Alvin Kamara,RB,10.044865254039104,3,00-0033923,Kareem Hunt,2025,8.023529411764706,67
00-0035685,David Montgomery,RB,9.948289694355632,1,00-0030288,Rex Burkhead,2022,3.526666666666667,37.2
00-0035685,David Montgomery,RB,9.948289694355632,2,00-0033045,Ezekiel Elliott,2022,11.82,34.3
00-0035685,David Montgomery,RB,9.948289694355632,3,00-0031376,Jerick McKinnon,2017,9.5375,32.2
00-0039384,Tyrone Tracy Jr.,RB,9.519522033791064,1,00-0038597,Chase Brown,2025,14.594117647058823,73.9
00-0039384,Tyrone Tracy Jr.,RB,9.519522033791064,2,00-0032972,Devontae Booker,2017,5.876923076923077,73.6
00-0039384,Tyrone Tracy Jr.,RB,9.519522033791064,3,00-0037267,Jerome Ford,2024,8.25,72.6
00-0033293,Aaron Jones,RB,9.285381854484235,1,00-0027029,LeSean McCoy,2019,8.046153846153846,64
00-0033293,Aaron Jones,RB,9.285381854484235,2,00-0026373,Justin Forsett,2016,5.733333333333333,63.8
00-0033293,Aaron Jones,RB,9.285381854484235,3,00-0030288,Rex Burkhead,2021,6.120000000000001,62.3
00-0036919,Kenny Gainwell,RB,9.09136544422121,1,00-0034367,Nyheim Hines,2021,5.68235294117647,67.9
00-0036919,Kenny Gainwell,RB,9.09136544422121,2,00-0030107,Theo Riddick,2018,6.142857142857143,67.7
00-0036919,Kenny Gainwell,RB,9.09136544422121,3,00-0028064,Bilal Powell,2017,8.913333333333332,65.6
00-0036555,Chuba Hubbard,RB,8.710811246747758,1,00-0032058,Tevin Coleman,2020,1.7833333333333334,80.8
00-0036555,Chuba Hubbard,RB,8.710811246747758,2,00-0032058,Tevin Coleman,2019,8.921428571428573,76.7
00-0036555,Chuba Hubbard,RB,8.710811246747758,3,00-0033948,Jamaal Williams,2021,8.215384615384615,70.8
00-0040242,Jacory Croskey-Merritt,RB,8.58774363501286,1,00-0037197,Isiah Pacheco,2023,13.707142857142856,82.6
00-0040242,Jacory Croskey-Merritt,RB,8.58774363501286,2,00-0036906,Khalil Herbert,2023,8.541666666666666,72.5
00-0040242,Jacory Croskey-Merritt,RB,8.58774363501286,3,00-0030433,Mike Gillislee,2016,8.08,71
00-0040583,Woody Marks,RB,8.488144846799509,1,00-0032972,Devontae Booker,2017,5.876923076923077,74.7
00-0040583,Woody Marks,RB,8.488144846799509,2,00-0032104,Ameer Abdullah,2018,0.488888888888889,73.7
00-0040583,Woody Marks,RB,8.488144846799509,3,00-0032426,Alex Collins,2018,10.11,72.5
00-0039032,Tyjae Spears,RB,8.183008413756303,1,00-0034367,Nyheim Hines,2022,3.4000000000000004,65.8
00-0039032,Tyjae Spears,RB,8.183008413756303,2,00-0037256,Rachaad White,2023,13.876470588235296,65.8
00-0039032,Tyjae Spears,RB,8.183008413756303,3,00-0035261,Tony Pollard,2022,14.33125,64.4
00-0040236,Kyle Monangai,RB,8.147720633598958,1,00-0033293,Aaron Jones,2018,13.2,72.4
00-0040236,Kyle Monangai,RB,8.147720633598958,2,00-0031897,Thomas Rawls,2017,3.066666666666667,71.2
00-0040236,Kyle Monangai,RB,8.147720633598958,3,00-0032940,DeAndre Washington,2017,4.533333333333333,71
00-0037525,Jordan Mason,RB,8.136964663128815,1,00-0032741,Peyton Barber,2020,3.7857142857142856,77.2
00-0037525,Jordan Mason,RB,8.136964663128815,2,00-0034115,Jeff Wilson,2022,9.21875,73.2
00-0037525,Jordan Mason,RB,8.136964663128815,3,00-0035567,Craig Reynolds,2022,4.383333333333334,71.4
00-0037256,Rachaad White,RB,7.952642211256427,1,00-0035243,Miles Sanders,2024,5.9363636363636365,79.2
00-0037256,Rachaad White,RB,7.952642211256427,2,00-0032058,Tevin Coleman,2020,1.7833333333333334,77.9
00-0037256,Rachaad White,RB,7.952642211256427,3,00-0032058,Tevin Coleman,2019,8.921428571428573,73.5
00-0039921,Trey Benson,RB,7.93249305403701,1,00-0034331,Jaylen Samuels,2019,6.223076923076923,65.3
00-0039921,Trey Benson,RB,7.93249305403701,2,00-0034816,Ronald Jones,2020,12.30714285714286,64.2
00-0039921,Trey Benson,RB,7.93249305403701,3,00-0038551,Kendre Miller,2024,4.433333333333334,64.1
00-0040719,Bhayshul Tuten,RB,7.662520857842711,1,00-0034681,Chase Edmonds,2020,8.84375,79
00-0040719,Bhayshul Tuten,RB,7.662520857842711,2,00-0032782,Wendell Smallwood,2017,5.025,77.6
00-0040719,Bhayshul Tuten,RB,7.662520857842711,3,00-0039875,Ray Davis,2025,3.123529411764706,75.9
00-0039391,Kimani Vidal,RB,7.3870371417249405,1,00-0036906,Khalil Herbert,2023,8.541666666666666,75.8
00-0039391,Kimani Vidal,RB,7.3870371417249405,2,00-0032940,DeAndre Washington,2017,4.533333333333333,73.6
00-0039391,Kimani Vidal,RB,7.3870371417249405,3,00-0035664,Darrell Henderson,2021,12.408333333333331,71
00-0036893,Najee Harris,RB,7.125826371056383,1,00-0032058,Tevin Coleman,2021,4.181818181818182,67
00-0036893,Najee Harris,RB,7.125826371056383,2,00-0034838,Royce Freeman,2022,4,62.6
00-0036893,Najee Harris,RB,7.125826371056383,3,00-0034816,Ronald Jones,2022,3.1399999999999997,62.6
00-0038555,Tank Bigsby,RB,7.040654713951667,1,00-0031057,Ka'Deem Carey,2016,1.8727272727272728,80.7
00-0038555,Tank Bigsby,RB,7.040654713951667,2,00-0036370,Joshua Kelley,2022,4.816666666666667,80.5
00-0038555,Tank Bigsby,RB,7.040654713951667,3,00-0036984,Trey Sermon,2023,2.35,78
00-0039738,Blake Corum,RB,6.857390199523101,1,00-0035664,Darrell Henderson,2021,12.408333333333331,72.4
00-0039738,Blake Corum,RB,6.857390199523101,2,00-0036251,Zack Moss,2023,11.150000000000002,71.4
00-0039738,Blake Corum,RB,6.857390199523101,3,00-0032940,DeAndre Washington,2017,4.533333333333333,71.2
00-0038611,Chris Rodriguez Jr.,RB,6.774007113860185,1,00-0037263,Tyler Allgeier,2025,6.823529411764706,74.8
00-0038611,Chris Rodriguez Jr.,RB,6.774007113860185,2,00-0031599,Cameron Artis-Payne,2017,2.025,74.6
00-0038611,Chris Rodriguez Jr.,RB,6.774007113860185,3,00-0029141,Alfred Morris,2016,2.7785714285714285,73.1
00-0037263,Tyler Allgeier,RB,6.728703238430635,1,00-0036251,Zack Moss,2023,11.150000000000002,78.1
00-0037263,Tyler Allgeier,RB,6.728703238430635,2,00-0029141,Alfred Morris,2016,2.7785714285714285,74.7
00-0037263,Tyler Allgeier,RB,6.728703238430635,3,00-0036414,Cam Akers,2025,1.7950000000000002,73
00-0035250,Devin Singletary,RB,6.634573304723835,1,00-0031285,Devonta Freeman,2021,8.1,70.4
00-0035250,Devin Singletary,RB,6.634573304723835,2,00-0028083,Jacquizz Rodgers,2018,4.266666666666667,66.8
00-0035250,Devin Singletary,RB,6.634573304723835,3,00-0034681,Chase Edmonds,2023,2.515384615384616,64.6
00-0041052,Kaelon Black,RB,6.634194935707273,1,00-0040719,Bhayshul Tuten,2025,5.573333333333334,88
00-0041052,Kaelon Black,RB,6.634194935707273,2,00-0040583,Woody Marks,2025,8.31875,86.1
00-0041052,Kaelon Black,RB,6.634194935707273,3,00-0040730,RJ Harvey,2025,10.770588235294117,84.9
00-0038951,Sean Tucker,RB,6.619033678788248,1,00-0034208,Mike Boone,2020,1.39,81.1
00-0038951,Sean Tucker,RB,6.619033678788248,2,00-0030860,Orleans Darkwa,2017,8.546666666666669,78.1
00-0038951,Sean Tucker,RB,6.619033678788248,3,00-0031731,Corey Grant,2017,3.0285714285714285,75.9
00-0037197,Isiah Pacheco,RB,6.49036507987878,1,00-0032741,Peyton Barber,2020,3.7857142857142856,73.5
00-0037197,Isiah Pacheco,RB,6.49036507987878,2,00-0035628,D'Ernest Johnson,2022,0.43333333333333335,70.2
00-0037197,Isiah Pacheco,RB,6.49036507987878,3,00-0036906,Khalil Herbert,2024,2.409090909090909,70.1
00-0037746,Brian Robinson,RB,6.429295427019184,1,00-0033925,D'Onta Foreman,2021,9.933333333333332,71.7
00-0037746,Brian Robinson,RB,6.429295427019184,2,00-0032780,Jordan Howard,2021,8.785714285714286,71
00-0037746,Brian Robinson,RB,6.429295427019184,3,00-0031075,Alfred Blue,2018,5.456250000000001,70.8
00-0039373,Audric Estimé,RB,6.418122412851851,1,00-0034331,Jaylen Samuels,2019,6.223076923076923,71.9
00-0039373,Audric Estimé,RB,6.418122412851851,2,00-0034972,Alexander Mattison,2021,6.8687499999999995,68.2
00-0039373,Audric Estimé,RB,6.418122412851851,3,00-0037263,Tyler Allgeier,2024,5.864705882352942,67.1
00-0040162,Dylan Sampson,RB,6.353752887702797,1,00-0034378,Ito Smith,2019,4.4,68.2
00-0040162,Dylan Sampson,RB,6.353752887702797,2,00-0031376,Jerick McKinnon,2016,8.46,67.9
00-0040162,Dylan Sampson,RB,6.353752887702797,3,00-0036919,Kenny Gainwell,2023,5.14875,67.6
00-0039344,Jonathon Brooks,RB,6.268486518128794,1,00-0035657,Damien Harris,2020,8.88,73.4
00-0039344,Jonathon Brooks,RB,6.268486518128794,2,00-0039746,Will Shipley,2025,1.0714285714285714,73
00-0039344,Jonathon Brooks,RB,6.268486518128794,3,00-0036973,Travis Etienne,2022,11.03529411764706,72.7
00-0037157,Bam Knight,RB,6.0067382346614195,1,00-0030668,Charcandrick West,2017,4.9750000000000005,78.9
00-0037157,Bam Knight,RB,6.0067382346614195,2,00-0030874,Damien Williams,2018,6.699999999999999,77.7
00-0037157,Bam Knight,RB,6.0067382346614195,3,00-0029239,Brandon Bolden,2016,0.48333333333333334,76.2
00-0040202,Devin Neal,RB,5.979261521334696,1,00-0032417,Paul Perkins,2017,2.2,80.9
00-0040202,Devin Neal,RB,5.979261521334696,2,00-0036370,Joshua Kelley,2021,1.8125,79.4
00-0040202,Devin Neal,RB,5.979261521334696,3,00-0035537,Ty Johnson,2021,6.666666666666667,77.8
00-0038797,Emanuel Wilson,RB,5.856719001614508,1,00-0032741,Peyton Barber,2020,3.7857142857142856,76.1
00-0038797,Emanuel Wilson,RB,5.856719001614508,2,00-0035628,D'Ernest Johnson,2022,0.43333333333333335,73
00-0038797,Emanuel Wilson,RB,5.856719001614508,3,00-0031806,Malcolm Brown,2018,3.354545454545455,72.4
00-0040142,Kaleb Johnson,RB,5.707798382509401,1,00-0035657,Damien Harris,2020,8.88,84.6
00-0040142,Kaleb Johnson,RB,5.707798382509401,2,00-0039746,Will Shipley,2025,1.0714285714285714,82.7
00-0040142,Kaleb Johnson,RB,5.707798382509401,3,00-0038555,Tank Bigsby,2024,7.843750000000001,82.1
00-0035537,Ty Johnson,RB,5.673030646598169,1,00-0030288,Rex Burkhead,2020,9.510000000000002,74.6
00-0035537,Ty Johnson,RB,5.673030646598169,2,00-0030288,Rex Burkhead,2019,6.738461538461539,70.4
00-0035537,Ty Johnson,RB,5.673030646598169,3,00-0029731,Fozzy Whittaker,2017,1.5,68.8
00-0039798,Isaiah Davis,RB,5.640768398258258,1,00-0033950,Wayne Gallman,2019,4.7444444444444445,73.3
00-0039798,Isaiah Davis,RB,5.640768398258258,2,00-0039021,Roschon Johnson,2025,0.2833333333333334,71.7
00-0039798,Isaiah Davis,RB,5.640768398258258,3,00-0034799,Kalen Ballage,2020,7.218181818181819,69.6
00-0039874,Jaylen Wright,RB,5.577520982988938,1,00-0032782,Wendell Smallwood,2017,5.025,85.2
00-0039874,Jaylen Wright,RB,5.577520982988938,2,00-0035217,Benny Snell,2021,0.7562500000000001,78.1
00-0039874,Jaylen Wright,RB,5.577520982988938,3,00-0036450,Ke'Shawn Vaughn,2022,1.4500000000000002,77.9
00-0033526,Samaje Perine,RB,5.5390721672479355,1,00-0033948,Jamaal Williams,2024,2.3285714285714287,60.6
00-0033526,Samaje Perine,RB,5.5390721672479355,2,00-0029141,Alfred Morris,2018,5.827272727272728,59.4
00-0033526,Samaje Perine,RB,5.5390721672479355,3,00-0031045,Carlos Hyde,2021,3.6181818181818177,59.1
00-0041496,Jonah Coleman,RB,5.311725244791334,1,00-0032940,DeAndre Washington,2016,5.9,83
00-0041496,Jonah Coleman,RB,5.311725244791334,2,00-0039391,Kimani Vidal,2024,3.3555555555555556,82.1
00-0041496,Jonah Coleman,RB,5.311725244791334,3,00-0039875,Ray Davis,2024,6.329411764705883,80.2
00-0034975,Justice Hill,RB,5.278853494570852,1,00-0035537,Ty Johnson,2025,5.194117647058824,72.7
00-0034975,Justice Hill,RB,5.278853494570852,2,00-0032104,Ameer Abdullah,2022,2.6,72.1
00-0034975,Justice Hill,RB,5.278853494570852,3,00-0030456,Giovani Bernard,2020,8.4125,71.3
00-0039794,Braelon Allen,RB,5.180534303969184,1,00-0034799,Kalen Ballage,2019,3.733333333333333,76.7
00-0039794,Braelon Allen,RB,5.180534303969184,2,00-0033553,James Conner,2018,19.423076923076923,74.9
00-0039794,Braelon Allen,RB,5.180534303969184,3,00-0039921,Trey Benson,2025,7.225,74.3
00-0038551,Kendre Miller,RB,5.151949251825675,1,00-0034816,Ronald Jones,2022,3.1399999999999997,78.3
00-0038551,Kendre Miller,RB,5.151949251825675,2,00-0036984,Trey Sermon,2024,3.0533333333333332,78
00-0038551,Kendre Miller,RB,5.151949251825675,3,00-0039921,Trey Benson,2025,7.225,77.9
00-0040466,Raheim Sanders,RB,4.895135848048649,1,00-0032741,Peyton Barber,2017,5.550000000000002,80.6
00-0040466,Raheim Sanders,RB,4.895135848048649,2,00-0034301,Darrel Williams,2019,6.699999999999999,76.8
00-0040466,Raheim Sanders,RB,4.895135848048649,3,00-0032741,Peyton Barber,2018,8.76875,75.4
00-0039875,Ray Davis,RB,4.8046811650020835,1,00-0032940,DeAndre Washington,2019,6.49375,75.2
00-0039875,Ray Davis,RB,4.8046811650020835,2,00-0039391,Kimani Vidal,2025,8.453846153846154,72.2
00-0039875,Ray Davis,RB,4.8046811650020835,3,00-0032063,Mike Davis,2017,7.433333333333334,70.6
00-0038454,Keaton Mitchell,RB,4.777209367997536,1,00-0037120,Tyler Goodson,2025,0.42,76
00-0038454,Keaton Mitchell,RB,4.777209367997536,2,00-0038794,Jaleel McLaughlin,2025,3.675,74
00-0038454,Keaton Mitchell,RB,4.777209367997536,3,00-0030117,Kerwynn Williams,2016,5.760000000000001,73.5
00-0033955,Jeremy McNichols,RB,4.727258871611024,1,00-0032104,Ameer Abdullah,2023,1.96875,69.4
00-0033955,Jeremy McNichols,RB,4.727258871611024,2,00-0032104,Ameer Abdullah,2024,7.013333333333334,68
00-0033955,Jeremy McNichols,RB,4.727258871611024,3,00-0028087,Dion Lewis,2020,3.10625,66.9
00-0037329,Brittain Brown,RB,4.670015567822961,1,00-0034614,Godwin Igwebuike,2022,0.24000000000000005,70.7
00-0037329,Brittain Brown,RB,4.670015567822961,2,00-0035924,Jonathan Ward,2024,0.55,69.3
00-0037329,Brittain Brown,RB,4.670015567822961,3,00-0034614,Godwin Igwebuike,2023,0,68.9
00-0032104,Ameer Abdullah,RB,4.621438416418092,1,00-0030456,Giovani Bernard,2022,0.925,64.1
00-0032104,Ameer Abdullah,RB,4.621438416418092,2,00-0031376,Jerick McKinnon,2022,9.9,63.1
00-0032104,Ameer Abdullah,RB,4.621438416418092,3,00-0024217,Reggie Bush,2016,2.02,61.3
00-0037563,Malik Davis,RB,4.544551666687704,1,00-0031687,Raheem Mostert,2019,10.0125,80.6
00-0037563,Malik Davis,RB,4.544551666687704,2,00-0031731,Corey Grant,2018,3.04,80.1
00-0037563,Malik Davis,RB,4.544551666687704,3,00-0034208,Mike Boone,2022,3.0375000000000005,73.9
00-0040078,Brashard Smith,RB,4.307509777856,1,00-0036654,Demetric Felton,2022,0.2333333333333333,75.7
00-0040078,Brashard Smith,RB,4.307509777856,2,00-0035537,Ty Johnson,2020,5.027272727272727,75.6
00-0040078,Brashard Smith,RB,4.307509777856,3,00-0035594,Travis Homer,2022,3.51,75.1
00-0038705,Emari Demercado,RB,4.224303316040473,1,00-0029795,Benny Cunningham,2017,3.35,76.6
00-0038705,Emari Demercado,RB,4.224303316040473,2,00-0031687,Raheem Mostert,2019,10.0125,71.8
00-0038705,Emari Demercado,RB,4.224303316040473,3,00-0034208,Mike Boone,2023,1.088888888888889,71.6
00-0036265,AJ Dillon,RB,4.218671216441349,1,00-0034838,Royce Freeman,2022,4,66.6
00-0036265,AJ Dillon,RB,4.218671216441349,2,00-0033925,D'Onta Foreman,2021,9.933333333333332,62.9
00-0036265,AJ Dillon,RB,4.218671216441349,3,00-0034838,Royce Freeman,2021,2.466666666666667,60.9
00-0040964,EJ Smith,RB,4.171540889435727,1,00-0038622,Deuce Vaughn,2023,1.9166666666666667,0
00-0040964,EJ Smith,RB,4.171540889435727,2,00-0038622,Deuce Vaughn,2024,2.06,0
00-0040964,EJ Smith,RB,4.171540889435727,3,00-0033556,Tarik Cohen,2017,7.477500000000001,0
00-0040878,Mike Washington Jr.,RB,4.001431207722063,1,00-0037617,Hassan Haskins,2022,1.4642857142857142,91.4
00-0040878,Mike Washington Jr.,RB,4.001431207722063,2,00-0034799,Kalen Ballage,2018,2.766666666666667,87.3
00-0040878,Mike Washington Jr.,RB,4.001431207722063,3,00-0037746,Brian Robinson,2022,9.016666666666667,85.8
00-0040198,Ollie Gordon II,RB,3.839466018095928,1,00-0034799,Kalen Ballage,2019,3.733333333333333,80.7
00-0040198,Ollie Gordon II,RB,3.839466018095928,2,00-0039798,Isaiah Davis,2025,3.79375,80.1
00-0040198,Ollie Gordon II,RB,3.839466018095928,3,00-0033567,Brian Hill,2018,3.0200000000000005,76.2
00-0040937,Dominic Richardson,RB,3.811196477822123,1,00-0038622,Deuce Vaughn,2023,1.9166666666666667,0
00-0040937,Dominic Richardson,RB,3.811196477822123,2,00-0038622,Deuce Vaughn,2024,2.06,0
00-0040937,Dominic Richardson,RB,3.811196477822123,3,00-0033556,Tarik Cohen,2017,7.477500000000001,0
00-0039811,MarShawn Lloyd,RB,3.603894965912747,1,00-0033955,Jeremy McNichols,2020,2.526666666666667,78.8
00-0039811,MarShawn Lloyd,RB,3.603894965912747,2,00-0038397,Evan Hull,2025,0.9833333333333334,76.1
00-0039811,MarShawn Lloyd,RB,3.603894965912747,3,00-0037267,Jerome Ford,2023,11.129411764705884,75.3
00-0040177,Jordan James,RB,3.5687009252973567,1,00-0035291,Trayveon Williams,2020,3.2000000000000006,83.8
00-0040177,Jordan James,RB,3.5687009252973567,2,00-0036383,Eno Benjamin,2021,3.125,82.6
00-0040177,Jordan James,RB,3.5687009252973567,3,00-0037267,Jerome Ford,2023,11.129411764705884,81.9
00-0040886,Nicholas Singleton,RB,3.507156410386409,1,00-0032975,Jonathan Williams,2016,1.4875,96.1
00-0040886,Nicholas Singleton,RB,3.507156410386409,2,00-0037299,Keaontay Ingram,2022,1.4636363636363638,90.8
00-0040886,Nicholas Singleton,RB,3.507156410386409,3,00-0032780,Jordan Howard,2016,14.373333333333337,90.8
00-0041490,Eli Heidenreich,RB,3.402544812446866,1,00-0034440,Justin Jackson,2018,5.955555555555556,91.3
00-0041490,Eli Heidenreich,RB,3.402544812446866,2,00-0035924,Jonathan Ward,2020,1.0857142857142856,83.1
00-0041490,Eli Heidenreich,RB,3.402544812446866,3,00-0032804,Daniel Lasco,2016,1.06,82.7
00-0041096,Kaytron Allen,RB,3.2910983223901376,1,00-0036857,Chris Evans,2021,4.699999999999999,95.4
00-0041096,Kaytron Allen,RB,3.2910983223901376,2,00-0039796,Rasheen Ali,2024,0.62,89.6
00-0041096,Kaytron Allen,RB,3.2910983223901376,3,00-0038611,Chris Rodriguez Jr.,2023,4.1000000000000005,87.8
00-0041013,Emmett Johnson,RB,3.2793732456297784,1,00-0036567,Elijah Mitchell,2021,14.136363636363637,90.8
00-0041013,Emmett Johnson,RB,3.2793732456297784,2,00-0032782,Wendell Smallwood,2016,3.641666666666667,90.4
00-0041013,Emmett Johnson,RB,3.2793732456297784,3,00-0037267,Jerome Ford,2022,0.09230769230769233,88
00-0041323,Myles Montgomery,RB,3.2380296451162844,1,00-0034221,Roc Thomas,2018,1.22,95.2
00-0041323,Myles Montgomery,RB,3.2380296451162844,2,00-0032377,Josh Ferguson,2016,1.7066666666666668,92.3
00-0041323,Myles Montgomery,RB,3.2380296451162844,3,00-0034208,Mike Boone,2018,0.9666666666666668,90.5
00-0040644,Trevor Etienne,RB,3.191885071954303,1,00-0034679,Mark Walton,2019,4.928571428571429,82.3
00-0040644,Trevor Etienne,RB,3.191885071954303,2,00-0032404,Tyler Ervin,2017,2.25,78.1
00-0040644,Trevor Etienne,RB,3.191885071954303,3,00-0036950,Avery Williams,2022,1.7352941176470589,75.9
00-0041239,Chip Trayanum,RB,3.182875739660604,1,00-0034301,Darrel Williams,2018,3.65,88
00-0041239,Chip Trayanum,RB,3.182875739660604,2,00-0037525,Jordan Mason,2022,2.65,87.2
00-0041239,Chip Trayanum,RB,3.182875739660604,3,00-0038797,Emanuel Wilson,2023,2.56,87
00-0039021,Roschon Johnson,RB,2.868611349767076,1,00-0035273,Qadree Ollison,2021,2.9499999999999997,80.3
00-0039021,Roschon Johnson,RB,2.868611349767076,2,00-0032975,Jonathan Williams,2019,7.58,77.4
00-0039021,Roschon Johnson,RB,2.868611349767076,3,00-0031577,Javorius Allen,2017,8.94375,75.6
00-0040238,LeQuint Allen Jr.,RB,2.822468537811788,1,00-0032577,D.J. Foster,2017,3.385714285714286,76.2
00-0040238,LeQuint Allen Jr.,RB,2.822468537811788,2,00-0035924,Jonathan Ward,2021,0.9111111111111112,74.5
00-0040238,LeQuint Allen Jr.,RB,2.822468537811788,3,00-0033760,Justin Davis,2018,0.475,73.6
00-0041104,Demond Claiborne,RB,2.813975210669901,1,00-0036245,Malcolm Perry,2020,2.244444444444445,87.8
00-0041104,Demond Claiborne,RB,2.813975210669901,2,00-0036654,Demetric Felton,2021,2.7666666666666666,86.6
00-0041104,Demond Claiborne,RB,2.813975210669901,3,00-0040078,Brashard Smith,2025,2.988235294117647,85.7
00-0040179,DJ Giddens,RB,2.8025906334964454,1,00-0038045,Isaiah Spiller,2023,1.7777777777777777,82.8
00-0040179,DJ Giddens,RB,2.8025906334964454,2,00-0033567,Brian Hill,2019,6.220000000000001,80.6
00-0040179,DJ Giddens,RB,2.8025906334964454,3,00-0033567,Brian Hill,2018,3.0200000000000005,76.5
00-0041125,Seth McGowan,RB,2.7904629188860004,1,00-0036569,Gary Brightwell,2021,0.21428571428571427,83.6
00-0041125,Seth McGowan,RB,2.7904629188860004,2,00-0032450,Dwayne Washington,2016,3.972727272727273,79.4
00-0041125,Seth McGowan,RB,2.7904629188860004,3,00-0033748,Tion Green,2017,6.18,79
00-0040888,Adam Randall,RB,2.7890528063309072,1,00-0034799,Kalen Ballage,2018,2.766666666666667,83.5
00-0040888,Adam Randall,RB,2.7890528063309072,2,00-0040198,Ollie Gordon II,2025,2.976470588235294,83.5
00-0040888,Adam Randall,RB,2.7890528063309072,3,00-0040205,Kalel Mullings,2025,0.17500000000000002,83.3
00-0037085,Tyler Badie,RB,2.685782077246506,1,00-0030287,Andre Ellington,2017,6.172727272727273,73.3
00-0037085,Tyler Badie,RB,2.685782077246506,2,00-0036919,Kenny Gainwell,2025,10.870588235294118,70.8
00-0037085,Tyler Badie,RB,2.685782077246506,3,00-0033025,Jalen Richard,2021,1.911111111111111,70.1
00-0040556,Corey Kiner,RB,2.6723182987244014,1,00-0034208,Mike Boone,2019,6.0625,81.1
00-0040556,Corey Kiner,RB,2.6723182987244014,2,00-0035628,D'Ernest Johnson,2021,7.276923076923078,80.4
00-0040556,Corey Kiner,RB,2.6723182987244014,3,00-0037557,Ronnie Rivers,2024,2.6333333333333333,78.7
00-0037276,Ty Chandler,RB,2.6388559271492995,1,00-0035537,Ty Johnson,2024,4.864705882352942,76.1
00-0037276,Ty Chandler,RB,2.6388559271492995,2,00-0032975,Jonathan Williams,2022,2.5222222222222226,75.3
00-0037276,Ty Chandler,RB,2.6388559271492995,3,00-0031599,Cameron Artis-Payne,2018,3.975,70.6
00-0036984,Trey Sermon,RB,2.6047390937713057,1,00-0036842,Kene Nwangwu,2025,0.4900000000000001,80.2
00-0036984,Trey Sermon,RB,2.6047390937713057,2,00-0034400,Jordan Wilkins,2022,2.9250000000000003,74.5
00-0036984,Trey Sermon,RB,2.6047390937713057,3,00-0032975,Jonathan Williams,2019,7.58,71.9
00-0038685,Chris Brooks,RB,2.5572461274967964,1,00-0028581,Patrick DiMarco,2016,1.47,77.3
00-0038685,Chris Brooks,RB,2.5572461274967964,2,00-0035973,Patrick Taylor,2024,4.042857142857143,76.8
00-0038685,Chris Brooks,RB,2.5572461274967964,3,00-0029492,Jamize Olawale,2016,3.9538461538461545,76.5
00-0041081,Max Bredeson,RB,2.482939854527258,1,00-0035304,Cullen Gillaspia,2019,0,73.3
00-0041081,Max Bredeson,RB,2.482939854527258,2,00-0032764,Derrick Henry,2016,7.085714285714286,71.7
00-0041081,Max Bredeson,RB,2.482939854527258,3,00-0035273,Qadree Ollison,2019,5.033333333333333,70.1
00-0039364,Sione Vaki,RB,2.4661266580389247,1,00-0032975,Jonathan Williams,2019,7.58,82.5
00-0039364,Sione Vaki,RB,2.4661266580389247,2,00-0039796,Rasheen Ali,2025,1.3133333333333337,81.7
00-0039364,Sione Vaki,RB,2.4661266580389247,3,00-0038397,Evan Hull,2025,0.9833333333333334,81
00-0039746,Will Shipley,RB,2.414961299891088,1,00-0038098,Pierre Strong,2023,2.5187500000000003,82.9
00-0039746,Will Shipley,RB,2.414961299891088,2,00-0039364,Sione Vaki,2025,0.05,81
00-0039746,Will Shipley,RB,2.414961299891088,3,00-0038396,Eric Gray,2024,1.0214285714285716,79
00-0039796,Rasheen Ali,RB,2.3139064881003213,1,00-0038396,Eric Gray,2024,1.0214285714285716,80.4
00-0039796,Rasheen Ali,RB,2.3139064881003213,2,00-0038098,Pierre Strong,2023,2.5187500000000003,80.1
00-0039796,Rasheen Ali,RB,2.3139064881003213,3,00-0030288,Rex Burkhead,2016,4.814285714285715,78.1
00-0038738,Hunter Luepke,RB,2.1255218591434346,1,00-0029492,Jamize Olawale,2016,3.9538461538461545,84.1
00-0038738,Hunter Luepke,RB,2.1255218591434346,2,00-0034597,Ryan Nall,2021,0.26,82.8
00-0038738,Hunter Luepke,RB,2.1255218591434346,3,00-0028581,Patrick DiMarco,2016,1.47,79.4
00-0039363,Isaac Guerendo,RB,2.11882941390766,1,00-0032975,Jonathan Williams,2019,7.58,80.7
00-0039363,Isaac Guerendo,RB,2.11882941390766,2,00-0035273,Qadree Ollison,2021,2.9499999999999997,79.1
00-0039363,Isaac Guerendo,RB,2.11882941390766,3,00-0038040,Zamir White,2023,5.107692307692308,74.1
00-0041436,DJ Herman,RB,2.1051487994399243,1,00-0034184,Gus Edwards,2018,8.072727272727272,84.4
00-0041436,DJ Herman,RB,2.1051487994399243,2,00-0038489,Ben VanSumeren,2023,0,83.8
00-0041436,DJ Herman,RB,2.1051487994399243,3,00-0035304,Cullen Gillaspia,2019,0,80.8
00-0039603,British Brooks,RB,2.080294497572549,1,00-0030711,David Fluellen,2018,0.32,86.9
00-0039603,British Brooks,RB,2.080294497572549,2,00-0030711,David Fluellen,2017,0.2625,84
00-0039603,British Brooks,RB,2.080294497572549,3,00-0037594,Julius Chestnut,2025,0.25,80.5
00-0039299,George Holani,RB,2.0751945760950328,1,00-0035628,D'Ernest Johnson,2021,7.276923076923078,87.8
00-0039299,George Holani,RB,2.0751945760950328,2,00-0031687,Raheem Mostert,2018,4.45,86.2
00-0039299,George Holani,RB,2.0751945760950328,3,00-0031687,Raheem Mostert,2017,0.1111111111111111,85.8
00-0037557,Ronnie Rivers,RB,1.9989720912986677,1,00-0032602,J.D. McKissic,2019,4.453333333333333,77.8
00-0037557,Ronnie Rivers,RB,1.9989720912986677,2,00-0036755,Jaret Patterson,2025,4.033333333333333,76.4
00-0037557,Ronnie Rivers,RB,1.9989720912986677,3,00-0037429,Raheem Blackshear,2024,0.5,74.3
00-0029892,Kyle Juszczyk,RB,1.9165409931385509,1,00-0030578,Cordarrelle Patterson,2024,2.423076923076923,52.5
00-0029892,Kyle Juszczyk,RB,1.9165409931385509,2,00-0028063,Taiwan Jones,2022,0,48.5
00-0029892,Kyle Juszczyk,RB,1.9165409931385509,3,00-0029239,Brandon Bolden,2023,2.22,47.9
00-0037594,Julius Chestnut,RB,1.8840313861869504,1,00-0031687,Raheem Mostert,2018,4.45,83.1
00-0037594,Julius Chestnut,RB,1.8840313861869504,2,00-0036139,Rico Dowdle,2023,5.1875,83.1
00-0037594,Julius Chestnut,RB,1.8840313861869504,3,00-0030711,David Fluellen,2018,0.32,83
00-0040208,Tahj Brooks,RB,1.844087722706612,1,00-0037267,Jerome Ford,2023,11.129411764705884,78.9
00-0040208,Tahj Brooks,RB,1.844087722706612,2,00-0038396,Eric Gray,2024,1.0214285714285716,77.7
00-0040208,Tahj Brooks,RB,1.844087722706612,3,00-0038397,Evan Hull,2025,0.9833333333333334,76.9
00-0036670,Jermar Jefferson,RB,1.7893588712486834,1,00-0035594,Travis Homer,2024,0.6125,79.9
00-0036670,Jermar Jefferson,RB,1.7893588712486834,2,00-0031687,Raheem Mostert,2018,4.45,79.8
00-0036670,Jermar Jefferson,RB,1.7893588712486834,3,00-0035594,Travis Homer,2025,-0.025,77.8
00-0039407,Dylan Laube,RB,1.7544063446931308,1,00-0038397,Evan Hull,2025,0.9833333333333334,80.8
00-0039407,Dylan Laube,RB,1.7544063446931308,2,00-0038396,Eric Gray,2024,1.0214285714285716,77.7
00-0039407,Dylan Laube,RB,1.7544063446931308,3,00-0031687,Raheem Mostert,2018,4.45,76.5
00-0039244,Chris Collier,RB,1.6572228899730377,1,00-0038896,Jacob Saylors,2025,0.1,91.6
00-0039244,Chris Collier,RB,1.6572228899730377,2,00-0033854,Dare Ogunbowale,2019,3.6125,82.8
00-0039244,Chris Collier,RB,1.6572228899730377,3,00-0034253,Dontrell Hilliard,2021,7.9,80.5
00-0037304,Connor Heyward,RB,1.6570761811760677,1,00-0032450,Dwayne Washington,2021,0.475,78.8
00-0037304,Connor Heyward,RB,1.6570761811760677,2,00-0032450,Dwayne Washington,2020,0.25,75.6
00-0037304,Connor Heyward,RB,1.6570761811760677,3,00-0032794,Danny Vitale,2019,1.0384615384615383,75.4
00-0038896,Jacob Saylors,RB,1.6371322933227137,1,00-0034253,Dontrell Hilliard,2021,7.9,83.2
00-0038896,Jacob Saylors,RB,1.6371322933227137,2,00-0037563,Malik Davis,2025,3.96,81.7
00-0038896,Jacob Saylors,RB,1.6371322933227137,3,00-0033854,Dare Ogunbowale,2019,3.6125,80.8
00-0038614,Scott Matlock,RB,1.5722196020831951,1,00-0033376,Patrick Ricard,2019,1.47,72.8
00-0038614,Scott Matlock,RB,1.5722196020831951,2,00-0033376,Patrick Ricard,2020,1.4333333333333331,67
00-0038614,Scott Matlock,RB,1.5722196020831951,3,00-0033376,Patrick Ricard,2018,0,64.7
00-0031595,Michael Burton,RB,1.5323363557821643,1,00-0029239,Brandon Bolden,2023,2.22,57
00-0031595,Michael Burton,RB,1.5323363557821643,2,00-0029239,Brandon Bolden,2021,6.475,55.4
00-0031595,Michael Burton,RB,1.5323363557821643,3,00-0029141,Alfred Morris,2020,4.355555555555556,54
00-0036187,Reggie Gilliam,RB,1.4224728765416768,1,00-0029492,Jamize Olawale,2019,0,83.9
00-0036187,Reggie Gilliam,RB,1.4224728765416768,2,00-0029492,Jamize Olawale,2018,0.23,80.2
00-0036187,Reggie Gilliam,RB,1.4224728765416768,3,00-0028581,Patrick DiMarco,2017,0.6777777777777777,77.3
00-0035125,Alec Ingold,RB,1.4124060924435526,1,00-0029492,Jamize Olawale,2019,0,86.7
00-0035125,Alec Ingold,RB,1.4124060924435526,2,00-0028581,Patrick DiMarco,2019,1.042857142857143,76.5
00-0035125,Alec Ingold,RB,1.4124060924435526,3,00-0028581,Patrick DiMarco,2018,1.075,74.3
00-0040649,Robbie Ouzts,RB,1.3342330806334468,1,00-0033296,Alex Armah,2018,1.6111111111111112,75.7
00-0040649,Robbie Ouzts,RB,1.3342330806334468,2,00-0033296,Alex Armah,2019,1.0875,72.1
00-0040649,Robbie Ouzts,RB,1.3342330806334468,3,00-0033296,Alex Armah,2020,0.43333333333333335,66.5
00-0036842,Kene Nwangwu,RB,1.270947770324154,1,00-0034400,Jordan Wilkins,2022,2.9250000000000003,75.8
00-0036842,Kene Nwangwu,RB,1.270947770324154,2,00-0028063,Taiwan Jones,2017,0.32,72.1
00-0036842,Kene Nwangwu,RB,1.270947770324154,3,00-0032975,Jonathan Williams,2022,2.5222222222222226,68.8
00-0034959,Andrew Beck,RB,1.2522244607809925,1,00-0033296,Alex Armah,2023,0.7,71.9
00-0034959,Andrew Beck,RB,1.2522244607809925,2,00-0035726,Jakob Johnson,2023,0.2125,71
00-0034959,Andrew Beck,RB,1.2522244607809925,3,00-0029492,Jamize Olawale,2019,0,69.3
00-0038488,Brady Russell,RB,1.1420085458513338,1,00-0035726,Jakob Johnson,2023,0.2125,83.7
00-0038488,Brady Russell,RB,1.1420085458513338,2,00-0035726,Jakob Johnson,2022,0.3181818181818182,79.3
00-0038488,Brady Russell,RB,1.1420085458513338,3,00-0035726,Jakob Johnson,2021,1.05,73.7
00-0033376,Patrick Ricard,RB,1.1259120567671987,1,00-0033296,Alex Armah,2023,0.7,41.8
00-0033376,Patrick Ricard,RB,1.1259120567671987,2,00-0035726,Jakob Johnson,2023,0.2125,40
00-0033376,Patrick Ricard,RB,1.1259120567671987,3,00-0036187,Reggie Gilliam,2025,0.34545454545454546,39.1
00-0039075,Puka Nacua,WR,14.539056789751507,1,00-0036358,CeeDee Lamb,2024,14.193333333333332,64.5
00-0039075,Puka Nacua,WR,14.539056789751507,2,00-0030279,Keenan Allen,2019,13.09375,55.3
00-0039075,Puka Nacua,WR,14.539056789751507,3,00-0036963,Amon-Ra St. Brown,2023,16.9625,55.2
00-0036900,Ja'Marr Chase,WR,14.469795306449871,1,00-0030564,DeAndre Hopkins,2018,17.25,73.8
00-0036900,Ja'Marr Chase,WR,14.469795306449871,2,00-0031235,Odell Beckham Jr.,2017,15.375,72.5
00-0036900,Ja'Marr Chase,WR,14.469795306449871,3,00-0030564,DeAndre Hopkins,2019,14.436,71.8
00-0038543,Jaxon Smith-Njigba,WR,13.29707385253668,1,00-0036963,Amon-Ra St. Brown,2024,15.216470588235294,63.5
00-0038543,Jaxon Smith-Njigba,WR,13.29707385253668,2,00-0036358,CeeDee Lamb,2023,19.74705882352941,61.7
00-0038543,Jaxon Smith-Njigba,WR,13.29707385253668,3,00-0036900,Ja'Marr Chase,2025,15.69375,60.8
00-0036963,Amon-Ra St. Brown,WR,13.12725139157673,1,00-0031588,Stefon Diggs,2021,13.764705882352942,73.6
00-0036963,Amon-Ra St. Brown,WR,13.12725139157673,2,00-0030564,DeAndre Hopkins,2018,17.25,71
00-0036963,Amon-Ra St. Brown,WR,13.12725139157673,3,00-0031381,Davante Adams,2019,14.266666666666666,70.8
00-0036322,Justin Jefferson,WR,11.733411649711597,1,00-0026995,Jeremy Maclin,2016,7.291666666666667,75
00-0036322,Justin Jefferson,WR,11.733411649711597,2,00-0031382,Jarvis Landry,2020,10.130666666666666,67.2
00-0036322,Justin Jefferson,WR,11.733411649711597,3,00-0030564,DeAndre Hopkins,2017,17.453333333333333,64.6
00-0036410,Tee Higgins,WR,11.688970403695642,1,00-0029137,Alshon Jeffery,2017,10.4625,79.4
00-0036410,Tee Higgins,WR,11.688970403695642,2,00-0029137,Alshon Jeffery,2019,11.18888888888889,77.2
00-0036410,Tee Higgins,WR,11.688970403695642,3,00-0031408,Mike Evans,2021,14.09375,77
00-0037238,Drake London,WR,11.579057196313338,1,00-0036410,Tee Higgins,2023,9.716666666666669,77.1
00-0037238,Drake London,WR,11.579057196313338,2,00-0036410,Tee Higgins,2025,12.140000000000002,74.8
00-0037238,Drake London,WR,11.579057196313338,3,00-0036410,Tee Higgins,2022,13.135714285714286,73.7
00-0036358,CeeDee Lamb,WR,11.56826615205397,1,00-0031381,Davante Adams,2020,21.49285714285714,74.1
00-0036358,CeeDee Lamb,WR,11.56826615205397,2,00-0031544,Amari Cooper,2020,11.925,73
00-0036358,CeeDee Lamb,WR,11.56826615205397,3,00-0033921,Chris Godwin Jr.,2023,9.86470588235294,71.9
00-0031381,Davante Adams,WR,11.417722599621454,1,00-0030279,Keenan Allen,2025,8.36470588235294,79.7
00-0031381,Davante Adams,WR,11.417722599621454,2,00-0022921,Larry Fitzgerald,2017,12.93375,69.8
00-0031381,Davante Adams,WR,11.417722599621454,3,00-0022084,Anquan Boldin,2016,8.74375,69.5
00-0036554,Nico Collins,WR,11.194847757118843,1,00-0035640,DK Metcalf,2024,10.546666666666663,79.4
00-0036554,Nico Collins,WR,11.194847757118843,2,00-0033932,Kenny Golladay,2020,11.16,76.7
00-0036554,Nico Collins,WR,11.194847757118843,3,00-0035640,DK Metcalf,2025,10.513333333333332,76.2
00-0039337,Malik Nabers,WR,11.052581217707598,1,00-0039067,Rashee Rice,2025,15.45,69.2
00-0039337,Malik Nabers,WR,11.052581217707598,2,00-0033127,Will Fuller,2019,9.954545454545457,66.4
00-0039337,Malik Nabers,WR,11.052581217707598,3,00-0031325,Sammy Watkins,2017,8.453333333333335,63.8
00-0035676,A.J. Brown,WR,10.95780968298154,1,00-0027874,Demaryius Thomas,2017,10.275,78.5
00-0035676,A.J. Brown,WR,10.95780968298154,2,00-0031428,Allen Robinson,2021,5.666666666666667,75.4
00-0035676,A.J. Brown,WR,10.95780968298154,3,00-0026986,Michael Crabtree,2017,10.984615384615385,74.8
00-0037247,George Pickens,WR,10.712307094479756,1,00-0031381,Davante Adams,2018,18.273333333333333,73.7
00-0037247,George Pickens,WR,10.712307094479756,2,00-0033908,Cooper Kupp,2020,10.98,73.1
00-0037247,George Pickens,WR,10.712307094479756,3,00-0033932,Kenny Golladay,2020,11.16,72.3
00-0037239,Chris Olave,WR,10.56424207991791,1,00-0037740,Garrett Wilson,2025,11.642857142857142,81.6
00-0037239,Chris Olave,WR,10.56424207991791,2,00-0037740,Garrett Wilson,2024,11.847058823529412,72.1
00-0037239,Chris Olave,WR,10.56424207991791,3,00-0036407,Jerry Jeudy,2025,5.629411764705883,70.7
00-0039067,Rashee Rice,WR,10.469411230516284,1,00-0033908,Cooper Kupp,2019,13.96875,71.3
00-0039067,Rashee Rice,WR,10.469411230516284,2,00-0033921,Chris Godwin Jr.,2022,11.386666666666668,68.6
00-0039067,Rashee Rice,WR,10.469411230516284,3,00-0034837,Calvin Ridley,2020,15.766666666666667,62.3
00-0039064,Zay Flowers,WR,10.419593286586563,1,00-0035216,Diontae Johnson,2022,8.1,66.9
00-0039064,Zay Flowers,WR,10.419593286586563,2,00-0035216,Diontae Johnson,2023,9.784615384615384,66.5
00-0039064,Zay Flowers,WR,10.419593286586563,3,00-0031236,Brandin Cooks,2019,6.892857142857143,66
00-0037240,Jameson Williams,WR,10.322853351193856,1,00-0030431,Robert Woods,2018,13.9125,71.7
00-0037240,Jameson Williams,WR,10.322853351193856,2,00-0036407,Jerry Jeudy,2023,7.175,70.5
00-0037240,Jameson Williams,WR,10.322853351193856,3,00-0033127,Will Fuller,2020,14.763636363636364,69.2
00-0040129,Emeka Egbuka,WR,9.980801892223877,1,00-0031544,Amari Cooper,2016,11.925,76.5
00-0040129,Emeka Egbuka,WR,9.980801892223877,2,00-0036407,Jerry Jeudy,2021,6.6,76.2
00-0040129,Emeka Egbuka,WR,9.980801892223877,3,00-0031544,Amari Cooper,2017,9.6,75.4
00-0039893,Brian Thomas Jr.,WR,9.944730396954888,1,00-0031544,Amari Cooper,2018,11.866666666666667,79.6
00-0039893,Brian Thomas Jr.,WR,9.944730396954888,2,00-0036261,Brandon Aiyuk,2022,11.105882352941178,76
00-0039893,Brian Thomas Jr.,WR,9.944730396954888,3,00-0038544,Quentin Johnston,2025,11.207692307692309,75.3
00-0038117,Wan'Dale Robinson,WR,9.898665244705684,1,00-0035662,Marquise Brown,2022,10.208333333333334,72.2
00-0038117,Wan'Dale Robinson,WR,9.898665244705684,2,00-0031941,Jamison Crowder,2020,11.876666666666669,71.4
00-0038117,Wan'Dale Robinson,WR,9.898665244705684,3,00-0035216,Diontae Johnson,2023,9.784615384615384,70.1
00-0040124,Tetairoa McMillan,WR,9.892045540367336,1,00-0037238,Drake London,2023,8.7425,76.5
00-0040124,Tetairoa McMillan,WR,9.892045540367336,2,00-0039849,Marvin Harrison Jr.,2025,8.941666666666668,75.5
00-0040124,Tetairoa McMillan,WR,9.892045540367336,3,00-0037238,Drake London,2025,13.991666666666667,70.8
00-0038544,Quentin Johnston,WR,9.70749036804858,1,00-0034764,Michael Gallup,2021,8.222222222222221,79.1
00-0038544,Quentin Johnston,WR,9.70749036804858,2,00-0031544,Amari Cooper,2018,11.866666666666667,76.7
00-0038544,Quentin Johnston,WR,9.70749036804858,3,00-0031381,Davante Adams,2017,13.25,76.6
00-0034348,Courtland Sutton,WR,9.66762615127545,1,00-0027006,Kenny Britt,2017,3.966666666666667,76.9
00-0034348,Courtland Sutton,WR,9.66762615127545,2,00-0027681,Brandon LaFell,2017,6.175000000000001,75.9
00-0034348,Courtland Sutton,WR,9.66762615127545,3,00-0027874,Demaryius Thomas,2018,8.48,72
00-0039915,Ladd McConkey,WR,9.481357892133213,1,00-0038994,Jordan Addison,2024,12.066666666666666,76.7
00-0039915,Ladd McConkey,WR,9.481357892133213,2,00-0038994,Jordan Addison,2025,8.15,75.3
00-0039915,Ladd McConkey,WR,9.481357892133213,3,00-0034764,Michael Gallup,2021,8.222222222222221,73.9
00-0037664,Alec Pierce,WR,9.357494487771955,1,00-0033871,Corey Davis,2021,9.8,82.4
00-0037664,Alec Pierce,WR,9.357494487771955,2,00-0033536,Mike Williams,2020,9.264285714285716,81.1
00-0037664,Alec Pierce,WR,9.357494487771955,3,00-0029638,Michael Floyd,2016,6.950000000000001,79.2
00-0035640,DK Metcalf,WR,9.324667503945925,1,00-0029137,Alshon Jeffery,2018,11.753846153846156,74.3
00-0035640,DK Metcalf,WR,9.324667503945925,2,00-0036252,Michael Pittman,2025,9.552941176470588,73.8
00-0035640,DK Metcalf,WR,9.324667503945925,3,00-0027006,Kenny Britt,2017,3.966666666666667,72.6
00-0036912,DeVonta Smith,WR,9.218365126473394,1,00-0029608,T.Y. Hilton,2018,14.357142857142858,68.6
00-0036912,DeVonta Smith,WR,9.218365126473394,2,00-0032211,Tyler Lockett,2020,13.4625,67.8
00-0036912,DeVonta Smith,WR,9.218365126473394,3,00-0032211,Tyler Lockett,2021,12.80625,67.2
00-0035659,Terry McLaurin,WR,9.151917420244237,1,00-0031544,Amari Cooper,2022,12.176470588235292,71.9
00-0035659,Terry McLaurin,WR,9.151917420244237,2,00-0026995,Jeremy Maclin,2017,6.833333333333333,70.9
00-0035659,Terry McLaurin,WR,9.151917420244237,3,00-0030564,DeAndre Hopkins,2022,13.3,70.7
00-0036613,Jaylen Waddle,WR,9.02746194379872,1,00-0035216,Diontae Johnson,2024,6.6,69
00-0036613,Jaylen Waddle,WR,9.02746194379872,2,00-0029608,T.Y. Hilton,2018,14.357142857142858,68
00-0036613,Jaylen Waddle,WR,9.02746194379872,3,00-0032211,Tyler Lockett,2020,13.4625,66.8
00-0037740,Garrett Wilson,WR,8.684035135463336,1,00-0033127,Will Fuller,2020,14.763636363636364,80
00-0037740,Garrett Wilson,WR,8.684035135463336,2,00-0033127,Will Fuller,2019,9.954545454545457,74.6
00-0037740,Garrett Wilson,WR,8.684035135463336,3,00-0030431,Robert Woods,2018,13.9125,69.4
00-0041438,Carnell Tate,WR,8.660391224684576,1,00-0036358,CeeDee Lamb,2020,10.91875,90.4
00-0041438,Carnell Tate,WR,8.660391224684576,2,00-0036550,Rashod Bateman,2021,6.708333333333333,89
00-0041438,Carnell Tate,WR,8.660391224684576,3,00-0036407,Jerry Jeudy,2020,8.225000000000001,88.9
00-0038124,Christian Watson,WR,8.531835445652588,1,00-0033871,Corey Davis,2022,6.276923076923077,79.7
00-0038124,Christian Watson,WR,8.531835445652588,2,00-0033536,Mike Williams,2021,13.0375,78.5
00-0038124,Christian Watson,WR,8.531835445652588,3,00-0029638,Michael Floyd,2016,6.950000000000001,75.3
00-0038559,Michael Wilson,WR,8.448182400928545,1,00-0030542,Terrance Williams,2016,6.8933333333333335,82.3
00-0038559,Michael Wilson,WR,8.448182400928545,2,00-0031381,Davante Adams,2017,13.25,77.8
00-0038559,Michael Wilson,WR,8.448182400928545,3,00-0037247,George Pickens,2025,14.43529411764706,75.5
00-0041029,Jordyn Tyson,WR,8.436811841172839,1,00-0038544,Quentin Johnston,2023,4.411764705882353,91.9
00-0041029,Jordyn Tyson,WR,8.436811841172839,2,00-0033891,Zay Jones,2017,4.078571428571428,91.6
00-0041029,Jordyn Tyson,WR,8.436811841172839,3,00-0036358,CeeDee Lamb,2020,10.91875,90.6
00-0036259,Jauan Jennings,WR,8.42860643037999,1,00-0034272,Marquez Valdes-Scantling,2023,2.875,71.4
00-0036259,Jauan Jennings,WR,8.42860643037999,2,00-0029580,Rishard Matthews,2018,0.8166666666666668,69.7
00-0036259,Jauan Jennings,WR,8.42860643037999,3,00-0029159,Jermaine Kearse,2018,4.7384615384615385,69.1
00-0038994,Jordan Addison,WR,8.41620867380963,1,00-0033839,Dede Westbrook,2019,8.246666666666666,66.7
00-0038994,Jordan Addison,WR,8.41620867380963,2,00-0036980,Elijah Moore,2022,4.971428571428571,66.4
00-0038994,Jordan Addison,WR,8.41620867380963,3,00-0035216,Diontae Johnson,2020,11.986666666666668,63.5
00-0039919,Rome Odunze,WR,8.359550168376375,1,00-0031547,DeVante Parker,2018,4.445454545454546,84.4
00-0039919,Rome Odunze,WR,8.359550168376375,2,00-0031547,DeVante Parker,2017,7.8076923076923075,83.9
00-0039919,Rome Odunze,WR,8.359550168376375,3,00-0038544,Quentin Johnston,2025,11.207692307692309,76.5
00-0041511,Omar Cooper Jr.,WR,8.319289805775213,1,00-0036261,Brandon Aiyuk,2020,12.875,97.1
00-0041511,Omar Cooper Jr.,WR,8.319289805775213,2,00-0036913,Kadarius Toney,2021,6.984444444444445,90.6
00-0041511,Omar Cooper Jr.,WR,8.319289805775213,3,00-0038543,Jaxon Smith-Njigba,2023,6.958823529411766,89.8
00-0036252,Michael Pittman,WR,8.269555109051389,1,00-0034348,Courtland Sutton,2024,12.4875,87.7
00-0036252,Michael Pittman,WR,8.269555109051389,2,00-0034348,Courtland Sutton,2023,10.04375,81.5
00-0036252,Michael Pittman,WR,8.269555109051389,3,00-0031547,DeVante Parker,2021,9.27777777777778,80.3
00-0031588,Stefon Diggs,WR,8.16156150299613,1,00-0029293,Marvin Jones,2022,5.86875,72
00-0031588,Stefon Diggs,WR,8.16156150299613,2,00-0029293,Marvin Jones,2021,8.452941176470588,69.8
00-0031588,Stefon Diggs,WR,8.16156150299613,3,00-0027685,Emmanuel Sanders,2021,7.9071428571428575,69.4
00-0034960,Jakobi Meyers,WR,8.111448078492208,1,00-0030035,Adam Thielen,2021,12.792307692307691,77
00-0034960,Jakobi Meyers,WR,8.111448078492208,2,00-0029159,Jermaine Kearse,2018,4.7384615384615385,69.3
00-0034960,Jakobi Meyers,WR,8.111448078492208,3,00-0032688,Robbie Chosen,2022,3.516666666666667,66.2
00-0031408,Mike Evans,WR,8.096698644532026,1,00-0023496,Vincent Jackson,2016,4.96,71.7
00-0031408,Mike Evans,WR,8.096698644532026,2,00-0027944,Julio Jones,2022,5.840000000000001,66.9
00-0031408,Mike Evans,WR,8.096698644532026,3,00-0026176,Jordy Nelson,2018,8.346666666666668,65.2
00-0040867,Makai Lemon,WR,7.9798207260821314,1,00-0040667,Matthew Golden,2025,3.9642857142857144,97.8
00-0040867,Makai Lemon,WR,7.9798207260821314,2,00-0036387,Jalen Reagor,2020,5.972727272727273,91.1
00-0040867,Makai Lemon,WR,7.9798207260821314,3,00-0036913,Kadarius Toney,2021,6.984444444444445,89.8
00-0041547,KC Concepcion,WR,7.962917416125554,1,00-0038543,Jaxon Smith-Njigba,2023,6.958823529411766,96.3
00-0041547,KC Concepcion,WR,7.962917416125554,2,00-0036913,Kadarius Toney,2021,6.984444444444445,92.8
00-0041547,KC Concepcion,WR,7.962917416125554,3,00-0036261,Brandon Aiyuk,2020,12.875,92.5
00-0041035,De'Zhaun Stribling,WR,7.894210703738371,1,00-0033908,Cooper Kupp,2017,9.726666666666668,90.6
00-0041035,De'Zhaun Stribling,WR,7.894210703738371,2,00-0040727,Tre Harris,2025,3.4,88.3
00-0041035,De'Zhaun Stribling,WR,7.894210703738371,3,00-0040129,Emeka Egbuka,2025,9.658823529411766,87.6
00-0035719,Deebo Samuel Sr.,WR,7.8849949877176995,1,00-0034827,DJ Moore,2025,8.65764705882353,67.1
00-0035719,Deebo Samuel Sr.,WR,7.8849949877176995,2,00-0031382,Jarvis Landry,2022,5.300000000000001,61.5
00-0035719,Deebo Samuel Sr.,WR,7.8849949877176995,3,00-0032385,Sterling Shepard,2021,8.528571428571428,54.2
00-0039849,Marvin Harrison Jr.,WR,7.606373307873864,1,00-0031547,DeVante Parker,2016,8.426666666666668,76.3
00-0039849,Marvin Harrison Jr.,WR,7.606373307873864,2,00-0031325,Sammy Watkins,2017,8.453333333333335,75.8
00-0039849,Marvin Harrison Jr.,WR,7.606373307873864,3,00-0039901,Keon Coleman,2025,6.95,72.7
00-0039868,Troy Franklin,WR,7.460480058794912,1,00-0033891,Zay Jones,2019,2.528571428571429,70.4
00-0039868,Troy Franklin,WR,7.460480058794912,2,00-0033127,Will Fuller,2017,9.92,70.3
00-0039868,Troy Franklin,WR,7.460480058794912,3,00-0035535,Darius Slayton,2021,4.276923076923077,67.1
00-0040735,Luther Burden III,WR,7.419206023124152,1,00-0036387,Jalen Reagor,2021,3.623529411764706,80.5
00-0040735,Luther Burden III,WR,7.419206023124152,2,00-0034775,Christian Kirk,2019,10.323076923076922,74.8
00-0040735,Luther Burden III,WR,7.419206023124152,3,00-0033009,Tyler Boyd,2017,4.55,72.1
00-0030279,Keenan Allen,WR,7.238502827608111,1,00-0022084,Anquan Boldin,2016,8.74375,74.4
00-0030279,Keenan Allen,WR,7.238502827608111,2,00-0030564,DeAndre Hopkins,2025,3.2941176470588234,69.5
00-0030279,Keenan Allen,WR,7.238502827608111,3,00-0022921,Larry Fitzgerald,2017,12.93375,66.2
00-0039146,Jayden Reed,WR,7.027386539127935,1,00-0035140,Mecole Hardman,2023,2.8857142857142857,75.1
00-0039146,Jayden Reed,WR,7.027386539127935,2,00-0032211,Tyler Lockett,2017,5.9875,62.6
00-0039146,Jayden Reed,WR,7.027386539127935,3,00-0039916,Ricky Pearsall,2025,7.844444444444445,62.2
00-0041037,Denzel Boston,WR,6.974110296268152,1,00-0040130,Jayden Higgins,2025,6.411764705882353,95.2
00-0041037,Denzel Boston,WR,6.974110296268152,2,00-0034348,Courtland Sutton,2018,7.206250000000001,93.7
00-0041037,Denzel Boston,WR,6.974110296268152,3,00-0038124,Christian Watson,2022,10.257142857142856,93.3
00-0037816,Romeo Doubs,WR,6.956816509172265,1,00-0030085,Kenny Stills,2017,9.10625,86
00-0037816,Romeo Doubs,WR,6.956816509172265,2,00-0030085,Kenny Stills,2018,7.728,82.2
00-0037816,Romeo Doubs,WR,6.956816509172265,3,00-0035535,Darius Slayton,2024,5.65625,80
00-0033921,Chris Godwin Jr.,WR,6.943772683344373,1,00-0031428,Allen Robinson,2023,3,72.9
00-0033921,Chris Godwin Jr.,WR,6.943772683344373,2,00-0031428,Allen Robinson,2022,6.840000000000001,71.2
00-0033921,Chris Godwin Jr.,WR,6.943772683344373,3,00-0030564,DeAndre Hopkins,2022,13.3,70.9
00-0039901,Keon Coleman,WR,6.800053203567262,1,00-0037664,Alec Pierce,2023,4.670588235294118,83.6
00-0039901,Keon Coleman,WR,6.800053203567262,2,00-0032054,Breshad Perriman,2017,1.1545454545454543,82.3
00-0039901,Keon Coleman,WR,6.800053203567262,3,00-0037664,Alec Pierce,2024,8.93125,80.1
00-0037261,Khalil Shakir,WR,6.7526740948938535,1,00-0034411,Russell Gage,2022,7.546153846153846,77.6
00-0037261,Khalil Shakir,WR,6.7526740948938535,2,00-0035535,Darius Slayton,2024,5.65625,75.6
00-0037261,Khalil Shakir,WR,6.7526740948938535,3,00-0035535,Darius Slayton,2023,7.411764705882353,75.4
00-0034827,DJ Moore,WR,6.724432758344857,1,00-0031382,Jarvis Landry,2022,5.300000000000001,65.4
00-0034827,DJ Moore,WR,6.724432758344857,2,00-0029632,Mohamed Sanu,2019,6.306666666666667,61.1
00-0034827,DJ Moore,WR,6.724432758344857,3,00-0030431,Robert Woods,2022,5.364705882352942,57.4
00-0039916,Ricky Pearsall,WR,6.624334727953645,1,00-0036407,Jerry Jeudy,2022,11.38,75.9
00-0039916,Ricky Pearsall,WR,6.624334727953645,2,00-0033127,Will Fuller,2018,12.900000000000002,75.4
00-0039916,Ricky Pearsall,WR,6.624334727953645,3,00-0037239,Chris Olave,2025,13.625,75
00-0038606,Parker Washington,WR,6.604095785336502,1,00-0036345,K.J. Osborn,2023,6.4,69.4
00-0038606,Parker Washington,WR,6.604095785336502,2,00-0036345,K.J. Osborn,2022,7.388235294117647,65.7
00-0038606,Parker Washington,WR,6.604095785336502,3,00-0034676,James Washington,2020,5.2625,64.6
00-0041489,Germie Bernard,WR,6.503081581691112,1,00-0039907,Ja'Lynn Polk,2024,1.9071428571428573,94.1
00-0041489,Germie Bernard,WR,6.503081581691112,2,00-0035639,Parris Campbell,2019,4.1571428571428575,94
00-0041489,Germie Bernard,WR,6.503081581691112,3,00-0040129,Emeka Egbuka,2025,9.658823529411766,93.5
00-0036407,Jerry Jeudy,WR,6.1911304812922445,1,00-0033891,Zay Jones,2023,6.788888888888889,70
00-0036407,Jerry Jeudy,WR,6.1911304812922445,2,00-0031549,Nelson Agholor,2021,6.064285714285715,69.9
00-0036407,Jerry Jeudy,WR,6.1911304812922445,3,00-0036550,Rashod Bateman,2025,3.530769230769231,69.1
00-0040718,Travis Hunter,WR,6.177577591921913,1,00-0037614,John Metchie III,2023,1.7285714285714289,79.5
00-0040718,Travis Hunter,WR,6.177577591921913,2,00-0037666,Jalen Tolbert,2023,3.557142857142857,74.6
00-0040718,Travis Hunter,WR,6.177577591921913,3,00-0038938,Jalin Hyatt,2025,1,69.7
00-0038997,Josh Downs,WR,6.1484600102944,1,00-0031941,Jamison Crowder,2017,8.886666666666667,80
00-0038997,Josh Downs,WR,6.1484600102944,2,00-0036980,Elijah Moore,2025,2.677777777777778,78.6
00-0038997,Josh Downs,WR,6.1484600102944,3,00-0035662,Marquise Brown,2020,9.625,74
00-0040170,Elic Ayomanor,WR,6.143766441744285,1,00-0037816,Romeo Doubs,2024,8.392307692307693,82.2
00-0040170,Elic Ayomanor,WR,6.143766441744285,2,00-0038393,Dontayvion Wicks,2025,4.676923076923077,80.1
00-0040170,Elic Ayomanor,WR,6.143766441744285,3,00-0037816,Romeo Doubs,2023,8.523529411764706,77.4
00-0039894,Xavier Worthy,WR,6.143081626821381,1,00-0032211,Tyler Lockett,2017,5.9875,67.9
00-0039894,Xavier Worthy,WR,6.143081626821381,2,00-0033282,Curtis Samuel,2019,9.04375,67
00-0039894,Xavier Worthy,WR,6.143081626821381,3,00-0038117,Wan'Dale Robinson,2024,8.011764705882353,66.4
00-0039890,Adonai Mitchell,WR,6.138484981201703,1,00-0033891,Zay Jones,2018,8.575,84.9
00-0039890,Adonai Mitchell,WR,6.138484981201703,2,00-0036955,Terrace Marshall Jr.,2023,2.925,80.8
00-0039890,Adonai Mitchell,WR,6.138484981201703,3,00-0034764,Michael Gallup,2019,12.835714285714284,80.2
00-0038563,Tre Tucker,WR,6.116729833956939,1,00-0031941,Jamison Crowder,2018,7.58888888888889,72.6
00-0038563,Tre Tucker,WR,6.116729833956939,2,00-0032211,Tyler Lockett,2018,12.11875,69.7
00-0038563,Tre Tucker,WR,6.116729833956939,3,00-0035140,Mecole Hardman,2022,10.1625,66.9
00-0040130,Jayden Higgins,WR,6.112663929313877,1,00-0037664,Alec Pierce,2023,4.670588235294118,82.9
00-0040130,Jayden Higgins,WR,6.112663929313877,2,00-0037664,Alec Pierce,2024,8.93125,82.2
00-0040130,Jayden Higgins,WR,6.112663929313877,3,00-0032055,Devin Funchess,2016,5.328571428571428,81.1
00-0037545,Rashid Shaheed,WR,5.969465031015677,1,00-0032688,Robbie Chosen,2022,3.516666666666667,61
00-0037545,Rashid Shaheed,WR,5.969465031015677,2,00-0031118,Corey Brown,2016,2.98125,60.4
00-0037545,Rashid Shaheed,WR,5.969465031015677,3,00-0030663,Willie Snead,2019,4.975,58.9
00-0038608,Kayshon Boutte,WR,5.965039217027353,1,00-0038606,Parker Washington,2025,8.98125,79.1
00-0038608,Kayshon Boutte,WR,5.965039217027353,2,00-0032977,Rashard Higgins,2019,1.9285714285714288,76.6
00-0038608,Kayshon Boutte,WR,5.965039217027353,3,00-0036345,K.J. Osborn,2022,7.388235294117647,75.9
00-0039855,Jalen McMillan,WR,5.70959797438523,1,00-0036550,Rashod Bateman,2023,4.033333333333333,73.9
00-0039855,Jalen McMillan,WR,5.70959797438523,2,00-0034366,Keke Coutee,2020,9.0625,69.8
00-0039855,Jalen McMillan,WR,5.70959797438523,3,00-0037261,Khalil Shakir,2024,9.633333333333333,69
00-0034837,Calvin Ridley,WR,5.559205649406872,1,00-0034775,Christian Kirk,2025,3.990909090909091,66.8
00-0034837,Calvin Ridley,WR,5.559205649406872,2,00-0028002,Randall Cobb,2021,7.418181818181818,66.5
00-0034837,Calvin Ridley,WR,5.559205649406872,3,00-0030431,Robert Woods,2024,2.0214285714285714,66
00-0039491,Jalen Coker,WR,5.537393732228982,1,00-0036182,Nick Westbrook-Ikhine,2022,4.3875,75.8
00-0039491,Jalen Coker,WR,5.537393732228982,2,00-0036259,Jauan Jennings,2022,4.06875,75.7
00-0039491,Jalen Coker,WR,5.537393732228982,3,00-0038619,Andrei Iosivas,2025,4.8933333333333335,75.3
00-0033908,Cooper Kupp,WR,5.42641663442179,1,00-0030564,DeAndre Hopkins,2025,3.2941176470588234,72.7
00-0033908,Cooper Kupp,WR,5.42641663442179,2,00-0026176,Jordy Nelson,2018,8.346666666666668,72.3
00-0033908,Cooper Kupp,WR,5.42641663442179,3,00-0027681,Brandon LaFell,2018,7.875,69.3
00-0040134,Pat Bryant,WR,5.396463142447545,1,00-0033009,Tyler Boyd,2018,13.078571428571433,84.8
00-0040134,Pat Bryant,WR,5.396463142447545,2,00-0034370,DaeSean Hamilton,2019,3.8230769230769233,82.5
00-0040134,Pat Bryant,WR,5.396463142447545,3,00-0036955,Terrace Marshall Jr.,2023,2.925,82
00-0038393,Dontayvion Wicks,WR,5.2683406984483385,1,00-0034370,DaeSean Hamilton,2020,4.233333333333333,83.1
00-0038393,Dontayvion Wicks,WR,5.2683406984483385,2,00-0032775,Demarcus Robinson,2020,5.673333333333333,80.8
00-0038393,Dontayvion Wicks,WR,5.2683406984483385,3,00-0030085,Kenny Stills,2016,9.225,80.6
00-0040237,Tez Johnson,WR,5.265400642436032,1,00-0035298,Scott Miller,2021,2.766666666666667,73.8
00-0040237,Tez Johnson,WR,5.265400642436032,2,00-0035298,Scott Miller,2020,6.142857142857143,72.5
00-0040237,Tez Johnson,WR,5.265400642436032,3,00-0032112,J.J. Nelson,2016,8.721428571428572,69.8
00-0040648,Tory Horton,WR,5.170221206293937,1,00-0034273,Damion Ratley,2019,3.5555555555555554,74.8
00-0040648,Tory Horton,WR,5.170221206293937,2,00-0036271,Quez Watkins,2021,5.5588235294117645,74.4
00-0040648,Tory Horton,WR,5.170221206293937,3,00-0034273,Damion Ratley,2020,1.66,73.1
00-0040705,Chimere Dike,WR,5.086368062735555,1,00-0031549,Nelson Agholor,2017,9.78125,72.1
00-0040705,Chimere Dike,WR,5.086368062735555,2,00-0036387,Jalen Reagor,2022,1.3470588235294116,70.5
00-0040705,Chimere Dike,WR,5.086368062735555,3,00-0032166,Sammie Coates,2017,1.4285714285714286,68.1
00-0038104,Tyquan Thornton,WR,5.001437626741889,1,00-0031257,Paul Richardson,2017,8.01875,74.1
00-0038104,Tyquan Thornton,WR,5.001437626741889,2,00-0033943,Josh Reynolds,2022,7.075,70.5
00-0038104,Tyquan Thornton,WR,5.001437626741889,3,00-0037666,Jalen Tolbert,2025,3.108333333333333,68.4
00-0040667,Matthew Golden,WR,4.956417180242753,1,00-0036357,Henry Ruggs III,2021,10.357142857142858,81.4
00-0040667,Matthew Golden,WR,4.956417180242753,2,00-0036387,Jalen Reagor,2022,1.3470588235294116,78.1
00-0040667,Matthew Golden,WR,4.956417180242753,3,00-0038976,Marvin Mims Jr.,2025,4.7,74.7
00-0035662,Marquise Brown,WR,4.842610204396487,1,00-0031941,Jamison Crowder,2022,2.25,76.4
00-0035662,Marquise Brown,WR,4.842610204396487,2,00-0029269,Travis Benjamin,2017,6.706250000000001,68.8
00-0035662,Marquise Brown,WR,4.842610204396487,3,00-0026189,DeSean Jackson,2016,10.166666666666666,67.1
00-0038621,DeMario Douglas,WR,4.756291489460857,1,00-0035298,Scott Miller,2021,2.766666666666667,75.9
00-0038621,DeMario Douglas,WR,4.756291489460857,2,00-0031228,Taylor Gabriel,2018,7.4,70.5
00-0038621,DeMario Douglas,WR,4.756291489460857,3,00-0032112,J.J. Nelson,2018,1.1,69.6
00-0039342,Xavier Legette,WR,4.740618122296925,1,00-0032055,Devin Funchess,2017,10.21875,77
00-0039342,Xavier Legette,WR,4.740618122296925,2,00-0032054,Breshad Perriman,2017,1.1545454545454543,74.5
00-0039342,Xavier Legette,WR,4.740618122296925,3,00-0037664,Alec Pierce,2024,8.93125,74.4
00-0036309,Darnell Mooney,WR,4.731468281029361,1,00-0029269,Travis Benjamin,2017,6.706250000000001,70.2
00-0036309,Darnell Mooney,WR,4.731468281029361,2,00-0031941,Jamison Crowder,2022,2.25,68.7
00-0036309,Darnell Mooney,WR,4.731468281029361,3,00-0031051,John Brown,2019,12.254666666666669,68.1
00-0037837,Calvin Austin III,WR,4.710109343281109,1,00-0036849,Tutu Atwell,2025,3.5250000000000004,75.2
00-0037837,Calvin Austin III,WR,4.710109343281109,2,00-0032112,J.J. Nelson,2018,1.1,71.6
00-0037837,Calvin Austin III,WR,4.710109343281109,3,00-0036309,Darnell Mooney,2024,10.075,67.8
00-0038976,Marvin Mims Jr.,WR,4.643179845032319,1,00-0036331,Devin Duvernay,2023,0.4076923076923077,70.6
00-0038976,Marvin Mims Jr.,WR,4.643179845032319,2,00-0031431,Marqise Lee,2016,8.93125,70.4
00-0038976,Marvin Mims Jr.,WR,4.643179845032319,3,00-0036357,Henry Ruggs III,2021,10.357142857142858,68.9
00-0038679,Tyrell Shavers,WR,4.630099641363999,1,00-0028263,Andre Holmes,2016,2.35,74.5
00-0038679,Tyrell Shavers,WR,4.630099641363999,2,00-0031787,Jake Kumerow,2019,3.0818181818181825,72.5
00-0038679,Tyrell Shavers,WR,4.630099641363999,3,00-0030821,Allen Hurns,2019,4.828571428571428,71.3
00-0037291,Jalen Nailor,WR,4.607964403644515,1,00-0031068,Ryan Grant,2018,4.064285714285714,81.1
00-0037291,Jalen Nailor,WR,4.607964403644515,2,00-0031189,T.J. Jones,2018,3.375,80.3
00-0037291,Jalen Nailor,WR,4.607964403644515,3,00-0036271,Quez Watkins,2023,5.540000000000001,77.1
00-0038619,Andrei Iosivas,WR,4.553013380330322,1,00-0036259,Jauan Jennings,2023,3.230769230769231,82.8
00-0038619,Andrei Iosivas,WR,4.553013380330322,2,00-0034272,Marquez Valdes-Scantling,2020,8.628571428571428,81.4
00-0038619,Andrei Iosivas,WR,4.553013380330322,3,00-0036259,Jauan Jennings,2022,4.06875,76.3
00-0038618,Xavier Hutchinson,WR,4.480878510012732,1,00-0036259,Jauan Jennings,2023,3.230769230769231,79.8
00-0038618,Xavier Hutchinson,WR,4.480878510012732,2,00-0034272,Marquez Valdes-Scantling,2020,8.628571428571428,77.5
00-0038618,Xavier Hutchinson,WR,4.480878510012732,3,00-0038619,Andrei Iosivas,2025,4.8933333333333335,77.5
00-0039424,Devaughn Vele,WR,4.452114109086461,1,00-0033375,Tim Patrick,2020,9.046666666666663,73.5
00-0039424,Devaughn Vele,WR,4.452114109086461,2,00-0034272,Marquez Valdes-Scantling,2022,5.964705882352941,71.9
00-0039424,Devaughn Vele,WR,4.452114109086461,3,00-0028411,Dontrelle Inman,2018,7.800000000000001,71.4
00-0033555,Mack Hollins,WR,4.335771280668221,1,00-0027681,Brandon LaFell,2018,7.875,66.9
00-0033555,Mack Hollins,WR,4.335771280668221,2,00-0029632,Mohamed Sanu,2020,5.071428571428571,65
00-0033555,Mack Hollins,WR,4.335771280668221,3,00-0034272,Marquez Valdes-Scantling,2025,2.7777777777777777,64.9
00-0040782,Isaiah Bond,WR,4.280046970629505,1,00-0032355,Chester Rogers,2018,5.6625,74
00-0040782,Isaiah Bond,WR,4.280046970629505,2,00-0032355,Chester Rogers,2017,4.67,69.4
00-0040782,Isaiah Bond,WR,4.280046970629505,3,00-0032724,Bryce Treggs,2017,1.8333333333333333,69.1
00-0040729,Jack Bech,WR,4.263729484554229,1,00-0037257,David Bell,2023,4.633333333333334,86.8
00-0040729,Jack Bech,WR,4.263729484554229,2,00-0033079,Ricardo Louis,2017,3.5142857142857147,84.3
00-0040729,Jack Bech,WR,4.263729484554229,3,00-0032951,Laquon Treadwell,2018,3.58,83.2
00-0039410,Ryan Flournoy,WR,4.176180687636087,1,00-0037291,Jalen Nailor,2025,5.070588235294117,74.9
00-0039410,Ryan Flournoy,WR,4.176180687636087,2,00-0036271,Quez Watkins,2023,5.540000000000001,73.9
00-0039410,Ryan Flournoy,WR,4.176180687636087,3,00-0033681,Keelan Cole,2020,7.61875,72.4
00-0037614,John Metchie III,WR,4.144971618636423,1,00-0036626,Dyami Brown,2025,3.60909090909091,73.8
00-0037614,John Metchie III,WR,4.144971618636423,2,00-0031570,Justin Hardy,2018,2.01875,73.1
00-0037614,John Metchie III,WR,4.144971618636423,3,00-0030450,Quinton Patton,2016,4.561538461538462,72.9
00-0035208,Olamide Zaccheaus,WR,4.094226235055282,1,00-0031763,DeAndre Carter,2023,0.45294117647058824,67.5
00-0035208,Olamide Zaccheaus,WR,4.094226235055282,2,00-0035500,Greg Dortch,2025,5.05,65.7
00-0035208,Olamide Zaccheaus,WR,4.094226235055282,3,00-0034286,Richie James,2023,1.822222222222222,65
00-0040727,Tre Harris,WR,4.082622921502519,1,00-0032128,Chris Conley,2016,4.6875,86.9
00-0040727,Tre Harris,WR,4.082622921502519,2,00-0038979,Cedric Tillman,2024,7.322222222222223,80.9
00-0040727,Tre Harris,WR,4.082622921502519,3,00-0036255,Denzel Mims,2022,2.677777777777778,80.2
00-0040131,Kyle Williams,WR,4.079212487550568,1,00-0037614,John Metchie III,2024,4.340000000000001,83.5
00-0040131,Kyle Williams,WR,4.079212487550568,2,00-0036626,Dyami Brown,2022,3.3666666666666667,81.6
00-0040131,Kyle Williams,WR,4.079212487550568,3,00-0038938,Jalin Hyatt,2025,1,80.4
00-0035535,Darius Slayton,WR,4.072230946475921,1,00-0033943,Josh Reynolds,2024,3.9875,76.1
00-0035535,Darius Slayton,WR,4.072230946475921,2,00-0030085,Kenny Stills,2020,3.7,75.3
00-0035535,Darius Slayton,WR,4.072230946475921,3,00-0033943,Josh Reynolds,2023,6.800000000000001,73.7
00-0040669,Isaac TeSlaa,WR,4.016927630501751,1,00-0036255,Denzel Mims,2022,2.677777777777778,79.5
00-0040669,Isaac TeSlaa,WR,4.016927630501751,2,00-0036365,Bryan Edwards,2021,5.75625,78.4
00-0040669,Isaac TeSlaa,WR,4.016927630501751,3,00-0032128,Chris Conley,2016,4.6875,77.5
00-0032775,Demarcus Robinson,WR,3.979903547669101,1,00-0029632,Mohamed Sanu,2021,3.15,74.5
00-0032775,Demarcus Robinson,WR,3.979903547669101,2,00-0031549,Nelson Agholor,2024,3.2384615384615385,71.9
00-0032775,Demarcus Robinson,WR,3.979903547669101,3,00-0030085,Kenny Stills,2021,2.2714285714285714,70.3
00-0041525,Chris Bell,WR,3.935817907251516,1,00-0036196,Gabe Davis,2020,7.4625,89.6
00-0041525,Chris Bell,WR,3.935817907251516,2,00-0033079,Ricardo Louis,2016,2.107142857142857,88.6
00-0041525,Chris Bell,WR,3.935817907251516,3,00-0039062,Jonathan Mingo,2023,4.220000000000001,87.4
00-0041042,Malachi Fields,WR,3.905354838255943,1,00-0040669,Isaac TeSlaa,2025,4.8500000000000005,92.5
00-0041042,Malachi Fields,WR,3.905354838255943,2,00-0034348,Courtland Sutton,2018,7.206250000000001,91.9
00-0041042,Malachi Fields,WR,3.905354838255943,3,00-0036554,Nico Collins,2021,4.792857142857143,91.7
00-0041523,Caleb Douglas,WR,3.905354838255943,1,00-0036255,Denzel Mims,2020,5.466666666666667,89.6
00-0041523,Caleb Douglas,WR,3.905354838255943,2,00-0040581,Dont'e Thornton Jr.,2025,1.681818181818182,87.8
00-0041523,Caleb Douglas,WR,3.905354838255943,3,00-0040669,Isaac TeSlaa,2025,4.8500000000000005,87.3
00-0039880,Malik Washington,WR,3.871270222844066,1,00-0036331,Devin Duvernay,2023,0.4076923076923077,64.5
00-0039880,Malik Washington,WR,3.871270222844066,2,00-0038563,Tre Tucker,2024,6.223529411764707,62.6
00-0039880,Malik Washington,WR,3.871270222844066,3,00-0033466,Isaiah McKenzie,2020,5.238666666666668,58.8
00-0034775,Christian Kirk,WR,3.8625361102157783,1,00-0031549,Nelson Agholor,2023,4.975,80.9
00-0034775,Christian Kirk,WR,3.8625361102157783,2,00-0026182,Eddie Royal,2016,7.2666666666666675,77.8
00-0034775,Christian Kirk,WR,3.8625361102157783,3,00-0027996,Torrey Smith,2018,5.1875,77.2
00-0040870,Ja'Kobi Lane,WR,3.816426307496159,1,00-0034777,DJ Chark,2018,2.0363636363636366,89.4
00-0040870,Ja'Kobi Lane,WR,3.816426307496159,2,00-0037247,George Pickens,2022,8.264705882352942,85.8
00-0040870,Ja'Kobi Lane,WR,3.816426307496159,3,00-0040581,Dont'e Thornton Jr.,2025,1.681818181818182,85.6
00-0033307,Kendrick Bourne,WR,3.7872498747897434,1,00-0028237,Chris Hogan,2019,1.5285714285714285,81.2
00-0033307,Kendrick Bourne,WR,3.7872498747897434,2,00-0028237,Chris Hogan,2017,10.28888888888889,70.4
00-0033307,Kendrick Bourne,WR,3.7872498747897434,3,00-0030663,Willie Snead,2021,0.8285714285714286,69.2
00-0041048,Ted Hurst III,WR,3.7697912896906014,1,00-0036255,Denzel Mims,2020,5.466666666666667,91.8
00-0041048,Ted Hurst III,WR,3.7697912896906014,2,00-0037247,George Pickens,2022,8.264705882352942,91
00-0041048,Ted Hurst III,WR,3.7697912896906014,3,00-0037664,Alec Pierce,2022,5.737500000000001,89.8
00-0036988,Josh Palmer,WR,3.7661020969827192,1,00-0035639,Parris Campbell,2024,3,79
00-0036988,Josh Palmer,WR,3.7661020969827192,2,00-0036427,Tyler Johnson,2025,3.5222222222222226,79
00-0036988,Josh Palmer,WR,3.7661020969827192,3,00-0032775,Demarcus Robinson,2021,4.064285714285715,78
00-0041044,Zachariah Branch,WR,3.677651938673769,1,00-0035216,Diontae Johnson,2019,8.1,88.9
00-0041044,Zachariah Branch,WR,3.677651938673769,2,00-0036980,Elijah Moore,2021,10.60909090909091,87.4
00-0041044,Zachariah Branch,WR,3.677651938673769,3,00-0034366,Keke Coutee,2018,8.116666666666667,86.7
00-0039355,Luke McCaffrey,WR,3.613016469703456,1,00-0037666,Jalen Tolbert,2024,7.5,81.6
00-0039355,Luke McCaffrey,WR,3.613016469703456,2,00-0034273,Damion Ratley,2020,1.66,80.9
00-0039355,Luke McCaffrey,WR,3.613016469703456,3,00-0032775,Demarcus Robinson,2019,5.66,79.4
00-0035406,Lil'Jordan Humphrey,WR,3.546864460574682,1,00-0028825,Terrelle Pryor,2018,5.6375,76.1
00-0035406,Lil'Jordan Humphrey,WR,3.546864460574682,2,00-0034521,Allen Lazard,2024,8.958333333333334,74.6
00-0035406,Lil'Jordan Humphrey,WR,3.546864460574682,3,00-0028263,Andre Holmes,2018,1.7461538461538462,72.4
00-0036849,Tutu Atwell,WR,3.5413772687248506,1,00-0031060,De'Anthony Thomas,2018,2.2,62.2
00-0036849,Tutu Atwell,WR,3.5413772687248506,2,00-0035298,Scott Miller,2024,1.5666666666666669,61.1
00-0036849,Tutu Atwell,WR,3.5413772687248506,3,00-0031060,De'Anthony Thomas,2019,0.1142857142857143,60.5
00-0037801,KaVontae Turpin,WR,3.524104868291027,1,00-0032464,Kalif Raymond,2024,3.5,59
00-0037801,KaVontae Turpin,WR,3.524104868291027,2,00-0034646,Brandon Powell,2023,3.2117647058823526,54.9
00-0037801,KaVontae Turpin,WR,3.524104868291027,3,00-0031228,Taylor Gabriel,2018,7.4,51.1
00-0036626,Dyami Brown,WR,3.5061327667507034,1,00-0032208,Phillip Dorsett,2019,7.845454545454547,72.3
00-0036626,Dyami Brown,WR,3.5061327667507034,2,00-0031257,Paul Richardson,2019,5.05,66.7
00-0036626,Dyami Brown,WR,3.5061327667507034,3,00-0036331,Devin Duvernay,2022,6.542857142857143,66.3
00-0037666,Jalen Tolbert,WR,3.5006014811050252,1,00-0036415,Van Jefferson,2024,3.44,82.3
00-0037666,Jalen Tolbert,WR,3.5006014811050252,2,00-0035639,Parris Campbell,2024,3,80.1
00-0037666,Jalen Tolbert,WR,3.5006014811050252,3,00-0032775,Demarcus Robinson,2022,4.987500000000001,79
00-0033375,Tim Patrick,WR,3.48595988512529,1,00-0028263,Andre Holmes,2018,1.7461538461538462,73.1
00-0033375,Tim Patrick,WR,3.48595988512529,2,00-0031787,Jake Kumerow,2022,1.6800000000000002,70.6
00-0033375,Tim Patrick,WR,3.48595988512529,3,00-0028411,Dontrelle Inman,2020,5.328571428571428,67.1
00-0036550,Rashod Bateman,WR,3.433639436505216,1,00-0036415,Van Jefferson,2024,3.44,78.8
00-0036550,Rashod Bateman,WR,3.433639436505216,2,00-0033891,Zay Jones,2020,2.6872727272727275,75.8
00-0036550,Rashod Bateman,WR,3.433639436505216,3,00-0036415,Van Jefferson,2025,3.9642857142857144,75.2
00-0038977,Tank Dell,WR,3.354096177030971,1,00-0036877,Jaelon Darden,2024,0.1,73.2
00-0038977,Tank Dell,WR,3.354096177030971,2,00-0037837,Calvin Austin III,2023,2.7625,71.9
00-0038977,Tank Dell,WR,3.354096177030971,3,00-0030068,Marquise Goodwin,2016,5.3999999999999995,68
00-0031235,Odell Beckham Jr.,WR,3.33781120421972,1,00-0027691,Andre Roberts,2021,0.36875,79.5
00-0031235,Odell Beckham Jr.,WR,3.33781120421972,2,00-0024272,Devin Hester,2016,0,74.4
00-0031235,Odell Beckham Jr.,WR,3.33781120421972,3,00-0027691,Andre Roberts,2020,0.34,73.6
00-0041047,Chris Brazzell II,WR,3.3267994421857803,1,00-0034777,DJ Chark,2018,2.0363636363636366,86.8
00-0041047,Chris Brazzell II,WR,3.3267994421857803,2,00-0040581,Dont'e Thornton Jr.,2025,1.681818181818182,85.1
00-0041047,Chris Brazzell II,WR,3.3267994421857803,3,00-0033943,Josh Reynolds,2017,2.19,85
00-0039739,Roman Wilson,WR,3.273233916538349,1,00-0031570,Justin Hardy,2017,5.01,91.1
00-0039739,Roman Wilson,WR,3.273233916538349,2,00-0031570,Justin Hardy,2016,4.2153846153846155,83.1
00-0039739,Roman Wilson,WR,3.273233916538349,3,00-0031570,Justin Hardy,2018,2.01875,82.6
00-0032464,Kalif Raymond,WR,3.0899763604093193,1,00-0031763,DeAndre Carter,2025,0,72.3
00-0032464,Kalif Raymond,WR,3.0899763604093193,2,00-0026035,Danny Amendola,2017,7.2266666666666675,71.8
00-0032464,Kalif Raymond,WR,3.0899763604093193,3,00-0031763,DeAndre Carter,2024,0.8999999999999999,71.3
00-0039792,Devontez Walker,WR,3.087367418515473,1,00-0032775,Demarcus Robinson,2019,5.66,80.5
00-0039792,Devontez Walker,WR,3.087367418515473,2,00-0032166,Sammie Coates,2018,0.425,79.6
00-0039792,Devontez Walker,WR,3.087367418515473,3,00-0036635,Ihmir Smith-Marsette,2022,-0.02500000000000002,78.6
00-0041040,Antonio Williams,WR,3.080014344724449,1,00-0040131,Kyle Williams,2025,3.1571428571428575,92.8
00-0041040,Antonio Williams,WR,3.080014344724449,2,00-0038976,Marvin Mims Jr.,2023,3.60625,90.5
00-0041040,Antonio Williams,WR,3.080014344724449,3,00-0038938,Jalin Hyatt,2023,3.7538461538461543,89.7
00-0036980,Elijah Moore,WR,3.0637411579393143,1,00-0033282,Curtis Samuel,2022,8.488235294117647,77.2
00-0036980,Elijah Moore,WR,3.0637411579393143,2,00-0032208,Phillip Dorsett,2019,7.845454545454547,68.7
00-0036980,Elijah Moore,WR,3.0637411579393143,3,00-0029269,Travis Benjamin,2019,1.2,66.3
00-0040277,Jahdae Walker,WR,3.038771890355106,1,00-0031912,Cameron Meredith,2016,10.462857142857144,87.1
00-0040277,Jahdae Walker,WR,3.038771890355106,2,00-0034631,Vyncint Smith,2019,3.246153846153846,86.6
00-0040277,Jahdae Walker,WR,3.038771890355106,3,00-0032160,Tyrell Williams,2016,11.4,85.5
00-0040138,Jaylin Noel,WR,3.0066658647288778,1,00-0038090,Skyy Moore,2023,3.3230769230769233,79.9
00-0040138,Jaylin Noel,WR,3.0066658647288778,2,00-0033911,Taywan Taylor,2018,5.315384615384615,78
00-0040138,Jaylin Noel,WR,3.0066658647288778,3,00-0032208,Phillip Dorsett,2016,5.486666666666667,77.2
00-0037741,Jahan Dotson,WR,2.969228039311238,1,00-0031257,Paul Richardson,2017,8.01875,80.1
00-0037741,Jahan Dotson,WR,2.969228039311238,2,00-0037614,John Metchie III,2025,4.261538461538462,77.2
00-0037741,Jahan Dotson,WR,2.969228039311238,3,00-0032208,Phillip Dorsett,2018,5.990909090909091,72.7
00-0035359,David Sills,WR,2.941011654709744,1,00-0028263,Andre Holmes,2018,1.7461538461538462,81.3
00-0035359,David Sills,WR,2.941011654709744,2,00-0034854,KhaDarel Hodge,2024,2.0545454545454547,80.7
00-0035359,David Sills,WR,2.941011654709744,3,00-0030300,Jaron Brown,2019,4,76
00-0041070,Reggie Virgil,WR,2.848857142534946,1,00-0032423,Trevor Davis,2016,1.2375,87.4
00-0041070,Reggie Virgil,WR,2.848857142534946,2,00-0040154,Tai Felton,2025,0.3333333333333333,86.9
00-0041070,Reggie Virgil,WR,2.848857142534946,3,00-0033943,Josh Reynolds,2017,2.19,86.6
00-0037524,Tay Martin,WR,2.8219351258678733,1,00-0029129,Rod Streater,2016,2.8642857142857143,81.4
00-0037524,Tay Martin,WR,2.8219351258678733,2,00-0032935,Johnny Holton,2019,0.375,73.2
00-0037524,Tay Martin,WR,2.8219351258678733,3,00-0033367,C.J. Board,2021,1.2833333333333334,70.8
00-0037742,Treylon Burks,WR,2.801756030283577,1,00-0031344,Cody Latimer,2018,5.083333333333333,81.5
00-0037742,Treylon Burks,WR,2.801756030283577,2,00-0032951,Laquon Treadwell,2020,4.975,79.1
00-0037742,Treylon Burks,WR,2.801756030283577,3,00-0032054,Breshad Perriman,2018,5.42,77.9
00-0040164,Jaylin Lane,WR,2.713371248613898,1,00-0031570,Justin Hardy,2016,4.2153846153846155,80.2
00-0040164,Jaylin Lane,WR,2.713371248613898,2,00-0031570,Justin Hardy,2017,5.01,79.4
00-0040164,Jaylin Lane,WR,2.713371248613898,3,00-0032170,Rashad Greene,2016,0.7125,77.2
00-0040581,Dont'e Thornton Jr.,WR,2.704663040256967,1,00-0032128,Chris Conley,2016,4.6875,78.5
00-0040581,Dont'e Thornton Jr.,WR,2.704663040256967,2,00-0034777,DJ Chark,2019,12.62,76.7
00-0040581,Dont'e Thornton Jr.,WR,2.704663040256967,3,00-0033943,Josh Reynolds,2018,7.125,72.5
00-0040876,Elijah Sarratt,WR,2.702088205353586,1,00-0038559,Michael Wilson,2023,7.346153846153846,93.1
00-0040876,Elijah Sarratt,WR,2.702088205353586,2,00-0034765,Tre'Quan Smith,2018,6.6692307692307695,92.7
00-0040876,Elijah Sarratt,WR,2.702088205353586,3,00-0037816,Romeo Doubs,2022,6.199999999999999,91.9
00-0041069,Colbie Young,WR,2.702088205353586,1,00-0033555,Mack Hollins,2017,3.0500000000000003,93.2
00-0041069,Colbie Young,WR,2.702088205353586,2,00-0033932,Kenny Golladay,2017,7.327272727272727,88.6
00-0041069,Colbie Young,WR,2.702088205353586,3,00-0040009,Savion Williams,2025,1.7083333333333333,87
00-0041004,Chase Roberts,WR,2.692431736367137,1,00-0035215,Deonte Harty,2019,0.6071428571428571,0.1
00-0041004,Chase Roberts,WR,2.692431736367137,2,00-0032791,Jakeem Grant,2016,0.00714285714285714,0.1
00-0041004,Chase Roberts,WR,2.692431736367137,3,00-0035215,Deonte Harty,2020,4.411111111111111,0.1
00-0041067,Bryce Lance,WR,2.6638905538263424,1,00-0034268,J'Mon Moore,2018,0.35714285714285715,93.5
00-0041067,Bryce Lance,WR,2.6638905538263424,2,00-0033464,Jehu Chesson,2017,0.4666666666666666,89.9
00-0041067,Bryce Lance,WR,2.6638905538263424,3,00-0034272,Marquez Valdes-Scantling,2018,5.75,87.1
00-0038359,Xavier Smith,WR,2.6502358563967654,1,00-0037132,Britain Covey,2025,0.5,80.9
00-0038359,Xavier Smith,WR,2.6502358563967654,2,00-0032464,Kalif Raymond,2021,6.775,74.2
00-0038359,Xavier Smith,WR,2.6502358563967654,3,00-0037132,Britain Covey,2024,1.38,73.2
00-0040317,Jacoby Jones,WR,2.6365098141736474,1,00-0035406,Lil'Jordan Humphrey,2021,5.425000000000001,77.8
00-0040317,Jacoby Jones,WR,2.6365098141736474,2,00-0036862,Ben Skowronek,2022,4.628571428571428,77.4
00-0040317,Jacoby Jones,WR,2.6365098141736474,3,00-0038824,Ryan Miller,2025,1.1555555555555557,76.5
00-0038728,Jared Wayne,WR,2.62471114099041,1,00-0032362,Maurice Harris,2018,4.127272727272728,82.4
00-0038728,Jared Wayne,WR,2.62471114099041,2,00-0038465,Malik Heath,2025,1.657142857142857,81.9
00-0038728,Jared Wayne,WR,2.62471114099041,3,00-0030300,Jaron Brown,2016,5.033333333333333,81.1
00-0034407,Ray-Ray McCloud,WR,2.6207479472241544,1,00-0034419,Braxton Berrios,2025,1.675,77.2
00-0034407,Ray-Ray McCloud,WR,2.6207479472241544,2,00-0034419,Braxton Berrios,2024,0,77.2
00-0034407,Ray-Ray McCloud,WR,2.6207479472241544,3,00-0028116,Aldrick Robinson,2018,4.4,75.2
00-0041446,Kendrick Law,WR,2.619277056200711,1,00-0036345,K.J. Osborn,2020,0,91.6
00-0041446,Kendrick Law,WR,2.619277056200711,2,00-0036630,Tylan Wallace,2021,0.33,90.7
00-0041446,Kendrick Law,WR,2.619277056200711,3,00-0038606,Parker Washington,2023,3.9,87.9
00-0040930,Camden Brown,WR,2.590486009700266,1,00-0034960,Jakobi Meyers,2019,4.445454545454545,95.9
00-0040930,Camden Brown,WR,2.590486009700266,2,00-0036219,Marquez Callaway,2020,3.533333333333333,93.8
00-0040930,Camden Brown,WR,2.590486009700266,3,00-0034631,Vyncint Smith,2018,4.4,89.8
00-0041100,Josh Cameron,WR,2.5826656029003705,1,00-0039386,Bub Means,2024,5.575,87
00-0041100,Josh Cameron,WR,2.5826656029003705,2,00-0035297,Kelvin Harmon,2019,3.4626666666666663,86.2
00-0041100,Josh Cameron,WR,2.5826656029003705,3,00-0037093,Dareke Young,2022,0.5666666666666668,85.6
00-0040590,Konata Mumpfield,WR,2.560198335222291,1,00-0034132,Christian Blake,2020,2.06,81.9
00-0040590,Konata Mumpfield,WR,2.560198335222291,2,00-0038647,Ronnie Bell,2024,0.8,81.4
00-0040590,Konata Mumpfield,WR,2.560198335222291,3,00-0032355,Chester Rogers,2017,4.67,80.5
00-0039062,Jonathan Mingo,WR,2.5583983370031698,1,00-0031344,Cody Latimer,2017,4.745454545454546,85.2
00-0039062,Jonathan Mingo,WR,2.5583983370031698,2,00-0035703,Miles Boykin,2022,0.21,81.1
00-0039062,Jonathan Mingo,WR,2.5583983370031698,3,00-0035703,Miles Boykin,2023,0.4,77.6
00-0039751,Jordan Whittington,WR,2.556910974817815,1,00-0039410,Ryan Flournoy,2025,6.266666666666667,82.2
00-0039751,Jordan Whittington,WR,2.556910974817815,2,00-0038640,Jalen Brooks,2025,1.32,80
00-0039751,Jordan Whittington,WR,2.556910974817815,3,00-0034418,Cedrick Wilson Jr.,2020,3.3169230769230773,77.3
00-0041051,Zavion Thomas,WR,2.556499816157934,1,00-0040131,Kyle Williams,2025,3.1571428571428575,89.2
00-0041051,Zavion Thomas,WR,2.556499816157934,2,00-0038090,Skyy Moore,2022,2.4,88.5
00-0041051,Zavion Thomas,WR,2.556499816157934,3,00-0035527,Andy Isabella,2019,2.575,88.2
00-0037091,Bo Melton,WR,2.5141054926320385,1,00-0035645,Gunner Olszewski,2023,-0.125,73.1
00-0037091,Bo Melton,WR,2.5141054926320385,2,00-0033572,Jamal Agnew,2021,5.8,73
00-0037091,Bo Melton,WR,2.5141054926320385,3,00-0032543,Alex Erickson,2019,4.921250000000001,71.2
00-0041374,Sincere Brown,WR,2.4188823306478295,1,00-0035215,Deonte Harty,2019,0.6071428571428571,0.1
00-0041374,Sincere Brown,WR,2.4188823306478295,2,00-0032791,Jakeem Grant,2016,0.00714285714285714,0.1
00-0041374,Sincere Brown,WR,2.4188823306478295,3,00-0035215,Deonte Harty,2020,4.411111111111111,0.1
00-0040948,J. Michael Sturdivant,WR,2.4112048815214733,1,00-0034317,Keith Kirkwood,2018,5.628571428571429,94.7
00-0040948,J. Michael Sturdivant,WR,2.4112048815214733,2,00-0040277,Jahdae Walker,2025,3.9500000000000006,93
00-0040948,J. Michael Sturdivant,WR,2.4112048815214733,3,00-0035548,Ventell Bryant,2019,1.1428571428571428,91.5
00-0040953,Jeff Caldwell,WR,2.4112048815214733,1,00-0035350,Preston Williams,2019,9.35,85.5
00-0040953,Jeff Caldwell,WR,2.4112048815214733,2,00-0038667,Elijah Cooks,2023,1.3250000000000002,85.5
00-0040953,Jeff Caldwell,WR,2.4112048815214733,3,00-0038752,Jake Bobo,2023,3.385714285714286,83
00-0041451,Brock Rechsteiner,WR,2.4112048815214733,1,00-0036142,Isaiah Wright,2020,3.163636363636364,95.5
00-0041451,Brock Rechsteiner,WR,2.4112048815214733,2,00-0035869,Austin Mack,2020,2.52,86.8
00-0041451,Brock Rechsteiner,WR,2.4112048815214733,3,00-0035432,Jason Moore,2019,0.8833333333333333,85.9
00-0040894,Malik Benson,WR,2.3733565114110062,1,00-0032423,Trevor Davis,2016,1.2375,90.8
00-0040894,Malik Benson,WR,2.3733565114110062,2,00-0037291,Jalen Nailor,2022,3.5500000000000003,89.7
00-0040894,Malik Benson,WR,2.3733565114110062,3,00-0036398,John Hightower,2020,2.38,88.3
00-0041399,CJ Daniels,WR,2.3698197629480644,1,00-0039410,Ryan Flournoy,2024,1.4666666666666668,88.5
00-0041399,CJ Daniels,WR,2.3698197629480644,2,00-0036951,Frank Darby,2021,0.475,88.3
00-0041399,CJ Daniels,WR,2.3698197629480644,3,00-0034273,Damion Ratley,2018,4.18,88.3
00-0040172,Jordan Watkins,WR,2.353551813571978,1,00-0036630,Tylan Wallace,2023,0.26666666666666666,85.8
00-0040172,Jordan Watkins,WR,2.353551813571978,2,00-0033573,Shelton Gibson,2018,1.06,84.8
00-0040172,Jordan Watkins,WR,2.353551813571978,3,00-0039394,Casey Washington,2025,2.48,82.7
00-0032951,Laquon Treadwell,WR,2.3285419840426855,1,00-0031545,Kevin White,2022,1.4,71.9
00-0032951,Laquon Treadwell,WR,2.3285419840426855,2,00-0032398,Chris Moore,2025,3.31,70.9
00-0032951,Laquon Treadwell,WR,2.3285419840426855,3,00-0031545,Kevin White,2021,1.0750000000000002,67.1
00-0041106,C.J. Williams,WR,2.3144939728317615,1,00-0039751,Jordan Whittington,2024,2.9642857142857144,94.8
00-0041106,C.J. Williams,WR,2.3144939728317615,2,00-0036951,Frank Darby,2021,0.475,91.6
00-0041106,C.J. Williams,WR,2.3144939728317615,3,00-0039410,Ryan Flournoy,2024,1.4666666666666668,91.4
00-0041550,Brenen Thompson,WR,2.3044511048310747,1,00-0038573,Derius Davis,2023,1.4235294117647062,89.2
00-0041550,Brenen Thompson,WR,2.3044511048310747,2,00-0039365,Jacob Cowing,2024,0.7133333333333333,88.4
00-0041550,Brenen Thompson,WR,2.3044511048310747,3,00-0038977,Tank Dell,2023,14.15,86.4
00-0039451,Isaiah Williams,WR,2.2570318839203796,1,00-0031868,Damiere Byrd,2018,0.18571428571428572,73.8
00-0039451,Isaiah Williams,WR,2.2570318839203796,2,00-0039623,Mason Tipton,2025,1.8625,72.2
00-0039451,Isaiah Williams,WR,2.2570318839203796,3,00-0032543,Alex Erickson,2019,4.921250000000001,72.1
00-0040009,Savion Williams,WR,2.2300578778378544,1,00-0038618,Xavier Hutchinson,2024,1.2642857142857145,61.9
00-0040009,Savion Williams,WR,2.2300578778378544,2,00-0031344,Cody Latimer,2016,1.054545454545455,58.7
00-0040009,Savion Williams,WR,2.2300578778378544,3,00-0037742,Treylon Burks,2025,3,57.7
00-0041443,Skyler Bell,WR,2.2256702576106777,1,00-0038576,Charlie Jones,2023,1.018181818181818,88.4
00-0041443,Skyler Bell,WR,2.2256702576106777,2,00-0037273,Kyle Philips,2022,2.95,88
00-0041443,Skyler Bell,WR,2.2256702576106777,3,00-0039379,Jamari Thrash,2024,0.6166666666666667,87.4
00-0039379,Jamari Thrash,WR,2.137427333047607,1,00-0037291,Jalen Nailor,2024,6.066666666666666,87.2
00-0039379,Jamari Thrash,WR,2.137427333047607,2,00-0031068,Ryan Grant,2017,6.487500000000001,84.9
00-0039379,Jamari Thrash,WR,2.137427333047607,3,00-0038576,Charlie Jones,2024,0.14285714285714285,79.4
00-0039920,Malachi Corley,WR,2.132175054048064,1,00-0037745,Velus Jones Jr.,2023,0.7000000000000001,71.1
00-0039920,Malachi Corley,WR,2.132175054048064,2,00-0036913,Kadarius Toney,2023,3.0384615384615383,57.7
00-0039920,Malachi Corley,WR,2.132175054048064,3,00-0035639,Parris Campbell,2021,4.533333333333333,55.6
00-0038824,Ryan Miller,WR,2.107892012373383,1,00-0035341,Trenton Irwin,2022,6.188888888888889,87.6
00-0038824,Ryan Miller,WR,2.107892012373383,2,00-0034854,KhaDarel Hodge,2020,3.357142857142857,85.6
00-0038824,Ryan Miller,WR,2.107892012373383,3,00-0034867,Malik Turner,2021,5.557142857142857,85
00-0038640,Jalen Brooks,WR,2.1013967436188663,1,00-0032959,Charone Peake,2018,0.5833333333333334,86.6
00-0038640,Jalen Brooks,WR,2.1013967436188663,2,00-0035341,Trenton Irwin,2022,6.188888888888889,85
00-0038640,Jalen Brooks,WR,2.1013967436188663,3,00-0035341,Trenton Irwin,2021,0.8800000000000001,81.8
00-0040184,KeAndre Lambert-Smith,WR,2.085599699501802,1,00-0032423,Trevor Davis,2017,0.7200000000000001,90.2
00-0040184,KeAndre Lambert-Smith,WR,2.085599699501802,2,00-0039379,Jamari Thrash,2025,1.9625,85.6
00-0040184,KeAndre Lambert-Smith,WR,2.085599699501802,3,00-0034411,Russell Gage,2019,5.45,83.7
00-0040432,Beaux Collins,WR,2.0673682986046553,1,00-0034593,Chris Lacy,2019,1.875,87.5
00-0040432,Beaux Collins,WR,2.0673682986046553,2,00-0036182,Nick Westbrook-Ikhine,2021,5.906666666666666,87.4
00-0040432,Beaux Collins,WR,2.0673682986046553,3,00-0034867,Malik Turner,2019,3.4545454545454546,84.4
00-0041005,Corey Rucker,WR,2.0513303183598475,1,00-0039650,Bryce Oliver,2024,1.5625,90.3
00-0041005,Corey Rucker,WR,2.0513303183598475,2,00-0037387,Jalen Virgil,2022,2.0714285714285716,88.6
00-0041005,Corey Rucker,WR,2.0513303183598475,3,00-0040024,Darius Cooper,2025,2.2833333333333337,88.1
00-0040218,Jimmy Horn Jr.,WR,1.997514607571548,1,00-0038573,Derius Davis,2024,2.24,77.6
00-0040218,Jimmy Horn Jr.,WR,1.997514607571548,2,00-0035215,Deonte Harty,2021,7.469230769230768,68.6
00-0040218,Jimmy Horn Jr.,WR,1.997514607571548,3,00-0031757,Lucky Whitehead,2016,0.8333333333333335,68.1
00-0035021,Ashton Dulin,WR,1.9799693217972756,1,00-0029319,Josh Bellamy,2017,5.109090909090909,63.8
00-0035021,Ashton Dulin,WR,1.9799693217972756,2,00-0034854,KhaDarel Hodge,2024,2.0545454545454547,63.6
00-0035021,Ashton Dulin,WR,1.9799693217972756,3,00-0033251,Zach Pascal,2023,0.39,63.4
00-0038090,Skyy Moore,WR,1.9730928378586925,1,00-0035527,Andy Isabella,2022,0.8,80.5
00-0038090,Skyy Moore,WR,1.9730928378586925,2,00-0031326,Bruce Ellington,2017,5.5636363636363635,78.9
00-0038090,Skyy Moore,WR,1.9730928378586925,3,00-0036331,Devin Duvernay,2024,1.053846153846154,77.5
00-0036646,Simi Fehoko,WR,1.962391504527985,1,00-0031953,Geremy Davis,2019,0.8833333333333334,80.2
00-0036646,Simi Fehoko,WR,1.962391504527985,2,00-0036862,Ben Skowronek,2025,0.93125,77
00-0036646,Simi Fehoko,WR,1.962391504527985,3,00-0031953,Geremy Davis,2018,0,73.6
00-0041099,Barion Brown,WR,1.9535355808256825,1,00-0036309,Darnell Mooney,2020,7.6,96.1
00-0041099,Barion Brown,WR,1.9535355808256825,2,00-0036571,Marquez Stevenson,2021,0,87.7
00-0041099,Barion Brown,WR,1.9535355808256825,3,00-0034411,Russell Gage,2018,1.0333333333333334,85.9
00-0040024,Darius Cooper,WR,1.931574572001766,1,00-0032659,Roger Lewis,2017,4.7733333333333325,82.5
00-0040024,Darius Cooper,WR,1.931574572001766,2,00-0034487,Trent Sherfield,2020,0.8333333333333334,82.2
00-0040024,Darius Cooper,WR,1.931574572001766,3,00-0031818,Bradley Marquez,2016,0.6000000000000001,80
00-0041397,Kaden Wetjen,WR,1.924826810745039,1,00-0040164,Jaylin Lane,2025,2.08,86.1
00-0041397,Kaden Wetjen,WR,1.924826810745039,2,00-0036620,Dee Eskridge,2021,2.9125,85.6
00-0041397,Kaden Wetjen,WR,1.924826810745039,3,00-0039392,Jha'Quan Jackson,2024,0.06666666666666667,85.1
00-0039623,Mason Tipton,WR,1.922323309324478,1,00-0035645,Gunner Olszewski,2021,0.3125,77.4
00-0039623,Mason Tipton,WR,1.922323309324478,2,00-0032543,Alex Erickson,2018,1.80625,77.4
00-0039623,Mason Tipton,WR,1.922323309324478,3,00-0035645,Gunner Olszewski,2023,-0.125,74.5
00-0040154,Tai Felton,WR,1.88977315099824,1,00-0032423,Trevor Davis,2017,0.7200000000000001,83.6
00-0040154,Tai Felton,WR,1.88977315099824,2,00-0037666,Jalen Tolbert,2023,3.557142857142857,83.1
00-0040154,Tai Felton,WR,1.88977315099824,3,00-0039379,Jamari Thrash,2025,1.9625,80.4
00-0041529,Kevin Coleman Jr.,WR,1.8496048322421788,1,00-0036571,Marquez Stevenson,2021,0,93
00-0041529,Kevin Coleman Jr.,WR,1.8496048322421788,2,00-0036309,Darnell Mooney,2020,7.6,89.7
00-0041529,Kevin Coleman Jr.,WR,1.8496048322421788,3,00-0040075,LaJohntay Wester,2025,0,88.2
00-0039236,Johnny Wilson,WR,1.8362962115135124,1,00-0036482,Mike Strachan,2022,1.48,71.3
00-0039236,Johnny Wilson,WR,1.8362962115135124,2,00-0036228,Dezmon Patmon,2021,2.275,69.8
00-0039236,Johnny Wilson,WR,1.8362962115135124,3,00-0028702,Chris Matthews,2017,1,68.8
00-0038590,Justin Shorter,WR,1.813951178805503,1,00-0033555,Mack Hollins,2019,1.4583333333333333,79.1
00-0038590,Justin Shorter,WR,1.813951178805503,2,00-0035703,Miles Boykin,2023,0.4,78.7
00-0038590,Justin Shorter,WR,1.813951178805503,3,00-0036646,Simi Fehoko,2024,2.266666666666667,78.1
00-0040785,Dohnte Meyers,WR,1.8136312402834551,1,00-0039623,Mason Tipton,2024,1.8777777777777775,82.6
00-0040785,Dohnte Meyers,WR,1.8136312402834551,2,00-0035181,Darrius Shepherd,2019,0.1,82
00-0040785,Dohnte Meyers,WR,1.8136312402834551,3,00-0037545,Rashid Shaheed,2022,7.208333333333333,79.4
00-0036862,Ben Skowronek,WR,1.8061590403941223,1,00-0034317,Keith Kirkwood,2023,1.7428571428571429,80.4
00-0036862,Ben Skowronek,WR,1.8061590403941223,2,00-0035359,David Sills,2025,3.341666666666667,78.6
00-0036862,Ben Skowronek,WR,1.8061590403941223,3,00-0033386,Cody Hollister,2022,1.15,78.2
00-0037093,Dareke Young,WR,1.7998319955456188,1,00-0031953,Geremy Davis,2019,0.8833333333333334,84.3
00-0037093,Dareke Young,WR,1.7998319955456188,2,00-0031953,Geremy Davis,2018,0,82.1
00-0037093,Dareke Young,WR,1.7998319955456188,3,00-0035341,Trenton Irwin,2022,6.188888888888889,80.8
00-0038840,Brycen Tremayne,WR,1.7961287502344083,1,00-0038752,Jake Bobo,2025,0.6,85.5
00-0038840,Brycen Tremayne,WR,1.7961287502344083,2,00-0035359,David Sills,2022,2.3000000000000003,84.3
00-0038840,Brycen Tremayne,WR,1.7961287502344083,3,00-0030300,Jaron Brown,2016,5.033333333333333,80.6
00-0039626,Cole Burgess,WR,1.794756547783601,1,00-0038839,Mitchell Tinsley,2025,3.45,91
00-0039626,Cole Burgess,WR,1.794756547783601,2,00-0033994,Fred Brown,2019,0.5166666666666667,90
00-0039626,Cole Burgess,WR,1.794756547783601,3,00-0034297,Byron Pringle,2019,2.4166666666666665,88.9
00-0040646,Jalen Royals,WR,1.7708629676851997,1,00-0036630,Tylan Wallace,2022,1.06,85.8
00-0040646,Jalen Royals,WR,1.7708629676851997,2,00-0036630,Tylan Wallace,2023,0.26666666666666666,83.6
00-0040646,Jalen Royals,WR,1.7708629676851997,3,00-0039394,Casey Washington,2025,2.48,83.5
00-0040120,Jimmy Holiday,WR,1.7640178030617482,1,00-0032707,Andy Jones,2018,3.25,89.1
00-0040120,Jimmy Holiday,WR,1.7640178030617482,2,00-0035480,Malik Taylor,2020,1.6,86.7
00-0040120,Jimmy Holiday,WR,1.7640178030617482,3,00-0034854,KhaDarel Hodge,2019,0.8000000000000002,86.4
00-0040629,Dalevon Campbell,WR,1.7640178030617482,1,00-0038477,Bryce Ford-Wheaton,2024,0,90.1
00-0040629,Dalevon Campbell,WR,1.7640178030617482,2,00-0037156,Irvin Charles,2023,0,86.8
00-0040629,Dalevon Campbell,WR,1.7640178030617482,3,00-0037216,Justyn Ross,2023,1.3833333333333335,83.4
00-0035645,Gunner Olszewski,WR,1.7517961473325263,1,00-0034418,Cedrick Wilson Jr.,2025,1.15,64
00-0035645,Gunner Olszewski,WR,1.7517961473325263,2,00-0031972,Darius Jennings,2019,0.3375,59.8
00-0035645,Gunner Olszewski,WR,1.7517961473325263,3,00-0034418,Cedrick Wilson Jr.,2021,8.951428571428572,52.9
00-0036630,Tylan Wallace,WR,1.7350635564836323,1,00-0033111,Pharoh Cooper,2021,0.7,83.6
00-0036630,Tylan Wallace,WR,1.7350635564836323,2,00-0033111,Pharoh Cooper,2022,0.62,80.7
00-0036630,Tylan Wallace,WR,1.7350635564836323,3,00-0036133,James Proche,2024,0.4,78.7
00-0035045,D.J. Montgomery,WR,1.7134788422411742,1,00-0032543,Alex Erickson,2023,4.65,83
00-0035045,D.J. Montgomery,WR,1.7134788422411742,2,00-0034487,Trent Sherfield,2025,0.9,81.1
00-0035045,D.J. Montgomery,WR,1.7134788422411742,3,00-0035645,Gunner Olszewski,2025,1.92625,80.6
00-0039710,Jeshaun Jones,WR,1.7103342027981885,1,00-0038953,Dylan Drummond,2025,1.2833333333333334,85.3
00-0039710,Jeshaun Jones,WR,1.7103342027981885,2,00-0033994,Fred Brown,2019,0.5166666666666667,83.7
00-0039710,Jeshaun Jones,WR,1.7103342027981885,3,00-0039521,Xavier Weaver,2025,1.457142857142857,82.3
00-0040582,Arian Smith,WR,1.6862466910203753,1,00-0038576,Charlie Jones,2024,0.14285714285714285,79.1
00-0040582,Arian Smith,WR,1.6862466910203753,2,00-0038938,Jalin Hyatt,2025,1,74.1
00-0040582,Arian Smith,WR,1.6862466910203753,3,00-0039379,Jamari Thrash,2025,1.9625,73.1
00-0037156,Irvin Charles,WR,1.682740097519321,1,00-0036862,Ben Skowronek,2025,0.93125,77.1
00-0037156,Irvin Charles,WR,1.682740097519321,2,00-0035359,David Sills,2025,3.341666666666667,77
00-0037156,Irvin Charles,WR,1.682740097519321,3,00-0033386,Cody Hollister,2022,1.15,75.9
00-0040890,Cyrus Allen,WR,1.6635625604777866,1,00-0036309,Darnell Mooney,2020,7.6,92.5
00-0040890,Cyrus Allen,WR,1.6635625604777866,2,00-0036571,Marquez Stevenson,2021,0,88.7
00-0040890,Cyrus Allen,WR,1.6635625604777866,3,00-0034983,Hunter Renfrow,2019,8.384615384615385,86.6
00-0036463,Chris Blair,WR,1.652432410897776,1,00-0035976,Dan Chisena,2024,1.3,79
00-0036463,Chris Blair,WR,1.652432410897776,2,00-0035359,David Sills,2025,3.341666666666667,78.8
00-0036463,Chris Blair,WR,1.652432410897776,3,00-0035645,Gunner Olszewski,2025,1.92625,78.6
00-0041132,Deion Burks,WR,1.6179504987465572,1,00-0034286,Richie James,2018,1.9583333333333333,90.3
00-0041132,Deion Burks,WR,1.6179504987465572,2,00-0040506,Myles Price,2025,0,89.1
00-0041132,Deion Burks,WR,1.6179504987465572,3,00-0040075,LaJohntay Wester,2025,0,88.9
00-0040563,Efton Chism III,WR,1.5644181949558087,1,00-0032705,Ed Eagan,2017,0,83.1
00-0040563,Efton Chism III,WR,1.5644181949558087,2,00-0035544,Tom Kennedy,2021,2.566666666666667,81.1
00-0040563,Efton Chism III,WR,1.5644181949558087,3,00-0033094,Marvin Hall,2018,1.85,80.7
00-0040570,Jeremiah Webb,WR,1.5065064830890913,1,00-0035544,Tom Kennedy,2021,2.566666666666667,87.3
00-0040570,Jeremiah Webb,WR,1.5065064830890913,2,00-0030737,Freddie Martino,2016,3.4571428571428577,87.2
00-0040570,Jeremiah Webb,WR,1.5065064830890913,3,00-0032705,Ed Eagan,2017,0,86.8
00-0040498,Dontae Fleming,WR,1.4996011069748438,1,00-0039521,Xavier Weaver,2025,1.457142857142857,85.7
00-0040498,Dontae Fleming,WR,1.4996011069748438,2,00-0034132,Christian Blake,2019,2.085714285714286,84.7
00-0040498,Dontae Fleming,WR,1.4996011069748438,3,00-0035457,Tyron Johnson,2020,6.318181818181818,79.4
00-0038752,Jake Bobo,WR,1.4826738927367005,1,00-0037156,Irvin Charles,2024,0,83.8
00-0038752,Jake Bobo,WR,1.4826738927367005,2,00-0035359,David Sills,2022,2.3000000000000003,83.3
00-0038752,Jake Bobo,WR,1.4826738927367005,3,00-0031787,Jake Kumerow,2018,4.0600000000000005,81.1
00-0036331,Devin Duvernay,WR,1.4406114850847325,1,00-0033111,Pharoh Cooper,2022,0.62,78.9
00-0036331,Devin Duvernay,WR,1.4406114850847325,2,00-0032398,Chris Moore,2021,4.5200000000000005,78.2
00-0036331,Devin Duvernay,WR,1.4406114850847325,3,00-0027691,Andre Roberts,2018,1.30625,77.9
00-0040621,Montorie Foster Jr,WR,1.4220841381036782,1,00-0035181,Darrius Shepherd,2020,0.8875000000000001,96.3
00-0040621,Montorie Foster Jr,WR,1.4220841381036782,2,00-0039451,Isaiah Williams,2025,2.3800000000000003,88.8
00-0040621,Montorie Foster Jr,WR,1.4220841381036782,3,00-0036959,Michael Bandy,2022,1.7375,88.3
00-0040352,Coleman Owen,WR,1.4220841381036782,1,00-0036959,Michael Bandy,2022,1.7375,92.8
00-0040352,Coleman Owen,WR,1.4220841381036782,2,00-0033094,Marvin Hall,2017,2.1666666666666665,90.5
00-0040352,Coleman Owen,WR,1.4220841381036782,3,00-0035544,Tom Kennedy,2021,2.566666666666667,88.9
00-0038573,Derius Davis,WR,1.3456278408664977,1,00-0036877,Jaelon Darden,2024,0.1,86.8
00-0038573,Derius Davis,WR,1.3456278408664977,2,00-0031060,De'Anthony Thomas,2018,2.2,81
00-0038573,Derius Davis,WR,1.3456278408664977,3,00-0031060,De'Anthony Thomas,2019,0.1142857142857143,79
00-0039589,Kameron Johnson,WR,1.2896215104175843,1,00-0033006,Jaydon Mickens,2018,0,81.4
00-0039589,Kameron Johnson,WR,1.2896215104175843,2,00-0035876,Andre Baccellia,2022,1.6,81.3
00-0039589,Kameron Johnson,WR,1.2896215104175843,3,00-0033006,Jaydon Mickens,2017,2.27,80.8
00-0039365,Jacob Cowing,WR,1.2478406916653173,1,00-0036877,Jaelon Darden,2024,0.1,85.4
00-0039365,Jacob Cowing,WR,1.2478406916653173,2,00-0037837,Calvin Austin III,2023,2.7625,83.5
00-0039365,Jacob Cowing,WR,1.2478406916653173,3,00-0039816,Anthony Gould,2025,0.14545454545454548,83.3
00-0040075,LaJohntay Wester,WR,1.2478406916653173,1,00-0039816,Anthony Gould,2025,0.14545454545454548,82.8
00-0040075,LaJohntay Wester,WR,1.2478406916653173,2,00-0037837,Calvin Austin III,2023,2.7625,82.3
00-0040075,LaJohntay Wester,WR,1.2478406916653173,3,00-0033466,Isaiah McKenzie,2018,5.6875,79.6
00-0038519,Nikko Remigio,WR,1.216548219466805,1,00-0034646,Brandon Powell,2022,2.0941176470588236,83.4
00-0038519,Nikko Remigio,WR,1.216548219466805,2,00-0036959,Michael Bandy,2025,3.25,81.9
00-0038519,Nikko Remigio,WR,1.216548219466805,3,00-0031763,DeAndre Carter,2018,2.5615384615384613,81.3
00-0040506,Myles Price,WR,1.211351042280334,1,00-0038519,Nikko Remigio,2024,1.16,93.8
00-0040506,Myles Price,WR,1.211351042280334,2,00-0035621,Nsimba Webster,2020,0,89.3
00-0040506,Myles Price,WR,1.211351042280334,3,00-0039451,Isaiah Williams,2025,2.3800000000000003,89.1
00-0040534,Ke'Shawn Williams,WR,1.2104786891340156,1,00-0038519,Nikko Remigio,2024,1.16,86.2
00-0040534,Ke'Shawn Williams,WR,1.2104786891340156,2,00-0036959,Michael Bandy,2022,1.7375,83.7
00-0040534,Ke'Shawn Williams,WR,1.2104786891340156,3,00-0033094,Marvin Hall,2017,2.1666666666666665,83.5
00-0037744,Trey McBride,TE,11.798329032318494,1,00-0034753,Mark Andrews,2022,10.266666666666667,74.1
00-0037744,Trey McBride,TE,11.798329032318494,2,00-0030061,Zach Ertz,2019,11.44,71.5
00-0037744,Trey McBride,TE,11.798329032318494,3,00-0030506,Travis Kelce,2019,12.8625,64.8
00-0039338,Brock Bowers,TE,10.502494074873727,1,00-0039065,Sam LaPorta,2024,9.0375,65.7
00-0039338,Brock Bowers,TE,10.502494074873727,2,00-0033881,Evan Engram,2018,9.436363636363636,64.5
00-0039338,Brock Bowers,TE,10.502494074873727,3,00-0031299,Jordan Matthews,2016,9.635714285714286,60.1
00-0033288,George Kittle,TE,10.41551995509289,1,00-0027125,Zach Miller,2017,5.7,61.8
00-0033288,George Kittle,TE,10.41551995509289,2,00-0034753,Mark Andrews,2024,9.488235294117649,61.8
00-0033288,George Kittle,TE,10.41551995509289,3,00-0030061,Zach Ertz,2023,5.457142857142857,59
00-0038996,Tucker Kraft,TE,9.357656647872677,1,00-0033879,O.J. Howard,2019,4.778571428571429,70.1
00-0038996,Tucker Kraft,TE,9.357656647872677,2,00-0034351,Dallas Goedert,2021,9.133333333333333,68.3
00-0038996,Tucker Kraft,TE,9.357656647872677,3,00-0033090,Hunter Henry,2020,8.235714285714286,68
00-0040663,Harold Fannin Jr.,TE,8.652958161301907,1,00-0033881,Evan Engram,2018,9.436363636363636,64.3
00-0040663,Harold Fannin Jr.,TE,8.652958161301907,2,00-0039065,Sam LaPorta,2024,9.0375,57.4
00-0040663,Harold Fannin Jr.,TE,8.652958161301907,3,00-0033881,Evan Engram,2021,5.3,55.9
00-0030506,Travis Kelce,TE,8.522217414861402,1,00-0022127,Jason Witten,2017,7.34375,63.8
00-0030506,Travis Kelce,TE,8.522217414861402,2,00-0030061,Zach Ertz,2025,7.800000000000001,63
00-0030506,Travis Kelce,TE,8.522217414861402,3,00-0022127,Jason Witten,2016,7.853333333333333,62.7
00-0034351,Dallas Goedert,TE,8.39805958557812,1,00-0033090,Hunter Henry,2025,8.7529411764705891,73.1
00-0034351,Dallas Goedert,TE,8.39805958557812,2,00-0027981,Kyle Rudolph,2018,7.4625,70.6
00-0034351,Dallas Goedert,TE,8.39805958557812,3,00-0027981,Kyle Rudolph,2019,6.28,70
00-0036970,Kyle Pitts,TE,8.131075297622107,1,00-0035229,T.J. Hockenson,2023,11.433333333333334,76.7
00-0036970,Kyle Pitts,TE,8.131075297622107,2,00-0034829,Mike Gesicki,2022,4.835294117647059,73.6
00-0036970,Kyle Pitts,TE,8.131075297622107,3,00-0027981,Kyle Rudolph,2017,8.10625,73.5
00-0040128,Tyler Warren,TE,8.064540822269247,1,00-0036894,Pat Freiermuth,2023,5.527272727272727,67.9
00-0040128,Tyler Warren,TE,8.064540822269247,2,00-0036290,Cole Kmet,2024,6.05625,66.4
00-0040128,Tyler Warren,TE,8.064540822269247,3,00-0036970,Kyle Pitts,2022,6.16,63.1
00-0039065,Sam LaPorta,TE,7.976155430033538,1,00-0033881,Evan Engram,2019,10.925,61.9
00-0039065,Sam LaPorta,TE,7.976155430033538,2,00-0030472,Jordan Reed,2018,7.13846153846154,61.6
00-0039065,Sam LaPorta,TE,7.976155430033538,3,00-0033090,Hunter Henry,2020,8.235714285714286,60.7
00-0040126,Colston Loveland,TE,7.938666850875042,1,00-0036970,Kyle Pitts,2023,6.51764705882353,76
00-0040126,Colston Loveland,TE,7.938666850875042,2,00-0035229,T.J. Hockenson,2021,9.566666666666668,71.3
00-0040126,Colston Loveland,TE,7.938666850875042,3,00-0036970,Kyle Pitts,2024,6.335294117647059,68.9
00-0033090,Hunter Henry,TE,7.8256663481432,1,00-0027061,Jared Cook,2019,10.428571428571429,73.7
00-0033090,Hunter Henry,TE,7.8256663481432,2,00-0027061,Jared Cook,2018,9.975,73.3
00-0033090,Hunter Henry,TE,7.8256663481432,3,00-0030061,Zach Ertz,2025,7.800000000000001,72.4
00-0036040,Juwan Johnson,TE,7.735544043987327,1,00-0028112,Charles Clay,2018,2.4454545454545458,56.8
00-0036040,Juwan Johnson,TE,7.735544043987327,2,00-0034383,Dalton Schultz,2024,5.394117647058824,56.7
00-0036040,Juwan Johnson,TE,7.735544043987327,3,00-0028112,Charles Clay,2017,7.1000000000000005,56
00-0040189,Oronde Gadsden II,TE,7.375585919146185,1,00-0037838,Isaiah Likely,2025,4.016666666666667,67.4
00-0040189,Oronde Gadsden II,TE,7.375585919146185,2,00-0037838,Isaiah Likely,2023,6.1499999999999995,66.9
00-0040189,Oronde Gadsden II,TE,7.375585919146185,3,00-0038041,Jake Ferguson,2024,5.3500000000000005,62.6
00-0038933,Dalton Kincaid,TE,6.880858845360834,1,00-0033881,Evan Engram,2022,8.258823529411766,65.9
00-0038933,Dalton Kincaid,TE,6.880858845360834,2,00-0035644,Noah Fant,2023,3.826666666666667,65.1
00-0038933,Dalton Kincaid,TE,6.880858845360834,3,00-0033858,Jonnu Smith,2021,3.3375000000000004,64.8
00-0041032,Kenyon Sadiq,TE,6.865775431248695,1,00-0033881,Evan Engram,2017,9.44,88.6
00-0041032,Kenyon Sadiq,TE,6.865775431248695,2,00-0039065,Sam LaPorta,2023,11.547058823529412,87.4
00-0041032,Kenyon Sadiq,TE,6.865775431248695,3,00-0039338,Brock Bowers,2024,12.158823529411764,87.1
00-0034383,Dalton Schultz,TE,6.8097986912774635,1,00-0027061,Jared Cook,2018,9.975,72.5
00-0034383,Dalton Schultz,TE,6.8097986912774635,2,00-0033090,Hunter Henry,2025,8.7529411764705891,69.9
00-0034383,Dalton Schultz,TE,6.8097986912774635,3,00-0033110,Tyler Higbee,2023,5.666666666666667,69.7
00-0031610,Darren Waller,TE,6.664736363326235,1,00-0027061,Jared Cook,2021,6.775,61
00-0031610,Darren Waller,TE,6.664736363326235,2,00-0027125,Zach Miller,2016,9.61,60.7
00-0031610,Darren Waller,TE,6.664736363326235,3,00-0031260,Logan Thomas,2023,6.20625,60.3
00-0039847,Theo Johnson,TE,6.5062272401076715,1,00-0038996,Tucker Kraft,2025,12.65,75.1
00-0039847,Theo Johnson,TE,6.5062272401076715,2,00-0034351,Dallas Goedert,2020,8.490909090909092,74.6
00-0039847,Theo Johnson,TE,6.5062272401076715,3,00-0036290,Cole Kmet,2023,9.0375,71.4
00-0038041,Jake Ferguson,TE,6.421555250730162,1,00-0034383,Dalton Schultz,2023,8.066666666666666,85
00-0038041,Jake Ferguson,TE,6.421555250730162,2,00-0038129,Cade Otton,2025,6.180000000000001,81.4
00-0038041,Jake Ferguson,TE,6.421555250730162,3,00-0034383,Dalton Schultz,2024,5.394117647058824,80.5
00-0034753,Mark Andrews,TE,6.3470068377670055,1,00-0033090,Hunter Henry,2024,7.025,53.6
00-0034753,Mark Andrews,TE,6.3470068377670055,2,00-0030061,Zach Ertz,2021,8.452941176470588,53.3
00-0034753,Mark Andrews,TE,6.3470068377670055,3,00-0033090,Hunter Henry,2025,8.7529411764705891,52.9
00-0038935,Brenton Strange,TE,6.338946992190811,1,00-0035689,Dawson Knox,2022,7.446666666666667,78.4
00-0038935,Brenton Strange,TE,6.338946992190811,2,00-0032392,Austin Hooper,2019,11.86153846153846,74.6
00-0038935,Brenton Strange,TE,6.338946992190811,3,00-0031387,Eric Ebron,2016,8.746153846153847,74.4
00-0038129,Cade Otton,TE,6.230668113597435,1,00-0038041,Jake Ferguson,2025,8.652941176470588,84.5
00-0038129,Cade Otton,TE,6.230668113597435,2,00-0038041,Jake Ferguson,2024,5.3500000000000005,76.5
00-0038129,Cade Otton,TE,6.230668113597435,3,00-0034383,Dalton Schultz,2023,8.066666666666666,75.3
00-0036894,Pat Freiermuth,TE,6.159328860439871,1,00-0036290,Cole Kmet,2025,3.98125,78.7
00-0036894,Pat Freiermuth,TE,6.159328860439871,2,00-0032392,Austin Hooper,2022,4.523529411764706,74
00-0036894,Pat Freiermuth,TE,6.159328860439871,3,00-0033090,Hunter Henry,2023,7.607692307692308,74
00-0033885,David Njoku,TE,6.024347308017027,1,00-0033090,Hunter Henry,2024,7.025,73.1
00-0033885,David Njoku,TE,6.024347308017027,2,00-0033090,Hunter Henry,2023,7.607692307692308,69.1
00-0033885,David Njoku,TE,6.024347308017027,3,00-0033895,Gerald Everett,2024,0.76,68.6
00-0037809,Chig Okonkwo,TE,5.819158933526976,1,00-0034270,Tyler Conklin,2022,6.029411764705882,81.6
00-0037809,Chig Okonkwo,TE,5.819158933526976,2,00-0034270,Tyler Conklin,2023,5.447058823529411,79.6
00-0037809,Chig Okonkwo,TE,5.819158933526976,3,00-0033858,Jonnu Smith,2021,3.3375000000000004,78.7
00-0035229,T.J. Hockenson,TE,5.729767645036527,1,00-0033090,Hunter Henry,2023,7.607692307692308,84.3
00-0035229,T.J. Hockenson,TE,5.729767645036527,2,00-0033090,Hunter Henry,2024,7.025,82.9
00-0035229,T.J. Hockenson,TE,5.729767645036527,3,00-0033090,Hunter Henry,2022,5.2125,73.7
00-0039793,AJ Barner,TE,5.717904553812658,1,00-0038996,Tucker Kraft,2025,12.65,65.1
00-0039793,AJ Barner,TE,5.717904553812658,2,00-0036290,Cole Kmet,2023,9.0375,62.5
00-0039793,AJ Barner,TE,5.717904553812658,3,00-0038129,Cade Otton,2024,7.935714285714285,62
00-0037112,Jake Tonges,TE,5.672766353653109,1,00-0036040,Juwan Johnson,2024,6.5200000000000005,77.3
00-0037112,Jake Tonges,TE,5.672766353653109,2,00-0033387,Jacob Hollister,2020,4.107692307692308,72.3
00-0037112,Jake Tonges,TE,5.672766353653109,3,00-0033387,Jacob Hollister,2021,2.2857142857142856,70.2
00-0033881,Evan Engram,TE,5.464664594325034,1,00-0024221,Vernon Davis,2016,6.153333333333334,66.3
00-0033881,Evan Engram,TE,5.464664594325034,2,00-0033895,Gerald Everett,2024,0.76,64.7
00-0033881,Evan Engram,TE,5.464664594325034,3,00-0024221,Vernon Davis,2017,6.26875,64.2
00-0040736,Mason Taylor,TE,5.285006564452149,1,00-0035229,T.J. Hockenson,2020,8.8625,77.2
00-0040736,Mason Taylor,TE,5.285006564452149,2,00-0032392,Austin Hooper,2018,7.96875,74.3
00-0040736,Mason Taylor,TE,5.285006564452149,3,00-0035644,Noah Fant,2020,8.45,72.4
00-0033858,Jonnu Smith,TE,5.166235221358232,1,00-0033895,Gerald Everett,2024,0.76,57
00-0033858,Jonnu Smith,TE,5.166235221358232,2,00-0028112,Charles Clay,2019,2.58,52.3
00-0033858,Jonnu Smith,TE,5.166235221358232,3,00-0033895,Gerald Everett,2022,7.366666666666666,52.2
00-0033110,Tyler Higbee,TE,5.119183908563112,1,00-0027981,Kyle Rudolph,2021,3.1133333333333337,75.4
00-0033110,Tyler Higbee,TE,5.119183908563112,2,00-0027981,Kyle Rudolph,2022,2.06,70
00-0033110,Tyler Higbee,TE,5.119183908563112,3,00-0031260,Logan Thomas,2023,6.20625,66.4
00-0036244,Colby Parkinson,TE,5.09598150997113,1,00-0033110,Tyler Higbee,2021,7.766666666666667,72.6
00-0036244,Colby Parkinson,TE,5.09598150997113,2,00-0030108,Ryan Griffin,2018,3.269230769230769,67.9
00-0036244,Colby Parkinson,TE,5.09598150997113,3,00-0030108,Ryan Griffin,2019,6.230769230769231,67.8
00-0034829,Mike Gesicki,TE,4.532054047921408,1,00-0027061,Jared Cook,2017,6.6125,69.8
00-0034829,Mike Gesicki,TE,4.532054047921408,2,00-0030549,Tyler Eifert,2020,4.326666666666667,69.6
00-0034829,Mike Gesicki,TE,4.532054047921408,3,00-0027981,Kyle Rudolph,2021,3.1133333333333337,69.4
00-0037838,Isaiah Likely,TE,4.484583012662177,1,00-0034981,Foster Moreau,2023,2.753846153846154,83.4
00-0037838,Isaiah Likely,TE,4.484583012662177,2,00-0034981,Foster Moreau,2022,5.05,81.2
00-0037838,Isaiah Likely,TE,4.484583012662177,3,00-0034981,Foster Moreau,2025,1.342857142857143,76.4
00-0040737,Terrance Ferguson,TE,4.4816778098681596,1,00-0038996,Tucker Kraft,2024,8.13529411764706,81.9
00-0040737,Terrance Ferguson,TE,4.4816778098681596,2,00-0034351,Dallas Goedert,2019,7.713333333333334,80.9
00-0040737,Terrance Ferguson,TE,4.4816778098681596,3,00-0032392,Austin Hooper,2017,5.94375,79.6
00-0036290,Cole Kmet,TE,4.436386054167456,1,00-0027873,Jermaine Gresham,2017,4.335714285714286,74.1
00-0036290,Cole Kmet,TE,4.436386054167456,2,00-0027873,Jermaine Gresham,2016,4.35,72.5
00-0036290,Cole Kmet,TE,4.436386054167456,3,00-0034829,Mike Gesicki,2023,3.3933333333333335,72.4
00-0035689,Dawson Knox,TE,4.320990590502065,1,00-0032392,Austin Hooper,2025,3.753846153846154,80.6
00-0035689,Dawson Knox,TE,4.320990590502065,2,00-0034981,Foster Moreau,2025,1.342857142857143,78.7
00-0035689,Dawson Knox,TE,4.320990590502065,3,00-0032392,Austin Hooper,2023,2.2437500000000004,78.3
00-0040584,Gunnar Helm,TE,4.29544102944569,1,00-0038129,Cade Otton,2023,5.588235294117647,87.6
00-0040584,Gunnar Helm,TE,4.29544102944569,2,00-0036422,Adam Trautman,2022,2.975,82.1
00-0040584,Gunnar Helm,TE,4.29544102944569,3,00-0038129,Cade Otton,2024,7.935714285714285,80
00-0035644,Noah Fant,TE,4.19127237453746,1,00-0034830,Hayden Hurst,2024,1.6142857142857143,78.3
00-0035644,Noah Fant,TE,4.19127237453746,2,00-0035689,Dawson Knox,2025,5.35625,76.3
00-0035644,Noah Fant,TE,4.19127237453746,3,00-0035689,Dawson Knox,2024,3.435714285714286,74.5
00-0037252,Greg Dulcich,TE,4.168921521036759,1,00-0037005,Tommy Tremble,2025,3.3600000000000003,77.4
00-0037252,Greg Dulcich,TE,4.168921521036759,2,00-0034981,Foster Moreau,2023,2.753846153846154,75.9
00-0037252,Greg Dulcich,TE,4.168921521036759,3,00-0034981,Foster Moreau,2022,5.05,74.7
00-0032392,Austin Hooper,TE,3.964678622119127,1,00-0024268,Anthony Fasano,2016,2.025,78.2
00-0032392,Austin Hooper,TE,3.964678622119127,2,00-0025549,Brent Celek,2017,2.125,73.8
00-0032392,Austin Hooper,TE,3.964678622119127,3,00-0025549,Brent Celek,2016,2.25,72.4
00-0039066,Michael Mayer,TE,3.9396142549937303,1,00-0030470,Vance McDonald,2016,7.51,84.5
00-0039066,Michael Mayer,TE,3.9396142549937303,2,00-0035631,Drew Sample,2021,1.36,74.8
00-0039066,Michael Mayer,TE,3.9396142549937303,3,00-0038935,Brenton Strange,2025,7.916666666666667,74
00-0041395,Eli Raridon,TE,3.833152728623185,1,00-0034829,Mike Gesicki,2018,2.085714285714286,87.5
00-0041395,Eli Raridon,TE,3.833152728623185,2,00-0039793,AJ Barner,2024,4.233333333333333,85.9
00-0041395,Eli Raridon,TE,3.833152728623185,3,00-0037078,Cole Turner,2022,0.4714285714285715,84
00-0041077,Justin Joly,TE,3.768850671943499,1,00-0036637,Noah Gray,2021,1.8714285714285712,96.4
00-0041077,Justin Joly,TE,3.768850671943499,2,00-0037809,Chig Okonkwo,2022,5.075,90.7
00-0041077,Justin Joly,TE,3.768850671943499,3,00-0034270,Tyler Conklin,2018,2.55,88.9
00-0035249,Josh Oliver,TE,3.735019487445765,1,00-0036422,Adam Trautman,2025,2.730769230769231,79.2
00-0035249,Josh Oliver,TE,3.735019487445765,2,00-0032214,Tyler Kroft,2021,3.477777777777778,78.1
00-0035249,Josh Oliver,TE,3.735019487445765,3,00-0028042,Luke Stocker,2019,0.775,78
00-0039356,Ja'Tavion Sanders,TE,3.701978123153447,1,00-0037005,Tommy Tremble,2023,3.26,86.9
00-0039356,Ja'Tavion Sanders,TE,3.701978123153447,2,00-0037005,Tommy Tremble,2024,4.49,84.8
00-0039356,Ja'Tavion Sanders,TE,3.701978123153447,3,00-0032392,Austin Hooper,2017,5.94375,82
00-0041558,Sam Roush,TE,3.6334225773398248,1,00-0039737,Tip Reiman,2024,0.8375,90.8
00-0041558,Sam Roush,TE,3.6334225773398248,2,00-0033559,Michael Roberts,2017,1.1,85.9
00-0041558,Sam Roush,TE,3.6334225773398248,3,00-0035631,Drew Sample,2019,1.1,84.6
00-0038558,Darnell Washington,TE,3.619120455659473,1,00-0036244,Colby Parkinson,2023,3.28,81.8
00-0038558,Darnell Washington,TE,3.619120455659473,2,00-0036244,Colby Parkinson,2024,3.1500000000000004,76.5
00-0038558,Darnell Washington,TE,3.619120455659473,3,00-0036244,Colby Parkinson,2025,7.735714285714287,76.1
00-0034270,Tyler Conklin,TE,3.4520330819667193,1,00-0027135,Brandon Myers,2016,1.7399999999999998,76.3
00-0034270,Tyler Conklin,TE,3.4520330819667193,2,00-0025549,Brent Celek,2017,2.125,73.1
00-0034270,Tyler Conklin,TE,3.4520330819667193,3,00-0031585,MyCole Pruitt,2022,4.7,73
00-0041483,Eli Stowers,TE,3.431387178498645,1,00-0039912,Ben Sinnott,2024,1.6142857142857143,84.9
00-0041483,Eli Stowers,TE,3.431387178498645,2,00-0037744,Trey McBride,2022,3.9166666666666665,84.7
00-0041483,Eli Stowers,TE,3.431387178498645,3,00-0037252,Greg Dulcich,2022,6.959999999999999,84.5
00-0037005,Tommy Tremble,TE,3.3546603448920864,1,00-0034798,Durham Smythe,2022,2.5,80.8
00-0037005,Tommy Tremble,TE,3.3546603448920864,2,00-0033885,David Njoku,2021,5.973333333333333,77.9
00-0037005,Tommy Tremble,TE,3.3546603448920864,3,00-0034981,Foster Moreau,2024,5.456250000000001,76.8
00-0041041,Oscar Delp,TE,3.3241918656040337,1,00-0038129,Cade Otton,2022,4.50625,90.9
00-0041041,Oscar Delp,TE,3.3241918656040337,2,00-0034753,Mark Andrews,2018,5.6375,88.8
00-0041041,Oscar Delp,TE,3.3241918656040337,3,00-0040584,Gunnar Helm,2025,4.35625,86.3
00-0041510,Max Klare,TE,3.3241918656040337,1,00-0037744,Trey McBride,2022,3.9166666666666665,96.8
00-0041510,Max Klare,TE,3.3241918656040337,2,00-0037252,Greg Dulcich,2022,6.959999999999999,92.6
00-0041510,Max Klare,TE,3.3241918656040337,3,00-0039912,Ben Sinnott,2024,1.6142857142857143,92.4
00-0040194,Jackson Hawes,TE,3.226653199522985,1,00-0039359,Cade Stover,2025,2.316666666666667,79.4
00-0040194,Jackson Hawes,TE,3.226653199522985,2,00-0034981,Foster Moreau,2021,4.686666666666667,78.4
00-0040194,Jackson Hawes,TE,3.226653199522985,3,00-0032429,Jerell Adams,2017,1.4666666666666668,78.2
00-0036637,Noah Gray,TE,3.196983036622981,1,00-0036876,Kylen Granson,2025,0.625,84
00-0036637,Noah Gray,TE,3.196983036622981,2,00-0034270,Tyler Conklin,2021,6.341176470588236,75.8
00-0036637,Noah Gray,TE,3.196983036622981,3,00-0027725,Clay Harbor,2016,0.8500000000000001,75.2
00-0038115,Daniel Bellinger,TE,3.178198085225885,1,00-0033110,Tyler Higbee,2019,8.992857142857144,87
00-0038115,Daniel Bellinger,TE,3.178198085225885,2,00-0032394,Nick Vannett,2020,2.0454545454545454,79.2
00-0038115,Daniel Bellinger,TE,3.178198085225885,3,00-0036628,John Bates,2024,0.8,78.9
00-0041116,Jack Endries,TE,3.1410341300228337,1,00-0036429,Charlie Woerner,2020,1.275,86.8
00-0041116,Jack Endries,TE,3.1410341300228337,2,00-0034988,Kaden Smith,2019,8.614285714285714,86.7
00-0041116,Jack Endries,TE,3.1410341300228337,3,00-0033611,Ricky Seals-Jones,2017,5.5125,82
00-0041472,Marlin Klein,TE,3.0885230635476137,1,00-0034829,Mike Gesicki,2018,2.085714285714286,89.2
00-0041472,Marlin Klein,TE,3.0885230635476137,2,00-0039144,Luke Musgrave,2023,5.290909090909091,86.7
00-0041472,Marlin Klein,TE,3.0885230635476137,3,00-0033879,O.J. Howard,2017,6.7846153846153845,86
00-0040739,Elijah Arroyo,TE,3.074878907194179,1,00-0034829,Mike Gesicki,2019,7.366666666666666,80.2
00-0040739,Elijah Arroyo,TE,3.074878907194179,2,00-0037805,Jeremy Ruckert,2024,1.3928571428571428,79
00-0040739,Elijah Arroyo,TE,3.074878907194179,3,00-0034383,Dalton Schultz,2019,0.18333333333333335,76.1
00-0041524,Will Kacmarek,TE,3.04697248558014,1,00-0039847,Theo Johnson,2024,4.872727272727273,91.9
00-0041524,Will Kacmarek,TE,3.04697248558014,2,00-0036628,John Bates,2021,3.4083333333333337,86.3
00-0041524,Will Kacmarek,TE,3.04697248558014,3,00-0033110,Tyler Higbee,2016,1.6666666666666667,82.6
00-0036754,Brock Wright,TE,3.014848064489448,1,00-0030216,Josh Hill,2017,1.8083333333333331,84.9
00-0036754,Brock Wright,TE,3.014848064489448,2,00-0028903,Garrett Celek,2016,4.678571428571429,83.1
00-0036754,Brock Wright,TE,3.014848064489448,3,00-0030216,Josh Hill,2018,2.7083333333333335,81.2
00-0039074,Davis Allen,TE,2.9057757010584155,1,00-0036628,John Bates,2023,1.64,79.9
00-0039074,Davis Allen,TE,2.9057757010584155,2,00-0036628,John Bates,2024,0.8,79.5
00-0039074,Davis Allen,TE,2.9057757010584155,3,00-0033110,Tyler Higbee,2019,8.992857142857144,78.6
00-0036422,Adam Trautman,TE,2.8845919968705793,1,00-0029587,Rhett Ellison,2018,3.6692307692307695,86.7
00-0036422,Adam Trautman,TE,2.8845919968705793,2,00-0030089,Luke Willson,2019,1.7,83.9
00-0036422,Adam Trautman,TE,2.8845919968705793,3,00-0030089,Luke Willson,2018,1.52,82.4
00-0039144,Luke Musgrave,TE,2.8579154347572984,1,00-0033110,Tyler Higbee,2019,8.992857142857144,81.1
00-0039144,Luke Musgrave,TE,2.8579154347572984,2,00-0038547,Luke Schoonmaker,2025,1.442857142857143,77.5
00-0039144,Luke Musgrave,TE,2.8579154347572984,3,00-0033110,Tyler Higbee,2018,3.8,76.4
00-0041084,Tanner Koziol,TE,2.8192573911248977,1,00-0038589,Josh Whyle,2023,2.211111111111111,88.8
00-0041084,Tanner Koziol,TE,2.8192573911248977,2,00-0039074,Davis Allen,2023,2.9285714285714284,78.9
00-0041084,Tanner Koziol,TE,2.8192573911248977,3,00-0039793,AJ Barner,2024,4.233333333333333,78.8
00-0039912,Ben Sinnott,TE,2.7968587697058815,1,00-0037011,Tre' McKitty,2022,0.9384615384615383,80.3
00-0039912,Ben Sinnott,TE,2.7968587697058815,2,00-0031558,Maxx Williams,2018,2.91,77.9
00-0039912,Ben Sinnott,TE,2.7968587697058815,3,00-0038935,Brenton Strange,2024,5.078571428571428,77.8
00-0039041,Elijah Higgins,TE,2.788018883026626,1,00-0036637,Noah Gray,2024,5.831250000000001,81.4
00-0039041,Elijah Higgins,TE,2.788018883026626,2,00-0036637,Noah Gray,2023,3.5375,80.1
00-0039041,Elijah Higgins,TE,2.788018883026626,3,00-0037086,Grant Calcaterra,2025,2.011111111111111,76.7
00-0041577,Connor Hulstein,TE,2.785395260485942,1,00-0032745,Alan Cross,2016,1.1636363636363638,0
00-0041577,Connor Hulstein,TE,2.785395260485942,2,00-0032745,Alan Cross,2017,1.66,0
00-0041577,Connor Hulstein,TE,2.785395260485942,3,00-0032745,Alan Cross,2018,0.31666666666666665,0
00-0037004,Hunter Long,TE,2.784015901256189,1,00-0028042,Luke Stocker,2016,0.8000000000000002,85.1
00-0037004,Hunter Long,TE,2.784015901256189,2,00-0035631,Drew Sample,2024,2.409090909090909,80.4
00-0037004,Hunter Long,TE,2.784015901256189,3,00-0029587,Rhett Ellison,2016,1.481818181818182,80.1
00-0040187,Mitchell Evans,TE,2.7757016164957493,1,00-0032429,Jerell Adams,2017,1.4666666666666668,83.5
00-0040187,Mitchell Evans,TE,2.7757016164957493,2,00-0039050,Payne Durham,2025,0.2,79.2
00-0040187,Mitchell Evans,TE,2.7757016164957493,3,00-0032139,Ben Koyack,2017,1.3833333333333335,78.9
00-0034981,Foster Moreau,TE,2.6522791388375873,1,00-0034798,Durham Smythe,2025,0.6428571428571429,81.4
00-0034981,Foster Moreau,TE,2.6522791388375873,2,00-0027675,Ed Dickson,2017,4.621428571428572,75.9
00-0034981,Foster Moreau,TE,2.6522791388375873,3,00-0030089,Luke Willson,2019,1.7,75.8
00-0037805,Jeremy Ruckert,TE,2.611982782001556,1,00-0036422,Adam Trautman,2024,2.869230769230769,79.9
00-0037805,Jeremy Ruckert,TE,2.611982782001556,2,00-0034798,Durham Smythe,2021,3.3125,79.2
00-0037805,Jeremy Ruckert,TE,2.611982782001556,3,00-0036422,Adam Trautman,2023,3.0875000000000004,79
00-0041503,Nate Boerkircher,TE,2.5825352126031964,1,00-0038547,Luke Schoonmaker,2023,1.875,89.2
00-0041503,Nate Boerkircher,TE,2.5825352126031964,2,00-0038129,Cade Otton,2022,4.50625,83.4
00-0041503,Nate Boerkircher,TE,2.5825352126031964,3,00-0034830,Hayden Hurst,2018,3.2,81.3
00-0038046,Charlie Kolar,TE,2.5682885073145107,1,00-0032394,Nick Vannett,2020,2.0454545454545454,79.9
00-0038046,Charlie Kolar,TE,2.5682885073145107,2,00-0028097,Lee Smith,2016,1.475,77.6
00-0038046,Charlie Kolar,TE,2.5682885073145107,3,00-0032134,C.J. Uzomah,2018,5.2125,77.6
00-0038589,Josh Whyle,TE,2.557024642393047,1,00-0032062,Blake Bell,2018,1.3375,79.8
00-0038589,Josh Whyle,TE,2.557024642393047,2,00-0034393,Troy Fumagalli,2020,2.5714285714285716,77.7
00-0038589,Josh Whyle,TE,2.557024642393047,3,00-0032062,Blake Bell,2019,0.7642857142857142,76.7
00-0040879,Matthew Hibner,TE,2.4959423592704044,1,00-0039359,Cade Stover,2024,1.9142857142857144,96.9
00-0040879,Matthew Hibner,TE,2.4959423592704044,2,00-0033288,George Kittle,2017,5.666666666666667,94.1
00-0040879,Matthew Hibner,TE,2.4959423592704044,3,00-0040194,Jackson Hawes,2025,3.4384615384615387,89.6
00-0038547,Luke Schoonmaker,TE,2.4369373278748196,1,00-0029587,Rhett Ellison,2016,1.481818181818182,80
00-0038547,Luke Schoonmaker,TE,2.4369373278748196,2,00-0028042,Luke Stocker,2016,0.8000000000000002,78.9
00-0038547,Luke Schoonmaker,TE,2.4369373278748196,3,00-0036422,Adam Trautman,2025,2.730769230769231,77.9
00-0035631,Drew Sample,TE,2.3667483352849334,1,00-0028042,Luke Stocker,2018,3,78.1
00-0035631,Drew Sample,TE,2.3667483352849334,2,00-0028042,Luke Stocker,2019,0.775,76.8
00-0035631,Drew Sample,TE,2.3667483352849334,3,00-0028042,Luke Stocker,2017,2.2,75.8
00-0034365,Ian Thomas,TE,2.355667283576443,1,00-0031585,MyCole Pruitt,2022,4.7,73.2
00-0034365,Ian Thomas,TE,2.355667283576443,2,00-0031585,MyCole Pruitt,2024,1.8571428571428572,73.1
00-0034365,Ian Thomas,TE,2.355667283576443,3,00-0031585,MyCole Pruitt,2021,4.15,72.8
00-0037086,Grant Calcaterra,TE,2.347856971000141,1,00-0031951,James O'Shaughnessy,2018,2.385714285714286,79.1
00-0037086,Grant Calcaterra,TE,2.347856971000141,2,00-0036424,Brycen Hopkins,2023,2.06,77.2
00-0037086,Grant Calcaterra,TE,2.347856971000141,3,00-0034798,Durham Smythe,2023,4.161538461538462,74.6
00-0038783,Nate Adkins,TE,2.3261879532637866,1,00-0035572,Parker Hesse,2022,1.1166666666666667,91.6
00-0038783,Nate Adkins,TE,2.3261879532637866,2,00-0032986,J.P. Holtz,2020,0,85.1
00-0038783,Nate Adkins,TE,2.3261879532637866,3,00-0033258,Darrell Daniels,2021,0.05,83.1
00-0033217,Mo Alie-Cox,TE,2.3174934051034852,1,00-0028142,Virgil Green,2020,2.5,67.6
00-0033217,Mo Alie-Cox,TE,2.3174934051034852,2,00-0032141,Geoff Swaim,2023,1.8,67.3
00-0033217,Mo Alie-Cox,TE,2.3174934051034852,3,00-0027215,Logan Paulsen,2018,2.45,67.1
00-0040901,Jaren Kanak,TE,2.316929246966746,1,00-0039420,Jaheim Bell,2024,0.75,84.5
00-0040901,Jaren Kanak,TE,2.316929246966746,2,00-0032745,Alan Cross,2016,1.1636363636363638,76.3
00-0040901,Jaren Kanak,TE,2.316929246966746,3,00-0035562,Jesper Horsted,2019,3.7400000000000007,76
00-0039359,Cade Stover,TE,2.3148323592053757,1,00-0031558,Maxx Williams,2019,2.5923076923076924,70
00-0039359,Cade Stover,TE,2.3148323592053757,2,00-0031558,Maxx Williams,2018,2.91,67
00-0039359,Cade Stover,TE,2.3148323592053757,3,00-0034798,Durham Smythe,2023,4.161538461538462,63
00-0033246,Johnny Mundt,TE,2.2748583164009557,1,00-0032725,Stephen Anderson,2022,0.26666666666666666,69
00-0033246,Johnny Mundt,TE,2.2748583164009557,2,00-0029119,Derek Carrier,2019,2.363636363636364,68.2
00-0033246,Johnny Mundt,TE,2.2748583164009557,3,00-0034073,Ross Dwelley,2025,0.425,67.7
00-0040887,Josh Cuevas,TE,2.2366254126409517,1,00-0034270,Tyler Conklin,2018,2.55,92.6
00-0040887,Josh Cuevas,TE,2.2366254126409517,2,00-0033080,Seth DeValve,2016,3.7125,91.4
00-0040887,Josh Cuevas,TE,2.2366254126409517,3,00-0039041,Elijah Higgins,2023,2.6636363636363636,90.1
00-0040244,Moliki Matavao,TE,2.2250285544721673,1,00-0039530,Brevyn Spann-Ford,2025,1.21875,76.1
00-0040244,Moliki Matavao,TE,2.2250285544721673,2,00-0037311,Ko Kieft,2023,0.67,72.6
00-0040244,Moliki Matavao,TE,2.2250285544721673,3,00-0037539,Lucas Krull,2024,2.47,72.2
00-0038720,Julian Hill,TE,2.2142348792822077,1,00-0035771,Mitchell Wilcox,2023,0.8416666666666668,88.9
00-0038720,Julian Hill,TE,2.2142348792822077,2,00-0036741,Jack Stoll,2023,1.05,86.8
00-0038720,Julian Hill,TE,2.2142348792822077,3,00-0030780,Ryan Hewitt,2016,0.575,83
00-0036628,John Bates,TE,2.2107242436025003,1,00-0032394,Nick Vannett,2021,3.4,90.9
00-0036628,John Bates,TE,2.2107242436025003,2,00-0032062,Blake Bell,2020,1.518181818181818,85.1
00-0036628,John Bates,TE,2.2107242436025003,3,00-0032062,Blake Bell,2019,0.7642857142857142,84.9
00-0041398,Riley Nowakowski,TE,2.182809927244826,1,00-0033080,Seth DeValve,2016,3.7125,78.7
00-0041398,Riley Nowakowski,TE,2.182809927244826,2,00-0034270,Tyler Conklin,2018,2.55,78.6
00-0041398,Riley Nowakowski,TE,2.182809927244826,3,00-0039041,Elijah Higgins,2023,2.6636363636363636,77.4
00-0041087,Joe Royer,TE,2.172301413445477,1,00-0036887,Luke Farrell,2021,1.1375000000000002,90.1
00-0041087,Joe Royer,TE,2.172301413445477,2,00-0038041,Jake Ferguson,2022,3.536363636363637,86.9
00-0041087,Joe Royer,TE,2.172301413445477,3,00-0036429,Charlie Woerner,2020,1.275,85.8
00-0041579,Seydou Traore,TE,2.101994667258916,1,00-0038394,Will Mallory,2023,2.7,86.6
00-0041579,Seydou Traore,TE,2.101994667258916,2,00-0037086,Grant Calcaterra,2022,1.7666666666666666,84.6
00-0041579,Seydou Traore,TE,2.101994667258916,3,00-0037838,Isaiah Likely,2022,5.235714285714287,78.2
00-0041094,Bauer Sharp,TE,2.091284062253613,1,00-0036429,Charlie Woerner,2020,1.275,95.7
00-0041094,Bauer Sharp,TE,2.091284062253613,2,00-0034988,Kaden Smith,2019,8.614285714285714,92.3
00-0041094,Bauer Sharp,TE,2.091284062253613,3,00-0036887,Luke Farrell,2021,1.1375000000000002,89.6
00-0040363,Keleki Latu,TE,2.073826256679415,1,00-0031484,Chris Manhertz,2017,0.54,77.7
00-0040363,Keleki Latu,TE,2.073826256679415,2,00-0038809,Ben Sims,2024,1.55,76.7
00-0040363,Keleki Latu,TE,2.073826256679415,3,00-0032098,Daniel Brown,2016,4.3999999999999995,75.8
00-0036887,Luke Farrell,TE,2.030607161961057,1,00-0033576,Eric Saubert,2022,2.0214285714285714,88.9
00-0036887,Luke Farrell,TE,2.030607161961057,2,00-0029587,Rhett Ellison,2017,3.392857142857143,86.6
00-0036887,Luke Farrell,TE,2.030607161961057,3,00-0028042,Luke Stocker,2016,0.8000000000000002,86.1
00-0041131,Carsen Ryan,TE,2.0020477696185353,1,00-0032508,Hakeem Valles,2016,0,86.9
00-0041131,Carsen Ryan,TE,2.0020477696185353,2,00-0032661,Ben Braunecker,2016,1.0166666666666668,86.1
00-0041131,Carsen Ryan,TE,2.0020477696185353,3,00-0038783,Nate Adkins,2023,0.8400000000000001,85.1
00-0038809,Ben Sims,TE,1.965058252372583,1,00-0035345,Chris Myarick,2022,1.6,85.6
00-0038809,Ben Sims,TE,1.965058252372583,2,00-0036032,Sean McKeon,2023,0,83.3
00-0038809,Ben Sims,TE,1.965058252372583,3,00-0036754,Brock Wright,2024,2.590909090909091,80.6
00-0038394,Will Mallory,TE,1.9278487751982265,1,00-0036424,Brycen Hopkins,2023,2.06,85.2
00-0038394,Will Mallory,TE,1.9278487751982265,2,00-0036424,Brycen Hopkins,2022,2.0571428571428574,81.7
00-0038394,Will Mallory,TE,1.9278487751982265,3,00-0037086,Grant Calcaterra,2024,3.1866666666666665,81
00-0040955,John Michael Gyllenborg,TE,1.847061787744605,1,00-0038809,Ben Sims,2023,1.6833333333333331,93.7
00-0040955,John Michael Gyllenborg,TE,1.847061787744605,2,00-0039631,Cam Grandy,2024,1.3250000000000002,89.9
00-0040955,John Michael Gyllenborg,TE,1.847061787744605,3,00-0036754,Brock Wright,2021,3.7125,85.8
00-0041366,Jameson Geers,TE,1.847061787744605,1,00-0038809,Ben Sims,2023,1.6833333333333331,96.6
00-0041366,Jameson Geers,TE,1.847061787744605,2,00-0039631,Cam Grandy,2024,1.3250000000000002,89.9
00-0041366,Jameson Geers,TE,1.847061787744605,3,00-0036754,Brock Wright,2021,3.7125,88.8
00-0039737,Tip Reiman,TE,1.7877035979465812,1,00-0033559,Michael Roberts,2018,4.0625,82.2
00-0039737,Tip Reiman,TE,1.7877035979465812,2,00-0035249,Josh Oliver,2022,2.8249999999999997,82.2
00-0039737,Tip Reiman,TE,1.7877035979465812,3,00-0031302,C.J. Fiedorowicz,2016,7.126666666666667,79.1
00-0041314,Tanner Arkin,TE,1.7601920153018882,1,00-0040058,Nick Kallerup,2025,0,80.4
00-0041314,Tanner Arkin,TE,1.7601920153018882,2,00-0037569,Peyton Hendershot,2022,2.8333333333333335,77.8
00-0041314,Tanner Arkin,TE,1.7601920153018882,3,00-0033258,Darrell Daniels,2017,0.5857142857142856,75.4
00-0041170,Hayden Large,TE,1.7496835015025392,1,00-0040509,Ben Yurosek,2025,0.4000000000000001,92.3
00-0041170,Hayden Large,TE,1.7496835015025392,2,00-0036741,Jack Stoll,2021,0.7000000000000001,90.9
00-0041170,Hayden Large,TE,1.7496835015025392,3,00-0038720,Julian Hill,2023,0.5800000000000001,90.2
00-0040938,DJ Rogers,TE,1.71132188794331,1,00-0037569,Peyton Hendershot,2022,2.8333333333333335,86.5
00-0040938,DJ Rogers,TE,1.71132188794331,2,00-0040509,Ben Yurosek,2025,0.4000000000000001,82.6
00-0040938,DJ Rogers,TE,1.71132188794331,3,00-0039648,David Martin-Robinson,2024,0.275,81.6
00-0039050,Payne Durham,TE,1.6925052229816206,1,00-0033528,Jeremy Sprinkle,2021,0.7666666666666666,87.4
00-0039050,Payne Durham,TE,1.6925052229816206,2,00-0036429,Charlie Woerner,2023,0.47,84.5
00-0039050,Payne Durham,TE,1.6925052229816206,3,00-0033528,Jeremy Sprinkle,2019,2.69375,82.6
00-0037755,Jelani Woods,TE,1.651378643870991,1,00-0032214,Tyler Kroft,2020,5.128571428571428,76
00-0037755,Jelani Woods,TE,1.651378643870991,2,00-0032062,Blake Bell,2019,0.7642857142857142,75.9
00-0037755,Jelani Woods,TE,1.651378643870991,3,00-0032062,Blake Bell,2018,1.3375,75.8
00-0041133,Dallen Bentley,TE,1.637754900516437,1,00-0040509,Ben Yurosek,2025,0.4000000000000001,81.1
00-0041133,Dallen Bentley,TE,1.637754900516437,2,00-0037569,Peyton Hendershot,2022,2.8333333333333335,80.9
00-0041133,Dallen Bentley,TE,1.637754900516437,3,00-0040194,Jackson Hawes,2025,3.4384615384615387,80.6
00-0040853,Carson Towt,TE,1.637754900516437,1,00-0033421,Antony Auclair,2017,0.875,78
00-0040853,Carson Towt,TE,1.637754900516437,2,00-0038589,Josh Whyle,2023,2.211111111111111,67.6
00-0040853,Carson Towt,TE,1.637754900516437,3,00-0039631,Cam Grandy,2024,1.3250000000000002,67.6
00-0041180,Quentin Moore,TE,1.637754900516437,1,00-0040058,Nick Kallerup,2025,0,83.2
00-0041180,Quentin Moore,TE,1.637754900516437,2,00-0039631,Cam Grandy,2024,1.3250000000000002,83
00-0041180,Quentin Moore,TE,1.637754900516437,3,00-0039530,Brevyn Spann-Ford,2024,1.2090909090909092,78.2
00-0033757,Robert Tonyan,TE,1.6279990042353207,1,00-0034073,Ross Dwelley,2025,0.425,77.6
00-0033757,Robert Tonyan,TE,1.6279990042353207,2,00-0031484,Chris Manhertz,2024,1.3125,73.9
00-0033757,Robert Tonyan,TE,1.6279990042353207,3,00-0033439,Pharaoh Brown,2025,0.22000000000000003,72
00-0036590,Quintin Morris,TE,1.5598595638333277,1,00-0032986,J.P. Holtz,2020,0,77.3
00-0036590,Quintin Morris,TE,1.5598595638333277,2,00-0035572,Parker Hesse,2022,1.1166666666666667,75.4
00-0036590,Quintin Morris,TE,1.5598595638333277,3,00-0032986,J.P. Holtz,2021,0,75.1
00-0037292,Andrew Ogletree,TE,1.5150936374039496,1,00-0033576,Eric Saubert,2021,1.47,87.6
00-0037292,Andrew Ogletree,TE,1.5150936374039496,2,00-0033528,Jeremy Sprinkle,2021,0.7666666666666666,86.9
00-0037292,Andrew Ogletree,TE,1.5150936374039496,3,00-0036429,Charlie Woerner,2025,1.2571428571428571,85.6
00-0036876,Kylen Granson,TE,1.4890179144717557,1,00-0036332,Josiah Deguara,2025,1.3714285714285714,79
00-0036876,Kylen Granson,TE,1.4890179144717557,2,00-0036332,Josiah Deguara,2024,0.4142857142857143,77.8
00-0036876,Kylen Granson,TE,1.4890179144717557,3,00-0033080,Seth DeValve,2019,2.857142857142857,74
00-0039530,Brevyn Spann-Ford,TE,1.480751245621245,1,00-0031690,Eric Tomlinson,2018,0.9333333333333332,82.8
00-0039530,Brevyn Spann-Ford,TE,1.480751245621245,2,00-0030181,Jack Doyle,2016,7.24375,78
00-0039530,Brevyn Spann-Ford,TE,1.480751245621245,3,00-0033217,Mo Alie-Cox,2020,4.635714285714286,77.3
00-0033576,Eric Saubert,TE,1.473226253031965,1,00-0028142,Virgil Green,2020,2.5,84.2
00-0033576,Eric Saubert,TE,1.473226253031965,2,00-0028042,Luke Stocker,2020,0.890909090909091,82.8
00-0033576,Eric Saubert,TE,1.473226253031965,3,00-0028042,Luke Stocker,2021,0.3666666666666667,81.2
00-0036429,Charlie Woerner,TE,1.4633596351750804,1,00-0033576,Eric Saubert,2022,2.0214285714285714,87.8
00-0036429,Charlie Woerner,TE,1.4633596351750804,2,00-0027139,John Phillips,2016,2.022222222222222,83.6
00-0036429,Charlie Woerner,TE,1.4633596351750804,3,00-0033576,Eric Saubert,2024,1.7666666666666668,83.5
00-0039824,Jared Wiley,TE,1.404493579066495,1,00-0032394,Nick Vannett,2017,2.44,77.8
00-0039824,Jared Wiley,TE,1.404493579066495,2,00-0032062,Blake Bell,2018,1.3375,75.6
00-0039824,Jared Wiley,TE,1.404493579066495,3,00-0037292,Andrew Ogletree,2023,2.8363636363636364,75.3
00-0034798,Durham Smythe,TE,1.3164379800896873,1,00-0027675,Ed Dickson,2017,4.621428571428572,76.5
00-0034798,Durham Smythe,TE,1.3164379800896873,2,00-0033576,Eric Saubert,2024,1.7666666666666668,76.4
00-0034798,Durham Smythe,TE,1.3164379800896873,3,00-0028042,Luke Stocker,2020,0.890909090909091,76.1
00-0039648,David Martin-Robinson,TE,1.2517049131803668,1,00-0033258,Darrell Daniels,2020,2.1333333333333337,87.5
00-0039648,David Martin-Robinson,TE,1.2517049131803668,2,00-0035572,Parker Hesse,2021,1.7,85.6
00-0039648,David Martin-Robinson,TE,1.2517049131803668,3,00-0032986,J.P. Holtz,2019,1.575,85.6
00-0038710,Blake Whiteheart,TE,1.2320256256047473,1,00-0034193,Kevin Rader,2022,0,88.9
00-0038710,Blake Whiteheart,TE,1.2320256256047473,2,00-0030780,Ryan Hewitt,2017,0.8,88
00-0038710,Blake Whiteheart,TE,1.2320256256047473,3,00-0035771,Mitchell Wilcox,2022,3.155555555555555,87.9
00-0040488,Carter Runyon,TE,1.1905718376577583,1,00-0037451,Rod Williams,2023,0,86.6
00-0040488,Carter Runyon,TE,1.1905718376577583,2,00-0038643,Brayden Willis,2024,0,83.4
00-0040488,Carter Runyon,TE,1.1905718376577583,3,00-0038643,Brayden Willis,2025,0,81.7
00-0031484,Chris Manhertz,TE,1.1888553586390989,1,00-0031690,Eric Tomlinson,2024,0.38,71.8
00-0031484,Chris Manhertz,TE,1.1888553586390989,2,00-0028142,Virgil Green,2020,2.5,64.3
00-0031484,Chris Manhertz,TE,1.1888553586390989,3,00-0033439,Pharaoh Brown,2025,0.22000000000000003,62.2
00-0038564,Cameron Latu,TE,1.1839358775978086,1,00-0037004,Hunter Long,2024,0.8636363636363636,80.7
00-0038564,Cameron Latu,TE,1.1839358775978086,2,00-0034383,Dalton Schultz,2020,7.1875,77.3
00-0038564,Cameron Latu,TE,1.1839358775978086,3,00-0033576,Eric Saubert,2021,1.47,77.2
00-0040215,Gavin Bartholomew,TE,1.1769067165469018,1,00-0033576,Eric Saubert,2018,1.042857142857143,89.4
00-0040215,Gavin Bartholomew,TE,1.1769067165469018,2,00-0034439,Ryan Izzo,2019,3.4,84.7
00-0040215,Gavin Bartholomew,TE,1.1769067165469018,3,00-0032139,Ben Koyack,2016,3.16,82.4
00-0040225,Thomas Fidone II,TE,1.1769067165469018,1,00-0034439,Ryan Izzo,2019,3.4,81.3
00-0040225,Thomas Fidone II,TE,1.1769067165469018,2,00-0032139,Ben Koyack,2016,3.16,81.1
00-0040225,Thomas Fidone II,TE,1.1769067165469018,3,00-0034393,Troy Fumagalli,2019,2.1333333333333333,79.7
00-0040509,Ben Yurosek,TE,1.118684079252324,1,00-0036741,Jack Stoll,2022,1.977777777777778,88
00-0040509,Ben Yurosek,TE,1.118684079252324,2,00-0033246,Johnny Mundt,2019,0.7666666666666666,86.4
00-0040509,Ben Yurosek,TE,1.118684079252324,3,00-0038643,Brayden Willis,2024,0,84.9
00-0039814,Erick All,TE,1.1082352666793178,1,00-0037004,Hunter Long,2024,0.8636363636363636,88.2
00-0039814,Erick All,TE,1.1082352666793178,2,00-0032227,Jeff Heuerman,2016,3.1,82
00-0039814,Erick All,TE,1.1082352666793178,3,00-0033953,Jordan Leggett,2018,1.876923076923077,79.3
00-0040240,Caleb Lohner,TE,1.1029468244865557,1,00-0029740,Ifeanyi Momah,2016,1.2,77.7
00-0040240,Caleb Lohner,TE,1.1029468244865557,2,00-0034393,Troy Fumagalli,2019,2.1333333333333333,74.9
00-0040240,Caleb Lohner,TE,1.1029468244865557,3,00-0033421,Antony Auclair,2018,0.9222222222222224,73.2
00-0036556,Brevin Jordan,TE,1.0794579773341573,1,00-0032188,Vince Mayle,2017,0.5166666666666667,72.8
00-0036556,Brevin Jordan,TE,1.0794579773341573,2,00-0031951,James O'Shaughnessy,2017,1.74375,71.5
00-0036556,Brevin Jordan,TE,1.0794579773341573,3,00-0036332,Josiah Deguara,2025,1.3714285714285714,69.8
00-0037078,Cole Turner,TE,1.0584037671676405,1,00-0031610,Darren Waller,2018,3.15,78.7
00-0037078,Cole Turner,TE,1.0584037671676405,2,00-0038564,Cameron Latu,2025,0,74
00-0037078,Cole Turner,TE,1.0584037671676405,3,00-0033576,Eric Saubert,2021,1.47,73.6
00-0040390,Jackson Meeks,TE,1.0568339578784718,1,00-0032599,Josh Perkins,2018,1.5333333333333332,66
00-0040390,Jackson Meeks,TE,1.0568339578784718,2,00-0033357,Taysom Hill,2018,2.137333333333333,64.5
00-0040390,Jackson Meeks,TE,1.0568339578784718,3,00-0039686,Colson Yankoff,2025,0.27999999999999997,58.4
00-0040081,Jake Briningstool,TE,1.0547955792923978,1,00-0032319,Ross Travis,2016,0.6,80
00-0040081,Jake Briningstool,TE,1.0547955792923978,2,00-0034011,Dan Arnold,2018,3.857142857142857,79.6
00-0040081,Jake Briningstool,TE,1.0547955792923978,3,00-0034073,Ross Dwelley,2019,3.575,76.4
00-0040504,Bryson Nesbit,TE,1.0547955792923978,1,00-0034073,Ross Dwelley,2019,3.575,86.5
00-0040504,Bryson Nesbit,TE,1.0547955792923978,2,00-0034613,Tanner Hudson,2019,0.9,85.9
00-0040504,Bryson Nesbit,TE,1.0547955792923978,3,00-0037451,Rod Williams,2023,0,82.2
00-0039686,Colson Yankoff,TE,1.0330143761154091,1,00-0035547,Joseph Fortson,2021,4.8,91.5
00-0039686,Colson Yankoff,TE,1.0330143761154091,2,00-0037475,Stone Smartt,2023,2.25,78
00-0039686,Colson Yankoff,TE,1.0330143761154091,3,00-0032599,Josh Perkins,2018,1.5333333333333332,75.7
00-0037311,Ko Kieft,TE,1.0227346400967576,1,00-0029391,Sean McGrath,2016,0.3888888888888889,78.1
00-0037311,Ko Kieft,TE,1.0227346400967576,2,00-0029634,James Hanna,2017,1.6800000000000002,77.5
00-0037311,Ko Kieft,TE,1.0227346400967576,3,00-0029391,Sean McGrath,2017,1.32,75.8
00-0040598,Mark Redman,TE,0.9869256293917504,1,00-0036032,Sean McKeon,2021,2.1399999999999997,92.9
00-0040598,Mark Redman,TE,0.9869256293917504,2,00-0033658,Blake Jarwin,2018,4.7846153846153845,88.7
00-0040598,Mark Redman,TE,0.9869256293917504,3,00-0034439,Ryan Izzo,2019,3.4,86.7
00-0037031,Nikola Kalinic,TE,0.9705932210368308,1,00-0034193,Kevin Rader,2023,0.15714285714285717,85.9
00-0037031,Nikola Kalinic,TE,0.9705932210368308,2,00-0033095,Garrett Griffin,2021,1.1800000000000002,82.7
00-0037031,Nikola Kalinic,TE,0.9705932210368308,3,00-0033246,Johnny Mundt,2022,2.269230769230769,81.9
00-0038498,E.J. Jenkins,TE,0.9502687602752556,1,00-0034613,Tanner Hudson,2022,3.0333333333333337,80.3
00-0038498,E.J. Jenkins,TE,0.9502687602752556,2,00-0032098,Daniel Brown,2019,1.518181818181818,78.8
00-0038498,E.J. Jenkins,TE,0.9502687602752556,3,00-0031484,Chris Manhertz,2018,1.7428571428571429,77.4
00-0038145,Thomas Odukoya,TE,0.9290879255117968,1,00-0033421,Antony Auclair,2021,3.3,84.2
00-0038145,Thomas Odukoya,TE,0.9290879255117968,2,00-0029391,Sean McGrath,2016,0.3888888888888889,82
00-0038145,Thomas Odukoya,TE,0.9290879255117968,3,00-0031690,Eric Tomlinson,2021,0.17142857142857146,80.7
00-0038735,Princeton Fant,TE,0.9290879255117968,1,00-0037348,Tanner Conner,2024,0.775,79.2
00-0038735,Princeton Fant,TE,0.9290879255117968,2,00-0030710,Trey Burton,2016,4.085714285714286,78.3
00-0038735,Princeton Fant,TE,0.9290879255117968,3,00-0035956,Giovanni Ricci,2022,1.2727272727272727,78.2
00-0039263,McCallan Castles,TE,0.9290879255117968,1,00-0034192,Nick Keizer,2020,0.6636363636363637,89.3
00-0039263,McCallan Castles,TE,0.9290879255117968,2,00-0034193,Kevin Rader,2022,0,84.9
00-0039263,McCallan Castles,TE,0.9290879255117968,3,00-0035771,Mitchell Wilcox,2021,0.775,83.7
00-0039936,Thomas Yassmin,TE,0.9290879255117968,1,00-0033439,Pharaoh Brown,2019,0.5285714285714286,84.7
00-0039936,Thomas Yassmin,TE,0.9290879255117968,2,00-0033439,Pharaoh Brown,2020,3.53,83.9
00-0039936,Thomas Yassmin,TE,0.9290879255117968,3,00-0039458,Brenden Bates,2025,1.36,83.4
00-0040058,Nick Kallerup,TE,0.9000782560991933,1,00-0033217,Mo Alie-Cox,2018,3.6,92
00-0040058,Nick Kallerup,TE,0.9000782560991933,2,00-0035345,Chris Myarick,2021,2.3,79.8
00-0040058,Nick Kallerup,TE,0.9000782560991933,3,00-0031690,Eric Tomlinson,2017,2.4555555555555557,78.7
00-0036825,Feleipe Franks,TE,0.8994385225055306,1,00-0034613,Tanner Hudson,2022,3.0333333333333337,74.8
00-0036825,Feleipe Franks,TE,0.8994385225055306,2,00-0031484,Chris Manhertz,2020,1.1714285714285713,74.5
00-0036825,Feleipe Franks,TE,0.8994385225055306,3,00-0033421,Antony Auclair,2021,3.3,72.6
