captured_at,model_version,week,player_id,player_display_name,position,team,opponent,projection,incumbent_projection,controller_projection_232,floor,ceiling,expected_abs_error,projection_confidence,weekly_position_rank,matchup_grade
2026-09-20 14:45:15 +0000,2.5,2,00-0039918,Caleb Williams,QB,CHI,MIN,21.01033293220572,20.739100360556822,18.76556242871155,14.741269878374556,26.922605408853627,5.774060225635582,High,1,Neutral
2026-09-21 17:08:27 +0000,2.5,2,00-0040691,Jaxson Dart,QB,NYG,LA,17.624463848414436,17.551179890705576,16.982906840269838,11.355400794583272,23.536736325062343,5.774060225635582,High,1,D
2026-09-20 23:35:31 +0000,2.5,2,00-0033873,Patrick Mahomes,QB,KC,IND,20.39308224896053,20.17793140667863,19.99780155934224,14.124019195129364,26.305354725608428,5.774060225635582,High,1,Neutral
2026-09-21 17:08:27 +0000,2.5,2,00-0026498,Matthew Stafford,QB,LA,NYG,14.61330847236253,15.372033674258075,14.220627023787438,8.499879870644875,20.63775133388767,5.774060225635582,High,2,Neutral
2026-09-20 14:45:15 +0000,2.5,2,00-0037834,Brock Purdy,QB,SF,MIA,20.251143212743976,20.405971465891923,20.88415442913817,14.137714611026322,26.27558607426912,6.02852928967903,Medium,3,Neutral
2026-09-20 14:45:15 +0000,2.5,2,00-0034796,Lamar Jackson,QB,BAL,NO,20.07599522594393,19.810198245373204,18.73137397819567,13.955951697323917,26.341857440176163,5.774060225635582,High,4,D
2026-09-20 14:45:15 +0000,2.5,2,00-0036389,Jalen Hurts,QB,PHI,TEN,18.67239664501844,18.3971058166132,18.63566802834553,12.716828787785149,25.226309084167205,5.774060225635582,High,5,D
2026-09-21 17:08:27 +0000,2.5,2,00-0041568,Ty Simpson,QB,LA,NYG,10.801708478359322,10.688633996631514,9.37402459565725,4.6489523092002285,17.36375057221243,6.02852928967903,Medium,6,D
2026-09-20 14:45:15 +0000,2.5,2,00-0033077,Dak Prescott,QB,DAL,WAS,17.547428608057064,17.45949296404002,18.199842428804615,11.447025367621976,24.683791823863316,5.774060225635582,High,7,Neutral
2026-09-20 14:45:15 +0000,2.5,2,00-0034855,Baker Mayfield,QB,TB,CLE,17.544866466281945,17.188945433390064,18.817704971367103,11.444522449226511,23.55715208307376,5.774060225635582,High,8,Neutral
2026-09-20 14:45:15 +0000,2.5,2,00-0036264,Jordan Love,QB,GB,NYJ,17.358509624947473,17.286714540917924,15.481676375757525,11.25816560789204,23.923443471154513,5.774060225635582,High,9,Neutral
2026-09-20 14:45:15 +0000,2.5,2,00-0039851,Drake Maye,QB,NE,PIT,16.93947782714721,17.18648439528377,18.54603031607789,10.896678799584926,23.35980804955797,5.774060225635582,High,10,Neutral
2026-09-20 23:35:31 +0000,2.5,2,00-0035710,Daniel Jones,QB,IND,KC,14.20732118990548,14.845398144471032,14.757515224692137,8.086452051302093,20.84584023721654,5.774060225635582,High,11,Neutral
2026-09-20 14:45:15 +0000,2.5,2,00-0036355,Justin Herbert,QB,LAC,LV,16.67615338399604,16.523856455608854,18.242342784595845,10.555284245392656,23.314672431307105,5.774060225635582,High,11,Neutral
2026-09-20 14:45:15 +0000,2.5,2,00-0039163,C.J. Stroud,QB,HOU,CIN,16.616695441099235,16.475850317165232,17.447326496276233,10.017091082932629,22.943300128050197,5.774060225635582,High,12,Neutral
2026-09-20 14:45:15 +0000,2.5,2,00-0039910,Jayden Daniels,QB,WAS,DAL,16.25631969464707,15.92224152523966,16.28686185777644,10.328400294609343,22.808849309726774,5.774060225635582,High,13,Neutral
2026-09-21 17:08:27 +0000,2.5,2,00-0031503,Jameis Winston,QB,NYG,LA,6.809256261903468,7.280132455356476,4.312016521662931,0.8813368618657442,13.361785876983175,6.02852928967903,Medium,14,Neutral
2026-09-20 14:45:15 +0000,2.5,2,00-0036971,Trevor Lawrence,QB,JAX,DEN,16.06287234864001,15.70216205355425,12.683827382773869,9.895511110058196,22.58697755227735,6.02852928967903,Medium,14,D
2026-09-20 14:45:15 +0000,2.5,2,00-0039150,Bryce Young,QB,CAR,ATL,15.970528124320076,15.758349697435095,14.069312444055836,9.606882333968263,22.36759042444567,6.02852928967903,Medium,15,Neutral
2026-09-20 14:45:15 +0000,2.5,2,00-0039732,Bo Nix,QB,DEN,JAX,15.792012177571351,16.505056505886593,18.027295711770744,9.563800708381102,22.46655222292406,5.774060225635582,High,16,Neutral
2026-09-20 14:45:15 +0000,2.5,2,00-0032950,Carson Wentz,QB,MIN,CHI,14.418492086259407,14.078487236742742,13.976623554579543,8.316703806260872,20.44749406794646,5.774060225635582,High,18,Neutral
2026-09-20 14:45:15 +0000,2.5,2,00-0040743,Tyler Shough,QB,NO,BAL,14.246882568893106,14.207815996685769,13.800347467450091,7.807456249895829,20.5596682688971,5.774060225635582,High,19,C
2026-09-20 23:35:31 +0000,2.5,2,00-0036945,Justin Fields,QB,KC,IND,11.410563732409909,11.11137667967342,8.419359414290943,5.200030739538458,17.87825504574774,6.02852928967903,Medium,20,Neutral
2026-09-20 14:45:15 +0000,2.5,2,00-0036442,Joe Burrow,QB,CIN,HOU,13.797900008650757,14.07078983864613,13.878304746048908,7.587367015779305,20.265591321988587,5.774060225635582,High,21,Neutral
2026-09-20 14:45:15 +0000,2.5,2,00-0039923,J.J. McCarthy,QB,MIN,CHI,13.287178307377369,13.173457572977997,12.055576868875436,7.058985514493355,19.586394714512664,6.02852928967903,Medium,22,C
2026-09-20 14:45:15 +0000,2.5,2,00-0033119,Jacoby Brissett,QB,ARI,SEA,13.112921961129034,13.179035532685267,13.79251060014318,6.986741031682146,19.71819149293625,5.774060225635582,High,23,Neutral
2026-09-20 14:45:15 +0000,2.5,2,00-0040676,Cam Ward,QB,TEN,PHI,12.753513381760756,12.667703738261018,14.490287011983126,6.268361805646897,18.7515670543455,5.774060225635582,High,24,Neutral
2026-09-20 23:35:31 +0000,2.5,2,00-0039164,Anthony Richardson,QB,IND,KC,7.782256326139182,7.616765201162135,6.60243340044827,1.4811361297670933,14.322410067920485,6.02852928967903,Medium,25,C
2026-09-20 14:45:15 +0000,2.5,2,00-0041562,Fernando Mendoza,QB,LV,LAC,12.709841602694382,13.024420983243678,11.509130376745532,6.679407733042481,19.377448497797513,6.382462858778202,Low,25,C
2026-09-20 14:45:15 +0000,2.5,2,00-0035704,Drew Lock,QB,SEA,ARI,12.467534570032711,12.354495137502582,14.124181020909775,6.548387409011733,19.392506286145483,5.774060225635582,High,26,C
2026-09-20 14:45:15 +0000,2.5,2,00-0029604,Kirk Cousins,QB,LV,LAC,12.271876408770888,12.389855583643456,13.83591135944838,6.06327694432351,18.437950956427592,5.774060225635582,High,27,Neutral
2026-09-20 14:45:15 +0000,2.5,2,00-0023459,Aaron Rodgers,QB,PIT,NE,12.154496525855992,12.379028824184614,12.613128919056953,5.853376329483905,18.694650267637293,5.774060225635582,High,28,Neutral
2026-09-20 14:45:15 +0000,2.5,2,00-0030565,Geno Smith,QB,NYJ,GB,12.0506112950109,12.17765565678916,13.47540719443696,5.663499346326238,18.56756067798676,5.774060225635582,High,29,C
2026-09-20 14:45:15 +0000,2.5,2,00-0038128,Malik Willis,QB,MIA,SF,12.04619380861624,11.80874972518874,10.09035707025916,5.845933586568215,18.14203754744082,6.382462858778202,Low,30,D
2026-09-20 14:45:15 +0000,2.5,2,00-0033537,Deshaun Watson,QB,CLE,TB,11.816052043028208,11.67146799095417,11.835918813742186,5.626081872452678,18.025398279930812,5.774060225635582,High,32,Neutral
2026-09-20 14:45:15 +0000,2.5,2,00-0033662,Cooper Rush,QB,ATL,CAR,11.574962402470607,11.644696264977195,15.379910150393796,5.052366144794453,17.54393987662375,6.382462858778202,Low,33,Neutral
2026-09-20 14:45:15 +0000,2.5,2,00-0032268,Marcus Mariota,QB,WAS,DAL,11.21973141879202,10.940558368673056,9.418870961622892,5.0387503859665355,17.511409238281217,6.02852928967903,Medium,34,C
2026-09-20 14:45:15 +0000,2.5,2,00-0033869,Mitchell Trubisky,QB,TEN,PHI,10.3530835148509,10.268398733327862,8.317762424783766,4.163665596959934,16.242669527746784,6.02852928967903,Medium,36,D
2026-09-20 14:45:15 +0000,2.5,2,00-0026158,Joe Flacco,QB,CIN,HOU,10.074021146528295,9.983509958763182,9.19218869960802,4.097409264340714,16.16986488535288,6.02852928967903,Medium,37,Neutral
2026-09-20 23:35:31 +0000,2.5,2,00-0040206,Riley Leonard,QB,IND,KC,5.553562801831723,6.039411817992155,3.534048704140118,0,11.649406540656305,5.774060225635582,High,37,C
2026-09-20 14:45:15 +0000,2.5,2,00-0036972,Mac Jones,QB,SF,MIA,8.831304080363394,8.603092314070674,6.425683350630621,1.962524032002644,14.436093972101794,6.02852928967903,Medium,38,Neutral
2026-09-20 14:45:15 +0000,2.5,2,00-0041561,Carson Beck,QB,ARI,SEA,7.557266201229831,7.56129830216887,6.092120583412404,1.517922920425305,13.653109940054414,6.02852928967903,Medium,40,F
2026-09-20 14:45:15 +0000,2.5,2,00-0041565,Drew Allar,QB,PIT,NE,7.201707696229038,7.421905376525273,5.878853052955663,1.0122897783380718,13.326037420315185,6.02852928967903,Medium,41,C
2026-09-20 14:45:15 +0000,2.5,2,00-0040014,Kyle McCord,QB,MIA,SF,6.790747725914412,7.278714895190554,5.676557046105086,0.6773191241967575,13.461296314606,5.774060225635582,High,43,D
2026-09-21 17:08:27 +0000,2.5,2,00-0041414,Matthew Caldwell,QB,LA,NYG,3.1289984930652532,3.4477786093480627,0.4536095135510827,0,9.431669646937296,6.382462858778202,Low,43,D
2026-09-20 14:45:15 +0000,2.5,2,00-0041194,Jack Strand,QB,ATL,CAR,6.760401666917888,7.256659761081124,4.515632021857726,0.5321901977276378,13.082434938375716,6.02852928967903,Medium,44,Neutral
2026-09-20 14:45:15 +0000,2.5,2,00-0041056,Cade Klubnik,QB,NYJ,GB,6.374999205825944,6.879746414350785,5.209434874669462,0.07335136524938267,12.471466617688217,6.02852928967903,Medium,45,D
2026-09-20 14:45:15 +0000,2.5,2,00-0040398,Brady Cook,QB,MIA,SF,6.309611522847397,6.722344580460977,7.288050177345671,0.48060839566183977,12.61228267671944,5.774060225635582,High,46,C
2026-09-20 23:35:31 +0000,2.5,2,00-0040906,Garrett Nussmeier,QB,KC,IND,4.186636108998796,4.64610623710803,1.870434559803858,0,10.489307262870838,6.02852928967903,Medium,47,Neutral
2026-09-20 14:45:15 +0000,2.5,2,00-0040668,Shedeur Sanders,QB,CLE,TB,5.968319628446051,6.355170527870454,4.696780713587651,0,12.234818193418034,5.774060225635582,High,47,D
2026-09-20 14:45:15 +0000,2.5,2,00-0040704,Dillon Gabriel,QB,CLE,TB,5.927856900533793,6.300132066877166,4.826145804534825,0,12.5974076250601,5.774060225635582,High,48,D
2026-09-20 14:45:15 +0000,2.5,2,00-0041092,Taylen Green,QB,CLE,TB,5.865282817980751,6.279781982362393,4.3048460858487445,0,11.788299499192515,5.774060225635582,High,49,D
2026-09-20 14:45:15 +0000,2.5,2,00-0028118,Tyrod Taylor,QB,GB,NYJ,5.698059062117373,6.396382105063031,3.9117116975124375,0,12.324409812657503,6.02852928967903,Medium,50,C
2026-09-20 14:45:15 +0000,2.5,2,00-0039376,Spencer Rattler,QB,NO,BAL,5.4245900169915995,5.932581959507868,4.711627183313445,0,11.69537344903209,5.774060225635582,High,51,F
2026-09-20 23:35:31 +0000,2.5,2,00-0037324,Chris Oladokun,QB,KC,IND,3.665588068022158,4.090805024555882,2.1520414933027068,0,9.936371500062648,5.774060225635582,High,52,Neutral
2026-09-20 14:45:15 +0000,2.5,2,00-0034771,Mason Rudolph,QB,PIT,NE,5.331243492290769,5.711382180014538,4.608807490883099,0,11.951873864743645,5.774060225635582,High,52,D
2026-09-21 17:08:27 +0000,2.5,2,00-0039107,Stetson Bennett,QB,LA,NYG,2.923678167763373,3.193077307241829,1.4327604851372355,0,9.366243107807302,5.774060225635582,High,53,D
2026-09-20 14:45:15 +0000,2.5,2,00-0037013,Zach Wilson,QB,NO,BAL,5.307339956872889,5.808764025876602,4.664752425383476,0,11.749904896916815,6.02852928967903,Medium,53,D
2026-09-20 14:45:15 +0000,2.5,2,00-0040234,Quinn Ewers,QB,JAX,DEN,5.296538305935207,5.727683180286537,2.816545752536326,0,11.804245038474424,6.02852928967903,Medium,54,Neutral
2026-09-20 14:45:15 +0000,2.5,2,00-0040673,Jalen Milroe,QB,SEA,ARI,5.149115221782846,5.736114059107354,3.662542835349408,0,11.994572547327724,5.774060225635582,High,55,C
2026-09-20 14:45:15 +0000,2.5,2,00-0041117,Athan Kaliakmanis,QB,WAS,DAL,5.135380332366234,5.547547850767311,3.3912674956203235,0,11.63964493826736,6.02852928967903,Medium,56,C
2026-09-20 14:45:15 +0000,2.5,2,00-0040203,Will Howard,QB,PIT,NE,5.1221893276256525,5.5240867798798465,3.8369536311933903,0,11.862741394894996,5.774060225635582,High,58,D
2026-09-20 14:45:15 +0000,2.5,2,00-0039534,Carter Bradley,QB,JAX,DEN,5.067155113371519,5.464702707356457,2.680729902712915,0,12.01129439914452,5.774060225635582,High,59,C
2026-09-20 14:45:15 +0000,2.5,2,00-0040589,Kurtis Rourke,QB,SF,MIA,4.768852245555109,5.395187349583338,2.4902017032468833,0,11.407371292866166,5.774060225635582,High,60,Neutral
2026-09-20 14:45:15 +0000,2.5,2,00-0038579,Aidan O'Connell,QB,LV,LAC,4.672679670403851,5.096630571111105,3.8352945613831406,0,11.364752770820658,5.774060225635582,High,61,C
2026-09-20 14:45:15 +0000,2.5,2,00-0035289,Gardner Minshew,QB,ARI,SEA,4.37407410720403,4.804243150638774,5.266654619249789,0,10.670761877806342,5.774060225635582,High,62,D
2026-09-20 14:45:15 +0000,2.5,2,00-0036879,Sam Ehlinger,QB,DEN,JAX,3.9587781705009593,4.180551673565151,1.7083095379529354,0,10.513210281335349,6.02852928967903,Medium,64,D
2026-09-20 14:45:15 +0000,2.5,2,00-0037077,Sam Howell,QB,DAL,WAS,3.898843853620644,4.07751100781847,1.1507437050734208,0,9.953663927664149,6.02852928967903,Medium,65,Neutral
2026-09-20 14:45:15 +0000,2.5,2,00-0037012,Trey Lance,QB,LAC,LV,3.799832676837044,4.0239963659926925,1.783783445807628,0,10.856910913985844,6.02852928967903,Medium,66,C
2026-09-20 14:45:15 +0000,2.5,2,00-0035264,Jarrett Stidham,QB,DEN,JAX,3.797397495734713,3.990692056193097,1.715307025196871,0,10.418027868187586,6.02852928967903,Medium,68,D
2026-09-20 14:45:15 +0000,2.5,2,00-0027973,Andy Dalton,QB,PHI,TEN,3.507875962348463,3.8502458559434576,1.2039651828659483,0,10.009855403928029,6.02852928967903,Medium,69,C
2026-09-20 14:45:15 +0000,2.5,2,00-0036898,Davis Mills,QB,HOU,CIN,3.350131524275974,3.678651494922866,0.5696947759190323,0,9.561423361904795,6.02852928967903,Medium,70,Neutral
2026-09-20 14:45:15 +0000,2.5,2,00-0041251,Jalon Daniels,QB,TB,CLE,3.3241025303105127,3.4884236810604277,0.6587502125273583,0,9.92105968324176,6.02852928967903,Medium,72,D
2026-09-20 14:45:15 +0000,2.5,2,00-0038102,Kenny Pickett,QB,CAR,ATL,3.3189763529473204,3.7952656551171353,3.1197621875025607,0,9.414578935507818,5.774060225635582,High,73,Neutral
2026-09-20 14:45:15 +0000,2.5,2,00-0041149,Haynes King,QB,CAR,ATL,3.2776401352918376,3.634705544924763,0.8542444197560237,0,9.043259870336286,6.02852928967903,Medium,74,C
2026-09-20 14:45:15 +0000,2.5,2,00-0040891,Cole Payton,QB,PHI,TEN,3.2731087810338844,3.6556884618999104,1.326742554043406,0,9.838042627240926,6.02852928967903,Medium,75,C
2026-09-20 14:45:15 +0000,2.5,2,00-0028986,Case Keenum,QB,CHI,MIN,3.2634366486143116,3.5394652560261,0.9356181952820934,0,9.665152533196938,6.02852928967903,Medium,76,Neutral
2026-09-20 14:45:15 +0000,2.5,2,00-0035993,Tyler Huntley,QB,BAL,NO,3.2581887946962844,3.515014990455909,0.6022441747563017,0,9.9701599971411,6.02852928967903,Medium,77,C
2026-09-20 14:45:15 +0000,2.5,2,00-0040981,Joe Fagnano,QB,BAL,NO,3.1922394899645865,3.5192048021530895,0.7688788148097396,0,9.449010051305466,6.02852928967903,Medium,78,C
2026-09-20 14:45:15 +0000,2.5,2,00-0037327,Skylar Thompson,QB,BAL,NO,3.1626918516297615,3.484442874700354,0.7705508187053591,0,9.88682851083843,6.02852928967903,Medium,79,C
2026-09-20 14:45:15 +0000,2.5,2,00-0041123,Behren Morton,QB,NE,PIT,3.161657867264219,3.4316544432633855,0.9085280766132366,0,9.201550543343751,6.02852928967903,Medium,80,C
2026-09-20 14:45:15 +0000,2.5,2,00-0036212,Tua Tagovailoa,QB,ATL,CAR,3.130707590455581,3.136727829394117,2.724686330879308,0,9.808886047044798,5.774060225635582,High,82,Neutral
2026-09-20 14:45:15 +0000,2.5,2,00-0038476,Tommy DeVito,QB,NE,PIT,3.1250774008875615,3.388618600467318,0.9106194780793412,0,9.83228318253051,6.02852928967903,Medium,83,C
2026-09-20 14:45:15 +0000,2.5,2,00-0040211,Graham Mertz,QB,HOU,CIN,3.1043912910911806,3.404338404652344,0.6494566616174979,0,9.771512228838516,6.02852928967903,Medium,85,Neutral
2026-09-20 14:45:15 +0000,2.5,2,00-0038416,Tyson Bagent,QB,CHI,MIN,3.0647288446985184,3.3300187944620845,0.42233979362259255,0,8.991077261357901,6.02852928967903,Medium,86,Neutral
2026-09-20 14:45:15 +0000,2.5,2,00-0038400,Tanner McKee,QB,PHI,TEN,2.830753069986157,3.1399032156482076,1.357861447046559,0,9.332732511565723,6.02852928967903,Medium,88,C
2026-09-20 14:45:15 +0000,2.5,2,00-0035228,Kyler Murray,QB,MIN,CHI,0,0,0,0,0,6.02852928967903,Medium,89,C
2026-09-20 14:45:15 +0000,2.5,2,00-0039917,Michael Penix Jr.,QB,ATL,CAR,0,0,0,0,0,6.02852928967903,Medium,89,C
2026-09-20 14:45:15 +0000,2.5,2,00-0034869,Sam Darnold,QB,SEA,ARI,0,0,0,0,0,6.382462858778202,Low,89,Neutral
2026-09-17 20:14:33 +0000,2.5,2,00-0033106,Jared Goff,QB,DET,BUF,16.579597169098328,16.579597169098328,NA,10.651677769060605,23.13212678417803,5.774060225635582,High,NA,NA
2026-09-17 20:14:33 +0000,2.5,2,00-0034857,Josh Allen,QB,BUF,DET,22.841314961002084,22.841314961002084,NA,16.57225190717092,28.753587437649987,6.02852928967903,Medium,NA,NA
2026-09-17 20:14:33 +0000,2.5,2,00-0033949,Joshua Dobbs,QB,DET,BUF,4.230806441176328,4.230806441176328,NA,0,10.8514368136292,5.774060225635582,High,NA,NA
2026-09-17 20:14:33 +0000,2.5,2,00-0034577,Kyle Allen,QB,BUF,DET,3.2762513614837574,3.2762513614837574,NA,0,9.20259977814314,6.02852928967903,Medium,NA,NA
2026-09-20 14:45:15 +0000,2.5,2,00-0032764,Derrick Henry,RB,BAL,NO,18.64906087403542,19.820103175371123,19.820103175371123,15.281060759072671,22.93409495650447,5.339770194966193,Low,1,D
2026-09-20 23:35:31 +0000,2.5,2,00-0038134,Kenneth Walker III,RB,KC,IND,18.659899133618456,20.123286783944685,20.123286783944685,15.291899018655709,22.944933216087502,5.339770194966193,Low,1,Neutral
2026-09-21 17:08:27 +0000,2.5,2,00-0037840,Kyren Williams,RB,LA,NYG,14.16912433356474,14.282429718551606,14.282429718551606,10.812763291272404,18.363595983576495,4.1906550461485725,Medium,1,Neutral
2026-09-20 14:45:15 +0000,2.5,2,00-0038542,Bijan Robinson,RB,ATL,CAR,18.19174808137152,19.299228172536885,19.299228172536885,14.835387039079189,22.38621973138328,5.339770194966193,Low,2,Neutral
2026-09-20 23:35:31 +0000,2.5,2,00-0036223,Jonathan Taylor,RB,IND,KC,16.912986710341492,17.79594823671483,17.79594823671483,13.556625668049158,21.10745836035325,5.339770194966193,Low,2,F
2026-09-21 17:08:27 +0000,2.5,2,00-0040715,Cam Skattebo,RB,NYG,LA,13.586347571402923,14.265656595272867,14.265656595272867,10.237397575759376,17.568316082495404,3.0109528980360203,High,3,Neutral
2026-09-20 14:45:15 +0000,2.5,2,00-0036275,D'Andre Swift,RB,CHI,MIN,15.713735059684332,16.153100087225177,16.153100087225177,12.177177861994547,19.61916071195495,5.339770194966193,Low,5,Neutral
2026-09-21 17:08:27 +0000,2.5,2,00-0035250,Devin Singletary,RB,NYG,LA,8.14959514398228,8.783378706927113,8.783378706927113,4.613037946292496,12.0550207962529,5.339770194966193,Low,6,Neutral
2026-09-20 14:45:15 +0000,2.5,2,00-0036997,Javonte Williams,RB,DAL,WAS,15.584017558191809,15.4762930122083,15.4762930122083,12.113041794983252,19.33046088638192,5.339770194966193,Low,6,Neutral
2026-09-20 14:45:15 +0000,2.5,2,00-0033280,Christian McCaffrey,RB,SF,MIA,15.44746697066416,16.328298331984307,16.328298331984307,11.961579680383586,18.931558095609173,5.339770194966193,Low,7,Neutral
2026-09-20 14:45:15 +0000,2.5,2,00-0040122,Ashton Jeanty,RB,LV,LAC,15.127949906012471,15.66315174190921,15.66315174190921,11.733020103646409,19.01112695490032,4.1906550461485725,Medium,8,C
2026-09-20 14:45:15 +0000,2.5,2,00-0039361,Bucky Irving,RB,TB,CLE,14.628606330927315,14.350927505572782,14.350927505572782,11.209737346161608,18.65509932147352,4.1906550461485725,Medium,9,Neutral
2026-09-21 17:08:27 +0000,2.5,2,00-0039738,Blake Corum,RB,LA,NYG,5.82984092459114,6.228702378060584,6.228702378060584,2.3005175607881245,9.843014654347028,3.0109528980360203,High,10,Neutral
2026-09-20 14:45:15 +0000,2.5,2,00-0038120,Breece Hall,RB,NYJ,GB,14.43836187867037,14.408919396112529,14.408919396112529,10.909038514867357,18.451535608426266,5.339770194966193,Low,10,Neutral
2026-09-20 14:45:15 +0000,2.5,2,00-0035700,Josh Jacobs,RB,GB,NYJ,14.192165314313552,14.88649182540573,14.88649182540573,10.766597329784348,18.01577955104566,4.1906550461485725,Medium,11,Neutral
2026-09-20 14:45:15 +0000,2.5,2,00-0038597,Chase Brown,RB,CIN,HOU,13.968635425498322,14.1275590623138,14.1275590623138,10.6573679545049,18.36139168849665,3.0109528980360203,High,13,Neutral
2026-09-21 17:08:27 +0000,2.5,2,00-0036893,Najee Harris,RB,NYG,LA,4.569425974445938,5.280094024904283,5.280094024904283,1.140520333718184,8.277781368497877,5.339770194966193,Low,13,Neutral
2026-09-20 14:45:15 +0000,2.5,2,00-0036875,Rhamondre Stevenson,RB,NE,PIT,13.658713277666076,14.1508292250524,14.1508292250524,10.179517265595338,17.661127060260498,5.339770194966193,Low,14,Neutral
2026-09-21 17:08:27 +0000,2.5,2,00-0039384,Tyrone Tracy Jr.,RB,NYG,LA,4.092593093431036,4.933407539010106,4.933407539010106,0.6133970813602987,8.09500687602546,5.339770194966193,Low,15,Neutral
2026-09-20 14:45:15 +0000,2.5,2,00-0034844,Saquon Barkley,RB,PHI,TEN,13.520716518979343,13.853551107958772,13.853551107958772,9.919738925317596,17.223125746955397,5.339770194966193,Low,16,Neutral
2026-09-20 14:45:15 +0000,2.5,2,00-0039040,De'Von Achane,RB,MIA,SF,13.27224160810844,14.341281640821068,14.341281640821068,9.925426628374446,16.959424552215946,5.339770194966193,Low,17,Neutral
2026-09-20 14:45:15 +0000,2.5,2,00-0040666,Omarion Hampton,RB,LAC,LV,12.85693995093626,13.476184934878948,13.476184934878948,9.565582774141149,17.248514632987668,4.1906550461485725,Medium,18,Neutral
2026-09-20 14:45:15 +0000,2.5,2,00-0035685,David Montgomery,RB,HOU,CIN,12.670965520579454,13.281108231826677,13.281108231826677,9.15352998605348,16.90072120610939,5.339770194966193,Low,19,C
2026-09-20 14:45:15 +0000,2.5,2,00-0036555,Chuba Hubbard,RB,CAR,ATL,12.439254298552804,12.439173583111495,12.439173583111495,8.918338203000772,16.794434541549236,5.339770194966193,Low,20,Neutral
2026-09-20 14:45:15 +0000,2.5,2,00-0041027,Jeremiyah Love,RB,ARI,SEA,12.31691704847336,13.657329438100549,13.657329438100549,8.964824990704384,16.250284153890135,5.339770194966193,Low,21,Neutral
2026-09-21 17:08:27 +0000,2.5,2,00-0037557,Ronnie Rivers,RB,LA,NYG,2.8514391751463464,3.1970979275270945,3.1970979275270945,0,7.251290264113941,4.1906550461485725,Medium,22,Neutral
2026-09-20 14:45:15 +0000,2.5,2,00-0036973,Travis Etienne,RB,NO,BAL,12.006711489268806,12.194449161218271,12.194449161218271,8.503448432179297,16.066121037949024,4.1906550461485725,Medium,22,Neutral
2026-09-20 14:45:15 +0000,2.5,2,00-0040734,TreVeyon Henderson,RB,NE,PIT,11.726222009300004,12.405280071835874,12.405280071835874,8.407405017799409,16.126073098267597,3.0109528980360203,High,23,Neutral
2026-09-20 14:45:15 +0000,2.5,2,00-0040236,Kyle Monangai,RB,CHI,MIN,11.518511368395204,12.031105554616612,12.031105554616612,8.08799151671668,15.343775280080624,5.339770194966193,Low,24,Neutral
2026-09-20 14:45:15 +0000,2.5,2,00-0040242,Jacory Croskey-Merritt,RB,WAS,DAL,10.511181058869944,11.178003025035329,11.178003025035329,7.043322097612024,14.058328935779151,5.339770194966193,Low,25,Neutral
2026-09-20 23:35:31 +0000,2.5,2,00-0041013,Emmett Johnson,RB,KC,IND,6.772637989272647,7.3181478667116915,7.3181478667116915,3.2819259293841663,10.756508145207471,5.339770194966193,Low,26,Neutral
2026-09-20 14:45:15 +0000,2.5,2,00-0037525,Jordan Mason,RB,MIN,CHI,9.553652871496343,10.033035296552043,10.033035296552043,6.233416444001075,13.556897615324406,4.1906550461485725,Medium,26,Neutral
2026-09-20 14:45:15 +0000,2.5,2,00-0037228,Jaylen Warren,RB,PIT,NE,9.498440132397608,10.377915464495189,10.377915464495189,6.007728072509128,13.482310288332432,4.1906550461485725,Medium,27,Neutral
2026-09-20 14:45:15 +0000,2.5,2,00-0040719,Bhayshul Tuten,RB,JAX,DEN,9.265212119104064,9.75176751681963,9.75176751681963,5.874900527041672,13.074511616515078,5.339770194966193,Low,28,Neutral
2026-09-20 14:45:15 +0000,2.5,2,00-0041512,Jadarian Price,RB,SEA,ARI,9.221131647486615,10.035775986255818,10.035775986255818,5.660615879834226,13.338036523305917,4.1906550461485725,Medium,29,Neutral
2026-09-20 14:45:15 +0000,2.5,2,00-0039165,Zach Charbonnet,RB,SEA,ARI,9.159580139520632,9.965117051775776,9.965117051775776,5.81919268806789,13.3469536798301,4.1906550461485725,Medium,30,Neutral
2026-09-20 14:45:15 +0000,2.5,2,00-0040784,Quinshon Judkins,RB,CLE,TB,9.036495127496812,9.529155070182387,9.529155070182387,5.485703935987683,12.844075312090936,5.339770194966193,Low,31,Neutral
2026-09-20 14:45:15 +0000,2.5,2,00-0037263,Tyler Allgeier,RB,ARI,SEA,8.715730856296284,9.079410686999363,9.079410686999363,5.169368412820965,12.912741867440053,5.339770194966193,Low,32,Neutral
2026-09-20 14:45:15 +0000,2.5,2,00-0033293,Aaron Jones,RB,MIN,CHI,8.186354152726048,8.470501957006276,8.470501957006276,4.748603226160605,12.27836191076549,4.1906550461485725,Medium,33,Neutral
2026-09-20 14:45:15 +0000,2.5,2,00-0033553,James Conner,RB,ARI,SEA,7.959390533815975,8.73708580342241,8.73708580342241,4.2970134675256,11.777298758815965,4.1906550461485725,Medium,35,Neutral
2026-09-20 14:45:15 +0000,2.5,2,00-0033906,Alvin Kamara,RB,NO,BAL,7.791447749364641,8.402947719080487,8.402947719080487,4.375825760126366,12.217017381260764,5.339770194966193,Low,36,Neutral
2026-09-21 17:08:27 +0000,2.5,2,00-0033376,Patrick Ricard,RB,NYG,LA,1.5257015093561,1.468099506752262,1.468099506752262,0,5.320043796120034,3.0109528980360203,High,37,Neutral
2026-09-20 14:45:15 +0000,2.5,2,00-0036139,Rico Dowdle,RB,PIT,NE,7.778484496904073,8.622685582059704,8.622685582059704,4.2769716730154075,11.929046015418162,4.1906550461485725,Medium,37,Neutral
2026-09-20 14:45:15 +0000,2.5,2,00-0035261,Tony Pollard,RB,TEN,PHI,7.77677551325071,8.381389427978483,8.381389427978483,4.430121931793615,12.133787506152032,4.1906550461485725,Medium,38,Neutral
2026-09-20 14:45:15 +0000,2.5,2,00-0036158,J.K. Dobbins,RB,DEN,JAX,7.739597702915885,8.235429901303874,8.235429901303874,4.314029718386681,11.68211709861276,4.1906550461485725,Medium,39,Neutral
2026-09-20 14:45:15 +0000,2.5,2,00-0039811,MarShawn Lloyd,RB,GB,NYJ,7.121862705741002,7.631010271528893,7.631010271528893,3.8234106139088415,11.406882266846706,5.339770194966193,Low,40,Neutral
2026-09-20 14:45:15 +0000,2.5,2,00-0041052,Kaelon Black,RB,SF,MIA,7.041270458862488,7.245531266310818,7.245531266310818,3.550401474020663,10.77412947293075,4.1906550461485725,Medium,41,Neutral
2026-09-20 14:45:15 +0000,2.5,2,00-0040730,RJ Harvey,RB,DEN,JAX,6.9517271136576335,7.595969966385252,7.595969966385252,3.5295330901193465,11.023507734577477,5.339770194966193,Low,42,Neutral
2026-09-20 14:45:15 +0000,2.5,2,00-0038551,Kendre Miller,RB,NO,BAL,6.733252857241668,7.283714223636953,7.283714223636953,3.19763487799811,10.466111871309934,4.1906550461485725,Medium,43,Neutral
2026-09-20 14:45:15 +0000,2.5,2,00-0036919,Kenny Gainwell,RB,TB,CLE,6.26179657789655,6.758864414302897,6.758864414302897,2.75778301167708,10.499105714697585,5.339770194966193,Low,44,Neutral
2026-09-20 14:45:15 +0000,2.5,2,00-0040583,Woody Marks,RB,HOU,CIN,6.251127159339833,6.626659682453598,6.626659682453598,2.6908837715020915,10.648083418087737,5.339770194966193,Low,45,Neutral
2026-09-20 14:45:15 +0000,2.5,2,00-0038685,Chris Brooks,RB,GB,NYJ,6.234133864354651,6.395857335430612,6.395857335430612,3.02884477861751,10.81065369536788,5.339770194966193,Low,46,Neutral
2026-09-20 14:45:15 +0000,2.5,2,00-0037256,Rachaad White,RB,WAS,DAL,6.105567276618836,6.5787329846080675,6.5787329846080675,2.6248925613156624,9.899909563382767,4.1906550461485725,Medium,47,Neutral
2026-09-20 14:45:15 +0000,2.5,2,00-0039032,Tyjae Spears,RB,TEN,PHI,6.018249393784467,6.491660971419391,6.491660971419391,2.7240902237618476,9.64433593579101,4.1906550461485725,Medium,48,Neutral
2026-09-20 23:35:31 +0000,2.5,2,00-0040964,EJ Smith,RB,KC,IND,3.04537664471021,3.5456572574937733,3.5456572574937733,0,7.09089739327848,3.0109528980360203,High,50,Neutral
2026-09-20 14:45:15 +0000,2.5,2,00-0039921,Trey Benson,RB,ARI,SEA,5.589544998522414,6.17657284923368,6.17657284923368,2.1497631343365136,9.635065747090684,5.339770194966193,Low,50,Neutral
2026-09-20 23:35:31 +0000,2.5,2,00-0040078,Brashard Smith,RB,KC,IND,3.0158719302436823,3.4093521664853768,3.4093521664853768,0,7.203245470553149,4.1906550461485725,Medium,51,Neutral
2026-09-20 14:45:15 +0000,2.5,2,00-0039794,Braelon Allen,RB,NYJ,GB,5.469430263380056,5.8567080604744035,5.8567080604744035,2.041603297420199,9.408929606900369,3.0109528980360203,High,52,Neutral
2026-09-20 14:45:15 +0000,2.5,2,00-0038611,Chris Rodriguez Jr.,RB,JAX,DEN,5.41560698394823,6.114281972885812,6.114281972885812,2.005132948215967,9.602980524257696,3.0109528980360203,High,53,Neutral
2026-09-20 14:45:15 +0000,2.5,2,00-0039299,George Holani,RB,SEA,ARI,5.3413314868558555,5.303634037510143,5.303634037510143,1.988894270570865,8.943339001291676,5.339770194966193,Low,54,Neutral
2026-09-20 14:45:15 +0000,2.5,2,00-0034975,Justice Hill,RB,BAL,NO,5.293116185273198,5.905204189966786,5.905204189966786,1.7432380133435874,8.978063106411152,4.1906550461485725,Medium,55,Neutral
2026-09-20 14:45:15 +0000,2.5,2,00-0039344,Jonathon Brooks,RB,CAR,ATL,5.082550018142532,5.7451124434114504,5.7451124434114504,1.8102337624970537,8.95913410184873,3.0109528980360203,High,56,Neutral
2026-09-20 14:45:15 +0000,2.5,2,00-0037746,Brian Robinson,RB,ATL,CAR,4.93872507715582,5.432933618686869,5.432933618686869,1.51288541959419,8.672409693732787,4.1906550461485725,Medium,57,Neutral
2026-09-20 14:45:15 +0000,2.5,2,00-0038951,Sean Tucker,RB,TB,CLE,4.877217449504347,5.449216112860912,5.449216112860912,1.47579372623749,8.939961548711375,4.1906550461485725,Medium,58,Neutral
2026-09-20 14:45:15 +0000,2.5,2,00-0039391,Kimani Vidal,RB,LAC,LV,4.865661983161066,5.399734605591771,5.399734605591771,1.420039264993435,8.761327047282386,5.339770194966193,Low,59,Neutral
2026-09-20 14:45:15 +0000,2.5,2,00-0033526,Samaje Perine,RB,CIN,HOU,4.6335815986544135,5.123240131501675,5.123240131501675,1.0498414818294073,8.4719154119771,3.0109528980360203,High,60,Neutral
2026-09-20 14:45:15 +0000,2.5,2,00-0039373,Audric Estimé,RB,NO,BAL,4.511394401895794,5.132667332189129,5.132667332189129,1.0638350728209751,8.186923621811575,4.1906550461485725,Medium,62,Neutral
2026-09-20 14:45:15 +0000,2.5,2,00-0032104,Ameer Abdullah,RB,JAX,DEN,4.277136795579099,5.060729800035135,5.060729800035135,0.8621740708733938,8.439418843982452,4.1906550461485725,Medium,64,Neutral
2026-09-20 14:45:15 +0000,2.5,2,00-0040202,Devin Neal,RB,NO,BAL,4.257702882516339,4.842196304781032,4.842196304781032,0.9433620533490936,8.043549744795822,4.1906550461485725,Medium,65,Neutral
2026-09-20 14:45:15 +0000,2.5,2,00-0039798,Isaiah Davis,RB,NYJ,GB,4.130604798655192,4.68896573932466,4.68896573932466,0.6253848159076502,8.3568212428689,4.1906550461485725,Medium,66,Neutral
2026-09-20 14:45:15 +0000,2.5,2,00-0037329,Brittain Brown,RB,CHI,MIN,4.018916629067458,4.866240158409443,4.866240158409443,0.5014810945414852,7.800902353274249,4.1906550461485725,Medium,68,Neutral
2026-09-20 14:45:15 +0000,2.5,2,00-0040466,Raheim Sanders,RB,CLE,TB,4.007374920691806,4.271863276398974,4.271863276398974,0.6430918277291873,7.532588164596451,3.0109528980360203,High,69,Neutral
2026-09-20 14:45:15 +0000,2.5,2,00-0037157,Bam Knight,RB,ARI,SEA,3.894137062778597,4.457571867180048,4.457571867180048,0.5813341813798231,7.878007218713421,4.1906550461485725,Medium,70,Neutral
2026-09-20 14:45:15 +0000,2.5,2,00-0038454,Keaton Mitchell,RB,LAC,LV,3.8835489246519153,4.239489585625521,4.239489585625521,0.51489527852656,7.973769919055057,3.0109528980360203,High,71,Neutral
2026-09-20 14:45:15 +0000,2.5,2,00-0036265,AJ Dillon,RB,CAR,ATL,3.7567386938486647,4.372971579198915,4.372971579198915,0.4093744422530039,8.059356795309506,3.0109528980360203,High,72,Neutral
2026-09-20 14:45:15 +0000,2.5,2,00-0040878,Mike Washington Jr.,RB,LV,LAC,3.5512121292102887,4.085394361494347,4.085394361494347,0.16006165518501586,7.674136577100634,3.0109528980360203,High,73,Neutral
2026-09-20 14:45:15 +0000,2.5,2,00-0037563,Malik Davis,RB,DAL,WAS,3.1222535279675925,3.412685006471561,3.412685006471561,0,6.953148469404866,4.1906550461485725,Medium,75,Neutral
2026-09-20 23:35:31 +0000,2.5,2,00-0041125,Seth McGowan,RB,IND,KC,1.6590624494620871,2.053936828214315,2.053936828214315,0,5.184275693366731,3.0109528980360203,High,75,Neutral
2026-09-20 14:45:15 +0000,2.5,2,00-0038555,Tank Bigsby,RB,PHI,TEN,3.0797165645440665,3.5513857792218877,3.5513857792218877,0,7.375471297113723,5.339770194966193,Low,76,Neutral
2026-09-20 23:35:31 +0000,2.5,2,00-0040179,DJ Giddens,RB,IND,KC,1.6383223649228038,1.898643854170246,1.898643854170246,0,5.469259576277692,3.0109528980360203,High,77,Neutral
2026-09-20 14:45:15 +0000,2.5,2,00-0033955,Jeremy McNichols,RB,WAS,DAL,3.0635835423745537,3.453260355716351,3.453260355716351,0,7.049095300660599,4.1906550461485725,Medium,78,Neutral
2026-09-20 14:45:15 +0000,2.5,2,00-0038705,Emari Demercado,RB,DAL,WAS,2.9664481171237673,3.575651936341928,3.575651936341928,0,6.771246717725788,4.1906550461485725,Medium,80,Neutral
2026-09-20 14:45:15 +0000,2.5,2,00-0038797,Emanuel Wilson,RB,SEA,ARI,2.902917623036317,3.4101602343054216,3.4101602343054216,0,6.928863005521934,5.339770194966193,Low,81,Neutral
2026-09-20 14:45:15 +0000,2.5,2,00-0040556,Corey Kiner,RB,NE,PIT,2.8614817907350436,3.306719804085035,3.306719804085035,0,6.794848896151818,3.0109528980360203,High,82,Neutral
2026-09-20 14:45:15 +0000,2.5,2,00-0038488,Brady Russell,RB,SEA,ARI,2.6219125594052564,2.721319244781121,2.721319244781121,0,6.186271518578802,4.1906550461485725,Medium,84,Neutral
2026-09-20 14:45:15 +0000,2.5,2,00-0041096,Kaytron Allen,RB,WAS,DAL,2.5874221172610503,3.044887878593885,3.044887878593885,0,6.741064938300627,3.0109528980360203,High,85,Neutral
2026-09-20 14:45:15 +0000,2.5,2,00-0040177,Jordan James,RB,SF,MIA,2.546678124830765,3.100829480610635,3.100829480610635,0,6.313873896558921,3.0109528980360203,High,86,Neutral
2026-09-20 14:45:15 +0000,2.5,2,00-0039874,Jaylen Wright,RB,MIA,SF,2.4441318981518636,2.9445922194024337,2.9445922194024337,0,6.810676946315643,5.339770194966193,Low,87,Neutral
2026-09-20 14:45:15 +0000,2.5,2,00-0040238,LeQuint Allen Jr.,RB,JAX,DEN,2.3903879374972568,2.9269229472693357,2.9269229472693357,0,6.578171044738966,3.0109528980360203,High,88,Neutral
2026-09-20 14:45:15 +0000,2.5,2,00-0036984,Trey Sermon,RB,ATL,CAR,2.3856447843656596,2.8782351226956586,2.8782351226956586,0,6.066903009951567,3.0109528980360203,High,89,Neutral
2026-09-20 14:45:15 +0000,2.5,2,00-0040162,Dylan Sampson,RB,CLE,TB,2.3667822102815976,2.885338439843636,2.885338439843636,0,6.232493830845463,5.339770194966193,Low,90,Neutral
2026-09-20 14:45:15 +0000,2.5,2,00-0040198,Ollie Gordon II,RB,MIA,SF,2.353114481192208,2.7191597328602937,2.7191597328602937,0,6.396428614114664,4.1906550461485725,Medium,91,Neutral
2026-09-20 14:45:15 +0000,2.5,2,00-0040142,Kaleb Johnson,RB,GB,NYJ,2.3037964197169334,2.931757369519783,2.931757369519783,0,6.658976662713368,5.339770194966193,Low,92,Neutral
2026-09-20 14:45:15 +0000,2.5,2,00-0039746,Will Shipley,RB,PHI,TEN,2.3020647631904048,2.471466079612653,2.471466079612653,0,6.185241812078251,3.0109528980360203,High,93,Neutral
2026-09-20 14:45:15 +0000,2.5,2,00-0037085,Tyler Badie,RB,DEN,JAX,2.261999623254081,2.6577680512200375,2.6577680512200375,0,5.729086232530393,3.0109528980360203,High,94,Neutral
2026-09-20 14:45:15 +0000,2.5,2,00-0040937,Dominic Richardson,RB,NYJ,GB,2.245119988298673,2.7175045345173823,2.7175045345173823,0,6.685372174124285,4.1906550461485725,Medium,95,Neutral
2026-09-20 14:45:15 +0000,2.5,2,00-0040886,Nicholas Singleton,RB,TEN,PHI,2.2339736581855743,2.6029079983651253,2.6029079983651253,0,6.470373297904672,3.0109528980360203,High,96,Neutral
2026-09-20 14:45:15 +0000,2.5,2,00-0041496,Jonah Coleman,RB,DEN,JAX,2.15139452298352,2.6251382498495475,2.6251382498495475,0,6.3906770397191615,5.339770194966193,Low,97,Neutral
2026-09-20 14:45:15 +0000,2.5,2,00-0038738,Hunter Luepke,RB,DAL,WAS,2.1419196414616795,2.233401015779389,2.233401015779389,0,6.074782992127046,3.0109528980360203,High,98,Neutral
2026-09-20 14:45:15 +0000,2.5,2,00-0040644,Trevor Etienne,RB,CAR,ATL,2.0264487220243295,2.3878965652266686,2.3878965652266686,0,5.741472581690093,3.0109528980360203,High,99,Neutral
2026-09-20 14:45:15 +0000,2.5,2,00-0041323,Myles Montgomery,RB,NE,PIT,2.005553176786903,2.387368410522602,2.387368410522602,0,5.822226935499328,3.0109528980360203,High,100,Neutral
2026-09-20 14:45:15 +0000,2.5,2,00-0041239,Chip Trayanum,RB,NYJ,GB,1.9680589867123277,2.3905828187136864,2.3905828187136864,0,5.011314913946663,3.0109528980360203,High,101,Neutral
2026-09-20 14:45:15 +0000,2.5,2,00-0040888,Adam Randall,RB,BAL,NO,1.815889072834244,2.232218828114428,2.232218828114428,0,5.616113123687359,3.0109528980360203,High,102,Neutral
2026-09-20 14:45:15 +0000,2.5,2,00-0041104,Demond Claiborne,RB,MIN,CHI,1.8147613616430465,2.200389611102811,2.200389611102811,0,5.688658430471055,3.0109528980360203,High,103,Neutral
2026-09-20 14:45:15 +0000,2.5,2,00-0029892,Kyle Juszczyk,RB,SF,MIA,1.7745508004870916,2.0926816363628284,2.0926816363628284,0,6.074995691002424,3.0109528980360203,High,104,Neutral
2026-09-20 14:45:15 +0000,2.5,2,00-0041436,DJ Herman,RB,MIA,SF,1.7645436542302115,2.0373408137431803,2.0373408137431803,0,5.729862250577645,3.0109528980360203,High,105,Neutral
2026-09-20 14:45:15 +0000,2.5,2,00-0041081,Max Bredeson,RB,MIN,CHI,1.7423473774868428,2.0969410623082347,2.0969410623082347,0,6.229989840847273,3.0109528980360203,High,106,Neutral
2026-09-20 14:45:15 +0000,2.5,2,00-0039363,Isaac Guerendo,RB,SF,MIA,1.7360700983476776,2.044160453857714,2.044160453857714,0,5.551794718995334,3.0109528980360203,High,107,Neutral
2026-09-20 14:45:15 +0000,2.5,2,00-0037276,Ty Chandler,RB,NO,BAL,1.7123983838350154,1.9918069978825503,1.9918069978825503,0,5.762518138307431,4.1906550461485725,Medium,108,Neutral
2026-09-20 14:45:15 +0000,2.5,2,00-0037594,Julius Chestnut,RB,TEN,PHI,1.6808579824799208,1.9241317712741108,1.9241317712741108,0,6.025873218832557,3.0109528980360203,High,109,Neutral
2026-09-20 14:45:15 +0000,2.5,2,00-0039603,British Brooks,RB,HOU,CIN,1.647056660789532,2.0174949477659556,2.0174949477659556,0,6.250441273063812,3.0109528980360203,High,110,Neutral
2026-09-20 14:45:15 +0000,2.5,2,00-0039021,Roschon Johnson,RB,CHI,MIN,1.6368597983019693,2.250608022538983,2.250608022538983,0,5.6809496469123655,3.0109528980360203,High,111,Neutral
2026-09-20 14:45:15 +0000,2.5,2,00-0036670,Jermar Jefferson,RB,MIN,CHI,1.4948106153291825,1.8147478420794527,1.8147478420794527,0,5.480322373615227,3.0109528980360203,High,115,Neutral
2026-09-20 14:45:15 +0000,2.5,2,00-0031595,Michael Burton,RB,CLE,TB,1.4678694198411473,1.7032578942153809,1.7032578942153809,0,5.272668020443168,3.0109528980360203,High,116,Neutral
2026-09-20 14:45:15 +0000,2.5,2,00-0041490,Eli Heidenreich,RB,PIT,NE,1.4602969984951524,1.9027811389228997,1.9027811389228997,0,5.504386847105548,4.1906550461485725,Medium,117,Neutral
2026-09-20 14:45:15 +0000,2.5,2,00-0037304,Connor Heyward,RB,LV,LAC,1.4418255191411986,1.7530974123259973,1.7530974123259973,0,5.4338722429491115,3.0109528980360203,High,118,Neutral
2026-09-20 14:45:15 +0000,2.5,2,00-0040649,Robbie Ouzts,RB,SEA,ARI,1.4393394615518338,1.6353973442979208,1.6353973442979208,0,5.882705045083342,3.0109528980360203,High,119,Neutral
2026-09-20 14:45:15 +0000,2.5,2,00-0039244,Chris Collier,RB,LV,LAC,1.414255247150058,1.717404047128976,1.717404047128976,0,5.594809437477751,3.0109528980360203,High,120,Neutral
2026-09-20 14:45:15 +0000,2.5,2,00-0038614,Scott Matlock,RB,LAC,LV,1.3931307707852278,1.6042141282311726,1.6042141282311726,0,4.8187384480857824,3.0109528980360203,High,121,Neutral
2026-09-20 14:45:15 +0000,2.5,2,00-0036187,Reggie Gilliam,RB,NE,PIT,1.359287895685481,1.6112733255199692,1.6112733255199692,0,5.194499676989617,3.0109528980360203,High,122,Neutral
2026-09-20 14:45:15 +0000,2.5,2,00-0034959,Andrew Beck,RB,NYJ,GB,1.3467322126588277,1.6151390608664145,1.6151390608664145,0,5.542529371388907,3.0109528980360203,High,123,Neutral
2026-09-20 14:45:15 +0000,2.5,2,00-0035125,Alec Ingold,RB,LAC,LV,1.3436276404446683,1.550596624383802,1.550596624383802,0,5.333338334094579,3.0109528980360203,High,124,Neutral
2026-09-20 14:45:15 +0000,2.5,2,00-0039796,Rasheen Ali,RB,BAL,NO,1.2092706509887583,1.645864321853349,1.645864321853349,0,4.826818563113537,3.0109528980360203,High,125,Neutral
2026-09-20 14:45:15 +0000,2.5,2,00-0040208,Tahj Brooks,RB,CIN,HOU,0.9808207598506204,1.2491336801476125,1.2491336801476125,0,5.1614380053340625,3.0109528980360203,High,126,Neutral
2026-09-20 14:45:15 +0000,2.5,2,00-0039407,Dylan Laube,RB,LV,LAC,0.945196253036386,1.2618020197819049,1.2618020197819049,0,5.035848722752084,3.0109528980360203,High,127,Neutral
2026-09-20 14:45:15 +0000,2.5,2,00-0036842,Kene Nwangwu,RB,NYJ,GB,0,0,0,0,0,3.0109528980360203,High,128,Neutral
2026-09-17 20:14:33 +0000,2.5,2,00-0037197,Isiah Pacheco,RB,DET,BUF,4.403951397156735,4.403951397156735,NA,1.0196508681767418,8.57046670232428,5.339770194966193,Low,NA,NA
2026-09-17 20:14:33 +0000,2.5,2,00-0038896,Jacob Saylors,RB,DET,BUF,1.1315298318367528,1.1315298318367528,NA,0,4.864388845905016,3.0109528980360203,High,NA,NA
2026-09-17 20:14:33 +0000,2.5,2,00-0039139,Jahmyr Gibbs,RB,DET,BUF,19.082283913158125,19.082283913158125,NA,15.714283798195378,23.367317995627175,5.339770194966193,Low,NA,NA
2026-09-17 20:14:33 +0000,2.5,2,00-0037248,James Cook,RB,BUF,DET,15.210310905382755,15.210310905382755,NA,11.78474292085355,19.03392514211486,4.1906550461485725,Medium,NA,NA
2026-09-17 20:14:33 +0000,2.5,2,00-0039875,Ray Davis,RB,BUF,DET,2.430663274181945,2.430663274181945,NA,0,5.99502223335549,4.1906550461485725,Medium,NA,NA
2026-09-17 20:14:33 +0000,2.5,2,00-0039364,Sione Vaki,RB,DET,BUF,2.843879787259708,2.843879787259708,NA,0,7.2104248354234866,3.0109528980360203,High,NA,NA
2026-09-17 20:14:33 +0000,2.5,2,00-0035537,Ty Johnson,RB,BUF,DET,3.67111607490109,3.67111607490109,NA,0.2882079392053039,7.966870807470747,3.0109528980360203,High,NA,NA
2026-09-21 17:08:27 +0000,2.5,2,00-0037838,Isaiah Likely,TE,NYG,LA,6.808358799249563,6.808358799249563,6.560028364117832,3.9487652509057094,9.20093578627634,4.217192999645614,Low,1,Neutral
2026-09-20 14:45:15 +0000,2.5,2,00-0037744,Trey McBride,TE,ARI,SEA,12.155736881264689,12.155736881264689,12.380032766959534,9.50078680195353,14.764139749582514,4.217192999645614,Low,1,Neutral
2026-09-20 14:45:15 +0000,2.5,2,00-0034351,Dallas Goedert,TE,PHI,TEN,9.973428713669414,9.973428713669414,9.109184682705049,7.059881899147841,12.56585830573172,4.217192999645614,Low,2,C
2026-09-20 23:35:31 +0000,2.5,2,00-0030506,Travis Kelce,TE,KC,IND,11.22496425873237,11.22496425873237,10.72858189725159,8.497823717098798,13.51799027982069,4.217192999645614,Low,2,B+
2026-09-20 14:45:15 +0000,2.5,2,00-0033288,George Kittle,TE,SF,MIA,8.962833038500065,8.962833038500065,8.4489239303056909,6.314250650702479,11.298519852580265,4.217192999645614,Low,4,B+
2026-09-21 17:08:27 +0000,2.5,2,00-0036244,Colby Parkinson,TE,LA,NYG,4.2505143064373305,4.2505143064373305,4.000057599947261,1.5073222339138337,7.061059252835293,2.8419404727693593,Medium,5,Neutral
2026-09-20 14:45:15 +0000,2.5,2,00-0038996,Tucker Kraft,TE,GB,NYJ,8.757181181785771,8.757181181785771,7.631154593284414,6.094225343976056,10.906915167804009,4.217192999645614,Low,5,Neutral
2026-09-20 14:45:15 +0000,2.5,2,00-0040663,Harold Fannin Jr.,TE,CLE,TB,8.223683430015539,8.223683430015539,8.337587149962285,5.365331696499149,10.794696029532602,4.217192999645614,Low,6,Neutral
2026-09-20 14:45:15 +0000,2.5,2,00-0038129,Cade Otton,TE,TB,CLE,8.158784146084159,8.158784146084159,8.086456373150122,5.5023520366357355,10.923215390622246,2.8419404727693593,Medium,7,Neutral
2026-09-20 14:45:15 +0000,2.5,2,00-0034753,Mark Andrews,TE,BAL,NO,8.003102711955197,8.003102711955197,7.971026451556135,5.212150873709398,10.352704792363522,2.8419404727693593,Medium,8,Neutral
2026-09-21 17:08:27 +0000,2.5,2,00-0039847,Theo Johnson,TE,NYG,LA,3.7999585470700454,3.7999585470700454,4.389525951612895,0.9446031430029278,6.402181891577466,4.217192999645614,Low,8,Neutral
2026-09-20 23:35:31 +0000,2.5,2,00-0040128,Tyler Warren,TE,IND,KC,7.000246273896467,7.000246273896467,7.211050022212074,4.338664888764473,9.443282142631716,2.8419404727693593,Medium,8,Neutral
2026-09-20 14:45:15 +0000,2.5,2,00-0036040,Juwan Johnson,TE,NO,BAL,8.001435049138264,8.001435049138264,8.21476759649493,5.175758730393747,10.427252504332795,1.9902699491608615,High,9,D
2026-09-20 14:45:15 +0000,2.5,2,00-0039066,Michael Mayer,TE,LV,LAC,7.49566167185219,7.49566167185219,7.206710794440214,4.796020410335181,10.139363565019831,2.8419404727693593,Medium,10,Neutral
2026-09-21 17:08:27 +0000,2.5,2,00-0040737,Terrance Ferguson,TE,LA,NYG,3.1898084575573966,3.1898084575573966,3.034174829644011,0.4344090258383428,5.3341188611706105,1.9902699491608615,High,10,Neutral
2026-09-20 14:45:15 +0000,2.5,2,00-0034383,Dalton Schultz,TE,HOU,CIN,7.275969975206413,7.275969975206413,7.383230524940781,4.446595994100592,9.892526524484222,2.8419404727693593,Medium,11,Neutral
2026-09-21 17:08:27 +0000,2.5,2,00-0033110,Tyler Higbee,TE,LA,NYG,2.7243568614263163,2.7243568614263163,2.8182462097865506,0,5.106607462095079,2.8419404727693593,Medium,12,Neutral
2026-09-20 14:45:15 +0000,2.5,2,00-0036894,Pat Freiermuth,TE,PIT,NE,7.0724953929142815,7.0724953929142815,6.900004438739136,4.410914007782288,9.515531261649532,1.9902699491608615,High,13,C
2026-09-20 14:45:15 +0000,2.5,2,00-0035229,T.J. Hockenson,TE,MIN,CHI,7.020198258625472,7.020198258625472,6.470573819949543,4.1606047102816195,9.412775245652249,2.8419404727693593,Medium,14,Neutral
2026-09-20 14:45:15 +0000,2.5,2,00-0041032,Kenyon Sadiq,TE,NYJ,GB,6.720383195134119,6.720383195134119,6.573074888963747,4.008561582226005,8.910134375954426,1.9902699491608615,High,16,Neutral
2026-09-21 17:08:27 +0000,2.5,2,00-0041510,Max Klare,TE,LA,NYG,1.9129815377313344,1.9129815377313344,1.9116707339885783,0,4.262841170328794,1.9902699491608615,High,16,Neutral
2026-09-20 14:45:15 +0000,2.5,2,00-0033885,David Njoku,TE,LAC,LV,6.4624073733409135,6.4624073733409135,5.766254767843502,3.657686645419816,8.62562288419025,1.9902699491608615,High,17,Neutral
2026-09-21 17:08:27 +0000,2.5,2,00-0039074,Davis Allen,TE,LA,NYG,1.8631400419393445,1.8631400419393445,1.958638421579374,0,4.181533538436955,1.9902699491608615,High,17,Neutral
2026-09-20 14:45:15 +0000,2.5,2,00-0039793,AJ Barner,TE,SEA,ARI,6.460332828474568,6.460332828474568,6.190874361537347,3.7533928017736393,9.306923058482596,2.8419404727693593,Medium,18,Neutral
2026-09-20 14:45:15 +0000,2.5,2,00-0035644,Noah Fant,TE,NO,BAL,6.381189718494795,6.381189718494795,5.572093744891301,3.677864390529656,8.924820318422135,2.8419404727693593,Medium,19,Neutral
2026-09-20 14:45:15 +0000,2.5,2,00-0033881,Evan Engram,TE,DEN,JAX,6.181292659839064,6.181292659839064,6.171713003304865,3.351673557814886,8.53845994694129,1.9902699491608615,High,20,Neutral
2026-09-20 14:45:15 +0000,2.5,2,00-0040736,Mason Taylor,TE,NYJ,GB,6.093533315672744,6.093533315672744,5.820182617883829,3.270285439630785,8.289083805168843,2.8419404727693593,Medium,21,Neutral
2026-09-20 14:45:15 +0000,2.5,2,00-0034829,Mike Gesicki,TE,CIN,HOU,5.965819035715435,5.965819035715435,5.732523345990825,3.0683163661911728,8.339587380252793,1.9902699491608615,High,22,Neutral
2026-09-20 14:45:15 +0000,2.5,2,00-0038935,Brenton Strange,TE,JAX,DEN,5.910597628098326,5.910597628098326,6.189161087206655,3.2330504238322897,8.233169836176806,2.8419404727693593,Medium,23,Neutral
2026-09-20 14:45:15 +0000,2.5,2,00-0035249,Josh Oliver,TE,MIN,CHI,5.6725650004370545,5.6725650004370545,5.17710330048536,2.931330799334072,8.074725574092756,2.8419404727693593,Medium,24,Neutral
2026-09-20 14:45:15 +0000,2.5,2,00-0040584,Gunnar Helm,TE,TEN,PHI,5.612927788240802,5.612927788240802,5.87246148216483,2.8338801384068377,8.055341704482721,2.8419404727693593,Medium,25,Neutral
2026-09-20 14:45:15 +0000,2.5,2,00-0033090,Hunter Henry,TE,NE,PIT,5.4171866341669705,5.4171866341669705,5.442039557931947,2.6561815927048547,7.6695847575055325,2.8419404727693593,Medium,26,Neutral
2026-09-20 14:45:15 +0000,2.5,2,00-0038041,Jake Ferguson,TE,DAL,WAS,5.269407985978864,5.269407985978864,5.387814676418912,2.471337466147999,7.956434823845285,2.8419404727693593,Medium,27,Neutral
2026-09-20 14:45:15 +0000,2.5,2,00-0036970,Kyle Pitts,TE,ATL,CAR,5.244724303841445,5.244724303841445,5.317978545932731,2.4619225128307507,7.506847096822147,2.8419404727693593,Medium,28,Neutral
2026-09-20 23:35:31 +0000,2.5,2,00-0036637,Noah Gray,TE,KC,IND,2.486992686780847,2.486992686780847,2.476530786942338,0,4.656343654455927,1.9902699491608615,High,28,Neutral
2026-09-20 14:45:15 +0000,2.5,2,00-0040126,Colston Loveland,TE,CHI,MIN,5.169633588845333,5.169633588845333,5.5059313157516065,2.506026023960087,7.501753860437363,2.8419404727693593,Medium,29,Neutral
2026-09-20 14:45:15 +0000,2.5,2,00-0037005,Tommy Tremble,TE,CAR,ATL,5.054156186514236,5.054156186514236,4.935702054246936,2.3747966503229434,7.533332454347823,1.9902699491608615,High,30,Neutral
2026-09-20 14:45:15 +0000,2.5,2,00-0033858,Jonnu Smith,TE,GB,NYJ,4.746377770569282,4.746377770569282,4.550205667301959,2.0812593968708724,7.352924880434131,2.8419404727693593,Medium,31,Neutral
2026-09-20 14:45:15 +0000,2.5,2,00-0037252,Greg Dulcich,TE,MIA,SF,4.41597361869845,4.41597361869845,4.67710678718025,1.748746789472463,6.907966891724072,1.9902699491608615,High,32,Neutral
2026-09-20 14:45:15 +0000,2.5,2,00-0036290,Cole Kmet,TE,CHI,MIN,4.290674128731697,4.290674128731697,5.01534053503627,1.545993729495911,6.876778007912268,2.8419404727693593,Medium,33,Neutral
2026-09-20 14:45:15 +0000,2.5,2,00-0040189,Oronde Gadsden II,TE,LAC,LV,3.9735000936754856,3.9735000936754856,4.209591614226841,1.2303080211519888,6.784045040073448,4.217192999645614,Low,35,Neutral
2026-09-20 14:45:15 +0000,2.5,2,00-0037112,Jake Tonges,TE,SF,MIA,3.868860207818425,3.868860207818425,3.914453021674015,1.159582325589812,6.453369593502655,1.9902699491608615,High,36,Neutral
2026-09-20 14:45:15 +0000,2.5,2,00-0038558,Darnell Washington,TE,PIT,NE,3.817402182215152,3.817402182215152,3.9327891839914946,1.2552182401286165,6.298854854367541,1.9902699491608615,High,37,Neutral
2026-09-20 14:45:15 +0000,2.5,2,00-0036628,John Bates,TE,WAS,DAL,3.795666523376424,3.795666523376424,3.786498874505741,1.1407323866843202,6.3454885819058,1.9902699491608615,High,38,Neutral
2026-09-20 14:45:15 +0000,2.5,2,00-0036887,Luke Farrell,TE,SF,MIA,3.7619919641336126,3.7619919641336126,3.2513299560941,0.9023984157897595,6.040065607789391,1.9902699491608615,High,40,Neutral
2026-09-20 14:45:15 +0000,2.5,2,00-0035631,Drew Sample,TE,CIN,HOU,3.5626582083091205,3.5626582083091205,3.4201576521480708,0.8715094381233939,6.067547314762613,1.9902699491608615,High,41,Neutral
2026-09-20 14:45:15 +0000,2.5,2,00-0041395,Eli Raridon,TE,NE,PIT,3.2670322377848633,3.2670322377848633,3.3458007809743604,0.5160343394191389,5.494193872583534,1.9902699491608615,High,42,Neutral
2026-09-20 14:45:15 +0000,2.5,2,00-0031610,Darren Waller,TE,CAR,ATL,3.129968006104425,3.129968006104425,3.3824775000148626,0.34340586935550443,5.647058580177684,4.217192999645614,Low,44,Neutral
2026-09-20 14:45:15 +0000,2.5,2,00-0036422,Adam Trautman,TE,DEN,JAX,2.8206973569647635,2.8206973569647635,2.886372732789999,0.05564380328776108,5.246514812159295,1.9902699491608615,High,45,Neutral
2026-09-20 14:45:15 +0000,2.5,2,00-0034981,Foster Moreau,TE,HOU,CIN,2.389956783416475,2.389956783416475,2.637976130918363,0,4.815929105700395,1.9902699491608615,High,48,Neutral
2026-09-20 14:45:15 +0000,2.5,2,00-0041503,Nate Boerkircher,TE,JAX,DEN,2.318841965775428,2.318841965775428,2.3909908703360045,0,4.488192933450508,1.9902699491608615,High,49,Neutral
2026-09-20 14:45:15 +0000,2.5,2,00-0032392,Austin Hooper,TE,ATL,CAR,2.2300707128838164,2.2300707128838164,2.6754236787054886,0,4.356467025269112,1.9902699491608615,High,50,Neutral
2026-09-20 14:45:15 +0000,2.5,2,00-0040187,Mitchell Evans,TE,CAR,ATL,2.1385858457995663,2.1385858457995663,2.317032184411592,0,4.73972824896763,1.9902699491608615,High,51,Neutral
2026-09-20 14:45:15 +0000,2.5,2,00-0039356,Ja'Tavion Sanders,TE,CAR,ATL,2.1384276930633117,2.1384276930633117,2.538709977117306,0,4.723494694717559,1.9902699491608615,High,52,Neutral
2026-09-20 14:45:15 +0000,2.5,2,00-0034798,Durham Smythe,TE,BAL,NO,2.1242743252718164,2.1242743252718164,2.140068846888759,0,5.078390142101849,1.9902699491608615,High,53,Neutral
2026-09-20 23:35:31 +0000,2.5,2,00-0040081,Jake Briningstool,TE,KC,IND,1.2631301934530508,1.2631301934530508,1.3073778452646607,0,3.58035611309335,2.8419404727693593,Medium,53,Neutral
2026-09-20 14:45:15 +0000,2.5,2,00-0041558,Sam Roush,TE,CHI,MIN,2.033526559977079,2.033526559977079,2.4445553084305356,0,4.6519799007805265,1.9902699491608615,High,54,Neutral
2026-09-20 14:45:15 +0000,2.5,2,00-0041077,Justin Joly,TE,MIA,SF,2.014538939124754,2.014538939124754,2.5143418370863233,0,4.396789539793516,1.9902699491608615,High,55,Neutral
2026-09-20 14:45:15 +0000,2.5,2,00-0039530,Brevyn Spann-Ford,TE,DAL,WAS,1.9852644850656187,1.9852644850656187,2.088281211802878,0,4.464440752899206,2.8419404727693593,Medium,56,Neutral
2026-09-20 14:45:15 +0000,2.5,2,00-0037805,Jeremy Ruckert,TE,NYJ,GB,1.9341268801265643,1.9341268801265643,2.003514266538734,0,4.510094162809751,1.9902699491608615,High,57,Neutral
2026-09-20 23:35:31 +0000,2.5,2,00-0038394,Will Mallory,TE,IND,KC,1.108929062734589,1.108929062734589,1.397466454195129,0,3.2190073896021723,1.9902699491608615,High,57,Neutral
2026-09-20 14:45:15 +0000,2.5,2,00-0041577,Connor Hulstein,TE,NYJ,GB,1.8816975170549195,1.8816975170549195,1.613862697113848,0,4.351931127133165,2.8419404727693593,Medium,59,Neutral
2026-09-20 14:45:15 +0000,2.5,2,00-0040879,Matthew Hibner,TE,BAL,NO,1.7000229716409918,1.7000229716409918,1.8703603010291467,0,4.010633346951475,1.9902699491608615,High,61,Neutral
2026-09-20 14:45:15 +0000,2.5,2,00-0038547,Luke Schoonmaker,TE,DAL,WAS,1.698171161521401,1.698171161521401,1.76452177649841,0,3.5643154040687164,1.9902699491608615,High,62,Neutral
2026-09-20 14:45:15 +0000,2.5,2,00-0041483,Eli Stowers,TE,PHI,TEN,1.680789966203089,1.680789966203089,1.8935524619919932,0,4.0050937485943,1.9902699491608615,High,63,Neutral
2026-09-20 14:45:15 +0000,2.5,2,00-0038046,Charlie Kolar,TE,LAC,LV,1.670732747283132,1.670732747283132,1.6519093047039224,0,3.7305678604117545,1.9902699491608615,High,64,Neutral
2026-09-21 17:08:27 +0000,2.5,2,00-0040225,Thomas Fidone II,TE,NYG,LA,0.6746289337852136,0.6746289337852136,1.046533668558367,0,3.2882223847625216,1.9902699491608615,High,64,Neutral
2026-09-20 14:45:15 +0000,2.5,2,00-0041041,Oscar Delp,TE,NO,BAL,1.6279545618616416,1.6279545618616416,1.8691890719325184,0,3.8356311736239017,1.9902699491608615,High,65,Neutral
2026-09-20 14:45:15 +0000,2.5,2,00-0039144,Luke Musgrave,TE,GB,NYJ,1.599514608613245,1.599514608613245,1.7109193223462733,0,4.104403715066738,2.8419404727693593,Medium,67,Neutral
2026-09-20 14:45:15 +0000,2.5,2,00-0040739,Elijah Arroyo,TE,SEA,ARI,1.5742958251363874,1.5742958251363874,1.7866679986314624,0,4.329484841021394,2.8419404727693593,Medium,68,Neutral
2026-09-20 14:45:15 +0000,2.5,2,00-0038115,Daniel Bellinger,TE,TEN,PHI,1.5558477144560086,1.5558477144560086,2.0117934221649625,0,4.169031024667343,1.9902699491608615,High,69,Neutral
2026-09-20 23:35:31 +0000,2.5,2,00-0033217,Mo Alie-Cox,TE,IND,KC,0.9292875565592844,0.9292875565592844,1.3732896107131936,0,3.147194086742491,2.8419404727693593,Medium,69,Neutral
2026-09-20 14:45:15 +0000,2.5,2,00-0041116,Jack Endries,TE,CIN,HOU,1.5378187666414536,1.5378187666414536,1.7700420275888389,0,4.114822926850965,1.9902699491608615,High,70,Neutral
2026-09-20 14:45:15 +0000,2.5,2,00-0041472,Marlin Klein,TE,HOU,CIN,1.535930571170284,1.535930571170284,1.8362302675959303,0,3.8543240676678954,1.9902699491608615,High,71,Neutral
2026-09-20 23:35:31 +0000,2.5,2,00-0040955,John Michael Gyllenborg,TE,KC,IND,0.9085057398352856,0.9085057398352856,1.2421171779069695,0,3.256267308153557,2.8419404727693593,Medium,72,Neutral
2026-09-20 14:45:15 +0000,2.5,2,00-0041524,Will Kacmarek,TE,MIA,SF,1.4934440946956793,1.4934440946956793,1.7278135357928537,0,3.8433037272931383,1.9902699491608615,High,72,Neutral
2026-09-20 14:45:15 +0000,2.5,2,00-0039041,Elijah Higgins,TE,ARI,SEA,1.3774304546072569,1.3774304546072569,1.6632806486475362,0,3.7007821023700007,1.9902699491608615,High,74,Neutral
2026-09-20 14:45:15 +0000,2.5,2,00-0038710,Blake Whiteheart,TE,CLE,TB,1.3351764142404223,1.3351764142404223,1.5122202413658503,0,4.043342276530476,4.217192999645614,Low,76,Neutral
2026-09-20 23:35:31 +0000,2.5,2,00-0040853,Carson Towt,TE,IND,KC,0.8581714017063524,0.8581714017063524,1.153201239963356,0,3.314259775488677,2.8419404727693593,Medium,76,Neutral
2026-09-21 17:08:27 +0000,2.5,2,00-0031484,Chris Manhertz,TE,NYG,LA,0.5726538915603265,0.5726538915603265,0.962987497616032,0,2.8647155834422215,2.8419404727693593,Medium,76,Neutral
2026-09-20 14:45:15 +0000,2.5,2,00-0039912,Ben Sinnott,TE,WAS,DAL,1.2905504632935711,1.2905504632935711,1.5973588337465563,0,3.3800070892932377,2.8419404727693593,Medium,77,Neutral
2026-09-20 14:45:15 +0000,2.5,2,00-0037004,Hunter Long,TE,ARI,SEA,1.2783200803432462,1.2783200803432462,1.4090195734997717,0,3.72722612614135,1.9902699491608615,High,78,Neutral
2026-09-20 23:35:31 +0000,2.5,2,00-0039824,Jared Wiley,TE,KC,IND,0.8385715345329285,0.8385715345329285,1.044150030539364,0,3.3265314989971984,1.9902699491608615,High,78,Neutral
2026-09-20 14:45:15 +0000,2.5,2,00-0041084,Tanner Koziol,TE,JAX,DEN,1.2464842891834524,1.2464842891834524,1.579597564897811,0,3.369950691362774,1.9902699491608615,High,79,Neutral
2026-09-20 14:45:15 +0000,2.5,2,00-0039359,Cade Stover,TE,HOU,CIN,1.2280834617721363,1.2280834617721363,1.494046100947374,0,3.655342196239799,1.9902699491608615,High,80,Neutral
2026-09-20 14:45:15 +0000,2.5,2,00-0034365,Ian Thomas,TE,LV,LAC,1.2150212176152229,1.2150212176152229,1.3927155247330023,0,3.325855100747258,1.9902699491608615,High,81,Neutral
2026-09-20 14:45:15 +0000,2.5,2,00-0041133,Dallen Bentley,TE,DEN,JAX,1.1864737487310322,1.1864737487310322,1.129031116928857,0,3.642562122513357,1.9902699491608615,High,82,Neutral
2026-09-20 14:45:15 +0000,2.5,2,00-0038783,Nate Adkins,TE,DEN,JAX,1.156046986216491,1.156046986216491,1.1440166614764484,0,3.5389993667525546,2.8419404727693593,Medium,83,Neutral
2026-09-20 14:45:15 +0000,2.5,2,00-0039050,Payne Durham,TE,TB,CLE,1.153752221191915,1.153752221191915,1.0587007118183682,0,3.7939626555520705,1.9902699491608615,High,84,Neutral
2026-09-20 14:45:15 +0000,2.5,2,00-0041094,Bauer Sharp,TE,TB,CLE,1.1259721971757228,1.1259721971757228,1.0135510335165416,0,3.38409903124836,1.9902699491608615,High,85,Neutral
2026-09-20 14:45:15 +0000,2.5,2,00-0036590,Quintin Morris,TE,JAX,DEN,1.1160082200196406,1.1160082200196406,1.3806280246091571,0,3.689265548576134,2.8419404727693593,Medium,86,Neutral
2026-09-20 14:45:15 +0000,2.5,2,00-0041398,Riley Nowakowski,TE,PIT,NE,1.077900159913073,1.077900159913073,1.2629869756384156,0,3.4646415844038625,1.9902699491608615,High,88,Neutral
2026-09-20 14:45:15 +0000,2.5,2,00-0040887,Josh Cuevas,TE,BAL,NO,1.0566993225514356,1.0566993225514356,1.3186981454665314,0,3.7666376711292977,1.9902699491608615,High,89,Neutral
2026-09-20 14:45:15 +0000,2.5,2,00-0040240,Caleb Lohner,TE,DEN,JAX,1.051019041982647,1.051019041982647,0.9428846281014296,0,3.1630169653554314,1.9902699491608615,High,90,Neutral
2026-09-20 14:45:15 +0000,2.5,2,00-0037311,Ko Kieft,TE,TB,CLE,1.032509290698462,1.032509290698462,0.9230139593481812,0,3.4898286171541035,1.9902699491608615,High,92,Neutral
2026-09-20 14:45:15 +0000,2.5,2,00-0033576,Eric Saubert,TE,SEA,ARI,1.0053532371737404,1.0053532371737404,1.0765585657735393,0,3.548562730866166,1.9902699491608615,High,93,Neutral
2026-09-20 14:45:15 +0000,2.5,2,00-0033246,Johnny Mundt,TE,PHI,TEN,0.9973319768361786,0.9973319768361786,1.3191490955423004,0,3.3795825775049404,2.8419404727693593,Medium,94,Neutral
2026-09-20 23:35:31 +0000,2.5,2,00-0038145,Thomas Odukoya,TE,KC,IND,0.6768213207987435,0.6768213207987435,0.9321296782520464,0,3.0477191239250248,2.8419404727693593,Medium,94,Neutral
2026-09-20 14:45:15 +0000,2.5,2,00-0040244,Moliki Matavao,TE,NO,BAL,0.986101067897249,0.986101067897249,1.3041259493086643,0,3.4456173879174683,1.9902699491608615,High,95,Neutral
2026-09-20 14:45:15 +0000,2.5,2,00-0038720,Julian Hill,TE,NE,PIT,0.9795395296664716,0.9795395296664716,1.3521114531888734,0,2.990319855666465,2.8419404727693593,Medium,96,Neutral
2026-09-20 14:45:15 +0000,2.5,2,00-0039737,Tip Reiman,TE,ARI,SEA,0.9724193411136268,0.9724193411136268,1.0990187237359046,0,3.1087254790816004,1.9902699491608615,High,97,Neutral
2026-09-20 14:45:15 +0000,2.5,2,00-0039338,Brock Bowers,TE,LV,LAC,0.9653164303825406,0.9653164303825406,1.4554810370623987,0,3.3146222796290825,4.217192999645614,Low,99,Neutral
2026-09-20 14:45:15 +0000,2.5,2,00-0037755,Jelani Woods,TE,NYJ,GB,0.9300915013937812,0.9300915013937812,1.034815479392654,0,3.6433857511482466,2.8419404727693593,Medium,100,Neutral
2026-09-20 14:45:15 +0000,2.5,2,00-0039814,Erick All,TE,CIN,HOU,0.9251930872092816,0.9251930872092816,0.9542508248185192,0,3.638487336963747,1.9902699491608615,High,101,Neutral
2026-09-20 23:35:31 +0000,2.5,2,00-0037292,Andrew Ogletree,TE,IND,KC,0.5397784163265367,0.5397784163265367,0.9003713874350496,0,2.854086617085617,1.9902699491608615,High,103,Neutral
2026-09-20 14:45:15 +0000,2.5,2,00-0033757,Robert Tonyan,TE,PIT,NE,0.9048873700371052,0.9048873700371052,1.0925882727116396,0,3.350362342469876,2.8419404727693593,Medium,103,Neutral
2026-09-20 14:45:15 +0000,2.5,2,00-0037086,Grant Calcaterra,TE,PHI,TEN,0.8982251917852246,0.8982251917852246,1.2844684775620527,0,3.190286883667119,1.9902699491608615,High,104,Neutral
2026-09-20 14:45:15 +0000,2.5,2,00-0041366,Jameson Geers,TE,ARI,SEA,0.893658018114672,0.893658018114672,1.1736952493031114,0,3.3663734835111674,2.8419404727693593,Medium,105,Neutral
2026-09-20 14:45:15 +0000,2.5,2,00-0038589,Josh Whyle,TE,GB,NYJ,0.8845379012295331,0.8845379012295331,1.2180850079069585,0,3.562004591592771,1.9902699491608615,High,106,Neutral
2026-09-20 14:45:15 +0000,2.5,2,00-0040901,Jaren Kanak,TE,TEN,PHI,0.865184367345732,0.865184367345732,1.331553934789134,0,3.083090897528938,1.9902699491608615,High,107,Neutral
2026-09-20 14:45:15 +0000,2.5,2,00-0040938,DJ Rogers,TE,DAL,WAS,0.8598076991816477,0.8598076991816477,1.170145182482745,0,3.2093221191451304,2.8419404727693593,Medium,108,Neutral
2026-09-20 14:45:15 +0000,2.5,2,00-0041087,Joe Royer,TE,CLE,TB,0.8417053591174442,0.8417053591174442,1.2390848494304896,0,3.060852159093887,1.9902699491608615,High,110,Neutral
2026-09-20 14:45:15 +0000,2.5,2,00-0041180,Quentin Moore,TE,WAS,DAL,0.8231044387985971,0.8231044387985971,1.1772145995964238,0,3.170866007116869,2.8419404727693593,Medium,111,Neutral
2026-09-20 14:45:15 +0000,2.5,2,00-0041314,Tanner Arkin,TE,NE,PIT,0.8202444647978226,0.8202444647978226,1.1558903632782371,0,3.2041787698194053,2.8419404727693593,Medium,112,Neutral
2026-09-20 14:45:15 +0000,2.5,2,00-0041579,Seydou Traore,TE,MIA,SF,0.7863195923098583,0.7863195923098583,1.245688507496755,0,3.3542063155363513,1.9902699491608615,High,114,Neutral
2026-09-20 14:45:15 +0000,2.5,2,00-0038564,Cameron Latu,TE,NE,PIT,0.7850684381884669,0.7850684381884669,0.9561377424065444,0,3.2510490171708257,1.9902699491608615,High,115,Neutral
2026-09-20 14:45:15 +0000,2.5,2,00-0040598,Mark Redman,TE,GB,NYJ,0.7552290471187859,0.7552290471187859,0.9451098521627688,0,3.2804122312192296,2.8419404727693593,Medium,116,Neutral
2026-09-20 14:45:15 +0000,2.5,2,00-0039263,McCallan Castles,TE,GB,NYJ,0.7490437543833544,0.7490437543833544,0.9334242708666896,0,3.753839972814543,2.8419404727693593,Medium,117,Neutral
2026-09-20 14:45:15 +0000,2.5,2,00-0039936,Thomas Yassmin,TE,GB,NYJ,0.7490437543833544,0.7490437543833544,0.9334242708666896,0,2.7928476564046973,2.8419404727693593,Medium,117,Neutral
2026-09-20 14:45:15 +0000,2.5,2,00-0040488,Carter Runyon,TE,LV,LAC,0.7285544539733101,0.7285544539733101,0.9140584276945488,0,3.0428626547323905,2.8419404727693593,Medium,119,Neutral
2026-09-20 14:45:15 +0000,2.5,2,00-0038809,Ben Sims,TE,MIA,SF,0.711192967730023,0.711192967730023,1.2022835979226638,0,2.990124120117678,4.217192999645614,Low,120,Neutral
2026-09-20 14:45:15 +0000,2.5,2,00-0040058,Nick Kallerup,TE,SEA,ARI,0.7102218506459118,0.7102218506459118,0.8867062840060299,0,3.182937316042407,2.8419404727693593,Medium,121,Neutral
2026-09-20 14:45:15 +0000,2.5,2,00-0036429,Charlie Woerner,TE,ATL,CAR,0.7014646487722769,0.7014646487722769,1.0482172269027623,0,3.0556077045935557,1.9902699491608615,High,122,Neutral
2026-09-20 14:45:15 +0000,2.5,2,00-0036876,Kylen Granson,TE,TEN,PHI,0.6811535513254154,0.6811535513254154,1.0124606825223688,0,2.9136818691185136,1.9902699491608615,High,123,Neutral
2026-09-20 14:45:15 +0000,2.5,2,00-0038735,Princeton Fant,TE,DAL,WAS,0.6782882016836913,0.6782882016836913,0.8974742536305911,0,3.2941141038134263,2.8419404727693593,Medium,124,Neutral
2026-09-20 14:45:15 +0000,2.5,2,00-0040215,Gavin Bartholomew,TE,MIN,CHI,0.6646574018871211,0.6646574018871211,0.9730608360028168,0,3.152617366351391,1.9902699491608615,High,125,Neutral
2026-09-20 14:45:15 +0000,2.5,2,00-0041170,Hayden Large,TE,CHI,MIN,0.6637891105487865,0.6637891105487865,1.1513129622921787,0,2.8845815312163503,2.8419404727693593,Medium,127,Neutral
2026-09-20 14:45:15 +0000,2.5,2,00-0038498,E.J. Jenkins,TE,PHI,TEN,0.6495105222853568,0.6495105222853568,0.8674460716761231,0,3.3297712377916993,2.8419404727693593,Medium,129,Neutral
2026-09-20 14:45:15 +0000,2.5,2,00-0036825,Feleipe Franks,TE,CAR,ATL,0.6403671951114293,0.6403671951114293,0.8201543022172052,0,3.120034334549817,2.8419404727693593,Medium,130,Neutral
2026-09-20 14:45:15 +0000,2.5,2,00-0041131,Carsen Ryan,TE,CLE,TB,0.6255256985771822,0.6255256985771822,0.9725050787981468,0,3.23911914955449,1.9902699491608615,High,131,Neutral
2026-09-20 14:45:15 +0000,2.5,2,00-0036556,Brevin Jordan,TE,HOU,CIN,0.6159019330894908,0.6159019330894908,0.936687230268122,0,2.9079636249713854,2.8419404727693593,Medium,133,Neutral
2026-09-20 14:45:15 +0000,2.5,2,00-0040509,Ben Yurosek,TE,MIN,CHI,0.5840798958333884,0.5840798958333884,0.9234600499824,0,3.4968158166920476,2.8419404727693593,Medium,134,Neutral
2026-09-20 14:45:15 +0000,2.5,2,00-0040504,Bryson Nesbit,TE,MIN,CHI,0.582660112067823,0.582660112067823,0.9233289433740468,0,2.964910712736585,2.8419404727693593,Medium,135,Neutral
2026-09-20 14:45:15 +0000,2.5,2,00-0037078,Cole Turner,TE,MIA,SF,0.5751370029712797,0.5751370029712797,0.9246496701505372,0,2.933091054037921,1.9902699491608615,High,136,Neutral
2026-09-20 14:45:15 +0000,2.5,2,00-0039686,Colson Yankoff,TE,WAS,DAL,0.5673581488590227,0.5673581488590227,0.8053210404207986,0,3.061847258715389,2.8419404727693593,Medium,137,Neutral
2026-09-20 14:45:15 +0000,2.5,2,00-0037031,Nikola Kalinic,TE,CHI,MIN,0.4522544498949177,0.4522544498949177,0.8743639144021036,0,3.0557845274333375,2.8419404727693593,Medium,139,Neutral
2026-09-20 14:45:15 +0000,2.5,2,00-0039648,David Martin-Robinson,TE,TEN,PHI,0.17666664798130938,0.17666664798130938,0.6861534673294388,0,2.721902909496509,4.217192999645614,Low,140,Neutral
2026-09-20 14:45:15 +0000,2.5,2,00-0037809,Chig Okonkwo,TE,WAS,DAL,0,0,0,0,0,4.217192999645614,Low,141,B+
2026-09-17 20:14:33 +0000,2.5,2,00-0036754,Brock Wright,TE,DET,BUF,1.953189842884312,1.953189842884312,NA,0,4.4323661107179,2.8419404727693593,Medium,NA,NA
2026-09-17 20:14:33 +0000,2.5,2,00-0038933,Dalton Kincaid,TE,BUF,DET,9.877119696386035,9.877119696386035,NA,7.1730575219818515,12.21991502280932,2.8419404727693593,Medium,NA,NA
2026-09-17 20:14:33 +0000,2.5,2,00-0035689,Dawson Knox,TE,BUF,DET,3.4424493200410335,3.4424493200410335,NA,0.7101643815155254,5.774066240755711,1.9902699491608615,High,NA,NA
2026-09-17 20:14:33 +0000,2.5,2,00-0040194,Jackson Hawes,TE,BUF,DET,1.4592656284034689,1.4592656284034689,NA,0,4.167431490693523,2.8419404727693593,Medium,NA,NA
2026-09-17 20:14:33 +0000,2.5,2,00-0040390,Jackson Meeks,TE,DET,BUF,0.6001592536222182,0.6001592536222182,NA,0,3.1253424377226615,4.217192999645614,Low,NA,NA
2026-09-17 20:14:33 +0000,2.5,2,00-0040363,Keleki Latu,TE,BUF,DET,1.0700672995069826,1.0700672995069826,NA,0,3.710277733867138,2.8419404727693593,Medium,NA,NA
2026-09-17 20:14:33 +0000,2.5,2,00-0039065,Sam LaPorta,TE,DET,BUF,8.900787133715564,8.900787133715564,NA,6.0751108149710475,11.326604588910095,2.8419404727693593,Medium,NA,NA
2026-09-17 20:14:33 +0000,2.5,2,00-0034270,Tyler Conklin,TE,DET,BUF,1.5992084188814375,1.5992084188814375,NA,0,3.951510563876499,1.9902699491608615,High,NA,NA
2026-09-20 14:45:15 +0000,2.5,2,00-0038543,Jaxon Smith-Njigba,WR,SEA,ARI,13.884741648037508,14.407781693669284,14.407781693669284,10.65813496139628,17.876909900550782,3.83141508023352,Medium,1,D
2026-09-21 17:08:27 +0000,2.5,2,00-0039075,Puka Nacua,WR,LA,NYG,10.344563349951224,10.8128636348064,10.8128636348064,7.117956663309992,14.336731602464496,4.973519690779636,Low,1,Neutral
2026-09-20 14:45:15 +0000,2.5,2,00-0036322,Justin Jefferson,WR,MIN,CHI,12.58331105923044,13.110988580773064,13.110988580773064,9.383710813223868,15.954826718605569,3.83141508023352,Medium,2,C
2026-09-21 17:08:27 +0000,2.5,2,00-0039337,Malik Nabers,WR,NYG,LA,9.871373695674192,10.51228132933817,10.51228132933817,6.67177344966762,13.24288935504932,2.953609688195244,High,2,Neutral
2026-09-20 14:45:15 +0000,2.5,2,00-0036358,CeeDee Lamb,WR,DAL,WAS,11.974653260708468,12.08620392084224,12.08620392084224,8.613420165318825,15.141309434943402,3.83141508023352,Medium,3,Neutral
2026-09-21 17:08:27 +0000,2.5,2,00-0031381,Davante Adams,WR,LA,NYG,7.901313375227157,8.943867323783543,8.943867323783543,4.540080279837514,11.067969549462088,4.973519690779636,Low,3,Neutral
2026-09-20 14:45:15 +0000,2.5,2,00-0031588,Stefon Diggs,WR,WAS,DAL,10.2260166105017,10.370073943731672,10.370073943731672,6.832370036396379,13.564368051377365,4.973519690779636,Low,5,C
2026-09-20 14:45:15 +0000,2.5,2,00-0036900,Ja'Marr Chase,WR,CIN,HOU,10.098316550110216,10.970691005147888,10.970691005147888,6.783185859222646,13.45005434590193,4.973519690779636,Low,6,Neutral
2026-09-20 14:45:15 +0000,2.5,2,00-0040129,Emeka Egbuka,WR,TB,CLE,9.907194194827865,9.856669839280162,9.856669839280162,6.478147985951534,12.920162500585072,2.953609688195244,High,7,Neutral
2026-09-21 17:08:27 +0000,2.5,2,00-0041042,Malachi Fields,WR,NYG,LA,4.575698930224222,4.665647636189133,4.665647636189133,1.0614396262855246,8.542444748829233,3.83141508023352,Medium,7,Neutral
2026-09-20 14:45:15 +0000,2.5,2,00-0040124,Tetairoa McMillan,WR,CAR,ATL,9.821479957688986,10.070148735227086,10.070148735227086,6.445362182260817,13.339562342397237,2.953609688195244,High,8,Neutral
2026-09-20 14:45:15 +0000,2.5,2,00-0038124,Christian Watson,WR,GB,NYJ,9.810457617877825,9.976478587983223,9.976478587983223,6.668276534243784,13.773986022867444,4.973519690779636,Low,9,D
2026-09-21 17:08:27 +0000,2.5,2,00-0036309,Darnell Mooney,WR,NYG,LA,4.15624666114358,4.642621356575157,4.642621356575157,1.014065577509539,8.119775066133199,3.83141508023352,Medium,9,Neutral
2026-09-20 23:35:31 +0000,2.5,2,00-0039067,Rashee Rice,WR,KC,IND,9.245570310654587,9.66839144081266,9.66839144081266,5.894868274909387,12.577062879074944,3.83141508023352,Medium,9,Neutral
2026-09-20 14:45:15 +0000,2.5,2,00-0035719,Deebo Samuel Sr.,WR,SF,MIA,9.659222962087105,9.731820705244456,9.731820705244456,6.416286644416321,13.350287311359882,3.83141508023352,Medium,11,Neutral
2026-09-20 14:45:15 +0000,2.5,2,00-0037740,Garrett Wilson,WR,NYJ,GB,9.612248262652486,9.735841169769117,9.735841169769117,6.193046160017614,13.096315458035718,3.83141508023352,Medium,12,Neutral
2026-09-20 23:35:31 +0000,2.5,2,00-0037664,Alec Pierce,WR,IND,KC,8.416218234708351,9.222749156439376,9.222749156439376,5.27403715107431,12.37974663969797,3.83141508023352,Medium,13,Neutral
2026-09-20 14:45:15 +0000,2.5,2,00-0031408,Mike Evans,WR,SF,MIA,9.440976058422065,9.621891198851229,9.621891198851229,6.034597643625635,12.91249728585695,3.83141508023352,Medium,13,Neutral
2026-09-20 14:45:15 +0000,2.5,2,00-0037239,Chris Olave,WR,NO,BAL,9.403818045976598,10.122575428291888,10.122575428291888,5.8895587420379005,13.37056386458161,2.953609688195244,High,14,C
2026-09-21 17:08:27 +0000,2.5,2,00-0037837,Calvin Austin III,WR,NYG,LA,3.500800727964784,4.049021600288393,4.049021600288393,0.25786441029400037,7.191865077237563,3.83141508023352,Medium,15,Neutral
2026-09-21 17:08:27 +0000,2.5,2,00-0035535,Darius Slayton,WR,NYG,LA,3.2286631724673054,3.830123130056186,3.830123130056186,0,6.76415339804618,2.953609688195244,High,16,Neutral
2026-09-20 14:45:15 +0000,2.5,2,00-0039491,Jalen Coker,WR,CAR,ATL,9.20826417115188,10.097816167719769,10.097816167719769,5.857562135406679,12.53975673957224,4.973519690779636,Low,16,D
2026-09-20 14:45:15 +0000,2.5,2,00-0036410,Tee Higgins,WR,CIN,HOU,9.132756406521931,9.665686260422294,9.665686260422294,5.7091908933441,12.668246632100807,4.973519690779636,Low,17,Neutral
2026-09-20 14:45:15 +0000,2.5,2,00-0037238,Drake London,WR,ATL,CAR,9.117537663548514,9.661013242551562,9.661013242551562,5.795276041580831,12.64276409821414,4.973519690779636,Low,18,Neutral
2026-09-20 14:45:15 +0000,2.5,2,00-0040667,Matthew Golden,WR,GB,NYJ,8.872663190090034,9.047503911990876,9.047503911990876,5.402187397284399,12.404588957669691,4.973519690779636,Low,19,Neutral
2026-09-20 14:45:15 +0000,2.5,2,00-0039915,Ladd McConkey,WR,LAC,LV,8.840352822117667,9.121835582740871,9.121835582740871,5.53208392784648,12.38228446481821,3.83141508023352,Medium,20,C
2026-09-20 14:45:15 +0000,2.5,2,00-0038606,Parker Washington,WR,JAX,DEN,8.693670150361251,9.674752349194208,9.674752349194208,5.490480856170478,12.901332105299748,4.973519690779636,Low,21,D
2026-09-20 14:45:15 +0000,2.5,2,00-0036912,DeVonta Smith,WR,PHI,TEN,8.64773919197306,8.596772783537457,8.596772783537457,5.407024105032741,12.301275007035072,2.953609688195244,High,22,Neutral
2026-09-20 14:45:15 +0000,2.5,2,00-0037247,George Pickens,WR,DAL,WAS,8.469558714381964,8.936310129947318,8.936310129947318,5.15427353009367,12.040156204762049,3.83141508023352,Medium,23,Neutral
2026-09-21 17:08:27 +0000,2.5,2,00-0036849,Tutu Atwell,WR,LA,NYG,2.4363046088221374,3.0700940950716045,3.0700940950716045,0,5.978236251522682,2.953609688195244,High,23,Neutral
2026-09-20 14:45:15 +0000,2.5,2,00-0032464,Kalif Raymond,WR,CHI,MIN,8.123861718455931,8.336254795855915,8.336254795855915,4.744669834689176,11.378876200501688,4.973519690779636,Low,25,Neutral
2026-09-20 23:35:31 +0000,2.5,2,00-0030279,Keenan Allen,WR,IND,KC,6.602722810951912,7.067207454390068,7.067207454390068,3.2957456944741397,10.333510428756789,3.83141508023352,Medium,25,Neutral
2026-09-21 17:08:27 +0000,2.5,2,00-0031235,Odell Beckham Jr.,WR,NYG,LA,2.3470407863292664,2.834131303733185,2.834131303733185,0,5.752066311006138,2.953609688195244,High,25,Neutral
2026-09-20 14:45:15 +0000,2.5,2,00-0038559,Michael Wilson,WR,ARI,SEA,8.031129363290438,8.648581668919935,8.648581668919935,4.724152246812666,11.761916981095316,2.953609688195244,High,26,Neutral
2026-09-20 14:45:15 +0000,2.5,2,00-0041547,KC Concepcion,WR,CLE,TB,8.010392582393013,8.692692140698966,8.692692140698966,4.7021153965245635,11.415418107069886,2.953609688195244,High,27,Neutral
2026-09-20 14:45:15 +0000,2.5,2,00-0038117,Wan'Dale Robinson,WR,TEN,PHI,8.003068782006887,8.717831692952558,8.717831692952558,4.64297622854803,11.355367779561794,4.973519690779636,Low,28,Neutral
2026-09-21 17:08:27 +0000,2.5,2,00-0038359,Xavier Smith,WR,LA,NYG,1.958522686255512,2.4977578866689356,2.4977578866689356,0,5.213537168301269,2.953609688195244,High,28,Neutral
2026-09-21 17:08:27 +0000,2.5,2,00-0040590,Konata Mumpfield,WR,LA,NYG,1.9572147894814225,2.4812759639346953,2.4812759639346953,0,5.768562666914257,3.83141508023352,Medium,29,Neutral
2026-09-20 14:45:15 +0000,2.5,2,00-0040735,Luther Burden III,WR,CHI,MIN,8.000996224380096,7.897919681828155,7.897919681828155,4.760893724193206,11.6477292788958,4.973519690779636,Low,29,Neutral
2026-09-20 14:45:15 +0000,2.5,2,00-0038544,Quentin Johnston,WR,LAC,LV,7.884099553580237,8.145665762416442,8.145665762416442,4.607608412122943,11.099110355244242,3.83141508023352,Medium,31,Neutral
2026-09-20 14:45:15 +0000,2.5,2,00-0035640,DK Metcalf,WR,PIT,NE,7.815683340829294,8.37662311362174,8.37662311362174,4.477657700602047,10.897783620694115,2.953609688195244,High,32,Neutral
2026-09-20 14:45:15 +0000,2.5,2,00-0041523,Caleb Douglas,WR,MIA,SF,7.787628304410948,8.09515339044891,8.09515339044891,4.568036308885546,11.180788187711702,4.973519690779636,Low,33,Neutral
2026-09-20 14:45:15 +0000,2.5,2,00-0034960,Jakobi Meyers,WR,JAX,DEN,7.782937032239684,8.32322085939687,8.32322085939687,4.534581226628632,11.59428490967252,3.83141508023352,Medium,34,D
2026-09-20 14:45:15 +0000,2.5,2,00-0039424,Devaughn Vele,WR,NO,BAL,7.71195830841159,7.993244481406198,7.993244481406198,4.306675931659376,10.905215253284233,4.973519690779636,Low,35,C
2026-09-20 14:45:15 +0000,2.5,2,00-0034348,Courtland Sutton,WR,DEN,JAX,7.612808197212724,8.046193390211311,8.046193390211311,4.236979063001332,11.20417671383882,3.83141508023352,Medium,36,Neutral
2026-09-20 23:35:31 +0000,2.5,2,00-0038997,Josh Downs,WR,IND,KC,5.581087545432084,5.8853143915160375,5.8853143915160375,2.361495549906681,8.974247428732838,2.953609688195244,High,36,Neutral
2026-09-20 14:45:15 +0000,2.5,2,00-0033307,Kendrick Bourne,WR,ARI,SEA,7.560584933666666,7.974876892414821,7.974876892414821,4.296535421266122,10.943889925522264,4.973519690779636,Low,37,C
2026-09-20 23:35:31 +0000,2.5,2,00-0039894,Xavier Worthy,WR,KC,IND,5.53037849578026,5.62421887968585,5.62421887968585,2.2902759955933707,9.177111550295963,3.83141508023352,Medium,37,Neutral
2026-09-20 14:45:15 +0000,2.5,2,00-0041438,Carnell Tate,WR,TEN,PHI,7.363291857872157,7.832637028948711,7.832637028948711,4.080827994467193,10.587724024698195,3.83141508023352,Medium,38,Neutral
2026-09-20 14:45:15 +0000,2.5,2,00-0038393,Dontayvion Wicks,WR,PHI,TEN,7.2368081263372686,7.506424137564069,7.506424137564069,3.9638763254622336,10.737231602086323,4.973519690779636,Low,39,D
2026-09-20 14:45:15 +0000,2.5,2,00-0041029,Jordyn Tyson,WR,NO,BAL,7.230063936891014,8.261696374717445,8.261696374717445,3.984956662031871,11.168810008443458,3.83141508023352,Medium,40,Neutral
2026-09-20 14:45:15 +0000,2.5,2,00-0035659,Terry McLaurin,WR,WAS,DAL,7.201798250029749,7.751647316333761,7.751647316333761,3.88297909890767,10.789288113447093,3.83141508023352,Medium,41,Neutral
2026-09-20 14:45:15 +0000,2.5,2,00-0041037,Denzel Boston,WR,CLE,TB,7.1886034967015995,8.122031688940329,8.122031688940329,4.017214722500212,10.813270036562525,3.83141508023352,Medium,42,Neutral
2026-09-20 14:45:15 +0000,2.5,2,00-0036613,Jaylen Waddle,WR,DEN,JAX,6.582324129144235,7.269593725270503,7.269593725270503,3.423276217541528,10.92270866917713,3.83141508023352,Medium,44,Neutral
2026-09-20 14:45:15 +0000,2.5,2,00-0033921,Chris Godwin Jr.,WR,TB,CLE,6.516242482836228,6.546618902973304,6.546618902973304,3.1617434850214607,9.946931360029843,2.953609688195244,High,45,Neutral
2026-09-21 17:08:27 +0000,2.5,2,00-0041399,CJ Daniels,WR,LA,NYG,1.6126948372457364,2.016358616606053,2.016358616606053,0,5.171787752930815,2.953609688195244,High,46,Neutral
2026-09-20 14:45:15 +0000,2.5,2,00-0039880,Malik Washington,WR,MIA,SF,6.486544463120371,6.348723168310969,6.348723168310969,3.3529975659485416,10.269336495490585,4.973519690779636,Low,46,Neutral
2026-09-20 14:45:15 +0000,2.5,2,00-0039919,Rome Odunze,WR,CHI,MIN,6.4850094346935805,6.949631775209516,6.949631775209516,3.1364523472067036,10.044102350378658,3.83141508023352,Medium,47,Neutral
2026-09-20 14:45:15 +0000,2.5,2,00-0035676,A.J. Brown,WR,NE,PIT,6.420879954891629,7.316467316278529,7.316467316278529,3.1142781132564914,10.233811908904547,4.973519690779636,Low,48,Neutral
2026-09-20 14:45:15 +0000,2.5,2,00-0038994,Jordan Addison,WR,MIN,CHI,6.414473277651758,6.755512128809245,6.755512128809245,2.9122944404720505,9.92338307498408,3.83141508023352,Medium,49,Neutral
2026-09-20 14:45:15 +0000,2.5,2,00-0040867,Makai Lemon,WR,PHI,TEN,6.135618924286018,6.733999489390272,6.733999489390272,2.7975916987511127,9.770537462645631,3.83141508023352,Medium,50,Neutral
2026-09-20 14:45:15 +0000,2.5,2,00-0039890,Adonai Mitchell,WR,NYJ,GB,6.035547988027605,6.590526210616483,6.590526210616483,2.660184507365329,9.47650249095054,3.83141508023352,Medium,51,Neutral
2026-09-20 23:35:31 +0000,2.5,2,00-0038104,Tyquan Thornton,WR,KC,IND,4.1415866115836,4.532755411192393,4.532755411192393,0.6081834847652036,7.644505421604704,3.83141508023352,Medium,51,Neutral
2026-09-20 14:45:15 +0000,2.5,2,00-0041040,Antonio Williams,WR,WAS,DAL,5.989126604005802,6.66815538076081,6.66815538076081,2.608372729205455,9.80801292711533,4.973519690779636,Low,52,D
2026-09-20 14:45:15 +0000,2.5,2,00-0032775,Demarcus Robinson,WR,SF,MIA,5.92530267902232,6.525322567555918,6.525322567555918,2.6327624150150117,9.300285111201672,4.973519690779636,Low,53,C
2026-09-20 14:45:15 +0000,2.5,2,00-0039849,Marvin Harrison Jr.,WR,ARI,SEA,5.837495215175026,6.634080859418501,6.634080859418501,2.5354636679006273,9.16991262449088,2.953609688195244,High,54,Neutral
2026-09-20 14:45:15 +0000,2.5,2,00-0036252,Michael Pittman,WR,PIT,NE,5.740761607410098,6.424310721161605,6.424310721161605,2.3650076289894244,9.33335523367434,2.953609688195244,High,55,C
2026-09-20 14:45:15 +0000,2.5,2,00-0033555,Mack Hollins,WR,NE,PIT,5.679227552383144,6.010399357426496,6.010399357426496,2.352068146963812,9.183673159326757,4.973519690779636,Low,56,Neutral
2026-09-20 14:45:15 +0000,2.5,2,00-0040729,Jack Bech,WR,LV,LAC,5.660452289497256,6.337793381868798,6.337793381868798,2.442597866153436,9.701910725182245,4.973519690779636,Low,57,C
2026-09-20 14:45:15 +0000,2.5,2,00-0040134,Pat Bryant,WR,DEN,JAX,5.5972443127857785,5.899320685901102,5.899320685901102,2.3689224514157323,9.064160162980937,3.83141508023352,Medium,58,Neutral
2026-09-20 14:45:15 +0000,2.5,2,00-0040170,Elic Ayomanor,WR,TEN,PHI,5.466370797785762,6.459744653159784,6.459744653159784,1.9329676709673655,8.969289607806866,3.83141508023352,Medium,61,Neutral
2026-09-20 14:45:15 +0000,2.5,2,00-0039146,Jayden Reed,WR,GB,NYJ,5.34939436854623,6.010987837144107,6.010987837144107,2.170988595679147,9.416010862491046,3.83141508023352,Medium,62,Neutral
2026-09-20 14:45:15 +0000,2.5,2,00-0039893,Brian Thomas Jr.,WR,JAX,DEN,5.151109146278278,5.870882072715587,5.870882072715587,2.0689755127904172,8.580127506312706,4.973519690779636,Low,63,Neutral
2026-09-20 14:45:15 +0000,2.5,2,00-0041048,Ted Hurst III,WR,TB,CLE,4.976192893290274,5.087809943000066,5.087809943000066,1.6190731524826645,8.589001947023998,3.83141508023352,Medium,64,Neutral
2026-09-20 14:45:15 +0000,2.5,2,00-0038621,DeMario Douglas,WR,NE,PIT,4.975531924636509,5.2567421013635824,5.2567421013635824,1.8441686349170725,9.102968788101252,3.83141508023352,Medium,65,Neutral
2026-09-21 17:08:27 +0000,2.5,2,00-0035645,Gunner Olszewski,WR,NYG,LA,1.2455858742244583,1.5587521054757207,1.5587521054757207,0,4.543746600964548,2.953609688195244,High,65,Neutral
2026-09-20 14:45:15 +0000,2.5,2,00-0033908,Cooper Kupp,WR,SEA,ARI,4.954680940524776,5.206743116206658,5.206743116206658,1.6593787816323409,8.827627575416718,2.953609688195244,High,66,Neutral
2026-09-20 14:45:15 +0000,2.5,2,00-0040727,Tre Harris,WR,LAC,LV,4.888934169678498,4.992567755229951,4.992567755229951,1.4317580349441097,8.403193299668603,3.83141508023352,Medium,67,Neutral
2026-09-20 14:45:15 +0000,2.5,2,00-0041100,Josh Cameron,WR,JAX,DEN,4.83364626490466,5.697357441375523,5.697357441375523,1.34819500341284,8.531345140462834,4.973519690779636,Low,68,C
2026-09-20 14:45:15 +0000,2.5,2,00-0038563,Tre Tucker,WR,LV,LAC,4.820108123534626,5.300122095336031,5.300122095336031,1.454633223593529,7.925006408106691,2.953609688195244,High,69,Neutral
2026-09-20 14:45:15 +0000,2.5,2,00-0038618,Xavier Hutchinson,WR,HOU,CIN,4.719377990107386,5.1041137303588275,5.1041137303588275,1.3953382809681691,7.981592057836595,3.83141508023352,Medium,70,Neutral
2026-09-20 14:45:15 +0000,2.5,2,00-0037291,Jalen Nailor,WR,LV,LAC,4.701624185097434,5.10882040900028,5.10882040900028,1.288947996836716,8.097521622604905,3.83141508023352,Medium,71,Neutral
2026-09-20 14:45:15 +0000,2.5,2,00-0036407,Jerry Jeudy,WR,CLE,TB,4.6884475011185565,5.315496805402265,5.315496805402265,1.5207413001688894,8.247584829118356,3.83141508023352,Medium,72,Neutral
2026-09-20 14:45:15 +0000,2.5,2,00-0037816,Romeo Doubs,WR,NE,PIT,4.572369638714791,5.355067040578526,5.355067040578526,1.574531487051881,8.370025938191354,3.83141508023352,Medium,74,Neutral
2026-09-21 17:08:27 +0000,2.5,2,00-0039751,Jordan Whittington,WR,LA,NYG,0.5496693248720349,0.6509546629540426,0.6509546629540426,0,4.583985862287313,2.953609688195244,High,75,Neutral
2026-09-20 14:45:15 +0000,2.5,2,00-0039916,Ricky Pearsall,WR,SF,MIA,4.5660633714674175,5.2121776990887625,5.2121776990887625,1.250970139752654,7.907805600930698,3.83141508023352,Medium,75,Neutral
2026-09-20 14:45:15 +0000,2.5,2,00-0037545,Rashid Shaheed,WR,SEA,ARI,4.450517476635418,5.019636811543242,5.019636811543242,1.2859817829436284,8.484834014050694,3.83141508023352,Medium,76,Neutral
2026-09-20 14:45:15 +0000,2.5,2,00-0041067,Bryce Lance,WR,NO,BAL,4.4265647181713925,4.722323776755787,4.722323776755787,1.2333856502411826,7.957733223391642,4.973519690779636,Low,77,Neutral
2026-09-20 23:35:31 +0000,2.5,2,00-0032951,Laquon Treadwell,WR,IND,KC,1.9542834445311896,2.43050514401235,2.43050514401235,0,5.552555760341164,2.953609688195244,High,78,Neutral
2026-09-20 14:45:15 +0000,2.5,2,00-0039410,Ryan Flournoy,WR,DAL,WAS,4.422040988602494,4.645311437709886,4.645311437709886,1.1070624258007933,7.933102373534314,3.83141508023352,Medium,78,Neutral
2026-09-20 14:45:15 +0000,2.5,2,00-0041489,Germie Bernard,WR,PIT,NE,4.276410754504325,5.104935937428676,5.104935937428676,0.9317785739046864,8.072243747070226,4.973519690779636,Low,79,Neutral
2026-09-20 14:45:15 +0000,2.5,2,00-0039739,Roman Wilson,WR,PIT,NE,4.260857174487379,4.589202678355022,4.589202678355022,1.030303487902803,7.787113078350117,4.973519690779636,Low,80,Neutral
2026-09-20 14:45:15 +0000,2.5,2,00-0040277,Jahdae Walker,WR,CHI,MIN,4.17671572118293,4.654398543127556,4.654398543127556,0.8046680078794746,7.774988036992904,4.973519690779636,Low,81,C
2026-09-20 14:45:15 +0000,2.5,2,00-0038619,Andrei Iosivas,WR,CIN,HOU,4.136553966890348,4.591688970543565,4.591688970543565,0.8341652119168322,8.086805421163689,2.953609688195244,High,83,Neutral
2026-09-20 14:45:15 +0000,2.5,2,00-0037741,Jahan Dotson,WR,ATL,CAR,4.111582561085976,4.275742364840966,4.275742364840966,1.005834713962832,8.310125139033588,3.83141508023352,Medium,85,Neutral
2026-09-20 14:45:15 +0000,2.5,2,00-0038608,Kayshon Boutte,WR,HOU,CIN,3.9899048860393354,4.696370769792528,4.696370769792528,0.8248301485803458,7.2454425833669,3.83141508023352,Medium,86,Neutral
2026-09-20 14:45:15 +0000,2.5,2,00-0036550,Rashod Bateman,WR,BAL,NO,3.919884593474819,4.175508352100772,4.175508352100772,0.6773839096501111,7.415359165702434,3.83141508023352,Medium,87,Neutral
2026-09-20 14:45:15 +0000,2.5,2,00-0040130,Jayden Higgins,WR,HOU,CIN,3.904848484042415,4.5556008084666875,4.5556008084666875,0.5739379448591447,7.655536049479097,3.83141508023352,Medium,88,Neutral
2026-09-20 14:45:15 +0000,2.5,2,00-0040718,Travis Hunter,WR,JAX,DEN,3.877112875868423,4.658645488304468,4.658645488304468,0.5048733242583414,7.380447836519176,3.83141508023352,Medium,89,Neutral
2026-09-20 14:45:15 +0000,2.5,2,00-0034837,Calvin Ridley,WR,TEN,PHI,3.737048674279379,4.3143641959526935,4.3143641959526935,0.4144796760093321,7.390324847538135,3.83141508023352,Medium,90,Neutral
2026-09-20 14:45:15 +0000,2.5,2,00-0039342,Xavier Legette,WR,CAR,ATL,3.732099668833571,4.410683858151167,4.410683858151167,0.4118808978741631,7.435169852057882,3.83141508023352,Medium,91,Neutral
2026-09-20 14:45:15 +0000,2.5,2,00-0039868,Troy Franklin,WR,DEN,JAX,3.672314369630042,4.048719584861106,4.048719584861106,0.3276821890304042,7.097395497994139,4.973519690779636,Low,92,Neutral
2026-09-20 14:45:15 +0000,2.5,2,00-0039451,Isaiah Williams,WR,NYJ,GB,3.5811963919770604,3.77593563066123,3.77593563066123,0.4172786997670353,7.743899956868054,4.973519690779636,Low,93,Neutral
2026-09-20 14:45:15 +0000,2.5,2,00-0040648,Tory Horton,WR,SEA,ARI,3.5633355114837904,4.192806557479901,4.192806557479901,0.17212304907931977,6.99430137486172,3.83141508023352,Medium,95,Neutral
2026-09-20 14:45:15 +0000,2.5,2,00-0036626,Dyami Brown,WR,WAS,DAL,3.5582224651689787,4.06107374769374,4.06107374769374,0.13956625234591197,7.098813466356539,3.83141508023352,Medium,96,Neutral
2026-09-20 23:35:31 +0000,2.5,2,00-0040953,Jeff Caldwell,WR,KC,IND,1.6240240235076544,2.051865163602133,2.051865163602133,0,4.952639630075798,2.953609688195244,High,96,Neutral
2026-09-20 14:45:15 +0000,2.5,2,00-0041525,Chris Bell,WR,MIA,SF,3.4778914380352894,4.238459734168516,4.238459734168516,0.21961189642649015,7.022817208861579,2.953609688195244,High,98,Neutral
2026-09-20 14:45:15 +0000,2.5,2,00-0035662,Marquise Brown,WR,PHI,TEN,3.441364053181241,4.090428119386948,4.090428119386948,0.03242238887362991,6.769979659749385,2.953609688195244,High,99,Neutral
2026-09-20 14:45:15 +0000,2.5,2,00-0040138,Jaylin Noel,WR,HOU,CIN,3.310096083915896,3.706084746183069,3.706084746183069,0,6.719501270796079,2.953609688195244,High,100,Neutral
2026-09-20 14:45:15 +0000,2.5,2,00-0039855,Jalen McMillan,WR,TB,CLE,3.298089172529165,3.707157527882165,3.707157527882165,0,6.5363336279805555,3.83141508023352,Medium,101,Neutral
2026-09-20 14:45:15 +0000,2.5,2,00-0040782,Isaiah Bond,WR,CLE,TB,3.1851102077141897,3.914627108834766,3.914627108834766,0,6.738140575497993,2.953609688195244,High,103,Neutral
2026-09-20 14:45:15 +0000,2.5,2,00-0037614,John Metchie III,WR,CAR,ATL,3.112945759587487,3.852854590106343,3.852854590106343,0,6.903321289636673,2.953609688195244,High,104,Neutral
2026-09-20 14:45:15 +0000,2.5,2,00-0034775,Christian Kirk,WR,SF,MIA,2.9335639559551288,3.602416847037641,3.602416847037641,0,6.397882483222053,3.83141508023352,Medium,105,Neutral
2026-09-20 14:45:15 +0000,2.5,2,00-0039064,Zay Flowers,WR,BAL,NO,2.874935838370993,3.050816093533361,3.050816093533361,0,6.639490251277882,3.83141508023352,Medium,106,D
2026-09-20 14:45:15 +0000,2.5,2,00-0040237,Tez Johnson,WR,TB,CLE,2.694070046720994,3.227921713686805,3.227921713686805,0,6.146915396066416,3.83141508023352,Medium,107,Neutral
2026-09-20 14:45:15 +0000,2.5,2,00-0040870,Ja'Kobi Lane,WR,BAL,NO,2.6650744343567996,3.105071528879985,3.105071528879985,0,6.626186877689061,2.953609688195244,High,108,Neutral
2026-09-20 14:45:15 +0000,2.5,2,00-0039355,Luke McCaffrey,WR,WAS,DAL,2.636004278678208,3.3246941129673013,3.3246941129673013,0,6.8369692910644595,4.973519690779636,Low,109,Neutral
2026-09-20 14:45:15 +0000,2.5,2,00-0035208,Olamide Zaccheaus,WR,ATL,CAR,2.5249691846560385,2.997141739161635,2.997141739161635,0,6.439414046909858,3.83141508023352,Medium,110,Neutral
2026-09-20 14:45:15 +0000,2.5,2,00-0035406,Lil'Jordan Humphrey,WR,DEN,JAX,2.508245913806432,3.071808842524677,3.071808842524677,0,6.030207193174503,3.83141508023352,Medium,111,Neutral
2026-09-20 14:45:15 +0000,2.5,2,00-0033375,Tim Patrick,WR,NYJ,GB,2.470598164125003,3.052776162696742,3.052776162696742,0,5.911030807463099,2.953609688195244,High,112,Neutral
2026-09-20 14:45:15 +0000,2.5,2,00-0037666,Jalen Tolbert,WR,MIA,SF,2.4532727674941284,3.0573516614404093,3.0573516614404093,0,6.117048592316051,3.83141508023352,Medium,113,Neutral
2026-09-20 14:45:15 +0000,2.5,2,00-0038977,Tank Dell,WR,HOU,CIN,2.29191808271453,2.8392203577367003,2.8392203577367003,0,6.12589093870482,2.953609688195244,High,116,Neutral
2026-09-20 14:45:15 +0000,2.5,2,00-0041047,Chris Brazzell II,WR,CAR,ATL,2.241312207275417,2.8306901280975785,2.8306901280975785,0,5.923022545115682,2.953609688195244,High,117,Neutral
2026-09-20 14:45:15 +0000,2.5,2,00-0038728,Jared Wayne,WR,HOU,CIN,2.222207985367308,2.632827298584796,2.632827298584796,0,5.553700553787666,2.953609688195244,High,118,Neutral
2026-09-20 14:45:15 +0000,2.5,2,00-0041044,Zachariah Branch,WR,ATL,CAR,2.2217943697007794,2.809948131248736,2.809948131248736,0,6.061045385242945,2.953609688195244,High,119,Neutral
2026-09-20 14:45:15 +0000,2.5,2,00-0040785,Dohnte Meyers,WR,CIN,HOU,2.1568736501169585,2.50009416666832,2.50009416666832,0,5.9227131046866575,2.953609688195244,High,120,Neutral
2026-09-20 14:45:15 +0000,2.5,2,00-0040075,LaJohntay Wester,WR,BAL,NO,2.1432384921255485,2.476834289422097,2.476834289422097,0,5.794705262151822,3.83141508023352,Medium,121,Neutral
2026-09-20 23:35:31 +0000,2.5,2,00-0035045,D.J. Montgomery,WR,IND,KC,1.2554879569352964,1.5467779476346737,1.5467779476346737,0,5.313856921879477,2.953609688195244,High,122,Neutral
2026-09-20 14:45:15 +0000,2.5,2,00-0040164,Jaylin Lane,WR,WAS,DAL,2.1173495351571816,2.5658571818303697,2.5658571818303697,0,5.603088203233836,2.953609688195244,High,122,Neutral
2026-09-20 23:35:31 +0000,2.5,2,00-0040120,Jimmy Holiday,WR,KC,IND,1.245698884907147,1.5625713728911028,1.5625713728911028,0,5.084949900449312,2.953609688195244,High,123,Neutral
2026-09-20 23:35:31 +0000,2.5,2,00-0041132,Deion Burks,WR,IND,KC,1.23284287372033,1.5090361422763965,1.5090361422763965,0,4.685882350671666,2.953609688195244,High,124,Neutral
2026-09-20 14:45:15 +0000,2.5,2,00-0040705,Chimere Dike,WR,TEN,PHI,1.951477251140569,2.517035023517566,2.517035023517566,0,5.463298740468387,4.973519690779636,Low,125,Neutral
2026-09-20 14:45:15 +0000,2.5,2,00-0039792,Devontez Walker,WR,BAL,NO,1.943041638434142,2.562833196421812,2.562833196421812,0,5.340083542054771,4.973519690779636,Low,127,Neutral
2026-09-20 23:35:31 +0000,2.5,2,00-0040352,Coleman Owen,WR,IND,KC,1.179817967822255,1.4206612991129377,1.4206612991129377,0,5.050175373198512,2.953609688195244,High,128,Neutral
2026-09-20 14:45:15 +0000,2.5,2,00-0036980,Elijah Moore,WR,PHI,TEN,1.9385387584909073,2.555449989991762,2.555449989991762,0,5.808834369876948,2.953609688195244,High,128,Neutral
2026-09-20 14:45:15 +0000,2.5,2,00-0035359,David Sills,WR,TB,CLE,1.934183135082628,2.5170970202325216,2.5170970202325216,0,5.992552100026811,2.953609688195244,High,129,Neutral
2026-09-20 14:45:15 +0000,2.5,2,00-0037742,Treylon Burks,WR,WAS,DAL,1.8814620141691685,2.409468909850836,2.409468909850836,0,5.771170660450796,2.953609688195244,High,130,Neutral
2026-09-20 23:35:31 +0000,2.5,2,00-0040890,Cyrus Allen,WR,KC,IND,1.0988075553737513,1.4564031063454732,1.4564031063454732,0,4.698021287555094,2.953609688195244,High,131,Neutral
2026-09-20 14:45:15 +0000,2.5,2,00-0041529,Kevin Coleman Jr.,WR,MIA,SF,1.8786754103739625,2.280033663286031,2.280033663286031,0,5.485791972862145,2.953609688195244,High,131,Neutral
2026-09-20 14:45:15 +0000,2.5,2,00-0040131,Kyle Williams,WR,NE,PIT,1.8627578863983985,2.4469545101930095,2.4469545101930095,0,5.461971618579741,3.83141508023352,Medium,132,Neutral
2026-09-20 14:45:15 +0000,2.5,2,00-0040581,Dont'e Thornton Jr.,WR,LV,LAC,1.845429281603144,2.3791273504675203,2.3791273504675203,0,5.715786686979402,3.83141508023352,Medium,133,Neutral
2026-09-20 23:35:31 +0000,2.5,2,00-0040646,Jalen Royals,WR,KC,IND,1.0901202605563916,1.4777739323507608,1.4777739323507608,0,4.741587030582664,2.953609688195244,High,133,Neutral
2026-09-20 14:45:15 +0000,2.5,2,00-0041004,Chase Roberts,WR,LV,LAC,1.8389527151023168,2.375305068001949,2.375305068001949,0,5.338855568776852,2.953609688195244,High,134,Neutral
2026-09-20 14:45:15 +0000,2.5,2,00-0040876,Elijah Sarratt,WR,BAL,NO,1.833079167600264,2.3783227145602135,2.3783227145602135,0,4.987306021233683,2.953609688195244,High,135,Neutral
2026-09-20 14:45:15 +0000,2.5,2,00-0041070,Reggie Virgil,WR,ARI,SEA,1.8300508675069496,2.4241880074293887,2.4241880074293887,0,5.29044423311244,2.953609688195244,High,136,Neutral
2026-09-20 14:45:15 +0000,2.5,2,00-0041069,Colbie Young,WR,CIN,HOU,1.8271823608833448,2.3783227145602135,2.3783227145602135,0,5.241530603680669,2.953609688195244,High,137,Neutral
2026-09-20 14:45:15 +0000,2.5,2,00-0034407,Ray-Ray McCloud,WR,CHI,MIN,1.818144393706611,2.3529038838947667,2.3529038838947667,0,5.591586327864675,2.953609688195244,High,138,Neutral
2026-09-20 23:35:31 +0000,2.5,2,00-0038519,Nikko Remigio,WR,KC,IND,0.9500536873384648,1.3207902634217232,1.3207902634217232,0,4.5049779568274655,2.953609688195244,High,139,Neutral
2026-09-20 14:45:15 +0000,2.5,2,00-0040317,Jacoby Jones,WR,WAS,DAL,1.8131288384556856,2.357829467316483,2.357829467316483,0,5.499465239700178,2.953609688195244,High,140,Neutral
2026-09-20 23:35:31 +0000,2.5,2,00-0035021,Ashton Dulin,WR,IND,KC,0,0,0,0,0,2.953609688195244,High,141,Neutral
2026-09-20 14:45:15 +0000,2.5,2,00-0039062,Jonathan Mingo,WR,DAL,WAS,1.7507902615394362,2.037140686168632,2.037140686168632,0,5.216531567064775,2.953609688195244,High,141,Neutral
2026-09-20 14:45:15 +0000,2.5,2,00-0040930,Camden Brown,WR,DAL,WAS,1.7480036873497862,2.2393003534738054,2.2393003534738054,0,5.498554759841817,2.953609688195244,High,142,Neutral
2026-09-20 14:45:15 +0000,2.5,2,00-0041051,Zavion Thomas,WR,CHI,MIN,1.7409121102585972,2.228679667991827,2.228679667991827,0,5.305229068118747,2.953609688195244,High,143,Neutral
2026-09-20 14:45:15 +0000,2.5,2,00-0040218,Jimmy Horn Jr.,WR,CAR,ATL,1.7400312051031912,2.1798743580536586,2.1798743580536586,0,5.251852694431009,2.953609688195244,High,144,Neutral
2026-09-20 14:45:15 +0000,2.5,2,00-0041374,Sincere Brown,WR,LAC,LV,1.6412171720422717,2.0542643664541194,2.0542643664541194,0,4.911753598782334,2.953609688195244,High,145,Neutral
2026-09-20 14:45:15 +0000,2.5,2,00-0041451,Brock Rechsteiner,WR,NO,BAL,1.6211117644057866,2.051865163602133,2.051865163602133,0,4.8181313959641265,2.953609688195244,High,147,Neutral
2026-09-20 14:45:15 +0000,2.5,2,00-0040948,J. Michael Sturdivant,WR,GB,NYJ,1.6206986803756354,2.051865163602133,2.051865163602133,0,5.193010885157578,2.953609688195244,High,148,Neutral
2026-09-20 14:45:15 +0000,2.5,2,00-0040172,Jordan Watkins,WR,SF,MIA,1.6154766012848394,2.0112748824260263,2.0112748824260263,0,5.173856589006872,2.953609688195244,High,149,Neutral
2026-09-20 14:45:15 +0000,2.5,2,00-0037801,KaVontae Turpin,WR,DAL,WAS,1.6061268203931354,2.0403801788020965,2.0403801788020965,0,5.2968442007165635,3.83141508023352,Medium,151,Neutral
2026-09-20 14:45:15 +0000,2.5,2,00-0041106,C.J. Williams,WR,JAX,DEN,1.566761834904128,1.971583776150435,1.971583776150435,0,5.20353799647096,2.953609688195244,High,152,Neutral
2026-09-20 14:45:15 +0000,2.5,2,00-0041550,Brenen Thompson,WR,LAC,LV,1.5436149850054417,1.8915940547260697,1.8915940547260697,0,5.1122789785109415,2.953609688195244,High,153,Neutral
2026-09-20 14:45:15 +0000,2.5,2,00-0040009,Savion Williams,WR,GB,NYJ,1.4929604987567735,1.8683461712906884,1.8683461712906884,0,5.102340179866549,2.953609688195244,High,155,Neutral
2026-09-20 14:45:15 +0000,2.5,2,00-0039379,Jamari Thrash,WR,CLE,TB,1.4536215580495897,1.7242822310978674,1.7242822310978674,0,5.520864192669491,2.953609688195244,High,156,Neutral
2026-09-20 14:45:15 +0000,2.5,2,00-0037091,Bo Melton,WR,GB,NYJ,1.435993355429747,1.7412248351782202,1.7412248351782202,0,5.362127231188186,2.953609688195244,High,157,Neutral
2026-09-20 14:45:15 +0000,2.5,2,00-0038824,Ryan Miller,WR,MIA,SF,1.4185932622206578,1.7150524433871723,1.7150524433871723,0,5.110676438349499,2.953609688195244,High,158,Neutral
2026-09-20 14:45:15 +0000,2.5,2,00-0040432,Beaux Collins,WR,ATL,CAR,1.389840662202498,1.7023887828344453,1.7023887828344453,0,5.143122496583318,2.953609688195244,High,159,Neutral
2026-09-20 14:45:15 +0000,2.5,2,00-0036463,Chris Blair,WR,ATL,CAR,1.3833165682024908,1.6735366643579723,1.6735366643579723,0,5.052582769337477,2.953609688195244,High,160,Neutral
2026-09-20 14:45:15 +0000,2.5,2,00-0038640,Jalen Brooks,WR,ARI,SEA,1.3760865943212517,1.713022671901386,1.713022671901386,0,4.9714422684339326,2.953609688195244,High,161,Neutral
2026-09-20 14:45:15 +0000,2.5,2,00-0038840,Brycen Tremayne,WR,CAR,ATL,1.3695537028021985,1.753479152472048,1.753479152472048,0,5.0923795096879285,2.953609688195244,High,162,Neutral
2026-09-20 14:45:15 +0000,2.5,2,00-0040184,KeAndre Lambert-Smith,WR,LAC,LV,1.3647246613285378,1.7080860956148034,1.7080860956148034,0,5.161794237981348,2.953609688195244,High,163,Neutral
2026-09-20 14:45:15 +0000,2.5,2,00-0041005,Corey Rucker,WR,LV,LAC,1.35346872042625,1.6973769140079424,1.6973769140079424,0,5.3607578994577825,2.953609688195244,High,164,Neutral
2026-09-20 14:45:15 +0000,2.5,2,00-0038573,Derius Davis,WR,LAC,LV,1.3329023017450312,1.5956656359904573,1.5956656359904573,0,4.477857105312769,2.953609688195244,High,165,Neutral
2026-09-20 14:45:15 +0000,2.5,2,00-0040894,Malik Benson,WR,LV,LAC,1.3067178518152844,1.6662080338558576,1.6662080338558576,0,4.688791807069346,2.953609688195244,High,166,Neutral
2026-09-20 14:45:15 +0000,2.5,2,00-0039623,Mason Tipton,WR,NO,BAL,1.2841553763539308,1.6120418435982058,1.6120418435982058,0,4.981916837902188,2.953609688195244,High,167,Neutral
2026-09-20 14:45:15 +0000,2.5,2,00-0036862,Ben Skowronek,WR,PIT,NE,1.2816373189257049,1.5757405095574697,1.5757405095574697,0,4.880529377275549,3.83141508023352,Medium,168,Neutral
2026-09-20 14:45:15 +0000,2.5,2,00-0036630,Tylan Wallace,WR,CLE,TB,1.280919973782698,1.5535231708354416,1.5535231708354416,0,4.464645623175049,2.953609688195244,High,169,Neutral
2026-09-20 14:45:15 +0000,2.5,2,00-0040154,Tai Felton,WR,MIN,CHI,1.2784242261767331,1.6018699191212564,1.6018699191212564,0,4.818980996122669,2.953609688195244,High,170,Neutral
2026-09-20 14:45:15 +0000,2.5,2,00-0038590,Justin Shorter,WR,LV,LAC,1.2759263802324532,1.5781755528110262,1.5781755528110262,0,5.006680940625993,2.953609688195244,High,171,Neutral
2026-09-20 14:45:15 +0000,2.5,2,00-0037156,Irvin Charles,WR,SEA,ARI,1.270729786690818,1.5371720899090944,1.5371720899090944,0,5.105714244341957,2.953609688195244,High,172,Neutral
2026-09-20 14:45:15 +0000,2.5,2,00-0039710,Jeshaun Jones,WR,MIN,CHI,1.265337613734988,1.5457952478087404,1.5457952478087404,0,4.806400988296676,2.953609688195244,High,173,Neutral
2026-09-20 14:45:15 +0000,2.5,2,00-0039236,Johnny Wilson,WR,PHI,TEN,1.2645466969197092,1.585158375532279,1.585158375532279,0,4.783888602564853,2.953609688195244,High,174,Neutral
2026-09-20 14:45:15 +0000,2.5,2,00-0039626,Cole Burgess,WR,PIT,NE,1.2641030903460222,1.5721772306166817,1.5721772306166817,0,4.510320774678457,2.953609688195244,High,175,Neutral
2026-09-20 14:45:15 +0000,2.5,2,00-0040629,Dalevon Campbell,WR,LAC,LV,1.2614527263072934,1.5625713728911028,1.5625713728911028,0,4.646341668100975,2.953609688195244,High,176,Neutral
2026-09-20 14:45:15 +0000,2.5,2,00-0040498,Dontae Fleming,WR,MIN,CHI,1.2047916761808497,1.444885351885177,1.444885351885177,0,4.401455236327164,2.953609688195244,High,181,Neutral
2026-09-20 14:45:15 +0000,2.5,2,00-0037093,Dareke Young,WR,LV,LAC,1.2007265673218668,1.561700957705329,1.561700957705329,0,5.340503193708332,2.953609688195244,High,182,Neutral
2026-09-20 14:45:15 +0000,2.5,2,00-0038752,Jake Bobo,WR,SEA,ARI,1.1838774785099773,1.439595597435757,1.439595597435757,0,4.9619501770941135,2.953609688195244,High,183,Neutral
2026-09-20 14:45:15 +0000,2.5,2,00-0041099,Barion Brown,WR,NO,BAL,1.177604763843629,1.5382964497440614,1.5382964497440614,0,4.799466292063716,2.953609688195244,High,184,Neutral
2026-09-20 14:45:15 +0000,2.5,2,00-0039920,Malachi Corley,WR,CLE,TB,1.1695549579934774,1.580098644308994,1.580098644308994,0,4.476135539055174,2.953609688195244,High,186,Neutral
2026-09-20 14:45:15 +0000,2.5,2,00-0040570,Jeremiah Webb,WR,NE,PIT,1.1617949140835575,1.4470432819208792,1.4470432819208792,0,5.410722505504774,2.953609688195244,High,187,Neutral
2026-09-20 14:45:15 +0000,2.5,2,00-0040563,Efton Chism III,WR,NE,PIT,1.156195182772138,1.4923072973417877,1.4923072973417877,0,4.7340912809348845,3.83141508023352,Medium,188,Neutral
2026-09-20 14:45:15 +0000,2.5,2,00-0040024,Darius Cooper,WR,PHI,TEN,1.1420203090132914,1.5422677001061775,1.5422677001061775,0,4.883256167781981,2.953609688195244,High,189,Neutral
2026-09-20 14:45:15 +0000,2.5,2,00-0040582,Arian Smith,WR,NYJ,GB,1.137269018962043,1.4628273230030424,1.4628273230030424,0,4.9102837855149755,2.953609688195244,High,190,Neutral
2026-09-20 14:45:15 +0000,2.5,2,00-0038090,Skyy Moore,WR,GB,NYJ,1.1242164472448413,1.5440630481818625,1.5440630481818625,0,4.68938077388932,2.953609688195244,High,191,Neutral
2026-09-20 14:45:15 +0000,2.5,2,00-0041397,Kaden Wetjen,WR,PIT,NE,1.112612096342286,1.5213769738423168,1.5213769738423168,0,4.621972664899241,2.953609688195244,High,192,Neutral
2026-09-20 14:45:15 +0000,2.5,2,00-0036646,Simi Fehoko,WR,ARI,SEA,1.095507198251418,1.5320154125113152,1.5320154125113152,0,4.641080368359048,2.953609688195244,High,193,Neutral
2026-09-20 14:45:15 +0000,2.5,2,00-0040534,Ke'Shawn Williams,WR,CIN,HOU,1.0726218283807385,1.354534596309918,1.354534596309918,0,4.753024955027503,2.953609688195244,High,196,Neutral
2026-09-20 14:45:15 +0000,2.5,2,00-0040621,Montorie Foster Jr,WR,SEA,ARI,1.054814863771116,1.3789986778794314,1.3789986778794314,0,4.454684488543884,2.953609688195244,High,197,Neutral
2026-09-20 14:45:15 +0000,2.5,2,00-0039365,Jacob Cowing,WR,SF,MIA,1.0151755097208597,1.3296523893373176,1.3296523893373176,0,4.428818393607456,2.953609688195244,High,198,Neutral
2026-09-20 14:45:15 +0000,2.5,2,00-0040506,Myles Price,WR,MIN,CHI,1.0149597840425886,1.319318406601336,1.319318406601336,0,5.1712178942941485,2.953609688195244,High,199,Neutral
2026-09-20 14:45:15 +0000,2.5,2,00-0036331,Devin Duvernay,WR,ARI,SEA,1.004341892403944,1.3842456804424257,1.3842456804424257,0,4.392608492881879,2.953609688195244,High,200,Neutral
2026-09-20 14:45:15 +0000,2.5,2,00-0039589,Kameron Johnson,WR,TB,CLE,1.0039600629263536,1.341484847773018,1.341484847773018,0,5.016100884822392,2.953609688195244,High,201,Neutral
2026-09-20 14:45:15 +0000,2.5,2,00-0041035,De'Zhaun Stribling,WR,SF,MIA,0,0,0,0,0,3.83141508023352,Medium,204,Neutral
2026-09-20 14:45:15 +0000,2.5,2,00-0036259,Jauan Jennings,WR,MIN,CHI,0,0,0,0,0,3.83141508023352,Medium,204,Neutral
2026-09-20 14:45:15 +0000,2.5,2,00-0038976,Marvin Mims Jr.,WR,DEN,JAX,0,0,0,0,0,4.973519690779636,Low,204,Neutral
2026-09-20 14:45:15 +0000,2.5,2,00-0036554,Nico Collins,WR,HOU,CIN,0,0,0,0,0,4.973519690779636,Low,204,Neutral
2026-09-20 14:45:15 +0000,2.5,2,00-0041511,Omar Cooper Jr.,WR,NYJ,GB,0,0,0,0,0,4.973519690779636,Low,204,Neutral
2026-09-17 20:14:33 +0000,2.5,2,00-0036963,Amon-Ra St. Brown,WR,DET,BUF,13.44989717536296,13.44989717536296,NA,10.250296929356388,16.82141283473809,2.953609688195244,High,NA,NA
2026-09-17 20:14:33 +0000,2.5,2,00-0034827,DJ Moore,WR,BUF,DET,9.37117496021215,9.37117496021215,NA,6.048913338244466,12.896401394877774,4.973519690779636,Low,NA,NA
2026-09-17 20:14:33 +0000,2.5,2,00-0040669,Isaac TeSlaa,WR,DET,BUF,3.842598123300363,3.842598123300363,NA,0.6786804310903379,8.005301688191357,4.973519690779636,Low,NA,NA
2026-09-17 20:14:33 +0000,2.5,2,00-0037240,Jameson Williams,WR,DET,BUF,8.442219593093798,8.442219593093798,NA,5.133942407225348,11.847245117770669,3.83141508023352,Medium,NA,NA
2026-09-17 20:14:33 +0000,2.5,2,00-0036988,Josh Palmer,WR,BUF,DET,5.364718266780299,5.364718266780299,NA,2.197012065830632,8.9238555947801,4.973519690779636,Low,NA,NA
2026-09-17 20:14:33 +0000,2.5,2,00-0041446,Kendrick Law,WR,DET,BUF,1.791364474790686,1.791364474790686,NA,0,5.349744462512719,2.953609688195244,High,NA,NA
2026-09-17 20:14:33 +0000,2.5,2,00-0039901,Keon Coleman,WR,BUF,DET,4.3740551586743806,4.3740551586743806,NA,1.0716664037008643,8.324306612947721,3.83141508023352,Medium,NA,NA
2026-09-17 20:14:33 +0000,2.5,2,00-0037261,Khalil Shakir,WR,BUF,DET,6.368735764422371,6.368735764422371,NA,2.8353326376039742,9.871654574443474,2.953609688195244,High,NA,NA
2026-09-17 20:14:33 +0000,2.5,2,00-0041443,Skyler Bell,WR,BUF,DET,1.642166310984381,1.642166310984381,NA,0,4.787121114552119,2.953609688195244,High,NA,NA
2026-09-17 20:14:33 +0000,2.5,2,00-0037524,Tay Martin,WR,DET,BUF,1.2435790540595388,1.2435790540595388,NA,0,4.762920959704682,2.953609688195244,High,NA,NA
2026-09-17 20:14:33 +0000,2.5,2,00-0038679,Tyrell Shavers,WR,BUF,DET,3.520505501415139,3.520505501415139,NA,0.0260302218551717,7.184281326237062,2.953609688195244,High,NA,NA
2026-09-28 18:39:37 +0000,2.5,3,00-0036389,Jalen Hurts,QB,PHI,CHI,19.32369246543995,19.092295310795915,18.915723769533376,12.79363250258994,25.944322837892827,6.02852928967903,Medium,1,C
2026-09-27 15:43:11 +0000,2.5,3,00-0034857,Josh Allen,QB,BUF,LAC,23.229482790836773,23.420939442000066,21.49396683888217,16.69942282798676,29.85011316328965,6.382462858778202,Low,1,D
2026-09-27 15:43:11 +0000,2.5,3,00-0033873,Patrick Mahomes,QB,KC,MIA,21.12877212588513,21.193979106984003,21.40265622541108,15.28124700766308,27.79832285041144,6.02852928967903,Medium,2,Neutral
2026-09-27 15:43:11 +0000,2.5,3,00-0033106,Jared Goff,QB,DET,NYJ,20.680814238854804,21.10738055433544,20.4933086700731,14.538031846412544,27.185078844755928,6.382462858778202,Low,3,Neutral
2026-09-27 15:43:11 +0000,2.5,3,00-0037834,Brock Purdy,QB,SF,ARI,20.501244133456957,20.53757821081247,19.39854271178821,14.232689923649922,27.241796200726306,6.382462858778202,Low,4,D
2026-09-27 15:43:11 +0000,2.5,3,00-0034796,Lamar Jackson,QB,BAL,DAL,19.96975139495853,19.88487023602658,18.357528738600237,13.881676818929156,26.91389068073153,6.382462858778202,Low,5,C
2026-09-28 00:01:11 +0000,2.5,3,00-0026498,Matthew Stafford,QB,LA,DEN,16.282704754201003,16.513196911914008,15.108869108056206,10.19463017817163,23.226844039974004,6.382462858778202,Low,6,Neutral
2026-09-27 15:43:11 +0000,2.5,3,00-0033077,Dak Prescott,QB,DAL,BAL,18.032824035755763,17.818702469002933,16.75736577480965,11.822291042884313,24.72489713617257,6.382462858778202,Low,7,Neutral
2026-09-28 00:01:11 +0000,2.5,3,00-0039732,Bo Nix,QB,DEN,LA,14.794557280720472,14.978986173729336,15.691741158374148,8.585881559792046,21.091245051322783,6.02852928967903,Medium,8,Neutral
2026-09-27 15:43:11 +0000,2.5,3,00-0036971,Trevor Lawrence,QB,JAX,NE,16.538553630090107,16.503995234798392,13.908580991827954,10.32987790916168,22.835241400692414,6.382462858778202,Low,8,C
2026-09-27 15:43:11 +0000,2.5,3,00-0040743,Tyler Shough,QB,NO,LV,16.506766214199825,16.245270549348714,17.059957896591833,10.4982019982336,22.41053467579103,5.774060225635582,High,9,Neutral
2026-09-27 15:43:11 +0000,2.5,3,00-0036442,Joe Burrow,QB,CIN,PIT,15.728340980060452,15.98610835525049,16.404729250518525,9.68742471056254,22.153678339512258,5.774060225635582,High,10,Neutral
2026-09-27 15:43:11 +0000,2.5,3,00-0034855,Baker Mayfield,QB,TB,MIN,15.564992788972084,15.543386323243524,14.859371348116548,9.146151087718994,21.61981286301559,5.774060225635582,High,11,Neutral
2026-09-24 15:52:29 +0000,2.5,3,00-0036264,Jordan Love,QB,GB,ATL,16.053709688504743,15.986413496055096,14.553742327576764,9.634867987251653,22.108529762548248,6.382462858778202,Low,11,Neutral
2026-09-27 15:43:11 +0000,2.5,3,00-0039851,Drake Maye,QB,NE,JAX,15.469192153322489,16.057755842054345,16.109043742533444,8.911506483991788,22.023624264156872,5.774060225635582,High,12,Neutral
2026-09-27 15:43:11 +0000,2.5,3,00-0036355,Justin Herbert,QB,LAC,BUF,15.288825557932691,15.456798327092374,15.36903459722719,9.17446674526824,21.90945593038557,5.774060225635582,High,14,Neutral
2026-09-27 15:43:11 +0000,2.5,3,00-0039150,Bryce Young,QB,CAR,CLE,15.20822823466711,15.04815385413933,13.77708448336416,9.213319018466384,21.71020767624668,6.382462858778202,Low,15,D
2026-09-27 15:43:11 +0000,2.5,3,00-0039163,C.J. Stroud,QB,HOU,IND,14.833986346149874,14.81812484617845,15.783172780949116,8.556945165274445,21.005642051085935,5.774060225635582,High,16,Neutral
2026-09-27 15:43:11 +0000,2.5,3,00-0035710,Daniel Jones,QB,IND,HOU,14.802318761130833,14.96304214395806,15.660852831230953,8.87226275071827,20.89792134369133,5.774060225635582,High,17,Neutral
2026-09-28 00:01:11 +0000,2.5,3,00-0041568,Ty Simpson,QB,LA,DEN,10.597471180635464,10.554520316074608,9.219011546803936,4.310644871560552,16.808763018264287,6.02852928967903,Medium,18,D
2026-09-27 15:43:11 +0000,2.5,3,00-0040676,Cam Ward,QB,TEN,NYG,14.387961402389504,14.458794779465595,16.46623817637574,8.083924836631631,20.952895248596544,6.382462858778202,Low,19,Neutral
2026-09-27 15:43:11 +0000,2.5,3,00-0029604,Kirk Cousins,QB,LV,NO,14.336229015182417,14.418923463062868,15.258345778542845,8.157355702436186,20.101848750226864,6.02852928967903,Medium,20,Neutral
2026-09-27 15:43:11 +0000,2.5,3,00-0035704,Drew Lock,QB,SEA,WAS,14.333500878301653,14.068017642039168,15.75558570638858,8.058606362516171,20.73521676288428,6.382462858778202,Low,21,Neutral
2026-09-27 15:43:11 +0000,2.5,3,00-0033537,Deshaun Watson,QB,CLE,CAR,14.261161021167146,13.850615870454856,15.628651751492738,8.116123723373947,20.97313222361196,6.382462858778202,Low,22,Neutral
2026-09-27 15:43:11 +0000,2.5,3,00-0030565,Geno Smith,QB,NYJ,DET,13.866516601384976,13.927556612142508,15.3524557102694,7.244156292004659,20.123287162725852,6.02852928967903,Medium,23,Neutral
2026-09-27 15:43:11 +0000,2.5,3,00-0033119,Jacoby Brissett,QB,ARI,SF,13.101110132301896,13.209128837684847,13.99639617192655,7.070676262649995,19.698067285233144,6.382462858778202,Low,24,Neutral
2026-09-28 18:39:37 +0000,2.5,3,00-0028986,Case Keenum,QB,CHI,PHI,5.331536142320584,5.769649398433403,4.038231790294613,0,11.371428818400116,5.774060225635582,High,25,D
2026-09-27 15:43:11 +0000,2.5,3,00-0039923,J.J. McCarthy,QB,MIN,TB,13.097992090850097,13.0280332056553,12.082499585282688,6.887154072054454,18.70501579504076,6.02852928967903,Medium,25,Neutral
2026-09-27 15:43:11 +0000,2.5,3,00-0032950,Carson Wentz,QB,MIN,TB,13.001926076503452,12.8841232272829,13.07048798583616,6.793326612056074,19.669047014250783,6.382462858778202,Low,26,C
2026-09-27 15:43:11 +0000,2.5,3,00-0040691,Jaxson Dart,QB,NYG,TEN,12.986596076538197,13.139811137201775,11.608890154528016,6.919147044622344,19.710732735746863,6.382462858778202,Low,27,Neutral
2026-09-27 15:43:11 +0000,2.5,3,00-0023459,Aaron Rodgers,QB,PIT,CIN,12.70151966647658,12.984145092454066,14.149548032371763,6.464977544654062,19.457442842553437,6.02852928967903,Medium,28,Neutral
2026-09-27 15:43:11 +0000,2.5,3,00-0041562,Fernando Mendoza,QB,LV,NO,12.5894206964412,12.90936273259727,11.933813971341827,6.5297393013220635,18.62931337252073,6.382462858778202,Low,29,D
2026-09-27 15:43:11 +0000,2.5,3,00-0038128,Malik Willis,QB,MIA,KC,12.033529473515603,12.11165411469078,10.402907601021624,6.186004355293554,18.74073525515855,6.382462858778202,Low,30,F
2026-09-28 18:39:37 +0000,2.5,3,00-0038416,Tyson Bagent,QB,CHI,PHI,4.939803297995942,5.326360662403548,4.135547096709642,0,10.866151714655324,5.774060225635582,High,31,D
2026-09-27 15:43:11 +0000,2.5,3,00-0032268,Marcus Mariota,QB,WAS,SEA,11.008409946102354,11.293752129099476,11.116125624387507,4.807449240219919,16.934758362761738,5.774060225635582,High,32,Neutral
2026-09-27 15:43:11 +0000,2.5,3,00-0036945,Justin Fields,QB,KC,MIA,10.98237651576249,10.723695179874388,8.471547424489287,4.421088255431394,17.55887737138525,6.02852928967903,Medium,34,Neutral
2026-09-24 15:52:29 +0000,2.5,3,00-0036212,Tua Tagovailoa,QB,ATL,GB,11.373785246418056,11.335862259077253,9.992485536259554,4.812496986086961,17.950286102040817,6.02852928967903,Medium,34,Neutral
2026-09-27 15:43:11 +0000,2.5,3,00-0031503,Jameis Winston,QB,NYG,TEN,10.616070377927583,11.017089633499362,11.447427456463924,4.344688227058504,17.11804981950715,5.774060225635582,High,35,Neutral
2026-09-28 18:39:37 +0000,2.5,3,00-0027973,Andy Dalton,QB,PHI,CHI,4.390212195809968,4.7221934581460765,2.120803509224923,0,11.245537837930234,6.02852928967903,Medium,36,D
2026-09-27 15:43:11 +0000,2.5,3,00-0033869,Mitchell Trubisky,QB,TEN,NYG,10.44678055818322,10.532672400281038,8.620237528427797,4.309705313311547,16.711891788580512,6.02852928967903,Medium,36,C
2026-09-27 15:43:11 +0000,2.5,3,00-0026158,Joe Flacco,QB,CIN,PIT,9.149665128146422,8.956417040444837,8.142530683132058,2.8063799545734054,15.680235405300994,6.382462858778202,Low,38,D
2026-09-27 15:43:11 +0000,2.5,3,00-0039164,Anthony Richardson,QB,IND,HOU,8.402086849343155,8.363817405854222,6.95456558824438,2.5242646051406386,14.961530584768166,6.02852928967903,Medium,40,Neutral
2026-09-28 18:39:37 +0000,2.5,3,00-0040891,Cole Payton,QB,PHI,CHI,4.0384348170433295,4.420694191838463,1.7774071441145851,0,10.154607839261606,6.02852928967903,Medium,40,D
2026-09-24 15:52:29 +0000,2.5,3,00-0039917,Michael Penix Jr.,QB,ATL,GB,10.13120760105701,9.99075967170037,9.012871286040198,4.253385356854494,16.69065133648202,6.02852928967903,Medium,40,D
2026-09-27 15:43:11 +0000,2.5,3,00-0041561,Carson Beck,QB,ARI,SF,8.377757037860652,8.341818376127996,6.759352403534127,2.1414596772284544,14.49393006007893,6.02852928967903,Medium,41,D
2026-09-24 15:52:29 +0000,2.5,3,00-0033662,Cooper Rush,QB,ATL,GB,9.439948606071852,9.335992083336771,12.55280431421862,3.2036512454396555,15.556121628290128,6.382462858778202,Low,41,Neutral
2026-09-27 15:43:11 +0000,2.5,3,00-0041565,Drew Allar,QB,PIT,CIN,7.475010339249915,7.514543692071936,5.830668613588417,0.9158108279149052,13.459724564400837,6.02852928967903,Medium,42,Neutral
2026-09-24 15:52:29 +0000,2.5,3,00-0041194,Jack Strand,QB,ATL,GB,9.24990890325198,9.333417699630232,10.452753845671632,2.690709391916972,15.234623128402903,5.774060225635582,High,42,C
2026-09-27 15:43:11 +0000,2.5,3,00-0040668,Shedeur Sanders,QB,CLE,CAR,6.5299491215106835,6.961191267167469,4.4722596415175975,0.4760427566587926,13.126906274441932,5.774060225635582,High,43,Neutral
2026-09-27 15:43:11 +0000,2.5,3,00-0040704,Dillon Gabriel,QB,CLE,CAR,6.503381940236454,6.9225005501751395,4.571020809156223,0.18866812444949857,13.068315786443495,5.774060225635582,High,44,Neutral
2026-09-27 15:43:11 +0000,2.5,3,00-0041092,Taylen Green,QB,CLE,CAR,6.401669038926651,6.849713902374214,4.117993679232653,0.2635281787873391,12.573324743862711,5.774060225635582,High,45,Neutral
2026-09-27 15:43:11 +0000,2.5,3,00-0035228,Kyler Murray,QB,MIN,TB,6.096531611157834,6.594028156730918,4.542915464569015,0,12.125618146206351,6.02852928967903,Medium,46,Neutral
2026-09-28 00:01:11 +0000,2.5,3,00-0036879,Sam Ehlinger,QB,DEN,LA,4.506345606199448,4.961883440148064,2.260787951556535,0,11.51546346056565,6.02852928967903,Medium,46,D
2026-09-28 18:39:37 +0000,2.5,3,00-0038400,Tanner McKee,QB,PHI,CHI,3.6644790761013257,3.9807462613184574,1.7475352157215258,0,9.693565611149843,6.02852928967903,Medium,46,C
2026-09-27 15:43:11 +0000,2.5,3,00-0041056,Cade Klubnik,QB,NYJ,DET,5.885139532833417,6.367263186152215,4.034301620659198,0,12.89425738719962,6.02852928967903,Medium,47,C
2026-09-28 00:01:11 +0000,2.5,3,00-0035264,Jarrett Stidham,QB,DEN,LA,4.352170385918215,4.780500828052496,2.184703534402626,0,10.448637797780483,5.774060225635582,High,48,D
2026-09-27 15:43:11 +0000,2.5,3,00-0040206,Riley Leonard,QB,IND,HOU,5.4567720232703785,6.036411979420337,2.527188459252853,0,11.55323943513265,6.02852928967903,Medium,48,Neutral
2026-09-27 15:43:11 +0000,2.5,3,00-0036898,Davis Mills,QB,HOU,IND,5.3933229663847895,6.0329866104124825,2.6321635417985205,0,11.66410639842528,6.02852928967903,Medium,49,Neutral
2026-09-27 15:43:11 +0000,2.5,3,00-0040014,Kyle McCord,QB,MIA,KC,5.3448386054728285,5.78759995412521,3.804678637153319,0,12.050316259863836,5.774060225635582,High,50,D
2026-09-27 15:43:11 +0000,2.5,3,00-0040203,Will Howard,QB,PIT,CIN,5.326758448100783,5.683110774517875,3.7418210009836383,0,11.23126390499269,5.774060225635582,High,51,Neutral
2026-09-27 15:43:11 +0000,2.5,3,00-0034771,Mason Rudolph,QB,PIT,CIN,5.2242855598874405,5.683926560171389,4.988282332438148,0,11.253287541574494,5.774060225635582,High,53,Neutral
2026-09-27 15:43:11 +0000,2.5,3,00-0041251,Jalon Daniels,QB,TB,MIN,5.142494387950963,5.622247536423704,2.5110040116889856,0,12.06607209899747,6.02852928967903,Medium,54,Neutral
2026-09-27 15:43:11 +0000,2.5,3,00-0040211,Graham Mertz,QB,HOU,IND,5.131152272276924,5.748216208351413,2.5247379402289507,0,11.331857021132237,5.774060225635582,High,55,Neutral
2026-09-27 15:43:11 +0000,2.5,3,00-0040398,Brady Cook,QB,MIA,KC,5.038847588389037,5.430394423813116,5.111718781777536,0,11.709396177080627,5.774060225635582,High,56,C
2026-09-27 15:43:11 +0000,2.5,3,00-0033949,Joshua Dobbs,QB,DET,NYJ,4.993158518023424,5.705518573811396,3.064194668964603,0,11.429441864743875,6.02852928967903,Medium,57,Neutral
2026-09-27 15:43:11 +0000,2.5,3,00-0041117,Athan Kaliakmanis,QB,WAS,SEA,4.98545228519641,5.426406625189064,3.3242216460959835,0,11.53936472434518,6.02852928967903,Medium,58,D
2026-09-28 18:39:37 +0000,2.5,3,00-0039918,Caleb Williams,QB,CHI,PHI,0,0,0,0,0,6.382462858778202,Low,59,D
2026-09-27 15:43:11 +0000,2.5,3,00-0035289,Gardner Minshew,QB,ARI,SF,4.861496531984011,5.390584447828928,5.338176733087734,0,10.976105597163864,5.774060225635582,High,60,C
2026-09-28 00:01:11 +0000,2.5,3,00-0041414,Matthew Caldwell,QB,LA,DEN,3.1952290398875745,3.5641205851938063,0.9456146006396438,0,9.309838105067428,6.02852928967903,Medium,60,F
2026-09-28 00:01:11 +0000,2.5,3,00-0039107,Stetson Bennett,QB,LA,DEN,3.073493474438412,3.4580567580983024,1.7170175635004146,0,9.168650394148788,5.774060225635582,High,61,D
2026-09-27 15:43:11 +0000,2.5,3,00-0037012,Trey Lance,QB,LAC,BUF,4.8588765374628755,5.202835626906981,3.4587996713313163,0,11.435377393085634,5.774060225635582,High,61,D
2026-09-27 15:43:11 +0000,2.5,3,00-0041123,Behren Morton,QB,NE,JAX,4.699089184461629,5.108137316632032,2.5857276351923524,0,10.738981860541161,6.02852928967903,Medium,62,D
2026-09-27 15:43:11 +0000,2.5,3,00-0038476,Tommy DeVito,QB,NE,JAX,4.663524218677853,5.066296180415826,2.5878190366584564,0,11.093326659274023,5.774060225635582,High,63,D
2026-09-27 15:43:11 +0000,2.5,3,00-0040906,Garrett Nussmeier,QB,KC,MIA,4.646801343937132,5.311940772135367,2.2067041885962353,0,11.206764751047764,6.02852928967903,Medium,64,Neutral
2026-09-27 15:43:11 +0000,2.5,3,00-0034869,Sam Darnold,QB,SEA,WAS,4.495362238053359,4.846999958407502,1.129160480523613,0,10.58115798491498,6.382462858778202,Low,65,Neutral
2026-09-27 15:43:11 +0000,2.5,3,00-0041149,Haynes King,QB,CAR,CLE,3.964235629929639,4.3519382924350305,1.6196936041994867,0,10.713256134653406,6.02852928967903,Medium,69,D
2026-09-27 15:43:11 +0000,2.5,3,00-0038579,Aidan O'Connell,QB,LV,NO,3.9570269881897984,4.375702646107512,3.0267873566289727,0,10.497135456416714,5.774060225635582,High,70,D
2026-09-27 15:43:11 +0000,2.5,3,00-0038102,Kenny Pickett,QB,CAR,CLE,3.9509357214693663,4.439900784016174,2.857021266357054,0,10.485560783289731,6.02852928967903,Medium,71,C
2026-09-27 15:43:11 +0000,2.5,3,00-0037324,Chris Oladokun,QB,KC,MIA,3.9412080237012064,4.542465579128844,2.5393158938549485,0,9.579707959685289,5.774060225635582,High,72,Neutral
2026-09-27 15:43:11 +0000,2.5,3,00-0037077,Sam Howell,QB,DAL,BAL,3.903167608818232,4.132403728355168,1.2372104084221562,0,9.830156118910445,6.02852928967903,Medium,73,D
2026-09-27 15:43:11 +0000,2.5,3,00-0040673,Jalen Milroe,QB,SEA,WAS,3.236484340985733,3.55414284463036,0.5588213114336873,0,9.716348592127938,6.02852928967903,Medium,78,Neutral
2026-09-24 15:52:29 +0000,2.5,3,00-0028118,Tyrod Taylor,QB,GB,ATL,3.441867380591062,3.6153971789535673,0.5727696698187619,0,9.541520845379866,6.02852928967903,Medium,78,Neutral
2026-09-27 15:43:11 +0000,2.5,3,00-0036972,Mac Jones,QB,SF,ARI,3.187486350678033,3.671434020461553,0.9007538162971944,0,9.7221114124984,6.382462858778202,Low,79,C
2026-09-27 15:43:11 +0000,2.5,3,00-0035993,Tyler Huntley,QB,BAL,DAL,3.177535460589914,3.518714432854966,0.37726935218591784,0,9.277188925378718,6.02852928967903,Medium,80,C
2026-09-27 15:43:11 +0000,2.5,3,00-0040589,Kurtis Rourke,QB,SF,ARI,2.999295328840764,3.297426159224267,0.28591722195768376,0,9.71126653128558,6.02852928967903,Medium,82,C
2026-09-27 15:43:11 +0000,2.5,3,00-0040981,Joe Fagnano,QB,BAL,DAL,2.994980210005519,3.3758030743450247,0.3784963498549216,0,9.251750771346398,6.02852928967903,Medium,83,C
2026-09-27 15:43:11 +0000,2.5,3,00-0037327,Skylar Thompson,QB,BAL,DAL,2.965774804514938,3.34144377376787,0.38016835375054114,0,9.440253080817898,6.02852928967903,Medium,84,C
2026-09-27 15:43:11 +0000,2.5,3,00-0034577,Kyle Allen,QB,BUF,LAC,2.942709385208641,3.387945326347391,0.4983900577385416,0,9.366230232481335,6.02852928967903,Medium,85,Neutral
2026-09-27 15:43:11 +0000,2.5,3,00-0040234,Quinn Ewers,QB,JAX,NE,2.855965427454615,3.2427019522427396,0.355767542512043,0,9.360987977165497,6.02852928967903,Medium,86,C
2026-09-27 15:43:11 +0000,2.5,3,00-0039376,Spencer Rattler,QB,NO,LV,2.7407561221439956,3.077398360794586,0.5906814043181479,0,9.309781227812737,6.02852928967903,Medium,87,D
2026-09-27 15:43:11 +0000,2.5,3,00-0037013,Zach Wilson,QB,NO,LV,2.7238503595002292,3.0658525812635,0.8657482115520125,0,9.247144606204412,6.02852928967903,Medium,88,D
2026-09-27 15:43:11 +0000,2.5,3,00-0039534,Carter Bradley,QB,JAX,NE,2.661425246131894,3.002742172844827,0.2609855449517555,0,9.364293568144925,6.02852928967903,Medium,89,D
2026-09-27 15:43:11 +0000,2.5,3,00-0039910,Jayden Daniels,QB,WAS,SEA,0,0,0,0,0,5.774060225635582,High,90,D
2026-09-28 18:39:37 +0000,2.5,3,00-0036275,D'Andre Swift,RB,CHI,PHI,14.39968873140267,14.732316986110256,14.732316986110256,10.908819746560845,18.13254774547093,5.339770194966193,Low,1,D
2026-09-27 15:43:11 +0000,2.5,3,00-0039139,Jahmyr Gibbs,RB,DET,NYJ,20.185616079078113,21.208938824429392,21.208938824429392,16.694747094236284,23.918475093146377,5.339770194966193,Low,1,Neutral
2026-09-27 15:43:11 +0000,2.5,3,00-0038134,Kenneth Walker III,RB,KC,MIA,19.75152130176843,20.77803230356916,20.77803230356916,16.247507735548965,23.988830438569465,5.339770194966193,Low,2,Neutral
2026-09-27 15:43:11 +0000,2.5,3,00-0032764,Derrick Henry,RB,BAL,DAL,17.797225841943057,18.74244769565212,18.74244769565212,14.236982454105316,22.19418210069096,5.339770194966193,Low,3,Neutral
2026-09-28 18:39:37 +0000,2.5,3,00-0034844,Saquon Barkley,RB,PHI,CHI,10.096310457678344,10.75193546086792,10.75193546086792,6.536067069840602,14.493266716426248,5.339770194966193,Low,3,Neutral
2026-09-27 15:43:11 +0000,2.5,3,00-0036223,Jonathan Taylor,RB,IND,HOU,17.658655509775773,18.31935986085434,18.31935986085434,14.1779807944726,21.45299779653971,5.339770194966193,Low,4,D
2026-09-28 00:01:11 +0000,2.5,3,00-0037840,Kyren Williams,RB,LA,DEN,14.87382158815706,15.152856888939144,15.152856888939144,11.57966241813444,18.4999081301636,4.1906550461485725,Medium,4,Neutral
2026-09-24 15:52:29 +0000,2.5,3,00-0038542,Bijan Robinson,RB,ATL,GB,15.79198665222241,16.353236873954728,16.353236873954728,12.497827482199792,19.418073194228953,5.339770194966193,Low,5,C
2026-09-27 15:43:11 +0000,2.5,3,00-0033280,Christian McCaffrey,RB,SF,ARI,16.849924985851555,17.693579730938882,17.693579730938882,13.555765815828936,20.4760115278581,5.339770194966193,Low,5,Neutral
2026-09-28 18:39:37 +0000,2.5,3,00-0040236,Kyle Monangai,RB,CHI,PHI,9.049900689052611,9.749068757362409,9.749068757362409,5.755741519029992,12.675987231059151,3.0109528980360203,High,5,Neutral
2026-09-27 15:43:11 +0000,2.5,3,00-0037248,James Cook,RB,BUF,LAC,15.525816988902516,15.882464783471576,15.882464783471576,12.320527903165374,20.102336819915745,4.1906550461485725,Medium,6,Neutral
2026-09-27 15:43:11 +0000,2.5,3,00-0040122,Ashton Jeanty,RB,LV,NO,14.884003587033256,15.211484017068296,15.211484017068296,11.470352559976554,18.900054480121145,4.1906550461485725,Medium,7,Neutral
2026-09-28 18:39:37 +0000,2.5,3,00-0038555,Tank Bigsby,RB,PHI,CHI,5.577333251328664,6.3679983157365045,6.3679983157365045,2.1375513871427634,9.622853999896932,4.1906550461485725,Medium,9,Neutral
2026-09-27 15:43:11 +0000,2.5,3,00-0038597,Chase Brown,RB,CIN,PIT,13.760688260471756,13.787413261158031,13.787413261158031,10.488372004826278,17.63727234417795,3.0109528980360203,High,11,Neutral
2026-09-24 15:52:29 +0000,2.5,3,00-0035700,Josh Jacobs,RB,GB,ATL,13.536539442269085,13.92453027754749,13.92453027754749,10.264223186623603,17.41312352597528,4.1906550461485725,Medium,12,Neutral
2026-09-27 15:43:11 +0000,2.5,3,00-0040666,Omarion Hampton,RB,LAC,BUF,13.309644123971202,13.127145354321652,13.127145354321652,9.883804466409572,17.04332874054817,3.0109528980360203,High,12,C
2026-09-27 15:43:11 +0000,2.5,3,00-0039361,Bucky Irving,RB,TB,MIN,13.30873531264714,13.987250790179504,13.987250790179504,9.88090834668728,17.24823465616745,4.1906550461485725,Medium,13,Neutral
2026-09-27 15:43:11 +0000,2.5,3,00-0038120,Breece Hall,RB,NYJ,DET,12.985423753774857,13.237057955657718,13.237057955657718,9.42813416949154,17.211664504988892,4.1906550461485725,Medium,14,Neutral
2026-09-27 15:43:11 +0000,2.5,3,00-0040715,Cam Skattebo,RB,NYG,TEN,12.980614226222054,13.038857109716982,13.038857109716982,9.534991508054423,16.876279290343376,4.1906550461485725,Medium,15,Neutral
2026-09-28 18:39:37 +0000,2.5,3,00-0037329,Brittain Brown,RB,CHI,PHI,3.7178499793346167,4.445732641125781,4.445732641125781,0.3164262560677593,7.780594078541643,3.0109528980360203,High,16,Neutral
2026-09-27 15:43:11 +0000,2.5,3,00-0036555,Chuba Hubbard,RB,CAR,CLE,12.807577756265111,12.80550827755716,12.80550827755716,9.250747800132316,16.08112739139073,5.339770194966193,Low,16,Neutral
2026-09-28 00:01:11 +0000,2.5,3,00-0040730,RJ Harvey,RB,DEN,LA,7.974597228418868,8.718897769637167,8.718897769637167,4.528974510251237,11.87026229254019,5.339770194966193,Low,16,Neutral
2026-09-27 15:43:11 +0000,2.5,3,00-0040734,TreVeyon Henderson,RB,NE,JAX,12.678532274805788,12.97334869737183,12.97334869737183,9.326095058520798,16.280539789241608,4.1906550461485725,Medium,17,Neutral
2026-09-28 00:01:11 +0000,2.5,3,00-0039738,Blake Corum,RB,LA,DEN,7.367686245095635,7.842653440935136,7.842653440935136,3.920126916020816,11.043215465011418,4.1906550461485725,Medium,18,Neutral
2026-09-27 15:43:11 +0000,2.5,3,00-0039040,De'Von Achane,RB,MIA,KC,12.555218995646456,13.171134013556042,13.171134013556042,9.1537952723796,16.617963094853486,5.339770194966193,Low,18,C
2026-09-28 18:39:37 +0000,2.5,3,00-0039746,Will Shipley,RB,PHI,CHI,3.213656924100368,3.39595733076568,3.39595733076568,0,6.88918614401615,4.1906550461485725,Medium,18,Neutral
2026-09-27 15:43:11 +0000,2.5,3,00-0036997,Javonte Williams,RB,DAL,BAL,12.297468225498504,12.665610779381236,12.665610779381236,8.849908896423688,15.972997445414288,3.0109528980360203,High,19,C
2026-09-27 15:43:11 +0000,2.5,3,00-0035685,David Montgomery,RB,HOU,IND,11.683869505217498,11.994981289322638,11.994981289322638,8.100129388392492,15.522203318540187,4.1906550461485725,Medium,20,Neutral
2026-09-28 00:01:11 +0000,2.5,3,00-0036158,J.K. Dobbins,RB,DEN,LA,7.0551685226517895,7.653755990175688,7.653755990175688,3.4714284058267832,10.893502335974478,4.1906550461485725,Medium,20,Neutral
2026-09-27 15:43:11 +0000,2.5,3,00-0036973,Travis Etienne,RB,NO,LV,10.918529365028256,11.453194410411111,11.453194410411111,7.3925154403424544,15.396372968850129,4.1906550461485725,Medium,21,Neutral
2026-09-27 15:43:11 +0000,2.5,3,00-0041027,Jeremiyah Love,RB,ARI,SF,10.845950601634202,11.858015194019842,11.858015194019842,7.430987876928497,15.008232650037558,5.339770194966193,Low,22,Neutral
2026-09-27 15:43:11 +0000,2.5,3,00-0036875,Rhamondre Stevenson,RB,NE,JAX,10.324578727358936,11.277910182978934,11.277910182978934,6.807143192832962,14.106564451565726,5.339770194966193,Low,23,Neutral
2026-09-27 15:43:11 +0000,2.5,3,00-0033293,Aaron Jones,RB,MIN,TB,9.940078045551015,10.022872075614524,10.022872075614524,6.627275164152243,13.92394820148584,3.0109528980360203,High,25,Neutral
2026-09-27 15:43:11 +0000,2.5,3,00-0040719,Bhayshul Tuten,RB,JAX,NE,9.918659188163211,10.312228035092255,10.312228035092255,6.604318358995967,13.704506050442694,5.339770194966193,Low,26,C
2026-09-27 15:43:11 +0000,2.5,3,00-0040784,Quinshon Judkins,RB,CLE,CAR,9.894756801045345,10.17294244413774,10.17294244413774,6.389536818297801,14.120973245259052,4.1906550461485725,Medium,27,Neutral
2026-09-27 15:43:11 +0000,2.5,3,00-0037525,Jordan Mason,RB,MIN,TB,9.493734758793286,9.909972079735386,9.909972079735386,6.146370507197625,13.796352860254128,4.1906550461485725,Medium,28,Neutral
2026-09-27 15:43:11 +0000,2.5,3,00-0039165,Zach Charbonnet,RB,SEA,WAS,8.691198869107485,9.507512086286884,9.507512086286884,5.3225452229821295,12.781419863510626,4.1906550461485725,Medium,30,Neutral
2026-09-27 15:43:11 +0000,2.5,3,00-0035261,Tony Pollard,RB,TEN,NYG,8.536930723803668,8.874605888153013,8.874605888153013,5.241582519284361,12.983295586929628,3.0109528980360203,High,31,Neutral
2026-09-27 15:43:11 +0000,2.5,3,00-0041512,Jadarian Price,RB,SEA,WAS,8.174408636125136,8.631917762802058,8.631917762802058,4.7915005004293505,12.470163368694797,4.1906550461485725,Medium,32,Neutral
2026-09-27 15:43:11 +0000,2.5,3,00-0037228,Jaylen Warren,RB,PIT,CIN,8.127445359969764,8.723972209216058,8.723972209216058,4.829470523451049,11.932243960571784,3.0109528980360203,High,34,Neutral
2026-09-27 15:43:11 +0000,2.5,3,00-0040583,Woody Marks,RB,HOU,IND,7.978164934922757,8.400975193025815,8.400975193025815,4.6148861450309715,11.963676693208802,3.0109528980360203,High,35,Neutral
2026-09-27 15:43:11 +0000,2.5,3,00-0033553,James Conner,RB,ARI,SF,7.973015270668341,8.473918043485813,8.473918043485813,4.4465496908450435,11.806029793199382,5.339770194966193,Low,36,Neutral
2026-09-27 15:43:11 +0000,2.5,3,00-0037263,Tyler Allgeier,RB,ARI,SF,7.793248764790789,8.139114198397591,8.139114198397591,4.350302343042619,11.62414370622806,5.339770194966193,Low,37,Neutral
2026-09-27 15:43:11 +0000,2.5,3,00-0040242,Jacory Croskey-Merritt,RB,WAS,SEA,7.785452377796911,8.609027266503436,8.609027266503436,4.40307228460466,11.6163895891518,3.0109528980360203,High,38,Neutral
2026-09-27 15:43:11 +0000,2.5,3,00-0033906,Alvin Kamara,RB,NO,LV,6.907488941544141,7.885535818329661,7.885535818329661,3.5970000938724382,10.840856046960916,5.339770194966193,Low,41,Neutral
2026-09-28 00:01:11 +0000,2.5,3,00-0037557,Ronnie Rivers,RB,LA,DEN,2.799757118409821,3.196030967840054,3.196030967840054,0,6.812833010438263,4.1906550461485725,Medium,41,Neutral
2026-09-27 15:43:11 +0000,2.5,3,00-0037256,Rachaad White,RB,WAS,SEA,6.802304318646016,7.345819818263141,7.345819818263141,3.5018373638975757,10.569500090374174,3.0109528980360203,High,42,Neutral
2026-09-27 15:43:11 +0000,2.5,3,00-0041052,Kaelon Black,RB,SF,ARI,6.514661941455742,6.7425948005729355,6.7425948005729355,3.330924530743167,10.88120698961952,3.0109528980360203,High,43,Neutral
2026-09-28 00:01:11 +0000,2.5,3,00-0037085,Tyler Badie,RB,DEN,LA,2.7884958610648143,2.979542134164945,2.979542134164945,0,6.976278968306522,3.0109528980360203,High,43,Neutral
2026-09-27 15:43:11 +0000,2.5,3,00-0038551,Kendre Miller,RB,NO,LV,6.460190028460562,6.894869421935847,6.894869421935847,3.047909615065569,10.613832849500138,4.1906550461485725,Medium,44,Neutral
2026-09-28 18:39:37 +0000,2.5,3,00-0039021,Roschon Johnson,RB,CHI,PHI,1.4517442239422085,1.995744841169528,1.995744841169528,0,5.385111329358983,3.0109528980360203,High,44,Neutral
2026-09-27 15:43:11 +0000,2.5,3,00-0039921,Trey Benson,RB,ARI,SF,5.812978887179077,6.204482759206892,6.204482759206892,2.2766499003604177,10.000761994420785,5.339770194966193,Low,45,Neutral
2026-09-27 15:43:11 +0000,2.5,3,00-0039032,Tyjae Spears,RB,TEN,NYG,5.779792268756728,6.13797330924968,6.13797330924968,2.3462942653224466,9.461050494342636,3.0109528980360203,High,46,Neutral
2026-09-27 15:43:11 +0000,2.5,3,00-0036919,Kenny Gainwell,RB,TB,MIN,5.60588178745334,6.1757242354810895,6.1757242354810895,2.2528477255540595,9.471593408017206,5.339770194966193,Low,47,Neutral
2026-09-24 15:52:29 +0000,2.5,3,00-0039811,MarShawn Lloyd,RB,GB,ATL,5.882998321543908,6.149210314084767,6.149210314084767,2.443455290426426,10.32325050736952,5.339770194966193,Low,48,Neutral
2026-09-24 15:52:29 +0000,2.5,3,00-0037746,Brian Robinson,RB,ATL,GB,5.847403628343684,6.016002732677605,6.016002732677605,2.524511853492011,10.08380326806278,3.0109528980360203,High,49,Neutral
2026-09-27 15:43:11 +0000,2.5,3,00-0035250,Devin Singletary,RB,NYG,TEN,5.453132585374821,6.082767900524123,6.082767900524123,2.024032804222983,9.496446718297278,3.0109528980360203,High,49,Neutral
2026-09-27 15:43:11 +0000,2.5,3,00-0034975,Justice Hill,RB,BAL,DAL,5.380416166498251,6.084986703330545,6.084986703330545,1.9528006539306857,8.944775125671796,4.1906550461485725,Medium,50,Neutral
2026-09-27 15:43:11 +0000,2.5,3,00-0038797,Emanuel Wilson,RB,SEA,WAS,5.313427063502583,5.594285755892187,5.594285755892187,1.9223166582795987,8.780513672778897,3.0109528980360203,High,51,Neutral
2026-09-27 15:43:11 +0000,2.5,3,00-0039794,Braelon Allen,RB,NYJ,DET,5.179050635397588,5.630249771476011,5.630249771476011,1.7395076042801063,9.6193028212232,3.0109528980360203,High,52,Neutral
2026-09-27 15:43:11 +0000,2.5,3,00-0038951,Sean Tucker,RB,TB,MIN,4.82994399927218,5.510730994062186,5.510730994062186,1.5064432260135714,9.069226516007822,4.1906550461485725,Medium,53,Neutral
2026-09-27 15:43:11 +0000,2.5,3,00-0039344,Jonathon Brooks,RB,CAR,CLE,4.753094736629082,5.328900155415639,5.328900155415639,1.430202961777409,8.98949437634818,3.0109528980360203,High,54,Neutral
2026-09-27 15:43:11 +0000,2.5,3,00-0033526,Samaje Perine,RB,CIN,PIT,4.619501207392291,5.000022510859052,5.000022510859052,0.967013663579382,7.662757134626627,3.0109528980360203,High,55,Neutral
2026-09-27 15:43:11 +0000,2.5,3,00-0038611,Chris Rodriguez Jr.,RB,JAX,NE,4.570399079935202,5.095336826381867,5.095336826381867,1.0690597515203333,8.453576128823048,3.0109528980360203,High,56,Neutral
2026-09-27 15:43:11 +0000,2.5,3,00-0041013,Emmett Johnson,RB,KC,MIA,4.5167307059628365,4.88697003192314,4.88697003192314,1.079278320732917,8.231754565628602,3.0109528980360203,High,57,Neutral
2026-09-27 15:43:11 +0000,2.5,3,00-0035537,Ty Johnson,RB,BUF,LAC,4.1537571690208965,4.832264937350757,4.832264937350757,0.7246433858133615,7.970430927733323,3.0109528980360203,High,58,Neutral
2026-09-24 15:52:29 +0000,2.5,3,00-0038685,Chris Brooks,RB,GB,ATL,4.657325003701446,4.660704576058045,4.660704576058045,1.219872618471527,8.957769894216778,5.339770194966193,Low,59,Neutral
2026-09-27 15:43:11 +0000,2.5,3,00-0037197,Isiah Pacheco,RB,DET,NYJ,4.0786906696255985,4.551586250023612,4.551586250023612,0.6114227467416931,8.011554020290966,5.339770194966193,Low,59,Neutral
2026-09-27 15:43:11 +0000,2.5,3,00-0039373,Audric Estimé,RB,NO,LV,4.03315203966944,4.615595079351728,4.615595079351728,0.5191355041267531,8.077241888279836,4.1906550461485725,Medium,60,Neutral
2026-09-27 15:43:11 +0000,2.5,3,00-0040202,Devin Neal,RB,NO,LV,3.9131712875152944,4.414918689697316,4.414918689697316,0.418628706677263,8.400813750875724,4.1906550461485725,Medium,61,Neutral
2026-09-27 15:43:11 +0000,2.5,3,00-0038454,Keaton Mitchell,RB,LAC,BUF,3.7885306322181993,4.1944087521809585,4.1944087521809585,0.35107824698827983,8.08897552273353,3.0109528980360203,High,62,Neutral
2026-09-27 15:43:11 +0000,2.5,3,00-0039299,George Holani,RB,SEA,WAS,3.7265790631746416,3.9526747196026024,3.9526747196026024,0.2810518511812038,7.94022696374234,5.339770194966193,Low,63,Neutral
2026-09-27 15:43:11 +0000,2.5,3,00-0036893,Najee Harris,RB,NYG,TEN,3.6438294895799066,4.427831991557721,4.427831991557721,0.14423512864468557,7.517726558407916,5.339770194966193,Low,65,Neutral
2026-09-27 15:43:11 +0000,2.5,3,00-0037157,Bam Knight,RB,ARI,SF,3.5231395618774872,4.083486678580213,4.083486678580213,0.2288463470093227,7.488458158224921,4.1906550461485725,Medium,66,Neutral
2026-09-27 15:43:11 +0000,2.5,3,00-0032104,Ameer Abdullah,RB,JAX,NE,3.491034580919126,4.149855190306873,4.149855190306873,0.06341906835156073,7.306759201566781,3.0109528980360203,High,67,Neutral
2026-09-27 15:43:11 +0000,2.5,3,00-0040466,Raheim Sanders,RB,CLE,CAR,3.3006708929756505,3.5550729646312655,3.5550729646312655,0,7.645686129328286,4.1906550461485725,Medium,68,Neutral
2026-09-27 15:43:11 +0000,2.5,3,00-0039391,Kimani Vidal,RB,LAC,BUF,3.2324472976658845,4.022276122362004,4.022276122362004,0,7.835831909940164,5.339770194966193,Low,69,Neutral
2026-09-27 15:43:11 +0000,2.5,3,00-0039384,Tyrone Tracy Jr.,RB,NYG,TEN,3.16200869561926,3.8308448178668177,3.8308448178668177,0,7.212128450091676,5.339770194966193,Low,71,Neutral
2026-09-27 15:43:11 +0000,2.5,3,00-0033955,Jeremy McNichols,RB,WAS,SEA,3.036420586136292,3.4573183434737733,3.4573183434737733,0,6.910890473402558,4.1906550461485725,Medium,72,Neutral
2026-09-27 15:43:11 +0000,2.5,3,00-0036265,AJ Dillon,RB,CAR,CLE,3.0267714847506113,3.5530969911219143,3.5530969911219143,0,7.070861333361007,3.0109528980360203,High,73,Neutral
2026-09-24 15:52:29 +0000,2.5,3,00-0040142,Kaleb Johnson,RB,GB,ATL,3.473595946804378,3.7724491439769574,3.7724491439769574,0.05738459999626065,7.278394547406399,4.1906550461485725,Medium,74,Neutral
2026-09-27 15:43:11 +0000,2.5,3,00-0039364,Sione Vaki,RB,DET,NYJ,2.9656357046135797,3.207720517568437,3.207720517568437,0,6.800847485917715,3.0109528980360203,High,74,Neutral
2026-09-27 15:43:11 +0000,2.5,3,00-0037563,Malik Davis,RB,DAL,BAL,2.944247811556194,3.2256217932705846,3.2256217932705846,0,7.140044970286272,4.1906550461485725,Medium,75,Neutral
2026-09-27 15:43:11 +0000,2.5,3,00-0040177,Jordan James,RB,SF,ARI,2.905973957302545,3.287058248863865,3.287058248863865,0,6.710772557904566,3.0109528980360203,High,76,Neutral
2026-09-27 15:43:11 +0000,2.5,3,00-0040878,Mike Washington Jr.,RB,LV,NO,2.870321989334706,3.415297661902058,3.415297661902058,0,6.855833747620752,3.0109528980360203,High,77,Neutral
2026-09-28 00:01:11 +0000,2.5,3,00-0041496,Jonah Coleman,RB,DEN,LA,0,0,0,0,0,3.0109528980360203,High,79,C
2026-09-27 15:43:11 +0000,2.5,3,00-0038705,Emari Demercado,RB,DAL,BAL,2.7092979421068963,3.2841473633121505,3.2841473633121505,0,6.326845854231676,3.0109528980360203,High,80,Neutral
2026-09-27 15:43:11 +0000,2.5,3,00-0040162,Dylan Sampson,RB,CLE,CAR,2.703301115614344,3.296377755037616,3.296377755037616,0,6.883855305942036,5.339770194966193,Low,81,Neutral
2026-09-27 15:43:11 +0000,2.5,3,00-0040964,EJ Smith,RB,KC,MIA,2.6766620955470164,3.1574342196332497,3.1574342196332497,0,6.1022697728475706,4.1906550461485725,Medium,82,Neutral
2026-09-27 15:43:11 +0000,2.5,3,00-0041096,Kaytron Allen,RB,WAS,SEA,2.6127876182093157,3.0603206866829074,3.0603206866829074,0,6.52223574423601,3.0109528980360203,High,83,Neutral
2026-09-27 15:43:11 +0000,2.5,3,00-0040886,Nicholas Singleton,RB,TEN,NYG,2.5706883517148165,2.993463596735975,2.993463596735975,0,6.751305597198259,3.0109528980360203,High,84,Neutral
2026-09-27 15:43:11 +0000,2.5,3,00-0040556,Corey Kiner,RB,NE,JAX,2.480083327111203,3.117988133170205,3.117988133170205,0,6.469794020761114,3.0109528980360203,High,85,Neutral
2026-09-27 15:43:11 +0000,2.5,3,00-0036187,Reggie Gilliam,RB,NE,JAX,2.4625939823306515,2.7510951724956314,2.7510951724956314,0,6.176089047150007,4.1906550461485725,Medium,86,Neutral
2026-09-27 15:43:11 +0000,2.5,3,00-0040198,Ollie Gordon II,RB,MIA,KC,2.325263822262131,2.7939815694159593,2.7939815694159593,0,6.018563184045711,3.0109528980360203,High,87,Neutral
2026-09-27 15:43:11 +0000,2.5,3,00-0038488,Brady Russell,RB,SEA,WAS,2.2892313894216736,2.4556265298219695,2.4556265298219695,0,6.268666339862223,4.1906550461485725,Medium,88,Neutral
2026-09-27 15:43:11 +0000,2.5,3,00-0041436,DJ Herman,RB,MIA,KC,2.2250341120201207,2.4457338286067554,2.4457338286067554,0,6.09893118084813,3.0109528980360203,High,89,C
2026-09-27 15:43:11 +0000,2.5,3,00-0040937,Dominic Richardson,RB,NYJ,DET,2.1672890163821776,2.6495628665405793,2.6495628665405793,0,5.933080783356925,4.1906550461485725,Medium,90,Neutral
2026-09-27 15:43:11 +0000,2.5,3,00-0039798,Isaiah Davis,RB,NYJ,DET,2.0690965636805547,2.68028596245616,2.68028596245616,0,5.801955577748819,5.339770194966193,Low,91,Neutral
2026-09-27 15:43:11 +0000,2.5,3,00-0041323,Myles Montgomery,RB,NE,JAX,2.016543820871608,2.422209420904796,2.422209420904796,0,6.188906676157126,3.0109528980360203,High,92,Neutral
2026-09-27 15:43:11 +0000,2.5,3,00-0040644,Trevor Etienne,RB,CAR,CLE,2.0070701945011895,2.3625664013035355,2.3625664013035355,0,5.848514883933491,3.0109528980360203,High,93,Neutral
2026-09-27 15:43:11 +0000,2.5,3,00-0039875,Ray Davis,RB,BUF,LAC,1.9501753874641703,2.4462829158450945,2.4462829158450945,0,6.073690324435258,4.1906550461485725,Medium,94,Neutral
2026-09-27 15:43:11 +0000,2.5,3,00-0041239,Chip Trayanum,RB,NYJ,DET,1.895602893440776,2.322641150736884,2.322641150736884,0,6.004005426391132,3.0109528980360203,High,95,Neutral
2026-09-27 15:43:11 +0000,2.5,3,00-0040888,Adam Randall,RB,BAL,DAL,1.8700746187472388,2.2695234856299056,2.2695234856299056,0,5.830296969609088,3.0109528980360203,High,96,Neutral
2026-09-27 15:43:11 +0000,2.5,3,00-0040179,DJ Giddens,RB,IND,HOU,1.8440822817051412,2.172866409330709,2.172866409330709,0,5.792119428731012,3.0109528980360203,High,97,Neutral
2026-09-27 15:43:11 +0000,2.5,3,00-0038738,Hunter Luepke,RB,DAL,BAL,1.8283871443502224,1.9960501919803328,1.9960501919803328,0,5.8783286960050685,3.0109528980360203,High,98,Neutral
2026-09-27 15:43:11 +0000,2.5,3,00-0041081,Max Bredeson,RB,MIN,TB,1.777242510878215,2.1567882801282545,2.1567882801282545,0,6.172389602824508,3.0109528980360203,High,100,Neutral
2026-09-27 15:43:11 +0000,2.5,3,00-0040078,Brashard Smith,RB,KC,MIA,1.7445044996780943,2.3245656962114847,2.3245656962114847,0,5.405538605194248,4.1906550461485725,Medium,101,Neutral
2026-09-27 15:43:11 +0000,2.5,3,00-0039363,Isaac Guerendo,RB,SF,ARI,1.719088129862732,2.0447024258326723,2.0447024258326723,0,5.118586925548133,3.0109528980360203,High,102,Neutral
2026-09-27 15:43:11 +0000,2.5,3,00-0037276,Ty Chandler,RB,NO,LV,1.7016029342697745,2.060698047235847,2.060698047235847,0,5.328467856813528,3.0109528980360203,High,103,Neutral
2026-09-27 15:43:11 +0000,2.5,3,00-0029892,Kyle Juszczyk,RB,SF,ARI,1.687267694870463,1.992793463525078,1.992793463525078,0,5.559261063529322,3.0109528980360203,High,104,Neutral
2026-09-27 15:43:11 +0000,2.5,3,00-0033376,Patrick Ricard,RB,NYG,TEN,1.6366496863269748,1.522832760116024,1.522832760116024,0,5.6753648133452845,3.0109528980360203,High,105,Neutral
2026-09-27 15:43:11 +0000,2.5,3,00-0041104,Demond Claiborne,RB,MIN,TB,1.6195676222053856,2.0931738976364604,2.0931738976364604,0,5.8089743331372325,3.0109528980360203,High,106,Neutral
2026-09-27 15:43:11 +0000,2.5,3,00-0036670,Jermar Jefferson,RB,MIN,TB,1.55416371887467,1.895256852330788,1.895256852330788,0,6.0456376763716175,3.0109528980360203,High,107,Neutral
2026-09-24 15:52:29 +0000,2.5,3,00-0036984,Trey Sermon,RB,ATL,GB,1.7797501882958182,2.182283200117487,2.182283200117487,0,5.651743556954677,3.0109528980360203,High,107,Neutral
2026-09-27 15:43:11 +0000,2.5,3,00-0040238,LeQuint Allen Jr.,RB,JAX,NE,1.4859735692507432,1.9330331463141677,1.9330331463141677,0,5.736787594052559,3.0109528980360203,High,108,Neutral
2026-09-27 15:43:11 +0000,2.5,3,00-0031595,Michael Burton,RB,CLE,CAR,1.4629611960726614,1.6767020639461614,1.6767020639461614,0,5.906917389812532,3.0109528980360203,High,109,Neutral
2026-09-27 15:43:11 +0000,2.5,3,00-0038614,Scott Matlock,RB,LAC,BUF,1.4320320942021278,1.696353185463075,1.696353185463075,0,5.542160528402713,3.0109528980360203,High,111,Neutral
2026-09-27 15:43:11 +0000,2.5,3,00-0037304,Connor Heyward,RB,LV,NO,1.4130759500964416,1.767245594022378,1.767245594022378,0,5.7327600781342785,3.0109528980360203,High,112,Neutral
2026-09-27 15:43:11 +0000,2.5,3,00-0035125,Alec Ingold,RB,LAC,BUF,1.3858256313602566,1.6588523861056907,1.6588523861056907,0,5.080405461456347,3.0109528980360203,High,113,Neutral
2026-09-27 15:43:11 +0000,2.5,3,00-0041490,Eli Heidenreich,RB,PIT,CIN,1.3787484237381276,1.8237501480506229,1.8237501480506229,0,5.2141874590508985,3.0109528980360203,High,114,Neutral
2026-09-27 15:43:11 +0000,2.5,3,00-0039244,Chris Collier,RB,LV,NO,1.3636719177748655,1.6999051926513364,1.6999051926513364,0,5.110500791899349,3.0109528980360203,High,115,Neutral
2026-09-27 15:43:11 +0000,2.5,3,00-0040649,Robbie Ouzts,RB,SEA,WAS,1.3500709026605795,1.6183224362349098,1.6183224362349098,0,5.4000013668487465,3.0109528980360203,High,116,Neutral
2026-09-27 15:43:11 +0000,2.5,3,00-0041125,Seth McGowan,RB,IND,HOU,1.3251416695916698,1.6721135310905384,1.6721135310905384,0,5.4769970824595235,3.0109528980360203,High,117,Neutral
2026-09-27 15:43:11 +0000,2.5,3,00-0034959,Andrew Beck,RB,NYJ,DET,1.2616243638666256,1.5259976355904317,1.5259976355904317,0,5.286767071609062,3.0109528980360203,High,118,Neutral
2026-09-27 15:43:11 +0000,2.5,3,00-0039603,British Brooks,RB,HOU,IND,1.2119542799092886,1.5638123142857718,1.5638123142857718,0,5.055441974395252,3.0109528980360203,High,119,Neutral
2026-09-27 15:43:11 +0000,2.5,3,00-0039796,Rasheen Ali,RB,BAL,DAL,1.1954774195992164,1.579636930715926,1.579636930715926,0,5.389589053371931,3.0109528980360203,High,120,Neutral
2026-09-27 15:43:11 +0000,2.5,3,00-0038896,Jacob Saylors,RB,DET,NYJ,1.1609658168391574,1.4849847451045668,1.4849847451045668,0,4.8232268649992305,3.0109528980360203,High,121,Neutral
2026-09-27 15:43:11 +0000,2.5,3,00-0037594,Julius Chestnut,RB,TEN,NYG,1.1016128963643528,1.4116366259277175,1.4116366259277175,0,5.29449352934847,3.0109528980360203,High,122,Neutral
2026-09-27 15:43:11 +0000,2.5,3,00-0040208,Tahj Brooks,RB,CIN,PIT,0.9980795711154576,1.25057700700346,1.25057700700346,0,4.823498343939791,3.0109528980360203,High,123,Neutral
2026-09-27 15:43:11 +0000,2.5,3,00-0039407,Dylan Laube,RB,LV,NO,0.8700437015012272,1.2167586782809336,1.2167586782809336,0,5.101504954125371,3.0109528980360203,High,124,Neutral
2026-09-27 15:43:11 +0000,2.5,3,00-0039874,Jaylen Wright,RB,MIA,KC,0.5692652949291532,0.6635352938796886,0.6635352938796886,0,4.474660329358712,5.339770194966193,Low,125,Neutral
2026-09-27 15:43:11 +0000,2.5,3,00-0036842,Kene Nwangwu,RB,NYJ,DET,0.3080717714886165,0.36931302536957267,0.36931302536957267,0,4.470353819891971,3.0109528980360203,High,126,Neutral
2026-09-27 15:43:11 +0000,2.5,3,00-0036139,Rico Dowdle,RB,PIT,CIN,0,0,0,0,0,4.1906550461485725,Medium,127,Neutral
2026-09-27 15:43:11 +0000,2.5,3,00-0030506,Travis Kelce,TE,KC,MIA,14.49537386096308,14.49537386096308,13.77621085718439,11.829368311433674,17.135584295323238,4.217192999645614,Low,1,B+
2026-09-28 18:39:37 +0000,2.5,3,00-0040126,Colston Loveland,TE,CHI,PHI,5.773330916951701,5.773330916951701,5.647630931958197,2.858322670166512,8.122932997360026,2.8419404727693593,Medium,2,Neutral
2026-09-27 15:43:11 +0000,2.5,3,00-0037744,Trey McBride,TE,ARI,SF,11.56022914461775,11.56022914461775,11.083214178511977,8.84479917082034,13.997605070056832,4.217192999645614,Low,2,Neutral
2026-09-28 18:39:37 +0000,2.5,3,00-0036290,Cole Kmet,TE,CHI,PHI,4.048023761858548,4.048023761858548,4.04190162543182,1.3407717115285924,6.528503922217342,4.217192999645614,Low,3,Neutral
2026-09-27 15:43:11 +0000,2.5,3,00-0039065,Sam LaPorta,TE,DET,NYJ,11.41458442169557,11.41458442169557,10.154291090256075,8.606231249946873,13.674344119134034,4.217192999645614,Low,3,B+
2026-09-27 15:43:11 +0000,2.5,3,00-0034753,Mark Andrews,TE,BAL,DAL,10.099617818136869,10.099617818136869,9.069991324221553,7.256710103977197,12.060608665719569,4.217192999645614,Low,4,B+
2026-09-27 15:43:11 +0000,2.5,3,00-0034383,Dalton Schultz,TE,HOU,IND,9.4475452352438,9.4475452352438,9.187848033091436,6.6156752765010065,12.054092345108648,4.217192999645614,Low,5,Neutral
2026-09-27 15:43:11 +0000,2.5,3,00-0038933,Dalton Kincaid,TE,BUF,LAC,9.383335856580484,9.383335856580484,8.74292321181439,6.735824526191253,11.96829465441197,4.217192999645614,Low,6,Neutral
2026-09-28 18:39:37 +0000,2.5,3,00-0033246,Johnny Mundt,TE,PHI,CHI,3.39950996522599,3.39950996522599,3.306298077565697,0.4919552008309549,5.4476739221489066,2.8419404727693593,Medium,6,Neutral
2026-09-27 15:43:11 +0000,2.5,3,00-0033288,George Kittle,TE,SF,ARI,9.344631725410917,9.344631725410917,8.534854158407283,6.574269450409556,11.803318076273348,4.217192999645614,Low,7,Neutral
2026-09-27 15:43:11 +0000,2.5,3,00-0037838,Isaiah Likely,TE,NYG,TEN,8.991765282878566,8.991765282878566,8.079992714136363,6.227725385527382,11.47885069299878,4.217192999645614,Low,8,Neutral
2026-09-28 18:39:37 +0000,2.5,3,00-0041558,Sam Roush,TE,CHI,PHI,3.016014944656426,3.016014944656426,3.0646599603269604,0.27284595598314,5.605854224450859,1.9902699491608615,High,8,Neutral
2026-09-27 15:43:11 +0000,2.5,3,00-0035229,T.J. Hockenson,TE,MIN,TB,8.489719532413094,8.489719532413094,7.489140228754483,5.7815702605620265,11.345876677171574,4.217192999645614,Low,9,Neutral
2026-09-28 00:01:11 +0000,2.5,3,00-0033881,Evan Engram,TE,DEN,LA,5.551551550641283,5.551551550641283,5.234344407757161,2.8497803998329356,7.866443295176606,4.217192999645614,Low,10,Neutral
2026-09-27 15:43:11 +0000,2.5,3,00-0040663,Harold Fannin Jr.,TE,CLE,CAR,8.468339866480616,8.468339866480616,8.46653788905053,5.892206415232486,11.055721231928668,4.217192999645614,Low,10,Neutral
2026-09-28 00:01:11 +0000,2.5,3,00-0040737,Terrance Ferguson,TE,LA,DEN,5.475535201349443,5.475535201349443,4.8750354958208355,2.8122525237762215,8.297278864997002,4.217192999645614,Low,11,Neutral
2026-09-24 15:52:29 +0000,2.5,3,00-0038996,Tucker Kraft,TE,GB,ATL,8.451852504972953,8.451852504972953,8.180308922065791,5.687812607621769,10.938937915093168,4.217192999645614,Low,11,Neutral
2026-09-27 15:43:11 +0000,2.5,3,00-0040128,Tyler Warren,TE,IND,HOU,7.940292212569528,7.940292212569528,7.426116202014947,5.210147281255283,10.194079890808208,2.8419404727693593,Medium,11,Neutral
2026-09-27 15:43:11 +0000,2.5,3,00-0038129,Cade Otton,TE,TB,MIN,7.811132683173609,7.811132683173609,8.572359077468723,5.150031911204096,10.556014613181452,4.217192999645614,Low,12,Neutral
2026-09-27 15:43:11 +0000,2.5,3,00-0033090,Hunter Henry,TE,NE,JAX,7.404289938559952,7.404289938559952,7.305970272158656,4.82305120085174,9.68095135571328,2.8419404727693593,Medium,13,Neutral
2026-09-27 15:43:11 +0000,2.5,3,00-0036894,Pat Freiermuth,TE,PIT,CIN,7.172740837978822,7.172740837978822,6.736063238128232,4.429529728625093,9.522068602336573,4.217192999645614,Low,14,Neutral
2026-09-27 15:43:11 +0000,2.5,3,00-0036040,Juwan Johnson,TE,NO,LV,7.160242435463111,7.160242435463111,7.253347660433128,4.332346018729664,9.68241378158067,2.8419404727693593,Medium,15,Neutral
2026-09-27 15:43:11 +0000,2.5,3,00-0039066,Michael Mayer,TE,LV,NO,6.993981502114516,6.993981502114516,6.7365377251734975,4.238419499621026,9.447702694131609,2.8419404727693593,Medium,16,Neutral
2026-09-27 15:43:11 +0000,2.5,3,00-0033885,David Njoku,TE,LAC,BUF,6.0375647172121525,6.0375647172121525,5.833315330490845,3.3728650506613835,8.20731945708789,2.8419404727693593,Medium,17,Neutral
2026-09-27 15:43:11 +0000,2.5,3,00-0040584,Gunnar Helm,TE,TEN,NYG,5.975567054588168,5.975567054588168,5.80857570004508,3.2458691655777105,8.18100092673157,2.8419404727693593,Medium,18,Neutral
2026-09-27 15:43:11 +0000,2.5,3,00-0038935,Brenton Strange,TE,JAX,NE,5.822017562410493,5.822017562410493,5.861582989867733,3.1135600884956403,8.152882022696993,2.8419404727693593,Medium,19,Neutral
2026-09-28 00:01:11 +0000,2.5,3,00-0033110,Tyler Higbee,TE,LA,DEN,3.0658091778306686,3.0658091778306686,3.1292034964042124,0.15825441343563362,5.113973134753585,2.8419404727693593,Medium,21,Neutral
2026-09-24 15:52:29 +0000,2.5,3,00-0032392,Austin Hooper,TE,ATL,GB,5.7127811850236725,5.7127811850236725,5.346015780938502,2.7977729382384835,8.062383265431997,1.9902699491608615,High,22,Neutral
2026-09-28 00:01:11 +0000,2.5,3,00-0036244,Colby Parkinson,TE,LA,DEN,2.986742832365532,2.986742832365532,3.4270108429899113,0.2985036896696176,5.131532504161356,2.8419404727693593,Medium,22,Neutral
2026-09-28 18:39:37 +0000,2.5,3,00-0041483,Eli Stowers,TE,PHI,CHI,1.7337936010593118,1.7337936010593118,1.9293916947442833,0,4.174667947213348,1.9902699491608615,High,22,Neutral
2026-09-27 15:43:11 +0000,2.5,3,00-0034829,Mike Gesicki,TE,CIN,PIT,5.590174348874037,5.590174348874037,5.360093049402828,2.70493066219339,7.826676627776229,2.8419404727693593,Medium,22,Neutral
2026-09-27 15:43:11 +0000,2.5,3,00-0039793,AJ Barner,TE,SEA,WAS,5.585505965576036,5.585505965576036,5.733993932267323,2.9199659007721115,8.135328024105412,4.217192999645614,Low,23,Neutral
2026-09-28 00:01:11 +0000,2.5,3,00-0036422,Adam Trautman,TE,DEN,LA,2.9367434918690147,2.9367434918690147,2.8946340364955243,0.19357450319572855,5.526582771663447,1.9902699491608615,High,23,Neutral
2026-09-28 00:01:11 +0000,2.5,3,00-0038783,Nate Adkins,TE,DEN,LA,2.7033399575728794,2.7033399575728794,2.766682690249226,0,5.09740792417028,4.217192999645614,Low,24,Neutral
2026-09-27 15:43:11 +0000,2.5,3,00-0038041,Jake Ferguson,TE,DAL,BAL,5.246842412515587,5.246842412515587,5.2105179923663805,2.54507126170724,7.561734157050911,4.217192999645614,Low,25,Neutral
2026-09-27 15:43:11 +0000,2.5,3,00-0041032,Kenyon Sadiq,TE,NYJ,DET,5.157194960247994,5.157194960247994,5.349523036582886,2.4824328461047047,7.780421093508084,2.8419404727693593,Medium,26,Neutral
2026-09-27 15:43:11 +0000,2.5,3,00-0037005,Tommy Tremble,TE,CAR,CLE,4.98142787010141,4.98142787010141,4.505300010604368,2.140092207016221,7.539602464236976,2.8419404727693593,Medium,27,Neutral
2026-09-27 15:43:11 +0000,2.5,3,00-0031610,Darren Waller,TE,CAR,CLE,4.731870782439401,4.731870782439401,4.644642527425503,2.06858810486618,7.553614446086961,4.217192999645614,Low,28,Neutral
2026-09-27 15:43:11 +0000,2.5,3,00-0035644,Noah Fant,TE,NO,LV,4.703619514695719,4.703619514695719,4.169227967324939,2.009347823506245,7.19667475051798,4.217192999645614,Low,29,Neutral
2026-09-27 15:43:11 +0000,2.5,3,00-0039338,Brock Bowers,TE,LV,NO,4.23919411493376,4.23919411493376,5.184480268363061,1.458035498173826,6.367351471772066,4.217192999645614,Low,30,Neutral
2026-09-24 15:52:29 +0000,2.5,3,00-0036970,Kyle Pitts,TE,ATL,GB,5.174494679944122,5.174494679944122,5.072318510802839,2.5112120023709004,7.996238343591681,2.8419404727693593,Medium,30,Neutral
2026-09-27 15:43:11 +0000,2.5,3,00-0035689,Dawson Knox,TE,BUF,LAC,4.143797040697242,4.143797040697242,3.785450433803351,1.4197464219277145,6.256764151433756,2.8419404727693593,Medium,31,Neutral
2026-09-27 15:43:11 +0000,2.5,3,00-0037252,Greg Dulcich,TE,MIA,KC,4.082178080920202,4.082178080920202,4.284941628739725,1.3261796627253462,6.494705040113658,1.9902699491608615,High,32,Neutral
2026-09-27 15:43:11 +0000,2.5,3,00-0037112,Jake Tonges,TE,SF,ARI,4.060325531444175,4.060325531444175,4.1324159115643555,1.3534185136295815,6.681128155997,1.9902699491608615,High,33,Neutral
2026-09-28 00:01:11 +0000,2.5,3,00-0039074,Davis Allen,TE,LA,DEN,1.9524291912990397,1.9524291912990397,1.955566261735039,0,4.824261945648927,1.9902699491608615,High,34,Neutral
2026-09-27 15:43:11 +0000,2.5,3,00-0038558,Darnell Washington,TE,PIT,CIN,3.957402987720296,3.957402987720296,3.95398530219933,1.3209541888755651,6.111861369316308,1.9902699491608615,High,35,Neutral
2026-09-24 15:52:29 +0000,2.5,3,00-0033858,Jonnu Smith,TE,GB,ATL,4.063136514983236,4.063136514983236,4.372141963599691,1.3688648237937615,6.556191750805496,2.8419404727693593,Medium,35,Neutral
2026-09-28 00:01:11 +0000,2.5,3,00-0041510,Max Klare,TE,LA,DEN,1.888761792079288,1.888761792079288,1.8906121188914535,0,4.105460932277654,1.9902699491608615,High,36,Neutral
2026-09-27 15:43:11 +0000,2.5,3,00-0040189,Oronde Gadsden II,TE,LAC,BUF,3.943597436704084,3.943597436704084,4.431682121450252,1.2776064372685614,6.519590448360395,4.217192999645614,Low,36,Neutral
2026-09-27 15:43:11 +0000,2.5,3,00-0035249,Josh Oliver,TE,MIN,TB,3.917376100110652,3.917376100110652,3.472700562168128,1.2544202623009362,6.153878379012843,1.9902699491608615,High,37,Neutral
2026-09-27 15:43:11 +0000,2.5,3,00-0039847,Theo Johnson,TE,NYG,TEN,3.7973016345896458,3.7973016345896458,3.884721242744781,1.0900495842596896,6.277781794948439,4.217192999645614,Low,38,Neutral
2026-09-27 15:43:11 +0000,2.5,3,00-0035631,Drew Sample,TE,CIN,PIT,3.4291740356704543,3.4291740356704543,3.370619965784363,0.6761885232319317,6.113912550029163,1.9902699491608615,High,39,Neutral
2026-09-28 18:39:37 +0000,2.5,3,00-0041170,Hayden Large,TE,CHI,PHI,0.9510875059331104,0.9510875059331104,1.1493748735234193,0,3.363614465126566,2.8419404727693593,Medium,40,Neutral
2026-09-28 18:39:37 +0000,2.5,3,00-0037086,Grant Calcaterra,TE,PHI,CHI,0.9365388684954292,0.9365388684954292,1.30236135537471,0,3.8824048129013327,1.9902699491608615,High,42,Neutral
2026-09-27 15:43:11 +0000,2.5,3,00-0040187,Mitchell Evans,TE,CAR,CLE,2.777303834601872,2.777303834601872,2.556895394051297,0,5.171371801199273,1.9902699491608615,High,45,Neutral
2026-09-27 15:43:11 +0000,2.5,3,00-0034981,Foster Moreau,TE,HOU,IND,2.706025604178722,2.706025604178722,2.6515163718286705,0,4.8531705131359555,1.9902699491608615,High,47,Neutral
2026-09-27 15:43:11 +0000,2.5,3,00-0036628,John Bates,TE,WAS,SEA,2.6229103241814697,2.6229103241814697,2.8677946651191615,0,4.671074281104386,1.9902699491608615,High,48,Neutral
2026-09-27 15:43:11 +0000,2.5,3,00-0039814,Erick All,TE,CIN,PIT,2.6063745629144894,2.6063745629144894,2.4837255014394812,0,5.427989491805013,2.8419404727693593,Medium,49,Neutral
2026-09-27 15:43:11 +0000,2.5,3,00-0039356,Ja'Tavion Sanders,TE,CAR,CLE,2.578343694543195,2.578343694543195,2.534520447908469,0,5.279969456553471,1.9902699491608615,High,50,Neutral
2026-09-27 15:43:11 +0000,2.5,3,00-0036887,Luke Farrell,TE,SF,ARI,2.5241363723663013,2.5241363723663013,2.1778215014771214,0,4.6908423170639875,1.9902699491608615,High,51,Neutral
2026-09-27 15:43:11 +0000,2.5,3,00-0041503,Nate Boerkircher,TE,JAX,NE,2.4580308051657176,2.4580308051657176,2.4210729498541546,0,4.927646060461839,1.9902699491608615,High,52,Neutral
2026-09-28 00:01:11 +0000,2.5,3,00-0041133,Dallen Bentley,TE,DEN,LA,1.149787224807805,1.149787224807805,1.1258665681586957,0,3.251609711897057,1.9902699491608615,High,53,Neutral
2026-09-27 15:43:11 +0000,2.5,3,00-0036637,Noah Gray,TE,KC,MIA,2.3733623246743023,2.3733623246743023,2.2532121055845935,0,4.5594859716343645,1.9902699491608615,High,53,Neutral
2026-09-27 15:43:11 +0000,2.5,3,00-0039912,Ben Sinnott,TE,WAS,SEA,2.349398959902378,2.349398959902378,2.4971020237012476,0,5.227944245468749,1.9902699491608615,High,54,Neutral
2026-09-27 15:43:11 +0000,2.5,3,00-0040879,Matthew Hibner,TE,BAL,DAL,2.3198912213481035,2.3198912213481035,2.13072126598036,0,4.794955876180092,1.9902699491608615,High,55,Neutral
2026-09-27 15:43:11 +0000,2.5,3,00-0034798,Durham Smythe,TE,BAL,DAL,2.2829362727834086,2.2829362727834086,1.9162777622210387,0,4.294709069386543,1.9902699491608615,High,56,Neutral
2026-09-28 18:39:37 +0000,2.5,3,00-0037031,Nikola Kalinic,TE,CHI,PHI,0.7392217325838251,0.7392217325838251,0.872679465326617,0,2.7115017910476964,2.8419404727693593,Medium,56,Neutral
2026-09-27 15:43:11 +0000,2.5,3,00-0034365,Ian Thomas,TE,LV,NO,2.2801525762657215,2.2801525762657215,2.172408014492644,0,4.428313390506373,1.9902699491608615,High,57,Neutral
2026-09-27 15:43:11 +0000,2.5,3,00-0038710,Blake Whiteheart,TE,CLE,CAR,2.1680888501182745,2.1680888501182745,2.3244339798334837,0,4.5402521353221,4.217192999645614,Low,58,Neutral
2026-09-27 15:43:11 +0000,2.5,3,00-0041077,Justin Joly,TE,MIA,KC,2.1654145240768536,2.1654145240768536,2.550329705551083,0,4.480962262652218,1.9902699491608615,High,59,Neutral
2026-09-27 15:43:11 +0000,2.5,3,00-0040739,Elijah Arroyo,TE,SEA,WAS,2.101670717719308,2.101670717719308,2.256162389790783,0,4.578312048370892,1.9902699491608615,High,60,Neutral
2026-09-28 18:39:37 +0000,2.5,3,00-0038498,E.J. Jenkins,TE,PHI,CHI,0.6811865097984432,0.6811865097984432,0.8904235671289529,0,2.893408354288719,2.8419404727693593,Medium,61,Neutral
2026-09-27 15:43:11 +0000,2.5,3,00-0037805,Jeremy Ruckert,TE,NYJ,DET,2.082197679342359,2.082197679342359,2.297691009449818,0,4.442886331001322,1.9902699491608615,High,61,Neutral
2026-09-28 00:01:11 +0000,2.5,3,00-0040240,Caleb Lohner,TE,DEN,LA,1.0146636307548365,1.0146636307548365,0.9394664396379953,0,3.4943307701932245,1.9902699491608615,High,62,Neutral
2026-09-27 15:43:11 +0000,2.5,3,00-0041395,Eli Raridon,TE,NE,JAX,1.968763522051135,1.968763522051135,2.615112130207717,0,4.558602801845567,2.8419404727693593,Medium,62,Neutral
2026-09-27 15:43:11 +0000,2.5,3,00-0038115,Daniel Bellinger,TE,TEN,NYG,1.8675209151065877,1.8675209151065877,1.985916802472503,0,4.3345351326259305,1.9902699491608615,High,64,Neutral
2026-09-27 15:43:11 +0000,2.5,3,00-0041472,Marlin Klein,TE,HOU,IND,1.8583387224607395,1.8583387224607395,1.827310106831349,0,4.517582863862493,1.9902699491608615,High,65,Neutral
2026-09-27 15:43:11 +0000,2.5,3,00-0041041,Oscar Delp,TE,NO,LV,1.845000517946852,1.845000517946852,1.9508547013463728,0,4.029642262202021,1.9902699491608615,High,67,Neutral
2026-09-27 15:43:11 +0000,2.5,3,00-0041577,Connor Hulstein,TE,NYJ,DET,1.8264069756570356,1.8264069756570356,1.5942629116798064,0,4.09765991753587,2.8419404727693593,Medium,68,Neutral
2026-09-27 15:43:11 +0000,2.5,3,00-0034270,Tyler Conklin,TE,DET,NYJ,1.786348305165874,1.786348305165874,2.056263140415911,0,4.155528201480637,1.9902699491608615,High,69,Neutral
2026-09-28 18:39:37 +0000,2.5,3,00-0034351,Dallas Goedert,TE,PHI,CHI,0,0,0,0,0,4.217192999645614,Low,70,Neutral
2026-09-27 15:43:11 +0000,2.5,3,00-0041524,Will Kacmarek,TE,MIA,KC,1.665905444399805,1.665905444399805,1.8009537801921425,0,3.882604584598171,1.9902699491608615,High,72,Neutral
2026-09-27 15:43:11 +0000,2.5,3,00-0040194,Jackson Hawes,TE,BUF,LAC,1.659117431249018,1.659117431249018,1.5002255277306702,0,4.100253141400414,2.8419404727693593,Medium,73,Neutral
2026-09-27 15:43:11 +0000,2.5,3,00-0036754,Brock Wright,TE,DET,NYJ,1.5535956512265796,1.5535956512265796,1.6696117232609444,0,3.9216479461904106,2.8419404727693593,Medium,74,Neutral
2026-09-27 15:43:11 +0000,2.5,3,00-0039359,Cade Stover,TE,HOU,IND,1.5471843656890096,1.5471843656890096,1.4876593652704615,0,3.9364206733667526,1.9902699491608615,High,75,Neutral
2026-09-24 15:52:29 +0000,2.5,3,00-0036429,Charlie Woerner,TE,ATL,GB,1.7244129602422418,1.7244129602422418,1.6664965709974509,0,3.9956659021210754,1.9902699491608615,High,76,Neutral
2026-09-27 15:43:11 +0000,2.5,3,00-0038547,Luke Schoonmaker,TE,DAL,BAL,1.531397611934883,1.531397611934883,1.6376596161902277,0,4.003784365984396,1.9902699491608615,High,76,Neutral
2026-09-27 15:43:11 +0000,2.5,3,00-0040081,Jake Briningstool,TE,KC,MIA,1.4100547765576372,1.4100547765576372,1.3693109224771796,0,4.2868459732359,2.8419404727693593,Medium,78,Neutral
2026-09-27 15:43:11 +0000,2.5,3,00-0041084,Tanner Koziol,TE,JAX,NE,1.3616606158479028,1.3616606158479028,1.6037846142198535,0,3.9431376427973728,1.9902699491608615,High,79,Neutral
2026-09-27 15:43:11 +0000,2.5,3,00-0041116,Jack Endries,TE,CIN,PIT,1.349028435535697,1.349028435535697,1.754513296182231,0,3.7839652572772566,1.9902699491608615,High,80,Neutral
2026-09-27 15:43:11 +0000,2.5,3,00-0040363,Keleki Latu,TE,BUF,LAC,1.311341994939692,1.311341994939692,1.0738956895590228,0,3.9028708704930377,2.8419404727693593,Medium,81,Neutral
2026-09-27 15:43:11 +0000,2.5,3,00-0040887,Josh Cuevas,TE,BAL,DAL,1.2794346347657315,1.2794346347657315,1.331458546646051,0,4.138619257746667,1.9902699491608615,High,82,Neutral
2026-09-27 15:43:11 +0000,2.5,3,00-0038720,Julian Hill,TE,NE,JAX,1.2703231832451884,1.2703231832451884,1.3447139970554214,0,3.6424864684490137,2.8419404727693593,Medium,83,Neutral
2026-09-24 15:52:29 +0000,2.5,3,00-0039144,Luke Musgrave,TE,GB,ATL,1.488919099600268,1.488919099600268,1.6354719111123566,0,4.186066902359305,1.9902699491608615,High,83,Neutral
2026-09-27 15:43:11 +0000,2.5,3,00-0039041,Elijah Higgins,TE,ARI,SF,1.2521010531456152,1.2521010531456152,1.4991563400083052,0,3.949248855904652,1.9902699491608615,High,84,Neutral
2026-09-27 15:43:11 +0000,2.5,3,00-0038564,Cameron Latu,TE,NE,JAX,1.2469884855487492,1.2469884855487492,1.0455592777550786,0,3.808266631445288,1.9902699491608615,High,85,Neutral
2026-09-27 15:43:11 +0000,2.5,3,00-0040901,Jaren Kanak,TE,TEN,NYG,1.1336791245699978,1.1336791245699978,1.355473894351929,0,3.944224070967961,1.9902699491608615,High,86,Neutral
2026-09-27 15:43:11 +0000,2.5,3,00-0039530,Brevyn Spann-Ford,TE,DAL,BAL,1.116372350387267,1.116372350387267,1.3593339734580363,0,3.869602526855643,2.8419404727693593,Medium,87,Neutral
2026-09-27 15:43:11 +0000,2.5,3,00-0036590,Quintin Morris,TE,JAX,NE,1.1115314186351226,1.1115314186351226,1.28679809286234,0,3.583918172684635,2.8419404727693593,Medium,88,Neutral
2026-09-27 15:43:11 +0000,2.5,3,00-0041314,Tanner Arkin,TE,NE,JAX,1.097311229181307,1.097311229181307,1.1590003495240777,0,3.5812373204621895,2.8419404727693593,Medium,89,Neutral
2026-09-27 15:43:11 +0000,2.5,3,00-0037004,Hunter Long,TE,ARI,SF,1.0855976364803586,1.0855976364803586,1.2855644984930483,0,3.398917434335352,1.9902699491608615,High,90,Neutral
2026-09-27 15:43:11 +0000,2.5,3,00-0036825,Feleipe Franks,TE,CAR,CLE,1.079822421157684,1.079822421157684,0.7844390019886884,0,3.4208146032448066,2.8419404727693593,Medium,91,Neutral
2026-09-27 15:43:11 +0000,2.5,3,00-0033576,Eric Saubert,TE,SEA,WAS,1.079258786942276,1.079258786942276,1.0385424554051956,0,3.6320756411366415,1.9902699491608615,High,92,Neutral
2026-09-27 15:43:11 +0000,2.5,3,00-0041398,Riley Nowakowski,TE,PIT,CIN,1.0663674223117252,1.0663674223117252,1.2422063688449976,0,3.4330254897602535,1.9902699491608615,High,93,Neutral
2026-09-27 15:43:11 +0000,2.5,3,00-0038394,Will Mallory,TE,IND,HOU,1.049218957258537,1.049218957258537,1.3554099226059142,0,3.19642371062468,1.9902699491608615,High,95,Neutral
2026-09-27 15:43:11 +0000,2.5,3,00-0040955,John Michael Gyllenborg,TE,KC,MIA,1.0335429685526738,1.0335429685526738,1.254844483142392,0,3.177127904027318,2.8419404727693593,Medium,96,Neutral
2026-09-27 15:43:11 +0000,2.5,3,00-0040244,Moliki Matavao,TE,NO,LV,0.9688649386669032,0.9688649386669032,1.3038723096153912,0,3.33367776941173,1.9902699491608615,High,97,Neutral
2026-09-27 15:43:11 +0000,2.5,3,00-0039824,Jared Wiley,TE,KC,MIA,0.9636087632503167,0.9636087632503167,1.0568773357747865,0,3.5396017749066275,1.9902699491608615,High,98,Neutral
2026-09-27 15:43:11 +0000,2.5,3,00-0036876,Kylen Granson,TE,TEN,NYG,0.9499794212450976,0.9499794212450976,1.0361270023918907,0,3.2699276531634207,1.9902699491608615,High,100,Neutral
2026-09-27 15:43:11 +0000,2.5,3,00-0039737,Tip Reiman,TE,ARI,SF,0.9034151638854198,0.9034151638854198,1.117700080888079,0,3.52448461886053,1.9902699491608615,High,103,Neutral
2026-09-27 15:43:11 +0000,2.5,3,00-0036556,Brevin Jordan,TE,HOU,IND,0.8991852893716937,0.8991852893716937,0.9426044785730924,0,3.378852428810082,1.9902699491608615,High,104,Neutral
2026-09-27 15:43:11 +0000,2.5,3,00-0033757,Robert Tonyan,TE,PIT,CIN,0.8900473850621755,0.8900473850621755,1.0743410910058908,0,3.2251774983669113,2.8419404727693593,Medium,105,Neutral
2026-09-27 15:43:11 +0000,2.5,3,00-0037755,Jelani Woods,TE,NYJ,DET,0.8890270922040364,0.8890270922040364,1.0420801094328898,0,3.3015540513974915,2.8419404727693593,Medium,106,Neutral
2026-09-27 15:43:11 +0000,2.5,3,00-0041579,Seydou Traore,TE,MIA,KC,0.888182484392629,0.888182484392629,1.230803234084286,0,3.1138648974404703,1.9902699491608615,High,107,Neutral
2026-09-27 15:43:11 +0000,2.5,3,00-0040488,Carter Runyon,TE,LV,NO,0.8857626988303295,0.8857626988303295,0.9156905257979804,0,3.196989199191252,2.8419404727693593,Medium,108,Neutral
2026-09-27 15:43:11 +0000,2.5,3,00-0039686,Colson Yankoff,TE,WAS,SEA,0.8573527317371883,0.8573527317371883,1.1086791213054337,0,3.0669123130744618,2.8419404727693593,Medium,109,Neutral
2026-09-27 15:43:11 +0000,2.5,3,00-0041087,Joe Royer,TE,CLE,CAR,0.8517936117941354,0.8517936117941354,1.2594950677960737,0,3.534914728890116,1.9902699491608615,High,110,Neutral
2026-09-27 15:43:11 +0000,2.5,3,00-0033217,Mo Alie-Cox,TE,IND,HOU,0.8500289181550926,0.8500289181550926,1.3360806289428857,0,3.5195122327346264,2.8419404727693593,Medium,111,Neutral
2026-09-27 15:43:11 +0000,2.5,3,00-0041366,Jameson Geers,TE,ARI,SF,0.824653840886465,0.824653840886465,1.192376606455286,0,3.129703177051801,2.8419404727693593,Medium,112,Neutral
2026-09-27 15:43:11 +0000,2.5,3,00-0040853,Carson Towt,TE,IND,HOU,0.8157230799652777,0.8157230799652777,1.138879786845136,0,3.120772416130613,2.8419404727693593,Medium,113,Neutral
2026-09-27 15:43:11 +0000,2.5,3,00-0040390,Jackson Meeks,TE,DET,NYJ,0.8140442560680838,0.8140442560680838,0.9753676685474596,0,3.4298701581978186,2.8419404727693593,Medium,114,Neutral
2026-09-27 15:43:11 +0000,2.5,3,00-0038809,Ben Sims,TE,MIA,KC,0.8128763338035603,0.8128763338035603,1.1875358454284402,0,3.1438487111144084,2.8419404727693593,Medium,115,Neutral
2026-09-27 15:43:11 +0000,2.5,3,00-0040215,Gavin Bartholomew,TE,MIN,TB,0.8126122251788088,0.8126122251788088,0.9553774905742032,0,3.4101517623110373,1.9902699491608615,High,116,Neutral
2026-09-24 15:52:29 +0000,2.5,3,00-0038589,Josh Whyle,TE,GB,ATL,0.7714492688064893,0.7714492688064893,1.138885408022878,0,2.9810088501437626,1.9902699491608615,High,117,Neutral
2026-09-27 15:43:11 +0000,2.5,3,00-0038145,Thomas Odukoya,TE,KC,MIA,0.8018585495161317,0.8018585495161317,0.9448569834874684,0,3.0210053494925746,2.8419404727693593,Medium,117,Neutral
2026-09-27 15:43:11 +0000,2.5,3,00-0040938,DJ Rogers,TE,DAL,BAL,0.7794223822218107,0.7794223822218107,1.1417465017805786,0,2.9976718596617227,2.8419404727693593,Medium,118,Neutral
2026-09-27 15:43:11 +0000,2.5,3,00-0041180,Quentin Moore,TE,WAS,SEA,0.7630002765714221,0.7630002765714221,1.1264284100695627,0,3.322780532294848,2.8419404727693593,Medium,120,Neutral
2026-09-27 15:43:11 +0000,2.5,3,00-0040509,Ben Yurosek,TE,MIN,TB,0.7309459803508671,0.7309459803508671,0.9044925135145272,0,3.206628989964979,2.8419404727693593,Medium,122,Neutral
2026-09-27 15:43:11 +0000,2.5,3,00-0040504,Bryson Nesbit,TE,MIN,TB,0.7306149353595106,0.7306149353595106,0.9056455979454332,0,3.641021081795365,2.8419404727693593,Medium,123,Neutral
2026-09-27 15:43:11 +0000,2.5,3,00-0040225,Thomas Fidone II,TE,NYG,TEN,0.7002959062714778,0.7002959062714778,0.9541764917105162,0,3.300810438711407,1.9902699491608615,High,124,Neutral
2026-09-27 15:43:11 +0000,2.5,3,00-0037078,Cole Turner,TE,MIA,KC,0.6769998950540501,0.6769998950540501,0.9097643967380676,0,3.196434727058883,1.9902699491608615,High,126,Neutral
2026-09-27 15:43:11 +0000,2.5,3,00-0037292,Andrew Ogletree,TE,IND,HOU,0.6717547521725932,0.6717547521725932,0.9172723630006808,0,3.1505836000910312,1.9902699491608615,High,127,Neutral
2026-09-27 15:43:11 +0000,2.5,3,00-0040058,Nick Kallerup,TE,SEA,WAS,0.6663536176028028,0.6663536176028028,0.8286435354863786,0,2.9142820627066466,2.8419404727693593,Medium,128,Neutral
2026-09-27 15:43:11 +0000,2.5,3,00-0041131,Carsen Ryan,TE,CLE,CAR,0.6113312513868343,0.6113312513868343,0.9700946741926594,0,3.19352627327726,1.9902699491608615,High,132,Neutral
2026-09-24 15:52:29 +0000,2.5,3,00-0040598,Mark Redman,TE,GB,ATL,0.6440404488803547,0.6440404488803547,0.8688067600542307,0,2.8919688939841985,2.8419404727693593,Medium,132,Neutral
2026-09-27 15:43:11 +0000,2.5,3,00-0031484,Chris Manhertz,TE,NYG,TEN,0.600852799423933,0.600852799423933,0.890088399176543,0,2.8130746439142085,2.8419404727693593,Medium,133,Neutral
2026-09-24 15:52:29 +0000,2.5,3,00-0039263,McCallan Castles,TE,GB,ATL,0.6378551561449233,0.6378551561449233,0.8571211787581514,0,2.68601911306784,2.8419404727693593,Medium,133,Neutral
2026-09-24 15:52:29 +0000,2.5,3,00-0039936,Thomas Yassmin,TE,GB,ATL,0.6378551561449233,0.6378551561449233,0.8571211787581514,0,3.4058431010124006,2.8419404727693593,Medium,133,Neutral
2026-09-27 15:43:11 +0000,2.5,3,00-0038735,Princeton Fant,TE,DAL,BAL,0.5675515292241731,0.5675515292241731,0.8641623015812643,0,3.019184782008476,2.8419404727693593,Medium,134,Neutral
2026-09-27 15:43:11 +0000,2.5,3,00-0039050,Payne Durham,TE,TB,MIN,0.5433887776392456,0.5433887776392456,1.04042001908317,0,2.645211264728498,1.9902699491608615,High,135,Neutral
2026-09-27 15:43:11 +0000,2.5,3,00-0041094,Bauer Sharp,TE,TB,MIN,0.5398914534900932,0.5398914534900932,1.0180909637524151,0,3.204765608800653,1.9902699491608615,High,136,Neutral
2026-09-27 15:43:11 +0000,2.5,3,00-0039648,David Martin-Robinson,TE,TEN,NYG,0.4454925179009916,0.4454925179009916,0.7098197871989609,0,2.4936564748239083,2.8419404727693593,Medium,137,Neutral
2026-09-27 15:43:11 +0000,2.5,3,00-0037311,Ko Kieft,TE,TB,MIN,0.4269775319166697,0.4269775319166697,0.9010320885541456,0,2.6422902032044355,1.9902699491608615,High,138,Neutral
2026-09-27 15:43:11 +0000,2.5,3,00-0038046,Charlie Kolar,TE,LAC,BUF,0,0,0,0,0,4.217192999645614,Low,139,Neutral
2026-09-27 15:43:11 +0000,2.5,3,00-0037809,Chig Okonkwo,TE,WAS,SEA,0,0,0,0,0,4.217192999645614,Low,139,Neutral
2026-09-27 15:43:11 +0000,2.5,3,00-0040736,Mason Taylor,TE,NYJ,DET,0,0,0,0,0,4.217192999645614,Low,139,Neutral
2026-09-28 18:39:37 +0000,2.5,3,00-0036912,DeVonta Smith,WR,PHI,CHI,11.071239183041268,11.009644345596122,11.009644345596122,7.906703489349478,15.105555720456548,3.83141508023352,Medium,1,C
2026-09-27 15:43:11 +0000,2.5,3,00-0038543,Jaxon Smith-Njigba,WR,SEA,WAS,14.283708357030438,14.71471051244982,14.71471051244982,10.826532222296049,17.797967487020543,4.973519690779636,Low,1,D
2026-09-27 15:43:11 +0000,2.5,3,00-0036963,Amon-Ra St. Brown,WR,DET,NYJ,13.936157650889204,14.885125549537022,14.885125549537022,10.771621957197416,17.970474188304483,3.83141508023352,Medium,2,C
2026-09-28 18:39:37 +0000,2.5,3,00-0038393,Dontayvion Wicks,WR,PHI,CHI,7.482177550360753,7.618653308625342,7.618653308625342,4.107117977653029,11.020311265654287,4.973519690779636,Low,2,C
2026-09-27 15:43:11 +0000,2.5,3,00-0036358,CeeDee Lamb,WR,DAL,BAL,13.138952265323669,13.44159064382558,13.44159064382558,9.94577319739346,16.670120770543917,2.953609688195244,High,3,D
2026-09-28 00:01:11 +0000,2.5,3,00-0031381,Davante Adams,WR,LA,DEN,11.687942834106329,12.746458602294725,12.746458602294725,8.230766699371937,15.202201964096432,3.83141508023352,Medium,4,D
2026-09-27 15:43:11 +0000,2.5,3,00-0036900,Ja'Marr Chase,WR,CIN,PIT,12.819391316478391,12.899112811196083,12.899112811196083,9.6543165790194,16.074929013805956,4.973519690779636,Low,4,Neutral
2026-09-27 15:43:11 +0000,2.5,3,00-0037239,Chris Olave,WR,NO,LV,12.440265596823826,12.649757287430988,12.649757287430988,9.068026045213744,15.943600557474578,2.953609688195244,High,5,C
2026-09-28 18:39:37 +0000,2.5,3,00-0032464,Kalif Raymond,WR,CHI,PHI,7.335724738938777,7.807015584083345,7.807015584083345,4.170650001479787,10.591262436266344,4.973519690779636,Low,5,Neutral
2026-09-27 15:43:11 +0000,2.5,3,00-0036322,Justin Jefferson,WR,MIN,TB,12.195682220951422,12.354772695726329,12.354772695726329,8.823634507647967,15.793954536761396,3.83141508023352,Medium,6,C
2026-09-28 18:39:37 +0000,2.5,3,00-0040735,Luther Burden III,WR,CHI,PHI,6.93757431853276,7.295778478987705,7.295778478987705,3.622595755731059,10.44863570346458,3.83141508023352,Medium,6,Neutral
2026-09-28 00:01:11 +0000,2.5,3,00-0036613,Jaylen Waddle,WR,DEN,LA,9.2221814873162,9.572042107970033,9.572042107970033,5.907202924514499,12.733242872248018,2.953609688195244,High,8,Neutral
2026-09-28 18:39:37 +0000,2.5,3,00-0039919,Rome Odunze,WR,CHI,PHI,6.377089776242857,7.194912098588357,7.194912098588357,3.047838209654447,10.165943629479065,2.953609688195244,High,9,Neutral
2026-09-27 15:43:11 +0000,2.5,3,00-0036410,Tee Higgins,WR,CIN,PIT,10.477274018610805,10.785680264375756,10.785680264375756,7.148022452022395,14.266127871847011,2.953609688195244,High,9,C
2026-09-24 15:52:29 +0000,2.5,3,00-0038124,Christian Watson,WR,GB,ATL,10.977531002370933,11.341560281661511,11.341560281661511,7.675142247397416,14.92778245664427,4.973519690779636,Low,10,Neutral
2026-09-28 18:39:37 +0000,2.5,3,00-0040867,Makai Lemon,WR,PHI,CHI,5.808561869519728,6.407419158448408,6.407419158448408,2.5061731145462125,9.758813323793069,3.83141508023352,Medium,10,Neutral
2026-09-27 15:43:11 +0000,2.5,3,00-0040124,Tetairoa McMillan,WR,CAR,CLE,10.390754547744296,10.48633677268906,10.48633677268906,7.160200861159719,13.917010451607032,2.953609688195244,High,10,Neutral
2026-09-27 15:43:11 +0000,2.5,3,00-0037740,Garrett Wilson,WR,NYJ,DET,10.20955159547538,9.981969155911116,9.981969155911116,6.889409700617582,14.074432584686068,2.953609688195244,High,11,Neutral
2026-09-27 15:43:11 +0000,2.5,3,00-0039064,Zay Flowers,WR,BAL,DAL,9.62415567159899,10.383420240883163,10.383420240883163,6.29324513241572,13.374843237035671,3.83141508023352,Medium,12,D
2026-09-27 15:43:11 +0000,2.5,3,00-0031588,Stefon Diggs,WR,WAS,SEA,9.56427729777358,10.665597012504303,10.665597012504303,6.261888542800063,13.51452875204692,4.973519690779636,Low,13,C
2026-09-27 15:43:11 +0000,2.5,3,00-0040129,Emeka Egbuka,WR,TB,MIN,9.563587348125951,9.57973316057288,9.57973316057288,6.457839501002809,13.762129926073564,2.953609688195244,High,14,Neutral
2026-09-27 15:43:11 +0000,2.5,3,00-0038606,Parker Washington,WR,JAX,NE,9.305713716799998,9.726113106898108,9.726113106898108,5.985494945840589,13.008783900024309,4.973519690779636,Low,15,Neutral
2026-09-28 18:39:37 +0000,2.5,3,00-0040277,Jahdae Walker,WR,CHI,PHI,4.099564804129708,4.654398543127556,4.654398543127556,0.9938169570065636,8.298107382077319,4.973519690779636,Low,16,C
2026-09-28 00:01:11 +0000,2.5,3,00-0034348,Courtland Sutton,WR,DEN,LA,7.257388897888594,7.774958643901238,7.774958643901238,4.15164105076545,11.455931475836206,3.83141508023352,Medium,17,Neutral
2026-09-27 15:43:11 +0000,2.5,3,00-0039915,Ladd McConkey,WR,LAC,BUF,9.189992637700492,9.435604922087084,9.435604922087084,5.798780175296021,12.62095850107842,3.83141508023352,Medium,17,Neutral
2026-09-27 15:43:11 +0000,2.5,3,00-0039067,Rashee Rice,WR,KC,MIA,9.150353772142338,9.665903976723232,9.665903976723232,5.827784773872291,12.803629945401095,3.83141508023352,Medium,18,Neutral
2026-09-27 15:43:11 +0000,2.5,3,00-0035719,Deebo Samuel Sr.,WR,SF,ARI,8.780116863259307,9.01802034379481,9.01802034379481,5.371175198951696,12.108732469827451,3.83141508023352,Medium,19,Neutral
2026-09-27 15:43:11 +0000,2.5,3,00-0041037,Denzel Boston,WR,CLE,CAR,8.4488929208865855,8.840926716187116,8.840926716187116,5.030236708063518,11.989483922074143,2.953609688195244,High,20,C
2026-09-27 15:43:11 +0000,2.5,3,00-0037247,George Pickens,WR,DAL,BAL,8.433793035850655,8.697515752093215,8.697515752093215,5.005438635802191,11.786394861716808,3.83141508023352,Medium,21,Neutral
2026-09-27 15:43:11 +0000,2.5,3,00-0039491,Jalen Coker,WR,CAR,CLE,8.29073454774323,9.159000697349557,9.159000697349557,5.048233863918523,11.786209119970843,4.973519690779636,Low,22,C
2026-09-27 15:43:11 +0000,2.5,3,00-0039424,Devaughn Vele,WR,NO,LV,8.151347244482404,8.15591921525062,8.15591921525062,4.8053219997581476,11.94172277453159,4.973519690779636,Low,23,Neutral
2026-09-27 15:43:11 +0000,2.5,3,00-0037240,Jameson Williams,WR,DET,NYJ,8.026680458734258,8.728298964019988,8.728298964019988,4.625885927193103,11.487429518904356,3.83141508023352,Medium,24,Neutral
2026-09-28 18:39:37 +0000,2.5,3,00-0040024,Darius Cooper,WR,PHI,CHI,2.912702630512036,3.2954233066110428,3.2954233066110428,0,6.265304456378187,3.83141508023352,Medium,25,Neutral
2026-09-27 15:43:11 +0000,2.5,3,00-0039337,Malik Nabers,WR,NYG,TEN,7.843857808516884,8.70609735715135,8.70609735715135,4.499225627917246,11.26893893688098,4.973519690779636,Low,25,Neutral
2026-09-24 15:52:29 +0000,2.5,3,00-0040667,Matthew Golden,WR,GB,ATL,8.435265092490393,8.543057329850525,8.543057329850525,5.040799483700832,11.844670279370575,4.973519690779636,Low,25,C
2026-09-27 15:43:11 +0000,2.5,3,00-0035640,DK Metcalf,WR,PIT,CIN,7.712621096434025,8.13318185617829,8.13318185617829,4.388111859465426,11.0555661352885,3.83141508023352,Medium,26,Neutral
2026-09-24 15:52:29 +0000,2.5,3,00-0037238,Drake London,WR,ATL,GB,8.229537189978616,9.042366645366378,9.042366645366378,4.884905009378978,11.654618318342711,4.973519690779636,Low,27,Neutral
2026-09-27 15:43:11 +0000,2.5,3,00-0038563,Tre Tucker,WR,LV,NO,7.681409821683593,7.867291426947427,7.867291426947427,4.286944212894031,11.090815008563776,3.83141508023352,Medium,27,Neutral
2026-09-27 15:43:11 +0000,2.5,3,00-0038997,Josh Downs,WR,IND,HOU,7.606812172176366,7.896579869988768,7.896579869988768,4.283444974563045,10.845056627627756,3.83141508023352,Medium,28,Neutral
2026-09-27 15:43:11 +0000,2.5,3,00-0041029,Jordyn Tyson,WR,NO,LV,7.473698160829002,8.261696374717445,8.261696374717445,3.995290831178063,11.026728528612804,3.83141508023352,Medium,30,Neutral
2026-09-27 15:43:11 +0000,2.5,3,00-0038544,Quentin Johnston,WR,LAC,BUF,7.404264779292518,7.764162294405987,7.764162294405987,3.96885992205836,10.85711012863794,2.953609688195244,High,31,Neutral
2026-09-27 15:43:11 +0000,2.5,3,00-0041035,De'Zhaun Stribling,WR,SF,ARI,7.362970778541685,7.944659625816545,7.944659625816545,4.19905308633166,11.52567434343268,3.83141508023352,Medium,33,Neutral
2026-09-28 18:39:37 +0000,2.5,3,00-0036980,Elijah Moore,WR,PHI,CHI,1.9755815193399064,2.555449989991762,2.555449989991762,0,5.428426868685328,2.953609688195244,High,33,Neutral
2026-09-27 15:43:11 +0000,2.5,3,00-0038559,Michael Wilson,WR,ARI,SF,7.356503910227725,7.577428570065415,7.577428570065415,4.070998769733023,11.124945639644016,2.953609688195244,High,34,Neutral
2026-09-27 15:43:11 +0000,2.5,3,00-0041438,Carnell Tate,WR,TEN,NYG,7.248325932588424,7.531743706210198,7.531743706210198,3.753850653028456,10.912101757410346,3.83141508023352,Medium,36,Neutral
2026-09-28 00:01:11 +0000,2.5,3,00-0040134,Pat Bryant,WR,DEN,LA,4.613456339889386,4.932077717869843,4.932077717869843,1.3279511993946838,8.381898069305677,2.953609688195244,High,36,Neutral
2026-09-27 15:43:11 +0000,2.5,3,00-0031408,Mike Evans,WR,SF,ARI,7.178508983978194,7.340692419026565,7.340692419026565,3.981871425489251,11.092953846232014,2.953609688195244,High,37,Neutral
2026-09-27 15:43:11 +0000,2.5,3,00-0041547,KC Concepcion,WR,CLE,CAR,7.095581393097888,7.420100458223042,7.420100458223042,3.955800579927891,10.860135806004775,2.953609688195244,High,38,Neutral
2026-09-28 18:39:37 +0000,2.5,3,00-0034407,Ray-Ray McCloud,WR,CHI,PHI,1.8253687150719675,2.3529038838947667,2.3529038838947667,0,5.739813577325787,2.953609688195244,High,38,Neutral
2026-09-27 15:43:11 +0000,2.5,3,00-0035659,Terry McLaurin,WR,WAS,SEA,6.924540072476418,7.521540214279545,7.521540214279545,3.5147140975244584,10.364972715814517,3.83141508023352,Medium,40,Neutral
2026-09-27 15:43:11 +0000,2.5,3,00-0038117,Wan'Dale Robinson,WR,TEN,NYG,6.900204658201815,7.7408275599139955,7.7408275599139955,3.47230557387166,10.861317101534077,4.973519690779636,Low,41,Neutral
2026-09-27 15:43:11 +0000,2.5,3,00-0036550,Rashod Bateman,WR,BAL,DAL,6.897617591934299,6.714969418970902,6.714969418970902,3.5293981313285907,10.76791320332034,4.973519690779636,Low,42,Neutral
2026-09-27 15:43:11 +0000,2.5,3,00-0039890,Adonai Mitchell,WR,NYJ,DET,6.853983600814354,7.318712072702268,7.318712072702268,3.64991630186838,10.687956456804644,4.973519690779636,Low,43,Neutral
2026-09-27 15:43:11 +0000,2.5,3,00-0039894,Xavier Worthy,WR,KC,MIA,6.673829566165204,6.94050297923286,6.94050297923286,3.3958761887361426,10.159568234241856,3.83141508023352,Medium,44,Neutral
2026-09-27 15:43:11 +0000,2.5,3,00-0034960,Jakobi Meyers,WR,JAX,NE,6.657262057915234,7.184479108874836,7.184479108874836,3.441041338671504,9.98875462633559,3.83141508023352,Medium,45,D
2026-09-28 00:01:11 +0000,2.5,3,00-0039868,Troy Franklin,WR,DEN,LA,3.595380883179247,3.96956237945646,3.96956237945646,0.22716142257353863,7.465676494565288,4.973519690779636,Low,45,Neutral
2026-09-27 15:43:11 +0000,2.5,3,00-0038994,Jordan Addison,WR,MIN,TB,6.542735957768862,6.92431116049042,6.92431116049042,3.2376228505479245,9.93977786138949,3.83141508023352,Medium,46,Neutral
2026-09-27 15:43:11 +0000,2.5,3,00-0035676,A.J. Brown,WR,NE,JAX,6.434419625635517,7.298087427410106,7.298087427410106,3.1293462091404143,10.082154656594264,4.973519690779636,Low,48,Neutral
2026-09-27 15:43:11 +0000,2.5,3,00-0033921,Chris Godwin Jr.,WR,TB,MIN,6.299559561732869,6.5322589349803994,6.5322589349803994,3.046013541172886,10.065399016302568,2.953609688195244,High,49,Neutral
2026-09-27 15:43:11 +0000,2.5,3,00-0039880,Malik Washington,WR,MIA,KC,6.249112034123896,6.201380889087516,6.201380889087516,2.7770277142352473,10.119469439500154,4.973519690779636,Low,50,Neutral
2026-09-27 15:43:11 +0000,2.5,3,00-0039893,Brian Thomas Jr.,WR,JAX,NE,6.174409581321557,6.608338834673297,6.608338834673297,2.880492515467429,9.686231070649374,4.973519690779636,Low,51,Neutral
2026-09-27 15:43:11 +0000,2.5,3,00-0030279,Keenan Allen,WR,IND,HOU,6.110157560805739,6.319823542403283,6.319823542403283,2.969728570382004,9.761624330832012,4.973519690779636,Low,52,Neutral
2026-09-27 15:43:11 +0000,2.5,3,00-0041489,Germie Bernard,WR,PIT,CIN,5.96879919719276,6.175045310649228,6.175045310649228,2.620242109705883,9.383147439990084,2.953609688195244,High,53,Neutral
2026-09-28 00:01:11 +0000,2.5,3,00-0039075,Puka Nacua,WR,LA,DEN,2.954565687939372,3.1689810288694935,3.1689810288694935,0,6.553779420120715,4.973519690779636,Low,53,Neutral
2026-09-27 15:43:11 +0000,2.5,3,00-0036252,Michael Pittman,WR,PIT,CIN,5.930631378374314,6.417783480024696,6.417783480024696,2.6554274544390988,9.495795705018793,2.953609688195244,High,54,C
2026-09-27 15:43:11 +0000,2.5,3,00-0037261,Khalil Shakir,WR,BUF,LAC,5.909196226390969,6.285740442727623,6.285740442727623,2.6271758725668413,9.508409958572312,2.953609688195244,High,55,Neutral
2026-09-28 00:01:11 +0000,2.5,3,00-0040590,Konata Mumpfield,WR,LA,DEN,2.7982107389887942,3.348800458663168,3.348800458663168,0,6.2512502159401295,3.83141508023352,Medium,55,Neutral
2026-09-27 15:43:11 +0000,2.5,3,00-0040170,Elic Ayomanor,WR,TEN,NYG,5.819714823790231,6.709546233925288,6.709546233925288,2.5114919579177792,9.878083788734411,3.83141508023352,Medium,57,C
2026-09-27 15:43:11 +0000,2.5,3,00-0039849,Marvin Harrison Jr.,WR,ARI,SF,5.706754162537732,6.2648888472512,6.2648888472512,2.3386486740694985,9.167147528143223,2.953609688195244,High,58,Neutral
2026-09-27 15:43:11 +0000,2.5,3,00-0037816,Romeo Doubs,WR,NE,JAX,5.700102596250319,6.17211815510714,6.17211815510714,2.4639060698202813,9.200005449924852,2.953609688195244,High,59,Neutral
2026-09-28 18:39:37 +0000,2.5,3,00-0039236,Johnny Wilson,WR,PHI,CHI,1.303932182568818,1.585158375532279,1.585158375532279,0,4.8038350362433535,2.953609688195244,High,60,Neutral
2026-09-28 00:01:11 +0000,2.5,3,00-0039751,Jordan Whittington,WR,LA,DEN,2.2799337844734913,2.6038186518161703,2.6038186518161703,0,5.694282027270815,2.953609688195244,High,60,Neutral
2026-09-27 15:43:11 +0000,2.5,3,00-0033307,Kendrick Bourne,WR,ARI,SF,5.596973957677399,5.785944882465261,5.785944882465261,2.394303581697202,9.370415891835462,4.973519690779636,Low,60,Neutral
2026-09-27 15:43:11 +0000,2.5,3,00-0034827,DJ Moore,WR,BUF,LAC,5.595060764184603,6.178620157028253,6.178620157028253,2.320627087750557,8.749287617818021,2.953609688195244,High,61,C
2026-09-27 15:43:11 +0000,2.5,3,00-0036988,Josh Palmer,WR,BUF,LAC,5.400292757665327,6.22269881353645,6.22269881353645,2.0564343209209683,9.290001403946956,3.83141508023352,Medium,62,C
2026-09-28 00:01:11 +0000,2.5,3,00-0036849,Tutu Atwell,WR,LA,DEN,2.127979454741954,2.6016359881329523,2.6016359881329523,0,5.627882308416489,3.83141508023352,Medium,63,Neutral
2026-09-27 15:43:11 +0000,2.5,3,00-0038618,Xavier Hutchinson,WR,HOU,IND,5.376108286513027,5.423390583417707,5.423390583417707,2.02624710882585,8.931032556002027,3.83141508023352,Medium,63,Neutral
2026-09-27 15:43:11 +0000,2.5,3,00-0036259,Jauan Jennings,WR,MIN,TB,5.266638310889745,6.269112481243652,6.269112481243652,2.0107458550434067,9.037969508420948,3.83141508023352,Medium,64,Neutral
2026-09-27 15:43:11 +0000,2.5,3,00-0041040,Antonio Williams,WR,WAS,SEA,5.1219784308718355,6.134760308472102,6.134760308472102,1.767323685683761,8.808314832116327,4.973519690779636,Low,65,C
2026-09-28 00:01:11 +0000,2.5,3,00-0038359,Xavier Smith,WR,LA,DEN,1.9552037725669824,2.434949240721379,2.434949240721379,0,5.5623203350551655,2.953609688195244,High,65,Neutral
2026-09-27 15:43:11 +0000,2.5,3,00-0037545,Rashid Shaheed,WR,SEA,WAS,5.109439336563425,5.308416146876541,5.308416146876541,1.765895858098407,8.859990409055456,2.953609688195244,High,66,Neutral
2026-09-27 15:43:11 +0000,2.5,3,00-0040727,Tre Harris,WR,LAC,BUF,5.0855504328659595,5.07482422303018,5.07482422303018,1.6598884388757984,8.2825700644243,3.83141508023352,Medium,67,Neutral
2026-09-27 15:43:11 +0000,2.5,3,00-0041048,Ted Hurst III,WR,TB,MIN,5.017539977022341,5.039828298801069,5.039828298801069,1.6734059665976424,8.48328128254768,3.83141508023352,Medium,68,Neutral
2026-09-28 18:39:37 +0000,2.5,3,00-0041051,Zavion Thomas,WR,CHI,PHI,1.2467608675448003,1.7002687429533907,1.7002687429533907,0,5.1364695138264285,2.953609688195244,High,68,Neutral
2026-09-27 15:43:11 +0000,2.5,3,00-0039410,Ryan Flournoy,WR,DAL,BAL,4.894121173818987,4.932636903060941,4.932636903060941,1.7822806036494148,8.530897335385818,3.83141508023352,Medium,69,Neutral
2026-09-27 15:43:11 +0000,2.5,3,00-0039739,Roman Wilson,WR,PIT,CIN,4.85684770774096,4.889043079999582,4.889043079999582,1.5510136980190143,8.579673514626691,4.973519690779636,Low,70,Neutral
2026-09-27 15:43:11 +0000,2.5,3,00-0038104,Tyquan Thornton,WR,KC,MIA,4.798612760650206,5.317784268238626,5.317784268238626,1.4934996534292688,8.40572932313839,2.953609688195244,High,71,C
2026-09-27 15:43:11 +0000,2.5,3,00-0041042,Malachi Fields,WR,NYG,TEN,4.785029143250888,4.913391938071955,4.913391938071955,1.5311243058414503,8.394408824360662,3.83141508023352,Medium,72,Neutral
2026-09-27 15:43:11 +0000,2.5,3,00-0039916,Ricky Pearsall,WR,SF,ARI,4.784409395026988,5.2121776990887625,5.2121776990887625,1.3824629962074992,8.05494582176705,3.83141508023352,Medium,73,Neutral
2026-09-27 15:43:11 +0000,2.5,3,00-0033555,Mack Hollins,WR,NE,JAX,4.747153069850402,5.165157600039569,5.165157600039569,1.340062711062242,8.319465274632343,2.953609688195244,High,74,Neutral
2026-09-27 15:43:11 +0000,2.5,3,00-0039901,Keon Coleman,WR,BUF,LAC,4.706840602290144,5.061710169135713,5.061710169135713,1.3842241560227402,8.397557982613572,2.953609688195244,High,75,Neutral
2026-09-27 15:43:11 +0000,2.5,3,00-0038608,Kayshon Boutte,WR,HOU,IND,4.673421485119177,4.989060413329325,4.989060413329325,1.2988905299371327,8.231801472841209,3.83141508023352,Medium,76,Neutral
2026-09-27 15:43:11 +0000,2.5,3,00-0034837,Calvin Ridley,WR,TEN,NYG,4.5691622324641425,5.108908426075491,5.108908426075491,1.44923355905642,7.961738434530952,2.953609688195244,High,78,Neutral
2026-09-27 15:43:11 +0000,2.5,3,00-0036309,Darnell Mooney,WR,NYG,TEN,4.546097833373658,5.039308836821901,5.039308836821901,1.1650762250810136,8.202158238010359,3.83141508023352,Medium,79,Neutral
2026-09-28 18:39:37 +0000,2.5,3,00-0035662,Marquise Brown,WR,PHI,CHI,0,0,0,0,0,3.83141508023352,Medium,79,Neutral
2026-09-28 00:01:11 +0000,2.5,3,00-0038976,Marvin Mims Jr.,WR,DEN,LA,1.6788418319988443,2.18231090359691,2.18231090359691,0,5.334902236635545,4.973519690779636,Low,79,Neutral
2026-09-27 15:43:11 +0000,2.5,3,00-0040729,Jack Bech,WR,LV,NO,4.525683434316875,5.229538969711067,5.229538969711067,1.1484745355948338,8.037504923644693,2.953609688195244,High,80,Neutral
2026-09-27 15:43:11 +0000,2.5,3,00-0038621,DeMario Douglas,WR,NE,JAX,4.41094188999654,4.7748514862775995,4.7748514862775995,1.0300881739195011,8.47818452461644,2.953609688195244,High,81,Neutral
2026-09-27 15:43:11 +0000,2.5,3,00-0037291,Jalen Nailor,WR,LV,NO,4.379492513894752,4.698065983851278,4.698065983851278,1.1106673400959597,8.071575690023593,2.953609688195244,High,82,Neutral
2026-09-27 15:43:11 +0000,2.5,3,00-0038824,Ryan Miller,WR,MIA,KC,4.329253297811608,5.299461342503395,5.299461342503395,1.148171979014449,7.893570255671758,4.973519690779636,Low,83,D
2026-09-27 15:43:11 +0000,2.5,3,00-0033908,Cooper Kupp,WR,SEA,WAS,4.303322783003902,4.8699359742976815,4.8699359742976815,1.2052715714193545,8.229456658762341,2.953609688195244,High,84,Neutral
2026-09-28 00:01:11 +0000,2.5,3,00-0041399,CJ Daniels,WR,LA,DEN,1.6193010346029142,2.016358616606053,2.016358616606053,0,5.686543669222814,2.953609688195244,High,85,Neutral
2026-09-27 15:43:11 +0000,2.5,3,00-0036407,Jerry Jeudy,WR,CLE,CAR,4.302549022424787,4.906235923350801,4.906235923350801,1.0652996136959756,8.041485682865623,3.83141508023352,Medium,85,Neutral
2026-09-27 15:43:11 +0000,2.5,3,00-0039451,Isaiah Williams,WR,NYJ,DET,4.2642948957354925,4.282496904676342,4.282496904676342,0.9404822275358118,7.40924969930323,4.973519690779636,Low,86,Neutral
2026-09-27 15:43:11 +0000,2.5,3,00-0041511,Omar Cooper Jr.,WR,NYJ,DET,4.216671803743401,4.652611817172431,4.652611817172431,0.9798219303915098,7.969953638124221,4.973519690779636,Low,87,Neutral
2026-09-27 15:43:11 +0000,2.5,3,00-0040669,Isaac TeSlaa,WR,DET,NYJ,4.105160908353401,4.384671854396782,4.384671854396782,0.7369414477476927,7.7744271094883874,4.973519690779636,Low,88,Neutral
2026-09-27 15:43:11 +0000,2.5,3,00-0040130,Jayden Higgins,WR,HOU,IND,4.09613066101385,4.5556008084666875,4.5556008084666875,0.9497992090705916,8.103419840045381,3.83141508023352,Medium,90,Neutral
2026-09-28 00:01:11 +0000,2.5,3,00-0035406,Lil'Jordan Humphrey,WR,DEN,LA,1.4595331244804868,1.989760089771352,1.989760089771352,0,5.054888798593167,3.83141508023352,Medium,90,Neutral
2026-09-27 15:43:11 +0000,2.5,3,00-0040138,Jaylin Noel,WR,HOU,IND,4.076927239432686,4.349920045559196,4.349920045559196,0.7392743051738717,7.774688700980943,3.83141508023352,Medium,91,Neutral
2026-09-27 15:43:11 +0000,2.5,3,00-0040718,Travis Hunter,WR,JAX,NE,3.9997681721941065,4.658645488304468,4.658645488304468,0.7369447441906504,7.595123846306787,3.83141508023352,Medium,92,Neutral
2026-09-27 15:43:11 +0000,2.5,3,00-0041067,Bryce Lance,WR,NO,LV,3.94583607516814,4.125296288101685,4.125296288101685,0.5458351719709106,7.252416656229837,3.83141508023352,Medium,93,Neutral
2026-09-27 15:43:11 +0000,2.5,3,00-0036626,Dyami Brown,WR,WAS,SEA,3.8436807217204376,4.301046461198695,4.301046461198695,0.5310946643227243,7.384237491666372,3.83141508023352,Medium,94,Neutral
2026-09-27 15:43:11 +0000,2.5,3,00-0039855,Jalen McMillan,WR,TB,MIN,3.7928521966080857,4.36136179750843,4.36136179750843,0.5552002441847443,7.174926151862147,3.83141508023352,Medium,95,Neutral
2026-09-27 15:43:11 +0000,2.5,3,00-0032951,Laquon Treadwell,WR,IND,HOU,3.5632943975185754,4.026716687158644,4.026716687158644,0.22047407745709305,7.162186455868419,3.83141508023352,Medium,97,Neutral
2026-09-24 15:52:29 +0000,2.5,3,00-0037741,Jahan Dotson,WR,ATL,GB,4.0867387596453515,4.265028447522933,4.265028447522933,0.7893597808122805,7.270464409037704,3.83141508023352,Medium,98,Neutral
2026-09-27 15:43:11 +0000,2.5,3,00-0040648,Tory Horton,WR,SEA,WAS,3.5373289082428236,4.192806557479901,4.192806557479901,0.29908603586958876,7.056670813887967,3.83141508023352,Medium,98,Neutral
2026-09-27 15:43:11 +0000,2.5,3,00-0038679,Tyrell Shavers,WR,BUF,LAC,3.4245119825857935,4.024018568439295,4.024018568439295,0.01960975134711962,6.670729666918227,2.953609688195244,High,99,Neutral
2026-09-27 15:43:11 +0000,2.5,3,00-0037837,Calvin Austin III,WR,NYG,TEN,3.377624057890321,4.049021600288393,4.049021600288393,0.1743090713423551,7.1083786182838615,3.83141508023352,Medium,100,Neutral
2026-09-27 15:43:11 +0000,2.5,3,00-0039342,Xavier Legette,WR,CAR,CLE,3.302012840664484,3.974312188486419,3.974312188486419,0,6.697729087024205,3.83141508023352,Medium,101,Neutral
2026-09-27 15:43:11 +0000,2.5,3,00-0040237,Tez Johnson,WR,TB,MIN,3.2256962715583652,3.7751526731579848,3.7751526731579848,0.11423819122901784,6.706087095611542,3.83141508023352,Medium,102,Neutral
2026-09-27 15:43:11 +0000,2.5,3,00-0038728,Jared Wayne,WR,HOU,IND,3.224167377726661,3.467772853004315,3.467772853004315,0,6.789331704371139,3.83141508023352,Medium,103,Neutral
2026-09-27 15:43:11 +0000,2.5,3,00-0035535,Darius Slayton,WR,NYG,TEN,3.111471094830587,3.830123130056186,3.830123130056186,0,7.251247721217052,2.953609688195244,High,104,Neutral
2026-09-27 15:43:11 +0000,2.5,3,00-0039792,Devontez Walker,WR,BAL,DAL,3.075221349929191,3.5504303013854845,3.5504303013854845,0,6.616284724490878,4.973519690779636,Low,105,C
2026-09-27 15:43:11 +0000,2.5,3,00-0034775,Christian Kirk,WR,SF,ARI,3.0720221602245377,3.602416847037641,3.602416847037641,0,7.131999535346114,3.83141508023352,Medium,106,Neutral
2026-09-27 15:43:11 +0000,2.5,3,00-0041525,Chris Bell,WR,MIA,KC,2.9622695287517096,3.630730999915366,3.630730999915366,0,6.145995178144061,2.953609688195244,High,107,Neutral
2026-09-27 15:43:11 +0000,2.5,3,00-0041100,Josh Cameron,WR,JAX,NE,2.6862363825833584,3.262233179575169,3.262233179575169,0,6.231809552690989,2.953609688195244,High,111,Neutral
2026-09-27 15:43:11 +0000,2.5,3,00-0040870,Ja'Kobi Lane,WR,BAL,DAL,2.675983896331897,3.105071528879985,3.105071528879985,0,6.043881793766828,2.953609688195244,High,112,Neutral
2026-09-27 15:43:11 +0000,2.5,3,00-0039355,Luke McCaffrey,WR,WAS,SEA,2.6353210663979345,3.3246941129673013,3.3246941129673013,0,6.257182594618022,4.973519690779636,Low,113,Neutral
2026-09-27 15:43:11 +0000,2.5,3,00-0040646,Jalen Royals,WR,KC,MIA,2.545135994014004,2.9907408874181565,2.9907408874181565,0,6.318150760566938,3.83141508023352,Medium,114,Neutral
2026-09-27 15:43:11 +0000,2.5,3,00-0033375,Tim Patrick,WR,NYJ,DET,2.476574984117069,3.052776162696742,3.052776162696742,0,6.061528334330486,2.953609688195244,High,115,Neutral
2026-09-27 15:43:11 +0000,2.5,3,00-0037666,Jalen Tolbert,WR,MIA,KC,2.426381392906116,3.0573516614404093,3.0573516614404093,0,6.004277491068863,3.83141508023352,Medium,116,Neutral
2026-09-27 15:43:11 +0000,2.5,3,00-0038977,Tank Dell,WR,HOU,IND,2.3176448302273474,2.8392203577367003,2.8392203577367003,0,6.256097452962131,2.953609688195244,High,117,Neutral
2026-09-27 15:43:11 +0000,2.5,3,00-0031235,Odell Beckham Jr.,WR,NYG,TEN,2.2681954761180845,2.834131303733185,2.834131303733185,0,6.5171230675393,2.953609688195244,High,119,Neutral
2026-09-27 15:43:11 +0000,2.5,3,00-0041047,Chris Brazzell II,WR,CAR,CLE,2.252586640411403,2.8306901280975785,2.8306901280975785,0,5.449250200557719,2.953609688195244,High,120,Neutral
2026-09-27 15:43:11 +0000,2.5,3,00-0040075,LaJohntay Wester,WR,BAL,DAL,2.235828596920145,2.4630055536335904,2.4630055536335904,0,6.247969418816184,3.83141508023352,Medium,121,Neutral
2026-09-27 15:43:11 +0000,2.5,3,00-0037742,Treylon Burks,WR,WAS,SEA,2.057775929485086,2.5645208407016655,2.5645208407016655,0,5.446042529963021,2.953609688195244,High,123,Neutral
2026-09-24 15:52:29 +0000,2.5,3,00-0035208,Olamide Zaccheaus,WR,ATL,GB,2.485562622943569,2.934216837748966,2.934216837748966,0,5.974113407153034,3.83141508023352,Medium,125,Neutral
2026-09-27 15:43:11 +0000,2.5,3,00-0040131,Kyle Williams,WR,NE,JAX,1.9261460925317295,2.3804086289764257,2.3804086289764257,0,6.082404202783291,3.83141508023352,Medium,126,Neutral
2026-09-27 15:43:11 +0000,2.5,3,00-0035359,David Sills,WR,TB,MIN,1.9140023851894397,2.5170970202325216,2.5170970202325216,0,5.594405511836205,2.953609688195244,High,127,Neutral
2026-09-27 15:43:11 +0000,2.5,3,00-0041070,Reggie Virgil,WR,ARI,SF,1.869241159865348,2.4241880074293887,2.4241880074293887,0,5.357791944074814,2.953609688195244,High,128,Neutral
2026-09-27 15:43:11 +0000,2.5,3,00-0041529,Kevin Coleman Jr.,WR,MIA,KC,1.8670355292399292,2.280033663286031,2.280033663286031,0,5.257861083623947,2.953609688195244,High,129,Neutral
2026-09-27 15:43:11 +0000,2.5,3,00-0040581,Dont'e Thornton Jr.,WR,LV,NO,1.832872490297602,2.3791273504675203,2.3791273504675203,0,5.347944475870336,3.83141508023352,Medium,130,Neutral
2026-09-27 15:43:11 +0000,2.5,3,00-0041004,Chase Roberts,WR,LV,NO,1.826671631041648,2.375305068001949,2.375305068001949,0,5.217231083201973,2.953609688195244,High,131,Neutral
2026-09-24 15:52:29 +0000,2.5,3,00-0041044,Zachariah Branch,WR,ATL,GB,2.234270624742016,2.7666989240797104,2.7666989240797104,0,5.624830076902341,2.953609688195244,High,132,Neutral
2026-09-27 15:43:11 +0000,2.5,3,00-0040876,Elijah Sarratt,WR,BAL,DAL,1.8228437626320024,2.3783227145602135,2.3783227145602135,0,5.5187869525387905,2.953609688195244,High,133,Neutral
2026-09-27 15:43:11 +0000,2.5,3,00-0040317,Jacoby Jones,WR,WAS,SEA,1.817318186676511,2.357829467316483,2.357829467316483,0,5.441984726537436,2.953609688195244,High,134,Neutral
2026-09-27 15:43:11 +0000,2.5,3,00-0040782,Isaiah Bond,WR,CLE,CAR,1.8149548942421776,2.2974714329797203,2.2974714329797203,0,5.3844153871719405,4.973519690779636,Low,135,Neutral
2026-09-27 15:43:11 +0000,2.5,3,00-0040164,Jaylin Lane,WR,WAS,SEA,1.8128721761089583,2.2839071034361957,2.2839071034361957,0,5.3749479281324595,2.953609688195244,High,136,Neutral
2026-09-27 15:43:11 +0000,2.5,3,00-0036862,Ben Skowronek,WR,PIT,CIN,1.798835626508374,2.1575689568545737,2.1575689568545737,0,5.3788417901960495,3.83141508023352,Medium,137,Neutral
2026-09-27 15:43:11 +0000,2.5,3,00-0041446,Kendrick Law,WR,DET,NYJ,1.7890933232480224,2.338142268686483,2.338142268686483,0,5.525655809911146,2.953609688195244,High,138,Neutral
2026-09-27 15:43:11 +0000,2.5,3,00-0039062,Jonathan Mingo,WR,DAL,BAL,1.7549328797187571,2.037140686168632,2.037140686168632,0,5.521031033710354,2.953609688195244,High,139,Neutral
2026-09-27 15:43:11 +0000,2.5,3,00-0040930,Camden Brown,WR,DAL,BAL,1.7472577232994932,2.2393003534738054,2.2393003534738054,0,5.003584121694077,2.953609688195244,High,140,Neutral
2026-09-24 15:52:29 +0000,2.5,3,00-0036463,Chris Blair,WR,ATL,GB,1.9222915493301405,2.2228442567672753,2.2228442567672753,0,5.0595332439278184,2.953609688195244,High,140,Neutral
2026-09-27 15:43:11 +0000,2.5,3,00-0040218,Jimmy Horn Jr.,WR,CAR,CLE,1.7401476964209404,2.1798743580536586,2.1798743580536586,0,5.561901348145652,2.953609688195244,High,141,Neutral
2026-09-27 15:43:11 +0000,2.5,3,00-0040705,Chimere Dike,WR,TEN,NYG,1.7157109763666494,2.3590033495499863,2.3590033495499863,0,5.77103499615988,4.973519690779636,Low,142,Neutral
2026-09-27 15:43:11 +0000,2.5,3,00-0041069,Colbie Young,WR,CIN,PIT,1.6966524561476222,2.0149757001518394,2.0149757001518394,0,5.273667173375342,2.953609688195244,High,143,Neutral
2026-09-27 15:43:11 +0000,2.5,3,00-0039365,Jacob Cowing,WR,SF,ARI,1.696310161364645,2.064037360768467,2.064037360768467,0,5.470594125060722,3.83141508023352,Medium,144,Neutral
2026-09-27 15:43:11 +0000,2.5,3,00-0041374,Sincere Brown,WR,LAC,BUF,1.6752617238916367,2.0542643664541194,2.0542643664541194,0,5.122747782386179,2.953609688195244,High,145,Neutral
2026-09-27 15:43:11 +0000,2.5,3,00-0040506,Myles Price,WR,MIN,TB,1.6630777525107718,2.063789395358936,2.063789395358936,0,5.084794117265375,3.83141508023352,Medium,146,Neutral
2026-09-27 15:43:11 +0000,2.5,3,00-0041451,Brock Rechsteiner,WR,NO,LV,1.6533702273116704,2.051865163602133,2.051865163602133,0,5.267787626835965,2.953609688195244,High,148,Neutral
2026-09-24 15:52:29 +0000,2.5,3,00-0038090,Skyy Moore,WR,GB,ATL,1.8084525915489469,2.152974342721349,2.152974342721349,0,5.332058502863491,2.953609688195244,High,148,Neutral
2026-09-27 15:43:11 +0000,2.5,3,00-0040953,Jeff Caldwell,WR,KC,MIA,1.6285985131011602,2.051865163602133,2.051865163602133,0,5.299370667634785,2.953609688195244,High,149,Neutral
2026-09-27 15:43:11 +0000,2.5,3,00-0037614,John Metchie III,WR,CAR,CLE,1.625664435446902,2.20625537405518,2.20625537405518,0,5.07951669819623,4.973519690779636,Low,150,Neutral
2026-09-27 15:43:11 +0000,2.5,3,00-0040785,Dohnte Meyers,WR,CIN,PIT,1.6125038391280957,1.8360461006444009,1.8360461006444009,0,5.184340401407956,2.953609688195244,High,152,Neutral
2026-09-27 15:43:11 +0000,2.5,3,00-0040172,Jordan Watkins,WR,SF,ARI,1.6118126799286383,2.0112748824260263,2.0112748824260263,0,5.220681924286419,2.953609688195244,High,153,Neutral
2026-09-27 15:43:11 +0000,2.5,3,00-0041106,C.J. Williams,WR,JAX,NE,1.587151344105178,1.971583776150435,1.971583776150435,0,5.218713739143718,2.953609688195244,High,154,Neutral
2026-09-27 15:43:11 +0000,2.5,3,00-0037093,Dareke Young,WR,LV,NO,1.5849392210404956,1.8127065160143512,1.8127065160143512,0,5.166633349601487,3.83141508023352,Medium,155,Neutral
2026-09-27 15:43:11 +0000,2.5,3,00-0041443,Skyler Bell,WR,BUF,LAC,1.5213404004161435,1.8669750399696956,1.8669750399696956,0,5.044946311730688,2.953609688195244,High,157,Neutral
2026-09-27 15:43:11 +0000,2.5,3,00-0037801,KaVontae Turpin,WR,DAL,BAL,1.4558157160598588,1.9120678826700568,1.9120678826700568,0,5.5939473534933795,3.83141508023352,Medium,158,Neutral
2026-09-27 15:43:11 +0000,2.5,3,00-0039379,Jamari Thrash,WR,CLE,CAR,1.4312838352712691,1.7242822310978674,1.7242822310978674,0,5.126480802358953,2.953609688195244,High,160,Neutral
2026-09-27 15:43:11 +0000,2.5,3,00-0040184,KeAndre Lambert-Smith,WR,LAC,BUF,1.374023748852952,1.7080860956148034,1.7080860956148034,0,4.7321612222527625,2.953609688195244,High,161,Neutral
2026-09-27 15:43:11 +0000,2.5,3,00-0038840,Brycen Tremayne,WR,CAR,CLE,1.3426367028667427,1.7008581929925244,1.7008581929925244,0,4.7896112982400325,2.953609688195244,High,163,Neutral
2026-09-27 15:43:11 +0000,2.5,3,00-0041005,Corey Rucker,WR,LV,NO,1.341187612523723,1.6973769140079424,1.6973769140079424,0,4.760286143928043,2.953609688195244,High,164,Neutral
2026-09-27 15:43:11 +0000,2.5,3,00-0040563,Efton Chism III,WR,NE,JAX,1.3214271345947408,1.6664168104884067,1.6664168104884067,0,5.069131325572644,3.83141508023352,Medium,165,Neutral
2026-09-27 15:43:11 +0000,2.5,3,00-0039623,Mason Tipton,WR,NO,LV,1.3191760138661377,1.6120418435982058,1.6120418435982058,0,4.844171352976376,2.953609688195244,High,166,Neutral
2026-09-27 15:43:11 +0000,2.5,3,00-0041132,Deion Burks,WR,IND,HOU,1.3038009979892418,1.4754842682958715,1.4754842682958715,0,5.02939483211543,2.953609688195244,High,168,Neutral
2026-09-27 15:43:11 +0000,2.5,3,00-0040629,Dalevon Campbell,WR,LAC,BUF,1.295497254314801,1.5625713728911028,1.5625713728911028,0,4.884243259848951,2.953609688195244,High,169,Neutral
2026-09-27 15:43:11 +0000,2.5,3,00-0039626,Cole Burgess,WR,PIT,CIN,1.2815283651949605,1.5721772306166817,1.5721772306166817,0,4.770771948448572,2.953609688195244,High,170,Neutral
2026-09-27 15:43:11 +0000,2.5,3,00-0035045,D.J. Montgomery,WR,IND,HOU,1.2773037337602475,1.5467779476346737,1.5467779476346737,0,5.042123058462814,2.953609688195244,High,171,Neutral
2026-09-27 15:43:11 +0000,2.5,3,00-0035645,Gunner Olszewski,WR,NYG,TEN,1.2637154137142044,1.5587521054757207,1.5587521054757207,0,4.671827108706048,2.953609688195244,High,172,Neutral
2026-09-24 15:52:29 +0000,2.5,3,00-0040009,Savion Williams,WR,GB,ATL,1.5206206778949574,1.8683461712906884,1.8683461712906884,0,5.135466710363598,2.953609688195244,High,172,Neutral
2026-09-27 15:43:11 +0000,2.5,3,00-0038590,Justin Shorter,WR,LV,NO,1.2636452723299263,1.5781755528110262,1.5781755528110262,0,4.903924613793373,2.953609688195244,High,173,Neutral
2026-09-27 15:43:11 +0000,2.5,3,00-0036630,Tylan Wallace,WR,CLE,CAR,1.2561854767123857,1.5535231708354416,1.5535231708354416,0,4.4872505601754975,2.953609688195244,High,174,Neutral
2026-09-27 15:43:11 +0000,2.5,3,00-0040894,Malik Benson,WR,LV,NO,1.2514514646212924,1.5966761048106135,1.5966761048106135,0,4.72884452872334,2.953609688195244,High,175,Neutral
2026-09-24 15:52:29 +0000,2.5,3,00-0040432,Beaux Collins,WR,ATL,GB,1.3627070066544025,1.7023887828344453,1.7023887828344453,0,4.593772090117515,2.953609688195244,High,176,Neutral
2026-09-27 15:43:11 +0000,2.5,3,00-0040120,Jimmy Holiday,WR,KC,MIA,1.2502736844448057,1.5625713728911028,1.5625713728911028,0,4.653514802075515,2.953609688195244,High,176,Neutral
2026-09-27 15:43:11 +0000,2.5,3,00-0037156,Irvin Charles,WR,SEA,WAS,1.2444813554850684,1.5371720899090944,1.5371720899090944,0,4.573604825284755,2.953609688195244,High,178,Neutral
2026-09-27 15:43:11 +0000,2.5,3,00-0040154,Tai Felton,WR,MIN,TB,1.2372262109637209,1.6018699191212564,1.6018699191212564,0,4.586070200904031,2.953609688195244,High,179,Neutral
2026-09-27 15:43:11 +0000,2.5,3,00-0039710,Jeshaun Jones,WR,MIN,TB,1.2241395985219752,1.5457952478087404,1.5457952478087404,0,5.248518603519296,2.953609688195244,High,180,Neutral
2026-09-27 15:43:11 +0000,2.5,3,00-0040352,Coleman Owen,WR,IND,HOU,1.2016337446472058,1.4206612991129377,1.4206612991129377,0,5.1511460410254895,2.953609688195244,High,181,Neutral
2026-09-24 15:52:29 +0000,2.5,3,00-0040948,J. Michael Sturdivant,WR,GB,ATL,1.304992519748428,1.7348436695539595,1.7348436695539595,0,4.708233637379137,2.953609688195244,High,181,Neutral
2026-09-27 15:43:11 +0000,2.5,3,00-0040570,Jeremiah Webb,WR,NE,JAX,1.1865284574795538,1.4470432819208792,1.4470432819208792,0,4.536867823125282,2.953609688195244,High,182,Neutral
2026-09-24 15:52:29 +0000,2.5,3,00-0037091,Bo Melton,WR,GB,ATL,1.287914706442746,1.667569400823766,1.667569400823766,0,5.313653712391265,2.953609688195244,High,183,Neutral
2026-09-27 15:43:11 +0000,2.5,3,00-0037524,Tay Martin,WR,DET,NYJ,1.185184459161318,1.6927669715079277,1.6927669715079277,0,4.517366147689864,2.953609688195244,High,183,Neutral
2026-09-27 15:43:11 +0000,2.5,3,00-0038640,Jalen Brooks,WR,ARI,SF,1.1637886079730375,1.571382130613225,1.571382130613225,0,4.754068248147502,2.953609688195244,High,184,Neutral
2026-09-27 15:43:11 +0000,2.5,3,00-0040498,Dontae Fleming,WR,MIN,TB,1.163593660967837,1.444885351885177,1.444885351885177,0,4.418755440251119,2.953609688195244,High,185,Neutral
2026-09-27 15:43:11 +0000,2.5,3,00-0038752,Jake Bobo,WR,SEA,WAS,1.1535891398487834,1.439595597435757,1.439595597435757,0,4.5568302574794926,2.953609688195244,High,186,Neutral
2026-09-27 15:43:11 +0000,2.5,3,00-0036646,Simi Fehoko,WR,ARI,SF,1.1281781729828633,1.5320154125113152,1.5320154125113152,0,5.046925563932186,2.953609688195244,High,187,Neutral
2026-09-27 15:43:11 +0000,2.5,3,00-0038573,Derius Davis,WR,LAC,BUF,1.116599550661212,1.4026632156914571,1.4026632156914571,0,4.808566795353891,2.953609688195244,High,188,Neutral
2026-09-27 15:43:11 +0000,2.5,3,00-0039920,Malachi Corley,WR,CLE,CAR,1.1119385328643363,1.5176325782724296,1.5176325782724296,0,5.137677538812855,2.953609688195244,High,189,Neutral
2026-09-27 15:43:11 +0000,2.5,3,00-0040890,Cyrus Allen,WR,KC,MIA,1.10338235491141,1.4564031063454732,1.4564031063454732,0,5.063369547021611,2.953609688195244,High,190,Neutral
2026-09-27 15:43:11 +0000,2.5,3,00-0041397,Kaden Wetjen,WR,PIT,CIN,1.096202489145809,1.4649855633712707,1.4649855633712707,0,4.903445595903463,2.953609688195244,High,191,Neutral
2026-09-27 15:43:11 +0000,2.5,3,00-0040534,Ke'Shawn Williams,WR,CIN,PIT,1.091895538631593,1.354534596309918,1.354534596309918,0,4.971420463480477,2.953609688195244,High,192,Neutral
2026-09-27 15:43:11 +0000,2.5,3,00-0040582,Arian Smith,WR,NYJ,DET,1.075623249834304,1.4134255644770546,1.4134255644770546,0,4.546650563424758,2.953609688195244,High,193,Neutral
2026-09-27 15:43:11 +0000,2.5,3,00-0040621,Montorie Foster Jr,WR,SEA,WAS,1.0285664325653665,1.3789986778794314,1.3789986778794314,0,4.671925211494823,2.953609688195244,High,194,Neutral
2026-09-27 15:43:11 +0000,2.5,3,00-0036331,Devin Duvernay,WR,ARI,SF,1.0094901831400642,1.3420402658403334,1.3420402658403334,0,4.542939777538054,2.953609688195244,High,195,Neutral
2026-09-27 15:43:11 +0000,2.5,3,00-0039589,Kameron Johnson,WR,TB,MIN,0.9874067170744394,1.3037029675850031,1.3037029675850031,0,4.610942539502761,2.953609688195244,High,196,Neutral
2026-09-27 15:43:11 +0000,2.5,3,00-0038519,Nikko Remigio,WR,KC,MIA,0.933243766759306,1.2851492023045317,1.2851492023045317,0,4.731701214169753,2.953609688195244,High,197,Neutral
2026-09-27 15:43:11 +0000,2.5,3,00-0037664,Alec Pierce,WR,IND,HOU,0,0,0,0,0,4.973519690779636,Low,198,Neutral
2026-09-27 15:43:11 +0000,2.5,3,00-0038619,Andrei Iosivas,WR,CIN,PIT,0,0,0,0,0,2.953609688195244,High,198,Neutral
2026-09-27 15:43:11 +0000,2.5,3,00-0035021,Ashton Dulin,WR,IND,HOU,0,0,0,0,0,2.953609688195244,High,198,Neutral
2026-09-27 15:43:11 +0000,2.5,3,00-0041099,Barion Brown,WR,NO,LV,0,0,0,0,0,2.953609688195244,High,198,Neutral
2026-09-27 15:43:11 +0000,2.5,3,00-0041550,Brenen Thompson,WR,LAC,BUF,0,0,0,0,0,2.953609688195244,High,198,Neutral
2026-09-27 15:43:11 +0000,2.5,3,00-0041523,Caleb Douglas,WR,MIA,KC,0,0,0,0,0,4.973519690779636,Low,198,Neutral
2026-09-27 15:43:11 +0000,2.5,3,00-0032775,Demarcus Robinson,WR,SF,ARI,0,0,0,0,0,4.973519690779636,Low,198,C
2026-09-27 15:43:11 +0000,2.5,3,00-0036554,Nico Collins,WR,HOU,IND,0,0,0,0,0,4.973519690779636,Low,198,Neutral
2026-09-24 15:52:29 +0000,2.5,3,00-0039146,Jayden Reed,WR,GB,ATL,0,0,0,0,0,4.973519690779636,Low,217,Neutral
2026-10-05 00:14:22 +0000,2.5,4,00-0033106,Jared Goff,QB,DET,CAR,19.477767936135827,19.737344171189207,18.67980604719193,13.055147603477373,26.03168037528459,6.382462858778202,Low,1,C
2026-10-04 15:52:00 +0000,2.5,4,00-0034857,Josh Allen,QB,BUF,NE,22.522899839035972,22.638683455542377,20.78970198530101,16.100279506377518,29.07681227818474,6.382462858778202,Low,1,F
2026-10-05 12:39:19 +0000,2.5,4,00-0040743,Tyler Shough,QB,NO,ATL,18.18487941927243,17.96127534972136,17.288126715317173,11.762259086613978,24.7387918584212,5.774060225635582,High,1,Neutral
2026-10-04 15:52:00 +0000,2.5,4,00-0034796,Lamar Jackson,QB,BAL,TEN,20.508045482127752,20.47544501749778,20.36241018028237,14.55227190579262,26.622654547307604,6.02852928967903,Medium,2,Neutral
2026-10-05 00:14:22 +0000,2.5,4,00-0039150,Bryce Young,QB,CAR,DET,17.057205669700735,16.92952940583186,15.39573241910274,10.90418935053407,23.61716907681137,6.382462858778202,Low,3,Neutral
2026-10-04 15:52:00 +0000,2.5,4,00-0033873,Patrick Mahomes,QB,KC,LV,19.56737438516151,19.45997245260701,18.204355858060392,13.414358065994849,26.127337792272147,6.02852928967903,Medium,3,C
2026-10-05 12:39:19 +0000,2.5,4,00-0039917,Michael Penix Jr.,QB,ATL,NO,14.357031979717142,14.43392671154682,14.308853137883238,8.238647523008705,20.933532835339903,5.774060225635582,High,5,Neutral
2026-10-04 15:52:00 +0000,2.5,4,00-0036971,Trevor Lawrence,QB,JAX,CIN,18.618282308875795,18.543850943971236,17.20642122068634,12.499897852167358,25.194783164498553,6.382462858778202,Low,5,Neutral
2026-10-04 15:52:00 +0000,2.5,4,00-0036389,Jalen Hurts,QB,PHI,LA,18.39478288533344,18.36940693436948,17.608182647506947,12.351983857771158,24.43467556141297,6.02852928967903,Medium,6,Neutral
2026-10-04 15:52:00 +0000,2.5,4,00-0036442,Joe Burrow,QB,CIN,JAX,18.060045799036605,18.26203108817898,17.924792002071726,11.995208017889087,24.489848239632774,6.02852928967903,Medium,8,Neutral
2026-10-04 15:52:00 +0000,2.5,4,00-0033077,Dak Prescott,QB,DAL,HOU,17.7774506948821,17.944320050224633,16.866928018441815,11.462539233592327,23.6884736592421,6.382462858778202,Low,9,Neutral
2026-10-04 15:52:00 +0000,2.5,4,00-0037834,Brock Purdy,QB,SF,DEN,17.155418926777685,16.78194747988178,15.507592807928477,10.49476376030816,22.793918862761767,6.382462858778202,Low,10,D
2026-10-04 15:52:00 +0000,2.5,4,00-0026498,Matthew Stafford,QB,LA,PHI,17.06091846280139,17.340105099454128,16.018378930125703,10.423711437985665,23.00059382125125,6.382462858778202,Low,12,Neutral
2026-10-05 12:39:19 +0000,2.5,4,00-0036212,Tua Tagovailoa,QB,ATL,NO,9.789967252597725,9.520809568360171,8.501213275652784,3.9039930960454305,16.32459231441809,6.382462858778202,Low,12,D
2026-10-05 12:39:19 +0000,2.5,4,00-0033662,Cooper Rush,QB,ATL,NO,9.459555927815488,9.68973587997106,11.471697493933108,3.278568890241538,15.57416499299534,6.382462858778202,Low,13,Neutral
2026-10-04 15:52:00 +0000,2.5,4,00-0033119,Jacoby Brissett,QB,ARI,NYG,16.456035303554955,16.42972528172711,18.042576429926424,10.570061147002663,22.99066036537532,6.382462858778202,Low,13,Neutral
2026-10-04 15:52:00 +0000,2.5,4,00-0036264,Jordan Love,QB,GB,TB,16.12602662170152,16.22220907870718,15.74170128514208,9.917823692378745,22.666135089928435,5.774060225635582,High,14,Neutral
2026-10-04 15:52:00 +0000,2.5,4,00-0039163,C.J. Stroud,QB,HOU,DAL,16.098086470904374,16.124997272844904,16.153968931454,10.026424537867868,22.84710697562814,6.02852928967903,Medium,15,Neutral
2026-10-05 12:39:19 +0000,2.5,4,00-0041194,Jack Strand,QB,ATL,NO,8.18273125593254,8.383195579103266,7.889150662375966,1.974528326609763,14.722839724159456,5.774060225635582,High,15,Neutral
2026-10-04 15:52:00 +0000,2.5,4,00-0039732,Bo Nix,QB,DEN,SF,16.094569733263477,15.967465515839612,16.195682047850216,9.6551434142662,22.119924418821004,6.382462858778202,Low,16,Neutral
2026-10-04 15:52:00 +0000,2.5,4,00-0034869,Sam Darnold,QB,SEA,LAC,15.816813647296062,15.96759143944585,14.873151369819093,9.54191913151058,21.743802157388274,6.382462858778202,Low,17,Neutral
2026-10-04 11:18:56 +0000,2.5,4,00-0035710,Daniel Jones,QB,IND,WAS,15.78033326713624,15.846159807003971,15.828228229402187,9.80560297472418,22.46244484627132,5.774060225635582,High,18,Neutral
2026-10-04 15:52:00 +0000,2.5,4,00-0035704,Drew Lock,QB,SEA,LAC,15.344896856244358,15.391336739409148,16.139776211773405,9.070002340458876,21.879521918064725,6.382462858778202,Low,19,Neutral
2026-10-04 15:52:00 +0000,2.5,4,00-0029604,Kirk Cousins,QB,LV,KC,15.20968526838236,15.248955154395723,15.21723622360319,8.940622214551196,21.68416354468532,6.02852928967903,Medium,20,C
2026-10-04 15:52:00 +0000,2.5,4,00-0040691,Jaxson Dart,QB,NYG,ARI,15.10377118303794,15.060023781299805,12.935607264142249,9.0183078577769,21.146141516152504,6.382462858778202,Low,21,Neutral
2026-10-04 11:18:56 +0000,2.5,4,00-0032268,Marcus Mariota,QB,WAS,IND,15.021232190045714,14.965661794897388,14.259549877626425,8.866644797425991,21.120885654834517,6.382462858778202,Low,22,Neutral
2026-10-04 15:52:00 +0000,2.5,4,00-0028986,Case Keenum,QB,CHI,NYJ,14.797963760557028,14.45773792063752,15.53123286873068,8.569752291366779,21.054734321897907,6.02852928967903,Medium,23,Neutral
2026-10-04 15:52:00 +0000,2.5,4,00-0030565,Geno Smith,QB,NYJ,CHI,14.685754508143468,14.79185347740066,15.950590775607386,8.467487401575728,21.10927535541616,6.382462858778202,Low,24,Neutral
2026-10-04 15:52:00 +0000,2.5,4,00-0039851,Drake Maye,QB,NE,BUF,14.675847161869948,15.16224009974417,15.702509347204392,8.720142511396356,21.15571141301215,5.774060225635582,High,25,Neutral
2026-10-04 15:52:00 +0000,2.5,4,00-0032950,Carson Wentz,QB,MIN,MIA,13.245072987287662,13.044887826266734,13.211718316677397,6.976462225652616,19.95704418973248,6.382462858778202,Low,27,Neutral
2026-10-04 15:52:00 +0000,2.5,4,00-0039923,J.J. McCarthy,QB,MIN,MIA,13.076040476500244,12.852394517659269,10.843984867739977,6.546120133279134,19.96282018182993,6.02852928967903,Medium,28,Neutral
2026-10-01 17:39:14 +0000,2.5,4,00-0033537,Deshaun Watson,QB,CLE,PIT,14.207237637908976,14.12182674790331,15.082021214259573,8.006840017309706,20.71226018761985,6.02852928967903,Medium,29,C
2026-10-05 00:14:22 +0000,2.5,4,00-0041149,Haynes King,QB,CAR,DET,4.805708288989806,5.285031935563676,2.2946358094899404,0,11.69248799431949,5.774060225635582,High,29,C
2026-10-04 15:52:00 +0000,2.5,4,00-0035228,Kyler Murray,QB,MIN,MIA,12.314787155957974,12.694581600464977,13.750747013671182,6.114389535358706,18.819809705668856,6.382462858778202,Low,29,Neutral
2026-10-01 17:39:14 +0000,2.5,4,00-0023459,Aaron Rodgers,QB,PIT,CLE,13.874576729602484,14.000276137878926,14.967700144256662,7.775633039529573,20.443601835271224,6.382462858778202,Low,30,Neutral
2026-10-04 15:52:00 +0000,2.5,4,00-0040676,Cam Ward,QB,TEN,BAL,12.130280209781535,12.115077356733304,12.466945917011156,5.89402072467111,18.65357445648572,6.02852928967903,Medium,30,Neutral
2026-10-04 15:52:00 +0000,2.5,4,00-0036355,Justin Herbert,QB,LAC,SEA,11.918915999431544,12.023966747755086,13.22708664341022,5.922187413508396,18.621784321444572,6.02852928967903,Medium,31,D
2026-10-04 15:52:00 +0000,2.5,4,00-0038128,Malik Willis,QB,MIA,MIN,11.890015796208116,11.945291298725714,11.755751827188856,5.579488942294066,17.476742668464027,6.382462858778202,Low,32,D
2026-10-04 15:52:00 +0000,2.5,4,00-0031503,Jameis Winston,QB,NYG,ARI,11.77888883433094,12.19774934919851,12.972392053838645,5.679945144258031,18.34791393999968,6.02852928967903,Medium,33,Neutral
2026-10-04 15:52:00 +0000,2.5,4,00-0041562,Fernando Mendoza,QB,LV,KC,11.62195375663143,11.604941572653331,10.187186702626152,5.523010066558522,18.32482207864446,6.02852928967903,Medium,34,C
2026-10-04 15:52:00 +0000,2.5,4,00-0036945,Justin Fields,QB,KC,LV,9.892851990949143,9.4704029635951,7.609330781878595,3.650079308525709,16.624399253264254,6.02852928967903,Medium,35,C
2026-10-05 00:14:22 +0000,2.5,4,00-0038102,Kenny Pickett,QB,CAR,DET,4.359498582319251,4.858425004851387,3.1588176845501987,0,11.035169506296633,6.02852928967903,Medium,36,C
2026-10-04 15:52:00 +0000,2.5,4,00-0033869,Mitchell Trubisky,QB,TEN,BAL,9.856992973378864,9.796114656845225,7.827342123315983,3.65676710096865,16.532663897356247,5.774060225635582,High,36,D
2026-10-04 15:52:00 +0000,2.5,4,00-0041568,Ty Simpson,QB,LA,PHI,9.79110059253934,9.490467851215286,7.814874809941887,3.648318200097081,15.771171144166884,6.02852928967903,Medium,37,C
2026-10-04 15:52:00 +0000,2.5,4,00-0026158,Joe Flacco,QB,CIN,JAX,7.96882642479276,7.519533255188318,4.988514821917807,1.6090185930156062,14.278157378060008,6.382462858778202,Low,41,Neutral
2026-10-04 11:18:56 +0000,2.5,4,00-0039164,Anthony Richardson,QB,IND,WAS,6.970257158364516,6.555732020309932,4.132536831217796,0.8518727016560798,12.99470001988966,6.382462858778202,Low,42,Neutral
2026-10-04 11:18:56 +0000,2.5,4,00-0041117,Athan Kaliakmanis,QB,WAS,IND,6.7832834175618055,7.358766940457162,5.290293605540946,0.8569468004389166,13.310969531851018,6.02852928967903,Medium,43,Neutral
2026-10-04 15:52:00 +0000,2.5,4,00-0041561,Carson Beck,QB,ARI,NYG,6.749419692295756,6.299003716938596,3.974315289726255,0.7047503976735987,13.122262236515883,6.382462858778202,Low,44,C
2026-10-04 15:52:00 +0000,2.5,4,00-0038416,Tyson Bagent,QB,CHI,NYJ,6.161157043160985,7.0053420714093075,4.154143577462466,0,12.257624455023254,5.774060225635582,High,45,Neutral
2026-10-05 00:14:22 +0000,2.5,4,00-0033949,Joshua Dobbs,QB,DET,CAR,3.535113636284964,3.941895320871176,0.3041856045377682,0,9.700184074105554,6.02852928967903,Medium,46,Neutral
2026-10-04 15:52:00 +0000,2.5,4,00-0027973,Andy Dalton,QB,PHI,LA,5.931118655544711,6.472661229140844,5.320397741324729,0,11.547077609544406,5.774060225635582,High,47,Neutral
2026-10-04 15:52:00 +0000,2.5,4,00-0040891,Cole Payton,QB,PHI,LA,5.911854197079884,6.32728872754404,4.384318016943498,0,12.076924634900474,5.774060225635582,High,48,C
2026-10-05 12:39:19 +0000,2.5,4,00-0039376,Spencer Rattler,QB,NO,ATL,3.1603508616135825,3.501743172272316,0.617278492973365,0,9.123949730783744,6.02852928967903,Medium,48,C
2026-10-04 15:52:00 +0000,2.5,4,00-0041251,Jalon Daniels,QB,TB,GB,5.659308368888778,6.077897472623847,5.766050681785784,0,11.570331333248776,5.774060225635582,High,49,D
2026-10-05 12:39:19 +0000,2.5,4,00-0037013,Zach Wilson,QB,NO,ATL,3.039650964470713,3.353500267725375,0.6961486118553406,0,9.77070013268714,6.02852928967903,Medium,49,Neutral
2026-10-04 15:52:00 +0000,2.5,4,00-0038476,Tommy DeVito,QB,NE,BUF,5.655276762089236,6.108289745089007,4.289062399095597,0,12.386325930305665,5.774060225635582,High,50,C
2026-10-04 15:52:00 +0000,2.5,4,00-0038400,Tanner McKee,QB,PHI,LA,5.6468509801518145,6.015520237040429,4.776141523023281,0,11.936526854523883,5.774060225635582,High,51,Neutral
2026-10-04 15:52:00 +0000,2.5,4,00-0037077,Sam Howell,QB,DAL,HOU,5.565465161074485,6.16157800645137,3.339234409094596,0,11.996624994263684,6.02852928967903,Medium,52,Neutral
2026-10-04 15:52:00 +0000,2.5,4,00-0041123,Behren Morton,QB,NE,BUF,5.53748820780897,6.023855585200925,3.766896913742944,0,11.87818441739486,5.774060225635582,High,53,C
2026-10-04 15:52:00 +0000,2.5,4,00-0040014,Kyle McCord,QB,MIA,MIN,5.4795555221749614,5.953359335978039,4.959986238238545,0,11.857242017576183,5.774060225635582,High,54,D
2026-10-04 15:52:00 +0000,2.5,4,00-0036879,Sam Ehlinger,QB,DEN,SF,5.3293728535512805,5.7905152200647105,2.935870902059144,0,11.600156285591767,5.774060225635582,High,55,Neutral
2026-10-01 17:39:14 +0000,2.5,4,00-0041565,Drew Allar,QB,PIT,CLE,5.415493106247927,5.3929687100320995,4.001708265840133,0,11.674209268315026,6.02852928967903,Medium,56,D
2026-10-04 15:52:00 +0000,2.5,4,00-0035264,Jarrett Stidham,QB,DEN,SF,5.084892575603537,5.502891363655601,2.6464491794172904,0,10.276685263967522,5.774060225635582,High,56,Neutral
2026-10-04 15:52:00 +0000,2.5,4,00-0041056,Cade Klubnik,QB,NYJ,CHI,4.7934015922845,5.092043223696666,3.7492753939485617,0,11.3014559172344,6.02852928967903,Medium,58,F
2026-10-04 15:52:00 +0000,2.5,4,00-0028118,Tyrod Taylor,QB,GB,TB,4.741386738886307,4.989574604723816,3.7648211880335034,0,11.000102900953408,5.774060225635582,High,60,D
2026-10-04 15:52:00 +0000,2.5,4,00-0040398,Brady Cook,QB,MIA,MIN,4.310817656110821,4.582300449342235,5.540350109426351,0,10.90777480904207,5.774060225635582,High,63,D
2026-10-01 17:39:14 +0000,2.5,4,00-0040704,Dillon Gabriel,QB,CLE,PIT,4.698286738926564,4.903485273536974,3.6674976827316903,0,11.295243891857814,5.774060225635582,High,64,D
2026-10-04 15:52:00 +0000,2.5,4,00-0038579,Aidan O'Connell,QB,LV,KC,3.933102422380952,4.315075333708067,3.012775514382989,0,10.04895941608298,5.774060225635582,High,65,D
2026-10-01 17:39:14 +0000,2.5,4,00-0041092,Taylen Green,QB,CLE,PIT,4.609362138152366,4.854429835011264,3.3626103169823525,0,10.725219131854397,5.774060225635582,High,65,D
2026-10-04 15:52:00 +0000,2.5,4,00-0039534,Carter Bradley,QB,JAX,CIN,3.823201744817016,4.249939342412665,0.987962400563748,0,9.462744503884617,6.02852928967903,Medium,66,Neutral
2026-10-04 15:52:00 +0000,2.5,4,00-0040234,Quinn Ewers,QB,JAX,CIN,3.8108768695590896,4.215544398391715,1.1338804948116257,0,9.641164531412556,6.02852928967903,Medium,67,Neutral
2026-10-04 11:18:56 +0000,2.5,4,00-0040206,Riley Leonard,QB,IND,WAS,3.804501251186959,4.253786189656669,0.8633699539610564,0,9.768853125359126,6.02852928967903,Medium,68,Neutral
2026-10-01 17:39:14 +0000,2.5,4,00-0040668,Shedeur Sanders,QB,CLE,PIT,4.257403384734696,4.595274713798488,3.5495023141096675,0,10.566734338001943,5.774060225635582,High,69,D
2026-10-04 15:52:00 +0000,2.5,4,00-0037012,Trey Lance,QB,LAC,SEA,3.7310615562995304,4.0388247300129345,3.588151236564107,0,10.042980281625407,5.774060225635582,High,71,F
2026-10-04 15:52:00 +0000,2.5,4,00-0039107,Stetson Bennett,QB,LA,PHI,3.6974429811641545,4.123489936847894,2.2199809144752947,0,10.006773934431404,5.774060225635582,High,72,C
2026-10-04 15:52:00 +0000,2.5,4,00-0041414,Matthew Caldwell,QB,LA,PHI,3.4799720344263028,3.834449122620296,1.218246218664143,0,10.019606104521984,6.02852928967903,Medium,74,C
2026-10-04 15:52:00 +0000,2.5,4,00-0040211,Graham Mertz,QB,HOU,DAL,3.2015506742423296,3.618690462442651,0.4093584007966089,0,9.872099262933917,6.02852928967903,Medium,75,C
2026-10-04 15:52:00 +0000,2.5,4,00-0036898,Davis Mills,QB,HOU,DAL,3.193002914368137,3.5928011419481205,0.3430894259731079,0,9.390493070161169,6.02852928967903,Medium,76,C
2026-10-01 17:39:14 +0000,2.5,4,00-0034771,Mason Rudolph,QB,PIT,CLE,3.2389551192496717,3.6260989378450543,2.5194836203538316,0,10.179825397480124,5.774060225635582,High,77,C
2026-10-04 15:52:00 +0000,2.5,4,00-0040589,Kurtis Rourke,QB,SF,DEN,2.9939760557724444,3.3499305519301994,0.4896445392789981,0,9.108834706656731,6.02852928967903,Medium,79,D
2026-10-04 15:52:00 +0000,2.5,4,00-0037327,Skylar Thompson,QB,BAL,TEN,2.884738818337506,3.2610455722551555,0.3188022290693455,0,9.30506904074826,6.02852928967903,Medium,80,C
2026-10-01 17:39:14 +0000,2.5,4,00-0040203,Will Howard,QB,PIT,CLE,3.149323554607539,3.4408641653578753,1.6037504701776295,0,9.710738677257558,5.774060225635582,High,80,D
2026-10-04 15:52:00 +0000,2.5,4,00-0040981,Joe Fagnano,QB,BAL,TEN,2.8789659269544132,3.2542539353338698,0.31713022517372647,0,9.440381049604431,6.02852928967903,Medium,81,C
2026-10-04 15:52:00 +0000,2.5,4,00-0035993,Tyler Huntley,QB,BAL,TEN,2.7725436464250826,3.055791351760222,0.2421605537767233,0,8.969231955935937,6.02852928967903,Medium,82,C
2026-10-04 15:52:00 +0000,2.5,4,00-0036972,Mac Jones,QB,SF,DEN,2.6327129764286235,3.0601740582231862,0.4920593851245245,0,9.058050335880424,6.382462858778202,Low,83,Neutral
2026-10-04 15:52:00 +0000,2.5,4,00-0040673,Jalen Milroe,QB,SEA,LAC,2.610667238826398,2.9528757312658303,0.4049381696249359,0,8.46883718140298,6.02852928967903,Medium,84,C
2026-10-04 15:52:00 +0000,2.5,4,00-0034577,Kyle Allen,QB,BUF,NE,2.601528510479903,2.993361452080193,0,0,8.858299071820781,6.02852928967903,Medium,85,D
2026-10-04 15:52:00 +0000,2.5,4,00-0040906,Garrett Nussmeier,QB,KC,LV,2.5671859668692667,2.8885872313790135,0.0722069964496157,0,8.650641420518696,6.02852928967903,Medium,86,D
2026-10-04 15:52:00 +0000,2.5,4,00-0035289,Gardner Minshew,QB,ARI,NYG,2.205181086352992,2.4881634400072374,0.31883508779000014,0,8.739817466561954,6.02852928967903,Medium,87,C
2026-10-04 15:52:00 +0000,2.5,4,00-0037324,Chris Oladokun,QB,KC,LV,2.1875988976790826,2.497241108047532,0.07941934283752095,0,7.782072213975956,6.02852928967903,Medium,88,D
2026-10-04 15:52:00 +0000,2.5,4,00-0034855,Baker Mayfield,QB,TB,GB,0,0,0,0,0,6.02852928967903,Medium,89,Neutral
2026-10-04 15:52:00 +0000,2.5,4,00-0039918,Caleb Williams,QB,CHI,NYJ,0,0,0,0,0,6.382462858778202,Low,89,Neutral
2026-10-04 11:18:56 +0000,2.5,4,00-0039910,Jayden Daniels,QB,WAS,IND,0,0,0,0,0,5.774060225635582,High,89,Neutral
2026-10-05 12:39:19 +0000,2.5,4,00-0038542,Bijan Robinson,RB,ATL,NO,18.161426259329374,19.183009966853763,19.183009966853763,14.77031585410639,21.62851286860569,4.1906550461485725,Medium,1,Neutral
2026-10-05 00:14:22 +0000,2.5,4,00-0039139,Jahmyr Gibbs,RB,DET,CAR,20.36573565621857,21.640982534483555,21.640982534483555,16.974625250995583,23.832822265494883,5.339770194966193,Low,1,F
2026-10-04 11:18:56 +0000,2.5,4,00-0036223,Jonathan Taylor,RB,IND,WAS,18.24776828138742,18.37206823270538,18.37206823270538,14.924876506535746,22.48416792110652,4.1906550461485725,Medium,2,C
2026-10-05 00:14:22 +0000,2.5,4,00-0036555,Chuba Hubbard,RB,CAR,DET,12.3876476400926,12.465253709871751,12.465253709871751,8.886308311677732,16.270824688980447,5.339770194966193,Low,4,Neutral
2026-10-04 15:52:00 +0000,2.5,4,00-0032764,Derrick Henry,RB,BAL,TEN,17.827093181060263,18.277381432973925,18.277381432973925,14.325753852645397,21.710270229948108,5.339770194966193,Low,4,C
2026-10-05 12:39:19 +0000,2.5,4,00-0036973,Travis Etienne,RB,NO,ATL,10.409728966028393,10.784850338911582,10.784850338911582,6.908389637613522,14.292906014916236,3.0109528980360203,High,4,Neutral
2026-10-04 15:52:00 +0000,2.5,4,00-0038134,Kenneth Walker III,RB,KC,LV,17.170123938225167,17.564459499152584,17.564459499152584,13.51763639441226,20.2133798654595,5.339770194966193,Low,5,Neutral
2026-10-04 15:52:00 +0000,2.5,4,00-0037248,James Cook,RB,BUF,NE,16.89664332088058,16.862036659834285,16.862036659834285,13.467529537673046,20.713317079593008,4.1906550461485725,Medium,6,Neutral
2026-10-05 12:39:19 +0000,2.5,4,00-0033906,Alvin Kamara,RB,NO,ATL,6.411757216669795,7.099093962024616,7.099093962024616,2.98264343346226,10.22843097538222,5.339770194966193,Low,7,Neutral
2026-10-04 15:52:00 +0000,2.5,4,00-0033280,Christian McCaffrey,RB,SF,DEN,16.81304466368218,17.01026197333364,17.01026197333364,13.37559227845226,20.528068523347947,4.1906550461485725,Medium,7,Neutral
2026-10-04 15:52:00 +0000,2.5,4,00-0036275,D'Andre Swift,RB,CHI,NYJ,15.960319711678933,15.91869518006658,15.91869518006658,12.446303176136244,20.004409560289325,4.1906550461485725,Medium,8,Neutral
2026-10-05 12:39:19 +0000,2.5,4,00-0037746,Brian Robinson,RB,ATL,NO,5.802007519543492,6.384261794516477,6.384261794516477,2.334739596659587,9.73487087020886,3.0109528980360203,High,9,Neutral
2026-10-04 15:52:00 +0000,2.5,4,00-0037840,Kyren Williams,RB,LA,PHI,15.39032188868492,15.518165540354158,15.518165540354158,11.923053965801016,19.323185239350288,4.1906550461485725,Medium,9,Neutral
2026-10-04 15:52:00 +0000,2.5,4,00-0040122,Ashton Jeanty,RB,LV,KC,13.937192571458043,13.89287231691795,13.89287231691795,10.442649990620012,18.424835034818475,5.339770194966193,Low,10,C
2026-10-04 15:52:00 +0000,2.5,4,00-0035700,Josh Jacobs,RB,GB,TB,13.866190356201644,14.538187189026551,14.538187189026551,10.527356299351569,17.66641440705476,4.1906550461485725,Medium,11,Neutral
2026-10-05 12:39:19 +0000,2.5,4,00-0038551,Kendre Miller,RB,NO,ATL,4.890771238965003,5.518088262651943,5.518088262651943,1.3911768780297822,8.764668307793013,3.0109528980360203,High,11,Neutral
2026-10-04 15:52:00 +0000,2.5,4,00-0036997,Javonte Williams,RB,DAL,HOU,13.858607955478416,13.9694422252161,13.9694422252161,10.359013594543196,17.732505024306427,4.1906550461485725,Medium,12,Neutral
2026-10-04 15:52:00 +0000,2.5,4,00-0038597,Chase Brown,RB,CIN,JAX,13.656605236716514,13.76284502941575,13.76284502941575,10.219152851486594,17.957050127231845,4.1906550461485725,Medium,13,Neutral
2026-10-04 15:52:00 +0000,2.5,4,00-0040715,Cam Skattebo,RB,NYG,ARI,13.379447798739342,13.645830229365355,13.645830229365355,10.085154583871178,17.344766395086776,3.0109528980360203,High,14,Neutral
2026-10-05 12:39:19 +0000,2.5,4,00-0039373,Audric Estimé,RB,NO,ATL,4.315579596344401,4.972192922069586,4.972192922069586,0.8879640837768357,8.131304216992056,4.1906550461485725,Medium,15,Neutral
2026-10-04 15:52:00 +0000,2.5,4,00-0041027,Jeremiyah Love,RB,ARI,NYG,13.22477803828471,13.728913928811792,13.728913928811792,9.797162525717145,17.040502658932365,4.1906550461485725,Medium,15,Neutral
2026-10-05 00:14:22 +0000,2.5,4,00-0039344,Jonathon Brooks,RB,CAR,DET,4.71664904893939,5.375721240916484,5.375721240916484,1.2890335363718242,8.532373669587045,3.0109528980360203,High,15,Neutral
2026-10-04 15:52:00 +0000,2.5,4,00-0039361,Bucky Irving,RB,TB,GB,12.859588816917476,13.052544053333907,13.052544053333907,9.458478715186686,17.462973429191756,4.1906550461485725,Medium,16,Neutral
2026-10-05 12:39:19 +0000,2.5,4,00-0040202,Devin Neal,RB,NO,ATL,4.154009662779623,4.728115948484701,4.728115948484701,0.7528995610488347,8.757394275053901,4.1906550461485725,Medium,16,Neutral
2026-10-05 00:14:22 +0000,2.5,4,00-0037197,Isiah Pacheco,RB,DET,CAR,4.441335037634357,5.010985992189794,5.010985992189794,1.0402249359035696,9.044719649908636,5.339770194966193,Low,16,Neutral
2026-10-01 17:39:14 +0000,2.5,4,00-0037228,Jaylen Warren,RB,PIT,CLE,12.178187485852847,12.253002468062313,12.253002468062313,8.740665090344443,16.228307240325265,4.1906550461485725,Medium,17,Neutral
2026-10-04 15:52:00 +0000,2.5,4,00-0040666,Omarion Hampton,RB,LAC,SEA,11.767555622526196,12.469598095002896,12.469598095002896,8.330033227017793,15.817675376998611,4.1906550461485725,Medium,18,Neutral
2026-10-04 15:52:00 +0000,2.5,4,00-0033293,Aaron Jones,RB,MIN,MIA,11.550051058536706,11.37377458130453,11.37377458130453,8.134916948496002,15.424520945802971,4.1906550461485725,Medium,19,Neutral
2026-10-04 15:52:00 +0000,2.5,4,00-0035685,David Montgomery,RB,HOU,DAL,11.410066476928687,11.840828985639266,11.840828985639266,8.05961858277357,15.454156325539085,4.1906550461485725,Medium,20,Neutral
2026-10-04 15:52:00 +0000,2.5,4,00-0039040,De'Von Achane,RB,MIA,MIN,10.864369422579124,12.129429996559049,12.129429996559049,7.482833542036611,15.20938465893176,5.339770194966193,Low,21,Neutral
2026-10-05 00:14:22 +0000,2.5,4,00-0039364,Sione Vaki,RB,DET,CAR,3.121373481950108,3.373799317508856,3.373799317508856,0,6.926172082552129,3.0109528980360203,High,22,Neutral
2026-10-04 15:52:00 +0000,2.5,4,00-0034844,Saquon Barkley,RB,PHI,LA,10.339356511047116,10.988859030761365,10.988859030761365,6.834141358593071,14.32486826933316,5.339770194966193,Low,23,Neutral
2026-10-05 00:14:22 +0000,2.5,4,00-0036265,AJ Dillon,RB,CAR,DET,2.9282576812601517,3.3983010072504385,3.3983010072504385,0,7.108811871587843,3.0109528980360203,High,24,Neutral
2026-10-04 15:52:00 +0000,2.5,4,00-0040719,Bhayshul Tuten,RB,JAX,CIN,10.214420752688891,10.656071329350484,10.656071329350484,6.798209405880776,14.019219353290914,4.1906550461485725,Medium,24,C
2026-10-04 15:52:00 +0000,2.5,4,00-0037525,Jordan Mason,RB,MIN,MIA,10.071724939452208,10.299242087924192,10.299242087924192,6.641691224390666,13.689272851576987,4.1906550461485725,Medium,25,Neutral
2026-10-04 15:52:00 +0000,2.5,4,00-0040734,TreVeyon Henderson,RB,NE,BUF,10.008890844717076,10.69183939033243,10.69183939033243,6.590806622757773,14.189445035044768,3.0109528980360203,High,26,Neutral
2026-10-04 15:52:00 +0000,2.5,4,00-0036875,Rhamondre Stevenson,RB,NE,BUF,8.931638190721854,9.68889944549882,9.68889944549882,5.684822681340975,13.37500377425336,4.1906550461485725,Medium,27,Neutral
2026-10-04 15:52:00 +0000,2.5,4,00-0035261,Tony Pollard,RB,TEN,BAL,8.685399424083839,9.044489024718333,9.044489024718333,5.134411002145843,12.88119658281392,3.0109528980360203,High,28,Neutral
2026-10-04 15:52:00 +0000,2.5,4,00-0033553,James Conner,RB,ARI,NYG,8.276037838902774,8.917613305998277,8.917613305998277,4.886126012405763,12.11124962020691,5.339770194966193,Low,29,Neutral
2026-10-01 17:39:14 +0000,2.5,4,00-0040784,Quinshon Judkins,RB,CLE,PIT,9.50335418373366,9.790979816658435,9.790979816658435,6.113442357236647,13.338565965037796,4.1906550461485725,Medium,29,Neutral
2026-10-04 15:52:00 +0000,2.5,4,00-0040583,Woody Marks,RB,HOU,DAL,8.005803905414725,8.621441413231102,8.621441413231102,4.602931356201357,11.91525203144142,3.0109528980360203,High,30,Neutral
2026-10-04 15:52:00 +0000,2.5,4,00-0040236,Kyle Monangai,RB,CHI,NYJ,8.00437156675651,8.782638032072985,8.782638032072985,4.713640001443365,11.429979244057064,3.0109528980360203,High,31,Neutral
2026-10-04 15:52:00 +0000,2.5,4,00-0040730,RJ Harvey,RB,DEN,SF,7.99958442579518,8.774564727868498,8.774564727868498,4.649130307786725,11.98929511944509,5.339770194966193,Low,32,Neutral
2026-10-05 00:14:22 +0000,2.5,4,00-0040644,Trevor Etienne,RB,CAR,DET,2.080740091675446,2.513236229581387,2.513236229581387,0,6.171392561391144,3.0109528980360203,High,32,Neutral
2026-10-04 11:18:56 +0000,2.5,4,00-0040242,Jacory Croskey-Merritt,RB,WAS,IND,7.708711710689647,8.383345046381415,8.383345046381415,4.125770892591576,11.799364180405345,3.0109528980360203,High,33,Neutral
2026-10-05 12:39:19 +0000,2.5,4,00-0037276,Ty Chandler,RB,NO,ATL,1.845966635936283,2.210212663232972,2.210212663232972,0,6.026583881419726,4.1906550461485725,Medium,33,Neutral
2026-10-04 15:52:00 +0000,2.5,4,00-0036158,J.K. Dobbins,RB,DEN,SF,7.473773412005389,7.850959408987539,7.850959408987539,4.077946590157794,11.654390657488833,4.1906550461485725,Medium,34,Neutral
2026-10-05 12:39:19 +0000,2.5,4,00-0036984,Trey Sermon,RB,ATL,NO,1.7797968226017662,2.2465939886998716,2.2465939886998716,0,5.870449292317465,3.0109528980360203,High,34,Neutral
2026-10-04 15:52:00 +0000,2.5,4,00-0037263,Tyler Allgeier,RB,ARI,NYG,6.450940870254952,6.887450932051054,6.887450932051054,2.936414562966911,10.164435935074303,4.1906550461485725,Medium,35,Neutral
2026-10-04 15:52:00 +0000,2.5,4,00-0039738,Blake Corum,RB,LA,PHI,6.444058760021416,6.856133063654513,6.856133063654513,3.1144117995494183,10.17691777408968,3.0109528980360203,High,36,Neutral
2026-10-04 15:52:00 +0000,2.5,4,00-0040198,Ollie Gordon II,RB,MIA,MIN,6.037374511032867,6.0271014013028825,6.0271014013028825,2.6041224149284035,10.209737366318386,5.339770194966193,Low,38,Neutral
2026-10-04 15:52:00 +0000,2.5,4,00-0039921,Trey Benson,RB,ARI,NYG,5.916423259090601,6.437621096643975,6.437621096643975,2.600360864065482,9.682215026065348,5.339770194966193,Low,39,Neutral
2026-10-01 17:39:14 +0000,2.5,4,00-0036139,Rico Dowdle,RB,PIT,CLE,6.914054504866815,7.448273974139657,7.448273974139657,3.4452038788164425,11.037569441837904,4.1906550461485725,Medium,40,Neutral
2026-10-04 15:52:00 +0000,2.5,4,00-0036919,Kenny Gainwell,RB,TB,GB,5.604423027180591,5.8845087870855535,5.8845087870855535,2.1929662580950473,9.445867716612891,4.1906550461485725,Medium,41,Neutral
2026-10-04 15:52:00 +0000,2.5,4,00-0035250,Devin Singletary,RB,NYG,ARI,5.580599460282599,6.27127764520003,6.27127764520003,2.1117488342322264,9.704114397253688,4.1906550461485725,Medium,42,Neutral
2026-10-04 15:52:00 +0000,2.5,4,00-0041052,Kaelon Black,RB,SF,DEN,5.357348701809777,5.812225099766444,5.812225099766444,1.797397320806444,9.018382807325931,3.0109528980360203,High,43,Neutral
2026-10-04 15:52:00 +0000,2.5,4,00-0035537,Ty Johnson,RB,BUF,NE,5.314976882740696,6.027497768125137,6.027497768125137,2.0606886153710233,9.188873951568706,5.339770194966193,Low,44,Neutral
2026-10-04 15:52:00 +0000,2.5,4,00-0039811,MarShawn Lloyd,RB,GB,TB,5.299133474613828,5.604910690139592,5.604910690139592,1.8778625226266172,9.259355825475678,4.1906550461485725,Medium,45,Neutral
2026-10-04 15:52:00 +0000,2.5,4,00-0039794,Braelon Allen,RB,NYJ,CHI,5.205353812561444,5.680033315059701,5.680033315059701,1.803969507038269,9.313756345511798,4.1906550461485725,Medium,46,Neutral
2026-10-04 15:52:00 +0000,2.5,4,00-0038797,Emanuel Wilson,RB,SEA,LAC,5.111801601745662,5.436107330801908,5.436107330801908,1.822132486099883,9.506948693691957,3.0109528980360203,High,47,Neutral
2026-10-04 15:52:00 +0000,2.5,4,00-0038951,Sean Tucker,RB,TB,GB,4.934880469322518,5.3980860001704745,5.3980860001704745,1.7638614655664069,9.124287180254363,4.1906550461485725,Medium,48,Neutral
2026-10-04 15:52:00 +0000,2.5,4,00-0041496,Jonah Coleman,RB,DEN,SF,4.926470205827483,5.264936954696872,5.264936954696872,1.4444010325843148,8.97641175748233,3.0109528980360203,High,49,Neutral
2026-10-05 00:14:22 +0000,2.5,4,00-0038896,Jacob Saylors,RB,DET,CAR,1.260093630844294,1.6454315419621963,1.6454315419621963,0,5.208130777870165,3.0109528980360203,High,50,Neutral
2026-10-04 15:52:00 +0000,2.5,4,00-0034975,Justice Hill,RB,BAL,TEN,4.861147201330322,5.363853880721697,5.363853880721697,1.5345116384489177,8.260645997015722,4.1906550461485725,Medium,51,Neutral
2026-10-04 15:52:00 +0000,2.5,4,00-0038611,Chris Rodriguez Jr.,RB,JAX,CIN,4.8338640254308505,5.587526872267286,5.587526872267286,1.511177788336029,8.992823063787029,3.0109528980360203,High,52,Neutral
2026-10-04 15:52:00 +0000,2.5,4,00-0038454,Keaton Mitchell,RB,LAC,SEA,4.748732926183981,5.263710365031506,5.263710365031506,1.222267346360683,8.281237482543384,3.0109528980360203,High,53,Neutral
2026-10-04 15:52:00 +0000,2.5,4,00-0039032,Tyjae Spears,RB,TEN,BAL,4.599803439926534,4.927310465845934,4.927310465845934,1.0788873443745013,8.91948756796437,4.1906550461485725,Medium,55,Neutral
2026-10-04 15:52:00 +0000,2.5,4,00-0033526,Samaje Perine,RB,CIN,JAX,4.518208599867979,5.058666094119435,5.058666094119435,1.0944061295152498,8.769022624669795,3.0109528980360203,High,56,Neutral
2026-10-04 15:52:00 +0000,2.5,4,00-0036893,Najee Harris,RB,NYG,ARI,4.397194485606967,5.0597995757236625,5.0597995757236625,0.9019088259435528,8.269187854265827,4.1906550461485725,Medium,57,Neutral
2026-10-04 15:52:00 +0000,2.5,4,00-0039299,George Holani,RB,SEA,LAC,4.387882498668619,4.413126439944602,4.413126439944602,0.7890362795101518,8.539737911536474,5.339770194966193,Low,59,Neutral
2026-10-04 15:52:00 +0000,2.5,4,00-0038555,Tank Bigsby,RB,PHI,LA,3.951440738249087,4.842981387615578,4.842981387615578,0.627104651075481,7.69826961237357,4.1906550461485725,Medium,62,Neutral
2026-10-04 15:52:00 +0000,2.5,4,00-0040142,Kaleb Johnson,RB,GB,TB,3.892376955722213,4.324119034798997,4.324119034798997,0.4253079824819377,7.94230741991038,3.0109528980360203,High,63,Neutral
2026-10-04 15:52:00 +0000,2.5,4,00-0038685,Chris Brooks,RB,GB,TB,3.8177240178258702,3.889308765569115,3.889308765569115,0.5075641768825766,7.85643914484418,5.339770194966193,Low,64,Neutral
2026-10-04 15:52:00 +0000,2.5,4,00-0041013,Emmett Johnson,RB,KC,LV,3.782131346861549,4.230981771151264,4.230981771151264,0.3959080136095108,7.976242980634264,3.0109528980360203,High,65,Neutral
2026-10-04 15:52:00 +0000,2.5,4,00-0040878,Mike Washington Jr.,RB,LV,KC,3.741268353582902,4.347683607001366,4.347683607001366,0.3037325050686032,7.435848183678992,3.0109528980360203,High,66,Neutral
2026-10-04 15:52:00 +0000,2.5,4,00-0037329,Brittain Brown,RB,CHI,NYJ,3.725087105985202,4.440714852803829,4.440714852803829,0.2945672543066806,8.169043299725073,4.1906550461485725,Medium,67,Neutral
2026-10-04 15:52:00 +0000,2.5,4,00-0037157,Bam Knight,RB,ARI,NYG,3.5223298375298273,4.151755001500915,4.151755001500915,0.04333678137434483,7.365817532015789,4.1906550461485725,Medium,68,Neutral
2026-10-01 17:39:14 +0000,2.5,4,00-0040466,Raheim Sanders,RB,CLE,PIT,4.192124740882846,4.479385501719845,4.479385501719845,0.8819648999395523,8.230839867901157,3.0109528980360203,High,68,Neutral
2026-10-04 15:52:00 +0000,2.5,4,00-0039384,Tyrone Tracy Jr.,RB,NYG,ARI,3.357802678089638,4.087953739139721,4.087953739139721,0,7.382945385832075,5.339770194966193,Low,69,Neutral
2026-10-04 11:18:56 +0000,2.5,4,00-0033955,Jeremy McNichols,RB,WAS,IND,3.1850432753460125,3.617676820059123,3.617676820059123,0,7.37792390833013,4.1906550461485725,Medium,70,Neutral
2026-10-04 15:52:00 +0000,2.5,4,00-0032104,Ameer Abdullah,RB,JAX,CIN,3.1353550484963604,3.7406298165077745,3.7406298165077745,0,6.797616096656434,3.0109528980360203,High,71,Neutral
2026-10-04 15:52:00 +0000,2.5,4,00-0037563,Malik Davis,RB,DAL,HOU,3.080693361799304,3.447264633917219,3.447264633917219,0,6.986088396228862,4.1906550461485725,Medium,72,Neutral
2026-10-04 15:52:00 +0000,2.5,4,00-0039391,Kimani Vidal,RB,LAC,SEA,3.0487876154247515,3.520357980226277,3.520357980226277,0,6.874206388249085,5.339770194966193,Low,74,Neutral
2026-10-04 15:52:00 +0000,2.5,4,00-0040964,EJ Smith,RB,KC,LV,2.84994157178975,3.476847881699983,3.476847881699983,0,7.0814028244138925,4.1906550461485725,Medium,76,Neutral
2026-10-04 15:52:00 +0000,2.5,4,00-0039746,Will Shipley,RB,PHI,LA,2.8107025898938702,3.023340877669954,3.023340877669954,0,7.1221761512346795,4.1906550461485725,Medium,77,Neutral
2026-10-04 15:52:00 +0000,2.5,4,00-0040177,Jordan James,RB,SF,DEN,2.7768019616433546,3.2180611661259,3.2180611661259,0,6.6107802559588675,3.0109528980360203,High,78,Neutral
2026-10-04 15:52:00 +0000,2.5,4,00-0037557,Ronnie Rivers,RB,LA,PHI,2.70870530606352,3.016436730127146,3.016436730127146,0,6.801694695946146,4.1906550461485725,Medium,79,Neutral
2026-10-04 11:18:56 +0000,2.5,4,00-0041096,Kaytron Allen,RB,WAS,IND,2.631517677360236,3.0421037572529475,3.0421037572529475,0,5.9504432000998415,3.0109528980360203,High,80,Neutral
2026-10-04 15:52:00 +0000,2.5,4,00-0038705,Emari Demercado,RB,DAL,HOU,2.593076144569733,3.145178946588178,3.145178946588178,0,6.7866574353148135,3.0109528980360203,High,81,Neutral
2026-10-04 15:52:00 +0000,2.5,4,00-0037085,Tyler Badie,RB,DEN,SF,2.47217159182799,2.734146031751124,2.734146031751124,0,5.8812850536143095,3.0109528980360203,High,82,Neutral
2026-10-04 15:52:00 +0000,2.5,4,00-0040886,Nicholas Singleton,RB,TEN,BAL,2.301380182535346,2.6187782475365,2.6187782475365,0,5.710401072334101,3.0109528980360203,High,83,Neutral
2026-10-04 15:52:00 +0000,2.5,4,00-0040556,Corey Kiner,RB,NE,BUF,2.279834315888845,2.583379009951811,2.583379009951811,0,6.835021064088453,3.0109528980360203,High,85,Neutral
2026-10-04 15:52:00 +0000,2.5,4,00-0040937,Dominic Richardson,RB,NYJ,CHI,2.2772581716275737,2.7541342491048466,2.7541342491048466,0,6.095211692803845,4.1906550461485725,Medium,86,Neutral
2026-10-04 15:52:00 +0000,2.5,4,00-0039874,Jaylen Wright,RB,MIA,MIN,2.2384191392559125,2.618863905994426,2.618863905994426,0,6.431734693465234,5.339770194966193,Low,87,Neutral
2026-10-04 15:52:00 +0000,2.5,4,00-0038488,Brady Russell,RB,SEA,LAC,2.101752666779926,2.33670059860969,2.33670059860969,0,5.701398980232317,4.1906550461485725,Medium,88,Neutral
2026-10-04 15:52:00 +0000,2.5,4,00-0040888,Adam Randall,RB,BAL,TEN,2.0775161124050827,2.609300082181211,2.609300082181211,0,6.022050527107591,3.0109528980360203,High,90,Neutral
2026-10-04 11:18:56 +0000,2.5,4,00-0040179,DJ Giddens,RB,IND,WAS,2.073088713163555,2.517578646788172,2.517578646788172,0,5.95687037885704,3.0109528980360203,High,90,Neutral
2026-10-01 17:39:14 +0000,2.5,4,00-0040162,Dylan Sampson,RB,CLE,PIT,2.325857009220936,2.875051654135639,2.875051654135639,0,6.881043757420544,5.339770194966193,Low,91,Neutral
2026-10-04 15:52:00 +0000,2.5,4,00-0039798,Isaiah Davis,RB,NYJ,CHI,2.0670049757124387,2.620730753507132,2.620730753507132,0,5.947317932409001,5.339770194966193,Low,92,Neutral
2026-10-04 15:52:00 +0000,2.5,4,00-0041323,Myles Montgomery,RB,NE,BUF,2.004989751019785,2.438505260488404,2.438505260488404,0,6.192426346485004,3.0109528980360203,High,93,Neutral
2026-10-04 15:52:00 +0000,2.5,4,00-0041239,Chip Trayanum,RB,NYJ,CHI,1.9847093540678924,2.397408683846466,2.397408683846466,0,6.115896922352851,3.0109528980360203,High,94,Neutral
2026-10-04 15:52:00 +0000,2.5,4,00-0041104,Demond Claiborne,RB,MIN,MIA,1.867598764040407,2.2667158812828525,2.2667158812828525,0,5.54460552122859,3.0109528980360203,High,95,Neutral
2026-10-04 15:52:00 +0000,2.5,4,00-0040078,Brashard Smith,RB,KC,LV,1.8650346267539497,2.480118013324941,2.480118013324941,0,5.978611393976584,4.1906550461485725,Medium,96,Neutral
2026-10-04 11:18:56 +0000,2.5,4,00-0041125,Seth McGowan,RB,IND,WAS,1.8648078435300948,2.3068381368601836,2.3068381368601836,0,6.061866544654402,3.0109528980360203,High,97,Neutral
2026-10-04 15:52:00 +0000,2.5,4,00-0039875,Ray Davis,RB,BUF,NE,1.8492907772182363,2.385195337976578,2.385195337976578,0,6.037754512177317,4.1906550461485725,Medium,98,Neutral
2026-10-04 15:52:00 +0000,2.5,4,00-0040238,LeQuint Allen Jr.,RB,JAX,CIN,1.769099317913157,2.1443012086052304,2.1443012086052304,0,5.8078033574647865,3.0109528980360203,High,101,Neutral
2026-10-04 15:52:00 +0000,2.5,4,00-0038738,Hunter Luepke,RB,DAL,HOU,1.7593309201458118,1.929405830823101,1.929405830823101,0,6.24167685085358,3.0109528980360203,High,102,Neutral
2026-10-04 15:52:00 +0000,2.5,4,00-0039363,Isaac Guerendo,RB,SF,DEN,1.7443516892072992,2.1522233119858782,2.1522233119858782,0,6.289265875187233,3.0109528980360203,High,103,Neutral
2026-10-04 15:52:00 +0000,2.5,4,00-0041436,DJ Herman,RB,MIA,MIN,1.7283722779987722,1.8145124432357251,1.8145124432357251,0,5.9450632889584405,3.0109528980360203,High,104,Neutral
2026-10-04 15:52:00 +0000,2.5,4,00-0029892,Kyle Juszczyk,RB,SF,DEN,1.7024531043931346,2.0790211866816595,2.0790211866816595,0,5.671006601447461,3.0109528980360203,High,105,Neutral
2026-10-04 15:52:00 +0000,2.5,4,00-0036670,Jermar Jefferson,RB,MIN,MIA,1.692266212201556,2.0352382295137934,2.0352382295137934,0,5.522032343748255,3.0109528980360203,High,106,Neutral
2026-10-04 15:52:00 +0000,2.5,4,00-0036187,Reggie Gilliam,RB,NE,BUF,1.642235139371075,1.7320863098773471,1.7320863098773471,0,5.856008977253763,4.1906550461485725,Medium,107,Neutral
2026-10-04 15:52:00 +0000,2.5,4,00-0033376,Patrick Ricard,RB,NYG,ARI,1.548510998355903,1.3125240034539891,1.3125240034539891,0,5.69884622619206,3.0109528980360203,High,108,Neutral
2026-10-04 15:52:00 +0000,2.5,4,00-0039021,Roschon Johnson,RB,CHI,NYJ,1.5247803217076128,2.0888260994500865,2.0888260994500865,0,5.928171866090107,3.0109528980360203,High,109,Neutral
2026-10-04 15:52:00 +0000,2.5,4,00-0041081,Max Bredeson,RB,MIN,MIA,1.453135786453069,1.9017269668113344,1.9017269668113344,0,5.669825452010255,3.0109528980360203,High,111,Neutral
2026-10-04 15:52:00 +0000,2.5,4,00-0040649,Robbie Ouzts,RB,SEA,LAC,1.403643922446776,1.662667025325708,1.662667025325708,0,5.208442523048797,3.0109528980360203,High,112,Neutral
2026-10-04 15:52:00 +0000,2.5,4,00-0039796,Rasheen Ali,RB,BAL,TEN,1.363825495437433,1.8572273316775751,1.8572273316775751,0,5.224850923824404,3.0109528980360203,High,113,Neutral
2026-10-04 15:52:00 +0000,2.5,4,00-0037304,Connor Heyward,RB,LV,KC,1.3485125679524104,1.6297634526024771,1.6297634526024771,0,5.0986810500539885,3.0109528980360203,High,114,Neutral
2026-10-04 15:52:00 +0000,2.5,4,00-0039244,Chris Collier,RB,LV,KC,1.3383921636091325,1.6244270053572103,1.6244270053572103,0,5.612786594389652,3.0109528980360203,High,115,Neutral
2026-10-01 17:39:14 +0000,2.5,4,00-0041490,Eli Heidenreich,RB,PIT,CLE,1.5110556761174958,1.9588717874671109,1.9588717874671109,0,5.53835134140688,3.0109528980360203,High,118,Neutral
2026-10-04 15:52:00 +0000,2.5,4,00-0038614,Scott Matlock,RB,LAC,SEA,1.234268201645009,1.452328658183121,1.452328658183121,0,5.712231547388673,3.0109528980360203,High,118,Neutral
2026-10-04 15:52:00 +0000,2.5,4,00-0034959,Andrew Beck,RB,NYJ,CHI,1.1852801633161862,1.3575930187081382,1.3575930187081382,0,4.919020457152185,3.0109528980360203,High,119,Neutral
2026-10-04 15:52:00 +0000,2.5,4,00-0039603,British Brooks,RB,HOU,DAL,1.1774193228779335,1.528758808757308,1.528758808757308,0,5.358434322618287,3.0109528980360203,High,120,Neutral
2026-10-04 15:52:00 +0000,2.5,4,00-0036842,Kene Nwangwu,RB,NYJ,CHI,1.1693878167713647,1.3348685920018477,1.3348685920018477,0,5.1542094552031275,3.0109528980360203,High,121,Neutral
2026-10-04 15:52:00 +0000,2.5,4,00-0040208,Tahj Brooks,RB,CIN,JAX,1.1517200368109906,1.4869389516205396,1.4869389516205396,0,4.939321780031423,3.0109528980360203,High,122,Neutral
2026-10-04 15:52:00 +0000,2.5,4,00-0035125,Alec Ingold,RB,LAC,SEA,1.1485285475463858,1.3513013145201531,1.3513013145201531,0,4.966431272081317,3.0109528980360203,High,123,Neutral
2026-10-04 15:52:00 +0000,2.5,4,00-0037594,Julius Chestnut,RB,TEN,BAL,0.9067591638044123,1.1223229213379118,1.1223229213379118,0,4.854796310830283,3.0109528980360203,High,124,Neutral
2026-10-01 17:39:14 +0000,2.5,4,00-0031595,Michael Burton,RB,CLE,PIT,1.2923677264582845,1.4582829048139327,1.4582829048139327,0,5.721253931602922,3.0109528980360203,High,124,Neutral
2026-10-04 15:52:00 +0000,2.5,4,00-0039407,Dylan Laube,RB,LV,KC,0.8798790941134287,1.1991351430607966,1.1991351430607966,0,4.55503202704366,3.0109528980360203,High,125,Neutral
2026-10-04 15:52:00 +0000,2.5,4,00-0038120,Breece Hall,RB,NYJ,CHI,0,0,0,0,0,4.1906550461485725,Medium,126,Neutral
2026-10-04 15:52:00 +0000,2.5,4,00-0041512,Jadarian Price,RB,SEA,LAC,0,0,0,0,0,4.1906550461485725,Medium,126,Neutral
2026-10-04 11:18:56 +0000,2.5,4,00-0037256,Rachaad White,RB,WAS,IND,0,0,0,0,0,3.0109528980360203,High,126,Neutral
2026-10-04 15:52:00 +0000,2.5,4,00-0039165,Zach Charbonnet,RB,SEA,LAC,0,0,0,0,0,4.1906550461485725,Medium,126,Neutral
2026-10-04 15:52:00 +0000,2.5,4,00-0039338,Brock Bowers,TE,LV,KC,11.60975850562557,11.60975850562557,11.306638558013589,8.898278589925521,14.23911576294688,2.8419404727693593,Medium,1,Neutral
2026-10-05 12:39:19 +0000,2.5,4,00-0036040,Juwan Johnson,TE,NO,ATL,7.734167969961748,7.734167969961748,7.797261060220094,4.974377553424514,10.352881197524535,4.217192999645614,Low,1,C
2026-10-05 00:14:22 +0000,2.5,4,00-0039065,Sam LaPorta,TE,DET,CAR,10.29360198506534,10.29360198506534,9.965483778205304,7.583016628156539,12.887112518467,4.217192999645614,Low,1,Neutral
2026-10-05 00:14:22 +0000,2.5,4,00-0031610,Darren Waller,TE,CAR,DET,6.885963993439046,6.885963993439046,6.265298306468097,4.060287674694529,9.64030876302347,4.217192999645614,Low,3,Neutral
2026-10-04 15:52:00 +0000,2.5,4,00-0037744,Trey McBride,TE,ARI,NYG,10.829807876375176,10.829807876375176,11.107448671669058,8.040292799429794,13.161928147967208,4.217192999645614,Low,3,Neutral
2026-10-05 12:39:19 +0000,2.5,4,00-0036970,Kyle Pitts,TE,ATL,NO,4.3058248418295335,4.3058248418295335,4.469126137384793,1.6010872378943004,6.93147511220797,2.8419404727693593,Medium,4,Neutral
2026-10-04 15:52:00 +0000,2.5,4,00-0030506,Travis Kelce,TE,KC,LV,10.509740163452198,10.509740163452198,10.145511296758553,7.799154806543396,13.10325069685386,4.217192999645614,Low,4,Neutral
2026-10-04 11:18:56 +0000,2.5,4,00-0040128,Tyler Warren,TE,IND,WAS,10.49652870882749,10.49652870882749,9.409122145217856,7.638423955329555,12.645949036539214,2.8419404727693593,Medium,5,Neutral
2026-10-04 15:52:00 +0000,2.5,4,00-0037838,Isaiah Likely,TE,NYG,ARI,10.300634497569227,10.300634497569227,9.226522102097457,7.591356615340616,12.924814947879677,4.217192999645614,Low,6,Neutral
2026-10-05 00:14:22 +0000,2.5,4,00-0037005,Tommy Tremble,TE,CAR,DET,4.826223823781875,4.826223823781875,4.479010799247857,2.121486219846642,7.451874094160312,2.8419404727693593,Medium,6,Neutral
2026-10-04 15:52:00 +0000,2.5,4,00-0034383,Dalton Schultz,TE,HOU,DAL,10.19722778394331,10.19722778394331,9.85675844894049,7.48320413756376,12.84156305650091,4.217192999645614,Low,7,Neutral
2026-10-05 12:39:19 +0000,2.5,4,00-0035644,Noah Fant,TE,NO,ATL,3.6340263197452134,3.6340263197452134,3.748604071791276,0.8315360964819225,6.288058140776192,4.217192999645614,Low,7,Neutral
2026-10-01 17:39:14 +0000,2.5,4,00-0040663,Harold Fannin Jr.,TE,CLE,PIT,9.21025307021873,9.21025307021873,9.0548966270642,6.481513106947289,11.691933889687686,4.217192999645614,Low,8,Neutral
2026-10-04 15:52:00 +0000,2.5,4,00-0035229,T.J. Hockenson,TE,MIN,MIA,9.197719522726148,9.197719522726148,8.218075685729593,6.599676749276064,11.630012114361726,4.217192999645614,Low,8,B+
2026-10-05 12:39:19 +0000,2.5,4,00-0032392,Austin Hooper,TE,ATL,NO,3.262131483306108,3.262131483306108,3.583866207085537,0.5165029024367486,5.632126006966159,2.8419404727693593,Medium,9,Neutral
2026-10-04 15:52:00 +0000,2.5,4,00-0033288,George Kittle,TE,SF,DEN,9.114905684326883,9.114905684326883,8.95558524791858,6.4152644228098765,11.464211533573426,4.217192999645614,Low,9,C
2026-10-04 15:52:00 +0000,2.5,4,00-0038129,Cade Otton,TE,TB,GB,9.003520653821562,9.003520653821562,8.73129302073945,6.261234642251196,11.86336821461774,2.8419404727693593,Medium,10,Neutral
2026-10-04 15:52:00 +0000,2.5,4,00-0038996,Tucker Kraft,TE,GB,TB,8.961452279808894,8.961452279808894,8.462592068619436,6.2182411704551654,11.731147428336548,4.217192999645614,Low,11,Neutral
2026-10-04 15:52:00 +0000,2.5,4,00-0038933,Dalton Kincaid,TE,BUF,NE,8.70304933775843,8.70304933775843,8.612318797092247,6.012013494469114,11.181952822297626,4.217192999645614,Low,12,Neutral
2026-10-04 15:52:00 +0000,2.5,4,00-0034753,Mark Andrews,TE,BAL,TEN,7.878852597221651,7.878852597221651,6.963509612940552,5.128727589250318,10.438632852945076,4.217192999645614,Low,13,Neutral
2026-10-04 15:52:00 +0000,2.5,4,00-0039793,AJ Barner,TE,SEA,LAC,7.520989005791409,7.520989005791409,7.361427818019072,4.812531531876557,9.6811301132896,4.217192999645614,Low,15,Neutral
2026-10-05 00:14:22 +0000,2.5,4,00-0040187,Mitchell Evans,TE,CAR,DET,2.5683327141505043,2.5683327141505043,2.64540906938638,0,5.191292016988309,1.9902699491608615,High,15,Neutral
2026-10-04 15:52:00 +0000,2.5,4,00-0040126,Colston Loveland,TE,CHI,NYJ,7.104902050139726,7.104902050139726,6.697827112418006,4.250542708453382,9.339918830778243,2.8419404727693593,Medium,16,B+
2026-10-04 15:52:00 +0000,2.5,4,00-0039066,Michael Mayer,TE,LV,KC,6.786760055249839,6.786760055249839,6.439326843893355,4.058149058318156,9.269399195756266,4.217192999645614,Low,17,Neutral
2026-10-01 17:39:14 +0000,2.5,4,00-0036894,Pat Freiermuth,TE,PIT,CLE,7.123714332634066,7.123714332634066,6.895360857208521,4.373589324662733,9.683494588357492,4.217192999645614,Low,17,Neutral
2026-10-04 15:52:00 +0000,2.5,4,00-0033090,Hunter Henry,TE,NE,BUF,6.644308525744299,6.644308525744299,6.558957807168853,3.9757138940409895,9.298529566843587,2.8419404727693593,Medium,18,Neutral
2026-10-04 15:52:00 +0000,2.5,4,00-0038935,Brenton Strange,TE,JAX,CIN,6.342375711550568,6.342375711550568,6.308024196323949,3.568630057622728,8.679087560267327,4.217192999645614,Low,19,Neutral
2026-10-05 12:39:19 +0000,2.5,4,00-0041041,Oscar Delp,TE,NO,ATL,1.9564510072810184,1.9564510072810184,1.944684697600995,0,4.54096039296525,1.9902699491608615,High,19,Neutral
2026-10-05 00:14:22 +0000,2.5,4,00-0039356,Ja'Tavion Sanders,TE,CAR,DET,2.196031491176227,2.196031491176227,2.5851212247544204,0,4.949800682515906,1.9902699491608615,High,20,Neutral
2026-10-04 15:52:00 +0000,2.5,4,00-0040584,Gunnar Helm,TE,TEN,BAL,6.078474485667811,6.078474485667811,5.725814419060664,3.4013214088678794,8.854675426278597,2.8419404727693593,Medium,21,Neutral
2026-10-04 15:52:00 +0000,2.5,4,00-0038041,Jake Ferguson,TE,DAL,HOU,5.773959760693944,5.773959760693944,5.4122775196748965,2.8005903078425627,7.70194207872616,4.217192999645614,Low,22,Neutral
2026-10-04 15:52:00 +0000,2.5,4,00-0033885,David Njoku,TE,LAC,SEA,5.504821057289033,5.504821057289033,5.052571264942673,2.750331597345741,8.105297294213598,2.8419404727693593,Medium,23,Neutral
2026-10-04 15:52:00 +0000,2.5,4,00-0033881,Evan Engram,TE,DEN,SF,5.231010200233066,5.231010200233066,4.9002997509486494,2.55557504019503,7.770525898436084,2.8419404727693593,Medium,24,Neutral
2026-10-04 15:52:00 +0000,2.5,4,00-0034829,Mike Gesicki,TE,CIN,JAX,5.117804020899471,5.117804020899471,5.2559458282824565,2.4548481830897555,7.553660944371356,2.8419404727693593,Medium,25,Neutral
2026-10-04 15:52:00 +0000,2.5,4,00-0041032,Kenyon Sadiq,TE,NYJ,CHI,4.872976016916186,4.872976016916186,5.3606515450076495,2.277123158358944,7.318450989348957,4.217192999645614,Low,26,Neutral
2026-10-04 15:52:00 +0000,2.5,4,00-0037252,Greg Dulcich,TE,MIA,MIN,4.862621044794203,4.862621044794203,5.828263287163764,2.223513439240793,7.010124299775485,4.217192999645614,Low,27,Neutral
2026-10-04 15:52:00 +0000,2.5,4,00-0033110,Tyler Higbee,TE,LA,PHI,4.814279954152952,4.814279954152952,4.738351489289796,2.109542350217719,7.439930224531388,4.217192999645614,Low,28,Neutral
2026-10-04 11:18:56 +0000,2.5,4,00-0037809,Chig Okonkwo,TE,WAS,IND,4.742956742876109,4.742956742876109,4.74592577113543,2.138977861026307,7.254442075869407,2.8419404727693593,Medium,29,Neutral
2026-10-05 00:14:22 +0000,2.5,4,00-0034270,Tyler Conklin,TE,DET,CAR,1.7135006045081291,1.7135006045081291,1.9779814669271525,0,3.762345114688431,1.9902699491608615,High,29,Neutral
2026-10-05 00:14:22 +0000,2.5,4,00-0036754,Brock Wright,TE,DET,CAR,1.7111376633860438,1.7111376633860438,1.849465602103066,0,4.211778918652981,2.8419404727693593,Medium,30,Neutral
2026-10-04 15:52:00 +0000,2.5,4,00-0036290,Cole Kmet,TE,CHI,NYJ,4.688879603841164,4.688879603841164,4.19344843729105,1.894901641713605,7.1489629012084706,2.8419404727693593,Medium,30,Neutral
2026-10-05 12:39:19 +0000,2.5,4,00-0036429,Charlie Woerner,TE,ATL,NO,1.5468993925526298,1.5468993925526298,1.6934612045133486,0,4.133003271733201,1.9902699491608615,High,31,Neutral
2026-10-04 15:52:00 +0000,2.5,4,00-0035249,Josh Oliver,TE,MIN,MIA,4.180786653487681,4.180786653487681,3.829870399841011,1.269715329694797,6.621660999641717,2.8419404727693593,Medium,33,Neutral
2026-10-04 15:52:00 +0000,2.5,4,00-0037805,Jeremy Ruckert,TE,NYJ,CHI,4.094660731898058,4.094660731898058,3.873424637411398,1.2909228426788744,6.500182646326378,4.217192999645614,Low,34,Neutral
2026-10-05 12:39:19 +0000,2.5,4,00-0040244,Moliki Matavao,TE,NO,ATL,1.135327664568892,1.135327664568892,1.2972223474037972,0,3.5783635333041417,1.9902699491608615,High,34,Neutral
2026-10-04 15:52:00 +0000,2.5,4,00-0040189,Oronde Gadsden II,TE,LAC,SEA,4.082668355014847,4.082668355014847,4.26063649002233,1.3830270934978377,6.41734475783398,4.217192999645614,Low,35,Neutral
2026-10-04 15:52:00 +0000,2.5,4,00-0039847,Theo Johnson,TE,NYG,ARI,3.99008058380122,3.99008058380122,3.951427569746925,1.2644487308372645,6.4274565092403,4.217192999645614,Low,36,Neutral
2026-10-04 15:52:00 +0000,2.5,4,00-0035689,Dawson Knox,TE,BUF,NE,3.897143961795089,3.897143961795089,3.656549137180792,1.1515153809257297,6.26713848545514,2.8419404727693593,Medium,37,Neutral
2026-10-04 15:52:00 +0000,2.5,4,00-0034981,Foster Moreau,TE,HOU,DAL,3.7775350749316057,3.7775350749316057,3.547325127120486,1.0463375785904752,6.6645669972663075,1.9902699491608615,High,38,Neutral
2026-10-04 15:52:00 +0000,2.5,4,00-0033858,Jonnu Smith,TE,GB,TB,3.777393695969319,3.777393695969319,3.840731707474822,0.9749034727060284,6.4314255170002985,2.8419404727693593,Medium,39,Neutral
2026-10-01 17:39:14 +0000,2.5,4,00-0038558,Darnell Washington,TE,PIT,CLE,3.899815922685114,3.899815922685114,4.188026810690211,1.097325699421823,6.5538477437160925,2.8419404727693593,Medium,41,Neutral
2026-10-05 00:14:22 +0000,2.5,4,00-0040390,Jackson Meeks,TE,DET,CAR,1.1470603837987268,1.1470603837987268,1.237977511793865,0,3.564051208438126,2.8419404727693593,Medium,41,Neutral
2026-10-04 15:52:00 +0000,2.5,4,00-0041558,Sam Roush,TE,CHI,NYJ,3.6288482524486594,3.6288482524486594,3.3476144563912067,0.964615546698758,6.088931549815966,1.9902699491608615,High,41,Neutral
2026-10-04 15:52:00 +0000,2.5,4,00-0037112,Jake Tonges,TE,SF,DEN,3.368903166092553,3.368903166092553,3.5205403034364355,0.6781978849907543,5.852216271909533,1.9902699491608615,High,42,Neutral
2026-10-04 15:52:00 +0000,2.5,4,00-0036422,Adam Trautman,TE,DEN,SF,3.315447072916398,3.315447072916398,3.27201541748561,0.5868017489328269,6.331399133891198,1.9902699491608615,High,43,Neutral
2026-10-04 15:52:00 +0000,2.5,4,00-0040879,Matthew Hibner,TE,BAL,TEN,3.282943396043786,3.282943396043786,2.857686498931334,0.5445921892905801,5.850535432195778,2.8419404727693593,Medium,44,Neutral
2026-10-04 15:52:00 +0000,2.5,4,00-0036637,Noah Gray,TE,KC,LV,3.098542459750584,3.098542459750584,3.087388303706703,0.48153691548723226,5.48565662913403,2.8419404727693593,Medium,46,Neutral
2026-10-04 15:52:00 +0000,2.5,4,00-0035631,Drew Sample,TE,CIN,JAX,3.001802797254204,3.001802797254204,2.9353485517952853,0.28615765686199923,5.513845585786761,2.8419404727693593,Medium,47,Neutral
2026-10-04 11:18:56 +0000,2.5,4,00-0036628,John Bates,TE,WAS,IND,2.900097771350905,2.900097771350905,2.6547726868250026,0.08716725399880199,5.594811583443713,1.9902699491608615,High,48,Neutral
2026-10-04 15:52:00 +0000,2.5,4,00-0033246,Johnny Mundt,TE,PHI,LA,2.797986849118614,2.797986849118614,2.948359560321728,0.0254347587344319,5.412026790326408,2.8419404727693593,Medium,49,Neutral
2026-10-04 15:52:00 +0000,2.5,4,00-0038783,Nate Adkins,TE,DEN,SF,2.549335607365222,2.549335607365222,2.5661221265666283,0,5.029155993169585,4.217192999645614,Low,50,Neutral
2026-10-04 15:52:00 +0000,2.5,4,00-0039814,Erick All,TE,CIN,JAX,2.543796209240233,2.543796209240233,2.524117000879326,0,4.9997185891910005,1.9902699491608615,High,51,Neutral
2026-10-04 11:18:56 +0000,2.5,4,00-0039912,Ben Sinnott,TE,WAS,IND,2.4512649583598853,2.4512649583598853,2.2084448446923575,0,4.800779378323368,2.8419404727693593,Medium,53,Neutral
2026-10-04 15:52:00 +0000,2.5,4,00-0039074,Davis Allen,TE,LA,PHI,2.4010442466252058,2.4010442466252058,2.41955214268727,0,4.78399662716127,1.9902699491608615,High,54,Neutral
2026-10-04 15:52:00 +0000,2.5,4,00-0034798,Durham Smythe,TE,BAL,TEN,2.2901651615673377,2.2901651615673377,1.721863313186156,0,4.915815431945774,1.9902699491608615,High,55,Neutral
2026-10-04 15:52:00 +0000,2.5,4,00-0036244,Colby Parkinson,TE,LA,PHI,2.260424566121616,2.260424566121616,2.800785842123568,0,4.595100968940749,2.8419404727693593,Medium,56,Neutral
2026-10-04 15:52:00 +0000,2.5,4,00-0039041,Elijah Higgins,TE,ARI,NYG,2.166820344883955,2.166820344883955,2.366179162195574,0,4.613152303876199,1.9902699491608615,High,57,Neutral
2026-10-04 15:52:00 +0000,2.5,4,00-0034365,Ian Thomas,TE,LV,KC,2.139335925333814,2.139335925333814,2.18128976571562,0,4.428391788446453,1.9902699491608615,High,59,Neutral
2026-10-04 11:18:56 +0000,2.5,4,00-0033217,Mo Alie-Cox,TE,IND,WAS,2.10090927987929,2.10090927987929,2.0706122613216977,0,4.763461784581235,2.8419404727693593,Medium,60,Neutral
2026-10-04 15:52:00 +0000,2.5,4,00-0038115,Daniel Bellinger,TE,TEN,BAL,2.1007969815043976,2.1007969815043976,2.2702562478181862,0,4.4745653260417555,1.9902699491608615,High,61,Neutral
2026-10-04 15:52:00 +0000,2.5,4,00-0040887,Josh Cuevas,TE,BAL,TEN,2.0492597483815125,2.0492597483815125,1.7107547315876013,0,4.359830254702396,1.9902699491608615,High,62,Neutral
2026-10-04 15:52:00 +0000,2.5,4,00-0041577,Connor Hulstein,TE,NYJ,CHI,1.9656365990281572,1.9656365990281572,1.608380466666999,0,4.444540083567356,2.8419404727693593,Medium,63,Neutral
2026-10-01 17:39:14 +0000,2.5,4,00-0038710,Blake Whiteheart,TE,CLE,PIT,2.100006973558497,2.100006973558497,2.2951098914879036,0,4.86970212208615,4.217192999645614,Low,65,Neutral
2026-10-04 15:52:00 +0000,2.5,4,00-0040739,Elijah Arroyo,TE,SEA,LAC,1.9402754805709637,1.9402754805709637,2.0481677656823725,0,4.709970629098617,2.8419404727693593,Medium,65,Neutral
2026-10-04 15:52:00 +0000,2.5,4,00-0041472,Marlin Klein,TE,HOU,DAL,1.8867337825224528,1.8867337825224528,1.894458589229027,0,4.46874813381054,1.9902699491608615,High,66,Neutral
2026-10-04 15:52:00 +0000,2.5,4,00-0041395,Eli Raridon,TE,NE,BUF,1.8688226454912231,1.8688226454912231,2.6054993464740663,0,4.491781948329028,2.8419404727693593,Medium,67,Neutral
2026-10-05 00:14:22 +0000,2.5,4,00-0036825,Feleipe Franks,TE,CAR,DET,0.6344976230809692,0.6344976230809692,0.7267557819398621,0,2.7377273818122507,2.8419404727693593,Medium,68,Neutral
2026-10-04 15:52:00 +0000,2.5,4,00-0041510,Max Klare,TE,LA,PHI,1.854144711938127,1.854144711938127,1.8653545985231024,0,4.427587971473139,1.9902699491608615,High,68,Neutral
2026-10-04 15:52:00 +0000,2.5,4,00-0041503,Nate Boerkircher,TE,JAX,CIN,1.8404969874404131,1.8404969874404131,2.0328878505801677,0,3.9709548200225218,1.9902699491608615,High,69,Neutral
2026-10-04 15:52:00 +0000,2.5,4,00-0037755,Jelani Woods,TE,NYJ,CHI,1.8275088922974627,1.8275088922974627,1.7496553551631442,0,4.3281501475644,2.8419404727693593,Medium,70,Neutral
2026-10-04 15:52:00 +0000,2.5,4,00-0040194,Jackson Hawes,TE,BUF,NE,1.8244459429339712,1.8244459429339712,1.7678680473625137,0,4.117715657745759,2.8419404727693593,Medium,71,Neutral
2026-10-04 15:52:00 +0000,2.5,4,00-0036887,Luke Farrell,TE,SF,DEN,1.77433479984353,1.77433479984353,1.63017727575457,0,4.2622947643078,1.9902699491608615,High,72,Neutral
2026-10-04 15:52:00 +0000,2.5,4,00-0039050,Payne Durham,TE,TB,GB,1.745298634919275,1.745298634919275,1.6578893006777944,0,4.331402514099845,1.9902699491608615,High,73,Neutral
2026-10-04 15:52:00 +0000,2.5,4,00-0041077,Justin Joly,TE,MIA,MIN,1.6951482797860344,1.6951482797860344,2.4652433841853263,0,4.155895552479569,1.9902699491608615,High,74,Neutral
2026-10-04 15:52:00 +0000,2.5,4,00-0041483,Eli Stowers,TE,PHI,LA,1.6839884597483428,1.6839884597483428,1.9971801756404748,0,3.732832969928645,1.9902699491608615,High,75,Neutral
2026-10-04 11:18:56 +0000,2.5,4,00-0038394,Will Mallory,TE,IND,WAS,1.562886507725044,1.562886507725044,1.5028376212275978,0,3.894503428439721,1.9902699491608615,High,78,Neutral
2026-10-04 15:52:00 +0000,2.5,4,00-0039144,Luke Musgrave,TE,GB,TB,1.5604394027178272,1.5604394027178272,1.6374172048055162,0,4.059654515739567,1.9902699491608615,High,79,Neutral
2026-10-04 15:52:00 +0000,2.5,4,00-0041116,Jack Endries,TE,CIN,JAX,1.5578708018527054,1.5578708018527054,1.755778442235969,0,4.264754567276656,1.9902699491608615,High,80,Neutral
2026-10-04 15:52:00 +0000,2.5,4,00-0039359,Cade Stover,TE,HOU,DAL,1.5370476945481435,1.5370476945481435,1.5012455463296692,0,3.710111292980258,1.9902699491608615,High,82,Neutral
2026-10-04 15:52:00 +0000,2.5,4,00-0033576,Eric Saubert,TE,SEA,LAC,1.510570257134182,1.510570257134182,1.540483065120856,0,3.938567341166525,2.8419404727693593,Medium,83,Neutral
2026-10-04 15:52:00 +0000,2.5,4,00-0038547,Luke Schoonmaker,TE,DAL,HOU,1.4283542469558914,1.4283542469558914,1.565851894633748,0,3.771629447701221,1.9902699491608615,High,84,Neutral
2026-10-04 11:18:56 +0000,2.5,4,00-0039686,Colson Yankoff,TE,WAS,IND,1.3966081817460767,1.3966081817460767,1.2521516058495252,0,3.616143716568015,2.8419404727693593,Medium,85,Neutral
2026-10-04 15:52:00 +0000,2.5,4,00-0039530,Brevyn Spann-Ford,TE,DAL,HOU,1.2736950584697966,1.2736950584697966,1.5721136231350488,0,3.6206745585291378,2.8419404727693593,Medium,86,Neutral
2026-10-04 11:18:56 +0000,2.5,4,00-0040853,Carson Towt,TE,IND,WAS,1.2509005718476096,1.2509005718476096,1.1601949140519658,0,3.792504403952176,2.8419404727693593,Medium,87,Neutral
2026-10-04 15:52:00 +0000,2.5,4,00-0037004,Hunter Long,TE,ARI,NYG,1.2241310035935038,1.2241310035935038,1.3380356311986472,0,3.667166872328754,1.9902699491608615,High,88,Neutral
2026-10-04 11:18:56 +0000,2.5,4,00-0037292,Andrew Ogletree,TE,IND,WAS,1.1809606097092369,1.1809606097092369,0.9703418687297112,0,3.549125752151054,1.9902699491608615,High,89,Neutral
2026-10-04 15:52:00 +0000,2.5,4,00-0040363,Keleki Latu,TE,BUF,NE,1.1353864752187737,1.1353864752187737,1.0767057936061717,0,3.5949027952389927,1.9902699491608615,High,90,Neutral
2026-10-04 15:52:00 +0000,2.5,4,00-0041524,Will Kacmarek,TE,MIA,MIN,1.1254900076187986,1.1254900076187986,1.6902761999805092,0,3.497540445344638,1.9902699491608615,High,92,Neutral
2026-10-04 15:52:00 +0000,2.5,4,00-0038720,Julian Hill,TE,NE,BUF,1.119995598630535,1.119995598630535,1.370757806027704,0,3.548384998203293,2.8419404727693593,Medium,93,Neutral
2026-10-04 15:52:00 +0000,2.5,4,00-0040081,Jake Briningstool,TE,KC,LV,1.087791131206263,1.087791131206263,1.1401850843821502,0,3.23789814821301,2.8419404727693593,Medium,95,Neutral
2026-10-04 15:52:00 +0000,2.5,4,00-0041084,Tanner Koziol,TE,JAX,CIN,1.0440446340340896,1.0440446340340896,1.5795994411614729,0,3.3984695901931015,1.9902699491608615,High,97,Neutral
2026-10-04 11:18:56 +0000,2.5,4,00-0041180,Quentin Moore,TE,WAS,IND,1.0359350031912504,1.0359350031912504,1.1337503147297707,0,3.2010662409292396,2.8419404727693593,Medium,98,Neutral
2026-10-04 15:52:00 +0000,2.5,4,00-0038564,Cameron Latu,TE,NE,BUF,1.017902358058908,1.017902358058908,0.9436190765036726,0,3.60774163785334,1.9902699491608615,High,99,Neutral
2026-10-01 17:39:14 +0000,2.5,4,00-0041398,Riley Nowakowski,TE,PIT,CLE,1.0565370215009602,1.0565370215009602,1.2675874061854913,0,3.900744970257994,1.9902699491608615,High,99,Neutral
2026-10-04 15:52:00 +0000,2.5,4,00-0041170,Hayden Large,TE,CHI,NYJ,0.9650170836853736,0.9650170836853736,1.2187590856966537,0,3.3073098091500697,2.8419404727693593,Medium,100,Neutral
2026-10-04 15:52:00 +0000,2.5,4,00-0039737,Tip Reiman,TE,ARI,NYG,0.9647176510635944,0.9647176510635944,1.123270992343967,0,3.3919763855312572,1.9902699491608615,High,101,Neutral
2026-10-04 15:52:00 +0000,2.5,4,00-0041314,Tanner Arkin,TE,NE,BUF,0.9587257026120216,0.9587257026120216,1.1760494807257698,0,3.401761571347272,2.8419404727693593,Medium,103,Neutral
2026-10-04 15:52:00 +0000,2.5,4,00-0040901,Jaren Kanak,TE,TEN,BAL,0.9518632501453308,0.9518632501453308,1.3316761776769432,0,3.6505718902195583,1.9902699491608615,High,104,Neutral
2026-10-01 17:39:14 +0000,2.5,4,00-0033757,Robert Tonyan,TE,PIT,CLE,0.9622798901383915,0.9622798901383915,1.1326884646921882,0,3.2711865431294203,2.8419404727693593,Medium,104,Neutral
2026-10-04 15:52:00 +0000,2.5,4,00-0041133,Dallen Bentley,TE,DEN,SF,0.9158529333680322,0.9158529333680322,1.14761224954671,0,3.280383863775126,1.9902699491608615,High,105,Neutral
2026-10-04 15:52:00 +0000,2.5,4,00-0040215,Gavin Bartholomew,TE,MIN,MIA,0.9144664140295876,0.9144664140295876,1.036120437968788,0,3.3703887939803554,1.9902699491608615,High,106,Neutral
2026-10-04 15:52:00 +0000,2.5,4,00-0041366,Jameson Geers,TE,ARI,NYG,0.8859563280646396,0.8859563280646396,1.1979475179111738,0,3.2431236151668648,2.8419404727693593,Medium,107,Neutral
2026-10-04 15:52:00 +0000,2.5,4,00-0037086,Grant Calcaterra,TE,PHI,LA,0.8807060181479793,0.8807060181479793,1.3572514572265135,0,3.231365297284998,1.9902699491608615,High,108,Neutral
2026-10-04 15:52:00 +0000,2.5,4,00-0040955,John Michael Gyllenborg,TE,KC,LV,0.8617013099806385,0.8617013099806385,1.171616376148519,0,3.2786921346200377,2.8419404727693593,Medium,109,Neutral
2026-10-04 15:52:00 +0000,2.5,4,00-0041094,Bauer Sharp,TE,TB,GB,0.8595914808833911,0.8595914808833911,0.9843520586134092,0,3.527661188779739,1.9902699491608615,High,110,Neutral
2026-10-04 15:52:00 +0000,2.5,4,00-0038498,E.J. Jenkins,TE,PHI,LA,0.8478533793422645,0.8478533793422645,1.0751891344985125,0,3.5462832789674046,2.8419404727693593,Medium,111,Neutral
2026-10-04 15:52:00 +0000,2.5,4,00-0038589,Josh Whyle,TE,GB,TB,0.8414557685004218,0.8414557685004218,1.139844616581588,0,3.759807973211267,1.9902699491608615,High,112,Neutral
2026-10-04 15:52:00 +0000,2.5,4,00-0040509,Ben Yurosek,TE,MIN,MIA,0.8343686545473434,0.8343686545473434,0.9872904766215748,0,2.954094757433369,2.8419404727693593,Medium,113,Neutral
2026-10-04 15:52:00 +0000,2.5,4,00-0036556,Brevin Jordan,TE,HOU,DAL,0.8333797794350443,0.8333797794350443,0.9542775782389092,0,3.2941270521285797,1.9902699491608615,High,114,Neutral
2026-10-04 15:52:00 +0000,2.5,4,00-0040504,Bryson Nesbit,TE,MIN,MIA,0.8324691242102895,0.8324691242102895,0.9863885453400182,0,3.179904561326784,2.8419404727693593,Medium,115,Neutral
2026-10-04 15:52:00 +0000,2.5,4,00-0036590,Quintin Morris,TE,JAX,CIN,0.8239950402591117,0.8239950402591117,1.2870247432738604,0,3.306288845191969,2.8419404727693593,Medium,116,Neutral
2026-10-04 15:52:00 +0000,2.5,4,00-0040938,DJ Rogers,TE,DAL,HOU,0.8041693368328706,0.8041693368328706,1.172175554522609,0,3.5455907704913043,2.8419404727693593,Medium,118,Neutral
2026-10-04 15:52:00 +0000,2.5,4,00-0039824,Jared Wiley,TE,KC,LV,0.7884598573046993,0.7884598573046993,0.976182653868582,0,3.0488564266116636,1.9902699491608615,High,119,Neutral
2026-10-04 15:52:00 +0000,2.5,4,00-0040225,Thomas Fidone II,TE,NYG,ARI,0.7826601752671694,0.7826601752671694,1.0416440025606253,0,3.0915668282581983,1.9902699491608615,High,120,Neutral
2026-10-04 15:52:00 +0000,2.5,4,00-0040240,Caleb Lohner,TE,DEN,SF,0.7807293393150636,0.7807293393150636,0.9612121210260096,0,3.212683070724128,1.9902699491608615,High,121,Neutral
2026-10-01 17:39:14 +0000,2.5,4,00-0041087,Joe Royer,TE,CLE,PIT,0.8139222563810937,0.8139222563810937,1.241211988073463,0,3.1051473324328462,1.9902699491608615,High,122,Neutral
2026-10-04 15:52:00 +0000,2.5,4,00-0036876,Kylen Granson,TE,TEN,BAL,0.7681635468204306,0.7681635468204306,1.0123292857169046,0,2.954287193780493,1.9902699491608615,High,122,Neutral
2026-10-04 15:52:00 +0000,2.5,4,00-0037031,Nikola Kalinic,TE,CHI,NYJ,0.7534824230315047,0.7534824230315047,0.9418100378065783,0,2.9496872238433944,2.8419404727693593,Medium,123,Neutral
2026-10-04 15:52:00 +0000,2.5,4,00-0040488,Carter Runyon,TE,LV,KC,0.7206885419898424,0.7206885419898424,0.9194866095376852,0,3.071578383343838,2.8419404727693593,Medium,124,Neutral
2026-10-04 15:52:00 +0000,2.5,4,00-0040598,Mark Redman,TE,GB,TB,0.7195263383422463,0.7195263383422463,0.8738045649521563,0,3.3336045750654053,2.8419404727693593,Medium,125,Neutral
2026-10-04 15:52:00 +0000,2.5,4,00-0039263,McCallan Castles,TE,GB,TB,0.7133410456068149,0.7133410456068149,0.862118983656077,0,2.728372348702065,2.8419404727693593,Medium,126,Neutral
2026-10-04 15:52:00 +0000,2.5,4,00-0039936,Thomas Yassmin,TE,GB,TB,0.7133410456068149,0.7133410456068149,0.862118983656077,0,3.3725851870085677,2.8419404727693593,Medium,126,Neutral
2026-10-04 15:52:00 +0000,2.5,4,00-0040058,Nick Kallerup,TE,SEA,LAC,0.6986293813054973,0.6986293813054973,0.8320957821304118,0,3.175944677267634,2.8419404727693593,Medium,128,Neutral
2026-10-04 15:52:00 +0000,2.5,4,00-0031484,Chris Manhertz,TE,NYG,ARI,0.6829355428722634,0.6829355428722634,0.961713639473648,0,3.6886409804231426,2.8419404727693593,Medium,129,Neutral
2026-10-04 15:52:00 +0000,2.5,4,00-0038145,Thomas Odukoya,TE,KC,LV,0.6267096435705144,0.6267096435705144,0.8641623015812643,0,3.4739129271723286,2.8419404727693593,Medium,131,Neutral
2026-10-04 15:52:00 +0000,2.5,4,00-0038735,Princeton Fant,TE,DAL,HOU,0.582894972877785,0.582894972877785,0.8794824224590163,0,2.9655969634584913,2.8419404727693593,Medium,133,Neutral
2026-10-04 15:52:00 +0000,2.5,4,00-0041579,Seydou Traore,TE,MIA,MIN,0.5078577504756171,0.5078577504756171,1.2290239084653347,0,3.352065699232651,1.9902699491608615,High,134,Neutral
2026-10-04 15:52:00 +0000,2.5,4,00-0038809,Ben Sims,TE,MIA,MIN,0.43255159988654845,0.43255159988654845,1.1857565198094888,0,2.7237766759383013,4.217192999645614,Low,135,Neutral
2026-10-04 15:52:00 +0000,2.5,4,00-0037078,Cole Turner,TE,MIA,MIN,0.2963440484416219,0.2963440484416219,0.9082387108123896,0,2.7089217493026636,1.9902699491608615,High,136,Neutral
2026-10-04 15:52:00 +0000,2.5,4,00-0039648,David Martin-Robinson,TE,TEN,BAL,0.26367664347632463,0.26367664347632463,0.686022070523975,0,2.6374449880136823,2.8419404727693593,Medium,137,Neutral
2026-10-04 15:52:00 +0000,2.5,4,00-0038046,Charlie Kolar,TE,LAC,SEA,0,0,0,0,0,2.8419404727693593,Medium,138,Neutral
2026-10-04 15:52:00 +0000,2.5,4,00-0034351,Dallas Goedert,TE,PHI,LA,0,0,0,0,0,4.217192999645614,Low,138,Neutral
2026-10-04 15:52:00 +0000,2.5,4,00-0037311,Ko Kieft,TE,TB,GB,0,0,0,0,0,2.8419404727693593,Medium,138,Neutral
2026-10-04 15:52:00 +0000,2.5,4,00-0040736,Mason Taylor,TE,NYJ,CHI,0,0,0,0,0,4.217192999645614,Low,138,Neutral
2026-10-04 15:52:00 +0000,2.5,4,00-0040737,Terrance Ferguson,TE,LA,PHI,0,0,0,0,0,4.217192999645614,Low,138,Neutral
2026-10-01 17:39:14 +0000,2.5,4,00-0041131,Carsen Ryan,TE,CLE,PIT,0.5860208264384863,0.5860208264384863,0.9175597986137268,0,3.4332241100403005,1.9902699491608615,High,139,Neutral
2026-10-05 00:14:22 +0000,2.5,4,00-0036963,Amon-Ra St. Brown,WR,DET,CAR,14.171093793802587,14.958136313645587,14.958136313645587,10.933844385073776,17.910030454243422,3.83141508023352,Medium,1,Neutral
2026-10-05 12:39:19 +0000,2.5,4,00-0037239,Chris Olave,WR,NO,ATL,12.808658098793972,13.16948044236658,13.16948044236658,9.57140869006516,16.54759475923481,2.953609688195244,High,1,Neutral
2026-10-04 15:52:00 +0000,2.5,4,00-0038543,Jaxon Smith-Njigba,WR,SEA,LAC,15.608011052897623,16.437476790433216,16.437476790433216,12.370761644168814,19.346947713338466,4.973519690779636,Low,1,D
2026-10-05 12:39:19 +0000,2.5,4,00-0037238,Drake London,WR,ATL,NO,11.416983907945664,11.422197529885024,11.422197529885024,8.111149898223719,15.139809714831394,2.953609688195244,High,2,Neutral
2026-10-04 15:52:00 +0000,2.5,4,00-0036900,Ja'Marr Chase,WR,CIN,JAX,14.019753558392631,13.7162226156316,13.7162226156316,10.921702346808082,17.94588743415107,3.83141508023352,Medium,2,Neutral
2026-10-04 15:52:00 +0000,2.5,4,00-0036358,CeeDee Lamb,WR,DAL,HOU,13.01268749096204,13.538515406486212,13.538515406486212,9.631833774885,17.079930125581942,3.83141508023352,Medium,4,C
2026-10-05 00:14:22 +0000,2.5,4,00-0040124,Tetairoa McMillan,WR,CAR,DET,9.49655891908414,9.73510959170273,9.73510959170273,6.227733745285347,13.18864209521298,2.953609688195244,High,5,Neutral
2026-10-05 12:39:19 +0000,2.5,4,00-0039424,Devaughn Vele,WR,NO,ATL,7.368625735710352,7.680532613513022,7.680532613513022,4.222294283767093,11.375914914741884,4.973519690779636,Low,6,Neutral
2026-10-05 00:14:22 +0000,2.5,4,00-0037240,Jameson Williams,WR,DET,CAR,8.027869974156623,8.690141655637827,8.690141655637827,4.765046546153167,11.623225648269305,3.83141508023352,Medium,6,Neutral
2026-10-04 15:52:00 +0000,2.5,4,00-0039075,Puka Nacua,WR,LA,PHI,12.566624684319049,13.214032244657725,13.214032244657725,9.303801256315593,16.161980358431727,4.973519690779636,Low,6,Neutral
2026-10-05 12:39:19 +0000,2.5,4,00-0041029,Jordyn Tyson,WR,NO,ATL,7.349565921152038,8.041790382604471,8.041790382604471,4.080740747353246,11.041649097280878,3.83141508023352,Medium,7,Neutral
2026-10-04 15:52:00 +0000,2.5,4,00-0036554,Nico Collins,WR,HOU,DAL,12.475351768117578,12.831590740848632,12.831590740848632,9.238501894765689,16.228633602498398,3.83141508023352,Medium,7,Neutral
2026-10-04 15:52:00 +0000,2.5,4,00-0031381,Davante Adams,WR,LA,PHI,12.461746868278018,13.298443292222805,13.298443292222805,9.192921694479224,16.15383004440686,4.973519690779636,Low,8,C
2026-10-05 00:14:22 +0000,2.5,4,00-0039491,Jalen Coker,WR,CAR,DET,7.523379060391143,8.47002940436793,8.47002940436793,4.2090742147104105,11.320448637043953,4.973519690779636,Low,8,Neutral
2026-10-04 15:52:00 +0000,2.5,4,00-0036410,Tee Higgins,WR,CIN,JAX,11.991158549983483,11.92647277149754,11.92647277149754,8.622939089377775,15.660424751118471,3.83141508023352,Medium,9,Neutral
2026-10-04 15:52:00 +0000,2.5,4,00-0038124,Christian Watson,WR,GB,TB,11.26979682804647,12.3803438802809,12.3803438802809,8.12346537610321,15.277086007078005,4.973519690779636,Low,11,Neutral
2026-10-04 15:52:00 +0000,2.5,4,00-0037740,Garrett Wilson,WR,NYJ,CHI,10.726378136224222,10.80723552794369,10.80723552794369,7.388725201965407,14.42413959777248,2.953609688195244,High,12,C
2026-10-04 15:52:00 +0000,2.5,4,00-0039067,Rashee Rice,WR,KC,LV,10.238877111500098,10.266931543458824,10.266931543458824,6.915064443300418,13.383831915067836,2.953609688195244,High,13,Neutral
2026-10-04 15:52:00 +0000,2.5,4,00-0039064,Zay Flowers,WR,BAL,TEN,10.08171253716812,10.738026754655198,10.738026754655198,6.7691264797704065,13.622269307114054,3.83141508023352,Medium,14,D
2026-10-04 15:52:00 +0000,2.5,4,00-0038559,Michael Wilson,WR,ARI,NYG,9.92183594660809,9.717068750938614,9.717068750938614,6.516933715369415,13.168053630940523,3.83141508023352,Medium,15,Neutral
2026-10-04 11:18:56 +0000,2.5,4,00-0031588,Stefon Diggs,WR,WAS,IND,9.86858530549664,10.06117583163014,10.06117583163014,6.630342433123404,13.387927211141784,3.83141508023352,Medium,16,D
2026-10-04 15:52:00 +0000,2.5,4,00-0037247,George Pickens,WR,DAL,HOU,9.587287198386331,10.014626282588871,10.014626282588871,6.187286295189102,12.893867779448028,2.953609688195244,High,17,Neutral
2026-10-05 00:14:22 +0000,2.5,4,00-0040669,Isaac TeSlaa,WR,DET,CAR,4.2953943400832255,4.89867435383337,4.89867435383337,1.0410687276952737,7.680283281876907,4.973519690779636,Low,19,Neutral
2026-10-04 15:52:00 +0000,2.5,4,00-0038606,Parker Washington,WR,JAX,CIN,9.401834494124664,9.87586403928004,9.87586403928004,6.198519507576698,13.132589054518204,4.973519690779636,Low,19,C
2026-10-04 15:52:00 +0000,2.5,4,00-0040129,Emeka Egbuka,WR,TB,GB,9.192565304629744,9.585317861028413,9.585317861028413,5.823791662719492,12.588281550989466,2.953609688195244,High,20,Neutral
2026-10-05 12:39:19 +0000,2.5,4,00-0037741,Jahan Dotson,WR,ATL,NO,3.5664236609259365,3.7441167142853335,3.7441167142853335,0.22346142485910764,7.188285189146024,3.83141508023352,Medium,21,Neutral
2026-10-04 15:52:00 +0000,2.5,4,00-0040735,Luther Burden III,WR,CHI,NYJ,8.88076370212638,9.232921727054707,9.232921727054707,5.627217681566398,13.020540328512846,4.973519690779636,Low,21,Neutral
2026-10-05 12:39:19 +0000,2.5,4,00-0041067,Bryce Lance,WR,NO,ATL,3.498143330532559,3.733167077631169,3.733167077631169,0.2729858467807687,7.333127788183697,3.83141508023352,Medium,22,Neutral
2026-10-04 15:52:00 +0000,2.5,4,00-0040667,Matthew Golden,WR,GB,TB,8.838742157581471,9.22307474871977,9.22307474871977,5.727284077252124,12.319132981634649,4.973519690779636,Low,22,Neutral
2026-10-04 15:52:00 +0000,2.5,4,00-0036613,Jaylen Waddle,WR,DEN,SF,8.725344129252711,9.26378607062545,9.26378607062545,5.471018516864759,12.110233071046393,2.953609688195244,High,23,Neutral
2026-10-04 15:52:00 +0000,2.5,4,00-0035719,Deebo Samuel Sr.,WR,SF,DEN,8.62720245484163,9.13093795981092,9.13093795981092,5.329823476008559,11.81092810423398,3.83141508023352,Medium,24,Neutral
2026-10-04 15:52:00 +0000,2.5,4,00-0034960,Jakobi Meyers,WR,JAX,CIN,8.375735823722454,8.678372330817535,8.678372330817535,4.9758283202764115,11.94090015036693,3.83141508023352,Medium,25,Neutral
2026-10-04 11:18:56 +0000,2.5,4,00-0038997,Josh Downs,WR,IND,WAS,8.324412478376741,8.423368992688449,8.423368992688449,5.0992549946249515,12.159396936027878,4.973519690779636,Low,26,Neutral
2026-10-01 17:39:14 +0000,2.5,4,00-0035640,DK Metcalf,WR,PIT,CLE,8.553144363133663,8.79327377274393,8.79327377274393,5.0721451755638425,12.06250493169062,2.953609688195244,High,28,Neutral
2026-10-04 15:52:00 +0000,2.5,4,00-0038117,Wan'Dale Robinson,WR,TEN,BAL,7.965463212368816,8.852712557113716,8.852712557113716,4.683785782646775,12.02544058749039,2.953609688195244,High,28,Neutral
2026-10-04 15:52:00 +0000,2.5,4,00-0032464,Kalif Raymond,WR,CHI,NYJ,7.876654579451394,8.232770526095747,8.232770526095747,4.395655391881573,11.386015148008353,4.973519690779636,Low,29,Neutral
2026-10-04 15:52:00 +0000,2.5,4,00-0038994,Jordan Addison,WR,MIN,MIA,7.836892082421728,7.861996892638915,7.861996892638915,4.641098240527286,11.609906848974662,2.953609688195244,High,30,Neutral
2026-10-04 15:52:00 +0000,2.5,4,00-0039337,Malik Nabers,WR,NYG,ARI,7.752065600166063,8.321744185701576,8.321744185701576,4.403879548153851,11.297638770273691,4.973519690779636,Low,31,Neutral
2026-10-01 17:39:14 +0000,2.5,4,00-0041037,Denzel Boston,WR,CLE,PIT,8.125538560661804,8.869972422575174,8.869972422575174,4.900381076910014,11.960523018312944,3.83141508023352,Medium,32,Neutral
2026-10-05 00:14:22 +0000,2.5,4,00-0037614,John Metchie III,WR,CAR,DET,3.417997227108256,3.865175025323656,3.865175025323656,0.06981117509604379,6.963570397215887,2.953609688195244,High,32,Neutral
2026-10-04 11:18:56 +0000,2.5,4,00-0035659,Terry McLaurin,WR,WAS,IND,7.73348721739348,8.035287845080036,8.035287845080036,4.369540825578167,11.311383315556228,3.83141508023352,Medium,32,Neutral
2026-10-04 15:52:00 +0000,2.5,4,00-0034827,DJ Moore,WR,BUF,NE,7.658696879686883,8.47763179034321,8.47763179034321,4.315734643620054,11.280558407906971,3.83141508023352,Medium,33,Neutral
2026-10-05 12:39:19 +0000,2.5,4,00-0035208,Olamide Zaccheaus,WR,ATL,NO,2.221275371172331,2.745281765623726,2.745281765623726,0,6.159727993907115,3.83141508023352,Medium,35,Neutral
2026-10-05 00:14:22 +0000,2.5,4,00-0038840,Brycen Tremayne,WR,CAR,DET,2.9496539457266144,3.194530543953944,3.194530543953944,0,7.198581537147829,3.83141508023352,Medium,36,Neutral
2026-10-04 15:52:00 +0000,2.5,4,00-0031408,Mike Evans,WR,SF,DEN,7.232643162877344,7.701562861056764,7.701562861056764,3.958259082615767,10.42930672302366,2.953609688195244,High,37,Neutral
2026-10-04 15:52:00 +0000,2.5,4,00-0038393,Dontayvion Wicks,WR,PHI,LA,7.230535145068469,7.563567193786803,7.563567193786803,3.9271487950655937,10.618801745546405,3.83141508023352,Medium,38,Neutral
2026-10-04 15:52:00 +0000,2.5,4,00-0038563,Tre Tucker,WR,LV,KC,7.198802746796212,7.7250966851307314,7.7250966851307314,3.878938903800526,11.447730338217426,3.83141508023352,Medium,39,Neutral
2026-10-05 12:39:19 +0000,2.5,4,00-0041044,Zachariah Branch,WR,ATL,NO,2.0012576770480406,2.5976663747919817,2.5976663747919817,0,6.250185268469256,2.953609688195244,High,39,Neutral
2026-10-04 15:52:00 +0000,2.5,4,00-0039915,Ladd McConkey,WR,LAC,SEA,7.089244071379877,7.997677264835399,7.997677264835399,3.8163119354682977,10.674197421593297,3.83141508023352,Medium,40,Neutral
2026-10-04 15:52:00 +0000,2.5,4,00-0041438,Carnell Tate,WR,TEN,BAL,7.055531611559091,7.496816500222183,7.496816500222183,3.808345977724176,10.45540123633186,3.83141508023352,Medium,41,Neutral
2026-10-05 00:14:22 +0000,2.5,4,00-0041047,Chris Brazzell II,WR,CAR,DET,2.213250321244785,2.8482425512465976,2.8482425512465976,0,5.6015169217227205,2.953609688195244,High,41,Neutral
2026-10-04 15:52:00 +0000,2.5,4,00-0034348,Courtland Sutton,WR,DEN,SF,7.043578034737655,7.370665043756279,7.370665043756279,3.710453398639279,11.055718856633693,3.83141508023352,Medium,42,Neutral
2026-10-04 15:52:00 +0000,2.5,4,00-0039880,Malik Washington,WR,MIA,MIN,6.941089279722733,7.117663435259731,7.117663435259731,3.730206176147275,10.429640063932196,4.973519690779636,Low,43,Neutral
2026-10-04 15:52:00 +0000,2.5,4,00-0041035,De'Zhaun Stribling,WR,SF,DEN,6.916001076870166,7.674962274519938,7.674962274519938,3.566683423595053,10.451432306744534,3.83141508023352,Medium,44,Neutral
2026-10-05 12:39:19 +0000,2.5,4,00-0036463,Chris Blair,WR,ATL,NO,1.6835546496541085,2.0636895502657993,2.0636895502657993,0,5.3082211895150335,2.953609688195244,High,45,Neutral
2026-10-04 15:52:00 +0000,2.5,4,00-0038544,Quentin Johnston,WR,LAC,SEA,6.742620279764845,7.473645849982423,7.473645849982423,3.3493234768967013,10.423023406411607,2.953609688195244,High,45,Neutral
2026-10-04 15:52:00 +0000,2.5,4,00-0035676,A.J. Brown,WR,NE,BUF,6.652405357381065,7.836429913872413,7.836429913872413,3.324598638484378,10.59085798011585,4.973519690779636,Low,46,Neutral
2026-10-04 15:52:00 +0000,2.5,4,00-0039919,Rome Odunze,WR,CHI,NYJ,6.580604855277138,7.1949118244283685,7.1949118244283685,3.2647011096489,9.994247739163736,2.953609688195244,High,47,Neutral
2026-10-04 15:52:00 +0000,2.5,4,00-0036550,Rashod Bateman,WR,BAL,TEN,6.1718191331470384,6.245674481962187,6.245674481962187,3.0350944153331967,9.369693865132984,4.973519690779636,Low,48,Neutral
2026-10-04 15:52:00 +0000,2.5,4,00-0033555,Mack Hollins,WR,NE,BUF,6.129438767604695,6.452126479434746,6.452126479434746,2.852044848327742,10.285696877856257,3.83141508023352,Medium,49,Neutral
2026-10-04 11:18:56 +0000,2.5,4,00-0030279,Keenan Allen,WR,IND,WAS,6.1043677635207105,6.395195026400077,6.395195026400077,2.8396306462177616,9.494927215681034,3.83141508023352,Medium,50,Neutral
2026-10-04 15:52:00 +0000,2.5,4,00-0039894,Xavier Worthy,WR,KC,LV,5.776431539338209,5.9747617686479915,5.9747617686479915,2.557717436280653,9.167257093722226,2.953609688195244,High,51,Neutral
2026-10-04 11:18:56 +0000,2.5,4,00-0037664,Alec Pierce,WR,IND,WAS,5.753898894335393,6.423127312702542,6.423127312702542,2.535004826448964,9.268970879908128,4.973519690779636,Low,52,Neutral
2026-10-05 00:14:22 +0000,2.5,4,00-0041446,Kendrick Law,WR,DET,CAR,1.6824517121288114,2.259071805472661,2.259071805472661,0,5.737775731922042,2.953609688195244,High,52,Neutral
2026-10-01 17:39:14 +0000,2.5,4,00-0036252,Michael Pittman,WR,PIT,CLE,6.6996622067555816,7.313207305448756,7.313207305448756,3.427369907766674,10.754986226548812,2.953609688195244,High,52,Neutral
2026-10-04 15:52:00 +0000,2.5,4,00-0039849,Marvin Harrison Jr.,WR,ARI,NYG,5.73159065154522,6.260979332979012,6.260979332979012,2.4296136639497745,9.356257191406144,2.953609688195244,High,53,Neutral
2026-10-05 12:39:19 +0000,2.5,4,00-0041451,Brock Rechsteiner,WR,NO,ATL,1.5671346005512754,2.067116508337107,2.067116508337107,0,5.622458620344506,2.953609688195244,High,54,Neutral
2026-10-04 15:52:00 +0000,2.5,4,00-0037816,Romeo Doubs,WR,NE,BUF,5.671262830024832,6.290117729911991,6.290117729911991,2.398970531035924,9.726586849818062,2.953609688195244,High,54,Neutral
2026-10-04 15:52:00 +0000,2.5,4,00-0033921,Chris Godwin Jr.,WR,TB,GB,5.666214801280676,6.222700836607116,6.222700836607116,2.3002286065503847,9.4027772879438,2.953609688195244,High,55,Neutral
2026-10-01 17:39:14 +0000,2.5,4,00-0041547,KC Concepcion,WR,CLE,PIT,6.417983561169184,6.795423715331616,6.795423715331616,3.0519973664388935,10.154546047832309,3.83141508023352,Medium,55,Neutral
2026-10-04 15:52:00 +0000,2.5,4,00-0036259,Jauan Jennings,WR,MIN,MIA,5.636828504623062,6.421526091994655,6.421526091994655,2.433996571894931,9.33277169452985,2.953609688195244,High,56,Neutral
2026-10-05 00:14:22 +0000,2.5,4,00-0040218,Jimmy Horn Jr.,WR,CAR,DET,1.6145535332554428,2.069681303798134,2.069681303798134,0,5.005379087639461,2.953609688195244,High,56,Neutral
2026-10-04 15:52:00 +0000,2.5,4,00-0040134,Pat Bryant,WR,DEN,SF,5.610608039630162,6.161266860585589,6.161266860585589,2.3547155837838236,9.180068532559924,2.953609688195244,High,57,Neutral
2026-10-04 15:52:00 +0000,2.5,4,00-0040867,Makai Lemon,WR,PHI,LA,5.49309636207535,6.086658177311455,6.086658177311455,2.172910418018943,9.055172114098848,2.953609688195244,High,58,Neutral
2026-10-01 17:39:14 +0000,2.5,4,00-0039739,Roman Wilson,WR,PIT,CLE,5.860249098090335,6.322153978791508,6.322153978791508,2.51730736780842,9.11657549648492,4.973519690779636,Low,58,Neutral
2026-10-04 15:52:00 +0000,2.5,4,00-0039893,Brian Thomas Jr.,WR,JAX,CIN,5.473364428679231,5.885406143135632,5.885406143135632,2.130422698397316,8.729690827073815,4.973519690779636,Low,59,Neutral
2026-10-04 15:52:00 +0000,2.5,4,00-0040727,Tre Harris,WR,LAC,SEA,5.462337212560512,5.713270672158959,5.713270672158959,2.0839000052856993,9.042343376248189,3.83141508023352,Medium,60,Neutral
2026-10-04 15:52:00 +0000,2.5,4,00-0033908,Cooper Kupp,WR,SEA,LAC,5.3540837746066,5.757439530757094,5.757439530757094,1.9407590711016227,8.723020967227647,2.953609688195244,High,61,Neutral
2026-10-04 15:52:00 +0000,2.5,4,00-0037261,Khalil Shakir,WR,BUF,NE,5.1353295022835175,5.603774814902054,5.603774814902054,1.7290745146753177,8.55704586703812,2.953609688195244,High,62,Neutral
2026-10-04 15:52:00 +0000,2.5,4,00-0041048,Ted Hurst III,WR,TB,GB,5.106638143234644,5.352610266495402,5.352610266495402,1.8346902064829893,8.87273629722624,3.83141508023352,Medium,63,Neutral
2026-10-04 15:52:00 +0000,2.5,4,00-0036988,Josh Palmer,WR,BUF,NE,5.102750164867929,5.827903361124283,5.827903361124283,1.683419625372546,8.556602427617257,3.83141508023352,Medium,64,D
2026-10-04 15:52:00 +0000,2.5,4,00-0038618,Xavier Hutchinson,WR,HOU,DAL,5.051939162840693,5.32405687906717,5.32405687906717,1.534125672874071,8.488283406350918,3.83141508023352,Medium,65,Neutral
2026-10-04 15:52:00 +0000,2.5,4,00-0032775,Demarcus Robinson,WR,SF,DEN,4.889480748181776,5.713317656525698,5.713317656525698,1.6094448348900676,8.711234399906488,4.973519690779636,Low,66,C
2026-10-04 15:52:00 +0000,2.5,4,00-0039901,Keon Coleman,WR,BUF,NE,4.854179650653766,5.700596302928803,5.700596302928803,1.3801312694940853,8.628463614349844,2.953609688195244,High,67,Neutral
2026-10-04 15:52:00 +0000,2.5,4,00-0033307,Kendrick Bourne,WR,ARI,NYG,4.840411205963657,5.300558758901831,5.300558758901831,1.6948095882158505,8.449280450321439,3.83141508023352,Medium,68,Neutral
2026-10-04 15:52:00 +0000,2.5,4,00-0040170,Elic Ayomanor,WR,TEN,BAL,4.794322290087518,5.5469959412428675,5.5469959412428675,1.5576354020479115,8.24180834858206,3.83141508023352,Medium,69,Neutral
2026-10-05 12:39:19 +0000,2.5,4,00-0039623,Mason Tipton,WR,NO,ATL,1.177701459282471,1.5527624056634526,1.5527624056634526,0,4.792118858806765,2.953609688195244,High,69,Neutral
2026-10-04 15:52:00 +0000,2.5,4,00-0039916,Ricky Pearsall,WR,SF,DEN,4.632416005417011,5.495281768315868,5.495281768315868,1.2715690647728295,8.303188159950636,3.83141508023352,Medium,70,Neutral
2026-10-04 15:52:00 +0000,2.5,4,00-0038608,Kayshon Boutte,WR,HOU,DAL,4.567632382568919,5.319354046479205,5.319354046479205,1.1459654451892975,8.144647099796641,4.973519690779636,Low,71,Neutral
2026-10-04 15:52:00 +0000,2.5,4,00-0038824,Ryan Miller,WR,MIA,MIN,4.463004188734483,5.408725548118669,5.408725548118669,1.144185037612404,8.077421588258776,4.973519690779636,Low,72,C
2026-10-04 15:52:00 +0000,2.5,4,00-0039410,Ryan Flournoy,WR,DAL,HOU,4.4456151757463545,4.71899092757449,4.71899092757449,1.1694601561239426,8.228499038189462,3.83141508023352,Medium,73,Neutral
2026-10-05 12:39:19 +0000,2.5,4,00-0040432,Beaux Collins,WR,ATL,NO,1.1448418132756222,1.5649112450238845,1.5649112450238845,0,4.5923278717701645,2.953609688195244,High,74,Neutral
2026-10-04 15:52:00 +0000,2.5,4,00-0038621,DeMario Douglas,WR,NE,BUF,4.376591735349272,4.76836419977442,4.76836419977442,1.2369306421222743,8.071788702436956,2.953609688195244,High,74,Neutral
2026-10-04 15:52:00 +0000,2.5,4,00-0040729,Jack Bech,WR,LV,KC,4.304923886974444,5.1615712955921715,5.1615712955921715,1.1350107749571698,7.442165581572122,2.953609688195244,High,76,Neutral
2026-10-05 00:14:22 +0000,2.5,4,00-0037524,Tay Martin,WR,DET,CAR,1.185406465389458,1.7799724457299178,1.7799724457299178,0,4.856178619923083,2.953609688195244,High,76,Neutral
2026-10-04 15:52:00 +0000,2.5,4,00-0037545,Rashid Shaheed,WR,SEA,LAC,4.2530845967368425,4.703663562310428,4.703663562310428,1.0484302066834363,7.700059192110133,2.953609688195244,High,77,Neutral
2026-10-05 12:39:19 +0000,2.5,4,00-0041099,Barion Brown,WR,NO,ATL,1.0439874815912915,1.4224705974214398,1.4224705974214398,0,5.1821191190248115,2.953609688195244,High,78,Neutral
2026-10-04 15:52:00 +0000,2.5,4,00-0041042,Malachi Fields,WR,NYG,ARI,4.238738267524458,4.416526981366041,4.416526981366041,1.0787664906525638,7.763733606634696,2.953609688195244,High,78,Neutral
2026-10-04 15:52:00 +0000,2.5,4,00-0040590,Konata Mumpfield,WR,LA,PHI,4.201878115308121,4.489781612773463,4.489781612773463,1.0399364922215022,7.949582306286024,3.83141508023352,Medium,79,Neutral
2026-10-01 17:39:14 +0000,2.5,4,00-0041489,Germie Bernard,WR,PIT,CLE,4.490455623643538,5.212257378924125,5.212257378924125,1.0728404467479131,7.848593097043348,3.83141508023352,Medium,80,Neutral
2026-10-04 15:52:00 +0000,2.5,4,00-0041511,Omar Cooper Jr.,WR,NYJ,CHI,4.132070298537605,4.952570987318941,4.952570987318941,0.8325301715543738,8.270201935971125,4.973519690779636,Low,80,Neutral
2026-10-04 15:52:00 +0000,2.5,4,00-0036309,Darnell Mooney,WR,NYG,ARI,4.1067778172454865,4.5986438695526175,4.5986438695526175,0.7059037490176117,7.810592087235476,2.953609688195244,High,81,Neutral
2026-10-04 15:52:00 +0000,2.5,4,00-0040277,Jahdae Walker,WR,CHI,NYJ,4.10339187266729,4.724627075630785,4.724627075630785,0.6857766957716653,7.4615293460671,4.973519690779636,Low,82,C
2026-10-04 15:52:00 +0000,2.5,4,00-0038104,Tyquan Thornton,WR,KC,LV,4.071769566312534,4.8614218151819415,4.8614218151819415,0.6665281103285761,7.595375477627079,2.953609688195244,High,83,C
2026-10-04 15:52:00 +0000,2.5,4,00-0040130,Jayden Higgins,WR,HOU,DAL,4.062233332306144,4.937576895803209,4.937576895803209,0.5282682988663026,7.57856234640775,3.83141508023352,Medium,84,Neutral
2026-10-04 15:52:00 +0000,2.5,4,00-0041525,Chris Bell,WR,MIA,MIN,4.058103952850865,4.500871674958147,4.500871674958147,0.8024331485049604,7.390285641379411,2.953609688195244,High,85,Neutral
2026-10-04 15:52:00 +0000,2.5,4,00-0040648,Tory Horton,WR,SEA,LAC,4.049077032693109,4.824563977930085,4.824563977930085,1.045515147538897,7.630771161254101,3.83141508023352,Medium,86,Neutral
2026-10-04 15:52:00 +0000,2.5,4,00-0040718,Travis Hunter,WR,JAX,CIN,4.028191412552494,4.827274383876553,4.827274383876553,0.7467634166729024,7.600027974832356,3.83141508023352,Medium,87,Neutral
2026-10-04 11:18:56 +0000,2.5,4,00-0041040,Antonio Williams,WR,WAS,IND,3.978543167488875,4.592225838331881,4.592225838331881,0.7056750139570868,7.397641698893194,2.953609688195244,High,88,Neutral
2026-10-04 15:52:00 +0000,2.5,4,00-0039451,Isaiah Williams,WR,NYJ,CHI,3.928472136864632,4.026115416502902,4.026115416502902,0.5811266683593017,7.331713254495342,3.83141508023352,Medium,89,Neutral
2026-10-05 00:14:22 +0000,2.5,4,00-0039342,Xavier Legette,WR,CAR,DET,0,0,0,0,0,2.953609688195244,High,89,Neutral
2026-10-04 15:52:00 +0000,2.5,4,00-0037291,Jalen Nailor,WR,LV,KC,3.699744611441568,4.33311415622545,4.33311415622545,0.42363427909868934,7.048588601381878,2.953609688195244,High,90,Neutral
2026-10-04 15:52:00 +0000,2.5,4,00-0039868,Troy Franklin,WR,DEN,SF,3.489149309162581,3.9076050535908746,3.9076050535908746,0.13387913446036634,7.077895314696731,4.973519690779636,Low,93,Neutral
2026-10-04 15:52:00 +0000,2.5,4,00-0040172,Jordan Watkins,WR,SF,DEN,3.4681634369413863,3.8772289658455072,3.8772289658455072,0.19534487958206723,6.87627513193323,3.83141508023352,Medium,94,Neutral
2026-10-04 11:18:56 +0000,2.5,4,00-0032951,Laquon Treadwell,WR,IND,WAS,3.459964571259019,3.755525605316953,3.755525605316953,0.2750448072967153,7.4843435762563395,3.83141508023352,Medium,95,Neutral
2026-10-04 15:52:00 +0000,2.5,4,00-0037837,Calvin Austin III,WR,NYG,ARI,3.450171989689622,4.061755886492388,4.061755886492388,0,7.040451629864086,3.83141508023352,Medium,96,Neutral
2026-10-04 15:52:00 +0000,2.5,4,00-0038679,Tyrell Shavers,WR,BUF,NE,3.4500471427801727,4.206918450654129,4.206918450654129,0.03190697015808066,7.064893175248813,2.953609688195244,High,97,Neutral
2026-10-04 15:52:00 +0000,2.5,4,00-0038619,Andrei Iosivas,WR,CIN,JAX,3.4489945275337,4.062990960603042,4.062990960603042,0.17216093311676467,6.938238110787312,2.953609688195244,High,98,Neutral
2026-10-01 17:39:14 +0000,2.5,4,00-0036407,Jerry Jeudy,WR,CLE,PIT,3.895923175459059,4.54636309882825,4.54636309882825,0.5406530007568447,7.484669180993209,3.83141508023352,Medium,99,Neutral
2026-10-04 15:52:00 +0000,2.5,4,00-0039146,Jayden Reed,WR,GB,TB,3.367566415298391,4.266165608545821,4.266165608545821,0.19295361120441584,6.844959479400439,4.973519690779636,Low,100,Neutral
2026-10-04 15:52:00 +0000,2.5,4,00-0040138,Jaylin Noel,WR,HOU,DAL,3.3150894460294,3.83180750363624,3.83180750363624,0.14156300951937104,6.546154529492512,2.953609688195244,High,101,Neutral
2026-10-04 15:52:00 +0000,2.5,4,00-0034837,Calvin Ridley,WR,TEN,BAL,3.3129500231539675,4.169898324773621,4.169898324773621,0,6.953229364617415,3.83141508023352,Medium,102,Neutral
2026-10-04 15:52:00 +0000,2.5,4,00-0038728,Jared Wayne,WR,HOU,DAL,3.19625820631011,3.7501598118779342,3.7501598118779342,0.10372851212215796,6.525381676109796,3.83141508023352,Medium,103,Neutral
2026-10-04 15:52:00 +0000,2.5,4,00-0035535,Darius Slayton,WR,NYG,ARI,3.1125055457542876,3.745690687727686,3.745690687727686,0,7.03125293670361,2.953609688195244,High,104,Neutral
2026-10-04 15:52:00 +0000,2.5,4,00-0041100,Josh Cameron,WR,JAX,CIN,3.070910069319239,3.6018196691616224,3.6018196691616224,0,6.878153176076893,2.953609688195244,High,105,Neutral
2026-10-04 11:18:56 +0000,2.5,4,00-0036626,Dyami Brown,WR,WAS,IND,2.951893775152398,3.3529834225562425,3.3529834225562425,0,6.207055554435679,3.83141508023352,Medium,106,Neutral
2026-10-04 15:52:00 +0000,2.5,4,00-0040154,Tai Felton,WR,MIN,MIA,2.893231813033058,3.3463632926669944,3.3463632926669944,0,6.296472930663768,4.973519690779636,Low,108,Neutral
2026-10-04 15:52:00 +0000,2.5,4,00-0040237,Tez Johnson,WR,TB,GB,2.806461628666248,3.3847046832090055,3.3847046832090055,0,6.766448820776448,3.83141508023352,Medium,109,Neutral
2026-10-04 11:18:56 +0000,2.5,4,00-0037742,Treylon Burks,WR,WAS,IND,2.744346581946232,3.233405052043362,3.233405052043362,0,6.623871506795117,2.953609688195244,High,110,Neutral
2026-10-04 15:52:00 +0000,2.5,4,00-0037801,KaVontae Turpin,WR,DAL,HOU,2.7156395907540283,3.2994607281915287,3.2994607281915287,0,6.186666904344483,2.953609688195244,High,111,Neutral
2026-10-04 15:52:00 +0000,2.5,4,00-0034775,Christian Kirk,WR,SF,DEN,2.6669033631696695,3.3447841182374947,3.3447841182374947,0,6.616415659547954,3.83141508023352,Medium,112,Neutral
2026-10-04 15:52:00 +0000,2.5,4,00-0040870,Ja'Kobi Lane,WR,BAL,TEN,2.631286380554276,3.1787951751964574,3.1787951751964574,0,6.254822202982597,2.953609688195244,High,113,Neutral
2026-10-04 15:52:00 +0000,2.5,4,00-0041529,Kevin Coleman Jr.,WR,MIA,MIN,2.6266629660725145,3.024896218478605,3.024896218478605,0,6.425120413482961,4.973519690779636,Low,114,Neutral
2026-10-04 15:52:00 +0000,2.5,4,00-0040131,Kyle Williams,WR,NE,BUF,2.5596133067778264,3.2343541507210194,3.2343541507210194,0,6.202972085707283,2.953609688195244,High,115,Neutral
2026-10-04 15:52:00 +0000,2.5,4,00-0040785,Dohnte Meyers,WR,CIN,JAX,2.557295331410104,2.7025234054385523,2.7025234054385523,0,6.370576978089258,2.953609688195244,High,116,Neutral
2026-10-04 15:52:00 +0000,2.5,4,00-0033375,Tim Patrick,WR,NYJ,CHI,2.5085338573559106,3.2506793308430213,3.2506793308430213,0,6.200501102048589,2.953609688195244,High,117,Neutral
2026-10-04 15:52:00 +0000,2.5,4,00-0039792,Devontez Walker,WR,BAL,TEN,2.4777775633137264,3.373050190972096,3.373050190972096,0,5.828116928959455,3.83141508023352,Medium,118,Neutral
2026-10-04 15:52:00 +0000,2.5,4,00-0038090,Skyy Moore,WR,GB,TB,2.4085639725178063,2.7518376923351786,2.7518376923351786,0,5.67306273208049,2.953609688195244,High,119,Neutral
2026-10-04 15:52:00 +0000,2.5,4,00-0037666,Jalen Tolbert,WR,MIA,MIN,2.2953476570196587,2.9438307520660487,2.9438307520660487,0,5.956169095731879,3.83141508023352,Medium,120,Neutral
2026-10-01 17:39:14 +0000,2.5,4,00-0036862,Ben Skowronek,WR,PIT,CLE,2.8539972431616545,3.3945514571594795,3.3945514571594795,0,6.333849691339475,4.973519690779636,Low,121,C
2026-10-04 15:52:00 +0000,2.5,4,00-0039751,Jordan Whittington,WR,LA,PHI,2.220056452818183,2.639362120740063,2.639362120740063,0,5.857020896460851,2.953609688195244,High,123,Neutral
2026-10-04 15:52:00 +0000,2.5,4,00-0036849,Tutu Atwell,WR,LA,PHI,2.215780362749364,2.7992680226171447,2.7992680226171447,0,5.687677877478123,3.83141508023352,Medium,124,Neutral
2026-10-04 15:52:00 +0000,2.5,4,00-0038977,Tank Dell,WR,HOU,DAL,2.2065238729313883,2.858478826813544,2.858478826813544,0,5.957211438368071,2.953609688195244,High,125,Neutral
2026-10-04 15:52:00 +0000,2.5,4,00-0039855,Jalen McMillan,WR,TB,GB,2.1385220054727982,2.959052801784905,2.959052801784905,0,5.618374453650619,4.973519690779636,Low,126,Neutral
2026-10-04 15:52:00 +0000,2.5,4,00-0040024,Darius Cooper,WR,PHI,LA,2.1155775683907625,2.6902127494063572,2.6902127494063572,0,5.406011949610251,2.953609688195244,High,127,Neutral
2026-10-04 15:52:00 +0000,2.5,4,00-0040948,J. Michael Sturdivant,WR,GB,TB,2.0527585421746393,2.5545782107024424,2.5545782107024424,0,5.982614521640513,2.953609688195244,High,128,Neutral
2026-10-04 15:52:00 +0000,2.5,4,00-0038359,Xavier Smith,WR,LA,PHI,2.02871221613855,2.5281704119836417,2.5281704119836417,0,5.860532312647265,3.83141508023352,Medium,129,Neutral
2026-10-04 15:52:00 +0000,2.5,4,00-0038976,Marvin Mims Jr.,WR,DEN,SF,1.983572973247758,2.6810790920197825,2.6810790920197825,0,5.804254312441902,4.973519690779636,Low,131,Neutral
2026-10-04 15:52:00 +0000,2.5,4,00-0036980,Elijah Moore,WR,PHI,LA,1.8660168192100104,2.5034735238074557,2.5034735238074557,0,5.651432663532655,2.953609688195244,High,132,Neutral
2026-10-04 11:18:56 +0000,2.5,4,00-0040317,Jacoby Jones,WR,WAS,IND,1.8644179833171224,2.521097026307956,2.521097026307956,0,5.51215301427587,2.953609688195244,High,133,Neutral
2026-10-04 15:52:00 +0000,2.5,4,00-0040563,Efton Chism III,WR,NE,BUF,1.8614559186147743,2.406689248589525,2.406689248589525,0,5.0963407104137115,4.973519690779636,Low,134,Neutral
2026-10-04 15:52:00 +0000,2.5,4,00-0035359,David Sills,WR,TB,GB,1.801069941401034,2.3916129507613673,2.3916129507613673,0,5.269891036080331,2.953609688195244,High,135,Neutral
2026-10-04 15:52:00 +0000,2.5,4,00-0041070,Reggie Virgil,WR,ARI,NYG,1.7424165030096457,2.3592530124343907,2.3592530124343907,0,5.103225318349099,2.953609688195244,High,136,Neutral
2026-10-04 15:52:00 +0000,2.5,4,00-0041004,Chase Roberts,WR,LV,KC,1.7065968212797218,2.2960394517107097,2.2960394517107097,0,5.589135127274074,2.953609688195244,High,137,Neutral
2026-10-04 15:52:00 +0000,2.5,4,00-0040876,Elijah Sarratt,WR,BAL,TEN,1.7022714522701174,2.299660627580628,2.299660627580628,0,5.200390369823132,2.953609688195244,High,138,Neutral
2026-10-04 15:52:00 +0000,2.5,4,00-0040075,LaJohntay Wester,WR,BAL,TEN,1.68416465185597,2.0416661643735976,2.0416661643735976,0,5.23982567862306,3.83141508023352,Medium,139,Neutral
2026-10-04 15:52:00 +0000,2.5,4,00-0040705,Chimere Dike,WR,TEN,BAL,1.661463930617478,2.294896566885555,2.294896566885555,0,5.577890150898701,4.973519690779636,Low,142,Neutral
2026-10-04 15:52:00 +0000,2.5,4,00-0040930,Camden Brown,WR,DAL,HOU,1.652724695185067,2.2060489256833025,2.2060489256833025,0,4.830711743773347,2.953609688195244,High,143,Neutral
2026-10-04 15:52:00 +0000,2.5,4,00-0034407,Ray-Ray McCloud,WR,CHI,NYJ,1.6477970799713266,2.1708591316986303,2.1708591316986303,0,5.273607559821014,2.953609688195244,High,144,Neutral
2026-10-04 15:52:00 +0000,2.5,4,00-0040581,Dont'e Thornton Jr.,WR,LV,KC,1.6393906906273314,2.1842901433551227,2.1842901433551227,0,5.5629445142351255,3.83141508023352,Medium,145,Neutral
2026-10-04 15:52:00 +0000,2.5,4,00-0039062,Jonathan Mingo,WR,DAL,HOU,1.6029772752974472,1.9533455362674332,1.9533455362674332,0,5.371328691997545,2.953609688195244,High,147,Neutral
2026-10-04 15:52:00 +0000,2.5,4,00-0037091,Bo Melton,WR,GB,TB,1.6022449596583916,2.0959408455193165,2.0959408455193165,0,5.526425713191425,2.953609688195244,High,148,Neutral
2026-10-01 17:39:14 +0000,2.5,4,00-0040782,Isaiah Bond,WR,CLE,PIT,1.7772739751157731,2.4161495140886258,2.4161495140886258,0,5.291533105105877,4.973519690779636,Low,149,Neutral
2026-10-04 15:52:00 +0000,2.5,4,00-0041374,Sincere Brown,WR,LAC,SEA,1.5911515808155765,2.061911638586162,2.061911638586162,0,5.124780737033268,2.953609688195244,High,149,Neutral
2026-10-04 15:52:00 +0000,2.5,4,00-0041399,CJ Daniels,WR,LA,PHI,1.5774443699834773,2.0478348059650973,2.0478348059650973,0,5.1700379962477205,2.953609688195244,High,150,Neutral
2026-10-04 15:52:00 +0000,2.5,4,00-0040953,Jeff Caldwell,WR,KC,LV,1.5671346005512754,2.067116508337107,2.067116508337107,0,5.032875906076615,2.953609688195244,High,151,Neutral
2026-10-04 11:18:56 +0000,2.5,4,00-0039355,Luke McCaffrey,WR,WAS,IND,1.5578758617237785,2.304130259486632,2.304130259486632,0,5.002010118608009,3.83141508023352,Medium,153,Neutral
2026-10-04 15:52:00 +0000,2.5,4,00-0041106,C.J. Williams,WR,JAX,CIN,1.5159064249094183,1.98061874772043,1.98061874772043,0,5.136110867037102,2.953609688195244,High,154,Neutral
2026-10-04 15:52:00 +0000,2.5,4,00-0040009,Savion Williams,WR,GB,TB,1.5025932856383497,2.0132737669651,2.0132737669651,0,5.151609258121473,2.953609688195244,High,155,Neutral
2026-10-04 15:52:00 +0000,2.5,4,00-0040646,Jalen Royals,WR,KC,LV,1.4746273549075486,1.941167598246793,1.941167598246793,0,5.406202663027204,3.83141508023352,Medium,156,Neutral
2026-10-04 11:18:56 +0000,2.5,4,00-0040164,Jaylin Lane,WR,WAS,IND,1.4685178257016005,1.86997464911601,1.86997464911601,0,5.274766789934837,2.953609688195244,High,157,Neutral
2026-10-04 15:52:00 +0000,2.5,4,00-0039365,Jacob Cowing,WR,SF,DEN,1.4588796876728056,1.8138997592627204,1.8138997592627204,0,4.924691448274367,3.83141508023352,Medium,158,Neutral
2026-10-04 15:52:00 +0000,2.5,4,00-0041443,Skyler Bell,WR,BUF,NE,1.44610790263513,1.8598908823546316,1.8598908823546316,0,5.170566924345359,2.953609688195244,High,159,Neutral
2026-10-04 15:52:00 +0000,2.5,4,00-0035406,Lil'Jordan Humphrey,WR,DEN,SF,1.3952392180222266,2.030747923496365,2.030747923496365,0,4.985518858196691,3.83141508023352,Medium,160,Neutral
2026-10-04 15:52:00 +0000,2.5,4,00-0037093,Dareke Young,WR,LV,KC,1.3949265301565716,1.7748885254628777,1.7748885254628777,0,5.081202865902638,2.953609688195244,High,161,Neutral
2026-10-04 15:52:00 +0000,2.5,4,00-0031235,Odell Beckham Jr.,WR,NYG,ARI,1.3825225593390074,1.97370481519931,1.97370481519931,0,4.881065656471575,3.83141508023352,Medium,162,Neutral
2026-10-04 15:52:00 +0000,2.5,4,00-0040506,Myles Price,WR,MIN,MIA,1.335218303250283,1.6545630575004713,1.6545630575004713,0,4.930573977362964,3.83141508023352,Medium,164,Neutral
2026-10-04 15:52:00 +0000,2.5,4,00-0035645,Gunner Olszewski,WR,NYG,ARI,1.2695568890166813,1.6919419518431913,1.6919419518431913,0,4.868448947366525,2.953609688195244,High,165,Neutral
2026-10-04 15:52:00 +0000,2.5,4,00-0041005,Corey Rucker,WR,LV,KC,1.260094640737146,1.6830810674120484,1.6830810674120484,0,4.8555307333077025,2.953609688195244,High,166,Neutral
2026-10-04 15:52:00 +0000,2.5,4,00-0040184,KeAndre Lambert-Smith,WR,LAC,SEA,1.2524259491415193,1.6472162279240572,1.6472162279240572,0,4.60193777456674,2.953609688195244,High,167,Neutral
2026-10-04 11:18:56 +0000,2.5,4,00-0041132,Deion Burks,WR,IND,WAS,1.22304768343161,1.5053757789961242,1.5053757789961242,0,4.94505418697096,2.953609688195244,High,168,Neutral
2026-10-04 15:52:00 +0000,2.5,4,00-0039236,Johnny Wilson,WR,PHI,LA,1.2207386848193165,1.573939263301054,1.573939263301054,0,4.8522821356937875,2.953609688195244,High,169,Neutral
2026-10-04 15:52:00 +0000,2.5,4,00-0037156,Irvin Charles,WR,SEA,LAC,1.193869598526514,1.5100534489067998,1.5100534489067998,0,5.089377316843281,2.953609688195244,High,171,Neutral
2026-10-04 15:52:00 +0000,2.5,4,00-0040629,Dalevon Campbell,WR,LAC,SEA,1.193575524999695,1.54053258848521,1.54053258848521,0,5.160321343604706,2.953609688195244,High,172,Neutral
2026-10-04 11:18:56 +0000,2.5,4,00-0035021,Ashton Dulin,WR,IND,WAS,1.1886236656933051,1.52773835878058,1.52773835878058,0,4.443785444976586,2.953609688195244,High,173,Neutral
2026-10-04 15:52:00 +0000,2.5,4,00-0041051,Zavion Thomas,WR,CHI,NYJ,1.1821901821484289,1.617577159303778,1.617577159303778,0,5.419500128315965,2.953609688195244,High,175,Neutral
2026-10-04 15:52:00 +0000,2.5,4,00-0038590,Justin Shorter,WR,LV,KC,1.1797790394477408,1.559257604389118,1.559257604389118,0,4.79421862273651,2.953609688195244,High,176,Neutral
2026-10-04 15:52:00 +0000,2.5,4,00-0039710,Jeshaun Jones,WR,MIN,MIA,1.1760313981679336,1.5204012383863754,1.5204012383863754,0,4.339820938594251,2.953609688195244,High,178,Neutral
2026-10-01 17:39:14 +0000,2.5,4,00-0039379,Jamari Thrash,WR,CLE,PIT,1.3442444344731288,1.7206339075121808,1.7206339075121808,0,5.06625093801248,2.953609688195244,High,179,Neutral
2026-10-04 15:52:00 +0000,2.5,4,00-0040120,Jimmy Holiday,WR,KC,LV,1.1664355752011115,1.54053258848521,1.54053258848521,0,4.797820211762858,2.953609688195244,High,179,Neutral
2026-10-04 11:18:56 +0000,2.5,4,00-0035045,D.J. Montgomery,WR,IND,WAS,1.1567620400345489,1.521580478177495,1.521580478177495,0,5.349987910633971,2.953609688195244,High,180,Neutral
2026-10-04 15:52:00 +0000,2.5,4,00-0038752,Jake Bobo,WR,SEA,LAC,1.1502078015115569,1.4846366177841537,1.4846366177841537,0,4.76223767019207,2.953609688195244,High,181,Neutral
2026-10-01 17:39:14 +0000,2.5,4,00-0036630,Tylan Wallace,WR,CLE,PIT,1.2963011798511224,1.7891878938095895,1.7891878938095895,0,5.489527050450545,2.953609688195244,High,181,Neutral
2026-10-04 15:52:00 +0000,2.5,4,00-0040498,Dontae Fleming,WR,MIN,MIA,1.100580076029504,1.3946490348223262,1.3946490348223262,0,4.4053443599042,2.953609688195244,High,183,Neutral
2026-10-04 15:52:00 +0000,2.5,4,00-0040570,Jeremiah Webb,WR,NE,BUF,1.08768488066406,1.3972385508651692,1.3972385508651692,0,4.302794117583245,2.953609688195244,High,184,Neutral
2026-10-04 15:52:00 +0000,2.5,4,00-0040894,Malik Benson,WR,LV,KC,1.0804685523547546,1.472680279022756,1.472680279022756,0,4.603459300919938,2.953609688195244,High,185,Neutral
2026-10-04 11:18:56 +0000,2.5,4,00-0040352,Coleman Owen,WR,IND,WAS,1.0631618560254352,1.365580171495639,1.365580171495639,0,4.538908240321278,2.953609688195244,High,186,Neutral
2026-10-01 17:39:14 +0000,2.5,4,00-0039626,Cole Burgess,WR,PIT,CLE,1.185296730469522,1.552059617755905,1.552059617755905,0,4.843333937803798,2.953609688195244,High,188,Neutral
2026-10-04 15:52:00 +0000,2.5,4,00-0038640,Jalen Brooks,WR,ARI,NYG,0.9910114525592651,1.4344632027606712,1.4344632027606712,0,4.690345243697044,2.953609688195244,High,188,Neutral
2026-10-04 15:52:00 +0000,2.5,4,00-0040890,Cyrus Allen,WR,KC,LV,0.9542992815466844,1.3571554795060097,1.3571554795060097,0,4.3679421654332815,2.953609688195244,High,189,Neutral
2026-10-04 15:52:00 +0000,2.5,4,00-0036646,Simi Fehoko,WR,ARI,NYG,0.9513997094019802,1.3838240729743494,1.3838240729743494,0,4.555828577433436,2.953609688195244,High,190,Neutral
2026-10-04 15:52:00 +0000,2.5,4,00-0039589,Kameron Johnson,WR,TB,GB,0.9432416742667772,1.2839080998674397,1.2839080998674397,0,4.601278881601053,2.953609688195244,High,191,Neutral
2026-10-04 15:52:00 +0000,2.5,4,00-0040621,Montorie Foster Jr,WR,SEA,LAC,0.92834336333811,1.269194317747151,1.269194317747151,0,4.6313000785174605,2.953609688195244,High,192,Neutral
2026-10-04 15:52:00 +0000,2.5,4,00-0040582,Arian Smith,WR,NYJ,CHI,0.8923696861864467,1.2257512784999842,1.2257512784999842,0,4.358849903250063,2.953609688195244,High,193,Neutral
2026-10-04 15:52:00 +0000,2.5,4,00-0038519,Nikko Remigio,WR,KC,LV,0.859617324780221,1.286814722933364,1.286814722933364,0,4.074628126444227,2.953609688195244,High,194,Neutral
2026-10-04 15:52:00 +0000,2.5,4,00-0040534,Ke'Shawn Williams,WR,CIN,JAX,0.8153168750799669,1.184451472924314,1.184451472924314,0,4.5684400927884115,2.953609688195244,High,195,Neutral
2026-10-04 15:52:00 +0000,2.5,4,00-0038573,Derius Davis,WR,LAC,SEA,0.793457984502979,1.0887891047131153,1.0887891047131153,0,4.548921568885115,2.953609688195244,High,196,Neutral
2026-10-04 15:52:00 +0000,2.5,4,00-0036331,Devin Duvernay,WR,ARI,NYG,0.7877186512678502,1.1184937516400613,1.1184937516400613,0,4.31476927969965,2.953609688195244,High,197,Neutral
2026-10-04 15:52:00 +0000,2.5,4,00-0039890,Adonai Mitchell,WR,NYJ,CHI,0,0,0,0,0,4.973519690779636,Low,198,Neutral
2026-10-04 15:52:00 +0000,2.5,4,00-0041550,Brenen Thompson,WR,LAC,SEA,0,0,0,0,0,2.953609688195244,High,198,Neutral
2026-10-04 15:52:00 +0000,2.5,4,00-0041523,Caleb Douglas,WR,MIA,MIN,0,0,0,0,0,4.973519690779636,Low,198,Neutral
2026-10-04 15:52:00 +0000,2.5,4,00-0041069,Colbie Young,WR,CIN,JAX,0,0,0,0,0,2.953609688195244,High,198,Neutral
2026-10-04 15:52:00 +0000,2.5,4,00-0036912,DeVonta Smith,WR,PHI,LA,0,0,0,0,0,2.953609688195244,High,198,Neutral
2026-10-04 15:52:00 +0000,2.5,4,00-0036322,Justin Jefferson,WR,MIN,MIA,0,0,0,0,0,3.83141508023352,Medium,198,Neutral
2026-10-04 15:52:00 +0000,2.5,4,00-0035662,Marquise Brown,WR,PHI,LA,0,0,0,0,0,3.83141508023352,Medium,198,Neutral
2026-10-01 17:39:14 +0000,2.5,4,00-0039920,Malachi Corley,WR,CLE,PIT,0.9445817854618934,1.3648488366961329,1.3648488366961329,0,4.523937470161604,2.953609688195244,High,209,Neutral
2026-10-01 17:39:14 +0000,2.5,4,00-0041397,Kaden Wetjen,WR,PIT,CLE,0.9158755359866256,1.3047088877721025,1.3047088877721025,0,4.6868585212502545,2.953609688195244,High,210,Neutral
2026-10-09 12:09:57 +0000,2.5,5,00-0034857,Josh Allen,QB,BUF,LA,22.233856969380028,22.40952627016475,20.591359583191508,16.29525451746812,28.49257313144713,6.382462858778202,Low,1,C
2026-10-08 17:55:40 +0000,2.5,5,00-0033077,Dak Prescott,QB,DAL,TB,20.227093738285863,20.415621189472915,20.341652173989424,14.297974957418225,26.60943381814412,6.02852928967903,Medium,2,Neutral
2026-10-09 12:09:57 +0000,2.5,5,00-0033106,Jared Goff,QB,DET,ARI,19.85724358074261,20.180302389841376,18.97593755850347,13.92812479987497,26.239583660600868,6.382462858778202,Low,2,Neutral
2026-10-09 12:09:57 +0000,2.5,5,00-0036442,Joe Burrow,QB,CIN,MIA,18.330061158121836,18.157422019665397,18.04909041370243,12.2282728781233,24.62173897761103,5.774060225635582,High,3,C
2026-10-09 12:09:57 +0000,2.5,5,00-0036971,Trevor Lawrence,QB,JAX,PHI,18.145141462227908,17.99351260678582,17.093611347699913,11.934303443432263,24.74209861515916,6.382462858778202,Low,4,Neutral
2026-10-09 12:09:57 +0000,2.5,5,00-0039851,Drake Maye,QB,NE,LV,17.941422468705294,17.980207674974693,19.18890590639897,11.671455075337803,24.057279462407323,6.382462858778202,Low,5,Neutral
2026-10-09 12:09:57 +0000,2.5,5,00-0026498,Matthew Stafford,QB,LA,BUF,17.90152654993295,18.12052188606542,17.007746440029557,11.697236219431392,24.3378098966534,6.382462858778202,Low,6,Neutral
2026-10-09 12:09:57 +0000,2.5,5,00-0039918,Caleb Williams,QB,CHI,GB,16.97910077377628,16.84399259563136,15.815376652758932,10.674247428547256,22.943452647948448,6.382462858778202,Low,7,Neutral
2026-10-09 12:09:57 +0000,2.5,5,00-0039910,Jayden Daniels,QB,WAS,NYG,16.592792185819583,16.320014795458125,16.02274136678468,10.494272606716876,22.902123139086832,5.774060225635582,High,8,Neutral
2026-10-09 12:09:57 +0000,2.5,5,00-0037834,Brock Purdy,QB,SF,SEA,16.56741766033839,16.504935029654767,14.86443342121506,10.011820740003776,22.206960419405988,6.382462858778202,Low,9,F
2026-10-09 12:09:57 +0000,2.5,5,00-0023459,Aaron Rodgers,QB,PIT,IND,16.34119873585155,16.419545460470168,16.408499286700458,10.0630471347522,22.171486397705017,6.382462858778202,Low,10,Neutral
2026-10-09 12:09:57 +0000,2.5,5,00-0039732,Bo Nix,QB,DEN,LAC,16.309717851618686,16.348462616391927,16.756909177122044,10.038872367022094,22.985388775596064,6.02852928967903,Medium,11,Neutral
2026-10-09 12:09:57 +0000,2.5,5,00-0036389,Jalen Hurts,QB,PHI,JAX,16.270006554164983,16.270842038928876,16.202746137731616,10.061025807312364,23.003546192874833,5.774060225635582,High,12,C
2026-10-09 12:09:57 +0000,2.5,5,00-0036264,Jordan Love,QB,GB,CHI,15.799806249192692,16.06533099629287,15.120218265195785,9.49604783179824,22.111724974518573,5.774060225635582,High,13,Neutral
2026-10-09 12:09:57 +0000,2.5,5,00-0040743,Tyler Shough,QB,NO,MIN,15.79542574334515,15.889044362521323,15.035973333065892,9.591059156362546,22.335059813440832,6.02852928967903,Medium,14,Neutral
2026-10-09 12:09:57 +0000,2.5,5,00-0034869,Sam Darnold,QB,SEA,SF,15.739773678230703,15.893034794105574,14.113099624337174,9.869594004818204,22.68785836220068,6.382462858778202,Low,15,Neutral
2026-10-09 12:09:57 +0000,2.5,5,00-0033119,Jacoby Brissett,QB,ARI,DET,15.679654161353094,15.730866647490313,15.91516225080165,9.75053538048545,22.35020275004468,6.382462858778202,Low,16,Neutral
2026-10-09 12:09:57 +0000,2.5,5,00-0039163,C.J. Stroud,QB,HOU,TEN,15.58118681533764,15.720097649607355,16.349639151304512,9.206367186765608,21.778676971130672,6.02852928967903,Medium,17,Neutral
2026-10-09 12:09:57 +0000,2.5,5,00-0030565,Geno Smith,QB,NYJ,CLE,15.5572034877609,15.66817098997046,15.22304204795203,9.280162306885472,22.498073765991354,6.382462858778202,Low,18,Neutral
2026-10-09 12:09:57 +0000,2.5,5,00-0029604,Kirk Cousins,QB,LV,NE,15.387055316008343,15.309642415931664,15.32215506130995,9.28526703600981,21.36052857040079,5.774060225635582,High,19,C
2026-10-09 12:09:57 +0000,2.5,5,00-0034796,Lamar Jackson,QB,BAL,ATL,15.321714807476273,15.086399410432074,13.35382357971337,8.987864047004022,21.43657345836056,6.382462858778202,Low,20,C
2026-10-09 12:09:57 +0000,2.5,5,00-0035704,Drew Lock,QB,SEA,SF,14.828504943989634,14.682614382742573,15.182341288642649,8.72695355750972,21.24883516640039,6.382462858778202,Low,21,Neutral
2026-10-09 12:09:57 +0000,2.5,5,00-0035710,Daniel Jones,QB,IND,PIT,14.531263372321993,14.675395821847246,15.32830278246632,8.51302736249918,21.092678494972013,5.774060225635582,High,22,Neutral
2026-10-09 12:09:57 +0000,2.5,5,00-0040691,Jaxson Dart,QB,NYG,WAS,14.503956501871798,14.418543471063414,12.492814100067656,8.29535703742442,20.700644811382652,6.382462858778202,Low,23,Neutral
2026-10-09 12:09:57 +0000,2.5,5,00-0033537,Deshaun Watson,QB,CLE,NYJ,14.487008047688366,14.458466642730798,15.111470794278716,8.286782175278153,20.91234540714017,5.774060225635582,High,24,C
2026-10-09 12:09:57 +0000,2.5,5,00-0028986,Case Keenum,QB,CHI,GB,14.20665062667245,13.830233391608846,15.173006020195764,7.836490279436043,20.064820569249033,6.02852928967903,Medium,25,Neutral
2026-10-09 12:09:57 +0000,2.5,5,00-0039917,Michael Penix Jr.,QB,ATL,BAL,14.0723890142086,14.009224087168525,13.394167478760414,8.18359723727857,20.32915957554948,5.774060225635582,High,26,Neutral
2026-10-09 12:09:57 +0000,2.5,5,00-0036355,Justin Herbert,QB,LAC,DEN,13.670672823376858,13.676724968456057,14.398187491725688,7.193693826020101,19.75412827702629,5.774060225635582,High,27,Neutral
2026-10-09 12:09:57 +0000,2.5,5,00-0041117,Athan Kaliakmanis,QB,WAS,NYG,13.515331443929142,13.288064770585729,14.688202037140917,7.416446977235889,19.32853388327888,6.02852928967903,Medium,28,Neutral
2026-10-09 12:09:57 +0000,2.5,5,00-0040676,Cam Ward,QB,TEN,HOU,13.383505259390704,13.351113163298288,14.559155612699048,7.537109589629122,19.918141639599668,6.02852928967903,Medium,29,Neutral
2026-10-09 12:09:57 +0000,2.5,5,00-0032950,Carson Wentz,QB,MIN,NO,13.377755176597743,13.427507021349912,13.390505366030194,6.8910606790477,18.972228492894615,6.382462858778202,Low,30,Neutral
2026-10-09 12:09:57 +0000,2.5,5,00-0032268,Marcus Mariota,QB,WAS,NYG,12.858135425022663,12.672912531940872,11.011813844177988,6.64528800149934,19.289754377797944,6.382462858778202,Low,31,Neutral
2026-10-09 12:09:57 +0000,2.5,5,00-0038128,Malik Willis,QB,MIA,CIN,11.80573491549661,11.713535976131409,11.190759236520249,5.3910947108282254,18.319103387820604,6.382462858778202,Low,32,Neutral
2026-10-09 12:09:57 +0000,2.5,5,00-0031503,Jameis Winston,QB,NYG,WAS,11.747216192384611,11.854988228456708,12.63463133918052,5.766082989206204,18.391455617782928,6.382462858778202,Low,33,Neutral
2026-10-09 12:09:57 +0000,2.5,5,00-0035228,Kyler Murray,QB,MIN,NO,11.712248907589329,11.910170791316748,12.893043006111045,5.596588029737088,18.266161346738095,6.382462858778202,Low,34,C
2026-10-09 12:09:57 +0000,2.5,5,00-0039923,J.J. McCarthy,QB,MIN,NO,11.489920586903374,11.272097609276258,10.42370104179336,5.5087873837249655,17.649536521845832,6.02852928967903,Medium,35,D
2026-10-09 12:09:57 +0000,2.5,5,00-0041562,Fernando Mendoza,QB,LV,NE,11.159804586198373,11.091935442506616,10.013295425475718,4.798952255401616,17.561520470780998,6.02852928967903,Medium,36,D
2026-10-09 12:09:57 +0000,2.5,5,00-0036212,Tua Tagovailoa,QB,ATL,BAL,10.976374169776454,10.78413286932498,9.353744460134276,4.888299593747082,16.9678305451261,6.02852928967903,Medium,37,Neutral
2026-10-09 12:09:57 +0000,2.5,5,00-0033869,Mitchell Trubisky,QB,TEN,HOU,10.364246185593954,10.35096831412076,8.730223034978142,4.170500177203437,17.002765232905013,6.02852928967903,Medium,38,C
2026-10-09 12:09:57 +0000,2.5,5,00-0038416,Tyson Bagent,QB,CHI,GB,9.956999834689569,10.215012616168131,9.605453204170296,4.205720729398323,16.681634587996925,6.382462858778202,Low,39,Neutral
2026-10-08 17:55:40 +0000,2.5,5,00-0041251,Jalon Daniels,QB,TB,DAL,10.340009078937223,10.29174250429454,11.04410720036086,3.840172710247328,16.296637938002142,6.382462858778202,Low,40,Neutral
2026-10-09 12:09:57 +0000,2.5,5,00-0041568,Ty Simpson,QB,LA,BUF,9.751465709280692,9.322340693277148,7.071366704906094,3.652946130177984,16.153635721908095,6.02852928967903,Medium,40,C
2026-10-09 12:09:57 +0000,2.5,5,00-0033662,Cooper Rush,QB,ATL,BAL,9.36670717603312,9.513646679840203,11.68211871673988,2.866870807343224,15.32333603509804,6.382462858778202,Low,41,Neutral
2026-10-09 12:09:57 +0000,2.5,5,00-0041194,Jack Strand,QB,ATL,BAL,7.597823584459579,7.640119763428505,7.264618692640649,1.4914427202817435,13.9755100798608,5.774060225635582,High,42,Neutral
2026-10-09 12:09:57 +0000,2.5,5,00-0039164,Anthony Richardson,QB,IND,PIT,7.357194038259234,7.065680218709738,5.723647025810424,1.247915519196289,13.7621005477038,6.02852928967903,Medium,43,C
2026-10-09 12:09:57 +0000,2.5,5,00-0035993,Tyler Huntley,QB,BAL,ATL,7.305279884536686,7.802621291898772,7.428741791204482,0.911692074005516,13.13957616146645,5.774060225635582,High,44,D
2026-10-09 12:09:57 +0000,2.5,5,00-0041561,Carson Beck,QB,ARI,DET,7.041321383234478,6.47231955892504,4.005870370768176,1.0662147728673137,13.153530484889258,6.382462858778202,Low,45,C
2026-10-09 12:09:57 +0000,2.5,5,00-0026158,Joe Flacco,QB,CIN,MIA,6.6228507694931,5.637405135740389,4.289938327710433,0.42073652364316144,12.401155019334894,6.382462858778202,Low,46,D
2026-10-09 12:09:57 +0000,2.5,5,00-0040014,Kyle McCord,QB,MIA,CIN,5.875896686676469,6.274340749211552,4.584545999011975,0,12.694522576754489,5.774060225635582,High,47,C
2026-10-09 12:09:57 +0000,2.5,5,00-0041565,Drew Allar,QB,PIT,IND,5.7404050987826345,5.663093024827283,3.2402773215474614,0,12.631820238864448,6.02852928967903,Medium,48,C
2026-10-09 12:09:57 +0000,2.5,5,00-0040398,Brady Cook,QB,MIA,CIN,5.351355255149391,5.660017126334166,5.258257628876693,0,11.753071139732018,5.774060225635582,High,49,Neutral
2026-10-09 12:09:57 +0000,2.5,5,00-0041092,Taylen Green,QB,CLE,NYJ,4.99254916408435,5.371225785961052,3.737687664530843,0,11.07600461773378,5.774060225635582,High,50,C
2026-10-09 12:09:57 +0000,2.5,5,00-0040704,Dillon Gabriel,QB,CLE,NYJ,4.985954370943268,5.3022551149101345,4.050765507274097,0,11.679650858373527,5.774060225635582,High,51,C
2026-10-09 12:09:57 +0000,2.5,5,00-0037012,Trey Lance,QB,LAC,DEN,4.859187561101723,5.134241713994868,4.297827994106439,0,11.36116700268129,5.774060225635582,High,52,D
2026-10-09 12:09:57 +0000,2.5,5,00-0040668,Shedeur Sanders,QB,CLE,NYJ,4.7433621390376235,5.227011917118202,4.113245269679485,0,11.274754691513952,5.774060225635582,High,53,C
2026-10-09 12:09:57 +0000,2.5,5,00-0040891,Cole Payton,QB,PHI,JAX,4.605782870181045,4.885918060620207,3.7520673511445177,0,10.662943237436735,5.774060225635582,High,54,F
2026-10-09 12:09:57 +0000,2.5,5,00-0038579,Aidan O'Connell,QB,LV,NE,4.528479196701302,4.937647443277993,3.733104300356383,0,11.081008811781013,5.774060225635582,High,55,D
2026-10-09 12:09:57 +0000,2.5,5,00-0027973,Andy Dalton,QB,PHI,JAX,4.501492857156472,4.888182597088202,4.556988034618339,0,10.118423084302885,5.774060225635582,High,56,D
2026-10-09 12:09:57 +0000,2.5,5,00-0040206,Riley Leonard,QB,IND,PIT,4.371924919198079,4.721209505387526,2.121710377518636,0,10.94095002486682,6.02852928967903,Medium,57,C
2026-10-09 12:09:57 +0000,2.5,5,00-0041056,Cade Klubnik,QB,NYJ,CLE,4.275541113142112,4.445211520760596,2.6506060787535177,0,10.750019389445072,6.02852928967903,Medium,58,D
2026-10-09 12:09:57 +0000,2.5,5,00-0038400,Tanner McKee,QB,PHI,JAX,4.164106798795508,4.370932369404736,4.142516259844278,0,10.288436522881655,5.774060225635582,High,59,F
2026-10-09 12:09:57 +0000,2.5,5,00-0036879,Sam Ehlinger,QB,DEN,LAC,4.08039039837093,4.50789861663616,1.6953096982008111,0,10.935716040491195,6.02852928967903,Medium,60,Neutral
2026-10-09 12:09:57 +0000,2.5,5,00-0037327,Skylar Thompson,QB,BAL,ATL,3.9804550181928273,4.341576381185826,2.354397698167197,0,10.662566597327908,5.774060225635582,High,61,D
2026-10-09 12:09:57 +0000,2.5,5,00-0040981,Joe Fagnano,QB,BAL,ATL,3.972696594871439,4.332448824337133,2.352725694271577,0,10.06897108172244,5.774060225635582,High,62,D
2026-10-09 12:09:57 +0000,2.5,5,00-0028118,Tyrod Taylor,QB,GB,CHI,3.951355119725393,4.1413169704001636,2.728752449761227,0,10.12200671482534,6.02852928967903,Medium,63,D
2026-10-09 12:09:57 +0000,2.5,5,00-0035264,Jarrett Stidham,QB,DEN,LAC,3.8357091471881057,4.220038321126955,1.405887975558957,0,9.754091013722723,5.774060225635582,High,64,Neutral
2026-10-09 12:09:57 +0000,2.5,5,00-0034577,Kyle Allen,QB,BUF,LA,3.7070329170033074,4.275884881978495,1.2048985867691653,0,10.217369614088282,5.774060225635582,High,65,C
2026-10-09 12:09:57 +0000,2.5,5,00-0039107,Stetson Bennett,QB,LA,BUF,3.6246556232615617,4.058015866635396,1.7414934287521853,0,10.116126991388937,5.774060225635582,High,66,C
2026-10-09 12:09:57 +0000,2.5,5,00-0035289,Gardner Minshew,QB,ARI,DET,3.612555298913981,3.957646928241984,2.2254680362545844,0,10.037892658365784,5.774060225635582,High,67,D
2026-10-09 12:09:57 +0000,2.5,5,00-0038476,Tommy DeVito,QB,NE,LV,3.577605912339494,3.990607966689275,1.4287833601692568,0,9.998390262795024,5.774060225635582,High,68,Neutral
2026-10-09 12:09:57 +0000,2.5,5,00-0039376,Spencer Rattler,QB,NO,MIN,3.4756168078596463,3.75875152690914,2.554216995115785,0,9.896401158315175,5.774060225635582,High,69,F
2026-10-09 12:09:57 +0000,2.5,5,00-0036972,Mac Jones,QB,SF,SEA,3.462623745600266,3.998273255661286,2.3687372788839314,0,9.38545097507529,6.382462858778202,Low,70,D
2026-10-09 12:09:57 +0000,2.5,5,00-0041414,Matthew Caldwell,QB,LA,BUF,3.385641302309333,3.688976563240849,0.7286779972945099,0,9.309300787907794,6.02852928967903,Medium,71,C
2026-10-09 12:09:57 +0000,2.5,5,00-0040589,Kurtis Rourke,QB,SF,SEA,3.3547576931502467,3.762788712672865,2.0063390049813323,0,9.450601431974828,5.774060225635582,High,72,F
2026-10-09 12:09:57 +0000,2.5,5,00-0037013,Zach Wilson,QB,NO,MIN,3.3271952447322852,3.588869655486164,2.3590924120808787,0,9.752532604184086,6.02852928967903,Medium,73,D
2026-10-09 12:09:57 +0000,2.5,5,00-0033949,Joshua Dobbs,QB,DET,ARI,3.277535926093666,3.69417615005784,0.17801290183683394,0,9.782558475804546,6.02852928967903,Medium,74,Neutral
2026-10-09 12:09:57 +0000,2.5,5,00-0040211,Graham Mertz,QB,HOU,TEN,3.2550803021339463,3.5790982755665555,1.3788977470229322,0,9.960557956524951,6.02852928967903,Medium,75,D
2026-10-09 12:09:57 +0000,2.5,5,00-0039534,Carter Bradley,QB,JAX,PHI,3.235079473411594,3.491215320376268,0.35882384648499643,0,9.264166008460112,6.02852928967903,Medium,76,Neutral
2026-10-09 12:09:57 +0000,2.5,5,00-0036898,Davis Mills,QB,HOU,TEN,3.114026393087536,3.395796251754936,1.2530304511108556,0,9.297538179133168,6.02852928967903,Medium,77,D
2026-10-09 12:09:57 +0000,2.5,5,00-0040234,Quinn Ewers,QB,JAX,PHI,2.990465833834391,3.187160627621741,0.28353031088398994,0,9.682538934251196,6.02852928967903,Medium,78,Neutral
2026-10-09 12:09:57 +0000,2.5,5,00-0041123,Behren Morton,QB,NE,LV,2.9090038127691793,3.269440094278285,0.33557431902276,0,9.332524660041871,6.02852928967903,Medium,80,C
2026-10-09 12:09:57 +0000,2.5,5,00-0040203,Will Howard,QB,PIT,IND,2.885139893766874,3.1696836589325104,0.47148862287294513,0,9.622125886570917,6.02852928967903,Medium,81,C
2026-10-09 12:09:57 +0000,2.5,5,00-0040673,Jalen Milroe,QB,SEA,SF,2.6410684143403733,2.910635966284551,0.4336528591199649,0,9.459694304418392,6.02852928967903,Medium,82,C
2026-10-09 12:09:57 +0000,2.5,5,00-0034771,Mason Rudolph,QB,PIT,IND,2.507291202181381,2.848561036158779,1.1928079891450412,0,8.904353502306975,6.02852928967903,Medium,83,C
2026-10-08 17:55:40 +0000,2.5,5,00-0037077,Sam Howell,QB,DAL,TB,2.6815361697492555,2.9067525254765627,0,0,8.839756815371876,6.382462858778202,Low,83,C
2026-10-08 17:55:40 +0000,2.5,5,00-0034855,Baker Mayfield,QB,TB,DAL,0,0,0,0,0,5.774060225635582,High,86,Neutral
2026-10-09 12:09:57 +0000,2.5,5,00-0039139,Jahmyr Gibbs,RB,DET,ARI,20.164013407383703,21.265389745795083,21.265389745795083,16.681944234140538,24.213954959038553,5.339770194966193,Low,1,Neutral
2026-10-09 12:09:57 +0000,2.5,5,00-0037840,Kyren Williams,RB,LA,BUF,18.18603958729598,18.422747811301733,18.422747811301733,14.690753927632567,22.058032955954836,5.339770194966193,Low,2,C
2026-10-09 12:09:57 +0000,2.5,5,00-0038542,Bijan Robinson,RB,ATL,BAL,17.93972793034369,18.511209153159093,18.511209153159093,14.413262350520393,21.472232486703096,5.339770194966193,Low,3,C
2026-10-09 12:09:57 +0000,2.5,5,00-0036223,Jonathan Taylor,RB,IND,PIT,17.113294941021326,17.79407958449824,17.79407958449824,13.689492470668595,21.364108965823142,5.339770194966193,Low,4,D
2026-10-09 12:09:57 +0000,2.5,5,00-0032764,Derrick Henry,RB,BAL,ATL,16.216960087006655,17.152865328370627,17.152865328370627,12.930605997635404,20.708434044503605,5.339770194966193,Low,5,C
2026-10-08 17:55:40 +0000,2.5,5,00-0036997,Javonte Williams,RB,DAL,TB,16.909016100104218,16.47160593602709,16.47160593602709,13.388100004552186,21.228700228142053,5.339770194966193,Low,5,Neutral
2026-10-09 12:09:57 +0000,2.5,5,00-0037248,James Cook,RB,BUF,LA,16.160435451867542,16.558074221444077,16.558074221444077,12.566645460694938,19.995874487180313,5.339770194966193,Low,6,C
2026-10-09 12:09:57 +0000,2.5,5,00-0033280,Christian McCaffrey,RB,SF,SEA,15.00192677212385,15.649955568322506,15.649955568322506,11.481010676571817,19.321610900161687,5.339770194966193,Low,7,Neutral
2026-10-09 12:09:57 +0000,2.5,5,00-0038597,Chase Brown,RB,CIN,MIA,14.337953747948417,13.86387700926748,13.86387700926748,10.739107528789951,18.48980916081627,4.1906550461485725,Medium,8,Neutral
2026-10-09 12:09:57 +0000,2.5,5,00-0040122,Ashton Jeanty,RB,LV,NE,14.076375933933404,14.182734041622917,14.182734041622917,10.752039846759798,17.823204808057888,5.339770194966193,Low,9,Neutral
2026-10-09 12:09:57 +0000,2.5,5,00-0036275,D'Andre Swift,RB,CHI,GB,13.879274131361685,13.964982511747513,13.964982511747513,10.448754279683165,18.323230325101555,4.1906550461485725,Medium,10,Neutral
2026-10-09 12:09:57 +0000,2.5,5,00-0035700,Josh Jacobs,RB,GB,CHI,13.586058054658812,14.124774947468785,14.124774947468785,10.38438924195912,17.696186488859396,4.1906550461485725,Medium,11,Neutral
2026-10-09 12:09:57 +0000,2.5,5,00-0037228,Jaylen Warren,RB,PIT,IND,13.121301448965404,12.77906865821613,12.77906865821613,9.683765600451103,16.815881279061493,4.1906550461485725,Medium,12,Neutral
2026-10-09 12:09:57 +0000,2.5,5,00-0041027,Jeremiyah Love,RB,ARI,DET,12.300704011427904,12.695332267607316,12.695332267607316,8.83363503818763,16.350634475616072,4.1906550461485725,Medium,13,Neutral
2026-10-09 12:09:57 +0000,2.5,5,00-0040666,Omarion Hampton,RB,LAC,DEN,12.155719374636224,12.627465519194676,12.627465519194676,8.769496041384187,16.349831008408938,3.0109528980360203,High,14,Neutral
2026-10-09 12:09:57 +0000,2.5,5,00-0033293,Aaron Jones,RB,MIN,NO,11.932051640727495,11.52430191207269,11.52430191207269,8.361434749367925,15.59431268888757,4.1906550461485725,Medium,15,Neutral
2026-10-09 12:09:57 +0000,2.5,5,00-0040715,Cam Skattebo,RB,NYG,WAS,11.779468679371169,12.253678798594205,12.253678798594205,8.300475623215686,15.622956373857132,3.0109528980360203,High,16,Neutral
2026-10-09 12:09:57 +0000,2.5,5,00-0040784,Quinshon Judkins,RB,CLE,NYJ,11.607090233272343,11.618890828328514,11.618890828328514,8.296930392329049,15.645805360290652,5.339770194966193,Low,17,Neutral
2026-10-09 12:09:57 +0000,2.5,5,00-0038120,Breece Hall,RB,NYJ,CLE,11.223701888994825,11.398381739963304,11.398381739963304,7.918849164607122,15.416582521978938,4.1906550461485725,Medium,18,Neutral
2026-10-08 17:55:40 +0000,2.5,5,00-0039361,Bucky Irving,RB,TB,DAL,11.593494411708049,11.867460654464692,11.867460654464692,8.288641687320348,15.786375044692166,5.339770194966193,Low,18,Neutral
2026-10-09 12:09:57 +0000,2.5,5,00-0040719,Bhayshul Tuten,RB,JAX,PHI,10.855346610317564,10.96386068515825,10.96386068515825,7.347059098660765,14.680765383141896,4.1906550461485725,Medium,19,Neutral
2026-10-09 12:09:57 +0000,2.5,5,00-0039040,De'Von Achane,RB,MIA,CIN,10.763770981846694,11.870716259903062,11.870716259903062,7.378053657710701,14.78891368958913,5.339770194966193,Low,20,Neutral
2026-10-09 12:09:57 +0000,2.5,5,00-0036973,Travis Etienne,RB,NO,MIN,9.974128600403056,10.445049246782895,10.445049246782895,6.624346387883601,14.2055898530272,3.0109528980360203,High,21,Neutral
2026-10-09 12:09:57 +0000,2.5,5,00-0037525,Jordan Mason,RB,MIN,NO,9.737111654672455,9.91433142309165,9.91433142309165,6.407697257310441,13.899393703075807,4.1906550461485725,Medium,22,Neutral
2026-10-09 12:09:57 +0000,2.5,5,00-0040236,Kyle Monangai,RB,CHI,GB,9.66158259065026,9.836568895849076,9.836568895849076,6.2422689204183275,13.495560884965776,4.1906550461485725,Medium,23,Neutral
2026-10-09 12:09:57 +0000,2.5,5,00-0040730,RJ Harvey,RB,DEN,LAC,9.66107530653121,10.090103150260475,10.090103150260475,6.223563213034185,13.566470340960768,4.1906550461485725,Medium,24,Neutral
2026-10-09 12:09:57 +0000,2.5,5,00-0035685,David Montgomery,RB,HOU,TEN,9.521564659661028,9.898991699993571,9.898991699993571,6.106457815658365,13.671899887497185,4.1906550461485725,Medium,25,Neutral
2026-10-09 12:09:57 +0000,2.5,5,00-0037746,Brian Robinson,RB,ATL,BAL,9.33524778663366,9.667159466221912,9.667159466221912,5.948306743010895,13.52882907737874,3.0109528980360203,High,26,Neutral
2026-10-09 12:09:57 +0000,2.5,5,00-0036875,Rhamondre Stevenson,RB,NE,LV,9.233636252511936,9.661355655007984,9.661355655007984,5.597671513139142,12.552561775251544,3.0109528980360203,High,27,Neutral
2026-10-09 12:09:57 +0000,2.5,5,00-0035261,Tony Pollard,RB,TEN,HOU,9.19357940193525,9.611532640407638,9.611532640407638,5.73938040368814,13.50505296327606,3.0109528980360203,High,28,Neutral
2026-10-09 12:09:57 +0000,2.5,5,00-0038797,Emanuel Wilson,RB,SEA,SF,8.778634304502322,9.04065015585467,9.04065015585467,5.26481308275195,12.596587825678592,4.1906550461485725,Medium,29,Neutral
2026-10-09 12:09:57 +0000,2.5,5,00-0040734,TreVeyon Henderson,RB,NE,LV,8.740389756729726,9.4269148684265,9.4269148684265,5.312291117737443,12.833379146612351,4.1906550461485725,Medium,30,Neutral
2026-10-09 12:09:57 +0000,2.5,5,00-0039165,Zach Charbonnet,RB,SEA,SF,8.651689865877366,9.33658191517724,9.33658191517724,5.09544880003598,12.891727786120146,4.1906550461485725,Medium,31,Neutral
2026-10-09 12:09:57 +0000,2.5,5,00-0033906,Alvin Kamara,RB,NO,MIN,8.270763770137961,8.960205474630332,8.960205474630332,4.833297382852344,11.67987723192428,4.1906550461485725,Medium,32,Neutral
2026-10-09 12:09:57 +0000,2.5,5,00-0033553,James Conner,RB,ARI,DET,8.173429698216678,8.724975952744146,8.724975952744146,4.7774889477858515,12.05374265491324,5.339770194966193,Low,33,Neutral
2026-10-09 12:09:57 +0000,2.5,5,00-0040198,Ollie Gordon II,RB,MIA,CIN,7.865214197189794,7.839301030339493,7.839301030339493,4.446392673195312,12.081375806486696,5.339770194966193,Low,34,Neutral
2026-10-09 12:09:57 +0000,2.5,5,00-0037256,Rachaad White,RB,WAS,NYG,7.819832332213472,8.175981055100404,8.175981055100404,4.4652268012071215,12.013147886422791,3.0109528980360203,High,35,Neutral
2026-10-09 12:09:57 +0000,2.5,5,00-0040242,Jacory Croskey-Merritt,RB,WAS,NYG,7.701078193009762,8.128208388346813,8.128208388346813,4.171622681043793,11.110099082808516,4.1906550461485725,Medium,36,Neutral
2026-10-09 12:09:57 +0000,2.5,5,00-0036139,Rico Dowdle,RB,PIT,IND,7.590037414083175,8.08702614853679,8.08702614853679,4.314795642098801,11.534571828785683,4.1906550461485725,Medium,37,Neutral
2026-10-09 12:09:57 +0000,2.5,5,00-0040583,Woody Marks,RB,HOU,TEN,7.584661431379163,8.061148636776839,8.061148636776839,4.293929866066019,12.13984817957877,3.0109528980360203,High,38,Neutral
2026-10-09 12:09:57 +0000,2.5,5,00-0041512,Jadarian Price,RB,SEA,SF,7.2885288092325196,7.971129600892475,7.971129600892475,3.975520731548562,11.172310474926006,4.1906550461485725,Medium,39,Neutral
2026-10-09 12:09:57 +0000,2.5,5,00-0036158,J.K. Dobbins,RB,DEN,LAC,7.271908306467227,7.620701550568416,7.620701550568416,3.969956401727641,11.459344901932443,4.1906550461485725,Medium,40,Neutral
2026-10-09 12:09:57 +0000,2.5,5,00-0039794,Braelon Allen,RB,NYJ,CLE,7.15356061799728,7.34442885068773,7.34442885068773,3.7357484737133726,11.28474818628224,5.339770194966193,Low,41,Neutral
2026-10-09 12:09:57 +0000,2.5,5,00-0034844,Saquon Barkley,RB,PHI,JAX,7.046480746743519,7.739200286180403,7.739200286180403,3.7231855112417622,11.160057513966152,5.339770194966193,Low,42,Neutral
2026-10-09 12:09:57 +0000,2.5,5,00-0037263,Tyler Allgeier,RB,ARI,DET,6.574388606804971,6.973272879149748,6.973272879149748,3.2062943024233905,10.76285234176405,3.0109528980360203,High,43,Neutral
2026-10-09 12:09:57 +0000,2.5,5,00-0039921,Trey Benson,RB,ARI,DET,5.872717146701741,6.338320738683326,6.338320738683326,2.4310418596120154,10.06977584782605,5.339770194966193,Low,44,Neutral
2026-10-09 12:09:57 +0000,2.5,5,00-0039738,Blake Corum,RB,LA,BUF,5.6583092002618764,6.015248472995482,6.015248472995482,2.1788816665018604,9.661453058844296,3.0109528980360203,High,45,Neutral
2026-10-09 12:09:57 +0000,2.5,5,00-0038611,Chris Rodriguez Jr.,RB,JAX,PHI,5.609455911915698,6.353988636960867,6.353988636960867,2.1898372467537413,9.20910222536809,4.1906550461485725,Medium,46,Neutral
2026-10-08 17:55:40 +0000,2.5,5,00-0036919,Kenny Gainwell,RB,TB,DAL,6.118031346456859,6.621547817696635,6.621547817696635,2.6022802152770064,9.795038103645044,4.1906550461485725,Medium,46,Neutral
2026-10-09 12:09:57 +0000,2.5,5,00-0038454,Keaton Mitchell,RB,LAC,DEN,5.5709042845148815,6.157333893148526,6.157333893148526,2.055153153335029,9.247911041703066,3.0109528980360203,High,47,Neutral
2026-10-09 12:09:57 +0000,2.5,5,00-0039811,MarShawn Lloyd,RB,GB,CHI,5.4690835279492545,5.902548830036324,5.902548830036324,1.9008510474111069,9.507787567500884,4.1906550461485725,Medium,48,Neutral
2026-10-09 12:09:57 +0000,2.5,5,00-0035250,Devin Singletary,RB,NYG,WAS,5.323069916567688,5.988570875215366,5.988570875215366,1.753017983208116,9.867984102547622,4.1906550461485725,Medium,49,Neutral
2026-10-09 12:09:57 +0000,2.5,5,00-0038555,Tank Bigsby,RB,PHI,JAX,5.209138704196842,6.017205750454369,6.017205750454369,1.7936378623135387,8.925685428392427,3.0109528980360203,High,50,Neutral
2026-10-09 12:09:57 +0000,2.5,5,00-0041496,Jonah Coleman,RB,DEN,LAC,4.9314461949371875,5.297550508366253,5.297550508366253,1.6189933856424257,9.33483773931968,3.0109528980360203,High,51,Neutral
2026-10-09 12:09:57 +0000,2.5,5,00-0040142,Kaleb Johnson,RB,GB,CHI,4.639129622651184,4.96514512225708,4.96514512225708,1.3231501618187695,9.12147555335895,3.0109528980360203,High,52,Neutral
2026-10-09 12:09:57 +0000,2.5,5,00-0039032,Tyjae Spears,RB,TEN,HOU,4.547782572934867,4.879088788983143,4.879088788983143,1.243856027260228,8.408808001321837,4.1906550461485725,Medium,53,Neutral
2026-10-09 12:09:57 +0000,2.5,5,00-0036893,Najee Harris,RB,NYG,WAS,4.415810467823263,5.059950831424503,5.059950831424503,0.9229547318659056,8.245576599369963,4.1906550461485725,Medium,54,Neutral
2026-10-09 12:09:57 +0000,2.5,5,00-0037197,Isiah Pacheco,RB,DET,ARI,4.412504355054965,5.051877964028107,5.051877964028107,1.0887753505783162,8.468463949512367,5.339770194966193,Low,55,Neutral
2026-10-08 17:55:40 +0000,2.5,5,00-0038951,Sean Tucker,RB,TB,DAL,4.768189050310999,5.584420649145543,5.584420649145543,1.4444600458343504,8.824148644768401,4.1906550461485725,Medium,55,Neutral
2026-10-09 12:09:57 +0000,2.5,5,00-0038551,Kendre Miller,RB,NO,MIN,4.384085842863678,5.061053407896075,5.061053407896075,0.9592940314887796,8.352639339918005,3.0109528980360203,High,56,Neutral
2026-10-09 12:09:57 +0000,2.5,5,00-0035537,Ty Johnson,RB,BUF,LA,4.322116644863916,4.889694258832694,4.889694258832694,0.9719388493501048,8.538806310421101,3.0109528980360203,High,57,Neutral
2026-10-09 12:09:57 +0000,2.5,5,00-0033526,Samaje Perine,RB,CIN,MIA,4.308008197386044,4.579083788166411,4.579083788166411,0.8577502822312252,8.582402628166562,3.0109528980360203,High,58,Neutral
2026-10-09 12:09:57 +0000,2.5,5,00-0039391,Kimani Vidal,RB,LAC,DEN,4.25670267429442,4.790126410076884,4.790126410076884,0.8253387159230847,8.470476512177108,5.339770194966193,Low,59,Neutral
2026-10-09 12:09:57 +0000,2.5,5,00-0034975,Justice Hill,RB,BAL,ATL,4.2222856566167115,4.6240640772036485,4.6240640772036485,0.9124440113896244,7.97245413871829,3.0109528980360203,High,60,Neutral
2026-10-09 12:09:57 +0000,2.5,5,00-0039373,Audric Estimé,RB,NO,MIN,4.176651149167758,4.814698056343257,4.814698056343257,0.6148132035870837,8.393342160127425,4.1906550461485725,Medium,61,Neutral
2026-10-09 12:09:57 +0000,2.5,5,00-0041052,Kaelon Black,RB,SF,SEA,4.124441014913727,4.638911331250568,4.638911331250568,0.7125808465170561,7.929239615515748,3.0109528980360203,High,62,Neutral
2026-10-09 12:09:57 +0000,2.5,5,00-0040202,Devin Neal,RB,NO,MIN,3.947609572514133,4.519738919542284,4.519738919542284,0.5101431852285163,7.974905237803517,4.1906550461485725,Medium,63,Neutral
2026-10-09 12:09:57 +0000,2.5,5,00-0040466,Raheim Sanders,RB,CLE,NYJ,3.846272738481893,4.1671681513464645,4.1671681513464645,0.35404470233791224,7.691609416172256,3.0109528980360203,High,64,Neutral
2026-10-09 12:09:57 +0000,2.5,5,00-0040878,Mike Washington Jr.,RB,LV,NE,3.7952561154070255,4.456100806466562,4.456100806466562,0.49555402110248353,7.976271115147378,3.0109528980360203,High,65,Neutral
2026-10-09 12:09:57 +0000,2.5,5,00-0037329,Brittain Brown,RB,CHI,GB,3.6847719884016703,4.3515874283794265,4.3515874283794265,0.3013156720714138,7.472373731622103,3.0109528980360203,High,66,Neutral
2026-10-09 12:09:57 +0000,2.5,5,00-0039299,George Holani,RB,SEA,SF,3.5587008250401087,3.825406927813471,3.825406927813471,0.12210824682739709,7.292441118876107,4.1906550461485725,Medium,67,Neutral
2026-10-09 12:09:57 +0000,2.5,5,00-0037157,Bam Knight,RB,ARI,DET,3.4231165742660927,3.996742125889427,3.996742125889427,0.05873929188464194,7.901079920009757,4.1906550461485725,Medium,68,Neutral
2026-10-09 12:09:57 +0000,2.5,5,00-0033955,Jeremy McNichols,RB,WAS,NYG,3.3129583095376933,3.744339598767139,3.744339598767139,0,7.297779947969455,4.1906550461485725,Medium,69,Neutral
2026-10-09 12:09:57 +0000,2.5,5,00-0039364,Sione Vaki,RB,DET,ARI,3.0465410837824,3.3434804691154127,3.3434804691154127,0,6.994578230808271,3.0109528980360203,High,71,Neutral
2026-10-09 12:09:57 +0000,2.5,5,00-0039746,Will Shipley,RB,PHI,JAX,3.0199251860042056,3.0561594579417988,3.0561594579417988,0,7.207771794572089,4.1906550461485725,Medium,72,Neutral
2026-10-09 12:09:57 +0000,2.5,5,00-0038685,Chris Brooks,RB,GB,CHI,2.974584433105225,3.115926444908884,3.115926444908884,0,6.540805275350374,4.1906550461485725,Medium,73,Neutral
2026-10-08 17:55:40 +0000,2.5,5,00-0037563,Malik Davis,RB,DAL,TB,3.286898176728688,3.745626235091973,3.745626235091973,0,7.234935323754559,4.1906550461485725,Medium,73,Neutral
2026-10-09 12:09:57 +0000,2.5,5,00-0039384,Tyrone Tracy Jr.,RB,NYG,WAS,2.940459460472085,3.511141462631194,3.511141462631194,0,7.090794688308242,5.339770194966193,Low,74,Neutral
2026-10-09 12:09:57 +0000,2.5,5,00-0037085,Tyler Badie,RB,DEN,LAC,2.909948149911642,3.1915528314341817,3.1915528314341817,0,7.338834355056279,3.0109528980360203,High,75,Neutral
2026-10-09 12:09:57 +0000,2.5,5,00-0037557,Ronnie Rivers,RB,LA,BUF,2.8079599395246406,3.139916932987471,3.139916932987471,0,6.9791713424848325,4.1906550461485725,Medium,77,Neutral
2026-10-09 12:09:57 +0000,2.5,5,00-0032104,Ameer Abdullah,RB,JAX,PHI,2.6823192503593645,3.1151476114338754,3.1151476114338754,0,6.586543913257905,3.0109528980360203,High,78,Neutral
2026-10-09 12:09:57 +0000,2.5,5,00-0040177,Jordan James,RB,SF,SEA,2.5832425353225936,3.0293185196173855,3.0293185196173855,0,6.868262096428299,3.0109528980360203,High,79,Neutral
2026-10-08 17:55:40 +0000,2.5,5,00-0038705,Emari Demercado,RB,DAL,TB,2.882252803746045,3.4005292530615847,3.4005292530615847,0,6.786477466644586,3.0109528980360203,High,80,Neutral
2026-10-09 12:09:57 +0000,2.5,5,00-0041096,Kaytron Allen,RB,WAS,NYG,2.5819412364102465,2.891915391390815,2.891915391390815,0,6.666172174985455,3.0109528980360203,High,80,Neutral
2026-10-09 12:09:57 +0000,2.5,5,00-0039874,Jaylen Wright,RB,MIA,CIN,2.451761882008513,2.918743122903223,2.918743122903223,0,6.49231017254102,4.1906550461485725,Medium,81,Neutral
2026-10-09 12:09:57 +0000,2.5,5,00-0040937,Dominic Richardson,RB,NYJ,CLE,2.390274566233604,2.8494810800047836,2.8494810800047836,0,6.276347505680117,4.1906550461485725,Medium,82,Neutral
2026-10-09 12:09:57 +0000,2.5,5,00-0041125,Seth McGowan,RB,IND,PIT,2.3782367086026586,2.6680945804592424,2.6680945804592424,0,6.179715387795385,3.0109528980360203,High,83,Neutral
2026-10-09 12:09:57 +0000,2.5,5,00-0040162,Dylan Sampson,RB,CLE,NYJ,2.340203999258806,2.8934382693792093,2.8934382693792093,0,6.34977108335935,5.339770194966193,Low,84,Neutral
2026-10-09 12:09:57 +0000,2.5,5,00-0039021,Roschon Johnson,RB,CHI,GB,2.249674675474307,2.590527650301997,2.590527650301997,0,6.437111270939524,3.0109528980360203,High,85,Neutral
2026-10-09 12:09:57 +0000,2.5,5,00-0039875,Ray Davis,RB,BUF,LA,2.1669308017570708,2.6781779287654635,2.6781779287654635,0,6.5710159950235525,4.1906550461485725,Medium,86,Neutral
2026-10-09 12:09:57 +0000,2.5,5,00-0039798,Isaiah Davis,RB,NYJ,CLE,2.1451900907873473,2.6255078583273663,2.6255078583273663,0,6.137236814595259,4.1906550461485725,Medium,87,Neutral
2026-10-09 12:09:57 +0000,2.5,5,00-0040556,Corey Kiner,RB,NE,LV,2.127572314313327,2.5719249991735884,2.5719249991735884,0,5.964772095228626,3.0109528980360203,High,88,Neutral
2026-10-09 12:09:57 +0000,2.5,5,00-0041323,Myles Montgomery,RB,NE,LV,2.108189654534828,2.6092191766922976,2.6092191766922976,0,6.056226801560699,3.0109528980360203,High,89,Neutral
2026-10-09 12:09:57 +0000,2.5,5,00-0041239,Chip Trayanum,RB,NYJ,CLE,2.0979512445526862,2.493077702805761,2.493077702805761,0,6.039465607078631,3.0109528980360203,High,90,Neutral
2026-10-09 12:09:57 +0000,2.5,5,00-0040886,Nicholas Singleton,RB,TEN,HOU,1.98728637796882,2.366918088456608,2.366918088456608,0,6.277866074311007,3.0109528980360203,High,91,Neutral
2026-10-09 12:09:57 +0000,2.5,5,00-0038488,Brady Russell,RB,SEA,SF,1.8664014180508184,2.1012391306114946,2.1012391306114946,0,5.9550668851227835,4.1906550461485725,Medium,92,Neutral
2026-10-09 12:09:57 +0000,2.5,5,00-0041104,Demond Claiborne,RB,MIN,NO,1.86476457225758,2.2544438173015653,2.2544438173015653,0,5.578039317135001,3.0109528980360203,High,93,Neutral
2026-10-09 12:09:57 +0000,2.5,5,00-0036187,Reggie Gilliam,RB,NE,LV,1.8175268704507916,1.966374769496658,1.966374769496658,0,5.651365639808054,4.1906550461485725,Medium,94,Neutral
2026-10-09 12:09:57 +0000,2.5,5,00-0036984,Trey Sermon,RB,ATL,BAL,1.8095099418395817,2.2759028969824397,2.2759028969824397,0,5.848953031600444,3.0109528980360203,High,95,Neutral
2026-10-09 12:09:57 +0000,2.5,5,00-0040179,DJ Giddens,RB,IND,PIT,1.7718439594651143,2.193639306191161,2.193639306191161,0,5.468277613819156,3.0109528980360203,High,96,Neutral
2026-10-09 12:09:57 +0000,2.5,5,00-0040888,Adam Randall,RB,BAL,ATL,1.765519150906789,2.20750234356095,2.20750234356095,0,5.5705555210942705,3.0109528980360203,High,97,Neutral
2026-10-09 12:09:57 +0000,2.5,5,00-0041436,DJ Herman,RB,MIA,CIN,1.7206436748724483,1.848965882605215,1.848965882605215,0,5.662006527760415,3.0109528980360203,High,98,Neutral
2026-10-09 12:09:57 +0000,2.5,5,00-0037276,Ty Chandler,RB,NO,MIN,1.6512207227568922,1.982320770993275,1.982320770993275,0,5.953838824217733,4.1906550461485725,Medium,99,Neutral
2026-10-09 12:09:57 +0000,2.5,5,00-0040238,LeQuint Allen Jr.,RB,JAX,PHI,1.6011965642054968,2.0779545704069724,2.0779545704069724,0,5.7906574504255275,3.0109528980360203,High,100,Neutral
2026-10-09 12:09:57 +0000,2.5,5,00-0036670,Jermar Jefferson,RB,MIN,NO,1.55760076415614,1.8497495108002096,1.8497495108002096,0,5.571178034894599,3.0109528980360203,High,101,Neutral
2026-10-08 17:55:40 +0000,2.5,5,00-0038738,Hunter Luepke,RB,DAL,TB,1.7938751600797729,2.147873873173588,2.147873873173588,0,5.627713929437036,3.0109528980360203,High,102,Neutral
2026-10-09 12:09:57 +0000,2.5,5,00-0039363,Isaac Guerendo,RB,SF,SEA,1.5555340135360856,1.9128429838965475,1.9128429838965475,0,5.618267025276433,3.0109528980360203,High,102,Neutral
2026-10-09 12:09:57 +0000,2.5,5,00-0041490,Eli Heidenreich,RB,PIT,IND,1.5249768966269883,2.008098754688727,2.008098754688727,0,5.143849380971778,3.0109528980360203,High,103,Neutral
2026-10-09 12:09:57 +0000,2.5,5,00-0033376,Patrick Ricard,RB,NYG,WAS,1.4734044305455956,1.3070559830853306,1.3070559830853306,0,5.991768778785836,3.0109528980360203,High,104,Neutral
2026-10-09 12:09:57 +0000,2.5,5,00-0037304,Connor Heyward,RB,LV,NE,1.362814382331966,1.60804045713714,1.60804045713714,0,5.492440833123134,3.0109528980360203,High,105,Neutral
2026-10-09 12:09:57 +0000,2.5,5,00-0029892,Kyle Juszczyk,RB,SF,SEA,1.350457659069821,1.6387992829142932,1.6387992829142932,0,5.173732881382885,3.0109528980360203,High,106,Neutral
2026-10-09 12:09:57 +0000,2.5,5,00-0041081,Max Bredeson,RB,MIN,NO,1.3447934910542272,1.7244716946406735,1.7244716946406735,0,5.924167113715003,3.0109528980360203,High,107,Neutral
2026-10-09 12:09:57 +0000,2.5,5,00-0039244,Chris Collier,RB,LV,NE,1.3420682443925025,1.5881950449018647,1.5881950449018647,0,5.236409001256563,3.0109528980360203,High,108,Neutral
2026-10-09 12:09:57 +0000,2.5,5,00-0040649,Robbie Ouzts,RB,SEA,SF,1.322580177996035,1.5718882189101766,1.5718882189101766,0,5.4083666439024185,3.0109528980360203,High,109,Neutral
2026-10-09 12:09:57 +0000,2.5,5,00-0034959,Andrew Beck,RB,NYJ,CLE,1.3024150247598851,1.457179894791496,1.457179894791496,0,4.827834808491066,3.0109528980360203,High,110,Neutral
2026-10-09 12:09:57 +0000,2.5,5,00-0038896,Jacob Saylors,RB,DET,ARI,1.2765730480870412,1.657085300984951,1.657085300984951,0,5.03409811620516,3.0109528980360203,High,111,Neutral
2026-10-09 12:09:57 +0000,2.5,5,00-0031595,Michael Burton,RB,CLE,NYJ,1.2662440328006503,1.4589124106515812,1.4589124106515812,0,5.8047875448357384,3.0109528980360203,High,112,Neutral
2026-10-09 12:09:57 +0000,2.5,5,00-0039603,British Brooks,RB,HOU,TEN,1.2580756551177037,1.6260235658927658,1.6260235658927658,0,5.493927696644777,3.0109528980360203,High,113,Neutral
2026-10-09 12:09:57 +0000,2.5,5,00-0038614,Scott Matlock,RB,LAC,DEN,1.2300361024478943,1.4834172196529976,1.4834172196529976,0,5.103000953028311,3.0109528980360203,High,114,Neutral
2026-10-09 12:09:57 +0000,2.5,5,00-0035125,Alec Ingold,RB,LAC,DEN,1.1458725749213428,1.3804157544827078,1.3804157544827078,0,5.779100955928599,3.0109528980360203,High,115,Neutral
2026-10-09 12:09:57 +0000,2.5,5,00-0040208,Tahj Brooks,RB,CIN,MIA,1.1242519537940332,1.4516841869034525,1.4516841869034525,0,5.0637512973143455,3.0109528980360203,High,116,Neutral
2026-10-09 12:09:57 +0000,2.5,5,00-0039796,Rasheen Ali,RB,BAL,ATL,1.061176682834709,1.4618883556196864,1.4618883556196864,0,4.876447615629706,3.0109528980360203,High,117,Neutral
2026-10-09 12:09:57 +0000,2.5,5,00-0036842,Kene Nwangwu,RB,NYJ,CLE,0.9579092898055428,1.1873000701388452,1.1873000701388452,0,5.445072785478799,3.0109528980360203,High,118,Neutral
2026-10-09 12:09:57 +0000,2.5,5,00-0039407,Dylan Laube,RB,LV,NE,0.8896689480336455,1.1709664450929202,1.1709664450929202,0,4.669899791299487,3.0109528980360203,High,119,Neutral
2026-10-09 12:09:57 +0000,2.5,5,00-0037594,Julius Chestnut,RB,TEN,HOU,0.8366602621560648,1.0821462858412032,1.0821462858412032,0,5.050861083944061,3.0109528980360203,High,120,Neutral
2026-10-09 12:09:57 +0000,2.5,5,00-0037744,Trey McBride,TE,ARI,DET,13.678130416488466,13.678130416488466,12.612723418205956,11.029237495313538,16.32246568904607,4.217192999645614,Low,1,B+
2026-10-09 12:09:57 +0000,2.5,5,00-0039338,Brock Bowers,TE,LV,NE,11.091259518154809,11.091259518154809,10.8036189711054,8.26336310142136,13.42212397844131,4.217192999645614,Low,2,Neutral
2026-10-09 12:09:57 +0000,2.5,5,00-0039065,Sam LaPorta,TE,DET,ARI,10.680004855705882,10.680004855705882,10.28328015415274,7.97099687342317,13.690937957630982,4.217192999645614,Low,3,Neutral
2026-10-09 12:09:57 +0000,2.5,5,00-0037838,Isaiah Likely,TE,NYG,WAS,10.012701420666652,10.012701420666652,8.247074529279628,7.314328236447652,12.347436100118385,4.217192999645614,Low,4,Neutral
2026-10-09 12:09:57 +0000,2.5,5,00-0035229,T.J. Hockenson,TE,MIN,NO,9.031017534560208,9.031017534560208,8.13746328054643,6.187275867026326,11.474053403295455,4.217192999645614,Low,5,Neutral
2026-10-08 17:55:40 +0000,2.5,5,00-0038129,Cade Otton,TE,TB,DAL,9.782902674930051,9.782902674930051,9.552553610733671,7.046407476297,12.267753817099678,2.8419404727693593,Medium,6,B+
2026-10-09 12:09:57 +0000,2.5,5,00-0033288,George Kittle,TE,SF,SEA,8.816049416883292,8.816049416883292,9.999491165137435,6.012311527664109,11.315256798116124,4.217192999645614,Low,6,D
2026-10-09 12:09:57 +0000,2.5,5,00-0038935,Brenton Strange,TE,JAX,PHI,8.798848283095001,8.798848283095001,8.182420106822214,6.124618916473213,11.280529102563955,4.217192999645614,Low,7,Neutral
2026-10-09 12:09:57 +0000,2.5,5,00-0040663,Harold Fannin Jr.,TE,CLE,NYJ,8.769730227367363,8.769730227367363,8.97152323265696,6.070997498169475,10.818574737547666,4.217192999645614,Low,8,Neutral
2026-10-09 12:09:57 +0000,2.5,5,00-0038996,Tucker Kraft,TE,GB,CHI,8.742484038736022,8.742484038736022,8.828429918099385,6.005988840102969,11.227335180905644,4.217192999645614,Low,9,Neutral
2026-10-09 12:09:57 +0000,2.5,5,00-0040128,Tyler Warren,TE,IND,PIT,8.375187020717583,8.375187020717583,8.3808672376346,5.5319754187382,10.918396514410007,2.8419404727693593,Medium,10,Neutral
2026-10-09 12:09:57 +0000,2.5,5,00-0040126,Colston Loveland,TE,CHI,GB,7.588615470436197,7.588615470436197,7.685947691173016,4.953839369847938,10.029489816590235,4.217192999645614,Low,11,Neutral
2026-10-09 12:09:57 +0000,2.5,5,00-0036894,Pat Freiermuth,TE,PIT,IND,7.583043476619596,7.583043476619596,6.764514752384385,4.753669495513774,9.73151590493864,2.8419404727693593,Medium,12,Neutral
2026-10-09 12:09:57 +0000,2.5,5,00-0038933,Dalton Kincaid,TE,BUF,LA,7.482209825080865,7.482209825080865,7.090019179882692,4.799112012455043,9.871446132758608,4.217192999645614,Low,13,Neutral
2026-10-09 12:09:57 +0000,2.5,5,00-0034383,Dalton Schultz,TE,HOU,TEN,7.424740950194913,7.424740950194913,7.501282499788893,4.674306012283332,9.96634478229948,4.217192999645614,Low,14,Neutral
2026-10-09 12:09:57 +0000,2.5,5,00-0041032,Kenyon Sadiq,TE,NYJ,CLE,7.318082442742616,7.318082442742616,6.450664413203213,4.775641266663815,9.701565357852257,4.217192999645614,Low,15,Neutral
2026-10-09 12:09:57 +0000,2.5,5,00-0034753,Mark Andrews,TE,BAL,ATL,6.986231189087324,6.986231189087324,6.822757104698052,4.319004359861337,9.42710553524136,4.217192999645614,Low,16,Neutral
2026-10-09 12:09:57 +0000,2.5,5,00-0039066,Michael Mayer,TE,LV,NE,6.976241642856193,6.976241642856193,7.0734692951709235,4.174001908663006,9.422573601848438,2.8419404727693593,Medium,17,Neutral
2026-10-09 12:09:57 +0000,2.5,5,00-0033090,Hunter Henry,TE,NE,LV,6.970889954151098,6.970889954151098,6.974917206933863,4.261612071922486,9.449478395667338,2.8419404727693593,Medium,18,Neutral
2026-10-09 12:09:57 +0000,2.5,5,00-0033110,Tyler Higbee,TE,LA,BUF,6.9541568184712,6.9541568184712,6.6448139751068425,4.187217864826689,9.55638016297862,4.217192999645614,Low,19,Neutral
2026-10-08 17:55:40 +0000,2.5,5,00-0038041,Jake Ferguson,TE,DAL,TB,6.6965957172886474,6.6965957172886474,6.221657548627425,4.154154541209846,9.080078632398289,4.217192999645614,Low,20,Neutral
2026-10-09 12:09:57 +0000,2.5,5,00-0036040,Juwan Johnson,TE,NO,MIN,6.93719338997399,6.93719338997399,7.414929446214157,4.007169712585304,9.288970538312388,4.217192999645614,Low,20,Neutral
2026-10-09 12:09:57 +0000,2.5,5,00-0039793,AJ Barner,TE,SEA,SF,6.859851392808193,6.859851392808193,6.852222345379091,4.193510877560673,9.199671881246656,4.217192999645614,Low,21,Neutral
2026-10-09 12:09:57 +0000,2.5,5,00-0034829,Mike Gesicki,TE,CIN,MIA,6.332708566779129,6.332708566779129,5.516125759866501,3.615382330711459,8.717015616693368,2.8419404727693593,Medium,22,Neutral
2026-10-09 12:09:57 +0000,2.5,5,00-0034351,Dallas Goedert,TE,PHI,JAX,6.2919274452623934,6.2919274452623934,6.114854117792348,3.4140766726354403,8.912576887753758,4.217192999645614,Low,23,Neutral
2026-10-09 12:09:57 +0000,2.5,5,00-0040189,Oronde Gadsden II,TE,LAC,DEN,6.198174404957763,6.198174404957763,6.292680607662424,3.58507683128446,8.814038602602864,4.217192999645614,Low,24,Neutral
2026-10-09 12:09:57 +0000,2.5,5,00-0037252,Greg Dulcich,TE,MIA,CIN,5.87281685629598,5.87281685629598,6.126714443441526,3.173748350677931,8.590421361604394,2.8419404727693593,Medium,25,Neutral
2026-10-09 12:09:57 +0000,2.5,5,00-0040737,Terrance Ferguson,TE,LA,BUF,5.8356894931551455,5.8356894931551455,5.293179730662147,3.008290489119898,8.144596146146174,4.217192999645614,Low,26,Neutral
2026-10-09 12:09:57 +0000,2.5,5,00-0033885,David Njoku,TE,LAC,DEN,5.695398772084248,5.695398772084248,5.357635059611366,3.00778863249978,8.177079591553204,2.8419404727693593,Medium,27,Neutral
2026-10-09 12:09:57 +0000,2.5,5,00-0038558,Darnell Washington,TE,PIT,IND,5.614257251832341,5.614257251832341,5.6271615292577835,2.884731316576111,8.099658883391317,2.8419404727693593,Medium,28,Neutral
2026-10-09 12:09:57 +0000,2.5,5,00-0033881,Evan Engram,TE,DEN,LAC,5.35010516492126,5.35010516492126,4.257313395583024,2.5890383673020936,7.828693606437499,2.8419404727693593,Medium,29,Neutral
2026-10-09 12:09:57 +0000,2.5,5,00-0040736,Mason Taylor,TE,NYJ,CLE,5.12663209987337,5.12663209987337,5.044852941459973,2.216158338770132,7.444514013553709,2.8419404727693593,Medium,30,Neutral
2026-10-09 12:09:57 +0000,2.5,5,00-0037809,Chig Okonkwo,TE,WAS,NYG,4.944786642240337,4.944786642240337,4.9001005153155095,2.2616888296145152,7.410457725627137,2.8419404727693593,Medium,31,Neutral
2026-10-09 12:09:57 +0000,2.5,5,00-0040584,Gunnar Helm,TE,TEN,HOU,4.857305369809333,4.857305369809333,4.6869111704399415,2.0782577199753685,7.37535183680683,1.9902699491608615,High,32,Neutral
2026-10-09 12:09:57 +0000,2.5,5,00-0035644,Noah Fant,TE,NO,MIN,4.546170477900346,4.546170477900346,4.252987095323072,1.7735515067235506,6.55312997185315,4.217192999645614,Low,33,Neutral
2026-10-09 12:09:57 +0000,2.5,5,00-0036970,Kyle Pitts,TE,ATL,BAL,4.457333638275475,4.457333638275475,4.613056636505991,1.6022252142268127,6.561919521633886,2.8419404727693593,Medium,34,Neutral
2026-10-09 12:09:57 +0000,2.5,5,00-0036290,Cole Kmet,TE,CHI,GB,4.3670553657954,4.3670553657954,3.5429674283249164,1.615126956867813,7.009689937273902,2.8419404727693593,Medium,35,Neutral
2026-10-09 12:09:57 +0000,2.5,5,00-0037805,Jeremy Ruckert,TE,NYJ,CLE,3.91709951235432,3.91709951235432,3.694337028986333,1.2374139204023076,6.916132744431457,4.217192999645614,Low,36,Neutral
2026-10-09 12:09:57 +0000,2.5,5,00-0036244,Colby Parkinson,TE,LA,BUF,3.7412761462122783,3.7412761462122783,3.594902938908368,0.9701324092669026,6.613108900562167,2.8419404727693593,Medium,37,Neutral
2026-10-09 12:09:57 +0000,2.5,5,00-0039847,Theo Johnson,TE,NYG,WAS,3.7140330785252793,3.7140330785252793,4.030406436021497,0.9036414526690691,6.550928968150194,4.217192999645614,Low,38,Neutral
2026-10-09 12:09:57 +0000,2.5,5,00-0035689,Dawson Knox,TE,BUF,LA,3.53965956293683,3.53965956293683,3.8466654949586863,0.8355645196886461,6.15274033795667,2.8419404727693593,Medium,39,Neutral
2026-10-09 12:09:57 +0000,2.5,5,00-0035631,Drew Sample,TE,CIN,MIA,3.5324787342873707,3.5324787342873707,3.1544264818842365,0.7958255763677393,6.0479644444334655,2.8419404727693593,Medium,40,Neutral
2026-10-09 12:09:57 +0000,2.5,5,00-0032392,Austin Hooper,TE,ATL,BAL,3.2616809920496883,3.2616809920496883,3.280553310157307,0.667109538999279,6.084074843242792,1.9902699491608615,High,41,Neutral
2026-10-09 12:09:57 +0000,2.5,5,00-0039814,Erick All,TE,CIN,MIA,3.20835093941793,3.20835093941793,2.790307596618067,0.5241576192268711,5.595092363908719,2.8419404727693593,Medium,42,Neutral
2026-10-09 12:09:57 +0000,2.5,5,00-0033858,Jonnu Smith,TE,GB,CHI,3.1099639089294255,3.1099639089294255,3.547268126113384,0.5095250051221016,5.687711793053015,4.217192999645614,Low,43,Neutral
2026-10-09 12:09:57 +0000,2.5,5,00-0035249,Josh Oliver,TE,MIN,NO,3.071162361453838,3.071162361453838,2.837452656506821,0.2856255381104482,5.694121664291644,2.8419404727693593,Medium,44,Neutral
2026-10-09 12:09:57 +0000,2.5,5,00-0037112,Jake Tonges,TE,SF,SEA,3.0393478099595974,3.0393478099595974,3.506640219694387,0.37212098073361055,5.506690738825922,1.9902699491608615,High,45,Neutral
2026-10-09 12:09:57 +0000,2.5,5,00-0034365,Ian Thomas,TE,LV,NE,3.0184098317451307,3.0184098317451307,3.1816524811309512,0.2130447563049524,5.516555250181323,2.8419404727693593,Medium,46,Neutral
2026-10-09 12:09:57 +0000,2.5,5,00-0041395,Eli Raridon,TE,NE,LV,2.983641736613062,2.983641736613062,2.995157024534878,0.1745637757201017,5.52853505145712,1.9902699491608615,High,47,Neutral
2026-10-09 12:09:57 +0000,2.5,5,00-0040879,Matthew Hibner,TE,BAL,ATL,2.865204465144002,2.865204465144002,2.954333932816036,0.08317020706737686,5.179512665903083,1.9902699491608615,High,48,Neutral
2026-10-09 12:09:57 +0000,2.5,5,00-0041558,Sam Roush,TE,CHI,GB,2.853608590689392,2.853608590689392,2.80448174613263,0.2853731875326836,5.455831935196813,1.9902699491608615,High,49,Neutral
2026-10-09 12:09:57 +0000,2.5,5,00-0034981,Foster Moreau,TE,HOU,TEN,2.7954084378827337,2.7954084378827337,2.751633490558777,0.08163030152551093,5.223797837455491,1.9902699491608615,High,50,Neutral
2026-10-09 12:09:57 +0000,2.5,5,00-0036628,John Bates,TE,WAS,NYG,2.7582232922420777,2.7582232922420777,2.5945945293422583,0.03115027726494546,4.986891789007844,1.9902699491608615,High,51,Neutral
2026-10-09 12:09:57 +0000,2.5,5,00-0041503,Nate Boerkircher,TE,JAX,PHI,2.573355834669204,2.573355834669204,2.2664658890178013,0,4.719949270978555,1.9902699491608615,High,52,Neutral
2026-10-09 12:09:57 +0000,2.5,5,00-0038046,Charlie Kolar,TE,LAC,DEN,2.5309536844039915,2.5309536844039915,2.6145785676184397,0,4.686098755295028,2.8419404727693593,Medium,53,Neutral
2026-10-09 12:09:57 +0000,2.5,5,00-0038783,Nate Adkins,TE,DEN,LAC,2.4892029914405955,2.4892029914405955,2.628697184282224,0,5.107916219003384,4.217192999645614,Low,54,Neutral
2026-10-09 12:09:57 +0000,2.5,5,00-0036422,Adam Trautman,TE,DEN,LAC,2.439287817188103,2.439287817188103,2.5016071119510515,0,4.822691587636111,1.9902699491608615,High,55,Neutral
2026-10-09 12:09:57 +0000,2.5,5,00-0039912,Ben Sinnott,TE,WAS,NYG,2.404140114931555,2.404140114931555,2.2022152404575746,0,4.668532643146586,2.8419404727693593,Medium,56,Neutral
2026-10-09 12:09:57 +0000,2.5,5,00-0039074,Davis Allen,TE,LA,BUF,2.3591177699766535,2.3591177699766535,2.3337901982266156,0,4.595620048878845,1.9902699491608615,High,57,Neutral
2026-10-09 12:09:57 +0000,2.5,5,00-0039041,Elijah Higgins,TE,ARI,DET,2.35617583670134,2.35617583670134,2.618639021108929,0,5.01466309782986,2.8419404727693593,Medium,58,Neutral
2026-10-09 12:09:57 +0000,2.5,5,00-0033246,Johnny Mundt,TE,PHI,JAX,2.2532372993456966,2.2532372993456966,2.410137952443101,0,4.714663730845546,2.8419404727693593,Medium,59,Neutral
2026-10-09 12:09:57 +0000,2.5,5,00-0040598,Mark Redman,TE,GB,CHI,2.223153341163475,2.223153341163475,2.5480337569339135,0,4.5113725884459726,4.217192999645614,Low,60,Neutral
2026-10-09 12:09:57 +0000,2.5,5,00-0038115,Daniel Bellinger,TE,TEN,HOU,2.0500545333537965,2.0500545333537965,2.3408111758785903,0,4.718124241250145,1.9902699491608615,High,61,Neutral
2026-10-09 12:09:57 +0000,2.5,5,00-0040739,Elijah Arroyo,TE,SEA,SF,1.9556129566033744,1.9556129566033744,2.051030832228083,0,4.7074361074493805,1.9902699491608615,High,62,Neutral
2026-10-09 12:09:57 +0000,2.5,5,00-0041524,Will Kacmarek,TE,MIA,CIN,1.871956757735324,1.871956757735324,2.116323817541744,0,4.221816390332783,1.9902699491608615,High,63,Neutral
2026-10-09 12:09:57 +0000,2.5,5,00-0041577,Connor Hulstein,TE,NYJ,CLE,1.8458474936665124,1.8458474936665124,1.5970566687566654,0,4.22925126411452,2.8419404727693593,Medium,64,Neutral
2026-10-09 12:09:57 +0000,2.5,5,00-0036754,Brock Wright,TE,DET,ARI,1.8328906764839432,1.8328906764839432,1.9152649880948471,0,4.448754874129044,2.8419404727693593,Medium,65,Neutral
2026-10-09 12:09:57 +0000,2.5,5,00-0041077,Justin Joly,TE,MIA,CIN,1.8102710015044887,1.8102710015044887,2.2881680966023916,0,4.289174486043687,1.9902699491608615,High,66,Neutral
2026-10-09 12:09:57 +0000,2.5,5,00-0041472,Marlin Klein,TE,HOU,TEN,1.8070660175369104,1.8070660175369104,1.8332125071974368,0,4.21846231162527,1.9902699491608615,High,67,Neutral
2026-10-09 12:09:57 +0000,2.5,5,00-0036429,Charlie Woerner,TE,ATL,BAL,1.783344860183096,1.783344860183096,1.6680642280547942,0,4.007402810002283,1.9902699491608615,High,68,Neutral
2026-10-09 12:09:57 +0000,2.5,5,00-0037755,Jelani Woods,TE,NYJ,CLE,1.692408436454818,1.692408436454818,1.6785976973124064,0,4.359794340685494,2.8419404727693593,Medium,69,Neutral
2026-10-08 17:55:40 +0000,2.5,5,00-0038547,Luke Schoonmaker,TE,DAL,TB,1.8542206285278635,1.8542206285278635,1.5331828875073998,0,4.771243662964136,1.9902699491608615,High,69,Neutral
2026-10-09 12:09:57 +0000,2.5,5,00-0034270,Tyler Conklin,TE,DET,ARI,1.6672463632519214,1.6672463632519214,2.0056644849906435,0,4.2405036918084145,1.9902699491608615,High,70,Neutral
2026-10-08 17:55:40 +0000,2.5,5,00-0039530,Brevyn Spann-Ford,TE,DAL,TB,1.778428621995298,1.778428621995298,1.4713119443113276,0,4.481826870293382,2.8419404727693593,Medium,71,Neutral
2026-10-09 12:09:57 +0000,2.5,5,00-0041510,Max Klare,TE,LA,BUF,1.659918454060939,1.659918454060939,1.866627858072876,0,4.303375624997707,1.9902699491608615,High,71,Neutral
2026-10-09 12:09:57 +0000,2.5,5,00-0041041,Oscar Delp,TE,NO,MIN,1.5866011892637668,1.5866011892637668,1.797634016895293,0,3.918218109978444,1.9902699491608615,High,72,Neutral
2026-10-09 12:09:57 +0000,2.5,5,00-0039359,Cade Stover,TE,HOU,TEN,1.5741500018820922,1.5741500018820922,1.585439125484991,0,4.491173036318365,1.9902699491608615,High,73,Neutral
2026-10-09 12:09:57 +0000,2.5,5,00-0038710,Blake Whiteheart,TE,CLE,NYJ,1.5692031319451076,1.5692031319451076,1.6599323475695855,0,4.106664273541922,4.217192999645614,Low,74,Neutral
2026-10-09 12:09:57 +0000,2.5,5,00-0041116,Jack Endries,TE,CIN,MIA,1.5563854856676085,1.5563854856676085,1.7715359750747448,0,3.9836442201352713,1.9902699491608615,High,75,Neutral
2026-10-09 12:09:57 +0000,2.5,5,00-0040194,Jackson Hawes,TE,BUF,LA,1.536326881524887,1.536326881524887,1.7655503391320564,0,4.451228925107764,2.8419404727693593,Medium,76,Neutral
2026-10-09 12:09:57 +0000,2.5,5,00-0041483,Eli Stowers,TE,PHI,JAX,1.509818726862292,1.509818726862292,1.887134678070344,0,3.968481187450476,1.9902699491608615,High,77,Neutral
2026-10-09 12:09:57 +0000,2.5,5,00-0041084,Tanner Koziol,TE,JAX,PHI,1.509014167243332,1.509014167243332,1.6124862794182575,0,3.614645609328147,1.9902699491608615,High,78,Neutral
2026-10-09 12:09:57 +0000,2.5,5,00-0033217,Mo Alie-Cox,TE,IND,PIT,1.4534977306948722,1.4534977306948722,1.8772511850760163,0,3.6682431230579233,2.8419404727693593,Medium,79,Neutral
2026-10-08 17:55:40 +0000,2.5,5,00-0039050,Payne Durham,TE,TB,DAL,1.555761784848362,1.555761784848362,1.6549415520154385,0,4.0932229264451765,1.9902699491608615,High,79,Neutral
2026-10-09 12:09:57 +0000,2.5,5,00-0039686,Colson Yankoff,TE,WAS,NYG,1.4068473324013255,1.4068473324013255,1.2930759314430536,0,3.77637594126093,2.8419404727693593,Medium,80,Neutral
2026-10-09 12:09:57 +0000,2.5,5,00-0039144,Luke Musgrave,TE,GB,CHI,1.3999798063815576,1.3999798063815576,1.6596306857303755,0,3.939495504584575,1.9902699491608615,High,81,Neutral
2026-10-09 12:09:57 +0000,2.5,5,00-0034798,Durham Smythe,TE,BAL,ATL,1.3913356260748992,1.3913356260748992,1.2948107881308155,0,3.9589276622268903,1.9902699491608615,High,82,Neutral
2026-10-09 12:09:57 +0000,2.5,5,00-0036887,Luke Farrell,TE,SF,SEA,1.381766826703881,1.381766826703881,1.3012114201729208,0,3.5931901667870183,1.9902699491608615,High,83,Neutral
2026-10-09 12:09:57 +0000,2.5,5,00-0031484,Chris Manhertz,TE,NYG,WAS,1.329271505583221,1.329271505583221,1.4433995022988315,0,3.7406677996715816,2.8419404727693593,Medium,84,Neutral
2026-10-09 12:09:57 +0000,2.5,5,00-0033576,Eric Saubert,TE,SEA,SF,1.3246429285454424,1.3246429285454424,1.4494820198774685,0,3.662236613882056,2.8419404727693593,Medium,85,Neutral
2026-10-09 12:09:57 +0000,2.5,5,00-0036556,Brevin Jordan,TE,HOU,TEN,1.2914654975368238,1.2914654975368238,1.28742254430927,0,4.155711585006806,1.9902699491608615,High,86,Neutral
2026-10-09 12:09:57 +0000,2.5,5,00-0040887,Josh Cuevas,TE,BAL,ATL,1.2865239351753284,1.2865239351753284,1.3945825414219526,0,3.721460756916888,1.9902699491608615,High,87,Neutral
2026-10-09 12:09:57 +0000,2.5,5,00-0040215,Gavin Bartholomew,TE,MIN,NO,1.226189209778122,1.226189209778122,1.2510479709737747,0,3.6848755606405543,1.9902699491608615,High,89,Neutral
2026-10-09 12:09:57 +0000,2.5,5,00-0040390,Jackson Meeks,TE,DET,ARI,1.180937832647266,1.180937832647266,1.2360147628784648,0,3.867593648298907,2.8419404727693593,Medium,90,Neutral
2026-10-09 12:09:57 +0000,2.5,5,00-0037004,Hunter Long,TE,ARI,DET,1.06841956533115,1.06841956533115,1.372369319685884,0,3.573308671784643,1.9902699491608615,High,91,Neutral
2026-10-08 17:55:40 +0000,2.5,5,00-0040938,DJ Rogers,TE,DAL,TB,1.1778602423433406,1.1778602423433406,1.1397031838553913,0,3.3963669312596583,2.8419404727693593,Medium,92,Neutral
2026-10-09 12:09:57 +0000,2.5,5,00-0038720,Julian Hill,TE,NE,LV,1.0205633056521015,1.0205633056521015,1.3534373782245532,0,3.213882753890437,2.8419404727693593,Medium,92,Neutral
2026-10-09 12:09:57 +0000,2.5,5,00-0041180,Quentin Moore,TE,WAS,NYG,1.0145835035730673,1.0145835035730673,1.120852580588125,0,3.4474955635662035,2.8419404727693593,Medium,94,Neutral
2026-10-09 12:09:57 +0000,2.5,5,00-0033757,Robert Tonyan,TE,PIT,IND,0.9928246989936156,0.9928246989936156,1.1340607541467271,0,3.5701501841774768,2.8419404727693593,Medium,95,Neutral
2026-10-09 12:09:57 +0000,2.5,5,00-0041398,Riley Nowakowski,TE,PIT,IND,0.98057888990396,0.98057888990396,1.2470101917466936,0,3.455520826834748,1.9902699491608615,High,96,Neutral
2026-10-09 12:09:57 +0000,2.5,5,00-0038394,Will Mallory,TE,IND,PIT,0.9718650772941356,0.9718650772941356,1.338961261962181,0,3.3581952789729503,1.9902699491608615,High,97,Neutral
2026-10-09 12:09:57 +0000,2.5,5,00-0036590,Quintin Morris,TE,JAX,PHI,0.9655793001014304,0.9655793001014304,0.9766850574806786,0,3.1365049747362086,2.8419404727693593,Medium,98,Neutral
2026-10-09 12:09:57 +0000,2.5,5,00-0041087,Joe Royer,TE,CLE,NYJ,0.9121900164459475,0.9121900164459475,1.2392328088759277,0,3.3555034662975043,1.9902699491608615,High,99,Neutral
2026-10-09 12:09:57 +0000,2.5,5,00-0038564,Cameron Latu,TE,NE,LV,0.8814064228334444,0.8814064228334444,0.8569566239936854,0,3.2523042259597252,1.9902699491608615,High,100,Neutral
2026-10-09 12:09:57 +0000,2.5,5,00-0040244,Moliki Matavao,TE,NO,MIN,0.8810257455242076,0.8810257455242076,1.2984696111172895,0,3.085500400051367,1.9902699491608615,High,101,Neutral
2026-10-08 17:55:40 +0000,2.5,5,00-0038735,Princeton Fant,TE,DAL,TB,0.9659893893457032,0.9659893893457032,0.862118983656077,0,3.394223921829072,2.8419404727693593,Medium,101,Neutral
2026-10-09 12:09:57 +0000,2.5,5,00-0041314,Tanner Arkin,TE,NE,LV,0.8626680504323213,0.8626680504323213,1.1561440029715104,0,3.2875097076111466,2.8419404727693593,Medium,102,Neutral
2026-10-09 12:09:57 +0000,2.5,5,00-0041170,Hayden Large,TE,CHI,GB,0.8478728455153061,0.8478728455153061,1.1509017727664657,0,3.132662057870299,2.8419404727693593,Medium,103,Neutral
2026-10-09 12:09:57 +0000,2.5,5,00-0041133,Dallen Bentley,TE,DEN,LAC,0.8381556227373638,0.8381556227373638,1.1264284100695627,0,3.043878333609665,1.9902699491608615,High,104,Neutral
2026-10-09 12:09:57 +0000,2.5,5,00-0040363,Keleki Latu,TE,BUF,LA,0.8376329230018571,0.8376329230018571,0.9974305139469885,0,3.6943653316076466,1.9902699491608615,High,105,Neutral
2026-10-09 12:09:57 +0000,2.5,5,00-0040901,Jaren Kanak,TE,TEN,HOU,0.7669091754891669,0.7669091754891669,1.3318075744824074,0,3.292716520158784,1.9902699491608615,High,106,Neutral
2026-10-09 12:09:57 +0000,2.5,5,00-0039737,Tip Reiman,TE,ARI,DET,0.7475914680297735,0.7475914680297735,1.0933855106550097,0,3.339120343583119,1.9902699491608615,High,107,Neutral
2026-10-09 12:09:57 +0000,2.5,5,00-0037086,Grant Calcaterra,TE,PHI,JAX,0.7358847317689904,0.7358847317689904,1.2804956033557022,0,2.905235699444071,1.9902699491608615,High,108,Neutral
2026-10-09 12:09:57 +0000,2.5,5,00-0041579,Seydou Traore,TE,MIA,CIN,0.7338632656878656,0.7338632656878656,1.227007150344581,0,2.980319395971729,1.9902699491608615,High,109,Neutral
2026-10-09 12:09:57 +0000,2.5,5,00-0040853,Carson Towt,TE,IND,PIT,0.7322098868627147,0.7322098868627147,1.1282876183578767,0,3.0797139029918528,2.8419404727693593,Medium,110,Neutral
2026-10-09 12:09:57 +0000,2.5,5,00-0040509,Ben Yurosek,TE,MIN,NO,0.7155290970613865,0.7155290970613865,0.921285452447582,0,3.261793415728734,2.8419404727693593,Medium,111,Neutral
2026-10-09 12:09:57 +0000,2.5,5,00-0040504,Bryson Nesbit,TE,MIN,NO,0.7139297872865875,0.7139297872865875,0.921291866757474,0,3.072414372926803,2.8419404727693593,Medium,112,Neutral
2026-10-09 12:09:57 +0000,2.5,5,00-0040240,Caleb Lohner,TE,DEN,LAC,0.7030320286843951,0.7030320286843951,0.9400282815488624,0,2.7105783125197465,1.9902699491608615,High,113,Neutral
2026-10-09 12:09:57 +0000,2.5,5,00-0040225,Thomas Fidone II,TE,NYG,WAS,0.6989188627487335,0.6989188627487335,0.9528923309749148,0,3.5307514684451458,1.9902699491608615,High,114,Neutral
2026-10-09 12:09:57 +0000,2.5,5,00-0040058,Nick Kallerup,TE,SEA,SF,0.6931772031135321,0.6931772031135321,0.8399879843542162,0,3.013152414287942,2.8419404727693593,Medium,115,Neutral
2026-10-09 12:09:57 +0000,2.5,5,00-0038498,E.J. Jenkins,TE,PHI,JAX,0.6876318500435874,0.6876318500435874,0.9392693854495526,0,3.264162186038514,2.8419404727693593,Medium,116,Neutral
2026-10-09 12:09:57 +0000,2.5,5,00-0038589,Josh Whyle,TE,GB,CHI,0.6861756869530922,0.6861756869530922,1.165432011488488,0,3.165377717975332,1.9902699491608615,High,117,Neutral
2026-10-09 12:09:57 +0000,2.5,5,00-0041131,Carsen Ryan,TE,CLE,NYJ,0.6842885865033399,0.6842885865033399,0.9155806194161912,0,3.0056336480810604,1.9902699491608615,High,118,Neutral
2026-10-09 12:09:57 +0000,2.5,5,00-0041366,Jameson Geers,TE,ARI,DET,0.668830145030819,0.668830145030819,1.1680620362222167,0,2.930952938011522,2.8419404727693593,Medium,119,Neutral
2026-10-09 12:09:57 +0000,2.5,5,00-0040488,Carter Runyon,TE,LV,NE,0.6623694452738864,0.6623694452738864,0.9353423638589666,0,3.010131013592158,2.8419404727693593,Medium,120,Neutral
2026-10-09 12:09:57 +0000,2.5,5,00-0038809,Ben Sims,TE,MIA,CIN,0.6587366411080301,0.6587366411080301,1.1836022407704894,0,2.945013126874054,2.8419404727693593,Medium,121,Neutral
2026-10-09 12:09:57 +0000,2.5,5,00-0037031,Nikola Kalinic,TE,CHI,GB,0.6363381848614373,0.6363381848614373,0.8739527248763906,0,3.07667215037017,2.8419404727693593,Medium,122,Neutral
2026-10-09 12:09:57 +0000,2.5,5,00-0036876,Kylen Granson,TE,TEN,HOU,0.5832094721642668,0.5832094721642668,1.0124606825223688,0,2.918339585469002,1.9902699491608615,High,123,Neutral
2026-10-09 12:09:57 +0000,2.5,5,00-0037292,Andrew Ogletree,TE,IND,PIT,0.5620047675966544,0.5620047675966544,0.8310904412195882,0,3.271336309825241,1.9902699491608615,High,124,Neutral
2026-10-08 17:55:40 +0000,2.5,5,00-0041094,Bauer Sharp,TE,TB,DAL,0.6423870174095243,0.6423870174095243,0.9289566978132696,0,3.00087160304974,1.9902699491608615,High,125,Neutral
2026-10-09 12:09:57 +0000,2.5,5,00-0039263,McCallan Castles,TE,GB,CHI,0.5577298513640687,0.5577298513640687,0.8879600182562504,0,3.0685024468855495,2.8419404727693593,Medium,126,Neutral
2026-10-09 12:09:57 +0000,2.5,5,00-0039936,Thomas Yassmin,TE,GB,CHI,0.5577298513640687,0.5577298513640687,0.8879600182562504,0,2.8964952303493443,2.8419404727693593,Medium,126,Neutral
2026-10-09 12:09:57 +0000,2.5,5,00-0037078,Cole Turner,TE,MIA,CIN,0.5226806763492867,0.5226806763492867,0.9059683129983628,0,2.8762987355139025,1.9902699491608615,High,128,Neutral
2026-10-09 12:09:57 +0000,2.5,5,00-0039648,David Martin-Robinson,TE,TEN,HOU,0.07085031193814455,0.07085031193814455,0.617538120596495,0,2.9638804566931616,4.217192999645614,Low,129,Neutral
2026-10-08 17:55:40 +0000,2.5,5,00-0037311,Ko Kieft,TE,TB,DAL,0.4726052507560681,0.4726052507560681,0.78541048876952,0,3.1819367929846543,1.9902699491608615,High,133,Neutral
2026-10-09 12:09:57 +0000,2.5,5,00-0038543,Jaxon Smith-Njigba,WR,SEA,SF,15.029039015540285,16.205890043193765,16.205890043193765,11.75288399591787,18.811922877983392,4.973519690779636,Low,1,D
2026-10-09 12:09:57 +0000,2.5,5,00-0039075,Puka Nacua,WR,LA,BUF,14.701112330741624,15.142602862230504,15.142602862230504,11.496457940688217,18.14808692611491,2.953609688195244,High,2,Neutral
2026-10-09 12:09:57 +0000,2.5,5,00-0036963,Amon-Ra St. Brown,WR,DET,ARI,14.571756117118415,15.121107327562273,15.121107327562273,11.170882048890542,18.27557038710841,3.83141508023352,Medium,3,Neutral
2026-10-08 17:55:40 +0000,2.5,5,00-0036358,CeeDee Lamb,WR,DAL,TB,14.462922573607024,15.628026804196928,15.628026804196928,11.258268183553618,17.909897168980315,4.973519690779636,Low,3,Neutral
2026-10-09 12:09:57 +0000,2.5,5,00-0036900,Ja'Marr Chase,WR,CIN,MIA,12.95077502580811,13.43066704028728,13.43066704028728,9.788833402721492,16.698479216786016,4.973519690779636,Low,4,C
2026-10-09 12:09:57 +0000,2.5,5,00-0039064,Zay Flowers,WR,BAL,ATL,12.678369696128858,13.629196457049073,13.629196457049073,9.40550154259707,16.097468227533177,4.973519690779636,Low,5,C
2026-10-09 12:09:57 +0000,2.5,5,00-0036554,Nico Collins,WR,HOU,TEN,12.443427113517744,13.476525988553334,13.476525988553334,9.18775630917184,15.775608802046287,4.973519690779636,Low,6,D
2026-10-09 12:09:57 +0000,2.5,5,00-0037239,Chris Olave,WR,NO,MIN,12.220722935548904,12.904028531497524,12.904028531497524,9.060751158677007,15.74571827465914,2.953609688195244,High,7,Neutral
2026-10-09 12:09:57 +0000,2.5,5,00-0037238,Drake London,WR,ATL,BAL,11.64564822597649,11.79283592574044,11.79283592574044,8.227508053354398,15.260494258445132,3.83141508023352,Medium,8,C
2026-10-09 12:09:57 +0000,2.5,5,00-0036410,Tee Higgins,WR,CIN,MIA,11.390339528596115,11.860828688203814,11.860828688203814,8.215726724502144,14.867732592698164,3.83141508023352,Medium,9,C
2026-10-09 12:09:57 +0000,2.5,5,00-0031381,Davante Adams,WR,LA,BUF,11.19585377526309,12.503705228567553,12.503705228567553,7.919743442920212,14.5446977652034,4.973519690779636,Low,10,Neutral
2026-10-09 12:09:57 +0000,2.5,5,00-0038124,Christian Watson,WR,GB,CHI,11.155428634222975,11.63832527090548,11.63832527090548,7.734046680292364,14.795707975686422,4.973519690779636,Low,11,Neutral
2026-10-09 12:09:57 +0000,2.5,5,00-0036322,Justin Jefferson,WR,MIN,NO,11.049030857748653,11.48213542412861,11.48213542412861,7.772197263331716,14.538274441002262,3.83141508023352,Medium,12,Neutral
2026-10-09 12:09:57 +0000,2.5,5,00-0037740,Garrett Wilson,WR,NYJ,CLE,10.62503710784454,10.50336473845672,10.50336473845672,7.153718115045174,14.215316748019006,2.953609688195244,High,13,Neutral
2026-10-09 12:09:57 +0000,2.5,5,00-0038559,Michael Wilson,WR,ARI,DET,10.337038666467302,10.143791606791208,10.143791606791208,6.989693197961972,13.740279784098014,3.83141508023352,Medium,14,Neutral
2026-10-09 12:09:57 +0000,2.5,5,00-0035640,DK Metcalf,WR,PIT,IND,9.849345656098716,9.645574364168434,9.645574364168434,6.664425892136412,13.873724661096038,2.953609688195244,High,15,Neutral
2026-10-09 12:09:57 +0000,2.5,5,00-0036613,Jaylen Waddle,WR,DEN,LAC,9.593773275147012,9.980034519450747,9.980034519450747,6.238503100444796,13.18251928068116,2.953609688195244,High,16,Neutral
2026-10-09 12:09:57 +0000,2.5,5,00-0039337,Malik Nabers,WR,NYG,WAS,9.432153883000275,9.968484544787245,9.968484544787245,6.159335325640956,12.84026557799212,2.953609688195244,High,17,Neutral
2026-10-09 12:09:57 +0000,2.5,5,00-0041438,Carnell Tate,WR,TEN,HOU,9.34393204256402,9.799787657203057,9.799787657203057,6.170405606053992,12.574997126027132,3.83141508023352,Medium,18,Neutral
2026-10-09 12:09:57 +0000,2.5,5,00-0036912,DeVonta Smith,WR,PHI,JAX,9.342388267335624,9.652847734784636,9.652847734784636,6.020567547988384,13.107207592038192,2.953609688195244,High,19,Neutral
2026-10-08 17:55:40 +0000,2.5,5,00-0037247,George Pickens,WR,DAL,TB,9.373646532041752,9.778594312639571,9.778594312639571,6.188726768079449,13.398025537039072,2.953609688195244,High,20,Neutral
2026-10-09 12:09:57 +0000,2.5,5,00-0037240,Jameson Williams,WR,DET,ARI,9.026957187823774,9.56484645236254,9.56484645236254,5.934427493635821,12.356080657623458,3.83141508023352,Medium,20,Neutral
2026-10-09 12:09:57 +0000,2.5,5,00-0040667,Matthew Golden,WR,GB,CHI,8.930771229317337,9.350529309197514,9.350529309197514,5.608314713725333,12.956510235265856,4.973519690779636,Low,21,Neutral
2026-10-09 12:09:57 +0000,2.5,5,00-0040735,Luther Burden III,WR,CHI,GB,8.86578568058789,9.317929722163086,9.317929722163086,5.733343707641413,12.59137951471408,3.83141508023352,Medium,22,Neutral
2026-10-09 12:09:57 +0000,2.5,5,00-0035719,Deebo Samuel Sr.,WR,SF,SEA,8.820658374894123,9.368719857713348,9.368719857713348,5.341428293842042,12.739405765843443,2.953609688195244,High,23,D
2026-10-09 12:09:57 +0000,2.5,5,00-0038117,Wan'Dale Robinson,WR,TEN,HOU,8.80870811614651,9.181851580296268,9.181851580296268,5.360912001981722,12.615951222904163,2.953609688195244,High,24,Neutral
2026-10-09 12:09:57 +0000,2.5,5,00-0038606,Parker Washington,WR,JAX,PHI,8.475709522321145,8.738096854015058,8.738096854015058,4.9422826979584595,11.730871301604427,3.83141508023352,Medium,25,Neutral
2026-10-09 12:09:57 +0000,2.5,5,00-0038994,Jordan Addison,WR,MIN,NO,8.244605913994809,8.378842498259576,8.378842498259576,5.0809128754079005,11.936573158687487,2.953609688195244,High,26,Neutral
2026-10-09 12:09:57 +0000,2.5,5,00-0034960,Jakobi Meyers,WR,JAX,PHI,8.227039265712238,8.449890653425017,8.449890653425017,4.852204402575641,11.698066579302692,2.953609688195244,High,27,Neutral
2026-10-09 12:09:57 +0000,2.5,5,00-0031588,Stefon Diggs,WR,WAS,NYG,8.186821773771966,8.633534285632313,8.633534285632313,4.766670022631092,11.590062891402676,3.83141508023352,Medium,28,Neutral
2026-10-09 12:09:57 +0000,2.5,5,00-0041037,Denzel Boston,WR,CLE,NYJ,8.157476859331522,8.886417476734177,8.886417476734177,4.924405867953065,12.117464051441722,2.953609688195244,High,29,Neutral
2026-10-09 12:09:57 +0000,2.5,5,00-0035659,Terry McLaurin,WR,WAS,NYG,8.083142303998072,8.532856980255573,8.532856980255573,4.8746680239594955,12.032654600376354,2.953609688195244,High,30,Neutral
2026-10-09 12:09:57 +0000,2.5,5,00-0039424,Devaughn Vele,WR,NO,MIN,7.875638174419853,8.207640289275602,8.207640289275602,4.480417804207322,11.409087768817844,4.973519690779636,Low,31,Neutral
2026-10-08 17:55:40 +0000,2.5,5,00-0040129,Emeka Egbuka,WR,TB,DAL,8.205199207155395,8.539926789350789,8.539926789350789,4.852287396834561,12.08472413200428,2.953609688195244,High,31,Neutral
2026-10-09 12:09:57 +0000,2.5,5,00-0037816,Romeo Doubs,WR,NE,LV,7.81619208501212,8.775409113142759,8.775409113142759,4.60822853220607,11.16653145065785,3.83141508023352,Medium,32,Neutral
2026-10-09 12:09:57 +0000,2.5,5,00-0039919,Rome Odunze,WR,CHI,GB,7.637888984506645,8.215549913752938,8.215549913752938,4.284977174185811,11.51741390935553,2.953609688195244,High,33,Neutral
2026-10-09 12:09:57 +0000,2.5,5,00-0039880,Malik Washington,WR,MIA,CIN,7.536028747716129,7.711300977333686,7.711300977333686,4.235060074224858,11.28671631315281,4.973519690779636,Low,34,Neutral
2026-10-09 12:09:57 +0000,2.5,5,00-0031408,Mike Evans,WR,SF,SEA,7.530913772731917,8.194092877954072,8.194092877954072,4.162901095266793,11.154449595160235,3.83141508023352,Medium,35,Neutral
2026-10-09 12:09:57 +0000,2.5,5,00-0041029,Jordyn Tyson,WR,NO,MIN,7.276759603058129,8.098806186574746,8.098806186574746,4.062542945020942,11.075217050468575,3.83141508023352,Medium,36,Neutral
2026-10-09 12:09:57 +0000,2.5,5,00-0039901,Keon Coleman,WR,BUF,LA,7.248684561041575,8.234737813121049,8.234737813121049,3.9760326720261014,10.892043339971032,3.83141508023352,Medium,37,Neutral
2026-10-09 12:09:57 +0000,2.5,5,00-0038563,Tre Tucker,WR,LV,NE,7.214214950351385,7.894883244482127,7.894883244482127,3.9347067971808776,10.875036389063608,2.953609688195244,High,38,Neutral
2026-10-09 12:09:57 +0000,2.5,5,00-0030279,Keenan Allen,WR,IND,PIT,7.087118669931836,7.501877381710123,7.501877381710123,3.71185159440933,10.559016184660594,3.83141508023352,Medium,39,Neutral
2026-10-09 12:09:57 +0000,2.5,5,00-0038997,Josh Downs,WR,IND,PIT,6.940627558106094,7.374879332174707,7.374879332174707,3.872959259971063,10.597895112235634,3.83141508023352,Medium,40,Neutral
2026-10-09 12:09:57 +0000,2.5,5,00-0039890,Adonai Mitchell,WR,NYJ,CLE,6.90276119162006,7.327480728251452,7.327480728251452,3.492350539100446,10.716042838299217,4.973519690779636,Low,41,Neutral
2026-10-09 12:09:57 +0000,2.5,5,00-0035676,A.J. Brown,WR,NE,LV,6.887330074959797,7.904904716302624,7.904904716302624,3.538757184989749,10.367182523137618,4.973519690779636,Low,42,Neutral
2026-10-09 12:09:57 +0000,2.5,5,00-0041035,De'Zhaun Stribling,WR,SF,SEA,6.749229683975441,7.589084728724531,7.589084728724531,3.446387629189786,10.131303639229502,3.83141508023352,Medium,43,Neutral
2026-10-09 12:09:57 +0000,2.5,5,00-0038544,Quentin Johnston,WR,LAC,DEN,6.7241642518174265,7.393613901954826,7.393613901954826,3.339840496958731,9.98866301138011,2.953609688195244,High,44,Neutral
2026-10-09 12:09:57 +0000,2.5,5,00-0041547,KC Concepcion,WR,CLE,NYJ,6.680372498709683,6.918079810471541,6.918079810471541,3.458956647611557,10.512192595218398,2.953609688195244,High,45,Neutral
2026-10-09 12:09:57 +0000,2.5,5,00-0034348,Courtland Sutton,WR,DEN,LAC,6.641928873901587,6.980932253011433,6.980932253011433,3.3267981830140165,10.54080039819485,3.83141508023352,Medium,46,Neutral
2026-10-09 12:09:57 +0000,2.5,5,00-0039893,Brian Thomas Jr.,WR,JAX,PHI,6.5190549434689284,7.140422751749159,7.140422751749159,3.1368458806385995,10.339736282663072,3.83141508023352,Medium,47,Neutral
2026-10-09 12:09:57 +0000,2.5,5,00-0038393,Dontayvion Wicks,WR,PHI,JAX,6.463235126011654,6.93884251196034,6.93884251196034,3.1194035617145497,10.393091105477527,4.973519690779636,Low,48,Neutral
2026-10-09 12:09:57 +0000,2.5,5,00-0032464,Kalif Raymond,WR,CHI,GB,6.380678324572054,6.790415374225722,6.790415374225722,2.918659860762438,10.028413355530803,4.973519690779636,Low,49,Neutral
2026-10-09 12:09:57 +0000,2.5,5,00-0039915,Ladd McConkey,WR,LAC,DEN,6.32475631279755,7.297206966794339,7.297206966794339,2.917984858767854,9.61519069401704,3.83141508023352,Medium,50,Neutral
2026-10-09 12:09:57 +0000,2.5,5,00-0039739,Roman Wilson,WR,PIT,IND,6.274135906213684,7.06963464735972,7.06963464735972,2.9590052153261137,9.911100349856351,3.83141508023352,Medium,51,Neutral
2026-10-09 12:09:57 +0000,2.5,5,00-0039849,Marvin Harrison Jr.,WR,ARI,DET,6.082281846822494,6.30615420311887,6.30615420311887,2.864583976000044,9.551102941501792,2.953609688195244,High,52,Neutral
2026-10-09 12:09:57 +0000,2.5,5,00-0037261,Khalil Shakir,WR,BUF,LA,6.063417479539879,6.32575996244114,6.32575996244114,2.7195590427955203,9.298302271338816,2.953609688195244,High,53,Neutral
2026-10-09 12:09:57 +0000,2.5,5,00-0036550,Rashod Bateman,WR,BAL,ATL,5.9160321510673,6.37737103913235,6.37737103913235,2.5809957060255044,9.701447995389945,3.83141508023352,Medium,54,Neutral
2026-10-09 12:09:57 +0000,2.5,5,00-0040727,Tre Harris,WR,LAC,DEN,5.733329534425098,6.09768223744922,6.09768223744922,2.275504177822111,9.231448451978114,2.953609688195244,High,55,Neutral
2026-10-08 17:55:40 +0000,2.5,5,00-0033921,Chris Godwin Jr.,WR,TB,DAL,6.130207829486753,6.29260318281158,6.29260318281158,2.7298933485759487,10.053472358766218,2.953609688195244,High,56,Neutral
2026-10-09 12:09:57 +0000,2.5,5,00-0036252,Michael Pittman,WR,PIT,IND,5.684486176857184,6.075017765973724,6.075017765973724,2.3466559268254334,9.567024482851537,2.953609688195244,High,56,Neutral
2026-10-09 12:09:57 +0000,2.5,5,00-0036259,Jauan Jennings,WR,MIN,NO,5.615780882896759,6.243518281085256,6.243518281085256,2.271515412645555,9.059915139780989,2.953609688195244,High,57,Neutral
2026-10-09 12:09:57 +0000,2.5,5,00-0039451,Isaiah Williams,WR,NYJ,CLE,5.544874649221119,5.520716794620647,5.520716794620647,2.195577338434713,9.01061595474646,3.83141508023352,Medium,58,Neutral
2026-10-09 12:09:57 +0000,2.5,5,00-0040867,Makai Lemon,WR,PHI,JAX,5.528524854590302,5.973983252727001,5.973983252727001,2.1868528254253494,8.706511903178582,3.83141508023352,Medium,59,Neutral
2026-10-09 12:09:57 +0000,2.5,5,00-0034827,DJ Moore,WR,BUF,LA,5.418330520085854,5.979482179370791,5.979482179370791,2.01801603917505,9.34159504936532,3.83141508023352,Medium,60,Neutral
2026-10-09 12:09:57 +0000,2.5,5,00-0041523,Caleb Douglas,WR,MIA,CIN,5.369398970315145,5.588585495467463,5.588585495467463,2.0100436934210237,9.136392317744214,4.973519690779636,Low,61,Neutral
2026-10-09 12:09:57 +0000,2.5,5,00-0040669,Isaac TeSlaa,WR,DET,ARI,5.302640851817355,6.042028004066522,6.042028004066522,2.1931091866960455,9.21906707209858,4.973519690779636,Low,62,Neutral
2026-10-09 12:09:57 +0000,2.5,5,00-0037664,Alec Pierce,WR,IND,PIT,5.292527130453896,6.258906568436345,6.258906568436345,1.967552670712899,8.653335945793351,4.973519690779636,Low,63,Neutral
2026-10-09 12:09:57 +0000,2.5,5,00-0033555,Mack Hollins,WR,NE,LV,5.1835146758477855,5.681598639077771,5.681598639077771,2.0633687667832437,9.10706849945558,3.83141508023352,Medium,64,Neutral
2026-10-09 12:09:57 +0000,2.5,5,00-0037545,Rashid Shaheed,WR,SEA,SF,5.167728330582468,5.645472688625404,5.645472688625404,1.8570248625169423,8.793538810432157,3.83141508023352,Medium,65,Neutral
2026-10-09 12:09:57 +0000,2.5,5,00-0038618,Xavier Hutchinson,WR,HOU,TEN,5.065435548430138,5.356116208443133,5.356116208443133,1.7096564730333146,8.621096575197228,3.83141508023352,Medium,66,Neutral
2026-10-09 12:09:57 +0000,2.5,5,00-0033307,Kendrick Bourne,WR,ARI,DET,5.060750602331772,5.363079108541235,5.363079108541235,1.7856106607763476,8.653344228596016,3.83141508023352,Medium,67,Neutral
2026-10-09 12:09:57 +0000,2.5,5,00-0041042,Malachi Fields,WR,NYG,WAS,4.857014743970608,5.310617911297042,5.310617911297042,1.3238251098405964,8.4472943841450725,2.953609688195244,High,68,Neutral
2026-10-09 12:09:57 +0000,2.5,5,00-0033908,Cooper Kupp,WR,SEA,SF,4.7590344412466905,5.376613773130878,5.376613773130878,1.5405538078173926,8.292663597464381,2.953609688195244,High,70,Neutral
2026-10-09 12:09:57 +0000,2.5,5,00-0032775,Demarcus Robinson,WR,SF,SEA,4.70525301624924,5.637103854444128,5.637103854444128,1.495433452557834,8.629433769782274,4.973519690779636,Low,71,D
2026-10-09 12:09:57 +0000,2.5,5,00-0038608,Kayshon Boutte,WR,HOU,TEN,4.650997363766131,5.392226237787302,5.392226237787302,1.4580708491081322,7.905238322694087,3.83141508023352,Medium,72,Neutral
2026-10-09 12:09:57 +0000,2.5,5,00-0040170,Elic Ayomanor,WR,TEN,HOU,4.6477699852415935,5.194323635172349,5.194323635172349,1.1769221087252912,8.296785957724717,2.953609688195244,High,73,Neutral
2026-10-09 12:09:57 +0000,2.5,5,00-0040134,Pat Bryant,WR,DEN,LAC,4.5517894171402355,5.113798777051352,5.113798777051352,1.20796546899629,8.050332514272805,2.953609688195244,High,74,C
2026-10-09 12:09:57 +0000,2.5,5,00-0039916,Ricky Pearsall,WR,SF,SEA,4.546744489694623,5.504076401433991,5.504076401433991,1.3103682428597756,8.061003619684728,3.83141508023352,Medium,75,Neutral
2026-10-08 17:55:40 +0000,2.5,5,00-0041048,Ted Hurst III,WR,TB,DAL,4.735163630999276,5.11770652061891,5.11770652061891,1.5068417696292298,8.459622652709506,2.953609688195244,High,75,Neutral
2026-10-09 12:09:57 +0000,2.5,5,00-0041040,Antonio Williams,WR,WAS,NYG,4.454968465065246,4.76552361365041,4.76552361365041,1.1133778003420776,8.050404557635801,4.973519690779636,Low,76,Neutral
2026-10-09 12:09:57 +0000,2.5,5,00-0040138,Jaylin Noel,WR,HOU,TEN,4.334826634386771,4.884878274565923,4.884878274565923,0.984168216059084,8.021102970132837,3.83141508023352,Medium,77,Neutral
2026-10-09 12:09:57 +0000,2.5,5,00-0040024,Darius Cooper,WR,PHI,JAX,4.32065931716936,4.898529790497111,4.898529790497111,1.097200993501928,8.042395502568187,2.953609688195244,High,78,C
2026-10-09 12:09:57 +0000,2.5,5,00-0040729,Jack Bech,WR,LV,NE,4.2950645113691435,5.079251233853357,5.079251233853357,0.9786506411239544,8.063415928069242,2.953609688195244,High,79,Neutral
2026-10-08 17:55:40 +0000,2.5,5,00-0039410,Ryan Flournoy,WR,DAL,TB,4.653790089073077,4.911464367612028,4.911464367612028,1.4204259922319349,8.249145763185757,2.953609688195244,High,79,Neutral
2026-10-09 12:09:57 +0000,2.5,5,00-0037741,Jahan Dotson,WR,ATL,BAL,4.2517448367452815,4.446612030561797,4.446612030561797,0.9765409128100662,7.883288287619752,3.83141508023352,Medium,80,Neutral
2026-10-09 12:09:57 +0000,2.5,5,00-0040648,Tory Horton,WR,SEA,SF,4.20419072906578,5.02450322774391,5.02450322774391,0.9088885701733448,8.135766037185435,3.83141508023352,Medium,81,C
2026-10-09 12:09:57 +0000,2.5,5,00-0041511,Omar Cooper Jr.,WR,NYJ,CLE,4.183319915302973,4.988655827059317,4.988655827059317,0.9549980539329268,7.907778937013203,4.973519690779636,Low,82,Neutral
2026-10-09 12:09:57 +0000,2.5,5,00-0036988,Josh Palmer,WR,BUF,LA,4.120171128383881,5.004822510268301,5.004822510268301,0.8041842557202865,7.926420092617118,2.953609688195244,High,83,C
2026-10-09 12:09:57 +0000,2.5,5,00-0040277,Jahdae Walker,WR,CHI,GB,4.100186078609177,4.782743005059077,4.782743005059077,0.713512681326669,7.69907813695902,4.973519690779636,Low,84,Neutral
2026-10-09 12:09:57 +0000,2.5,5,00-0032951,Laquon Treadwell,WR,IND,PIT,4.0903143248333285,4.386452410183639,4.386452410183639,0.9399271995503496,7.704753908122098,3.83141508023352,Medium,85,Neutral
2026-10-09 12:09:57 +0000,2.5,5,00-0040130,Jayden Higgins,WR,HOU,TEN,4.080718648014097,4.945660808976538,4.945660808976538,0.5592367128272664,7.546530408615659,3.83141508023352,Medium,86,Neutral
2026-10-09 12:09:57 +0000,2.5,5,00-0040718,Travis Hunter,WR,JAX,PHI,4.054708422287602,4.827274383876553,4.827274383876553,0.5968830656846145,7.272860179753796,3.83141508023352,Medium,87,Neutral
2026-10-09 12:09:57 +0000,2.5,5,00-0040590,Konata Mumpfield,WR,LA,BUF,4.032470994391957,4.6303046630470615,4.6303046630470615,0.8002459167893675,7.381982819817178,3.83141508023352,Medium,88,Neutral
2026-10-09 12:09:57 +0000,2.5,5,00-0041489,Germie Bernard,WR,PIT,IND,3.978131862106691,4.762028210068362,4.762028210068362,0.7447677652655486,7.573487536219371,3.83141508023352,Medium,89,Neutral
2026-10-09 12:09:57 +0000,2.5,5,00-0040785,Dohnte Meyers,WR,CIN,MIA,3.926982035404906,4.15104025961039,4.15104025961039,0.6925518349530135,7.5583666719666525,3.83141508023352,Medium,90,Neutral
2026-10-09 12:09:57 +0000,2.5,5,00-0038621,DeMario Douglas,WR,NE,LV,3.85537250687764,4.432658802305426,4.432658802305426,0.5906353895746914,7.46404119210363,2.953609688195244,High,91,Neutral
2026-10-09 12:09:57 +0000,2.5,5,00-0036407,Jerry Jeudy,WR,CLE,NYJ,3.817158597608824,4.558094014559222,4.558094014559222,0.4259461352043537,8.05446854377636,3.83141508023352,Medium,92,Neutral
2026-10-09 12:09:57 +0000,2.5,5,00-0041525,Chris Bell,WR,MIA,CIN,3.8163982355302473,4.113605334312701,4.113605334312701,0.4114695382615167,6.980187775956565,3.83141508023352,Medium,93,Neutral
2026-10-09 12:09:57 +0000,2.5,5,00-0036309,Darnell Mooney,WR,NYG,WAS,3.6718116274616728,4.146162111087245,4.146162111087245,0.5175749572898048,7.6385574460666845,2.953609688195244,High,94,Neutral
2026-10-09 12:09:57 +0000,2.5,5,00-0037742,Treylon Burks,WR,WAS,NYG,3.534685030661356,4.1162517717850395,4.1162517717850395,0.4005775727425626,7.727910901260779,2.953609688195244,High,95,Neutral
2026-10-09 12:09:57 +0000,2.5,5,00-0038619,Andrei Iosivas,WR,CIN,MIA,3.492419829170135,4.107322398490752,4.107322398490752,0.3230518307927286,7.387927547486903,2.953609688195244,High,96,Neutral
2026-10-09 12:09:57 +0000,2.5,5,00-0039868,Troy Franklin,WR,DEN,LAC,3.490392785570504,3.903340984221104,3.903340984221104,0.1336279518267199,7.102422654251017,4.973519690779636,Low,97,Neutral
2026-10-09 12:09:57 +0000,2.5,5,00-0041067,Bryce Lance,WR,NO,MIN,3.4306409795138793,3.504334442988627,3.504334442988627,0.3196862361231628,6.645651781177886,4.973519690779636,Low,98,Neutral
2026-10-09 12:09:57 +0000,2.5,5,00-0038679,Tyrell Shavers,WR,BUF,LA,3.4179498031500457,4.206918450654129,4.206918450654129,0.01176519037027479,7.018722138533724,2.953609688195244,High,99,Neutral
2026-10-09 12:09:57 +0000,2.5,5,00-0040172,Jordan Watkins,WR,SF,SEA,3.399571249152393,3.8682213181674,3.8682213181674,0.0617409991206426,7.0989050402901714,3.83141508023352,Medium,100,C
2026-10-09 12:09:57 +0000,2.5,5,00-0039146,Jayden Reed,WR,GB,CHI,3.365905537887984,4.218712751541823,4.218712751541823,0,6.696412975216001,4.973519690779636,Low,101,Neutral
2026-10-09 12:09:57 +0000,2.5,5,00-0037837,Calvin Austin III,WR,NYG,WAS,3.3469115679366923,4.061755886492388,4.061755886492388,0,7.068918071476042,3.83141508023352,Medium,102,Neutral
2026-10-09 12:09:57 +0000,2.5,5,00-0036626,Dyami Brown,WR,WAS,NYG,3.346010589823861,3.822466373817356,3.822466373817356,0,6.692735056711397,3.83141508023352,Medium,103,Neutral
2026-10-09 12:09:57 +0000,2.5,5,00-0034837,Calvin Ridley,WR,TEN,HOU,3.33656916631371,4.117309173165264,4.117309173165264,0,6.591730945596991,2.953609688195244,High,104,Neutral
2026-10-09 12:09:57 +0000,2.5,5,00-0037291,Jalen Nailor,WR,LV,NE,3.258624022872391,3.8948479547618873,3.8948479547618873,0,6.7816147714375745,2.953609688195244,High,105,Neutral
2026-10-09 12:09:57 +0000,2.5,5,00-0038728,Jared Wayne,WR,HOU,TEN,3.1808498639959453,3.7294108501901824,3.7294108501901824,0,6.485614147870641,3.83141508023352,Medium,106,Neutral
2026-10-09 12:09:57 +0000,2.5,5,00-0041100,Josh Cameron,WR,JAX,PHI,3.04981862058793,3.5309386410738774,3.5309386410738774,0,6.463461504474527,2.953609688195244,High,107,Neutral
2026-10-09 12:09:57 +0000,2.5,5,00-0040563,Efton Chism III,WR,NE,LV,3.0075953889493445,3.6356843989101217,3.6356843989101217,0,6.483341773245188,4.973519690779636,Low,108,C
2026-10-09 12:09:57 +0000,2.5,5,00-0035535,Darius Slayton,WR,NYG,WAS,2.9867986346672515,3.745690687727686,3.745690687727686,0,6.201907871586435,2.953609688195244,High,109,Neutral
2026-10-09 12:09:57 +0000,2.5,5,00-0040154,Tai Felton,WR,MIN,NO,2.963842549640377,3.360078120758864,3.360078120758864,0,6.621879756974653,4.973519690779636,Low,110,Neutral
2026-10-09 12:09:57 +0000,2.5,5,00-0039792,Devontez Walker,WR,BAL,ATL,2.918522302349871,3.7099407382151584,3.7099407382151584,0,6.522951170381326,4.973519690779636,Low,111,Neutral
2026-10-09 12:09:57 +0000,2.5,5,00-0039751,Jordan Whittington,WR,LA,BUF,2.6793215671049846,3.1159502530871652,3.1159502530871652,0,6.43478515148712,3.83141508023352,Medium,112,Neutral
2026-10-08 17:55:40 +0000,2.5,5,00-0040237,Tez Johnson,WR,TB,DAL,3.1997253069752176,3.921248060046587,3.921248060046587,0,6.804154175006673,3.83141508023352,Medium,112,Neutral
2026-10-09 12:09:57 +0000,2.5,5,00-0034775,Christian Kirk,WR,SF,SEA,2.6663157432171283,3.355592166200707,3.355592166200707,0,6.369272458396479,3.83141508023352,Medium,113,Neutral
2026-10-09 12:09:57 +0000,2.5,5,00-0040870,Ja'Kobi Lane,WR,BAL,ATL,2.621465746283243,3.1656320355331067,3.1656320355331067,0,6.3745889639916875,2.953609688195244,High,114,Neutral
2026-10-09 12:09:57 +0000,2.5,5,00-0038824,Ryan Miller,WR,MIA,CIN,2.488827620691086,3.1275510171155556,3.1275510171155556,0,6.015878249122886,2.953609688195244,High,115,C
2026-10-09 12:09:57 +0000,2.5,5,00-0033375,Tim Patrick,WR,NYJ,CLE,2.471919487009841,3.2506793308430213,3.2506793308430213,0,5.938399704073458,2.953609688195244,High,116,Neutral
2026-10-09 12:09:57 +0000,2.5,5,00-0041529,Kevin Coleman Jr.,WR,MIA,CIN,2.448519641159577,2.683485239741873,2.683485239741873,0,6.332514486380267,4.973519690779636,Low,117,Neutral
2026-10-09 12:09:57 +0000,2.5,5,00-0040131,Kyle Williams,WR,NE,LV,2.317479522097022,2.9875563897489026,2.9875563897489026,0,5.962289414475115,2.953609688195244,High,118,Neutral
2026-10-09 12:09:57 +0000,2.5,5,00-0035662,Marquise Brown,WR,PHI,JAX,2.2950423036578083,3.0289021072392304,3.0289021072392304,0,5.444844085627508,3.83141508023352,Medium,119,Neutral
2026-10-09 12:09:57 +0000,2.5,5,00-0038090,Skyy Moore,WR,GB,CHI,2.2783683866484212,2.7068429142606334,2.7068429142606334,0,5.827832962290367,3.83141508023352,Medium,120,Neutral
2026-10-09 12:09:57 +0000,2.5,5,00-0038976,Marvin Mims Jr.,WR,DEN,LAC,2.2318885230548746,2.917817576648058,2.917817576648058,0,5.436168117316708,3.83141508023352,Medium,121,Neutral
2026-10-09 12:09:57 +0000,2.5,5,00-0038977,Tank Dell,WR,HOU,TEN,2.194762072550474,2.8665627399868736,2.8665627399868736,0,5.9836159257866814,2.953609688195244,High,123,Neutral
2026-10-09 12:09:57 +0000,2.5,5,00-0036849,Tutu Atwell,WR,LA,BUF,2.192058739718976,2.848648762797618,2.848648762797618,0,5.548970080265488,2.953609688195244,High,124,Neutral
2026-10-09 12:09:57 +0000,2.5,5,00-0035208,Olamide Zaccheaus,WR,ATL,BAL,2.179833892453493,2.6544251499387643,2.6544251499387643,0,5.800820966446388,2.953609688195244,High,125,Neutral
2026-10-09 12:09:57 +0000,2.5,5,00-0040876,Elijah Sarratt,WR,BAL,ATL,2.163364773275064,2.6513367978758393,2.6513367978758393,0,5.742720457974775,2.953609688195244,High,126,Neutral
2026-10-09 12:09:57 +0000,2.5,5,00-0036862,Ben Skowronek,WR,PIT,IND,2.1420544252732925,2.7649498161242296,2.7649498161242296,0,5.968261197937355,3.83141508023352,Medium,127,Neutral
2026-10-09 12:09:57 +0000,2.5,5,00-0035021,Ashton Dulin,WR,IND,PIT,2.085934115221356,2.5510471913057144,2.5510471913057144,0,5.856917100484985,2.953609688195244,High,128,Neutral
2026-10-09 12:09:57 +0000,2.5,5,00-0041044,Zachariah Branch,WR,ATL,BAL,2.0422809714732177,2.589526751746338,2.589526751746338,0,5.542310675998941,2.953609688195244,High,129,Neutral
2026-10-08 17:55:40 +0000,2.5,5,00-0039855,Jalen McMillan,WR,TB,DAL,2.1734025548925144,2.9629894612613885,2.9629894612613885,0,6.057397400113205,4.973519690779636,Low,130,Neutral
2026-10-09 12:09:57 +0000,2.5,5,00-0038359,Xavier Smith,WR,LA,BUF,2.008546486615844,2.5281704119836417,2.5281704119836417,0,5.39444789459372,3.83141508023352,Medium,130,Neutral
2026-10-09 12:09:57 +0000,2.5,5,00-0040317,Jacoby Jones,WR,WAS,NYG,1.8367195379969927,2.521097026307956,2.521097026307956,0,4.847605113063464,2.953609688195244,High,131,Neutral
2026-10-09 12:09:57 +0000,2.5,5,00-0036980,Elijah Moore,WR,PHI,JAX,1.818800060053376,2.487682806286063,2.487682806286063,0,5.021661148485837,2.953609688195244,High,132,Neutral
2026-10-09 12:09:57 +0000,2.5,5,00-0041070,Reggie Virgil,WR,ARI,DET,1.7682984133337425,2.3592530124343907,2.3592530124343907,0,5.533514472181334,2.953609688195244,High,134,Neutral
2026-10-09 12:09:57 +0000,2.5,5,00-0041004,Chase Roberts,WR,LV,NE,1.7058326658918432,2.2960394517107097,2.2960394517107097,0,5.7302116708891635,2.953609688195244,High,135,Neutral
2026-10-09 12:09:57 +0000,2.5,5,00-0040782,Isaiah Bond,WR,CLE,NYJ,1.6883451273787418,2.2563152794620063,2.2563152794620063,0,5.264781348084018,4.973519690779636,Low,136,Neutral
2026-10-08 17:55:40 +0000,2.5,5,00-0037801,KaVontae Turpin,WR,DAL,TB,1.891689475910008,2.540283455676734,2.540283455676734,0,5.470606763146049,3.83141508023352,Medium,137,Neutral
2026-10-09 12:09:57 +0000,2.5,5,00-0041446,Kendrick Law,WR,DET,ARI,1.6814314713451202,2.259071805472661,2.259071805472661,0,4.906143586856772,2.953609688195244,High,137,Neutral
2026-10-09 12:09:57 +0000,2.5,5,00-0040705,Chimere Dike,WR,TEN,HOU,1.640899527224497,2.177585502718217,2.177585502718217,0,5.4117966235760475,4.973519690779636,Low,139,Neutral
2026-10-08 17:55:40 +0000,2.5,5,00-0035359,David Sills,WR,TB,DAL,1.7832643932943393,2.3978069535303197,2.3978069535303197,0,5.667465284934619,2.953609688195244,High,140,Neutral
2026-10-09 12:09:57 +0000,2.5,5,00-0040581,Dont'e Thornton Jr.,WR,LV,NE,1.629593093695874,2.1842901433551227,2.1842901433551227,0,5.513793985336155,3.83141508023352,Medium,140,Neutral
2026-10-09 12:09:57 +0000,2.5,5,00-0036463,Chris Blair,WR,ATL,BAL,1.6213652797733538,2.0094633414008207,2.0094633414008207,0,5.373414488039933,3.83141508023352,Medium,141,Neutral
2026-10-09 12:09:57 +0000,2.5,5,00-0034407,Ray-Ray McCloud,WR,CHI,GB,1.6064249634973826,2.162775218525301,2.162775218525301,0,5.017612795872396,2.953609688195244,High,142,Neutral
2026-10-09 12:09:57 +0000,2.5,5,00-0041451,Brock Rechsteiner,WR,NO,MIN,1.5684788998676815,2.067116508337107,2.067116508337107,0,5.655410842722514,2.953609688195244,High,143,Neutral
2026-10-09 12:09:57 +0000,2.5,5,00-0041374,Sincere Brown,WR,LAC,DEN,1.5684762176600038,2.069995551759491,2.069995551759491,0,5.226865151949481,2.953609688195244,High,144,Neutral
2026-10-09 12:09:57 +0000,2.5,5,00-0041399,CJ Daniels,WR,LA,BUF,1.5659915282247492,2.0478348059650973,2.0478348059650973,0,4.708470302579665,2.953609688195244,High,145,Neutral
2026-10-09 12:09:57 +0000,2.5,5,00-0041550,Brenen Thompson,WR,LAC,DEN,1.552608499137346,1.92100347612928,1.92100347612928,0,4.747244715868109,2.953609688195244,High,146,Neutral
2026-10-08 17:55:40 +0000,2.5,5,00-0040930,Camden Brown,WR,DAL,TB,1.6345253944190756,2.2060489256833025,2.2060489256833025,0,5.12531893730754,2.953609688195244,High,147,Neutral
2026-10-09 12:09:57 +0000,2.5,5,00-0039365,Jacob Cowing,WR,SF,SEA,1.5415189745361304,1.8352584842732709,1.8352584842732709,0,5.318365387642091,3.83141508023352,Medium,147,Neutral
2026-10-09 12:09:57 +0000,2.5,5,00-0041106,C.J. Williams,WR,JAX,PHI,1.5277593807275949,1.98061874772043,1.98061874772043,0,4.90729307447554,2.953609688195244,High,148,Neutral
2026-10-09 12:09:57 +0000,2.5,5,00-0039355,Luke McCaffrey,WR,WAS,NYG,1.5247706194714286,2.304130259486632,2.304130259486632,0,5.103687906707471,3.83141508023352,Medium,149,Neutral
2026-10-09 12:09:57 +0000,2.5,5,00-0040075,LaJohntay Wester,WR,BAL,ATL,1.498545247354691,1.8656303982578797,1.8656303982578797,0,4.944140775186437,3.83141508023352,Medium,150,Neutral
2026-10-09 12:09:57 +0000,2.5,5,00-0040009,Savion Williams,WR,GB,CHI,1.485553806886288,2.0126833814137717,2.0126833814137717,0,4.976347349774753,2.953609688195244,High,151,Neutral
2026-10-09 12:09:57 +0000,2.5,5,00-0037091,Bo Melton,WR,GB,CHI,1.4531629927795673,1.8538765721588573,1.8538765721588573,0,4.880632587190468,2.953609688195244,High,152,Neutral
2026-10-09 12:09:57 +0000,2.5,5,00-0041443,Skyler Bell,WR,BUF,LA,1.4459639693389263,1.8598908823546316,1.8598908823546316,0,5.320956823526503,2.953609688195244,High,153,Neutral
2026-10-09 12:09:57 +0000,2.5,5,00-0037093,Dareke Young,WR,LV,NE,1.3844715723654786,1.8160666441356408,1.8160666441356408,0,4.854822542465576,2.953609688195244,High,154,Neutral
2026-10-09 12:09:57 +0000,2.5,5,00-0040948,J. Michael Sturdivant,WR,GB,CHI,1.3626415655372637,1.7904348647193933,1.7904348647193933,0,4.5982989559687395,2.953609688195244,High,155,Neutral
2026-10-09 12:09:57 +0000,2.5,5,00-0037666,Jalen Tolbert,WR,MIA,CIN,1.362290995471528,1.9597253288706984,1.9597253288706984,0,5.0835017391177075,3.83141508023352,Medium,156,Neutral
2026-10-09 12:09:57 +0000,2.5,5,00-0035406,Lil'Jordan Humphrey,WR,DEN,LAC,1.349809276858649,1.9950993653795477,1.9950993653795477,0,5.1145604138543765,3.83141508023352,Medium,157,Neutral
2026-10-09 12:09:57 +0000,2.5,5,00-0039379,Jamari Thrash,WR,CLE,NYJ,1.340132524606796,1.7206339075121808,1.7206339075121808,0,4.975051062966408,2.953609688195244,High,158,Neutral
2026-10-09 12:09:57 +0000,2.5,5,00-0031235,Odell Beckham Jr.,WR,NYG,WAS,1.3329249680329096,1.9605416755359588,1.9605416755359588,0,5.386424095040301,3.83141508023352,Medium,159,Neutral
2026-10-09 12:09:57 +0000,2.5,5,00-0040506,Myles Price,WR,MIN,NO,1.3030000262597037,1.524067410684101,1.524067410684101,0,4.917846058728343,2.953609688195244,High,160,Neutral
2026-10-09 12:09:57 +0000,2.5,5,00-0036630,Tylan Wallace,WR,CLE,NYJ,1.2977590355525688,1.7891878938095895,1.7891878938095895,0,4.991909765357844,2.953609688195244,High,161,Neutral
2026-10-09 12:09:57 +0000,2.5,5,00-0041069,Colbie Young,WR,CIN,MIA,1.2738819286610874,1.7138846989118708,1.7138846989118708,0,5.13774226601098,2.953609688195244,High,162,Neutral
2026-10-09 12:09:57 +0000,2.5,5,00-0035645,Gunner Olszewski,WR,NYG,WAS,1.2696168751311834,1.6919419518431913,1.6919419518431913,0,4.991615877789661,2.953609688195244,High,163,Neutral
2026-10-09 12:09:57 +0000,2.5,5,00-0041005,Corey Rucker,WR,LV,NE,1.2593304853492675,1.6830810674120484,1.6830810674120484,0,5.09997905825737,2.953609688195244,High,164,Neutral
2026-10-09 12:09:57 +0000,2.5,5,00-0041132,Deion Burks,WR,IND,PIT,1.2448819463084388,1.4964848863797466,1.4964848863797466,0,5.140389664625206,2.953609688195244,High,165,Neutral
2026-10-09 12:09:57 +0000,2.5,5,00-0040184,KeAndre Lambert-Smith,WR,LAC,DEN,1.2308830027111053,1.6553001410973869,1.6553001410973869,0,4.601051231933687,2.953609688195244,High,166,Neutral
2026-10-09 12:09:57 +0000,2.5,5,00-0039236,Johnny Wilson,WR,PHI,JAX,1.1863336679202077,1.573939263301054,1.573939263301054,0,4.691751464103603,2.953609688195244,High,167,Neutral
2026-10-09 12:09:57 +0000,2.5,5,00-0038590,Justin Shorter,WR,LV,NE,1.1790148840598624,1.559257604389118,1.559257604389118,0,4.736714750589295,2.953609688195244,High,168,Neutral
2026-10-09 12:09:57 +0000,2.5,5,00-0039623,Mason Tipton,WR,NO,MIN,1.1768403459918662,1.5520492277761573,1.5520492277761573,0,4.777004489854994,2.953609688195244,High,169,Neutral
2026-10-09 12:09:57 +0000,2.5,5,00-0040432,Beaux Collins,WR,ATL,BAL,1.1720311260394505,1.575719292987097,1.575719292987097,0,4.411081099409438,2.953609688195244,High,170,Neutral
2026-10-09 12:09:57 +0000,2.5,5,00-0039626,Cole Burgess,WR,PIT,IND,1.167416099976358,1.552059617755905,1.552059617755905,0,4.917967172468389,2.953609688195244,High,171,Neutral
2026-10-09 12:09:57 +0000,2.5,5,00-0040629,Dalevon Campbell,WR,LAC,DEN,1.166049766256409,1.54053258848521,1.54053258848521,0,4.858811257867717,2.953609688195244,High,172,Neutral
2026-10-09 12:09:57 +0000,2.5,5,00-0035045,D.J. Montgomery,WR,IND,PIT,1.1564086083328886,1.521580478177495,1.521580478177495,0,4.770361602055377,2.953609688195244,High,173,Neutral
2026-10-09 12:09:57 +0000,2.5,5,00-0037156,Irvin Charles,WR,SEA,SF,1.1479729491658572,1.5100534489067998,1.5100534489067998,0,4.646516046298426,2.953609688195244,High,174,Neutral
2026-10-09 12:09:57 +0000,2.5,5,00-0037524,Tay Martin,WR,DET,ARI,1.1248609947817043,1.680763788961125,1.680763788961125,0,4.93108519095345,2.953609688195244,High,175,Neutral
2026-10-09 12:09:57 +0000,2.5,5,00-0040164,Jaylin Lane,WR,WAS,NYG,1.1181556280551084,1.5506375922258908,1.5506375922258908,0,4.696663758919052,2.953609688195244,High,176,Neutral
2026-10-09 12:09:57 +0000,2.5,5,00-0038752,Jake Bobo,WR,SEA,SF,1.0907576654979114,1.4738285698209417,1.4738285698209417,0,4.7715029998936895,2.953609688195244,High,177,Neutral
2026-10-09 12:09:57 +0000,2.5,5,00-0040498,Dontae Fleming,WR,MIN,NO,1.0883213616167593,1.3960254352548205,1.3960254352548205,0,4.65672089658371,2.953609688195244,High,178,Neutral
2026-10-09 12:09:57 +0000,2.5,5,00-0040570,Jeremiah Webb,WR,NE,LV,1.0811296333572362,1.3972385508651692,1.3972385508651692,0,5.633995219830893,2.953609688195244,High,179,Neutral
2026-10-09 12:09:57 +0000,2.5,5,00-0040352,Coleman Owen,WR,IND,PIT,1.062808424323775,1.365580171495639,1.365580171495639,0,4.73207462545876,2.953609688195244,High,180,Neutral
2026-10-09 12:09:57 +0000,2.5,5,00-0041051,Zavion Thomas,WR,CHI,GB,1.0324424105618704,1.50255671437156,1.50255671437156,0,4.5004691722541486,2.953609688195244,High,181,Neutral
2026-10-09 12:09:57 +0000,2.5,5,00-0041099,Barion Brown,WR,NO,MIN,0.9856131334903044,1.3437472415967455,1.3437472415967455,0,4.738176590201014,2.953609688195244,High,182,Neutral
2026-10-09 12:09:57 +0000,2.5,5,00-0040894,Malik Benson,WR,LV,NE,0.9598303276984927,1.3341361613222358,1.3341361613222358,0,4.483928389400159,2.953609688195244,High,183,Neutral
2026-10-09 12:09:57 +0000,2.5,5,00-0039710,Jeshaun Jones,WR,MIN,NO,0.9508137050285094,1.3685307011031695,1.3685307011031695,0,4.663909186303047,2.953609688195244,High,184,Neutral
2026-10-08 17:55:40 +0000,2.5,5,00-0039062,Jonathan Mingo,WR,DAL,TB,1.1155687660726603,1.5642998964840662,1.5642998964840662,0,4.6141118632052285,2.953609688195244,High,184,Neutral
2026-10-09 12:09:57 +0000,2.5,5,00-0038640,Jalen Brooks,WR,ARI,DET,0.940781394142842,1.3605859734928205,1.3605859734928205,0,4.449383166630857,2.953609688195244,High,185,Neutral
2026-10-09 12:09:57 +0000,2.5,5,00-0036646,Simi Fehoko,WR,ARI,DET,0.9092024244614972,1.3148337466432871,1.3148337466432871,0,4.3235506672588215,2.953609688195244,High,186,Neutral
2026-10-09 12:09:57 +0000,2.5,5,00-0039920,Malachi Corley,WR,CLE,NYJ,0.89388484652792,1.2872071414516135,1.2872071414516135,0,4.908373135338011,2.953609688195244,High,187,Neutral
2026-10-09 12:09:57 +0000,2.5,5,00-0040621,Montorie Foster Jr,WR,SEA,SF,0.8932225065761775,1.269194317747151,1.269194317747151,0,4.457358929694333,2.953609688195244,High,188,Neutral
2026-10-09 12:09:57 +0000,2.5,5,00-0040582,Arian Smith,WR,NYJ,CLE,0.858198656761594,1.2252200082340958,1.2252200082340958,0,4.401776278071761,2.953609688195244,High,189,Neutral
2026-10-09 12:09:57 +0000,2.5,5,00-0041397,Kaden Wetjen,WR,PIT,IND,0.8573930541915218,1.2370391952068474,1.2370391952068474,0,4.25443495781215,2.953609688195244,High,190,Neutral
2026-10-08 17:55:40 +0000,2.5,5,00-0039589,Kameron Johnson,WR,TB,DAL,0.9694205785239678,1.273009344015675,1.273009344015675,0,4.230834103587563,2.953609688195244,High,190,Neutral
2026-10-09 12:09:57 +0000,2.5,5,00-0040534,Ke'Shawn Williams,WR,CIN,MIA,0.8283682610919606,1.1936549389247315,1.1936549389247315,0,4.59292267399885,2.953609688195244,High,191,Neutral
2026-10-09 12:09:57 +0000,2.5,5,00-0038573,Derius Davis,WR,LAC,DEN,0.8247532668001081,1.094205548744504,1.094205548744504,0,4.243759401907886,2.953609688195244,High,192,Neutral
2026-10-09 12:09:57 +0000,2.5,5,00-0036331,Devin Duvernay,WR,ARI,DET,0.7365636838914291,1.0678472541175512,1.0678472541175512,0,4.208461198620188,2.953609688195244,High,193,Neutral
