generated_at,week,player_id,player_display_name,position,team,opponent,projected_weekly_fppg,weekly_floor,weekly_ceiling,projection_confidence,expected_abs_error,calibrated_matchup_delta_23,model_disagreement_23,historical_residual_correction_23,version_weight_21,version_weight_22,version_weight_23,projected_weekly_fppg_232,projected_weekly_fppg_23,controller_base_fppg_232,controller_base_method_232,signal_correction_232,pid_correction_232,feedback_total_correction_232,pid_p_232,pid_i_232,pid_d_232,model232_promoted,model_version,projected_weekly_fppg_24,locked_final_fppg_24,locked_method_24,signal_correction_24,response_adjustment_raw_24,talent_prior_fppg_24,talent_weight_24,talent_gap_weighted_24,archetype_24,model24_promoted,risk_score_24,direct_fppg_25,incumbent_pre_availability_25,candidate_pre_availability_25,blend_alpha_25,direct_gap_25,model25_promoted,feedback_base_projection_25,feedback_promoted_25,feedback_player_gain_25,feedback_position_gain_25,player_error_n,player_last_error,player_error_ewma,player_error_roll3,player_abs_error_roll3,player_error_trend,position_error_n,position_error_bias,position_abs_error,feedback_player_bias_25,feedback_position_bias_25,feedback_correction_25,feedback_horizon_decay_25,feedback_post_projection_25
2026-09-15 19:31:18 -0400,1,00-0035700,Josh Jacobs,RB,GB,MIN,13.97862341507708,10.154056662348488,17.639988950114404,Medium,4.1906550461485725,-0.3648866899252319,0.9980858336903116,0.5879449452525086,0.25,0.75,0,NA,NA,NA,NA,NA,NA,NA,NA,NA,NA,NA,NA,NA,NA,NA,NA,NA,NA,NA,NA,NA,NA,NA,NA,NA,NA,NA,NA,NA,NA,NA,NA,NA,NA,NA,NA,NA,NA,NA,NA,NA,NA,NA,NA,NA,NA,NA
2026-09-15 19:31:18 -0400,1,00-0039923,J.J. McCarthy,QB,MIN,GB,13.470573686118868,6.939694614547049,19.10235688381342,Medium,6.009644947269335,-0.3513431067979713,1.8836600156855403,0.0331504078874292,0.5,0.25,0.25,NA,NA,NA,NA,NA,NA,NA,NA,NA,NA,NA,NA,NA,NA,NA,NA,NA,NA,NA,NA,NA,NA,NA,NA,NA,NA,NA,NA,NA,NA,NA,NA,NA,NA,NA,NA,NA,NA,NA,NA,NA,NA,NA,NA,NA,NA,NA
2026-09-15 19:31:18 -0400,1,00-0041562,Fernando Mendoza,QB,LV,MIA,12.866703643835596,6.651589643071857,19.167139809595593,Low,6.257317254074934,0.21603788715394184,2.299362355395026,-0.11082592133468856,0.5,0.25,0.25,NA,NA,NA,NA,NA,NA,NA,NA,NA,NA,NA,NA,NA,NA,NA,NA,NA,NA,NA,NA,NA,NA,NA,NA,NA,NA,NA,NA,NA,NA,NA,NA,NA,NA,NA,NA,NA,NA,NA,NA,NA,NA,NA,NA,NA,NA,NA
2026-09-15 19:31:18 -0400,1,00-0036945,Justin Fields,QB,KC,DEN,12.133296739298189,5.919723144258408,18.91948669080015,Low,6.257317254074934,-0.8214499613141533,2.2250837730953505,-0.3624101048854595,0.5,0.25,0.25,NA,NA,NA,NA,NA,NA,NA,NA,NA,NA,NA,NA,NA,NA,NA,NA,NA,NA,NA,NA,NA,NA,NA,NA,NA,NA,NA,NA,NA,NA,NA,NA,NA,NA,NA,NA,NA,NA,NA,NA,NA,NA,NA,NA,NA,NA,NA
2026-09-15 19:31:18 -0400,1,00-0032268,Marcus Mariota,QB,WAS,PHI,11.084430986485094,4.593159809965716,17.43150227206422,Medium,6.009644947269335,-1.3178849775184127,1.7679369007963437,-0.3342113675289124,0.5,0.25,0.25,NA,NA,NA,NA,NA,NA,NA,NA,NA,NA,NA,NA,NA,NA,NA,NA,NA,NA,NA,NA,NA,NA,NA,NA,NA,NA,NA,NA,NA,NA,NA,NA,NA,NA,NA,NA,NA,NA,NA,NA,NA,NA,NA,NA,NA,NA,NA
2026-09-15 19:31:18 -0400,1,00-0041568,Ty Simpson,QB,LA,SF,11.029053516627943,4.68953796822557,17.549573814225717,Medium,6.009644947269335,0.02250478650327354,1.3727415572942216,0.8988282873033826,0.5,0.25,0.25,NA,NA,NA,NA,NA,NA,NA,NA,NA,NA,NA,NA,NA,NA,NA,NA,NA,NA,NA,NA,NA,NA,NA,NA,NA,NA,NA,NA,NA,NA,NA,NA,NA,NA,NA,NA,NA,NA,NA,NA,NA,NA,NA,NA,NA,NA,NA
2026-09-15 19:31:18 -0400,1,00-0033869,Mitchell Trubisky,QB,TEN,NYJ,10.941695058292275,4.699485531030344,17.28475452994331,High,5.980945793679473,-0.3330134968939321,0.9482692677034268,0.31391350356090686,0.5,0.25,0.25,NA,NA,NA,NA,NA,NA,NA,NA,NA,NA,NA,NA,NA,NA,NA,NA,NA,NA,NA,NA,NA,NA,NA,NA,NA,NA,NA,NA,NA,NA,NA,NA,NA,NA,NA,NA,NA,NA,NA,NA,NA,NA,NA,NA,NA,NA,NA
2026-09-15 19:31:18 -0400,1,00-0036972,Mac Jones,QB,SF,LA,9.664647742508627,3.1172909994617135,15.507978903160822,Medium,6.009644947269335,-0.3940552126393336,1.852070120304346,0.3301089915614982,0.5,0.25,0.25,NA,NA,NA,NA,NA,NA,NA,NA,NA,NA,NA,NA,NA,NA,NA,NA,NA,NA,NA,NA,NA,NA,NA,NA,NA,NA,NA,NA,NA,NA,NA,NA,NA,NA,NA,NA,NA,NA,NA,NA,NA,NA,NA,NA,NA,NA,NA
2026-09-15 19:31:18 -0400,1,00-0039165,Zach Charbonnet,RB,SEA,NE,9.56956297711813,5.782590147586342,13.460478205237944,Medium,4.1906550461485725,-0.2231396621009032,0.9953979404271892,0.49839322787021695,0.25,0.75,0,NA,NA,NA,NA,NA,NA,NA,NA,NA,NA,NA,NA,NA,NA,NA,NA,NA,NA,NA,NA,NA,NA,NA,NA,NA,NA,NA,NA,NA,NA,NA,NA,NA,NA,NA,NA,NA,NA,NA,NA,NA,NA,NA,NA,NA,NA,NA
2026-09-15 19:31:18 -0400,1,00-0033553,James Conner,RB,ARI,LAC,8.76416766706064,4.920421384948387,12.184739407613204,Medium,4.1906550461485725,-0.29193477396364576,0.9444074985547872,-0.04058133843295314,0.25,0.75,0,NA,NA,NA,NA,NA,NA,NA,NA,NA,NA,NA,NA,NA,NA,NA,NA,NA,NA,NA,NA,NA,NA,NA,NA,NA,NA,NA,NA,NA,NA,NA,NA,NA,NA,NA,NA,NA,NA,NA,NA,NA,NA,NA,NA,NA,NA,NA
2026-09-15 19:31:18 -0400,1,00-0031503,Jameis Winston,QB,NYG,DAL,8.355998403823673,1.9621676237815295,14.74501905469371,Medium,6.009644947269335,-0.7034039781134764,1.598768650818277,0.6494550482118678,0.5,0.25,0.25,NA,NA,NA,NA,NA,NA,NA,NA,NA,NA,NA,NA,NA,NA,NA,NA,NA,NA,NA,NA,NA,NA,NA,NA,NA,NA,NA,NA,NA,NA,NA,NA,NA,NA,NA,NA,NA,NA,NA,NA,NA,NA,NA,NA,NA,NA,NA
2026-09-15 19:31:18 -0400,1,00-0041029,Jordyn Tyson,WR,NO,DET,8.276110784906624,4.753390599275244,11.501329520568326,Medium,3.83141508023352,0,0.6999347400041905,0,0.25,0,0.75,NA,NA,NA,NA,NA,NA,NA,NA,NA,NA,NA,NA,NA,NA,NA,NA,NA,NA,NA,NA,NA,NA,NA,NA,NA,NA,NA,NA,NA,NA,NA,NA,NA,NA,NA,NA,NA,NA,NA,NA,NA,NA,NA,NA,NA,NA,NA
2026-09-15 19:31:18 -0400,1,00-0041561,Carson Beck,QB,ARI,LAC,8.254764050194286,1.6738500580063662,14.024933984826994,Medium,6.009644947269335,-1.3315031952848302,1.915092498836726,-0.13903364170797058,0.5,0.25,0.25,NA,NA,NA,NA,NA,NA,NA,NA,NA,NA,NA,NA,NA,NA,NA,NA,NA,NA,NA,NA,NA,NA,NA,NA,NA,NA,NA,NA,NA,NA,NA,NA,NA,NA,NA,NA,NA,NA,NA,NA,NA,NA,NA,NA,NA,NA,NA
2026-09-15 19:31:18 -0400,1,00-0040014,Kyle McCord,QB,MIA,LV,8.071271919231862,1.6562269602781905,14.550186036665233,High,5.980945793679473,-1.380755364528916,0.9325104873783056,0.169981957535692,0.5,0.25,0.25,NA,NA,NA,NA,NA,NA,NA,NA,NA,NA,NA,NA,NA,NA,NA,NA,NA,NA,NA,NA,NA,NA,NA,NA,NA,NA,NA,NA,NA,NA,NA,NA,NA,NA,NA,NA,NA,NA,NA,NA,NA,NA,NA,NA,NA,NA,NA
2026-09-15 19:31:18 -0400,1,00-0026158,Joe Flacco,QB,CIN,TB,8.02692444207262,1.3316614787140488,13.700155566135706,Low,6.257317254074934,-1.507215033485584,3.448905766264126,-0.5062136274999651,0.5,0.25,0.25,NA,NA,NA,NA,NA,NA,NA,NA,NA,NA,NA,NA,NA,NA,NA,NA,NA,NA,NA,NA,NA,NA,NA,NA,NA,NA,NA,NA,NA,NA,NA,NA,NA,NA,NA,NA,NA,NA,NA,NA,NA,NA,NA,NA,NA,NA,NA
2026-09-15 19:31:18 -0400,1,00-0039164,Anthony Richardson,QB,IND,BAL,7.999279225737968,1.6415189903507326,14.206629220248477,Low,6.257317254074934,-2.6012733802224433,2.7106189788987134,-0.9565602772264968,0.5,0.25,0.25,NA,NA,NA,NA,NA,NA,NA,NA,NA,NA,NA,NA,NA,NA,NA,NA,NA,NA,NA,NA,NA,NA,NA,NA,NA,NA,NA,NA,NA,NA,NA,NA,NA,NA,NA,NA,NA,NA,NA,NA,NA,NA,NA,NA,NA,NA,NA
2026-09-15 19:31:18 -0400,1,00-0041035,De'Zhaun Stribling,WR,SF,LA,7.944659625816545,4.046854806288831,11.2574760410556,Medium,3.83141508023352,-0.1490859272436494,0.7183195595452638,0,0.25,0,0.75,NA,NA,NA,NA,NA,NA,NA,NA,NA,NA,NA,NA,NA,NA,NA,NA,NA,NA,NA,NA,NA,NA,NA,NA,NA,NA,NA,NA,NA,NA,NA,NA,NA,NA,NA,NA,NA,NA,NA,NA,NA,NA,NA,NA,NA,NA,NA
2026-09-15 19:31:18 -0400,1,00-0040398,Brady Cook,QB,MIA,LV,7.59130216063234,1.0122697706242023,13.52640914763023,Medium,6.009644947269335,-0.4007912643888425,1.7482443861930532,0.17821486147801743,0.5,0.25,0.25,NA,NA,NA,NA,NA,NA,NA,NA,NA,NA,NA,NA,NA,NA,NA,NA,NA,NA,NA,NA,NA,NA,NA,NA,NA,NA,NA,NA,NA,NA,NA,NA,NA,NA,NA,NA,NA,NA,NA,NA,NA,NA,NA,NA,NA,NA,NA
2026-09-15 19:31:18 -0400,1,00-0038579,Aidan O'Connell,QB,LV,MIA,7.0857217654060545,0.6613334546799436,13.824787685588412,High,5.980945793679473,0.2250729839324822,1.0090655436619311,1.217267728491844,0.5,0.25,0.25,NA,NA,NA,NA,NA,NA,NA,NA,NA,NA,NA,NA,NA,NA,NA,NA,NA,NA,NA,NA,NA,NA,NA,NA,NA,NA,NA,NA,NA,NA,NA,NA,NA,NA,NA,NA,NA,NA,NA,NA,NA,NA,NA,NA,NA,NA,NA
2026-09-15 19:31:18 -0400,1,00-0041056,Cade Klubnik,QB,NYJ,TEN,6.975282978480619,0.6996632318683714,13.080482406549,Medium,6.009644947269335,-1.2209976994477263,1.6659205567142492,0.01607412876053406,0.5,0.25,0.25,NA,NA,NA,NA,NA,NA,NA,NA,NA,NA,NA,NA,NA,NA,NA,NA,NA,NA,NA,NA,NA,NA,NA,NA,NA,NA,NA,NA,NA,NA,NA,NA,NA,NA,NA,NA,NA,NA,NA,NA,NA,NA,NA,NA,NA,NA,NA
2026-09-15 19:31:18 -0400,1,00-0033906,Alvin Kamara,RB,NO,DET,6.864322175598016,3.1342841204959315,10.982646343232252,Low,5.339770194966193,0,1.4154423007979182,0.08303021563512408,0.25,0.75,0,NA,NA,NA,NA,NA,NA,NA,NA,NA,NA,NA,NA,NA,NA,NA,NA,NA,NA,NA,NA,NA,NA,NA,NA,NA,NA,NA,NA,NA,NA,NA,NA,NA,NA,NA,NA,NA,NA,NA,NA,NA,NA,NA,NA,NA,NA,NA
2026-09-15 19:31:18 -0400,1,00-0041565,Drew Allar,QB,PIT,ATL,6.581621747621428,0.05042957177327173,12.735166657974233,Low,6.257317254074934,-0.965010673850572,2.2717182913027454,0.04043029535792802,0.5,0.25,0.25,NA,NA,NA,NA,NA,NA,NA,NA,NA,NA,NA,NA,NA,NA,NA,NA,NA,NA,NA,NA,NA,NA,NA,NA,NA,NA,NA,NA,NA,NA,NA,NA,NA,NA,NA,NA,NA,NA,NA,NA,NA,NA,NA,NA,NA,NA,NA
2026-09-15 19:31:18 -0400,1,00-0040206,Riley Leonard,QB,IND,BAL,6.483464213189807,0.49010403646560263,12.926151535469272,High,5.980945793679473,-2.6012733802224433,1.303180542643251,0.03904008432456633,0.5,0.25,0.25,NA,NA,NA,NA,NA,NA,NA,NA,NA,NA,NA,NA,NA,NA,NA,NA,NA,NA,NA,NA,NA,NA,NA,NA,NA,NA,NA,NA,NA,NA,NA,NA,NA,NA,NA,NA,NA,NA,NA,NA,NA,NA,NA,NA,NA,NA,NA
2026-09-15 19:31:18 -0400,1,00-0039376,Spencer Rattler,QB,NO,DET,6.460416708696103,0,12.596996502462352,High,5.980945793679473,-1.2545255947066274,0.9635075710072812,0.8312899148836939,0.5,0.25,0.25,NA,NA,NA,NA,NA,NA,NA,NA,NA,NA,NA,NA,NA,NA,NA,NA,NA,NA,NA,NA,NA,NA,NA,NA,NA,NA,NA,NA,NA,NA,NA,NA,NA,NA,NA,NA,NA,NA,NA,NA,NA,NA,NA,NA,NA,NA,NA
2026-09-15 19:31:18 -0400,1,00-0041194,Jack Strand,QB,ATL,PIT,6.295691342295916,0,12.34556680271468,Medium,6.009644947269335,-1.6957999061674371,1.5435957147290422,-0.01319979155176732,0.5,0.25,0.25,NA,NA,NA,NA,NA,NA,NA,NA,NA,NA,NA,NA,NA,NA,NA,NA,NA,NA,NA,NA,NA,NA,NA,NA,NA,NA,NA,NA,NA,NA,NA,NA,NA,NA,NA,NA,NA,NA,NA,NA,NA,NA,NA,NA,NA,NA,NA
2026-09-15 19:31:18 -0400,1,00-0037013,Zach Wilson,QB,NO,DET,6.289621210201821,0,12.055136229697805,Medium,6.009644947269335,-1.1216671014390551,1.5192872481931277,0.5998841247703431,0.5,0.25,0.25,NA,NA,NA,NA,NA,NA,NA,NA,NA,NA,NA,NA,NA,NA,NA,NA,NA,NA,NA,NA,NA,NA,NA,NA,NA,NA,NA,NA,NA,NA,NA,NA,NA,NA,NA,NA,NA,NA,NA,NA,NA,NA,NA,NA,NA,NA,NA
2026-09-15 19:31:18 -0400,1,00-0040668,Shedeur Sanders,QB,CLE,JAX,6.2870258579910185,0,12.28163543564587,High,5.980945793679473,-2.304409691447201,1.2267040192429923,-0.31110352169353395,0.5,0.25,0.25,NA,NA,NA,NA,NA,NA,NA,NA,NA,NA,NA,NA,NA,NA,NA,NA,NA,NA,NA,NA,NA,NA,NA,NA,NA,NA,NA,NA,NA,NA,NA,NA,NA,NA,NA,NA,NA,NA,NA,NA,NA,NA,NA,NA,NA,NA,NA
2026-09-15 19:31:18 -0400,1,00-0040704,Dillon Gabriel,QB,CLE,JAX,6.284882160861324,0,12.262452315525406,High,5.980945793679473,-2.304409691447201,1.0618417633610526,-0.22528529846188572,0.5,0.25,0.25,NA,NA,NA,NA,NA,NA,NA,NA,NA,NA,NA,NA,NA,NA,NA,NA,NA,NA,NA,NA,NA,NA,NA,NA,NA,NA,NA,NA,NA,NA,NA,NA,NA,NA,NA,NA,NA,NA,NA,NA,NA,NA,NA,NA,NA,NA,NA
2026-09-15 19:31:18 -0400,1,00-0041149,Haynes King,QB,CAR,CHI,6.276301117111872,0,11.713453119766172,High,5.980945793679473,-0.6924791032620056,1.2295827604186895,1.015438541062778,0.5,0.25,0.25,NA,NA,NA,NA,NA,NA,NA,NA,NA,NA,NA,NA,NA,NA,NA,NA,NA,NA,NA,NA,NA,NA,NA,NA,NA,NA,NA,NA,NA,NA,NA,NA,NA,NA,NA,NA,NA,NA,NA,NA,NA,NA,NA,NA,NA,NA,NA
2026-09-15 19:31:18 -0400,1,00-0039921,Trey Benson,RB,ARI,LAC,6.226065835779981,2.3849034968708716,9.94836385688425,Low,5.339770194966193,-0.2559991229950878,1.1917637758007416,-0.13099208214478616,0.25,0.75,0,NA,NA,NA,NA,NA,NA,NA,NA,NA,NA,NA,NA,NA,NA,NA,NA,NA,NA,NA,NA,NA,NA,NA,NA,NA,NA,NA,NA,NA,NA,NA,NA,NA,NA,NA,NA,NA,NA,NA,NA,NA,NA,NA,NA,NA,NA,NA
2026-09-15 19:31:18 -0400,1,00-0040589,Kurtis Rourke,QB,SF,LA,6.2116019319433295,0,12.194993297419416,High,5.980945793679473,-0.26798660402498936,0.8576898855944953,1.401532912995722,0.5,0.25,0.25,NA,NA,NA,NA,NA,NA,NA,NA,NA,NA,NA,NA,NA,NA,NA,NA,NA,NA,NA,NA,NA,NA,NA,NA,NA,NA,NA,NA,NA,NA,NA,NA,NA,NA,NA,NA,NA,NA,NA,NA,NA,NA,NA,NA,NA,NA,NA
2026-09-15 19:31:18 -0400,1,00-0041092,Taylen Green,QB,CLE,JAX,6.094889359775622,0,12.333504930111712,High,5.980945793679473,-2.304409691447201,0.8413335531173122,-0.10474734775011524,0.5,0.25,0.25,NA,NA,NA,NA,NA,NA,NA,NA,NA,NA,NA,NA,NA,NA,NA,NA,NA,NA,NA,NA,NA,NA,NA,NA,NA,NA,NA,NA,NA,NA,NA,NA,NA,NA,NA,NA,NA,NA,NA,NA,NA,NA,NA,NA,NA,NA,NA
2026-09-15 19:31:18 -0400,1,00-0028118,Tyrod Taylor,QB,GB,MIN,6.022277146585673,0,12.30042450042512,Medium,6.009644947269335,-0.7600292272968667,1.6587797411110738,0.769669242523165,0.5,0.25,0.25,NA,NA,NA,NA,NA,NA,NA,NA,NA,NA,NA,NA,NA,NA,NA,NA,NA,NA,NA,NA,NA,NA,NA,NA,NA,NA,NA,NA,NA,NA,NA,NA,NA,NA,NA,NA,NA,NA,NA,NA,NA,NA,NA,NA,NA,NA,NA
2026-09-15 19:31:18 -0400,1,00-0034577,Kyle Allen,QB,BUF,HOU,5.966851510043628,0,12.355872160913666,High,5.980945793679473,-0.11768846099117758,0.5114395124100752,1.4679742211862876,0.5,0.25,0.25,NA,NA,NA,NA,NA,NA,NA,NA,NA,NA,NA,NA,NA,NA,NA,NA,NA,NA,NA,NA,NA,NA,NA,NA,NA,NA,NA,NA,NA,NA,NA,NA,NA,NA,NA,NA,NA,NA,NA,NA,NA,NA,NA,NA,NA,NA,NA
2026-09-15 19:31:18 -0400,1,00-0039391,Kimani Vidal,RB,LAC,ARI,5.940086179566389,2.1128981503501643,9.4045956332148,Low,5.339770194966193,0,1.2113001001624115,0.8148057135246753,0.25,0.75,0,NA,NA,NA,NA,NA,NA,NA,NA,NA,NA,NA,NA,NA,NA,NA,NA,NA,NA,NA,NA,NA,NA,NA,NA,NA,NA,NA,NA,NA,NA,NA,NA,NA,NA,NA,NA,NA,NA,NA,NA,NA,NA,NA,NA,NA,NA,NA
2026-09-15 19:31:18 -0400,1,00-0041117,Athan Kaliakmanis,QB,WAS,PHI,5.877924255247145,0,12.221392356470504,Medium,6.009644947269335,-2.035933020657734,1.43251469584867,0.06869747759452563,0.5,0.25,0.25,NA,NA,NA,NA,NA,NA,NA,NA,NA,NA,NA,NA,NA,NA,NA,NA,NA,NA,NA,NA,NA,NA,NA,NA,NA,NA,NA,NA,NA,NA,NA,NA,NA,NA,NA,NA,NA,NA,NA,NA,NA,NA,NA,NA,NA,NA,NA
2026-09-15 19:31:18 -0400,1,00-0036893,Najee Harris,RB,NYG,DAL,5.66806205895401,2.0478228689096074,10.039870963497032,Medium,4.1906550461485725,0,1.1255106364068657,0.1731021543613983,0.25,0.75,0,NA,NA,NA,NA,NA,NA,NA,NA,NA,NA,NA,NA,NA,NA,NA,NA,NA,NA,NA,NA,NA,NA,NA,NA,NA,NA,NA,NA,NA,NA,NA,NA,NA,NA,NA,NA,NA,NA,NA,NA,NA,NA,NA,NA,NA,NA,NA
2026-09-15 19:31:18 -0400,1,00-0036879,Sam Ehlinger,QB,DEN,KC,5.548579310143493,0,12.10491930391317,High,5.980945793679473,-2.013646939469846,0.9678934173867532,0.3406198314812133,0.5,0.25,0.25,NA,NA,NA,NA,NA,NA,NA,NA,NA,NA,NA,NA,NA,NA,NA,NA,NA,NA,NA,NA,NA,NA,NA,NA,NA,NA,NA,NA,NA,NA,NA,NA,NA,NA,NA,NA,NA,NA,NA,NA,NA,NA,NA,NA,NA,NA,NA
2026-09-15 19:31:18 -0400,1,00-0035289,Gardner Minshew,QB,ARI,LAC,5.452531191345714,0,11.817783886947808,High,5.980945793679473,-0.4802270842117016,1.102339469799349,0.923778764093319,0.5,0.25,0.25,NA,NA,NA,NA,NA,NA,NA,NA,NA,NA,NA,NA,NA,NA,NA,NA,NA,NA,NA,NA,NA,NA,NA,NA,NA,NA,NA,NA,NA,NA,NA,NA,NA,NA,NA,NA,NA,NA,NA,NA,NA,NA,NA,NA,NA,NA,NA
2026-09-15 19:31:18 -0400,1,00-0035264,Jarrett Stidham,QB,DEN,KC,5.347124509001986,0,11.375962754217367,High,5.980945793679473,-2.013646939469846,0.8284575066981723,0.4224333376513164,0.5,0.25,0.25,NA,NA,NA,NA,NA,NA,NA,NA,NA,NA,NA,NA,NA,NA,NA,NA,NA,NA,NA,NA,NA,NA,NA,NA,NA,NA,NA,NA,NA,NA,NA,NA,NA,NA,NA,NA,NA,NA,NA,NA,NA,NA,NA,NA,NA,NA,NA
2026-09-15 19:31:18 -0400,1,00-0037012,Trey Lance,QB,LAC,ARI,5.315776639544746,0,11.556891491505828,Medium,6.009644947269335,-1.2508038858040178,1.8427619233619723,0.8530301307840964,0.5,0.25,0.25,NA,NA,NA,NA,NA,NA,NA,NA,NA,NA,NA,NA,NA,NA,NA,NA,NA,NA,NA,NA,NA,NA,NA,NA,NA,NA,NA,NA,NA,NA,NA,NA,NA,NA,NA,NA,NA,NA,NA,NA,NA,NA,NA,NA,NA,NA,NA
2026-09-15 19:31:18 -0400,1,00-0039916,Ricky Pearsall,WR,SF,LA,5.2121776990887625,1.5164858700469568,8.450368056856885,Medium,3.83141508023352,-0.09241018811852864,0.8919486364573933,0,0.25,0,0.75,NA,NA,NA,NA,NA,NA,NA,NA,NA,NA,NA,NA,NA,NA,NA,NA,NA,NA,NA,NA,NA,NA,NA,NA,NA,NA,NA,NA,NA,NA,NA,NA,NA,NA,NA,NA,NA,NA,NA,NA,NA,NA,NA,NA,NA,NA,NA
2026-09-15 19:31:18 -0400,1,00-0028986,Case Keenum,QB,CHI,CAR,5.144553899603452,0,11.509806595205546,High,5.980945793679473,-0.45832046196453263,0.889849751176615,1.5266665022732135,0.5,0.25,0.25,NA,NA,NA,NA,NA,NA,NA,NA,NA,NA,NA,NA,NA,NA,NA,NA,NA,NA,NA,NA,NA,NA,NA,NA,NA,NA,NA,NA,NA,NA,NA,NA,NA,NA,NA,NA,NA,NA,NA,NA,NA,NA,NA,NA,NA,NA,NA
2026-09-15 19:31:18 -0400,1,00-0035993,Tyler Huntley,QB,BAL,IND,5.1405714531893825,0,11.485674072702034,Medium,6.009644947269335,-0.8154925659786717,1.566356920776169,1.0805137758757992,0.5,0.25,0.25,NA,NA,NA,NA,NA,NA,NA,NA,NA,NA,NA,NA,NA,NA,NA,NA,NA,NA,NA,NA,NA,NA,NA,NA,NA,NA,NA,NA,NA,NA,NA,NA,NA,NA,NA,NA,NA,NA,NA,NA,NA,NA,NA,NA,NA,NA,NA
2026-09-15 19:31:18 -0400,1,00-0041489,Germie Bernard,WR,PIT,ATL,5.104935937428676,1.378584688139461,8.560973906118491,Medium,3.83141508023352,-0.02142709765252242,0.944647106042939,0,0.25,0,0.75,NA,NA,NA,NA,NA,NA,NA,NA,NA,NA,NA,NA,NA,NA,NA,NA,NA,NA,NA,NA,NA,NA,NA,NA,NA,NA,NA,NA,NA,NA,NA,NA,NA,NA,NA,NA,NA,NA,NA,NA,NA,NA,NA,NA,NA,NA,NA
2026-09-15 19:31:18 -0400,1,00-0038476,Tommy DeVito,QB,NE,SEA,5.094349765515325,0,11.187479946422108,High,5.980945793679473,-2.590030205215961,0.8781988340404534,0.21393826203262784,0.5,0.25,0.25,NA,NA,NA,NA,NA,NA,NA,NA,NA,NA,NA,NA,NA,NA,NA,NA,NA,NA,NA,NA,NA,NA,NA,NA,NA,NA,NA,NA,NA,NA,NA,NA,NA,NA,NA,NA,NA,NA,NA,NA,NA,NA,NA,NA,NA,NA,NA
2026-09-15 19:31:18 -0400,1,00-0041123,Behren Morton,QB,NE,SEA,5.0884660028504065,0,10.879201784629531,High,5.980945793679473,-2.779632009499271,1.0330162934020002,0.05175811429530642,0.5,0.25,0.25,NA,NA,NA,NA,NA,NA,NA,NA,NA,NA,NA,NA,NA,NA,NA,NA,NA,NA,NA,NA,NA,NA,NA,NA,NA,NA,NA,NA,NA,NA,NA,NA,NA,NA,NA,NA,NA,NA,NA,NA,NA,NA,NA,NA,NA,NA,NA
2026-09-15 19:31:18 -0400,1,00-0037329,Brittain Brown,RB,CHI,CAR,4.989073031683525,1.1071412035981294,8.504841442666274,Medium,4.1906550461485725,0,0.730128921282064,0.15528309893489103,0.25,0.75,0,NA,NA,NA,NA,NA,NA,NA,NA,NA,NA,NA,NA,NA,NA,NA,NA,NA,NA,NA,NA,NA,NA,NA,NA,NA,NA,NA,NA,NA,NA,NA,NA,NA,NA,NA,NA,NA,NA,NA,NA,NA,NA,NA,NA,NA,NA,NA
2026-09-15 19:31:18 -0400,1,00-0040981,Joe Fagnano,QB,BAL,IND,4.949370420606459,0,11.616128639126996,High,5.980945793679473,-0.8154925659786717,1.244732589027313,1.2440707434460545,0.5,0.25,0.25,NA,NA,NA,NA,NA,NA,NA,NA,NA,NA,NA,NA,NA,NA,NA,NA,NA,NA,NA,NA,NA,NA,NA,NA,NA,NA,NA,NA,NA,NA,NA,NA,NA,NA,NA,NA,NA,NA,NA,NA,NA,NA,NA,NA,NA,NA,NA
2026-09-15 19:31:18 -0400,1,00-0037327,Skylar Thompson,QB,BAL,IND,4.915360511315107,0,11.63791428797146,High,5.980945793679473,-0.8154925659786717,1.1623616789031377,1.287038683365025,0.5,0.25,0.25,NA,NA,NA,NA,NA,NA,NA,NA,NA,NA,NA,NA,NA,NA,NA,NA,NA,NA,NA,NA,NA,NA,NA,NA,NA,NA,NA,NA,NA,NA,NA,NA,NA,NA,NA,NA,NA,NA,NA,NA,NA,NA,NA,NA,NA,NA,NA
2026-09-15 19:31:18 -0400,1,00-0037197,Isiah Pacheco,RB,DET,NO,4.881066251099577,0.9497715672039632,7.954993567726737,Low,5.339770194966193,0,1.2388368414535038,0.6473104203709914,0.25,0.75,0,NA,NA,NA,NA,NA,NA,NA,NA,NA,NA,NA,NA,NA,NA,NA,NA,NA,NA,NA,NA,NA,NA,NA,NA,NA,NA,NA,NA,NA,NA,NA,NA,NA,NA,NA,NA,NA,NA,NA,NA,NA,NA,NA,NA,NA,NA,NA
2026-09-15 19:31:18 -0400,1,00-0037112,Jake Tonges,TE,SF,LA,4.8585754270743315,2.2210767737145067,7.983406755597092,Medium,2.944037017468802,0.07609567581077108,0.5875480103694705,0.47877876036896594,0,0,1,NA,NA,NA,NA,NA,NA,NA,NA,NA,NA,NA,NA,NA,NA,NA,NA,NA,NA,NA,NA,NA,NA,NA,NA,NA,NA,NA,NA,NA,NA,NA,NA,NA,NA,NA,NA,NA,NA,NA,NA,NA,NA,NA,NA,NA,NA,NA
2026-09-15 19:31:18 -0400,1,00-0039798,Isaiah Davis,RB,NYJ,TEN,4.709652125705691,0.9924966090683762,8.178762222325298,Medium,4.1906550461485725,-0.06514913880695673,0.6221183967364532,-0.06122036473444008,0.25,0.75,0,NA,NA,NA,NA,NA,NA,NA,NA,NA,NA,NA,NA,NA,NA,NA,NA,NA,NA,NA,NA,NA,NA,NA,NA,NA,NA,NA,NA,NA,NA,NA,NA,NA,NA,NA,NA,NA,NA,NA,NA,NA,NA,NA,NA,NA,NA,NA
2026-09-15 19:31:18 -0400,1,00-0041251,Jalon Daniels,QB,TB,CIN,4.702934336089967,0,11.031814798258402,Medium,6.009644947269335,-0.34543021679439556,1.410671935827851,1.3466550910427613,0.5,0.25,0.25,NA,NA,NA,NA,NA,NA,NA,NA,NA,NA,NA,NA,NA,NA,NA,NA,NA,NA,NA,NA,NA,NA,NA,NA,NA,NA,NA,NA,NA,NA,NA,NA,NA,NA,NA,NA,NA,NA,NA,NA,NA,NA,NA,NA,NA,NA,NA
2026-09-15 19:31:18 -0400,1,00-0040718,Travis Hunter,WR,JAX,CLE,4.658645488304468,1.1815489564805215,8.059705172222579,Medium,3.83141508023352,0,0.9143372750200446,0,0.25,0,0.75,NA,NA,NA,NA,NA,NA,NA,NA,NA,NA,NA,NA,NA,NA,NA,NA,NA,NA,NA,NA,NA,NA,NA,NA,NA,NA,NA,NA,NA,NA,NA,NA,NA,NA,NA,NA,NA,NA,NA,NA,NA,NA,NA,NA,NA,NA,NA
2026-09-15 19:31:18 -0400,1,00-0040130,Jayden Higgins,WR,HOU,BUF,4.5556008084666875,0.789656662243289,8.158183158704055,Medium,3.83141508023352,-0.16374620103109114,0.9380616567211124,0,0.25,0,0.75,NA,NA,NA,NA,NA,NA,NA,NA,NA,NA,NA,NA,NA,NA,NA,NA,NA,NA,NA,NA,NA,NA,NA,NA,NA,NA,NA,NA,NA,NA,NA,NA,NA,NA,NA,NA,NA,NA,NA,NA,NA,NA,NA,NA,NA,NA,NA
2026-09-15 19:31:18 -0400,1,00-0037157,Bam Knight,RB,ARI,LAC,4.4781044063185425,0.7739111453849015,7.855106960906184,Medium,4.1906550461485725,-0.31855355602378443,0.9501523338215226,-0.20482518417678203,0.25,0.75,0,NA,NA,NA,NA,NA,NA,NA,NA,NA,NA,NA,NA,NA,NA,NA,NA,NA,NA,NA,NA,NA,NA,NA,NA,NA,NA,NA,NA,NA,NA,NA,NA,NA,NA,NA,NA,NA,NA,NA,NA,NA,NA,NA,NA,NA,NA,NA
2026-09-15 19:31:18 -0400,1,00-0027973,Andy Dalton,QB,PHI,WAS,4.453270628496647,0,10.97379092609442,Low,6.257317254074934,-0.7826556276951991,2.256841698590752,0.6515379838554113,0.5,0.25,0.25,NA,NA,NA,NA,NA,NA,NA,NA,NA,NA,NA,NA,NA,NA,NA,NA,NA,NA,NA,NA,NA,NA,NA,NA,NA,NA,NA,NA,NA,NA,NA,NA,NA,NA,NA,NA,NA,NA,NA,NA,NA,NA,NA,NA,NA,NA,NA
2026-09-15 19:31:18 -0400,1,00-0040202,Devin Neal,RB,NO,DET,4.422794601938717,0.5412075538302275,8.369498880498153,Medium,4.1906550461485725,-0.3850073796981304,0.9639563098103416,0.00563690723545599,0.25,0.75,0,NA,NA,NA,NA,NA,NA,NA,NA,NA,NA,NA,NA,NA,NA,NA,NA,NA,NA,NA,NA,NA,NA,NA,NA,NA,NA,NA,NA,NA,NA,NA,NA,NA,NA,NA,NA,NA,NA,NA,NA,NA,NA,NA,NA,NA,NA,NA
2026-09-15 19:31:18 -0400,1,00-0034837,Calvin Ridley,WR,TEN,NYJ,4.3143641959526935,0.7540427695889138,7.366502920676485,Medium,3.83141508023352,-2.0948992316008535e-5,0.8246692611971205,0,0.25,0,0.75,NA,NA,NA,NA,NA,NA,NA,NA,NA,NA,NA,NA,NA,NA,NA,NA,NA,NA,NA,NA,NA,NA,NA,NA,NA,NA,NA,NA,NA,NA,NA,NA,NA,NA,NA,NA,NA,NA,NA,NA,NA,NA,NA,NA,NA,NA,NA
2026-09-15 19:31:18 -0400,1,00-0038416,Tyson Bagent,QB,CHI,CAR,4.312188692498441,0,10.557596178939177,High,5.980945793679473,-0.45832046196453263,0.655700429594723,1.65307673852152,0.5,0.25,0.25,NA,NA,NA,NA,NA,NA,NA,NA,NA,NA,NA,NA,NA,NA,NA,NA,NA,NA,NA,NA,NA,NA,NA,NA,NA,NA,NA,NA,NA,NA,NA,NA,NA,NA,NA,NA,NA,NA,NA,NA,NA,NA,NA,NA,NA,NA,NA
2026-09-15 19:31:18 -0400,1,00-0041414,Matthew Caldwell,QB,LA,SF,4.24150265614686,0,11.029056432803213,Low,6.257317254074934,-1.197888424235209,2.2320805414475746,0.7094031066291823,0.5,0.25,0.25,NA,NA,NA,NA,NA,NA,NA,NA,NA,NA,NA,NA,NA,NA,NA,NA,NA,NA,NA,NA,NA,NA,NA,NA,NA,NA,NA,NA,NA,NA,NA,NA,NA,NA,NA,NA,NA,NA,NA,NA,NA,NA,NA,NA,NA,NA,NA
2026-09-15 19:31:18 -0400,1,00-0035537,Ty Johnson,RB,BUF,HOU,4.189037840980537,0.25153067231453347,8.0077272082745,High,3.0109528980360203,-0.3036201485187951,0.6132462117719504,0.09077879633546528,0.25,0.75,0,NA,NA,NA,NA,NA,NA,NA,NA,NA,NA,NA,NA,NA,NA,NA,NA,NA,NA,NA,NA,NA,NA,NA,NA,NA,NA,NA,NA,NA,NA,NA,NA,NA,NA,NA,NA,NA,NA,NA,NA,NA,NA,NA,NA,NA,NA,NA
2026-09-15 19:31:18 -0400,1,00-0035662,Marquise Brown,WR,PHI,WAS,4.090428119386948,0.5177490109479521,8.025002031114997,High,2.953609688195244,-0.07135696190487849,0.47571255982325267,0,0.25,0,0.75,NA,NA,NA,NA,NA,NA,NA,NA,NA,NA,NA,NA,NA,NA,NA,NA,NA,NA,NA,NA,NA,NA,NA,NA,NA,NA,NA,NA,NA,NA,NA,NA,NA,NA,NA,NA,NA,NA,NA,NA,NA,NA,NA,NA,NA,NA,NA
2026-09-15 19:31:18 -0400,1,00-0037837,Calvin Austin III,WR,NYG,DAL,4.049021600288393,0.36786576945950455,7.438990351189661,Medium,3.83141508023352,-0.03027410603013677,0.5209258525210961,0,0.25,0,0.75,NA,NA,NA,NA,NA,NA,NA,NA,NA,NA,NA,NA,NA,NA,NA,NA,NA,NA,NA,NA,NA,NA,NA,NA,NA,NA,NA,NA,NA,NA,NA,NA,NA,NA,NA,NA,NA,NA,NA,NA,NA,NA,NA,NA,NA,NA,NA
2026-09-15 19:31:18 -0400,1,00-0038679,Tyrell Shavers,WR,BUF,HOU,4.024018568439295,0.309086572969424,7.3308268311844476,High,2.953609688195244,-0.02639376946147276,0.4066306689317446,0,0.25,0,0.75,NA,NA,NA,NA,NA,NA,NA,NA,NA,NA,NA,NA,NA,NA,NA,NA,NA,NA,NA,NA,NA,NA,NA,NA,NA,NA,NA,NA,NA,NA,NA,NA,NA,NA,NA,NA,NA,NA,NA,NA,NA,NA,NA,NA,NA,NA,NA
2026-09-15 19:31:18 -0400,1,00-0040782,Isaiah Bond,WR,CLE,JAX,3.914627108834766,0,6.771400299877278,High,2.953609688195244,-0.20611894630622596,0.4717631037081577,0,0.25,0,0.75,NA,NA,NA,NA,NA,NA,NA,NA,NA,NA,NA,NA,NA,NA,NA,NA,NA,NA,NA,NA,NA,NA,NA,NA,NA,NA,NA,NA,NA,NA,NA,NA,NA,NA,NA,NA,NA,NA,NA,NA,NA,NA,NA,NA,NA,NA,NA
2026-09-15 19:31:18 -0400,1,00-0040891,Cole Payton,QB,PHI,WAS,3.912065756331308,0,10.731166282910973,Medium,6.009644947269335,0.01992465861814124,1.62535317385903,1.3776648363079531,0.5,0.25,0.25,NA,NA,NA,NA,NA,NA,NA,NA,NA,NA,NA,NA,NA,NA,NA,NA,NA,NA,NA,NA,NA,NA,NA,NA,NA,NA,NA,NA,NA,NA,NA,NA,NA,NA,NA,NA,NA,NA,NA,NA,NA,NA,NA,NA,NA,NA,NA
2026-09-15 19:31:18 -0400,1,00-0034771,Mason Rudolph,QB,PIT,ATL,3.9111198856927,0,10.264575078838329,Low,6.257317254074934,-0.6631990215713139,2.037431201007813,0.6726820441568514,0.5,0.25,0.25,NA,NA,NA,NA,NA,NA,NA,NA,NA,NA,NA,NA,NA,NA,NA,NA,NA,NA,NA,NA,NA,NA,NA,NA,NA,NA,NA,NA,NA,NA,NA,NA,NA,NA,NA,NA,NA,NA,NA,NA,NA,NA,NA,NA,NA,NA,NA
2026-09-15 19:31:18 -0400,1,00-0036898,Davis Mills,QB,HOU,BUF,3.880828857344953,0,9.758522739737687,Medium,6.009644947269335,-1.5568032814104655,1.7133196793278125,0.520159497686617,0.5,0.25,0.25,NA,NA,NA,NA,NA,NA,NA,NA,NA,NA,NA,NA,NA,NA,NA,NA,NA,NA,NA,NA,NA,NA,NA,NA,NA,NA,NA,NA,NA,NA,NA,NA,NA,NA,NA,NA,NA,NA,NA,NA,NA,NA,NA,NA,NA,NA,NA
2026-09-15 19:31:18 -0400,1,00-0037614,John Metchie III,WR,CAR,CHI,3.852854590106343,0,6.794367984697054,High,2.953609688195244,0,0.4627255056910911,0,0.25,0,0.75,NA,NA,NA,NA,NA,NA,NA,NA,NA,NA,NA,NA,NA,NA,NA,NA,NA,NA,NA,NA,NA,NA,NA,NA,NA,NA,NA,NA,NA,NA,NA,NA,NA,NA,NA,NA,NA,NA,NA,NA,NA,NA,NA,NA,NA,NA,NA
2026-09-15 19:31:18 -0400,1,00-0035535,Darius Slayton,WR,NYG,DAL,3.830123130056186,0.01255770517068493,7.683825453282234,High,2.953609688195244,-0.07965008704197085,0.39293925748425057,0,0.25,0,0.75,NA,NA,NA,NA,NA,NA,NA,NA,NA,NA,NA,NA,NA,NA,NA,NA,NA,NA,NA,NA,NA,NA,NA,NA,NA,NA,NA,NA,NA,NA,NA,NA,NA,NA,NA,NA,NA,NA,NA,NA,NA,NA,NA,NA,NA,NA,NA
2026-09-15 19:31:18 -0400,1,00-0040211,Graham Mertz,QB,HOU,BUF,3.768618115104229,0,9.564248614397355,High,5.980945793679473,-0.8804503011185073,1.1497123595733578,1.1068415094596842,0.5,0.25,0.25,NA,NA,NA,NA,NA,NA,NA,NA,NA,NA,NA,NA,NA,NA,NA,NA,NA,NA,NA,NA,NA,NA,NA,NA,NA,NA,NA,NA,NA,NA,NA,NA,NA,NA,NA,NA,NA,NA,NA,NA,NA,NA,NA,NA,NA,NA,NA
2026-09-15 19:31:18 -0400,1,00-0040906,Garrett Nussmeier,QB,KC,DEN,3.763504569230505,0,9.962413349378366,Medium,6.009644947269335,-1.1113047634000697,1.529294174816717,0.7721420944755526,0.5,0.25,0.25,NA,NA,NA,NA,NA,NA,NA,NA,NA,NA,NA,NA,NA,NA,NA,NA,NA,NA,NA,NA,NA,NA,NA,NA,NA,NA,NA,NA,NA,NA,NA,NA,NA,NA,NA,NA,NA,NA,NA,NA,NA,NA,NA,NA,NA,NA,NA
2026-09-15 19:31:18 -0400,1,00-0040078,Brashard Smith,RB,KC,DEN,3.645185968417927,0,7.3948613788776285,Medium,4.1906550461485725,0,0.9179623843837568,0.11389391278457324,0.25,0.75,0,NA,NA,NA,NA,NA,NA,NA,NA,NA,NA,NA,NA,NA,NA,NA,NA,NA,NA,NA,NA,NA,NA,NA,NA,NA,NA,NA,NA,NA,NA,NA,NA,NA,NA,NA,NA,NA,NA,NA,NA,NA,NA,NA,NA,NA,NA,NA
2026-09-15 19:31:18 -0400,1,00-0040203,Will Howard,QB,PIT,ATL,3.639811571531347,0,9.749087986147256,High,5.980945793679473,-0.9380692167041575,1.116511784750606,1.0299903591523156,0.5,0.25,0.25,NA,NA,NA,NA,NA,NA,NA,NA,NA,NA,NA,NA,NA,NA,NA,NA,NA,NA,NA,NA,NA,NA,NA,NA,NA,NA,NA,NA,NA,NA,NA,NA,NA,NA,NA,NA,NA,NA,NA,NA,NA,NA,NA,NA,NA,NA,NA
2026-09-15 19:31:18 -0400,1,00-0034775,Christian Kirk,WR,SF,LA,3.602416847037641,0,6.996465730360475,Medium,3.83141508023352,-0.12590587891038407,0.7696511308854836,0,0.25,0,0.75,NA,NA,NA,NA,NA,NA,NA,NA,NA,NA,NA,NA,NA,NA,NA,NA,NA,NA,NA,NA,NA,NA,NA,NA,NA,NA,NA,NA,NA,NA,NA,NA,NA,NA,NA,NA,NA,NA,NA,NA,NA,NA,NA,NA,NA,NA,NA
2026-09-15 19:31:18 -0400,1,00-0037077,Sam Howell,QB,DAL,NYG,3.5748672446684533,0,9.762344494330916,Low,6.257317254074934,-1.7298870265473971,2.0936260875227974,0.5273067958009534,0.5,0.25,0.25,NA,NA,NA,NA,NA,NA,NA,NA,NA,NA,NA,NA,NA,NA,NA,NA,NA,NA,NA,NA,NA,NA,NA,NA,NA,NA,NA,NA,NA,NA,NA,NA,NA,NA,NA,NA,NA,NA,NA,NA,NA,NA,NA,NA,NA,NA,NA
2026-09-15 19:31:18 -0400,1,00-0040648,Tory Horton,WR,SEA,NE,3.5638855738579163,0.02744982080384545,6.732286815824156,Medium,3.83141508023352,-0.19125661319222323,0.7094152004637893,0,0.25,0,0.75,NA,NA,NA,NA,NA,NA,NA,NA,NA,NA,NA,NA,NA,NA,NA,NA,NA,NA,NA,NA,NA,NA,NA,NA,NA,NA,NA,NA,NA,NA,NA,NA,NA,NA,NA,NA,NA,NA,NA,NA,NA,NA,NA,NA,NA,NA,NA
2026-09-15 19:31:18 -0400,1,00-0040964,EJ Smith,RB,KC,DEN,3.5420666471148063,0,6.967117628657383,High,3.0109528980360203,0,0.5029214330645785,0.1630886901066569,0.25,0.75,0,NA,NA,NA,NA,NA,NA,NA,NA,NA,NA,NA,NA,NA,NA,NA,NA,NA,NA,NA,NA,NA,NA,NA,NA,NA,NA,NA,NA,NA,NA,NA,NA,NA,NA,NA,NA,NA,NA,NA,NA,NA,NA,NA,NA,NA,NA,NA
2026-09-15 19:31:18 -0400,1,00-0033949,Joshua Dobbs,QB,DET,NO,3.53601825515529,0,9.978705577434756,Medium,6.009644947269335,-0.7670287312022499,1.6131576699435346,1.3898935936126968,0.5,0.25,0.25,NA,NA,NA,NA,NA,NA,NA,NA,NA,NA,NA,NA,NA,NA,NA,NA,NA,NA,NA,NA,NA,NA,NA,NA,NA,NA,NA,NA,NA,NA,NA,NA,NA,NA,NA,NA,NA,NA,NA,NA,NA,NA,NA,NA,NA,NA,NA
2026-09-15 19:31:18 -0400,1,00-0038400,Tanner McKee,QB,PHI,WAS,3.519463280891737,0,10.094157538115336,Medium,6.009644947269335,-0.1424600781832371,1.336583037126713,1.4634424260057033,0.5,0.25,0.25,NA,NA,NA,NA,NA,NA,NA,NA,NA,NA,NA,NA,NA,NA,NA,NA,NA,NA,NA,NA,NA,NA,NA,NA,NA,NA,NA,NA,NA,NA,NA,NA,NA,NA,NA,NA,NA,NA,NA,NA,NA,NA,NA,NA,NA,NA,NA
2026-09-15 19:31:18 -0400,1,00-0033955,Jeremy McNichols,RB,WAS,PHI,3.4702352161150727,0,7.308585903144551,Medium,4.1906550461485725,-0.4002231650643575,0.891696711948267,-0.14684912164060057,0.25,0.75,0,NA,NA,NA,NA,NA,NA,NA,NA,NA,NA,NA,NA,NA,NA,NA,NA,NA,NA,NA,NA,NA,NA,NA,NA,NA,NA,NA,NA,NA,NA,NA,NA,NA,NA,NA,NA,NA,NA,NA,NA,NA,NA,NA,NA,NA,NA,NA
2026-09-15 19:31:18 -0400,1,00-0040234,Quinn Ewers,QB,JAX,CLE,3.4483717249391788,0,9.220356140640892,Low,6.257317254074934,-1.2135296944566636,2.15508773105689,0.4205462188281973,0.5,0.25,0.25,NA,NA,NA,NA,NA,NA,NA,NA,NA,NA,NA,NA,NA,NA,NA,NA,NA,NA,NA,NA,NA,NA,NA,NA,NA,NA,NA,NA,NA,NA,NA,NA,NA,NA,NA,NA,NA,NA,NA,NA,NA,NA,NA,NA,NA,NA,NA
2026-09-15 19:31:18 -0400,1,00-0032392,Austin Hooper,TE,ATL,PIT,3.4066727867650597,0.6907263158892201,6.293704709099761,High,2.059672970611988,-0.16898339800306122,0.27056193374190785,0.0330082667039816,0,0,1,NA,NA,NA,NA,NA,NA,NA,NA,NA,NA,NA,NA,NA,NA,NA,NA,NA,NA,NA,NA,NA,NA,NA,NA,NA,NA,NA,NA,NA,NA,NA,NA,NA,NA,NA,NA,NA,NA,NA,NA,NA,NA,NA,NA,NA,NA,NA
2026-09-15 19:31:18 -0400,1,00-0040673,Jalen Milroe,QB,SEA,NE,3.376533427995902,0,9.104249130236722,Medium,6.009644947269335,-1.9327501791585144,1.7929185299193984,0.3959684021704074,0.5,0.25,0.25,NA,NA,NA,NA,NA,NA,NA,NA,NA,NA,NA,NA,NA,NA,NA,NA,NA,NA,NA,NA,NA,NA,NA,NA,NA,NA,NA,NA,NA,NA,NA,NA,NA,NA,NA,NA,NA,NA,NA,NA,NA,NA,NA,NA,NA,NA,NA
2026-09-15 19:31:18 -0400,1,00-0041558,Sam Roush,TE,CHI,CAR,3.359694170245905,0.5222065588577709,5.84761787981249,High,2.059672970611988,-0.00313517765028515,0.3717399909795652,0.3284194258933844,0,0,1,NA,NA,NA,NA,NA,NA,NA,NA,NA,NA,NA,NA,NA,NA,NA,NA,NA,NA,NA,NA,NA,NA,NA,NA,NA,NA,NA,NA,NA,NA,NA,NA,NA,NA,NA,NA,NA,NA,NA,NA,NA,NA,NA,NA,NA,NA,NA
2026-09-15 19:31:18 -0400,1,00-0039355,Luke McCaffrey,WR,WAS,PHI,3.3246941129673013,0,6.8081525984876325,Low,4.973519690779636,-0.18819245425684075,1.0067388827471484,0,0.25,0,0.75,NA,NA,NA,NA,NA,NA,NA,NA,NA,NA,NA,NA,NA,NA,NA,NA,NA,NA,NA,NA,NA,NA,NA,NA,NA,NA,NA,NA,NA,NA,NA,NA,NA,NA,NA,NA,NA,NA,NA,NA,NA,NA,NA,NA,NA,NA,NA
2026-09-15 19:31:18 -0400,1,00-0039356,Ja'Tavion Sanders,TE,CAR,CHI,3.2674612597139987,0.6524241704453422,5.888263884266824,Medium,2.944037017468802,-0.03292644932249194,0.474847028130163,0.21743800716634193,0,0,1,NA,NA,NA,NA,NA,NA,NA,NA,NA,NA,NA,NA,NA,NA,NA,NA,NA,NA,NA,NA,NA,NA,NA,NA,NA,NA,NA,NA,NA,NA,NA,NA,NA,NA,NA,NA,NA,NA,NA,NA,NA,NA,NA,NA,NA,NA,NA
2026-09-15 19:31:18 -0400,1,00-0039534,Carter Bradley,QB,JAX,CLE,3.258915658154222,0,9.845806006980837,Medium,6.009644947269335,-1.564311446921801,1.324486899221717,0.6979108980060672,0.5,0.25,0.25,NA,NA,NA,NA,NA,NA,NA,NA,NA,NA,NA,NA,NA,NA,NA,NA,NA,NA,NA,NA,NA,NA,NA,NA,NA,NA,NA,NA,NA,NA,NA,NA,NA,NA,NA,NA,NA,NA,NA,NA,NA,NA,NA,NA,NA,NA,NA
2026-09-15 19:31:18 -0400,1,00-0041077,Justin Joly,TE,MIA,LV,3.135476698316326,0.5362280237966714,5.5731244464901355,High,2.059672970611988,-0.08729615000260305,0.4178567926567233,0.04324186643807977,0,0,1,NA,NA,NA,NA,NA,NA,NA,NA,NA,NA,NA,NA,NA,NA,NA,NA,NA,NA,NA,NA,NA,NA,NA,NA,NA,NA,NA,NA,NA,NA,NA,NA,NA,NA,NA,NA,NA,NA,NA,NA,NA,NA,NA,NA,NA,NA,NA
2026-09-15 19:31:18 -0400,1,00-0035406,Lil'Jordan Humphrey,WR,DEN,KC,3.071808842524677,0,6.264413508642134,Medium,3.83141508023352,-0.14538546032718336,0.5392579993165095,0,0.25,0,0.75,NA,NA,NA,NA,NA,NA,NA,NA,NA,NA,NA,NA,NA,NA,NA,NA,NA,NA,NA,NA,NA,NA,NA,NA,NA,NA,NA,NA,NA,NA,NA,NA,NA,NA,NA,NA,NA,NA,NA,NA,NA,NA,NA,NA,NA,NA,NA
2026-09-15 19:31:18 -0400,1,00-0036849,Tutu Atwell,WR,LA,SF,3.0700940950716045,0,6.516228045450805,High,2.953609688195244,0,0.48444872250201504,0,0.25,0,0.75,NA,NA,NA,NA,NA,NA,NA,NA,NA,NA,NA,NA,NA,NA,NA,NA,NA,NA,NA,NA,NA,NA,NA,NA,NA,NA,NA,NA,NA,NA,NA,NA,NA,NA,NA,NA,NA,NA,NA,NA,NA,NA,NA,NA,NA,NA,NA
2026-09-15 19:31:18 -0400,1,00-0040886,Nicholas Singleton,RB,TEN,NYJ,3.0674371168816497,0,6.2526251240728765,High,3.0109528980360203,0,0.39620089687282134,-0.03771068405743671,0.25,0.75,0,NA,NA,NA,NA,NA,NA,NA,NA,NA,NA,NA,NA,NA,NA,NA,NA,NA,NA,NA,NA,NA,NA,NA,NA,NA,NA,NA,NA,NA,NA,NA,NA,NA,NA,NA,NA,NA,NA,NA,NA,NA,NA,NA,NA,NA,NA,NA
2026-09-15 19:31:18 -0400,1,00-0037666,Jalen Tolbert,WR,MIA,LV,3.0573516614404093,0,6.315589673242366,Medium,3.83141508023352,-0.14538546032718336,0.5854447468922299,0,0.25,0,0.75,NA,NA,NA,NA,NA,NA,NA,NA,NA,NA,NA,NA,NA,NA,NA,NA,NA,NA,NA,NA,NA,NA,NA,NA,NA,NA,NA,NA,NA,NA,NA,NA,NA,NA,NA,NA,NA,NA,NA,NA,NA,NA,NA,NA,NA,NA,NA
2026-09-15 19:31:18 -0400,1,00-0037324,Chris Oladokun,QB,KC,DEN,3.024063209791354,0,8.759015305672921,High,5.980945793679473,-1.04356596069853,1.1384433344094032,1.0448063600767905,0.5,0.25,0.25,NA,NA,NA,NA,NA,NA,NA,NA,NA,NA,NA,NA,NA,NA,NA,NA,NA,NA,NA,NA,NA,NA,NA,NA,NA,NA,NA,NA,NA,NA,NA,NA,NA,NA,NA,NA,NA,NA,NA,NA,NA,NA,NA,NA,NA,NA,NA
2026-09-15 19:31:18 -0400,1,00-0034270,Tyler Conklin,TE,DET,NO,2.94397232801642,0.40008851142832097,5.607538560793632,Medium,2.944037017468802,-0.096981566222168,0.4837443124325238,0.6446768743305797,0,0,1,NA,NA,NA,NA,NA,NA,NA,NA,NA,NA,NA,NA,NA,NA,NA,NA,NA,NA,NA,NA,NA,NA,NA,NA,NA,NA,NA,NA,NA,NA,NA,NA,NA,NA,NA,NA,NA,NA,NA,NA,NA,NA,NA,NA,NA,NA,NA
2026-09-15 19:31:18 -0400,1,00-0038977,Tank Dell,WR,HOU,BUF,2.8392203577367003,0,5.484728604789028,High,2.953609688195244,-0.11787504816605124,0.41823289198813696,0,0.25,0,0.75,NA,NA,NA,NA,NA,NA,NA,NA,NA,NA,NA,NA,NA,NA,NA,NA,NA,NA,NA,NA,NA,NA,NA,NA,NA,NA,NA,NA,NA,NA,NA,NA,NA,NA,NA,NA,NA,NA,NA,NA,NA,NA,NA,NA,NA,NA,NA
2026-09-15 19:31:18 -0400,1,00-0031235,Odell Beckham Jr.,WR,NYG,DAL,2.834131303733185,0,5.886270028456975,High,2.953609688195244,-0.15480945114257597,0.42036081763768296,0,0.25,0,0.75,NA,NA,NA,NA,NA,NA,NA,NA,NA,NA,NA,NA,NA,NA,NA,NA,NA,NA,NA,NA,NA,NA,NA,NA,NA,NA,NA,NA,NA,NA,NA,NA,NA,NA,NA,NA,NA,NA,NA,NA,NA,NA,NA,NA,NA,NA,NA
2026-09-15 19:31:18 -0400,1,00-0041047,Chris Brazzell II,WR,CAR,CHI,2.8306901280975785,0,6.242044690250855,High,2.953609688195244,-0.11787504816605124,0.4064371500930251,0,0.25,0,0.75,NA,NA,NA,NA,NA,NA,NA,NA,NA,NA,NA,NA,NA,NA,NA,NA,NA,NA,NA,NA,NA,NA,NA,NA,NA,NA,NA,NA,NA,NA,NA,NA,NA,NA,NA,NA,NA,NA,NA,NA,NA,NA,NA,NA,NA,NA,NA
2026-09-15 19:31:18 -0400,1,00-0041510,Max Klare,TE,LA,SF,2.805976426853423,0.111474146184448,5.797309610593572,Medium,2.944037017468802,-0.04178998400483359,0.4281827240420402,0.5132680364341955,0,0,1,NA,NA,NA,NA,NA,NA,NA,NA,NA,NA,NA,NA,NA,NA,NA,NA,NA,NA,NA,NA,NA,NA,NA,NA,NA,NA,NA,NA,NA,NA,NA,NA,NA,NA,NA,NA,NA,NA,NA,NA,NA,NA,NA,NA,NA,NA,NA
2026-09-15 19:31:18 -0400,1,00-0040937,Dominic Richardson,RB,NYJ,TEN,2.7354870426011892,0,6.471345321852082,Medium,4.1906550461485725,-0.4163001917746611,0.6940727405808615,-0.09359450316513757,0.25,0.75,0,NA,NA,NA,NA,NA,NA,NA,NA,NA,NA,NA,NA,NA,NA,NA,NA,NA,NA,NA,NA,NA,NA,NA,NA,NA,NA,NA,NA,NA,NA,NA,NA,NA,NA,NA,NA,NA,NA,NA,NA,NA,NA,NA,NA,NA,NA,NA
2026-09-15 19:31:18 -0400,1,00-0041116,Jack Endries,TE,CIN,TB,2.7099474863216697,0,5.310155806973695,High,2.059672970611988,-0.04196901028028549,0.40181643166787734,0.5525756912795685,0,0,1,NA,NA,NA,NA,NA,NA,NA,NA,NA,NA,NA,NA,NA,NA,NA,NA,NA,NA,NA,NA,NA,NA,NA,NA,NA,NA,NA,NA,NA,NA,NA,NA,NA,NA,NA,NA,NA,NA,NA,NA,NA,NA,NA,NA,NA,NA,NA
2026-09-15 19:31:18 -0400,1,00-0040198,Ollie Gordon II,RB,MIA,LV,2.68898504095122,0,6.341213054982016,Medium,4.1906550461485725,-0.4686071780541168,0.7468413483761696,-0.1329677696840617,0.25,0.75,0,NA,NA,NA,NA,NA,NA,NA,NA,NA,NA,NA,NA,NA,NA,NA,NA,NA,NA,NA,NA,NA,NA,NA,NA,NA,NA,NA,NA,NA,NA,NA,NA,NA,NA,NA,NA,NA,NA,NA,NA,NA,NA,NA,NA,NA,NA,NA
2026-09-15 19:31:18 -0400,1,00-0040177,Jordan James,RB,SF,LA,2.5862943457041947,0,5.842340736309411,Medium,4.1906550461485725,-0.5405854260772378,0.6529218080307917,0.03355698841844956,0.25,0.75,0,NA,NA,NA,NA,NA,NA,NA,NA,NA,NA,NA,NA,NA,NA,NA,NA,NA,NA,NA,NA,NA,NA,NA,NA,NA,NA,NA,NA,NA,NA,NA,NA,NA,NA,NA,NA,NA,NA,NA,NA,NA,NA,NA,NA,NA,NA,NA
2026-09-15 19:31:18 -0400,1,00-0036980,Elijah Moore,WR,PHI,WAS,2.555449989991762,0,5.62150505509228,High,2.953609688195244,-0.11787504816605124,0.3366111488657425,0,0.25,0,0.75,NA,NA,NA,NA,NA,NA,NA,NA,NA,NA,NA,NA,NA,NA,NA,NA,NA,NA,NA,NA,NA,NA,NA,NA,NA,NA,NA,NA,NA,NA,NA,NA,NA,NA,NA,NA,NA,NA,NA,NA,NA,NA,NA,NA,NA,NA,NA
2026-09-15 19:31:18 -0400,1,00-0035359,David Sills,WR,TB,CIN,2.5170970202325216,0,5.756689126327149,High,2.953609688195244,-0.14538546032718336,0.4146643025417743,0,0.25,0,0.75,NA,NA,NA,NA,NA,NA,NA,NA,NA,NA,NA,NA,NA,NA,NA,NA,NA,NA,NA,NA,NA,NA,NA,NA,NA,NA,NA,NA,NA,NA,NA,NA,NA,NA,NA,NA,NA,NA,NA,NA,NA,NA,NA,NA,NA,NA,NA
2026-09-15 19:31:18 -0400,1,00-0040739,Elijah Arroyo,TE,SEA,NE,2.5087203889732734,0,5.020797693692842,High,2.059672970611988,-0.09754084219825158,0.3912099988919701,0.3551757455849388,0,0,1,NA,NA,NA,NA,NA,NA,NA,NA,NA,NA,NA,NA,NA,NA,NA,NA,NA,NA,NA,NA,NA,NA,NA,NA,NA,NA,NA,NA,NA,NA,NA,NA,NA,NA,NA,NA,NA,NA,NA,NA,NA,NA,NA,NA,NA,NA,NA
2026-09-15 19:31:18 -0400,1,00-0040644,Trevor Etienne,RB,CAR,CHI,2.4894752850076616,0,5.85278239400885,High,3.0109528980360203,-0.40160715833434935,0.46712520997178647,-0.01007960610988045,0.25,0.75,0,NA,NA,NA,NA,NA,NA,NA,NA,NA,NA,NA,NA,NA,NA,NA,NA,NA,NA,NA,NA,NA,NA,NA,NA,NA,NA,NA,NA,NA,NA,NA,NA,NA,NA,NA,NA,NA,NA,NA,NA,NA,NA,NA,NA,NA,NA,NA
2026-09-15 19:31:18 -0400,1,00-0040194,Jackson Hawes,TE,BUF,HOU,2.477529840115324,0,5.169134919725422,Low,4.098783132641926,-0.01643672931938868,1.0139505038841077,0.2849395029245817,0,0,1,NA,NA,NA,NA,NA,NA,NA,NA,NA,NA,NA,NA,NA,NA,NA,NA,NA,NA,NA,NA,NA,NA,NA,NA,NA,NA,NA,NA,NA,NA,NA,NA,NA,NA,NA,NA,NA,NA,NA,NA,NA,NA,NA,NA,NA,NA,NA
2026-09-15 19:31:18 -0400,1,00-0041323,Myles Montgomery,RB,NE,SEA,2.4410195607983347,0,6.459492683856139,High,3.0109528980360203,-0.5093887375482111,0.5223166511783435,-0.09020378770346964,0.25,0.75,0,NA,NA,NA,NA,NA,NA,NA,NA,NA,NA,NA,NA,NA,NA,NA,NA,NA,NA,NA,NA,NA,NA,NA,NA,NA,NA,NA,NA,NA,NA,NA,NA,NA,NA,NA,NA,NA,NA,NA,NA,NA,NA,NA,NA,NA,NA,NA
2026-09-15 19:31:18 -0400,1,00-0041070,Reggie Virgil,WR,ARI,LAC,2.4241880074293887,0,5.482723585887049,High,2.953609688195244,-0.150315761313857,0.3077574577986489,0,0.25,0,0.75,NA,NA,NA,NA,NA,NA,NA,NA,NA,NA,NA,NA,NA,NA,NA,NA,NA,NA,NA,NA,NA,NA,NA,NA,NA,NA,NA,NA,NA,NA,NA,NA,NA,NA,NA,NA,NA,NA,NA,NA,NA,NA,NA,NA,NA,NA,NA
2026-09-15 19:31:18 -0400,1,00-0037742,Treylon Burks,WR,WAS,PHI,2.409468909850836,0,5.576496656715614,High,2.953609688195244,-0.1564200248147827,0.4076332744322216,0,0.25,0,0.75,NA,NA,NA,NA,NA,NA,NA,NA,NA,NA,NA,NA,NA,NA,NA,NA,NA,NA,NA,NA,NA,NA,NA,NA,NA,NA,NA,NA,NA,NA,NA,NA,NA,NA,NA,NA,NA,NA,NA,NA,NA,NA,NA,NA,NA,NA,NA
2026-09-15 19:31:18 -0400,1,00-0041239,Chip Trayanum,RB,NYJ,TEN,2.4054786625012117,0,6.206078437030198,High,3.0109528980360203,-0.5403789424492913,0.5155103538918755,-0.11835035032470886,0.25,0.75,0,NA,NA,NA,NA,NA,NA,NA,NA,NA,NA,NA,NA,NA,NA,NA,NA,NA,NA,NA,NA,NA,NA,NA,NA,NA,NA,NA,NA,NA,NA,NA,NA,NA,NA,NA,NA,NA,NA,NA,NA,NA,NA,NA,NA,NA,NA,NA
2026-09-15 19:31:18 -0400,1,00-0040581,Dont'e Thornton Jr.,WR,LV,MIA,2.3791273504675203,0,5.738918457177156,High,2.953609688195244,0,0.46571964182431846,0,0.25,0,0.75,NA,NA,NA,NA,NA,NA,NA,NA,NA,NA,NA,NA,NA,NA,NA,NA,NA,NA,NA,NA,NA,NA,NA,NA,NA,NA,NA,NA,NA,NA,NA,NA,NA,NA,NA,NA,NA,NA,NA,NA,NA,NA,NA,NA,NA,NA,NA
2026-09-15 19:31:18 -0400,1,00-0040876,Elijah Sarratt,WR,BAL,IND,2.3783227145602135,0,6.281469732372493,High,2.953609688195244,-0.150315761313857,0.2718992364181341,0,0.25,0,0.75,NA,NA,NA,NA,NA,NA,NA,NA,NA,NA,NA,NA,NA,NA,NA,NA,NA,NA,NA,NA,NA,NA,NA,NA,NA,NA,NA,NA,NA,NA,NA,NA,NA,NA,NA,NA,NA,NA,NA,NA,NA,NA,NA,NA,NA,NA,NA
2026-09-15 19:31:18 -0400,1,00-0041069,Colbie Young,WR,CIN,TB,2.3783227145602135,0,5.412910205311384,High,2.953609688195244,-0.150315761313857,0.2718992364181341,0,0.25,0,0.75,NA,NA,NA,NA,NA,NA,NA,NA,NA,NA,NA,NA,NA,NA,NA,NA,NA,NA,NA,NA,NA,NA,NA,NA,NA,NA,NA,NA,NA,NA,NA,NA,NA,NA,NA,NA,NA,NA,NA,NA,NA,NA,NA,NA,NA,NA,NA
2026-09-15 19:31:18 -0400,1,00-0041004,Chase Roberts,WR,LV,MIA,2.375305068001949,0,5.604249309818543,High,2.953609688195244,-0.00108876698831866,0.22037532904713528,0,0.25,0,0.75,NA,NA,NA,NA,NA,NA,NA,NA,NA,NA,NA,NA,NA,NA,NA,NA,NA,NA,NA,NA,NA,NA,NA,NA,NA,NA,NA,NA,NA,NA,NA,NA,NA,NA,NA,NA,NA,NA,NA,NA,NA,NA,NA,NA,NA,NA,NA
2026-09-15 19:31:18 -0400,1,00-0040317,Jacoby Jones,WR,WAS,PHI,2.357829467316483,0,5.8256030863593935,High,2.953609688195244,-0.17724246502353574,0.41626437543766653,0,0.25,0,0.75,NA,NA,NA,NA,NA,NA,NA,NA,NA,NA,NA,NA,NA,NA,NA,NA,NA,NA,NA,NA,NA,NA,NA,NA,NA,NA,NA,NA,NA,NA,NA,NA,NA,NA,NA,NA,NA,NA,NA,NA,NA,NA,NA,NA,NA,NA,NA
2026-09-15 19:31:18 -0400,1,00-0034407,Ray-Ray McCloud,WR,CHI,CAR,2.3529038838947667,0,5.443449370051611,High,2.953609688195244,-0.150315761313857,0.453923950194249,0,0.25,0,0.75,NA,NA,NA,NA,NA,NA,NA,NA,NA,NA,NA,NA,NA,NA,NA,NA,NA,NA,NA,NA,NA,NA,NA,NA,NA,NA,NA,NA,NA,NA,NA,NA,NA,NA,NA,NA,NA,NA,NA,NA,NA,NA,NA,NA,NA,NA,NA
2026-09-15 19:31:18 -0400,1,00-0041084,Tanner Koziol,TE,JAX,CLE,2.343225844568466,0,4.921350304702827,High,2.059672970611988,-0.10020021926287996,0.3074809222711408,0.2917790644479116,0,0,1,NA,NA,NA,NA,NA,NA,NA,NA,NA,NA,NA,NA,NA,NA,NA,NA,NA,NA,NA,NA,NA,NA,NA,NA,NA,NA,NA,NA,NA,NA,NA,NA,NA,NA,NA,NA,NA,NA,NA,NA,NA,NA,NA,NA,NA,NA,NA
2026-09-15 19:31:18 -0400,1,00-0041446,Kendrick Law,WR,DET,NO,2.338142268686483,0,5.302982017743174,High,2.953609688195244,-0.150315761313857,0.24270590788312071,0,0.25,0,0.75,NA,NA,NA,NA,NA,NA,NA,NA,NA,NA,NA,NA,NA,NA,NA,NA,NA,NA,NA,NA,NA,NA,NA,NA,NA,NA,NA,NA,NA,NA,NA,NA,NA,NA,NA,NA,NA,NA,NA,NA,NA,NA,NA,NA,NA,NA,NA
2026-09-15 19:31:18 -0400,1,00-0040888,Adam Randall,RB,BAL,IND,2.3319509215653556,0,5.847757869376825,High,3.0109528980360203,-0.40972646364343834,0.37936146005893784,0.273207777564584,0.25,0.75,0,NA,NA,NA,NA,NA,NA,NA,NA,NA,NA,NA,NA,NA,NA,NA,NA,NA,NA,NA,NA,NA,NA,NA,NA,NA,NA,NA,NA,NA,NA,NA,NA,NA,NA,NA,NA,NA,NA,NA,NA,NA,NA,NA,NA,NA,NA,NA
2026-09-15 19:31:18 -0400,1,00-0039144,Luke Musgrave,TE,GB,MIN,2.303589185782211,0,4.599159849980949,High,2.059672970611988,-0.10899441970419424,0.3750703082943664,0.27646264760065886,0,0,1,NA,NA,NA,NA,NA,NA,NA,NA,NA,NA,NA,NA,NA,NA,NA,NA,NA,NA,NA,NA,NA,NA,NA,NA,NA,NA,NA,NA,NA,NA,NA,NA,NA,NA,NA,NA,NA,NA,NA,NA,NA,NA,NA,NA,NA,NA,NA
2026-09-15 19:31:18 -0400,1,00-0041104,Demond Claiborne,RB,MIN,GB,2.2751326727103556,0,6.459950797280024,High,3.0109528980360203,-0.5191028938907596,0.4308246783956106,0.16688424968045962,0.25,0.75,0,NA,NA,NA,NA,NA,NA,NA,NA,NA,NA,NA,NA,NA,NA,NA,NA,NA,NA,NA,NA,NA,NA,NA,NA,NA,NA,NA,NA,NA,NA,NA,NA,NA,NA,NA,NA,NA,NA,NA,NA,NA,NA,NA,NA,NA,NA,NA
2026-09-15 19:31:18 -0400,1,00-0040930,Camden Brown,WR,DAL,NYG,2.2393003534738054,0,5.612388405709895,High,2.953609688195244,-0.1872501642903817,0.2552982769738287,0,0.25,0,0.75,NA,NA,NA,NA,NA,NA,NA,NA,NA,NA,NA,NA,NA,NA,NA,NA,NA,NA,NA,NA,NA,NA,NA,NA,NA,NA,NA,NA,NA,NA,NA,NA,NA,NA,NA,NA,NA,NA,NA,NA,NA,NA,NA,NA,NA,NA,NA
2026-09-15 19:31:18 -0400,1,00-0040179,DJ Giddens,RB,IND,BAL,2.2317148472166006,0,6.040031551078576,High,3.0109528980360203,-0.5075309129358638,0.4760262118176949,-0.065032972228175,0.25,0.75,0,NA,NA,NA,NA,NA,NA,NA,NA,NA,NA,NA,NA,NA,NA,NA,NA,NA,NA,NA,NA,NA,NA,NA,NA,NA,NA,NA,NA,NA,NA,NA,NA,NA,NA,NA,NA,NA,NA,NA,NA,NA,NA,NA,NA,NA,NA,NA
2026-09-15 19:31:18 -0400,1,00-0041051,Zavion Thomas,WR,CHI,CAR,2.228679667991827,0,5.1755455969373125,High,2.953609688195244,-0.150315761313857,0.23122181225942737,0,0.25,0,0.75,NA,NA,NA,NA,NA,NA,NA,NA,NA,NA,NA,NA,NA,NA,NA,NA,NA,NA,NA,NA,NA,NA,NA,NA,NA,NA,NA,NA,NA,NA,NA,NA,NA,NA,NA,NA,NA,NA,NA,NA,NA,NA,NA,NA,NA,NA,NA
2026-09-15 19:31:18 -0400,1,00-0039041,Elijah Higgins,TE,ARI,LAC,2.197719456603898,0,4.519724398679346,High,2.059672970611988,-0.04151467909292233,0.3296021470181558,0.09171879209626896,0,0,1,NA,NA,NA,NA,NA,NA,NA,NA,NA,NA,NA,NA,NA,NA,NA,NA,NA,NA,NA,NA,NA,NA,NA,NA,NA,NA,NA,NA,NA,NA,NA,NA,NA,NA,NA,NA,NA,NA,NA,NA,NA,NA,NA,NA,NA,NA,NA
2026-09-15 19:31:18 -0400,1,00-0039792,Devontez Walker,WR,BAL,IND,2.17840821695854,0,4.968218756166289,Low,4.973519690779636,-0.16068204209570863,1.0469661833094512,0,0.25,0,0.75,NA,NA,NA,NA,NA,NA,NA,NA,NA,NA,NA,NA,NA,NA,NA,NA,NA,NA,NA,NA,NA,NA,NA,NA,NA,NA,NA,NA,NA,NA,NA,NA,NA,NA,NA,NA,NA,NA,NA,NA,NA,NA,NA,NA,NA,NA,NA
2026-09-15 19:31:18 -0400,1,00-0041081,Max Bredeson,RB,MIN,GB,2.17168412391578,0,6.399552718173455,High,3.0109528980360203,-0.5191028938907596,0.3753626018716043,0.1256492294641401,0.25,0.75,0,NA,NA,NA,NA,NA,NA,NA,NA,NA,NA,NA,NA,NA,NA,NA,NA,NA,NA,NA,NA,NA,NA,NA,NA,NA,NA,NA,NA,NA,NA,NA,NA,NA,NA,NA,NA,NA,NA,NA,NA,NA,NA,NA,NA,NA,NA,NA
2026-09-15 19:31:18 -0400,1,00-0039912,Ben Sinnott,TE,WAS,PHI,2.162965312200672,0,4.752543074548373,Medium,2.944037017468802,-0.11125834597252604,0.504970428559585,0.10062023187047936,0,0,1,NA,NA,NA,NA,NA,NA,NA,NA,NA,NA,NA,NA,NA,NA,NA,NA,NA,NA,NA,NA,NA,NA,NA,NA,NA,NA,NA,NA,NA,NA,NA,NA,NA,NA,NA,NA,NA,NA,NA,NA,NA,NA,NA,NA,NA,NA,NA
2026-09-15 19:31:18 -0400,1,00-0037086,Grant Calcaterra,TE,PHI,WAS,2.1386585007735976,0,4.6556638885366715,High,2.059672970611988,0.06731240568311882,0.25099596289842907,0.2642195007256711,0,0,1,NA,NA,NA,NA,NA,NA,NA,NA,NA,NA,NA,NA,NA,NA,NA,NA,NA,NA,NA,NA,NA,NA,NA,NA,NA,NA,NA,NA,NA,NA,NA,NA,NA,NA,NA,NA,NA,NA,NA,NA,NA,NA,NA,NA,NA,NA,NA
2026-09-15 19:31:18 -0400,1,00-0036984,Trey Sermon,RB,ATL,PIT,2.1311748524452,0,5.668072959647834,High,3.0109528980360203,-0.6521216126088658,0.4469679561774142,-0.19116230090854053,0.25,0.75,0,NA,NA,NA,NA,NA,NA,NA,NA,NA,NA,NA,NA,NA,NA,NA,NA,NA,NA,NA,NA,NA,NA,NA,NA,NA,NA,NA,NA,NA,NA,NA,NA,NA,NA,NA,NA,NA,NA,NA,NA,NA,NA,NA,NA,NA,NA,NA
2026-09-15 19:31:18 -0400,1,00-0037085,Tyler Badie,RB,DEN,KC,2.103873568568452,0,5.804355278822728,High,3.0109528980360203,-0.5544854485692535,0.5456992771354144,-0.15460176613937954,0.25,0.75,0,NA,NA,NA,NA,NA,NA,NA,NA,NA,NA,NA,NA,NA,NA,NA,NA,NA,NA,NA,NA,NA,NA,NA,NA,NA,NA,NA,NA,NA,NA,NA,NA,NA,NA,NA,NA,NA,NA,NA,NA,NA,NA,NA,NA,NA,NA,NA
2026-09-15 19:31:18 -0400,1,00-0033246,Johnny Mundt,TE,PHI,WAS,2.0967051156550944,0,4.584592545944973,High,2.059672970611988,-0.00911685085110265,0.35805213955985665,0.22226611560716752,0,0,1,NA,NA,NA,NA,NA,NA,NA,NA,NA,NA,NA,NA,NA,NA,NA,NA,NA,NA,NA,NA,NA,NA,NA,NA,NA,NA,NA,NA,NA,NA,NA,NA,NA,NA,NA,NA,NA,NA,NA,NA,NA,NA,NA,NA,NA,NA,NA
2026-09-15 19:31:18 -0400,1,00-0038589,Josh Whyle,TE,GB,MIN,2.0947589993652582,0,4.538965500859804,High,2.059672970611988,-0.10899441970419424,0.30815799064620697,0.2283865848328282,0,0,1,NA,NA,NA,NA,NA,NA,NA,NA,NA,NA,NA,NA,NA,NA,NA,NA,NA,NA,NA,NA,NA,NA,NA,NA,NA,NA,NA,NA,NA,NA,NA,NA,NA,NA,NA,NA,NA,NA,NA,NA,NA,NA,NA,NA,NA,NA,NA
2026-09-15 19:31:18 -0400,1,00-0040887,Josh Cuevas,TE,BAL,IND,2.093148520423694,0,4.610774835411579,High,2.059672970611988,-6.822023610057328e-4,0.25427062035416204,0.2782483044634111,0,0,1,NA,NA,NA,NA,NA,NA,NA,NA,NA,NA,NA,NA,NA,NA,NA,NA,NA,NA,NA,NA,NA,NA,NA,NA,NA,NA,NA,NA,NA,NA,NA,NA,NA,NA,NA,NA,NA,NA,NA,NA,NA,NA,NA,NA,NA,NA,NA
2026-09-15 19:31:18 -0400,1,00-0041577,Connor Hulstein,TE,NYJ,TEN,2.0840891081324773,0,4.642739188563343,High,2.059672970611988,-0.11832287985160554,0.30173422167208536,0.05696256995092511,0,0,1,NA,NA,NA,NA,NA,NA,NA,NA,NA,NA,NA,NA,NA,NA,NA,NA,NA,NA,NA,NA,NA,NA,NA,NA,NA,NA,NA,NA,NA,NA,NA,NA,NA,NA,NA,NA,NA,NA,NA,NA,NA,NA,NA,NA,NA,NA,NA
2026-09-15 19:31:18 -0400,1,00-0037304,Connor Heyward,RB,LV,MIA,2.08185912879464,0,6.194275346339193,High,3.0109528980360203,0,0.2622444091394971,-0.09047201280785327,0.25,0.75,0,NA,NA,NA,NA,NA,NA,NA,NA,NA,NA,NA,NA,NA,NA,NA,NA,NA,NA,NA,NA,NA,NA,NA,NA,NA,NA,NA,NA,NA,NA,NA,NA,NA,NA,NA,NA,NA,NA,NA,NA,NA,NA,NA,NA,NA,NA,NA
2026-09-15 19:31:18 -0400,1,00-0041374,Sincere Brown,WR,LAC,ARI,2.0542643664541194,0,5.263850438605946,High,2.953609688195244,-0.150315761313857,0.21715492074766893,0,0.25,0,0.75,NA,NA,NA,NA,NA,NA,NA,NA,NA,NA,NA,NA,NA,NA,NA,NA,NA,NA,NA,NA,NA,NA,NA,NA,NA,NA,NA,NA,NA,NA,NA,NA,NA,NA,NA,NA,NA,NA,NA,NA,NA,NA,NA,NA,NA,NA,NA
2026-09-15 19:31:18 -0400,1,00-0040948,J. Michael Sturdivant,WR,GB,MIN,2.051865163602133,0,5.310207053557248,High,2.953609688195244,-0.150315761313857,0.21375842907565415,0,0.25,0,0.75,NA,NA,NA,NA,NA,NA,NA,NA,NA,NA,NA,NA,NA,NA,NA,NA,NA,NA,NA,NA,NA,NA,NA,NA,NA,NA,NA,NA,NA,NA,NA,NA,NA,NA,NA,NA,NA,NA,NA,NA,NA,NA,NA,NA,NA,NA,NA
2026-09-15 19:31:18 -0400,1,00-0040953,Jeff Caldwell,WR,KC,DEN,2.051865163602133,0,5.263008744979671,High,2.953609688195244,-0.150315761313857,0.21375842907565415,0,0.25,0,0.75,NA,NA,NA,NA,NA,NA,NA,NA,NA,NA,NA,NA,NA,NA,NA,NA,NA,NA,NA,NA,NA,NA,NA,NA,NA,NA,NA,NA,NA,NA,NA,NA,NA,NA,NA,NA,NA,NA,NA,NA,NA,NA,NA,NA,NA,NA,NA
2026-09-15 19:31:18 -0400,1,00-0041451,Brock Rechsteiner,WR,NO,DET,2.051865163602133,0,5.431299710015982,High,2.953609688195244,0,0.2033974368745756,0,0.25,0,0.75,NA,NA,NA,NA,NA,NA,NA,NA,NA,NA,NA,NA,NA,NA,NA,NA,NA,NA,NA,NA,NA,NA,NA,NA,NA,NA,NA,NA,NA,NA,NA,NA,NA,NA,NA,NA,NA,NA,NA,NA,NA,NA,NA,NA,NA,NA,NA
2026-09-15 19:31:18 -0400,1,00-0037594,Julius Chestnut,RB,TEN,NYJ,2.026026966468074,0,5.989444839568502,High,3.0109528980360203,-0.4623201156184577,0.3399668247229675,-0.1474676931392937,0.25,0.75,0,NA,NA,NA,NA,NA,NA,NA,NA,NA,NA,NA,NA,NA,NA,NA,NA,NA,NA,NA,NA,NA,NA,NA,NA,NA,NA,NA,NA,NA,NA,NA,NA,NA,NA,NA,NA,NA,NA,NA,NA,NA,NA,NA,NA,NA,NA,NA
2026-09-15 19:31:18 -0400,1,00-0041399,CJ Daniels,WR,LA,SF,2.016358616606053,0,5.515675649971821,High,2.953609688195244,0,0.2011238983852654,0,0.25,0,0.75,NA,NA,NA,NA,NA,NA,NA,NA,NA,NA,NA,NA,NA,NA,NA,NA,NA,NA,NA,NA,NA,NA,NA,NA,NA,NA,NA,NA,NA,NA,NA,NA,NA,NA,NA,NA,NA,NA,NA,NA,NA,NA,NA,NA,NA,NA,NA
2026-09-15 19:31:18 -0400,1,00-0040172,Jordan Watkins,WR,SF,LA,2.0112748824260263,0,5.529488734677056,High,2.953609688195244,-0.12890961265365058,0.21128258325623173,0,0.25,0,0.75,NA,NA,NA,NA,NA,NA,NA,NA,NA,NA,NA,NA,NA,NA,NA,NA,NA,NA,NA,NA,NA,NA,NA,NA,NA,NA,NA,NA,NA,NA,NA,NA,NA,NA,NA,NA,NA,NA,NA,NA,NA,NA,NA,NA,NA,NA,NA
2026-09-15 19:31:18 -0400,1,00-0039363,Isaac Guerendo,RB,SF,LA,2.0097174165787495,0,6.4516089269055215,High,3.0109528980360203,-0.574642152957824,0.387208585402515,-0.11409087919495486,0.25,0.75,0,NA,NA,NA,NA,NA,NA,NA,NA,NA,NA,NA,NA,NA,NA,NA,NA,NA,NA,NA,NA,NA,NA,NA,NA,NA,NA,NA,NA,NA,NA,NA,NA,NA,NA,NA,NA,NA,NA,NA,NA,NA,NA,NA,NA,NA,NA,NA
2026-09-15 19:31:18 -0400,1,00-0039603,British Brooks,RB,HOU,BUF,2.0050079453808767,0,5.553020176369129,High,3.0109528980360203,-0.5997242565139006,0.3778306515007814,0.03315175728664654,0.25,0.75,0,NA,NA,NA,NA,NA,NA,NA,NA,NA,NA,NA,NA,NA,NA,NA,NA,NA,NA,NA,NA,NA,NA,NA,NA,NA,NA,NA,NA,NA,NA,NA,NA,NA,NA,NA,NA,NA,NA,NA,NA,NA,NA,NA,NA,NA,NA,NA
2026-09-15 19:31:18 -0400,1,00-0033217,Mo Alie-Cox,TE,IND,BAL,1.9869631639962817,0,4.528505630022074,High,2.059672970611988,-0.0899555270672314,0.349524495489483,0.13684440588735758,0,0,1,NA,NA,NA,NA,NA,NA,NA,NA,NA,NA,NA,NA,NA,NA,NA,NA,NA,NA,NA,NA,NA,NA,NA,NA,NA,NA,NA,NA,NA,NA,NA,NA,NA,NA,NA,NA,NA,NA,NA,NA,NA,NA,NA,NA,NA,NA,NA
2026-09-15 19:31:18 -0400,1,00-0041436,DJ Herman,RB,MIA,LV,1.9853292152643367,0,5.193534795330572,High,3.0109528980360203,-0.6536507830254134,0.3910882487025617,-0.2811734115605164,0.25,0.75,0,NA,NA,NA,NA,NA,NA,NA,NA,NA,NA,NA,NA,NA,NA,NA,NA,NA,NA,NA,NA,NA,NA,NA,NA,NA,NA,NA,NA,NA,NA,NA,NA,NA,NA,NA,NA,NA,NA,NA,NA,NA,NA,NA,NA,NA,NA,NA
2026-09-15 19:31:18 -0400,1,00-0034365,Ian Thomas,TE,LV,MIA,1.985229635637507,0,4.519917104330684,High,2.059672970611988,0.09883755638112744,0.23509911719441884,0.17032941967722387,0,0,1,NA,NA,NA,NA,NA,NA,NA,NA,NA,NA,NA,NA,NA,NA,NA,NA,NA,NA,NA,NA,NA,NA,NA,NA,NA,NA,NA,NA,NA,NA,NA,NA,NA,NA,NA,NA,NA,NA,NA,NA,NA,NA,NA,NA,NA,NA,NA
2026-09-15 19:31:18 -0400,1,00-0041106,C.J. Williams,WR,JAX,CLE,1.971583776150435,0,4.939840322700114,High,2.953609688195244,0,0.19217545872076097,0,0.25,0,0.75,NA,NA,NA,NA,NA,NA,NA,NA,NA,NA,NA,NA,NA,NA,NA,NA,NA,NA,NA,NA,NA,NA,NA,NA,NA,NA,NA,NA,NA,NA,NA,NA,NA,NA,NA,NA,NA,NA,NA,NA,NA,NA,NA,NA,NA,NA,NA
2026-09-15 19:31:18 -0400,1,00-0029892,Kyle Juszczyk,RB,SF,LA,1.9452406181269415,0,5.80609965652833,High,3.0109528980360203,-0.556236354684085,0.37912116062791634,-0.1450685285227562,0.25,0.75,0,NA,NA,NA,NA,NA,NA,NA,NA,NA,NA,NA,NA,NA,NA,NA,NA,NA,NA,NA,NA,NA,NA,NA,NA,NA,NA,NA,NA,NA,NA,NA,NA,NA,NA,NA,NA,NA,NA,NA,NA,NA,NA,NA,NA,NA,NA,NA
2026-09-15 19:31:18 -0400,1,00-0040244,Moliki Matavao,TE,NO,DET,1.9442102408408348,0,4.916887064513669,High,2.059672970611988,-0.02662021997534603,0.27780770241039376,0.10498978294154876,0,0,1,NA,NA,NA,NA,NA,NA,NA,NA,NA,NA,NA,NA,NA,NA,NA,NA,NA,NA,NA,NA,NA,NA,NA,NA,NA,NA,NA,NA,NA,NA,NA,NA,NA,NA,NA,NA,NA,NA,NA,NA,NA,NA,NA,NA,NA,NA,NA
2026-09-15 19:31:18 -0400,1,00-0037276,Ty Chandler,RB,NO,DET,1.9344477054150315,0,5.434859480259721,Medium,4.1906550461485725,-0.6225536596268175,0.7010414284203258,-0.20736806187101153,0.25,0.75,0,NA,NA,NA,NA,NA,NA,NA,NA,NA,NA,NA,NA,NA,NA,NA,NA,NA,NA,NA,NA,NA,NA,NA,NA,NA,NA,NA,NA,NA,NA,NA,NA,NA,NA,NA,NA,NA,NA,NA,NA,NA,NA,NA,NA,NA,NA,NA
2026-09-15 19:31:18 -0400,1,00-0036670,Jermar Jefferson,RB,MIN,GB,1.910152696118313,0,5.325628297209672,High,3.0109528980360203,-0.5191028938907596,0.35652240389263334,0.03399837200417333,0.25,0.75,0,NA,NA,NA,NA,NA,NA,NA,NA,NA,NA,NA,NA,NA,NA,NA,NA,NA,NA,NA,NA,NA,NA,NA,NA,NA,NA,NA,NA,NA,NA,NA,NA,NA,NA,NA,NA,NA,NA,NA,NA,NA,NA,NA,NA,NA,NA,NA
2026-09-15 19:31:18 -0400,1,00-0040238,LeQuint Allen Jr.,RB,JAX,CLE,1.9068417078442643,0,5.1659134355300464,High,3.0109528980360203,-0.5113178974216319,0.4734887538499921,0.3608070046856696,0.25,0.75,0,NA,NA,NA,NA,NA,NA,NA,NA,NA,NA,NA,NA,NA,NA,NA,NA,NA,NA,NA,NA,NA,NA,NA,NA,NA,NA,NA,NA,NA,NA,NA,NA,NA,NA,NA,NA,NA,NA,NA,NA,NA,NA,NA,NA,NA,NA,NA
2026-09-15 19:31:18 -0400,1,00-0041398,Riley Nowakowski,TE,PIT,ATL,1.895119720739645,0,4.404345798637653,High,2.059672970611988,0.00612160817598083,0.23391931266490532,0.14500304661938002,0,0,1,NA,NA,NA,NA,NA,NA,NA,NA,NA,NA,NA,NA,NA,NA,NA,NA,NA,NA,NA,NA,NA,NA,NA,NA,NA,NA,NA,NA,NA,NA,NA,NA,NA,NA,NA,NA,NA,NA,NA,NA,NA,NA,NA,NA,NA,NA,NA
2026-09-15 19:31:18 -0400,1,00-0041550,Brenen Thompson,WR,LAC,ARI,1.8915940547260697,0,5.572742156117736,High,2.953609688195244,-0.150315761313857,0.2334720450981866,0,0.25,0,0.75,NA,NA,NA,NA,NA,NA,NA,NA,NA,NA,NA,NA,NA,NA,NA,NA,NA,NA,NA,NA,NA,NA,NA,NA,NA,NA,NA,NA,NA,NA,NA,NA,NA,NA,NA,NA,NA,NA,NA,NA,NA,NA,NA,NA,NA,NA,NA
2026-09-15 19:31:18 -0400,1,00-0041170,Hayden Large,TE,CHI,CAR,1.8758186350270751,0,4.52982476046858,High,2.059672970611988,-0.00313517765028515,0.1094015905040224,0.11811719813027338,0,0,1,NA,NA,NA,NA,NA,NA,NA,NA,NA,NA,NA,NA,NA,NA,NA,NA,NA,NA,NA,NA,NA,NA,NA,NA,NA,NA,NA,NA,NA,NA,NA,NA,NA,NA,NA,NA,NA,NA,NA,NA,NA,NA,NA,NA,NA,NA,NA
2026-09-15 19:31:18 -0400,1,00-0040938,DJ Rogers,TE,DAL,NYG,1.8736098072050773,0,4.70255882199644,High,2.059672970611988,-0.10020021926287996,0.14518862274099564,0.11590837030827522,0,0,1,NA,NA,NA,NA,NA,NA,NA,NA,NA,NA,NA,NA,NA,NA,NA,NA,NA,NA,NA,NA,NA,NA,NA,NA,NA,NA,NA,NA,NA,NA,NA,NA,NA,NA,NA,NA,NA,NA,NA,NA,NA,NA,NA,NA,NA,NA,NA
2026-09-15 19:31:18 -0400,1,00-0040901,Jaren Kanak,TE,TEN,NYJ,1.8723542667726067,0,4.410322100325115,High,2.059672970611988,0.08544239976820603,0.26373835688203867,0.05745405081232369,0,0,1,NA,NA,NA,NA,NA,NA,NA,NA,NA,NA,NA,NA,NA,NA,NA,NA,NA,NA,NA,NA,NA,NA,NA,NA,NA,NA,NA,NA,NA,NA,NA,NA,NA,NA,NA,NA,NA,NA,NA,NA,NA,NA,NA,NA,NA,NA,NA
2026-09-15 19:31:18 -0400,1,00-0040009,Savion Williams,WR,GB,MIN,1.8683461712906884,0,4.974321160838981,High,2.953609688195244,-0.1778261734749891,0.4041604186457768,0,0.25,0,0.75,NA,NA,NA,NA,NA,NA,NA,NA,NA,NA,NA,NA,NA,NA,NA,NA,NA,NA,NA,NA,NA,NA,NA,NA,NA,NA,NA,NA,NA,NA,NA,NA,NA,NA,NA,NA,NA,NA,NA,NA,NA,NA,NA,NA,NA,NA,NA
2026-09-15 19:31:18 -0400,1,00-0041443,Skyler Bell,WR,BUF,HOU,1.8669750399696956,0,5.232168820596496,High,2.953609688195244,-0.150315761313857,0.20449666479020903,0,0.25,0,0.75,NA,NA,NA,NA,NA,NA,NA,NA,NA,NA,NA,NA,NA,NA,NA,NA,NA,NA,NA,NA,NA,NA,NA,NA,NA,NA,NA,NA,NA,NA,NA,NA,NA,NA,NA,NA,NA,NA,NA,NA,NA,NA,NA,NA,NA,NA,NA
2026-09-15 19:31:18 -0400,1,00-0038720,Julian Hill,TE,NE,SEA,1.866075147446927,0,4.506018751384797,High,2.059672970611988,-0.11229350379427698,0.2627217943284285,0.01595638933800275,0,0,1,NA,NA,NA,NA,NA,NA,NA,NA,NA,NA,NA,NA,NA,NA,NA,NA,NA,NA,NA,NA,NA,NA,NA,NA,NA,NA,NA,NA,NA,NA,NA,NA,NA,NA,NA,NA,NA,NA,NA,NA,NA,NA,NA,NA,NA,NA,NA
2026-09-15 19:31:18 -0400,1,00-0040955,John Michael Gyllenborg,TE,KC,DEN,1.7771892831627696,0,4.296722573379816,High,2.059672970611988,-0.06097534499805527,0.15171485542681726,0.03850265930332425,0,0,1,NA,NA,NA,NA,NA,NA,NA,NA,NA,NA,NA,NA,NA,NA,NA,NA,NA,NA,NA,NA,NA,NA,NA,NA,NA,NA,NA,NA,NA,NA,NA,NA,NA,NA,NA,NA,NA,NA,NA,NA,NA,NA,NA,NA,NA,NA,NA
2026-09-15 19:31:18 -0400,1,00-0038394,Will Mallory,TE,IND,BAL,1.7764961017618164,0,4.143312916928789,High,2.059672970611988,-0.0885136392807829,0.3198892240552764,0.03780947790237105,0,0,1,NA,NA,NA,NA,NA,NA,NA,NA,NA,NA,NA,NA,NA,NA,NA,NA,NA,NA,NA,NA,NA,NA,NA,NA,NA,NA,NA,NA,NA,NA,NA,NA,NA,NA,NA,NA,NA,NA,NA,NA,NA,NA,NA,NA,NA,NA,NA
2026-09-15 19:31:18 -0400,1,00-0039050,Payne Durham,TE,TB,CIN,1.7658504710249432,0,4.194029707301812,Medium,2.944037017468802,-0.09725786331604988,0.4406284107481233,0.03246927606714372,0,0,1,NA,NA,NA,NA,NA,NA,NA,NA,NA,NA,NA,NA,NA,NA,NA,NA,NA,NA,NA,NA,NA,NA,NA,NA,NA,NA,NA,NA,NA,NA,NA,NA,NA,NA,NA,NA,NA,NA,NA,NA,NA,NA,NA,NA,NA,NA,NA
2026-09-15 19:31:18 -0400,1,00-0039244,Chris Collier,RB,LV,MIA,1.7641310642539136,0,5.57420989436374,High,3.0109528980360203,-0.5260928959239238,0.2527398260204065,0.02644487153378011,0.25,0.75,0,NA,NA,NA,NA,NA,NA,NA,NA,NA,NA,NA,NA,NA,NA,NA,NA,NA,NA,NA,NA,NA,NA,NA,NA,NA,NA,NA,NA,NA,NA,NA,NA,NA,NA,NA,NA,NA,NA,NA,NA,NA,NA,NA,NA,NA,NA,NA
2026-09-15 19:31:18 -0400,1,00-0038614,Scott Matlock,RB,LAC,ARI,1.7408039351026252,0,5.36128544369282,High,3.0109528980360203,-0.49019570212776664,0.25279371412677076,0.4895660455043804,0.25,0.75,0,NA,NA,NA,NA,NA,NA,NA,NA,NA,NA,NA,NA,NA,NA,NA,NA,NA,NA,NA,NA,NA,NA,NA,NA,NA,NA,NA,NA,NA,NA,NA,NA,NA,NA,NA,NA,NA,NA,NA,NA,NA,NA,NA,NA,NA,NA,NA
2026-09-15 19:31:18 -0400,1,00-0039379,Jamari Thrash,WR,CLE,JAX,1.7242822310978674,0,4.5178650266960245,High,2.953609688195244,-0.23663080338233913,0.2790335536963428,0,0.25,0,0.75,NA,NA,NA,NA,NA,NA,NA,NA,NA,NA,NA,NA,NA,NA,NA,NA,NA,NA,NA,NA,NA,NA,NA,NA,NA,NA,NA,NA,NA,NA,NA,NA,NA,NA,NA,NA,NA,NA,NA,NA,NA,NA,NA,NA,NA,NA,NA
2026-09-15 19:31:18 -0400,1,00-0038824,Ryan Miller,WR,MIA,LV,1.7150524433871723,0,5.066191326939536,High,2.953609688195244,-0.1564200248147827,0.44488366414387104,0,0.25,0,0.75,NA,NA,NA,NA,NA,NA,NA,NA,NA,NA,NA,NA,NA,NA,NA,NA,NA,NA,NA,NA,NA,NA,NA,NA,NA,NA,NA,NA,NA,NA,NA,NA,NA,NA,NA,NA,NA,NA,NA,NA,NA,NA,NA,NA,NA,NA,NA
2026-09-15 19:31:18 -0400,1,00-0038640,Jalen Brooks,WR,ARI,LAC,1.713022671901386,0,5.067348577471678,High,2.953609688195244,-0.12890961265365058,0.24678502182724907,0,0.25,0,0.75,NA,NA,NA,NA,NA,NA,NA,NA,NA,NA,NA,NA,NA,NA,NA,NA,NA,NA,NA,NA,NA,NA,NA,NA,NA,NA,NA,NA,NA,NA,NA,NA,NA,NA,NA,NA,NA,NA,NA,NA,NA,NA,NA,NA,NA,NA,NA
2026-09-15 19:31:18 -0400,1,00-0031595,Michael Burton,RB,CLE,JAX,1.7104854811425811,0,5.349437943845406,High,3.0109528980360203,-0.5533610194672927,0.25770550587147906,-0.6109382471659428,0.25,0.75,0,NA,NA,NA,NA,NA,NA,NA,NA,NA,NA,NA,NA,NA,NA,NA,NA,NA,NA,NA,NA,NA,NA,NA,NA,NA,NA,NA,NA,NA,NA,NA,NA,NA,NA,NA,NA,NA,NA,NA,NA,NA,NA,NA,NA,NA,NA,NA
2026-09-15 19:31:18 -0400,1,00-0040184,KeAndre Lambert-Smith,WR,LAC,ARI,1.7080860956148034,0,4.874450895206066,High,2.953609688195244,-0.1564200248147827,0.2910548385365446,0,0.25,0,0.75,NA,NA,NA,NA,NA,NA,NA,NA,NA,NA,NA,NA,NA,NA,NA,NA,NA,NA,NA,NA,NA,NA,NA,NA,NA,NA,NA,NA,NA,NA,NA,NA,NA,NA,NA,NA,NA,NA,NA,NA,NA,NA,NA,NA,NA,NA,NA
2026-09-15 19:31:18 -0400,1,00-0040432,Beaux Collins,WR,ATL,PIT,1.7023887828344453,0,4.792744473095766,High,2.953609688195244,-0.1778261734749891,0.4051982624337456,0,0.25,0,0.75,NA,NA,NA,NA,NA,NA,NA,NA,NA,NA,NA,NA,NA,NA,NA,NA,NA,NA,NA,NA,NA,NA,NA,NA,NA,NA,NA,NA,NA,NA,NA,NA,NA,NA,NA,NA,NA,NA,NA,NA,NA,NA,NA,NA,NA,NA,NA
2026-09-15 19:31:18 -0400,1,00-0035125,Alec Ingold,RB,LAC,ARI,1.6981620324590725,0,5.4525572792635355,High,3.0109528980360203,-0.4505130191922778,0.30601169388317584,0.4522010364614365,0.25,0.75,0,NA,NA,NA,NA,NA,NA,NA,NA,NA,NA,NA,NA,NA,NA,NA,NA,NA,NA,NA,NA,NA,NA,NA,NA,NA,NA,NA,NA,NA,NA,NA,NA,NA,NA,NA,NA,NA,NA,NA,NA,NA,NA,NA,NA,NA,NA,NA
2026-09-15 19:31:18 -0400,1,00-0041005,Corey Rucker,WR,LV,MIA,1.6973769140079424,0,5.229041780764006,High,2.953609688195244,-0.00108876698831866,0.22693466452029665,0,0.25,0,0.75,NA,NA,NA,NA,NA,NA,NA,NA,NA,NA,NA,NA,NA,NA,NA,NA,NA,NA,NA,NA,NA,NA,NA,NA,NA,NA,NA,NA,NA,NA,NA,NA,NA,NA,NA,NA,NA,NA,NA,NA,NA,NA,NA,NA,NA,NA,NA
2026-09-15 19:31:18 -0400,1,00-0041579,Seydou Traore,TE,MIA,LV,1.6832557557808148,0,4.20492040994268,High,2.059672970611988,-0.08729615000260305,0.23120174779388208,-0.06686091833945046,0,0,1,NA,NA,NA,NA,NA,NA,NA,NA,NA,NA,NA,NA,NA,NA,NA,NA,NA,NA,NA,NA,NA,NA,NA,NA,NA,NA,NA,NA,NA,NA,NA,NA,NA,NA,NA,NA,NA,NA,NA,NA,NA,NA,NA,NA,NA,NA,NA
2026-09-15 19:31:18 -0400,1,00-0033757,Robert Tonyan,TE,PIT,ATL,1.680539969354308,0,4.296557349060871,High,2.059672970611988,-0.01613032919155167,0.24331024908104415,-0.05284122560349158,0,0,1,NA,NA,NA,NA,NA,NA,NA,NA,NA,NA,NA,NA,NA,NA,NA,NA,NA,NA,NA,NA,NA,NA,NA,NA,NA,NA,NA,NA,NA,NA,NA,NA,NA,NA,NA,NA,NA,NA,NA,NA,NA,NA,NA,NA,NA,NA,NA
2026-09-15 19:31:18 -0400,1,00-0040853,Carson Towt,TE,IND,BAL,1.6752560469122073,0,4.209943515605384,High,2.059672970611988,-0.0899555270672314,0.12831389878294794,-0.05812514804559215,0,0,1,NA,NA,NA,NA,NA,NA,NA,NA,NA,NA,NA,NA,NA,NA,NA,NA,NA,NA,NA,NA,NA,NA,NA,NA,NA,NA,NA,NA,NA,NA,NA,NA,NA,NA,NA,NA,NA,NA,NA,NA,NA,NA,NA,NA,NA,NA,NA
2026-09-15 19:31:18 -0400,1,00-0036187,Reggie Gilliam,RB,NE,SEA,1.672401154144653,0,5.327809996170863,High,3.0109528980360203,-0.5138862305162089,0.30306360682524286,-0.286116567394502,0.25,0.75,0,NA,NA,NA,NA,NA,NA,NA,NA,NA,NA,NA,NA,NA,NA,NA,NA,NA,NA,NA,NA,NA,NA,NA,NA,NA,NA,NA,NA,NA,NA,NA,NA,NA,NA,NA,NA,NA,NA,NA,NA,NA,NA,NA,NA,NA,NA,NA
2026-09-15 19:31:18 -0400,1,00-0038809,Ben Sims,TE,MIA,LV,1.6460809300735446,0,4.036808217321911,High,2.059672970611988,-0.08585426221615453,0.318679835303107,-0.12782423593454162,0,0,1,NA,NA,NA,NA,NA,NA,NA,NA,NA,NA,NA,NA,NA,NA,NA,NA,NA,NA,NA,NA,NA,NA,NA,NA,NA,NA,NA,NA,NA,NA,NA,NA,NA,NA,NA,NA,NA,NA,NA,NA,NA,NA,NA,NA,NA,NA,NA
2026-09-15 19:31:18 -0400,1,00-0041314,Tanner Arkin,TE,NE,SEA,1.6396716435995358,0,4.119773283760885,High,2.059672970611988,-0.08518961298688367,0.1411977813897031,-0.09901498025990968,0,0,1,NA,NA,NA,NA,NA,NA,NA,NA,NA,NA,NA,NA,NA,NA,NA,NA,NA,NA,NA,NA,NA,NA,NA,NA,NA,NA,NA,NA,NA,NA,NA,NA,NA,NA,NA,NA,NA,NA,NA,NA,NA,NA,NA,NA,NA,NA,NA
2026-09-15 19:31:18 -0400,1,00-0040390,Jackson Meeks,TE,DET,NO,1.6358776197346638,0,4.231867331116121,High,2.059672970611988,-0.08518961298688367,0.21507855304387904,0.04964086757423297,0,0,1,NA,NA,NA,NA,NA,NA,NA,NA,NA,NA,NA,NA,NA,NA,NA,NA,NA,NA,NA,NA,NA,NA,NA,NA,NA,NA,NA,NA,NA,NA,NA,NA,NA,NA,NA,NA,NA,NA,NA,NA,NA,NA,NA,NA,NA,NA,NA
2026-09-15 19:31:18 -0400,1,00-0039814,Erick All,TE,CIN,TB,1.6319006848058804,0,4.372613696123529,High,2.059672970611988,-0.06853162154257407,0.20368299303283624,0.01895667772550247,0,0,1,NA,NA,NA,NA,NA,NA,NA,NA,NA,NA,NA,NA,NA,NA,NA,NA,NA,NA,NA,NA,NA,NA,NA,NA,NA,NA,NA,NA,NA,NA,NA,NA,NA,NA,NA,NA,NA,NA,NA,NA,NA,NA,NA,NA,NA,NA,NA
2026-09-15 19:31:18 -0400,1,00-0034959,Andrew Beck,RB,NYJ,TEN,1.6307624557400848,0,5.440841285849911,High,3.0109528980360203,-0.4798737706413883,0.3722780206340969,-0.35730819102597466,0.25,0.75,0,NA,NA,NA,NA,NA,NA,NA,NA,NA,NA,NA,NA,NA,NA,NA,NA,NA,NA,NA,NA,NA,NA,NA,NA,NA,NA,NA,NA,NA,NA,NA,NA,NA,NA,NA,NA,NA,NA,NA,NA,NA,NA,NA,NA,NA,NA,NA
2026-09-15 19:31:18 -0400,1,00-0041366,Jameson Geers,TE,ARI,LAC,1.6258740450667228,0,4.225801256569308,High,2.059672970611988,-0.0680772903552109,0.1546590632921915,-0.1128125787927225,0,0,1,NA,NA,NA,NA,NA,NA,NA,NA,NA,NA,NA,NA,NA,NA,NA,NA,NA,NA,NA,NA,NA,NA,NA,NA,NA,NA,NA,NA,NA,NA,NA,NA,NA,NA,NA,NA,NA,NA,NA,NA,NA,NA,NA,NA,NA,NA,NA
2026-09-15 19:31:18 -0400,1,00-0039623,Mason Tipton,WR,NO,DET,1.6120418435982058,0,4.4443452094185165,High,2.953609688195244,0,0.20438549066206993,0,0.25,0,0.75,NA,NA,NA,NA,NA,NA,NA,NA,NA,NA,NA,NA,NA,NA,NA,NA,NA,NA,NA,NA,NA,NA,NA,NA,NA,NA,NA,NA,NA,NA,NA,NA,NA,NA,NA,NA,NA,NA,NA,NA,NA,NA,NA,NA,NA,NA,NA
2026-09-15 19:31:18 -0400,1,00-0040154,Tai Felton,WR,MIN,GB,1.6018699191212564,0,4.827230049278417,High,2.953609688195244,-0.22272754572219436,0.2070432217694917,0,0.25,0,0.75,NA,NA,NA,NA,NA,NA,NA,NA,NA,NA,NA,NA,NA,NA,NA,NA,NA,NA,NA,NA,NA,NA,NA,NA,NA,NA,NA,NA,NA,NA,NA,NA,NA,NA,NA,NA,NA,NA,NA,NA,NA,NA,NA,NA,NA,NA,NA
2026-09-15 19:31:18 -0400,1,00-0039737,Tip Reiman,TE,ARI,LAC,1.5982101385707712,0,4.15495189083973,High,2.059672970611988,-0.0680772903552109,0.32539564777938984,-0.14047648528867418,0,0,1,NA,NA,NA,NA,NA,NA,NA,NA,NA,NA,NA,NA,NA,NA,NA,NA,NA,NA,NA,NA,NA,NA,NA,NA,NA,NA,NA,NA,NA,NA,NA,NA,NA,NA,NA,NA,NA,NA,NA,NA,NA,NA,NA,NA,NA,NA,NA
2026-09-15 19:31:18 -0400,1,00-0040649,Robbie Ouzts,RB,SEA,NE,1.592326738138653,0,5.358937135936638,High,3.0109528980360203,-0.5883307713327248,0.34306545710951036,0.06210534566349662,0.25,0.75,0,NA,NA,NA,NA,NA,NA,NA,NA,NA,NA,NA,NA,NA,NA,NA,NA,NA,NA,NA,NA,NA,NA,NA,NA,NA,NA,NA,NA,NA,NA,NA,NA,NA,NA,NA,NA,NA,NA,NA,NA,NA,NA,NA,NA,NA,NA,NA
2026-09-15 19:31:18 -0400,1,00-0039236,Johnny Wilson,WR,PHI,WAS,1.585158375532279,0,5.499086187072769,High,2.953609688195244,-0.24626499379506148,0.16337898715991203,0,0.25,0,0.75,NA,NA,NA,NA,NA,NA,NA,NA,NA,NA,NA,NA,NA,NA,NA,NA,NA,NA,NA,NA,NA,NA,NA,NA,NA,NA,NA,NA,NA,NA,NA,NA,NA,NA,NA,NA,NA,NA,NA,NA,NA,NA,NA,NA,NA,NA,NA
2026-09-15 19:31:18 -0400,1,00-0038590,Justin Shorter,WR,LV,MIA,1.5781755528110262,0,5.043955810321525,High,2.953609688195244,-0.27505929621592606,0.15860992232382,0,0.25,0,0.75,NA,NA,NA,NA,NA,NA,NA,NA,NA,NA,NA,NA,NA,NA,NA,NA,NA,NA,NA,NA,NA,NA,NA,NA,NA,NA,NA,NA,NA,NA,NA,NA,NA,NA,NA,NA,NA,NA,NA,NA,NA,NA,NA,NA,NA,NA,NA
2026-09-15 19:31:18 -0400,1,00-0041087,Joe Royer,TE,CLE,JAX,1.5757421625191956,0,4.1291944320486635,High,2.059672970611988,-0.11247863403180136,0.2506638263542707,-0.1743745116010696,0,0,1,NA,NA,NA,NA,NA,NA,NA,NA,NA,NA,NA,NA,NA,NA,NA,NA,NA,NA,NA,NA,NA,NA,NA,NA,NA,NA,NA,NA,NA,NA,NA,NA,NA,NA,NA,NA,NA,NA,NA,NA,NA,NA,NA,NA,NA,NA,NA
2026-09-15 19:31:18 -0400,1,00-0036862,Ben Skowronek,WR,PIT,ATL,1.5757405095574697,0,4.992781871361688,Medium,3.83141508023352,-0.30256970837705816,0.6065703075659987,0,0.25,0,0.75,NA,NA,NA,NA,NA,NA,NA,NA,NA,NA,NA,NA,NA,NA,NA,NA,NA,NA,NA,NA,NA,NA,NA,NA,NA,NA,NA,NA,NA,NA,NA,NA,NA,NA,NA,NA,NA,NA,NA,NA,NA,NA,NA,NA,NA,NA,NA
2026-09-15 19:31:18 -0400,1,00-0039626,Cole Burgess,WR,PIT,ATL,1.5721772306166817,0,4.798097805265831,High,2.953609688195244,-0.27505929621592606,0.15040015406494334,0,0.25,0,0.75,NA,NA,NA,NA,NA,NA,NA,NA,NA,NA,NA,NA,NA,NA,NA,NA,NA,NA,NA,NA,NA,NA,NA,NA,NA,NA,NA,NA,NA,NA,NA,NA,NA,NA,NA,NA,NA,NA,NA,NA,NA,NA,NA,NA,NA,NA,NA
2026-09-15 19:31:18 -0400,1,00-0041133,Dallen Bentley,TE,DEN,KC,1.568224496309679,0,4.036610561008727,High,2.059672970611988,-0.12499102538611744,0.14251108316110267,-0.1651566986481205,0,0,1,NA,NA,NA,NA,NA,NA,NA,NA,NA,NA,NA,NA,NA,NA,NA,NA,NA,NA,NA,NA,NA,NA,NA,NA,NA,NA,NA,NA,NA,NA,NA,NA,NA,NA,NA,NA,NA,NA,NA,NA,NA,NA,NA,NA,NA,NA,NA
2026-09-15 19:31:18 -0400,1,00-0040120,Jimmy Holiday,WR,KC,DEN,1.5625713728911028,0,4.722088077687514,High,2.953609688195244,-0.27505929621592606,0.13734820570838413,0,0.25,0,0.75,NA,NA,NA,NA,NA,NA,NA,NA,NA,NA,NA,NA,NA,NA,NA,NA,NA,NA,NA,NA,NA,NA,NA,NA,NA,NA,NA,NA,NA,NA,NA,NA,NA,NA,NA,NA,NA,NA,NA,NA,NA,NA,NA,NA,NA,NA,NA
2026-09-15 19:31:18 -0400,1,00-0040629,Dalevon Campbell,WR,LAC,ARI,1.5625713728911028,0,4.989927061513961,High,2.953609688195244,-0.27505929621592606,0.13734820570838413,0,0.25,0,0.75,NA,NA,NA,NA,NA,NA,NA,NA,NA,NA,NA,NA,NA,NA,NA,NA,NA,NA,NA,NA,NA,NA,NA,NA,NA,NA,NA,NA,NA,NA,NA,NA,NA,NA,NA,NA,NA,NA,NA,NA,NA,NA,NA,NA,NA,NA,NA
2026-09-15 19:31:18 -0400,1,00-0035645,Gunner Olszewski,WR,NYG,DAL,1.5587521054757207,0,4.9423581015894396,High,2.953609688195244,-0.30256970837705816,0.34153733360280825,0,0.25,0,0.75,NA,NA,NA,NA,NA,NA,NA,NA,NA,NA,NA,NA,NA,NA,NA,NA,NA,NA,NA,NA,NA,NA,NA,NA,NA,NA,NA,NA,NA,NA,NA,NA,NA,NA,NA,NA,NA,NA,NA,NA,NA,NA,NA,NA,NA,NA,NA
2026-09-15 19:31:18 -0400,1,00-0036630,Tylan Wallace,WR,CLE,JAX,1.5535231708354416,0,4.482288388982378,High,2.953609688195244,-0.28116355971685175,0.15337325492662365,0,0.25,0,0.75,NA,NA,NA,NA,NA,NA,NA,NA,NA,NA,NA,NA,NA,NA,NA,NA,NA,NA,NA,NA,NA,NA,NA,NA,NA,NA,NA,NA,NA,NA,NA,NA,NA,NA,NA,NA,NA,NA,NA,NA,NA,NA,NA,NA,NA,NA,NA
2026-09-15 19:31:18 -0400,1,00-0041180,Quentin Moore,TE,WAS,PHI,1.5514230343738575,0,3.6578696884037702,High,2.059672970611988,-0.09133320437911915,0.12886572532823537,-0.18195816058394193,0,0,1,NA,NA,NA,NA,NA,NA,NA,NA,NA,NA,NA,NA,NA,NA,NA,NA,NA,NA,NA,NA,NA,NA,NA,NA,NA,NA,NA,NA,NA,NA,NA,NA,NA,NA,NA,NA,NA,NA,NA,NA,NA,NA,NA,NA,NA,NA,NA
2026-09-15 19:31:18 -0400,1,00-0035045,D.J. Montgomery,WR,IND,BAL,1.5467779476346737,0,4.815572238326198,High,2.953609688195244,-0.27505929621592606,0.11623764340871844,0,0.25,0,0.75,NA,NA,NA,NA,NA,NA,NA,NA,NA,NA,NA,NA,NA,NA,NA,NA,NA,NA,NA,NA,NA,NA,NA,NA,NA,NA,NA,NA,NA,NA,NA,NA,NA,NA,NA,NA,NA,NA,NA,NA,NA,NA,NA,NA,NA,NA,NA
2026-09-15 19:31:18 -0400,1,00-0039710,Jeshaun Jones,WR,MIN,GB,1.5457952478087404,0,4.962836609612959,High,2.953609688195244,-0.27505929621592606,0.11461121580829636,0,0.25,0,0.75,NA,NA,NA,NA,NA,NA,NA,NA,NA,NA,NA,NA,NA,NA,NA,NA,NA,NA,NA,NA,NA,NA,NA,NA,NA,NA,NA,NA,NA,NA,NA,NA,NA,NA,NA,NA,NA,NA,NA,NA,NA,NA,NA,NA,NA,NA,NA
2026-09-15 19:31:18 -0400,1,00-0039824,Jared Wiley,TE,KC,DEN,1.5425526508664125,0,4.105925055903377,High,2.059672970611988,-0.06097534499805527,0.15547042074758852,-0.0790138211149925,0,0,1,NA,NA,NA,NA,NA,NA,NA,NA,NA,NA,NA,NA,NA,NA,NA,NA,NA,NA,NA,NA,NA,NA,NA,NA,NA,NA,NA,NA,NA,NA,NA,NA,NA,NA,NA,NA,NA,NA,NA,NA,NA,NA,NA,NA,NA,NA,NA
2026-09-15 19:31:18 -0400,1,00-0037156,Irvin Charles,WR,SEA,NE,1.5371720899090944,0,4.821669643229718,High,2.953609688195244,-0.27505929621592606,0.10337410667213466,0,0.25,0,0.75,NA,NA,NA,NA,NA,NA,NA,NA,NA,NA,NA,NA,NA,NA,NA,NA,NA,NA,NA,NA,NA,NA,NA,NA,NA,NA,NA,NA,NA,NA,NA,NA,NA,NA,NA,NA,NA,NA,NA,NA,NA,NA,NA,NA,NA,NA,NA
2026-09-15 19:31:18 -0400,1,00-0040215,Gavin Bartholomew,TE,MIN,GB,1.5221656544984328,0,4.1621092584363035,High,2.059672970611988,0.03591716709176253,0.17897897686695086,-0.09077835258194528,0,0,1,NA,NA,NA,NA,NA,NA,NA,NA,NA,NA,NA,NA,NA,NA,NA,NA,NA,NA,NA,NA,NA,NA,NA,NA,NA,NA,NA,NA,NA,NA,NA,NA,NA,NA,NA,NA,NA,NA,NA,NA,NA,NA,NA,NA,NA,NA,NA
2026-09-15 19:31:18 -0400,1,00-0041132,Deion Burks,WR,IND,BAL,1.5090361422763965,0,5.138390535884051,High,2.953609688195244,-0.27505929621592606,0.07733897817789004,0,0.25,0,0.75,NA,NA,NA,NA,NA,NA,NA,NA,NA,NA,NA,NA,NA,NA,NA,NA,NA,NA,NA,NA,NA,NA,NA,NA,NA,NA,NA,NA,NA,NA,NA,NA,NA,NA,NA,NA,NA,NA,NA,NA,NA,NA,NA,NA,NA,NA,NA
2026-09-15 19:31:18 -0400,1,00-0031484,Chris Manhertz,TE,NYG,DAL,1.5008784572654217,0,3.9385262054392314,High,2.059672970611988,0.01587841921064395,0.26680564876602464,-0.13638579175395904,0,0,1,NA,NA,NA,NA,NA,NA,NA,NA,NA,NA,NA,NA,NA,NA,NA,NA,NA,NA,NA,NA,NA,NA,NA,NA,NA,NA,NA,NA,NA,NA,NA,NA,NA,NA,NA,NA,NA,NA,NA,NA,NA,NA,NA,NA,NA,NA,NA
2026-09-15 19:31:18 -0400,1,00-0040509,Ben Yurosek,TE,MIN,GB,1.4999740083492814,0,4.123467600442737,High,2.059672970611988,0.03591716709176253,0.211460061366274,-0.11296999873109664,0,0,1,NA,NA,NA,NA,NA,NA,NA,NA,NA,NA,NA,NA,NA,NA,NA,NA,NA,NA,NA,NA,NA,NA,NA,NA,NA,NA,NA,NA,NA,NA,NA,NA,NA,NA,NA,NA,NA,NA,NA,NA,NA,NA,NA,NA,NA,NA,NA
2026-09-15 19:31:18 -0400,1,00-0040225,Thomas Fidone II,TE,NYG,DAL,1.499498626243105,0,4.293407440652976,High,2.059672970611988,0.01587841921064395,0.1867815976754061,-0.13776562277627585,0,0,1,NA,NA,NA,NA,NA,NA,NA,NA,NA,NA,NA,NA,NA,NA,NA,NA,NA,NA,NA,NA,NA,NA,NA,NA,NA,NA,NA,NA,NA,NA,NA,NA,NA,NA,NA,NA,NA,NA,NA,NA,NA,NA,NA,NA,NA,NA,NA
2026-09-15 19:31:18 -0400,1,00-0040563,Efton Chism III,WR,NE,SEA,1.4923072973417877,0,5.015286969477127,Medium,3.83141508023352,-0.33617765802544086,0.8464331270350299,0,0.25,0,0.75,NA,NA,NA,NA,NA,NA,NA,NA,NA,NA,NA,NA,NA,NA,NA,NA,NA,NA,NA,NA,NA,NA,NA,NA,NA,NA,NA,NA,NA,NA,NA,NA,NA,NA,NA,NA,NA,NA,NA,NA,NA,NA,NA,NA,NA,NA,NA
2026-09-15 19:31:18 -0400,1,00-0037031,Nikola Kalinic,TE,CHI,CAR,1.484278082727687,0,3.8025870278735057,High,2.059672970611988,-0.00313517765028515,0.25883428413942466,-0.10908525177365114,0,0,1,NA,NA,NA,NA,NA,NA,NA,NA,NA,NA,NA,NA,NA,NA,NA,NA,NA,NA,NA,NA,NA,NA,NA,NA,NA,NA,NA,NA,NA,NA,NA,NA,NA,NA,NA,NA,NA,NA,NA,NA,NA,NA,NA,NA,NA,NA,NA
2026-09-15 19:31:18 -0400,1,00-0038735,Princeton Fant,TE,DAL,NYG,1.4818072045020023,0,3.90788627191191,High,2.059672970611988,-0.10020021926287996,0.2708092996873779,-0.11155612999933562,0,0,1,NA,NA,NA,NA,NA,NA,NA,NA,NA,NA,NA,NA,NA,NA,NA,NA,NA,NA,NA,NA,NA,NA,NA,NA,NA,NA,NA,NA,NA,NA,NA,NA,NA,NA,NA,NA,NA,NA,NA,NA,NA,NA,NA,NA,NA,NA,NA
2026-09-15 19:31:18 -0400,1,00-0036876,Kylen Granson,TE,TEN,NYJ,1.4816392883245737,0,4.196133750719118,High,2.059672970611988,0.08544239976820603,0.12219064846751213,-0.1810977948007355,0,0,1,NA,NA,NA,NA,NA,NA,NA,NA,NA,NA,NA,NA,NA,NA,NA,NA,NA,NA,NA,NA,NA,NA,NA,NA,NA,NA,NA,NA,NA,NA,NA,NA,NA,NA,NA,NA,NA,NA,NA,NA,NA,NA,NA,NA,NA,NA,NA
2026-09-15 19:31:18 -0400,1,00-0037755,Jelani Woods,TE,NYJ,TEN,1.4799044995262405,0,4.093534299968059,Medium,2.944037017468802,-0.13016867524411452,0.45370330401860925,-0.253476695431559,0,0,1,NA,NA,NA,NA,NA,NA,NA,NA,NA,NA,NA,NA,NA,NA,NA,NA,NA,NA,NA,NA,NA,NA,NA,NA,NA,NA,NA,NA,NA,NA,NA,NA,NA,NA,NA,NA,NA,NA,NA,NA,NA,NA,NA,NA,NA,NA,NA
2026-09-15 19:31:18 -0400,1,00-0040504,Bryson Nesbit,TE,MIN,GB,1.4594109014175305,0,4.0125224426863975,High,2.059672970611988,0.03591716709176253,0.2236876602802005,-0.12682585074290054,0,0,1,NA,NA,NA,NA,NA,NA,NA,NA,NA,NA,NA,NA,NA,NA,NA,NA,NA,NA,NA,NA,NA,NA,NA,NA,NA,NA,NA,NA,NA,NA,NA,NA,NA,NA,NA,NA,NA,NA,NA,NA,NA,NA,NA,NA,NA,NA,NA
2026-09-15 19:31:18 -0400,1,00-0038498,E.J. Jenkins,TE,PHI,WAS,1.4470671089545388,0,4.329015794488993,High,2.059672970611988,0.0209330767045615,0.27027155761002397,-0.146296225546799,0,0,1,NA,NA,NA,NA,NA,NA,NA,NA,NA,NA,NA,NA,NA,NA,NA,NA,NA,NA,NA,NA,NA,NA,NA,NA,NA,NA,NA,NA,NA,NA,NA,NA,NA,NA,NA,NA,NA,NA,NA,NA,NA,NA,NA,NA,NA,NA,NA
2026-09-15 19:31:18 -0400,1,00-0040570,Jeremiah Webb,WR,NE,SEA,1.4470432819208792,0,4.395513724773256,High,2.953609688195244,-0.27505929621592606,0.10076419577472837,0,0.25,0,0.75,NA,NA,NA,NA,NA,NA,NA,NA,NA,NA,NA,NA,NA,NA,NA,NA,NA,NA,NA,NA,NA,NA,NA,NA,NA,NA,NA,NA,NA,NA,NA,NA,NA,NA,NA,NA,NA,NA,NA,NA,NA,NA,NA,NA,NA,NA,NA
2026-09-15 19:31:18 -0400,1,00-0040498,Dontae Fleming,WR,MIN,GB,1.444885351885177,0,5.667564059243735,High,2.953609688195244,-0.27505929621592606,0.09801423179055112,0,0.25,0,0.75,NA,NA,NA,NA,NA,NA,NA,NA,NA,NA,NA,NA,NA,NA,NA,NA,NA,NA,NA,NA,NA,NA,NA,NA,NA,NA,NA,NA,NA,NA,NA,NA,NA,NA,NA,NA,NA,NA,NA,NA,NA,NA,NA,NA,NA,NA,NA
2026-09-15 19:31:18 -0400,1,00-0038752,Jake Bobo,WR,SEA,NE,1.439595597435757,0,4.0319998030675706,High,2.953609688195244,-0.27505929621592606,0.148752577099547,0,0.25,0,0.75,NA,NA,NA,NA,NA,NA,NA,NA,NA,NA,NA,NA,NA,NA,NA,NA,NA,NA,NA,NA,NA,NA,NA,NA,NA,NA,NA,NA,NA,NA,NA,NA,NA,NA,NA,NA,NA,NA,NA,NA,NA,NA,NA,NA,NA,NA,NA
2026-09-15 19:31:18 -0400,1,00-0040488,Carter Runyon,TE,LV,MIA,1.4376559336154466,0,4.201606172015443,High,2.059672970611988,0.09799146422195076,0.18298922393070496,-0.17528807346493147,0,0,1,NA,NA,NA,NA,NA,NA,NA,NA,NA,NA,NA,NA,NA,NA,NA,NA,NA,NA,NA,NA,NA,NA,NA,NA,NA,NA,NA,NA,NA,NA,NA,NA,NA,NA,NA,NA,NA,NA,NA,NA,NA,NA,NA,NA,NA,NA,NA
2026-09-15 19:31:18 -0400,1,00-0037311,Ko Kieft,TE,TB,CIN,1.4375423614090914,0,3.7722770408608217,High,2.059672970611988,-0.09991724038067824,0.22913151185162617,-0.14869439075133944,0,0,1,NA,NA,NA,NA,NA,NA,NA,NA,NA,NA,NA,NA,NA,NA,NA,NA,NA,NA,NA,NA,NA,NA,NA,NA,NA,NA,NA,NA,NA,NA,NA,NA,NA,NA,NA,NA,NA,NA,NA,NA,NA,NA,NA,NA,NA,NA,NA
2026-09-15 19:31:18 -0400,1,00-0036429,Charlie Woerner,TE,ATL,PIT,1.42996903330923,0,4.027543441993892,High,2.059672970611988,-0.08253023592225531,0.11101569435147776,-0.23276804981607924,0,0,1,NA,NA,NA,NA,NA,NA,NA,NA,NA,NA,NA,NA,NA,NA,NA,NA,NA,NA,NA,NA,NA,NA,NA,NA,NA,NA,NA,NA,NA,NA,NA,NA,NA,NA,NA,NA,NA,NA,NA,NA,NA,NA,NA,NA,NA,NA,NA
2026-09-15 19:31:18 -0400,1,00-0036556,Brevin Jordan,TE,HOU,BUF,1.4244229748058697,0,4.238616999351274,High,2.059672970611988,-0.10020021926287996,0.2253006390824952,-0.21284127421351107,0,0,1,NA,NA,NA,NA,NA,NA,NA,NA,NA,NA,NA,NA,NA,NA,NA,NA,NA,NA,NA,NA,NA,NA,NA,NA,NA,NA,NA,NA,NA,NA,NA,NA,NA,NA,NA,NA,NA,NA,NA,NA,NA,NA,NA,NA,NA,NA,NA
2026-09-15 19:31:18 -0400,1,00-0040352,Coleman Owen,WR,IND,BAL,1.4206612991129377,0,4.68234841367159,High,2.953609688195244,-0.27505929621592606,0.08083261719569412,0,0.25,0,0.75,NA,NA,NA,NA,NA,NA,NA,NA,NA,NA,NA,NA,NA,NA,NA,NA,NA,NA,NA,NA,NA,NA,NA,NA,NA,NA,NA,NA,NA,NA,NA,NA,NA,NA,NA,NA,NA,NA,NA,NA,NA,NA,NA,NA,NA,NA,NA
2026-09-15 19:31:18 -0400,1,00-0038951,Sean Tucker,RB,TB,CIN,1.3862247225504745,0,4.269928763844752,Medium,4.1906550461485725,-0.2945684293235024,0.974209763634057,0.18539266040158367,0.25,0.75,0,NA,NA,NA,NA,NA,NA,NA,NA,NA,NA,NA,NA,NA,NA,NA,NA,NA,NA,NA,NA,NA,NA,NA,NA,NA,NA,NA,NA,NA,NA,NA,NA,NA,NA,NA,NA,NA,NA,NA,NA,NA,NA,NA,NA,NA,NA,NA
2026-09-15 19:31:18 -0400,1,00-0039648,David Martin-Robinson,TE,TEN,NYJ,1.3565843860341456,0,3.7436985554175912,High,2.059672970611988,0.08544239976820603,0.33046438046523446,-0.2563596210462324,0,0,1,NA,NA,NA,NA,NA,NA,NA,NA,NA,NA,NA,NA,NA,NA,NA,NA,NA,NA,NA,NA,NA,NA,NA,NA,NA,NA,NA,NA,NA,NA,NA,NA,NA,NA,NA,NA,NA,NA,NA,NA,NA,NA,NA,NA,NA,NA,NA
2026-09-15 19:31:18 -0400,1,00-0040534,Ke'Shawn Williams,WR,CIN,TB,1.354534596309918,0,4.549002236187684,High,2.953609688195244,-0.27505929621592606,0.15752861344868044,0,0.25,0,0.75,NA,NA,NA,NA,NA,NA,NA,NA,NA,NA,NA,NA,NA,NA,NA,NA,NA,NA,NA,NA,NA,NA,NA,NA,NA,NA,NA,NA,NA,NA,NA,NA,NA,NA,NA,NA,NA,NA,NA,NA,NA,NA,NA,NA,NA,NA,NA
2026-09-15 19:31:18 -0400,1,00-0038564,Cameron Latu,TE,NE,SEA,1.3502311351667082,0,3.992974691098874,High,2.059672970611988,-0.08518961298688367,0.17413856297892535,-0.2627128719136697,0,0,1,NA,NA,NA,NA,NA,NA,NA,NA,NA,NA,NA,NA,NA,NA,NA,NA,NA,NA,NA,NA,NA,NA,NA,NA,NA,NA,NA,NA,NA,NA,NA,NA,NA,NA,NA,NA,NA,NA,NA,NA,NA,NA,NA,NA,NA,NA,NA
2026-09-15 19:31:18 -0400,1,00-0040598,Mark Redman,TE,GB,MIN,1.340917408488156,0,3.998495689112695,High,2.059672970611988,-0.10899441970419424,0.23823825653831388,-0.2281256840741791,0,0,1,NA,NA,NA,NA,NA,NA,NA,NA,NA,NA,NA,NA,NA,NA,NA,NA,NA,NA,NA,NA,NA,NA,NA,NA,NA,NA,NA,NA,NA,NA,NA,NA,NA,NA,NA,NA,NA,NA,NA,NA,NA,NA,NA,NA,NA,NA,NA
2026-09-15 19:31:18 -0400,1,00-0040058,Nick Kallerup,TE,SEA,NE,1.3342275704327786,0,3.8246828071057575,High,2.059672970611988,-0.12730411007027329,0.26660976939249553,-0.2091118703171162,0,0,1,NA,NA,NA,NA,NA,NA,NA,NA,NA,NA,NA,NA,NA,NA,NA,NA,NA,NA,NA,NA,NA,NA,NA,NA,NA,NA,NA,NA,NA,NA,NA,NA,NA,NA,NA,NA,NA,NA,NA,NA,NA,NA,NA,NA,NA,NA,NA
2026-09-15 19:31:18 -0400,1,00-0038145,Thomas Odukoya,TE,KC,DEN,1.333485660450514,0,4.001723656932971,High,2.059672970611988,-0.06097534499805527,0.2649279203435819,-0.23555743211182112,0,0,1,NA,NA,NA,NA,NA,NA,NA,NA,NA,NA,NA,NA,NA,NA,NA,NA,NA,NA,NA,NA,NA,NA,NA,NA,NA,NA,NA,NA,NA,NA,NA,NA,NA,NA,NA,NA,NA,NA,NA,NA,NA,NA,NA,NA,NA,NA,NA
2026-09-15 19:31:18 -0400,1,00-0039263,McCallan Castles,TE,GB,MIN,1.3191606252627248,0,3.493509728087266,High,2.059672970611988,-0.10899441970419424,0.2626356525541585,-0.24988246729961017,0,0,1,NA,NA,NA,NA,NA,NA,NA,NA,NA,NA,NA,NA,NA,NA,NA,NA,NA,NA,NA,NA,NA,NA,NA,NA,NA,NA,NA,NA,NA,NA,NA,NA,NA,NA,NA,NA,NA,NA,NA,NA,NA,NA,NA,NA,NA,NA,NA
2026-09-15 19:31:18 -0400,1,00-0039936,Thomas Yassmin,TE,GB,MIN,1.3191606252627248,0,3.8096521412124096,High,2.059672970611988,-0.10899441970419424,0.2626356525541585,-0.24988246729961017,0,0,1,NA,NA,NA,NA,NA,NA,NA,NA,NA,NA,NA,NA,NA,NA,NA,NA,NA,NA,NA,NA,NA,NA,NA,NA,NA,NA,NA,NA,NA,NA,NA,NA,NA,NA,NA,NA,NA,NA,NA,NA,NA,NA,NA,NA,NA,NA,NA
2026-09-15 19:31:18 -0400,1,00-0040240,Caleb Lohner,TE,DEN,KC,1.295955990059252,0,3.839586589986592,High,2.059672970611988,-0.12499102538611744,0.20740636514813623,-0.31698801702112595,0,0,1,NA,NA,NA,NA,NA,NA,NA,NA,NA,NA,NA,NA,NA,NA,NA,NA,NA,NA,NA,NA,NA,NA,NA,NA,NA,NA,NA,NA,NA,NA,NA,NA,NA,NA,NA,NA,NA,NA,NA,NA,NA,NA,NA,NA,NA,NA,NA
2026-09-15 19:31:18 -0400,1,00-0037078,Cole Turner,TE,MIA,LV,1.2022766123919395,0,3.8598548930164784,High,2.059672970611988,-0.0899555270672314,0.21439901575286205,-0.3839601397684913,0,0,1,NA,NA,NA,NA,NA,NA,NA,NA,NA,NA,NA,NA,NA,NA,NA,NA,NA,NA,NA,NA,NA,NA,NA,NA,NA,NA,NA,NA,NA,NA,NA,NA,NA,NA,NA,NA,NA,NA,NA,NA,NA,NA,NA,NA,NA,NA,NA
2026-09-15 19:31:18 -0400,1,00-0039855,Jalen McMillan,WR,TB,CIN,1.0903404493771074,0,4.588180549520684,Medium,3.83141508023352,-0.09241018811852864,0.8963026026215976,0,0.25,0,0.75,NA,NA,NA,NA,NA,NA,NA,NA,NA,NA,NA,NA,NA,NA,NA,NA,NA,NA,NA,NA,NA,NA,NA,NA,NA,NA,NA,NA,NA,NA,NA,NA,NA,NA,NA,NA,NA,NA,NA,NA,NA,NA,NA,NA,NA,NA,NA
2026-09-15 19:31:18 -0400,1,00-0036842,Kene Nwangwu,RB,NYJ,TEN,0.39002240331065463,0,3.602091301421811,High,3.0109528980360203,-0.5403789424492913,0.3718716516417042,-0.3371085318121402,0.25,0.75,0,NA,NA,NA,NA,NA,NA,NA,NA,NA,NA,NA,NA,NA,NA,NA,NA,NA,NA,NA,NA,NA,NA,NA,NA,NA,NA,NA,NA,NA,NA,NA,NA,NA,NA,NA,NA,NA,NA,NA,NA,NA,NA,NA,NA,NA,NA,NA
2026-09-15 19:31:18 -0400,1,00-0036212,Tua Tagovailoa,QB,ATL,PIT,0,0,0,Medium,6.009644947269335,-1.120657307340948,1.7036917808059933,-0.4358946627610523,0.5,0.25,0.25,NA,NA,NA,NA,NA,NA,NA,NA,NA,NA,NA,NA,NA,NA,NA,NA,NA,NA,NA,NA,NA,NA,NA,NA,NA,NA,NA,NA,NA,NA,NA,NA,NA,NA,NA,NA,NA,NA,NA,NA,NA,NA,NA,NA,NA,NA,NA
2026-09-15 19:31:18 -0400,1,00-0039917,Michael Penix Jr.,QB,ATL,PIT,0,0,0,Medium,6.009644947269335,-1.9372754517115287,1.7442694832522925,-0.7006382461355022,0.5,0.25,0.25,NA,NA,NA,NA,NA,NA,NA,NA,NA,NA,NA,NA,NA,NA,NA,NA,NA,NA,NA,NA,NA,NA,NA,NA,NA,NA,NA,NA,NA,NA,NA,NA,NA,NA,NA,NA,NA,NA,NA,NA,NA,NA,NA,NA,NA,NA,NA
2026-09-15 19:31:18 -0400,1,00-0037563,Malik Davis,RB,DAL,NYG,0,0,0,Medium,4.1906550461485725,-0.4164013896152322,1.0039079060662184,0.3598968554258188,0.25,0.75,0,NA,NA,NA,NA,NA,NA,NA,NA,NA,NA,NA,NA,NA,NA,NA,NA,NA,NA,NA,NA,NA,NA,NA,NA,NA,NA,NA,NA,NA,NA,NA,NA,NA,NA,NA,NA,NA,NA,NA,NA,NA,NA,NA,NA,NA,NA,NA
2026-09-15 19:31:18 -0400,1,00-0039373,Audric Estimé,RB,NO,DET,0,0,0,Medium,4.1906550461485725,-0.47553789305375954,1.0792560126057236,0.05732176057438463,0.25,0.75,0,NA,NA,NA,NA,NA,NA,NA,NA,NA,NA,NA,NA,NA,NA,NA,NA,NA,NA,NA,NA,NA,NA,NA,NA,NA,NA,NA,NA,NA,NA,NA,NA,NA,NA,NA,NA,NA,NA,NA,NA,NA,NA,NA,NA,NA,NA,NA
2026-09-15 19:31:18 -0400,1,00-0040734,TreVeyon Henderson,RB,NE,SEA,0,0,0,High,3.0109528980360203,-0.40023662569916346,0.13426130046716186,0.22922507243024087,0.25,0.75,0,NA,NA,NA,NA,NA,NA,NA,NA,NA,NA,NA,NA,NA,NA,NA,NA,NA,NA,NA,NA,NA,NA,NA,NA,NA,NA,NA,NA,NA,NA,NA,NA,NA,NA,NA,NA,NA,NA,NA,NA,NA,NA,NA,NA,NA,NA,NA
2026-09-15 19:31:18 -0400,1,00-0039338,Brock Bowers,TE,LV,MIA,0,0,0,Low,4.098783132641926,0.8341443218490026,1.522236690955456,1.4202517370889745,0,0,1,NA,NA,NA,NA,NA,NA,NA,NA,NA,NA,NA,NA,NA,NA,NA,NA,NA,NA,NA,NA,NA,NA,NA,NA,NA,NA,NA,NA,NA,NA,NA,NA,NA,NA,NA,NA,NA,NA,NA,NA,NA,NA,NA,NA,NA,NA,NA
2026-09-15 19:31:18 -0400,1,00-0041041,Oscar Delp,TE,NO,DET,0,0,0,High,2.059672970611988,0.00726954005341041,0.3979083756890198,0.3228676542972768,0,0,1,NA,NA,NA,NA,NA,NA,NA,NA,NA,NA,NA,NA,NA,NA,NA,NA,NA,NA,NA,NA,NA,NA,NA,NA,NA,NA,NA,NA,NA,NA,NA,NA,NA,NA,NA,NA,NA,NA,NA,NA,NA,NA,NA,NA,NA,NA,NA
2026-09-15 19:31:18 -0400,1,00-0041483,Eli Stowers,TE,PHI,WAS,0,0,0,Medium,2.944037017468802,0.21332673051976217,0.465321248235938,0.51863712203851,0,0,1,NA,NA,NA,NA,NA,NA,NA,NA,NA,NA,NA,NA,NA,NA,NA,NA,NA,NA,NA,NA,NA,NA,NA,NA,NA,NA,NA,NA,NA,NA,NA,NA,NA,NA,NA,NA,NA,NA,NA,NA,NA,NA,NA,NA,NA,NA,NA
2026-09-15 19:31:18 -0400,1,00-0033375,Tim Patrick,WR,NYJ,TEN,0,0,0,High,2.953609688195244,-0.17899340997556606,0.4002090416914872,0,0.25,0,0.75,NA,NA,NA,NA,NA,NA,NA,NA,NA,NA,NA,NA,NA,NA,NA,NA,NA,NA,NA,NA,NA,NA,NA,NA,NA,NA,NA,NA,NA,NA,NA,NA,NA,NA,NA,NA,NA,NA,NA,NA,NA,NA,NA,NA,NA,NA,NA
2026-09-15 19:31:28 -0400,1,00-0035700,Josh Jacobs,RB,GB,MIN,13.97862341507708,10.175057750540592,17.739848781729965,Medium,4.1906550461485725,-0.3648866899252319,0.9980858336903116,NA,0.25,0.75,0,13.97862341507708,13.97862341507708,14.464719740851542,candidate23_fppg,-0.9061204970565214,0,-0.9061204970565214,0,0,0,FALSE,NA,NA,NA,NA,NA,NA,NA,NA,NA,NA,NA,NA,NA,NA,NA,NA,NA,NA,NA,NA,NA,NA,NA,NA,NA,NA,NA,NA,NA,NA,NA,NA,NA,NA,NA,NA
2026-09-15 19:31:28 -0400,1,00-0039923,J.J. McCarthy,QB,MIN,GB,11.900290175553742,5.550738143632374,18.814568890574304,Medium,6.02852928967903,-0.3513431067979713,1.8836600156855403,NA,0.5,0.25,0.25,11.900290175553742,13.470573686118868,13.694313530863072,meta_precal_fppg,-1.79402335530933,0,-1.79402335530933,0,0,0,TRUE,NA,NA,NA,NA,NA,NA,NA,NA,NA,NA,NA,NA,NA,NA,NA,NA,NA,NA,NA,NA,NA,NA,NA,NA,NA,NA,NA,NA,NA,NA,NA,NA,NA,NA,NA,NA
2026-09-15 19:31:28 -0400,1,00-0041562,Fernando Mendoza,QB,LV,MIA,10.968777133341128,4.717499010322282,17.42066185175918,Medium,6.02852928967903,0.21603788715394184,2.299362355395026,NA,0.5,0.25,0.25,10.968777133341128,12.866703643835596,13.024204364012368,meta_precal_fppg,-2.0554272306712393,0,-2.0554272306712393,0,0,0,TRUE,NA,NA,NA,NA,NA,NA,NA,NA,NA,NA,NA,NA,NA,NA,NA,NA,NA,NA,NA,NA,NA,NA,NA,NA,NA,NA,NA,NA,NA,NA,NA,NA,NA,NA,NA,NA
2026-09-15 19:31:28 -0400,1,00-0036945,Justin Fields,QB,KC,DEN,10.543900749778064,4.112243205495209,16.403357977057567,Medium,6.02852928967903,-0.8214499613141533,2.2250837730953505,NA,0.5,0.25,0.25,10.543900749778064,12.133296739298189,12.413655444181945,meta_precal_fppg,-1.8697546944038823,0,-1.8697546944038823,0,0,0,TRUE,NA,NA,NA,NA,NA,NA,NA,NA,NA,NA,NA,NA,NA,NA,NA,NA,NA,NA,NA,NA,NA,NA,NA,NA,NA,NA,NA,NA,NA,NA,NA,NA,NA,NA,NA,NA
2026-09-15 19:31:28 -0400,1,00-0039165,Zach Charbonnet,RB,SEA,NE,9.56956297711813,5.84681672886427,13.629891897418698,Medium,4.1906550461485725,-0.2231396621009032,0.9953979404271892,NA,0.25,0.75,0,9.56956297711813,9.56956297711813,9.774571765797477,candidate23_fppg,-1.2271688024294716,0,-1.2271688024294716,0,0,0,FALSE,NA,NA,NA,NA,NA,NA,NA,NA,NA,NA,NA,NA,NA,NA,NA,NA,NA,NA,NA,NA,NA,NA,NA,NA,NA,NA,NA,NA,NA,NA,NA,NA,NA,NA,NA,NA
2026-09-15 19:31:28 -0400,1,00-0041568,Ty Simpson,QB,LA,SF,9.15112509060959,2.7555341222166185,15.661014431601975,Medium,6.02852928967903,0.02250478650327354,1.3727415572942216,NA,0.5,0.25,0.25,9.15112509060959,11.029053516627943,10.949772214322806,meta_precal_fppg,-1.7986471237132164,0,-1.7986471237132164,0,0,0,TRUE,NA,NA,NA,NA,NA,NA,NA,NA,NA,NA,NA,NA,NA,NA,NA,NA,NA,NA,NA,NA,NA,NA,NA,NA,NA,NA,NA,NA,NA,NA,NA,NA,NA,NA,NA,NA
2026-09-15 19:31:28 -0400,1,00-0032268,Marcus Mariota,QB,WAS,PHI,9.111842375915,2.7560729919164437,15.512501856062842,Medium,6.02852928967903,-1.3178849775184127,1.7679369007963437,NA,0.5,0.25,0.25,9.111842375915,11.084430986485094,10.910444385910724,meta_precal_fppg,-1.798602009995725,0,-1.798602009995725,0,0,0,TRUE,NA,NA,NA,NA,NA,NA,NA,NA,NA,NA,NA,NA,NA,NA,NA,NA,NA,NA,NA,NA,NA,NA,NA,NA,NA,NA,NA,NA,NA,NA,NA,NA,NA,NA,NA,NA
2026-09-15 19:31:28 -0400,1,00-0033869,Mitchell Trubisky,QB,TEN,NYJ,9.05693040471142,2.7491829352760493,15.35684039854501,Medium,6.02852928967903,-0.3330134968939321,0.9482692677034268,NA,0.5,0.25,0.25,9.05693040471142,10.941695058292275,11.55693040471142,meta_precal_fppg,-2.5,0,-2.5,0,0,0,TRUE,NA,NA,NA,NA,NA,NA,NA,NA,NA,NA,NA,NA,NA,NA,NA,NA,NA,NA,NA,NA,NA,NA,NA,NA,NA,NA,NA,NA,NA,NA,NA,NA,NA,NA,NA,NA
2026-09-15 19:31:28 -0400,1,00-0033553,James Conner,RB,ARI,LAC,8.76416766706064,5.062278602081857,12.002606591892947,Medium,4.1906550461485725,-0.29193477396364576,0.9444074985547872,NA,0.25,0.75,0,8.76416766706064,8.76416766706064,8.728156141934932,candidate23_fppg,-0.9775267029274431,0,-0.9775267029274431,0,0,0,FALSE,NA,NA,NA,NA,NA,NA,NA,NA,NA,NA,NA,NA,NA,NA,NA,NA,NA,NA,NA,NA,NA,NA,NA,NA,NA,NA,NA,NA,NA,NA,NA,NA,NA,NA,NA,NA
2026-09-15 19:31:28 -0400,1,00-0040398,Brady Cook,QB,MIA,LV,8.627073488107527,2.401357794708074,15.356791572174885,High,5.774060225635582,-0.4007912643888425,1.7482443861930532,NA,0.5,0.25,0.25,8.627073488107527,7.59130216063234,8.23336349163767,meta_precal_fppg,0.3937099964698581,0,0.3937099964698581,0,0,0,TRUE,NA,NA,NA,NA,NA,NA,NA,NA,NA,NA,NA,NA,NA,NA,NA,NA,NA,NA,NA,NA,NA,NA,NA,NA,NA,NA,NA,NA,NA,NA,NA,NA,NA,NA,NA,NA
2026-09-15 19:31:28 -0400,1,00-0036972,Mac Jones,QB,SF,LA,8.602298808458931,2.435838315786137,15.15986772090596,Medium,6.02852928967903,-0.3940552126393336,1.852070120304346,NA,0.5,0.25,0.25,8.602298808458931,9.664647742508627,10.517031226642017,meta_precal_fppg,-1.9147324181830832,0,-1.9147324181830832,0,0,0,TRUE,NA,NA,NA,NA,NA,NA,NA,NA,NA,NA,NA,NA,NA,NA,NA,NA,NA,NA,NA,NA,NA,NA,NA,NA,NA,NA,NA,NA,NA,NA,NA,NA,NA,NA,NA,NA
2026-09-15 19:31:28 -0400,1,00-0041029,Jordyn Tyson,WR,NO,DET,8.276110784906624,4.732008206856252,11.699101168230236,Medium,3.83141508023352,0,0.6999347400041905,NA,0.25,0,0.75,8.276110784906624,8.276110784906624,8.293858757475629,meta_precal_fppg,-0.13222361296582724,0,-0.13222361296582724,0,0,0,FALSE,NA,NA,NA,NA,NA,NA,NA,NA,NA,NA,NA,NA,NA,NA,NA,NA,NA,NA,NA,NA,NA,NA,NA,NA,NA,NA,NA,NA,NA,NA,NA,NA,NA,NA,NA,NA
2026-09-15 19:31:28 -0400,1,00-0041035,De'Zhaun Stribling,WR,SF,LA,7.944659625816545,4.1221645165072545,10.887126485794266,Medium,3.83141508023352,-0.1490859272436494,0.7183195595452638,NA,0.25,0,0.75,7.944659625816545,7.944659625816545,8.00433276501437,meta_precal_fppg,-0.16416596246402998,0,-0.16416596246402998,0,0,0,FALSE,NA,NA,NA,NA,NA,NA,NA,NA,NA,NA,NA,NA,NA,NA,NA,NA,NA,NA,NA,NA,NA,NA,NA,NA,NA,NA,NA,NA,NA,NA,NA,NA,NA,NA,NA,NA
2026-09-15 19:31:28 -0400,1,00-0039164,Anthony Richardson,QB,IND,BAL,7.339611996935123,1.1097436604964217,13.872746555498477,Medium,6.02852928967903,-2.6012733802224433,2.7106189788987134,NA,0.5,0.25,0.25,7.339611996935123,7.999279225737968,8.867502112026077,meta_precal_fppg,-1.5278901150909547,0,-1.5278901150909547,0,0,0,TRUE,NA,NA,NA,NA,NA,NA,NA,NA,NA,NA,NA,NA,NA,NA,NA,NA,NA,NA,NA,NA,NA,NA,NA,NA,NA,NA,NA,NA,NA,NA,NA,NA,NA,NA,NA,NA
2026-09-15 19:31:28 -0400,1,00-0040014,Kyle McCord,QB,MIA,LV,6.9698397312901434,0.5978967071016886,13.47747430659166,High,5.774060225635582,-1.380755364528916,0.9325104873783056,NA,0.5,0.25,0.25,6.9698397312901434,8.071271919231862,8.400150630985182,meta_precal_fppg,-1.4303108996950389,0,-1.4303108996950389,0,0,0,TRUE,NA,NA,NA,NA,NA,NA,NA,NA,NA,NA,NA,NA,NA,NA,NA,NA,NA,NA,NA,NA,NA,NA,NA,NA,NA,NA,NA,NA,NA,NA,NA,NA,NA,NA,NA,NA
2026-09-15 19:31:28 -0400,1,00-0033906,Alvin Kamara,RB,NO,DET,6.864322175598016,3.005185358855506,10.28489391615058,Low,5.339770194966193,0,1.4154423007979182,NA,0.25,0.75,0,6.864322175598016,6.864322175598016,8.265854108926748,candidate23_fppg,0.5760284318118368,0,0.5760284318118368,0,0,0,FALSE,NA,NA,NA,NA,NA,NA,NA,NA,NA,NA,NA,NA,NA,NA,NA,NA,NA,NA,NA,NA,NA,NA,NA,NA,NA,NA,NA,NA,NA,NA,NA,NA,NA,NA,NA,NA
2026-09-15 19:31:28 -0400,1,00-0026158,Joe Flacco,QB,CIN,TB,6.619233647701756,0.4290523811728773,13.22733880578076,Low,6.382462858778202,-1.507215033485584,3.448905766264126,NA,0.5,0.25,0.25,6.619233647701756,8.02692444207262,8.793973319376084,meta_precal_fppg,-2.1747396716743284,0,-2.1747396716743284,0,0,0,TRUE,NA,NA,NA,NA,NA,NA,NA,NA,NA,NA,NA,NA,NA,NA,NA,NA,NA,NA,NA,NA,NA,NA,NA,NA,NA,NA,NA,NA,NA,NA,NA,NA,NA,NA,NA,NA
2026-09-15 19:31:28 -0400,1,00-0041561,Carson Beck,QB,ARI,LAC,6.600065669267934,0.534918336151561,12.518726441426358,Medium,6.02852928967903,-1.3315031952848302,1.915092498836726,NA,0.5,0.25,0.25,6.600065669267934,8.254764050194286,8.690997316174538,meta_precal_fppg,-2.0909316469066046,0,-2.0909316469066046,0,0,0,TRUE,NA,NA,NA,NA,NA,NA,NA,NA,NA,NA,NA,NA,NA,NA,NA,NA,NA,NA,NA,NA,NA,NA,NA,NA,NA,NA,NA,NA,NA,NA,NA,NA,NA,NA,NA,NA
2026-09-15 19:31:28 -0400,1,00-0039921,Trey Benson,RB,ARI,LAC,6.226065835779981,2.460501267277144,9.788750108240656,Low,5.339770194966193,-0.2559991229950878,1.1917637758007416,NA,0.25,0.75,0,6.226065835779981,6.226065835779981,6.006609367135303,candidate23_fppg,-0.097708734717022,0,-0.097708734717022,0,0,0,FALSE,NA,NA,NA,NA,NA,NA,NA,NA,NA,NA,NA,NA,NA,NA,NA,NA,NA,NA,NA,NA,NA,NA,NA,NA,NA,NA,NA,NA,NA,NA,NA,NA,NA,NA,NA,NA
2026-09-15 19:31:28 -0400,1,00-0039391,Kimani Vidal,RB,LAC,ARI,5.940086179566389,2.103529684532882,9.66331836060445,Low,5.339770194966193,0,1.2113001001624115,NA,0.25,0.75,0,5.940086179566389,5.940086179566389,6.30465765128711,candidate23_fppg,0.1851597094241715,0,0.1851597094241715,0,0,0,FALSE,NA,NA,NA,NA,NA,NA,NA,NA,NA,NA,NA,NA,NA,NA,NA,NA,NA,NA,NA,NA,NA,NA,NA,NA,NA,NA,NA,NA,NA,NA,NA,NA,NA,NA,NA,NA
2026-09-15 19:31:28 -0400,1,00-0036893,Najee Harris,RB,NYG,DAL,5.66806205895401,1.9148115785874589,9.18155053063148,Medium,4.1906550461485725,0,1.1255106364068657,NA,0.25,0.75,0,5.66806205895401,5.66806205895401,5.529769474691587,candidate23_fppg,-0.1298954622174898,0,-0.1298954622174898,0,0,0,FALSE,NA,NA,NA,NA,NA,NA,NA,NA,NA,NA,NA,NA,NA,NA,NA,NA,NA,NA,NA,NA,NA,NA,NA,NA,NA,NA,NA,NA,NA,NA,NA,NA,NA,NA,NA,NA
2026-09-15 19:31:28 -0400,1,00-0039916,Ricky Pearsall,WR,SF,LA,5.2121776990887625,1.495274918236235,8.78719456242976,Medium,3.83141508023352,-0.09241018811852864,0.8919486364573933,NA,0.25,0,0.75,5.2121776990887625,5.2121776990887625,5.117958178024323,meta_precal_fppg,-0.5653483270185079,0,-0.5653483270185079,0,0,0,FALSE,NA,NA,NA,NA,NA,NA,NA,NA,NA,NA,NA,NA,NA,NA,NA,NA,NA,NA,NA,NA,NA,NA,NA,NA,NA,NA,NA,NA,NA,NA,NA,NA,NA,NA,NA,NA
2026-09-15 19:31:28 -0400,1,00-0035289,Gardner Minshew,QB,ARI,LAC,5.20377329658298,0,11.650988093842027,High,5.774060225635582,-0.4802270842117016,1.102339469799349,NA,0.5,0.25,0.25,5.20377329658298,5.452531191345714,5.667253733706365,meta_precal_fppg,-0.46348043712338416,0,-0.46348043712338416,0,0,0,TRUE,NA,NA,NA,NA,NA,NA,NA,NA,NA,NA,NA,NA,NA,NA,NA,NA,NA,NA,NA,NA,NA,NA,NA,NA,NA,NA,NA,NA,NA,NA,NA,NA,NA,NA,NA,NA
2026-09-15 19:31:28 -0400,1,00-0031503,Jameis Winston,QB,NYG,DAL,5.15623416156853,0,11.53581571934027,Medium,6.02852928967903,-0.7034039781134764,1.598768650818277,NA,0.5,0.25,0.25,5.15623416156853,8.355998403823673,7.457931574578168,meta_precal_fppg,-2.301697413009638,0,-2.301697413009638,0,0,0,TRUE,NA,NA,NA,NA,NA,NA,NA,NA,NA,NA,NA,NA,NA,NA,NA,NA,NA,NA,NA,NA,NA,NA,NA,NA,NA,NA,NA,NA,NA,NA,NA,NA,NA,NA,NA,NA
2026-09-15 19:31:28 -0400,1,00-0041489,Germie Bernard,WR,PIT,ATL,5.104935937428676,1.4189334790541337,8.46257212856549,Medium,3.83141508023352,-0.02142709765252242,0.944647106042939,NA,0.25,0,0.75,5.104935937428676,5.104935937428676,4.995178020187964,meta_precal_fppg,-0.07818385837315078,0,-0.07818385837315078,0,0,0,FALSE,NA,NA,NA,NA,NA,NA,NA,NA,NA,NA,NA,NA,NA,NA,NA,NA,NA,NA,NA,NA,NA,NA,NA,NA,NA,NA,NA,NA,NA,NA,NA,NA,NA,NA,NA,NA
2026-09-15 19:31:28 -0400,1,00-0037329,Brittain Brown,RB,CHI,CAR,4.989073031683525,1.1546968674706155,9.162342411037857,Medium,4.1906550461485725,0,0.730128921282064,NA,0.25,0.75,0,4.989073031683525,4.989073031683525,4.793223982839606,candidate23_fppg,-1.537068393129407,0,-1.537068393129407,0,0,0,FALSE,NA,NA,NA,NA,NA,NA,NA,NA,NA,NA,NA,NA,NA,NA,NA,NA,NA,NA,NA,NA,NA,NA,NA,NA,NA,NA,NA,NA,NA,NA,NA,NA,NA,NA,NA,NA
2026-09-15 19:31:28 -0400,1,00-0037197,Isiah Pacheco,RB,DET,NO,4.881066251099577,1.1650487860050656,8.784410536317353,Low,5.339770194966193,0,1.2388368414535038,NA,0.25,0.75,0,4.881066251099577,4.881066251099577,5.427793454834492,candidate23_fppg,0.3942798062659488,0,0.3942798062659488,0,0,0,FALSE,NA,NA,NA,NA,NA,NA,NA,NA,NA,NA,NA,NA,NA,NA,NA,NA,NA,NA,NA,NA,NA,NA,NA,NA,NA,NA,NA,NA,NA,NA,NA,NA,NA,NA,NA,NA
2026-09-15 19:31:28 -0400,1,00-0040704,Dillon Gabriel,QB,CLE,JAX,4.879563734408345,0,11.580721918132674,High,5.774060225635582,-2.304409691447201,1.0618417633610526,NA,0.5,0.25,0.25,4.879563734408345,6.284882160861324,5.990411917282497,meta_precal_fppg,-1.110848182874152,0,-1.110848182874152,0,0,0,TRUE,NA,NA,NA,NA,NA,NA,NA,NA,NA,NA,NA,NA,NA,NA,NA,NA,NA,NA,NA,NA,NA,NA,NA,NA,NA,NA,NA,NA,NA,NA,NA,NA,NA,NA,NA,NA
2026-09-15 19:31:28 -0400,1,00-0039376,Spencer Rattler,QB,NO,DET,4.877843476747061,0,11.581988467865049,High,5.774060225635582,-1.2545255947066274,0.9635075710072812,NA,0.5,0.25,0.25,4.877843476747061,6.460416708696103,6.0813185559525,meta_precal_fppg,-1.203475079205439,0,-1.203475079205439,0,0,0,TRUE,NA,NA,NA,NA,NA,NA,NA,NA,NA,NA,NA,NA,NA,NA,NA,NA,NA,NA,NA,NA,NA,NA,NA,NA,NA,NA,NA,NA,NA,NA,NA,NA,NA,NA,NA,NA
2026-09-15 19:31:28 -0400,1,00-0037013,Zach Wilson,QB,NO,DET,4.858986174897884,0,11.10113176754573,High,5.774060225635582,-1.1216671014390551,1.5192872481931277,NA,0.5,0.25,0.25,4.858986174897884,6.289621210201821,6.092946818999845,meta_precal_fppg,-1.2339606441019613,0,-1.2339606441019613,0,0,0,TRUE,NA,NA,NA,NA,NA,NA,NA,NA,NA,NA,NA,NA,NA,NA,NA,NA,NA,NA,NA,NA,NA,NA,NA,NA,NA,NA,NA,NA,NA,NA,NA,NA,NA,NA,NA,NA
2026-09-15 19:31:28 -0400,1,00-0041194,Jack Strand,QB,ATL,PIT,4.721024422010199,0,11.180112917338835,Medium,6.02852928967903,-1.6957999061674371,1.5435957147290422,NA,0.5,0.25,0.25,4.721024422010199,6.295691342295916,6.4438265375322334,meta_precal_fppg,-1.7228021155220348,0,-1.7228021155220348,0,0,0,TRUE,NA,NA,NA,NA,NA,NA,NA,NA,NA,NA,NA,NA,NA,NA,NA,NA,NA,NA,NA,NA,NA,NA,NA,NA,NA,NA,NA,NA,NA,NA,NA,NA,NA,NA,NA,NA
2026-09-15 19:31:28 -0400,1,00-0039798,Isaiah Davis,RB,NYJ,TEN,4.709652125705691,0.6981115528594335,8.411257723276236,Medium,4.1906550461485725,-0.06514913880695673,0.6221183967364532,NA,0.25,0.75,0,4.709652125705691,4.709652125705691,4.56657631653276,candidate23_fppg,-0.01739585443665334,0,-0.01739585443665334,0,0,0,FALSE,NA,NA,NA,NA,NA,NA,NA,NA,NA,NA,NA,NA,NA,NA,NA,NA,NA,NA,NA,NA,NA,NA,NA,NA,NA,NA,NA,NA,NA,NA,NA,NA,NA,NA,NA,NA
2026-09-15 19:31:28 -0400,1,00-0040668,Shedeur Sanders,QB,CLE,JAX,4.693468177232596,0,11.42912586595699,High,5.774060225635582,-2.304409691447201,1.2267040192429923,NA,0.5,0.25,0.25,4.693468177232596,6.2870258579910185,6.007153400323883,meta_precal_fppg,-1.3136852230912872,0,-1.3136852230912872,0,0,0,TRUE,NA,NA,NA,NA,NA,NA,NA,NA,NA,NA,NA,NA,NA,NA,NA,NA,NA,NA,NA,NA,NA,NA,NA,NA,NA,NA,NA,NA,NA,NA,NA,NA,NA,NA,NA,NA
2026-09-15 19:31:28 -0400,1,00-0041565,Drew Allar,QB,PIT,ATL,4.676198164953275,0,11.31933066268883,Medium,6.02852928967903,-0.965010673850572,2.2717182913027454,NA,0.5,0.25,0.25,4.676198164953275,6.581621747621428,7.0247061537891105,meta_precal_fppg,-2.348507988835835,0,-2.348507988835835,0,0,0,TRUE,NA,NA,NA,NA,NA,NA,NA,NA,NA,NA,NA,NA,NA,NA,NA,NA,NA,NA,NA,NA,NA,NA,NA,NA,NA,NA,NA,NA,NA,NA,NA,NA,NA,NA,NA,NA
2026-09-15 19:31:28 -0400,1,00-0040718,Travis Hunter,WR,JAX,CLE,4.658645488304468,1.1111472465278909,8.267011598800714,Medium,3.83141508023352,0,0.9143372750200446,NA,0.25,0,0.75,4.658645488304468,4.658645488304468,4.544388990131062,meta_precal_fppg,-0.0634273368077038,0,-0.0634273368077038,0,0,0,FALSE,NA,NA,NA,NA,NA,NA,NA,NA,NA,NA,NA,NA,NA,NA,NA,NA,NA,NA,NA,NA,NA,NA,NA,NA,NA,NA,NA,NA,NA,NA,NA,NA,NA,NA,NA,NA
2026-09-15 19:31:28 -0400,1,00-0040130,Jayden Higgins,WR,HOU,BUF,4.5556008084666875,0.8023986298457279,7.352881636960655,Medium,3.83141508023352,-0.16374620103109114,0.9380616567211124,NA,0.25,0,0.75,4.5556008084666875,4.5556008084666875,4.417815027448695,meta_precal_fppg,-0.69001017050565,0,-0.69001017050565,0,0,0,FALSE,NA,NA,NA,NA,NA,NA,NA,NA,NA,NA,NA,NA,NA,NA,NA,NA,NA,NA,NA,NA,NA,NA,NA,NA,NA,NA,NA,NA,NA,NA,NA,NA,NA,NA,NA,NA
2026-09-15 19:31:28 -0400,1,00-0037157,Bam Knight,RB,ARI,LAC,4.4781044063185425,0.7426138599669518,8.001372917773985,Medium,4.1906550461485725,-0.31855355602378443,0.9501523338215226,NA,0.25,0.75,0,4.4781044063185425,4.4781044063185425,4.320291317428355,candidate23_fppg,-0.38940904692999345,0,-0.38940904692999345,0,0,0,FALSE,NA,NA,NA,NA,NA,NA,NA,NA,NA,NA,NA,NA,NA,NA,NA,NA,NA,NA,NA,NA,NA,NA,NA,NA,NA,NA,NA,NA,NA,NA,NA,NA,NA,NA,NA,NA
2026-09-15 19:31:28 -0400,1,00-0040202,Devin Neal,RB,NO,DET,4.422794601938717,0.783603913000757,8.455034626040073,Medium,4.1906550461485725,-0.3850073796981304,0.9639563098103416,NA,0.25,0.75,0,4.422794601938717,4.422794601938717,4.502290528969175,candidate23_fppg,-0.1922220063538662,0,-0.1922220063538662,0,0,0,FALSE,NA,NA,NA,NA,NA,NA,NA,NA,NA,NA,NA,NA,NA,NA,NA,NA,NA,NA,NA,NA,NA,NA,NA,NA,NA,NA,NA,NA,NA,NA,NA,NA,NA,NA,NA,NA
2026-09-15 19:31:28 -0400,1,00-0041056,Cade Klubnik,QB,NYJ,TEN,4.395494397899494,0,11.102213917072437,Medium,6.02852928967903,-1.2209976994477263,1.6659205567142492,NA,0.5,0.25,0.25,4.395494397899494,6.975282978480619,6.304329514388716,meta_precal_fppg,-1.908835116489222,0,-1.908835116489222,0,0,0,TRUE,NA,NA,NA,NA,NA,NA,NA,NA,NA,NA,NA,NA,NA,NA,NA,NA,NA,NA,NA,NA,NA,NA,NA,NA,NA,NA,NA,NA,NA,NA,NA,NA,NA,NA,NA,NA
2026-09-15 19:31:28 -0400,1,00-0038579,Aidan O'Connell,QB,LV,MIA,4.340349622646683,0,10.670443096252026,High,5.774060225635582,0.2250729839324822,1.0090655436619311,NA,0.5,0.25,0.25,4.340349622646683,7.0857217654060545,6.191530331530248,meta_precal_fppg,-1.8511807088835648,0,-1.8511807088835648,0,0,0,TRUE,NA,NA,NA,NA,NA,NA,NA,NA,NA,NA,NA,NA,NA,NA,NA,NA,NA,NA,NA,NA,NA,NA,NA,NA,NA,NA,NA,NA,NA,NA,NA,NA,NA,NA,NA,NA
2026-09-15 19:31:28 -0400,1,00-0034837,Calvin Ridley,WR,TEN,NYJ,4.3143641959526935,0.6414751011704433,7.452078743056348,Medium,3.83141508023352,-2.0948992316008535e-5,0.8246692611971205,NA,0.25,0,0.75,4.3143641959526935,4.3143641959526935,4.188409257414536,meta_precal_fppg,-0.4383123712980256,0,-0.4383123712980256,0,0,0,FALSE,NA,NA,NA,NA,NA,NA,NA,NA,NA,NA,NA,NA,NA,NA,NA,NA,NA,NA,NA,NA,NA,NA,NA,NA,NA,NA,NA,NA,NA,NA,NA,NA,NA,NA,NA,NA
2026-09-15 19:31:28 -0400,1,00-0041092,Taylen Green,QB,CLE,JAX,4.25702395469594,0,10.979577731352292,High,5.774060225635582,-2.304409691447201,0.8413335531173122,NA,0.5,0.25,0.25,4.25702395469594,6.094889359775622,5.913874002264562,meta_precal_fppg,-1.656850047568621,0,-1.656850047568621,0,0,0,TRUE,NA,NA,NA,NA,NA,NA,NA,NA,NA,NA,NA,NA,NA,NA,NA,NA,NA,NA,NA,NA,NA,NA,NA,NA,NA,NA,NA,NA,NA,NA,NA,NA,NA,NA,NA,NA
2026-09-15 19:31:28 -0400,1,00-0035537,Ty Johnson,RB,BUF,HOU,4.189037840980537,0.38608552667805385,7.650179320476747,High,3.0109528980360203,-0.3036201485187951,0.6132462117719504,NA,0.25,0.75,0,4.189037840980537,4.189037840980537,4.899960525184307,candidate23_fppg,-0.8651135878647825,0,-0.8651135878647825,0,0,0,FALSE,NA,NA,NA,NA,NA,NA,NA,NA,NA,NA,NA,NA,NA,NA,NA,NA,NA,NA,NA,NA,NA,NA,NA,NA,NA,NA,NA,NA,NA,NA,NA,NA,NA,NA,NA,NA
2026-09-15 19:31:28 -0400,1,00-0035662,Marquise Brown,WR,PHI,WAS,4.090428119386948,0.5398528892730431,7.149076993820895,High,2.953609688195244,-0.07135696190487849,0.47571255982325267,NA,0.25,0,0.75,4.090428119386948,4.090428119386948,4.00926039616194,meta_precal_fppg,-0.5150269155662632,0,-0.5150269155662632,0,0,0,FALSE,NA,NA,NA,NA,NA,NA,NA,NA,NA,NA,NA,NA,NA,NA,NA,NA,NA,NA,NA,NA,NA,NA,NA,NA,NA,NA,NA,NA,NA,NA,NA,NA,NA,NA,NA,NA
2026-09-15 19:31:28 -0400,1,00-0037837,Calvin Austin III,WR,NYG,DAL,4.049021600288393,0.4848662919773328,6.847588469644083,Medium,3.83141508023352,-0.03027410603013677,0.5209258525210961,NA,0.25,0,0.75,4.049021600288393,4.049021600288393,3.9761351808830954,meta_precal_fppg,-0.4504612767222105,0,-0.4504612767222105,0,0,0,FALSE,NA,NA,NA,NA,NA,NA,NA,NA,NA,NA,NA,NA,NA,NA,NA,NA,NA,NA,NA,NA,NA,NA,NA,NA,NA,NA,NA,NA,NA,NA,NA,NA,NA,NA,NA,NA
2026-09-15 19:31:28 -0400,1,00-0038679,Tyrell Shavers,WR,BUF,HOU,4.024018568439295,0.6818834530610773,7.715003310882052,High,2.953609688195244,-0.02639376946147276,0.4066306689317446,NA,0.25,0,0.75,4.024018568439295,4.024018568439295,3.9561327554038175,meta_precal_fppg,-0.5328232086144133,0,-0.5328232086144133,0,0,0,FALSE,NA,NA,NA,NA,NA,NA,NA,NA,NA,NA,NA,NA,NA,NA,NA,NA,NA,NA,NA,NA,NA,NA,NA,NA,NA,NA,NA,NA,NA,NA,NA,NA,NA,NA,NA,NA
2026-09-15 19:31:28 -0400,1,00-0040206,Riley Leonard,QB,IND,BAL,3.9753500393154697,0,10.163772662347805,Medium,6.02852928967903,-2.6012733802224433,1.303180542643251,NA,0.5,0.25,0.25,3.9753500393154697,6.483464213189807,6.142817099283338,meta_precal_fppg,-2.1674670599678683,0,-2.1674670599678683,0,0,0,TRUE,NA,NA,NA,NA,NA,NA,NA,NA,NA,NA,NA,NA,NA,NA,NA,NA,NA,NA,NA,NA,NA,NA,NA,NA,NA,NA,NA,NA,NA,NA,NA,NA,NA,NA,NA,NA
2026-09-15 19:31:28 -0400,1,00-0040782,Isaiah Bond,WR,CLE,JAX,3.914627108834766,0.4194437781514963,7.42711881222365,High,2.953609688195244,-0.20611894630622596,0.4717631037081577,NA,0.25,0,0.75,3.914627108834766,3.914627108834766,3.8686195877201945,meta_precal_fppg,-0.5013371399760083,0,-0.5013371399760083,0,0,0,FALSE,NA,NA,NA,NA,NA,NA,NA,NA,NA,NA,NA,NA,NA,NA,NA,NA,NA,NA,NA,NA,NA,NA,NA,NA,NA,NA,NA,NA,NA,NA,NA,NA,NA,NA,NA,NA
2026-09-15 19:31:28 -0400,1,00-0037614,John Metchie III,WR,CAR,CHI,3.852854590106343,0.09700890447691002,6.9525864495732055,High,2.953609688195244,0,0.4627255056910911,NA,0.25,0,0.75,3.852854590106343,3.852854590106343,3.808768788081144,meta_precal_fppg,-0.40999022298469767,0,-0.40999022298469767,0,0,0,FALSE,NA,NA,NA,NA,NA,NA,NA,NA,NA,NA,NA,NA,NA,NA,NA,NA,NA,NA,NA,NA,NA,NA,NA,NA,NA,NA,NA,NA,NA,NA,NA,NA,NA,NA,NA,NA
2026-09-15 19:31:28 -0400,1,00-0035535,Darius Slayton,WR,NYG,DAL,3.830123130056186,0.10710474711887276,7.240320380758122,High,2.953609688195244,-0.07965008704197085,0.39293925748425057,NA,0.25,0,0.75,3.830123130056186,3.830123130056186,3.790583620041019,meta_precal_fppg,-0.381875549531746,0,-0.381875549531746,0,0,0,FALSE,NA,NA,NA,NA,NA,NA,NA,NA,NA,NA,NA,NA,NA,NA,NA,NA,NA,NA,NA,NA,NA,NA,NA,NA,NA,NA,NA,NA,NA,NA,NA,NA,NA,NA,NA,NA
2026-09-15 19:31:28 -0400,1,00-0041117,Athan Kaliakmanis,QB,WAS,PHI,3.733890640120605,0,10.1829063816073,High,5.774060225635582,-2.035933020657734,1.43251469584867,NA,0.5,0.25,0.25,3.733890640120605,5.877924255247145,5.420722135728751,meta_precal_fppg,-1.6868314956081465,0,-1.6868314956081465,0,0,0,TRUE,NA,NA,NA,NA,NA,NA,NA,NA,NA,NA,NA,NA,NA,NA,NA,NA,NA,NA,NA,NA,NA,NA,NA,NA,NA,NA,NA,NA,NA,NA,NA,NA,NA,NA,NA,NA
2026-09-15 19:31:28 -0400,1,00-0040589,Kurtis Rourke,QB,SF,LA,3.703289938743315,0,10.42678046355036,High,5.774060225635582,-0.26798660402498936,0.8576898855944953,NA,0.5,0.25,0.25,3.703289938743315,6.2116019319433295,5.3851477629310764,meta_precal_fppg,-1.6818578241877615,0,-1.6818578241877615,0,0,0,TRUE,NA,NA,NA,NA,NA,NA,NA,NA,NA,NA,NA,NA,NA,NA,NA,NA,NA,NA,NA,NA,NA,NA,NA,NA,NA,NA,NA,NA,NA,NA,NA,NA,NA,NA,NA,NA
2026-09-15 19:31:28 -0400,1,00-0040078,Brashard Smith,RB,KC,DEN,3.645185968417927,0,7.591465942673309,Medium,4.1906550461485725,0,0.9179623843837568,NA,0.25,0.75,0,3.645185968417927,3.645185968417927,3.6762474434914263,candidate23_fppg,-0.10082829154206847,0,-0.10082829154206847,0,0,0,FALSE,NA,NA,NA,NA,NA,NA,NA,NA,NA,NA,NA,NA,NA,NA,NA,NA,NA,NA,NA,NA,NA,NA,NA,NA,NA,NA,NA,NA,NA,NA,NA,NA,NA,NA,NA,NA
2026-09-15 19:31:28 -0400,1,00-0034775,Christian Kirk,WR,SF,LA,3.602416847037641,0,6.952866728019143,Medium,3.83141508023352,-0.12590587891038407,0.7696511308854836,NA,0.25,0,0.75,3.602416847037641,3.602416847037641,3.5562737358887246,meta_precal_fppg,-0.420786966564047,0,-0.420786966564047,0,0,0,FALSE,NA,NA,NA,NA,NA,NA,NA,NA,NA,NA,NA,NA,NA,NA,NA,NA,NA,NA,NA,NA,NA,NA,NA,NA,NA,NA,NA,NA,NA,NA,NA,NA,NA,NA,NA,NA
2026-09-15 19:31:28 -0400,1,00-0037112,Jake Tonges,TE,SF,LA,3.593681904644347,0.7022584201106621,6.2217163666413775,Medium,2.9209272089877576,0.07609567581077108,0.5875480103694705,NA,0,0,1,3.593681904644347,4.8585754270743315,4.9635404871335975,honest22_fppg,-1.3698585824892504,0,-1.3698585824892504,0,0,0,TRUE,NA,NA,NA,NA,NA,NA,NA,NA,NA,NA,NA,NA,NA,NA,NA,NA,NA,NA,NA,NA,NA,NA,NA,NA,NA,NA,NA,NA,NA,NA,NA,NA,NA,NA,NA,NA
2026-09-15 19:31:28 -0400,1,00-0040648,Tory Horton,WR,SEA,NE,3.5638855738579163,0,7.040593557983542,Medium,3.83141508023352,-0.19125661319222323,0.7094152004637893,NA,0.25,0,0.75,3.5638855738579163,3.5638855738579163,4.091163146636303,meta_precal_fppg,-1.0803386641424806,0,-1.0803386641424806,0,0,0,FALSE,NA,NA,NA,NA,NA,NA,NA,NA,NA,NA,NA,NA,NA,NA,NA,NA,NA,NA,NA,NA,NA,NA,NA,NA,NA,NA,NA,NA,NA,NA,NA,NA,NA,NA,NA,NA
2026-09-15 19:31:28 -0400,1,00-0040964,EJ Smith,RB,KC,DEN,3.5420666471148063,0,7.19581000839578,High,3.0109528980360203,0,0.5029214330645785,NA,0.25,0.75,0,3.5420666471148063,3.5420666471148063,3.670040263477387,candidate23_fppg,-0.22103891182362875,0,-0.22103891182362875,0,0,0,FALSE,NA,NA,NA,NA,NA,NA,NA,NA,NA,NA,NA,NA,NA,NA,NA,NA,NA,NA,NA,NA,NA,NA,NA,NA,NA,NA,NA,NA,NA,NA,NA,NA,NA,NA,NA,NA
2026-09-15 19:31:28 -0400,1,00-0033955,Jeremy McNichols,RB,WAS,PHI,3.4702352161150727,0,6.994379629025559,Medium,4.1906550461485725,-0.4002231650643575,0.891696711948267,NA,0.25,0.75,0,3.4702352161150727,3.4702352161150727,3.5274105457784564,candidate23_fppg,0.00421370583432559,0,0.00421370583432559,0,0,0,FALSE,NA,NA,NA,NA,NA,NA,NA,NA,NA,NA,NA,NA,NA,NA,NA,NA,NA,NA,NA,NA,NA,NA,NA,NA,NA,NA,NA,NA,NA,NA,NA,NA,NA,NA,NA,NA
2026-09-15 19:31:28 -0400,1,00-0034577,Kyle Allen,QB,BUF,HOU,3.4578310449057796,0,10.049658264451764,High,5.774060225635582,-0.11768846099117758,0.5114395124100752,NA,0.5,0.25,0.25,3.4578310449057796,5.966851510043628,5.26207696077248,meta_precal_fppg,-1.8042459158667,0,-1.8042459158667,0,0,0,TRUE,NA,NA,NA,NA,NA,NA,NA,NA,NA,NA,NA,NA,NA,NA,NA,NA,NA,NA,NA,NA,NA,NA,NA,NA,NA,NA,NA,NA,NA,NA,NA,NA,NA,NA,NA,NA
2026-09-15 19:31:28 -0400,1,00-0039355,Luke McCaffrey,WR,WAS,PHI,3.3246941129673013,0,6.3457258178390825,Low,4.973519690779636,-0.18819245425684075,1.0067388827471484,NA,0.25,0,0.75,3.3246941129673013,3.3246941129673013,3.247571264267109,meta_precal_fppg,-1.5297357727628895,0,-1.5297357727628895,0,0,0,FALSE,NA,NA,NA,NA,NA,NA,NA,NA,NA,NA,NA,NA,NA,NA,NA,NA,NA,NA,NA,NA,NA,NA,NA,NA,NA,NA,NA,NA,NA,NA,NA,NA,NA,NA,NA,NA
2026-09-15 19:31:28 -0400,1,00-0036879,Sam Ehlinger,QB,DEN,KC,3.264426425119665,0,9.73499082817375,High,5.774060225635582,-2.013646939469846,0.9678934173867532,NA,0.5,0.25,0.25,3.264426425119665,5.548579310143493,5.138143931881649,meta_precal_fppg,-1.873717506761984,0,-1.873717506761984,0,0,0,TRUE,NA,NA,NA,NA,NA,NA,NA,NA,NA,NA,NA,NA,NA,NA,NA,NA,NA,NA,NA,NA,NA,NA,NA,NA,NA,NA,NA,NA,NA,NA,NA,NA,NA,NA,NA,NA
2026-09-15 19:31:28 -0400,1,00-0028118,Tyrod Taylor,QB,GB,MIN,3.1994849398649094,0,9.764580588791862,Medium,6.02852928967903,-0.7600292272968667,1.6587797411110738,NA,0.5,0.25,0.25,3.1994849398649094,6.022277146585673,4.8811043877728535,meta_precal_fppg,-1.6816194479079445,0,-1.6816194479079445,0,0,0,TRUE,NA,NA,NA,NA,NA,NA,NA,NA,NA,NA,NA,NA,NA,NA,NA,NA,NA,NA,NA,NA,NA,NA,NA,NA,NA,NA,NA,NA,NA,NA,NA,NA,NA,NA,NA,NA
2026-09-15 19:31:28 -0400,1,00-0035264,Jarrett Stidham,QB,DEN,KC,3.188342007965755,0,9.70119144222802,High,5.774060225635582,-2.013646939469846,0.8284575066981723,NA,0.5,0.25,0.25,3.188342007965755,5.347124509001986,4.997434114401262,meta_precal_fppg,-1.8090921064355068,0,-1.8090921064355068,0,0,0,TRUE,NA,NA,NA,NA,NA,NA,NA,NA,NA,NA,NA,NA,NA,NA,NA,NA,NA,NA,NA,NA,NA,NA,NA,NA,NA,NA,NA,NA,NA,NA,NA,NA,NA,NA,NA,NA
2026-09-15 19:31:28 -0400,1,00-0038476,Tommy DeVito,QB,NE,SEA,3.1485268051208477,0,9.71874874810933,High,5.774060225635582,-2.590030205215961,0.8781988340404534,NA,0.5,0.25,0.25,3.1485268051208477,5.094349765515325,4.865220178238225,meta_precal_fppg,-1.7166933731173777,0,-1.7166933731173777,0,0,0,TRUE,NA,NA,NA,NA,NA,NA,NA,NA,NA,NA,NA,NA,NA,NA,NA,NA,NA,NA,NA,NA,NA,NA,NA,NA,NA,NA,NA,NA,NA,NA,NA,NA,NA,NA,NA,NA
2026-09-15 19:31:28 -0400,1,00-0041123,Behren Morton,QB,NE,SEA,3.1464354036547433,0,10.098825246758809,High,5.774060225635582,-2.779632009499271,1.0330162934020002,NA,0.5,0.25,0.25,3.1464354036547433,5.0884660028504065,4.882443946958033,meta_precal_fppg,-1.73600854330329,0,-1.73600854330329,0,0,0,TRUE,NA,NA,NA,NA,NA,NA,NA,NA,NA,NA,NA,NA,NA,NA,NA,NA,NA,NA,NA,NA,NA,NA,NA,NA,NA,NA,NA,NA,NA,NA,NA,NA,NA,NA,NA,NA
2026-09-15 19:31:28 -0400,1,00-0035406,Lil'Jordan Humphrey,WR,DEN,KC,3.071808842524677,0,6.073736310704354,Medium,3.83141508023352,-0.14538546032718336,0.5392579993165095,NA,0.25,0,0.75,3.071808842524677,3.071808842524677,2.995587656284403,meta_precal_fppg,-0.4610532923338159,0,-0.4610532923338159,0,0,0,FALSE,NA,NA,NA,NA,NA,NA,NA,NA,NA,NA,NA,NA,NA,NA,NA,NA,NA,NA,NA,NA,NA,NA,NA,NA,NA,NA,NA,NA,NA,NA,NA,NA,NA,NA,NA,NA
2026-09-15 19:31:28 -0400,1,00-0036849,Tutu Atwell,WR,LA,SF,3.0700940950716045,0,6.293314290295701,High,2.953609688195244,0,0.48444872250201504,NA,0.25,0,0.75,3.0700940950716045,3.0700940950716045,2.994215858321945,meta_precal_fppg,-0.8585401088741483,0,-0.8585401088741483,0,0,0,FALSE,NA,NA,NA,NA,NA,NA,NA,NA,NA,NA,NA,NA,NA,NA,NA,NA,NA,NA,NA,NA,NA,NA,NA,NA,NA,NA,NA,NA,NA,NA,NA,NA,NA,NA,NA,NA
2026-09-15 19:31:28 -0400,1,00-0040886,Nicholas Singleton,RB,TEN,NYJ,3.0674371168816497,0,6.6892487050931155,High,3.0109528980360203,0,0.39620089687282134,NA,0.25,0.75,0,3.0674371168816497,3.0674371168816497,2.896927777236232,candidate23_fppg,-0.26729515687693084,0,-0.26729515687693084,0,0,0,FALSE,NA,NA,NA,NA,NA,NA,NA,NA,NA,NA,NA,NA,NA,NA,NA,NA,NA,NA,NA,NA,NA,NA,NA,NA,NA,NA,NA,NA,NA,NA,NA,NA,NA,NA,NA,NA
2026-09-15 19:31:28 -0400,1,00-0037666,Jalen Tolbert,WR,MIA,LV,3.0573516614404093,0,6.53648736414806,Medium,3.83141508023352,-0.14538546032718336,0.5854447468922299,NA,0.25,0,0.75,3.0573516614404093,3.0573516614404093,2.984021911416989,meta_precal_fppg,-0.4414011787046252,0,-0.4414011787046252,0,0,0,FALSE,NA,NA,NA,NA,NA,NA,NA,NA,NA,NA,NA,NA,NA,NA,NA,NA,NA,NA,NA,NA,NA,NA,NA,NA,NA,NA,NA,NA,NA,NA,NA,NA,NA,NA,NA,NA
2026-09-15 19:31:28 -0400,1,00-0041149,Haynes King,QB,CAR,CHI,3.0515626457762943,0,9.30782832767115,Medium,6.02852928967903,-0.6924791032620056,1.2295827604186895,NA,0.5,0.25,0.25,3.0515626457762943,6.276301117111872,5.0744900919935,meta_precal_fppg,-2.0229274462172055,0,-2.0229274462172055,0,0,0,TRUE,NA,NA,NA,NA,NA,NA,NA,NA,NA,NA,NA,NA,NA,NA,NA,NA,NA,NA,NA,NA,NA,NA,NA,NA,NA,NA,NA,NA,NA,NA,NA,NA,NA,NA,NA,NA
2026-09-15 19:31:28 -0400,1,00-0038977,Tank Dell,WR,HOU,BUF,2.8392203577367003,0,6.375745139070891,High,2.953609688195244,-0.11787504816605124,0.41823289198813696,NA,0.25,0,0.75,2.8392203577367003,2.8392203577367003,2.7630562617602648,meta_precal_fppg,-0.14030852040067449,0,-0.14030852040067449,0,0,0,FALSE,NA,NA,NA,NA,NA,NA,NA,NA,NA,NA,NA,NA,NA,NA,NA,NA,NA,NA,NA,NA,NA,NA,NA,NA,NA,NA,NA,NA,NA,NA,NA,NA,NA,NA,NA,NA
2026-09-15 19:31:28 -0400,1,00-0031235,Odell Beckham Jr.,WR,NYG,DAL,2.834131303733185,0,6.461239092084664,High,2.953609688195244,-0.15480945114257597,0.42036081763768296,NA,0.25,0,0.75,2.834131303733185,2.834131303733185,2.758985018557452,meta_precal_fppg,-0.14717739775341837,0,-0.14717739775341837,0,0,0,FALSE,NA,NA,NA,NA,NA,NA,NA,NA,NA,NA,NA,NA,NA,NA,NA,NA,NA,NA,NA,NA,NA,NA,NA,NA,NA,NA,NA,NA,NA,NA,NA,NA,NA,NA,NA,NA
2026-09-15 19:31:28 -0400,1,00-0041047,Chris Brazzell II,WR,CAR,CHI,2.8306901280975785,0,6.205015039910985,High,2.953609688195244,-0.11787504816605124,0.4064371500930251,NA,0.25,0,0.75,2.8306901280975785,2.8306901280975785,2.756232078048967,meta_precal_fppg,-0.13994312174636164,0,-0.13994312174636164,0,0,0,FALSE,NA,NA,NA,NA,NA,NA,NA,NA,NA,NA,NA,NA,NA,NA,NA,NA,NA,NA,NA,NA,NA,NA,NA,NA,NA,NA,NA,NA,NA,NA,NA,NA,NA,NA,NA,NA
2026-09-15 19:31:28 -0400,1,00-0032392,Austin Hooper,TE,ATL,PIT,2.79017835254644,6.43091626162127e-4,4.978187230674008,High,2.0221219145803113,-0.16898339800306122,0.27056193374190785,NA,0,0,1,2.79017835254644,3.4066727867650597,3.5972377648960165,honest22_fppg,-0.8070594123495766,0,-0.8070594123495766,0,0,0,TRUE,NA,NA,NA,NA,NA,NA,NA,NA,NA,NA,NA,NA,NA,NA,NA,NA,NA,NA,NA,NA,NA,NA,NA,NA,NA,NA,NA,NA,NA,NA,NA,NA,NA,NA,NA,NA
2026-09-15 19:31:28 -0400,1,00-0040937,Dominic Richardson,RB,NYJ,TEN,2.7354870426011892,0,6.78761790466795,Medium,4.1906550461485725,-0.4163001917746611,0.6940727405808615,NA,0.25,0.75,0,2.7354870426011892,2.7354870426011892,2.7796260641077124,candidate23_fppg,-0.19284525657314383,0,-0.19284525657314383,0,0,0,FALSE,NA,NA,NA,NA,NA,NA,NA,NA,NA,NA,NA,NA,NA,NA,NA,NA,NA,NA,NA,NA,NA,NA,NA,NA,NA,NA,NA,NA,NA,NA,NA,NA,NA,NA,NA,NA
2026-09-15 19:31:28 -0400,1,00-0040198,Ollie Gordon II,RB,MIA,LV,2.68898504095122,0,6.378087335176711,Medium,4.1906550461485725,-0.4686071780541168,0.7468413483761696,NA,0.25,0.75,0,2.68898504095122,2.68898504095122,2.7179504175570868,candidate23_fppg,-0.4772658462746307,0,-0.4772658462746307,0,0,0,FALSE,NA,NA,NA,NA,NA,NA,NA,NA,NA,NA,NA,NA,NA,NA,NA,NA,NA,NA,NA,NA,NA,NA,NA,NA,NA,NA,NA,NA,NA,NA,NA,NA,NA,NA,NA,NA
2026-09-15 19:31:28 -0400,1,00-0040177,Jordan James,RB,SF,LA,2.5862943457041947,0,5.916013182551744,Medium,4.1906550461485725,-0.5405854260772378,0.6529218080307917,NA,0.25,0.75,0,2.5862943457041947,2.5862943457041947,2.815082358984464,candidate23_fppg,-0.2272757891528516,0,-0.2272757891528516,0,0,0,FALSE,NA,NA,NA,NA,NA,NA,NA,NA,NA,NA,NA,NA,NA,NA,NA,NA,NA,NA,NA,NA,NA,NA,NA,NA,NA,NA,NA,NA,NA,NA,NA,NA,NA,NA,NA,NA
2026-09-15 19:31:28 -0400,1,00-0039356,Ja'Tavion Sanders,TE,CAR,CHI,2.563560669403902,0,5.057268084466795,High,2.0221219145803113,-0.03292644932249194,0.474847028130163,NA,0,0,1,2.563560669403902,3.2674612597139987,3.061243725731307,honest22_fppg,-0.4976830563274052,0,-0.4976830563274052,0,0,0,TRUE,NA,NA,NA,NA,NA,NA,NA,NA,NA,NA,NA,NA,NA,NA,NA,NA,NA,NA,NA,NA,NA,NA,NA,NA,NA,NA,NA,NA,NA,NA,NA,NA,NA,NA,NA,NA
2026-09-15 19:31:28 -0400,1,00-0036980,Elijah Moore,WR,PHI,WAS,2.555449989991762,0,6.132775405403491,High,2.953609688195244,-0.11787504816605124,0.3366111488657425,NA,0.25,0,0.75,2.555449989991762,2.555449989991762,2.5446242592205515,meta_precal_fppg,-0.4302497772681497,0,-0.4302497772681497,0,0,0,FALSE,NA,NA,NA,NA,NA,NA,NA,NA,NA,NA,NA,NA,NA,NA,NA,NA,NA,NA,NA,NA,NA,NA,NA,NA,NA,NA,NA,NA,NA,NA,NA,NA,NA,NA,NA,NA
2026-09-15 19:31:28 -0400,1,00-0041077,Justin Joly,TE,MIA,LV,2.518682015145024,0,4.9102797385653245,High,2.0221219145803113,-0.08729615000260305,0.4178567926567233,NA,0,0,1,2.518682015145024,3.135476698316326,3.1137577302553696,honest22_fppg,-0.5950757151103455,0,-0.5950757151103455,0,0,0,TRUE,NA,NA,NA,NA,NA,NA,NA,NA,NA,NA,NA,NA,NA,NA,NA,NA,NA,NA,NA,NA,NA,NA,NA,NA,NA,NA,NA,NA,NA,NA,NA,NA,NA,NA,NA,NA
2026-09-15 19:31:28 -0400,1,00-0035359,David Sills,WR,TB,CIN,2.5170970202325216,0,5.208951590004239,High,2.953609688195244,-0.14538546032718336,0.4146643025417743,NA,0.25,0,0.75,2.5170970202325216,2.5170970202325216,2.5139418834131586,meta_precal_fppg,-0.4279001513325281,0,-0.4279001513325281,0,0,0,FALSE,NA,NA,NA,NA,NA,NA,NA,NA,NA,NA,NA,NA,NA,NA,NA,NA,NA,NA,NA,NA,NA,NA,NA,NA,NA,NA,NA,NA,NA,NA,NA,NA,NA,NA,NA,NA
2026-09-15 19:31:28 -0400,1,00-0041558,Sam Roush,TE,CHI,CAR,2.5007795331696494,0,5.0142754341591615,High,2.0221219145803113,-0.00313517765028515,0.3717399909795652,NA,0,0,1,2.5007795331696494,3.359694170245905,3.1271270813344643,honest22_fppg,-0.6263475481648151,0,-0.6263475481648151,0,0,0,TRUE,NA,NA,NA,NA,NA,NA,NA,NA,NA,NA,NA,NA,NA,NA,NA,NA,NA,NA,NA,NA,NA,NA,NA,NA,NA,NA,NA,NA,NA,NA,NA,NA,NA,NA,NA,NA
2026-09-15 19:31:28 -0400,1,00-0040644,Trevor Etienne,RB,CAR,CHI,2.4894752850076616,0,6.092012794926057,High,3.0109528980360203,-0.40160715833434935,0.46712520997178647,NA,0.25,0.75,0,2.4894752850076616,2.4894752850076616,2.613389292235267,candidate23_fppg,-0.280777679723621,0,-0.280777679723621,0,0,0,FALSE,NA,NA,NA,NA,NA,NA,NA,NA,NA,NA,NA,NA,NA,NA,NA,NA,NA,NA,NA,NA,NA,NA,NA,NA,NA,NA,NA,NA,NA,NA,NA,NA,NA,NA,NA,NA
2026-09-15 19:31:28 -0400,1,00-0041323,Myles Montgomery,RB,NE,SEA,2.4410195607983347,0,6.178244956532731,High,3.0109528980360203,-0.5093887375482111,0.5223166511783435,NA,0.25,0.75,0,2.4410195607983347,2.4410195607983347,2.5183815590199634,candidate23_fppg,-0.27422588026549244,0,-0.27422588026549244,0,0,0,FALSE,NA,NA,NA,NA,NA,NA,NA,NA,NA,NA,NA,NA,NA,NA,NA,NA,NA,NA,NA,NA,NA,NA,NA,NA,NA,NA,NA,NA,NA,NA,NA,NA,NA,NA,NA,NA
2026-09-15 19:31:28 -0400,1,00-0041070,Reggie Virgil,WR,ARI,LAC,2.4241880074293887,0,5.709512169403346,High,2.953609688195244,-0.150315761313857,0.3077574577986489,NA,0.25,0,0.75,2.4241880074293887,2.4241880074293887,2.4256797001663313,meta_precal_fppg,-0.109377513486763,0,-0.109377513486763,0,0,0,FALSE,NA,NA,NA,NA,NA,NA,NA,NA,NA,NA,NA,NA,NA,NA,NA,NA,NA,NA,NA,NA,NA,NA,NA,NA,NA,NA,NA,NA,NA,NA,NA,NA,NA,NA,NA,NA
2026-09-15 19:31:28 -0400,1,00-0037742,Treylon Burks,WR,WAS,PHI,2.409468909850836,0,5.491065972697614,High,2.953609688195244,-0.1564200248147827,0.4076332744322216,NA,0.25,0,0.75,2.409468909850836,2.409468909850836,2.413904422103489,meta_precal_fppg,-0.42510554436855275,0,-0.42510554436855275,0,0,0,FALSE,NA,NA,NA,NA,NA,NA,NA,NA,NA,NA,NA,NA,NA,NA,NA,NA,NA,NA,NA,NA,NA,NA,NA,NA,NA,NA,NA,NA,NA,NA,NA,NA,NA,NA,NA,NA
2026-09-15 19:31:28 -0400,1,00-0041239,Chip Trayanum,RB,NYJ,TEN,2.4054786625012117,0,6.259600469541615,High,3.0109528980360203,-0.5403789424492913,0.5155103538918755,NA,0.25,0.75,0,2.4054786625012117,2.4054786625012117,2.468698968809534,candidate23_fppg,-0.2820568623965811,0,-0.2820568623965811,0,0,0,FALSE,NA,NA,NA,NA,NA,NA,NA,NA,NA,NA,NA,NA,NA,NA,NA,NA,NA,NA,NA,NA,NA,NA,NA,NA,NA,NA,NA,NA,NA,NA,NA,NA,NA,NA,NA,NA
2026-09-15 19:31:28 -0400,1,00-0040581,Dont'e Thornton Jr.,WR,LV,MIA,2.3791273504675203,0,5.73008256217822,High,2.953609688195244,0,0.46571964182431846,NA,0.25,0,0.75,2.3791273504675203,2.3791273504675203,2.3896311745968366,meta_precal_fppg,-0.4017991022857376,0,-0.4017991022857376,0,0,0,FALSE,NA,NA,NA,NA,NA,NA,NA,NA,NA,NA,NA,NA,NA,NA,NA,NA,NA,NA,NA,NA,NA,NA,NA,NA,NA,NA,NA,NA,NA,NA,NA,NA,NA,NA,NA,NA
2026-09-15 19:31:28 -0400,1,00-0040876,Elijah Sarratt,WR,BAL,IND,2.3783227145602135,0,5.404632926400816,High,2.953609688195244,-0.150315761313857,0.2718992364181341,NA,0.25,0,0.75,2.3783227145602135,2.3783227145602135,2.3889874658709913,meta_precal_fppg,-0.11651651806336222,0,-0.11651651806336222,0,0,0,FALSE,NA,NA,NA,NA,NA,NA,NA,NA,NA,NA,NA,NA,NA,NA,NA,NA,NA,NA,NA,NA,NA,NA,NA,NA,NA,NA,NA,NA,NA,NA,NA,NA,NA,NA,NA,NA
2026-09-15 19:31:28 -0400,1,00-0041069,Colbie Young,WR,CIN,TB,2.3783227145602135,0,5.265791808810786,High,2.953609688195244,-0.150315761313857,0.2718992364181341,NA,0.25,0,0.75,2.3783227145602135,2.3783227145602135,2.3889874658709913,meta_precal_fppg,-0.11651651806336222,0,-0.11651651806336222,0,0,0,FALSE,NA,NA,NA,NA,NA,NA,NA,NA,NA,NA,NA,NA,NA,NA,NA,NA,NA,NA,NA,NA,NA,NA,NA,NA,NA,NA,NA,NA,NA,NA,NA,NA,NA,NA,NA,NA
2026-09-15 19:31:28 -0400,1,00-0041004,Chase Roberts,WR,LV,MIA,2.375305068001949,0,5.790389568361222,High,2.953609688195244,-0.00108876698831866,0.22037532904713528,NA,0.25,0,0.75,2.375305068001949,2.375305068001949,2.3865733486243794,meta_precal_fppg,-0.0877539935103856,0,-0.0877539935103856,0,0,0,FALSE,NA,NA,NA,NA,NA,NA,NA,NA,NA,NA,NA,NA,NA,NA,NA,NA,NA,NA,NA,NA,NA,NA,NA,NA,NA,NA,NA,NA,NA,NA,NA,NA,NA,NA,NA,NA
2026-09-15 19:31:28 -0400,1,00-0037012,Trey Lance,QB,LAC,ARI,2.3688360697700666,0,9.098554153837425,Medium,6.02852928967903,-1.2508038858040178,1.8427619233619723,NA,0.5,0.25,0.25,2.3688360697700666,5.315776639544746,4.38061173622901,meta_precal_fppg,-2.0117756664589437,0,-2.0117756664589437,0,0,0,TRUE,NA,NA,NA,NA,NA,NA,NA,NA,NA,NA,NA,NA,NA,NA,NA,NA,NA,NA,NA,NA,NA,NA,NA,NA,NA,NA,NA,NA,NA,NA,NA,NA,NA,NA,NA,NA
2026-09-15 19:31:28 -0400,1,00-0040317,Jacoby Jones,WR,WAS,PHI,2.357829467316483,0,5.787300195628982,High,2.953609688195244,-0.17724246502353574,0.41626437543766653,NA,0.25,0,0.75,2.357829467316483,2.357829467316483,2.3725928680760067,meta_precal_fppg,-1.281497185022084,0,-1.281497185022084,0,0,0,FALSE,NA,NA,NA,NA,NA,NA,NA,NA,NA,NA,NA,NA,NA,NA,NA,NA,NA,NA,NA,NA,NA,NA,NA,NA,NA,NA,NA,NA,NA,NA,NA,NA,NA,NA,NA,NA
2026-09-15 19:31:28 -0400,1,00-0034407,Ray-Ray McCloud,WR,CHI,CAR,2.3529038838947667,0,6.462924692551243,High,2.953609688195244,-0.150315761313857,0.453923950194249,NA,0.25,0,0.75,2.3529038838947667,2.3529038838947667,2.3686524013386334,meta_precal_fppg,-0.4110997501544217,0,-0.4110997501544217,0,0,0,FALSE,NA,NA,NA,NA,NA,NA,NA,NA,NA,NA,NA,NA,NA,NA,NA,NA,NA,NA,NA,NA,NA,NA,NA,NA,NA,NA,NA,NA,NA,NA,NA,NA,NA,NA,NA,NA
2026-09-15 19:31:28 -0400,1,00-0041446,Kendrick Law,WR,DET,NO,2.338142268686483,0,5.648082561341896,High,2.953609688195244,-0.150315761313857,0.24270590788312071,NA,0.25,0,0.75,2.338142268686483,2.338142268686483,2.3492153962314957,meta_precal_fppg,-0.11540799418187404,0,-0.11540799418187404,0,0,0,FALSE,NA,NA,NA,NA,NA,NA,NA,NA,NA,NA,NA,NA,NA,NA,NA,NA,NA,NA,NA,NA,NA,NA,NA,NA,NA,NA,NA,NA,NA,NA,NA,NA,NA,NA,NA,NA
2026-09-15 19:31:28 -0400,1,00-0040888,Adam Randall,RB,BAL,IND,2.3319509215653556,0,5.794074240931358,High,3.0109528980360203,-0.40972646364343834,0.37936146005893784,NA,0.25,0.75,0,2.3319509215653556,2.3319509215653556,2.7760432052306703,candidate23_fppg,-0.32516846545863054,0,-0.32516846545863054,0,0,0,FALSE,NA,NA,NA,NA,NA,NA,NA,NA,NA,NA,NA,NA,NA,NA,NA,NA,NA,NA,NA,NA,NA,NA,NA,NA,NA,NA,NA,NA,NA,NA,NA,NA,NA,NA,NA,NA
2026-09-15 19:31:28 -0400,1,00-0041104,Demond Claiborne,RB,MIN,GB,2.2751326727103556,0,5.933135126047537,High,3.0109528980360203,-0.5191028938907596,0.4308246783956106,NA,0.25,0.75,0,2.2751326727103556,2.2751326727103556,2.648606170869464,candidate23_fppg,-0.32162987827373424,0,-0.32162987827373424,0,0,0,FALSE,NA,NA,NA,NA,NA,NA,NA,NA,NA,NA,NA,NA,NA,NA,NA,NA,NA,NA,NA,NA,NA,NA,NA,NA,NA,NA,NA,NA,NA,NA,NA,NA,NA,NA,NA,NA
2026-09-15 19:31:28 -0400,1,00-0040930,Camden Brown,WR,DAL,NYG,2.2393003534738054,0,5.91026339461634,High,2.953609688195244,-0.1872501642903817,0.2552982769738287,NA,0.25,0,0.75,2.2393003534738054,2.2393003534738054,2.242044406234832,meta_precal_fppg,-0.11098386311939262,0,-0.11098386311939262,0,0,0,FALSE,NA,NA,NA,NA,NA,NA,NA,NA,NA,NA,NA,NA,NA,NA,NA,NA,NA,NA,NA,NA,NA,NA,NA,NA,NA,NA,NA,NA,NA,NA,NA,NA,NA,NA,NA,NA
2026-09-15 19:31:28 -0400,1,00-0040179,DJ Giddens,RB,IND,BAL,2.2317148472166006,0,6.109476678339195,High,3.0109528980360203,-0.5075309129358638,0.4760262118176949,NA,0.25,0.75,0,2.2317148472166006,2.2317148472166006,2.3856054758708582,candidate23_fppg,-0.3232463081471727,0,-0.3232463081471727,0,0,0,FALSE,NA,NA,NA,NA,NA,NA,NA,NA,NA,NA,NA,NA,NA,NA,NA,NA,NA,NA,NA,NA,NA,NA,NA,NA,NA,NA,NA,NA,NA,NA,NA,NA,NA,NA,NA,NA
2026-09-15 19:31:28 -0400,1,00-0041051,Zavion Thomas,WR,CHI,CAR,2.228679667991827,0,5.911048437827628,High,2.953609688195244,-0.150315761313857,0.23122181225942737,NA,0.25,0,0.75,2.228679667991827,2.228679667991827,2.233547857849249,meta_precal_fppg,-0.10670263577165023,0,-0.10670263577165023,0,0,0,FALSE,NA,NA,NA,NA,NA,NA,NA,NA,NA,NA,NA,NA,NA,NA,NA,NA,NA,NA,NA,NA,NA,NA,NA,NA,NA,NA,NA,NA,NA,NA,NA,NA,NA,NA,NA,NA
2026-09-15 19:31:28 -0400,1,00-0039792,Devontez Walker,WR,BAL,IND,2.17840821695854,0,5.31061532646362,Low,4.973519690779636,-0.16068204209570863,1.0469661833094512,NA,0.25,0,0.75,2.17840821695854,2.17840821695854,2.550530824364591,meta_precal_fppg,-1.622633902632579,0,-1.622633902632579,0,0,0,FALSE,NA,NA,NA,NA,NA,NA,NA,NA,NA,NA,NA,NA,NA,NA,NA,NA,NA,NA,NA,NA,NA,NA,NA,NA,NA,NA,NA,NA,NA,NA,NA,NA,NA,NA,NA,NA
2026-09-15 19:31:28 -0400,1,00-0041081,Max Bredeson,RB,MIN,GB,2.17168412391578,0,6.306032503194976,High,3.0109528980360203,-0.5191028938907596,0.3753626018716043,NA,0.25,0.75,0,2.17168412391578,2.17168412391578,2.5246123116174837,candidate23_fppg,-0.3686316624138392,0,-0.3686316624138392,0,0,0,FALSE,NA,NA,NA,NA,NA,NA,NA,NA,NA,NA,NA,NA,NA,NA,NA,NA,NA,NA,NA,NA,NA,NA,NA,NA,NA,NA,NA,NA,NA,NA,NA,NA,NA,NA,NA,NA
2026-09-15 19:31:28 -0400,1,00-0036984,Trey Sermon,RB,ATL,PIT,2.1311748524452,0,5.674604282327205,High,3.0109528980360203,-0.6521216126088658,0.4469679561774142,NA,0.25,0.75,0,2.1311748524452,2.1311748524452,2.2049959113762885,candidate23_fppg,-0.35133809710382147,0,-0.35133809710382147,0,0,0,FALSE,NA,NA,NA,NA,NA,NA,NA,NA,NA,NA,NA,NA,NA,NA,NA,NA,NA,NA,NA,NA,NA,NA,NA,NA,NA,NA,NA,NA,NA,NA,NA,NA,NA,NA,NA,NA
2026-09-15 19:31:28 -0400,1,00-0028986,Case Keenum,QB,CHI,CAR,2.11999852786035,0,9.089406846049428,High,5.774060225635582,-0.45832046196453263,0.889849751176615,NA,0.5,0.25,0.25,2.11999852786035,5.144553899603452,4.202789412445168,meta_precal_fppg,-2.082790884584818,0,-2.082790884584818,0,0,0,TRUE,NA,NA,NA,NA,NA,NA,NA,NA,NA,NA,NA,NA,NA,NA,NA,NA,NA,NA,NA,NA,NA,NA,NA,NA,NA,NA,NA,NA,NA,NA,NA,NA,NA,NA,NA,NA
2026-09-15 19:31:28 -0400,1,00-0037085,Tyler Badie,RB,DEN,KC,2.103873568568452,0,5.725522085720523,High,3.0109528980360203,-0.5544854485692535,0.5456992771354144,NA,0.25,0.75,0,2.103873568568452,2.103873568568452,2.2126935845455904,candidate23_fppg,-0.3768977987198926,0,-0.3768977987198926,0,0,0,FALSE,NA,NA,NA,NA,NA,NA,NA,NA,NA,NA,NA,NA,NA,NA,NA,NA,NA,NA,NA,NA,NA,NA,NA,NA,NA,NA,NA,NA,NA,NA,NA,NA,NA,NA,NA,NA
2026-09-15 19:31:28 -0400,1,00-0037304,Connor Heyward,RB,LV,MIA,2.08185912879464,0,5.358059798862698,High,3.0109528980360203,0,0.2622444091394971,NA,0.25,0.75,0,2.08185912879464,2.08185912879464,2.013745765929958,candidate23_fppg,-0.4858912402315031,0,-0.4858912402315031,0,0,0,FALSE,NA,NA,NA,NA,NA,NA,NA,NA,NA,NA,NA,NA,NA,NA,NA,NA,NA,NA,NA,NA,NA,NA,NA,NA,NA,NA,NA,NA,NA,NA,NA,NA,NA,NA,NA,NA
2026-09-15 19:31:28 -0400,1,00-0035993,Tyler Huntley,QB,BAL,IND,2.0641097139655944,0,8.520329232362867,Medium,6.02852928967903,-0.8154925659786717,1.566356920776169,NA,0.5,0.25,0.25,2.0641097139655944,5.1405714531893825,3.8276246878371447,meta_precal_fppg,-1.7635149738715503,0,-1.7635149738715503,0,0,0,TRUE,NA,NA,NA,NA,NA,NA,NA,NA,NA,NA,NA,NA,NA,NA,NA,NA,NA,NA,NA,NA,NA,NA,NA,NA,NA,NA,NA,NA,NA,NA,NA,NA,NA,NA,NA,NA
2026-09-15 19:31:28 -0400,1,00-0041374,Sincere Brown,WR,LAC,ARI,2.0542643664541194,0,5.753083028397697,High,2.953609688195244,-0.150315761313857,0.21715492074766893,NA,0.25,0,0.75,2.0542643664541194,2.0542643664541194,2.038687963514085,meta_precal_fppg,-0.0964614079385922,0,-0.0964614079385922,0,0,0,FALSE,NA,NA,NA,NA,NA,NA,NA,NA,NA,NA,NA,NA,NA,NA,NA,NA,NA,NA,NA,NA,NA,NA,NA,NA,NA,NA,NA,NA,NA,NA,NA,NA,NA,NA,NA,NA
2026-09-15 19:31:28 -0400,1,00-0040948,J. Michael Sturdivant,WR,GB,MIN,2.051865163602133,0,5.255478743368926,High,2.953609688195244,-0.150315761313857,0.21375842907565415,NA,0.25,0,0.75,2.051865163602133,2.051865163602133,2.0367686012324957,meta_precal_fppg,-0.09635863632157544,0,-0.09635863632157544,0,0,0,FALSE,NA,NA,NA,NA,NA,NA,NA,NA,NA,NA,NA,NA,NA,NA,NA,NA,NA,NA,NA,NA,NA,NA,NA,NA,NA,NA,NA,NA,NA,NA,NA,NA,NA,NA,NA,NA
2026-09-15 19:31:28 -0400,1,00-0040953,Jeff Caldwell,WR,KC,DEN,2.051865163602133,0,5.258284953685287,High,2.953609688195244,-0.150315761313857,0.21375842907565415,NA,0.25,0,0.75,2.051865163602133,2.051865163602133,2.0367686012324957,meta_precal_fppg,-0.09635863632157544,0,-0.09635863632157544,0,0,0,FALSE,NA,NA,NA,NA,NA,NA,NA,NA,NA,NA,NA,NA,NA,NA,NA,NA,NA,NA,NA,NA,NA,NA,NA,NA,NA,NA,NA,NA,NA,NA,NA,NA,NA,NA,NA,NA
2026-09-15 19:31:28 -0400,1,00-0041451,Brock Rechsteiner,WR,NO,DET,2.051865163602133,0,5.178954569319566,High,2.953609688195244,0,0.2033974368745756,NA,0.25,0,0.75,2.051865163602133,2.051865163602133,2.0367686012324957,meta_precal_fppg,-0.09635863632157544,0,-0.09635863632157544,0,0,0,FALSE,NA,NA,NA,NA,NA,NA,NA,NA,NA,NA,NA,NA,NA,NA,NA,NA,NA,NA,NA,NA,NA,NA,NA,NA,NA,NA,NA,NA,NA,NA,NA,NA,NA,NA,NA,NA
2026-09-15 19:31:28 -0400,1,00-0041251,Jalon Daniels,QB,TB,CIN,2.0394383033058885,0,8.339348297139479,Medium,6.02852928967903,-0.34543021679439556,1.410671935827851,NA,0.5,0.25,0.25,2.0394383033058885,4.702934336089967,4.036616586669076,meta_precal_fppg,-1.9971782833631877,0,-1.9971782833631877,0,0,0,TRUE,NA,NA,NA,NA,NA,NA,NA,NA,NA,NA,NA,NA,NA,NA,NA,NA,NA,NA,NA,NA,NA,NA,NA,NA,NA,NA,NA,NA,NA,NA,NA,NA,NA,NA,NA,NA
2026-09-15 19:31:28 -0400,1,00-0037594,Julius Chestnut,RB,TEN,NYJ,2.026026966468074,0,4.965002024052008,High,3.0109528980360203,-0.4623201156184577,0.3399668247229675,NA,0.25,0.75,0,2.026026966468074,2.026026966468074,2.0926807420506237,candidate23_fppg,-0.48494821131537746,0,-0.48494821131537746,0,0,0,FALSE,NA,NA,NA,NA,NA,NA,NA,NA,NA,NA,NA,NA,NA,NA,NA,NA,NA,NA,NA,NA,NA,NA,NA,NA,NA,NA,NA,NA,NA,NA,NA,NA,NA,NA,NA,NA
2026-09-15 19:31:28 -0400,1,00-0041399,CJ Daniels,WR,LA,SF,2.016358616606053,0,5.392864087051553,High,2.953609688195244,0,0.2011238983852654,NA,0.25,0,0.75,2.016358616606053,2.016358616606053,1.996324058333291,meta_precal_fppg,-0.09784006170822884,0,-0.09784006170822884,0,0,0,FALSE,NA,NA,NA,NA,NA,NA,NA,NA,NA,NA,NA,NA,NA,NA,NA,NA,NA,NA,NA,NA,NA,NA,NA,NA,NA,NA,NA,NA,NA,NA,NA,NA,NA,NA,NA,NA
2026-09-15 19:31:28 -0400,1,00-0040172,Jordan Watkins,WR,SF,LA,2.0112748824260263,0,5.186410771166563,High,2.953609688195244,-0.12890961265365058,0.21128258325623173,NA,0.25,0,0.75,2.0112748824260263,2.0112748824260263,1.9922570709892695,meta_precal_fppg,-0.4939206833534956,0,-0.4939206833534956,0,0,0,FALSE,NA,NA,NA,NA,NA,NA,NA,NA,NA,NA,NA,NA,NA,NA,NA,NA,NA,NA,NA,NA,NA,NA,NA,NA,NA,NA,NA,NA,NA,NA,NA,NA,NA,NA,NA,NA
2026-09-15 19:31:28 -0400,1,00-0039363,Isaac Guerendo,RB,SF,LA,2.0097174165787495,0,5.522371684681627,High,3.0109528980360203,-0.574642152957824,0.387208585402515,NA,0.25,0.75,0,2.0097174165787495,2.0097174165787495,2.1492072787067844,candidate23_fppg,-0.4203295853565062,0,-0.4203295853565062,0,0,0,FALSE,NA,NA,NA,NA,NA,NA,NA,NA,NA,NA,NA,NA,NA,NA,NA,NA,NA,NA,NA,NA,NA,NA,NA,NA,NA,NA,NA,NA,NA,NA,NA,NA,NA,NA,NA,NA
2026-09-15 19:31:28 -0400,1,00-0039603,British Brooks,RB,HOU,BUF,2.0050079453808767,0,5.678475724531189,High,3.0109528980360203,-0.5997242565139006,0.3778306515007814,NA,0.25,0.75,0,2.0050079453808767,2.0050079453808767,2.2953111229188696,candidate23_fppg,-0.4258009339174117,0,-0.4258009339174117,0,0,0,FALSE,NA,NA,NA,NA,NA,NA,NA,NA,NA,NA,NA,NA,NA,NA,NA,NA,NA,NA,NA,NA,NA,NA,NA,NA,NA,NA,NA,NA,NA,NA,NA,NA,NA,NA,NA,NA
2026-09-15 19:31:28 -0400,1,00-0034270,Tyler Conklin,TE,DET,NO,1.9918250660114711,0,4.462058676089717,Medium,2.9209272089877576,-0.096981566222168,0.4837443124325238,NA,0,0,1,1.9918250660114711,2.94397232801642,2.7330599454699183,honest22_fppg,-0.7412348794584468,0,-0.7412348794584468,0,0,0,TRUE,NA,NA,NA,NA,NA,NA,NA,NA,NA,NA,NA,NA,NA,NA,NA,NA,NA,NA,NA,NA,NA,NA,NA,NA,NA,NA,NA,NA,NA,NA,NA,NA,NA,NA,NA,NA
2026-09-15 19:31:28 -0400,1,00-0041436,DJ Herman,RB,MIA,LV,1.9853292152643367,0,5.307305123065732,High,3.0109528980360203,-0.6536507830254134,0.3910882487025617,NA,0.25,0.75,0,1.9853292152643367,1.9853292152643367,1.9766563220535385,candidate23_fppg,-0.434578366242353,0,-0.434578366242353,0,0,0,FALSE,NA,NA,NA,NA,NA,NA,NA,NA,NA,NA,NA,NA,NA,NA,NA,NA,NA,NA,NA,NA,NA,NA,NA,NA,NA,NA,NA,NA,NA,NA,NA,NA,NA,NA,NA,NA
2026-09-15 19:31:28 -0400,1,00-0041106,C.J. Williams,WR,JAX,CLE,1.971583776150435,0,5.411176996163902,High,2.953609688195244,0,0.19217545872076097,NA,0.25,0,0.75,1.971583776150435,1.971583776150435,1.963420736425126,meta_precal_fppg,-0.10352532177100544,0,-0.10352532177100544,0,0,0,FALSE,NA,NA,NA,NA,NA,NA,NA,NA,NA,NA,NA,NA,NA,NA,NA,NA,NA,NA,NA,NA,NA,NA,NA,NA,NA,NA,NA,NA,NA,NA,NA,NA,NA,NA,NA,NA
2026-09-15 19:31:28 -0400,1,00-0029892,Kyle Juszczyk,RB,SF,LA,1.9452406181269415,0,5.887694909492092,High,3.0109528980360203,-0.556236354684085,0.37912116062791634,NA,0.25,0.75,0,1.9452406181269415,1.9452406181269415,2.0560808284215204,candidate23_fppg,-0.4490513412372744,0,-0.4490513412372744,0,0,0,FALSE,NA,NA,NA,NA,NA,NA,NA,NA,NA,NA,NA,NA,NA,NA,NA,NA,NA,NA,NA,NA,NA,NA,NA,NA,NA,NA,NA,NA,NA,NA,NA,NA,NA,NA,NA,NA
2026-09-15 19:31:28 -0400,1,00-0037276,Ty Chandler,RB,NO,DET,1.9344477054150315,0,5.370328360767326,Medium,4.1906550461485725,-0.6225536596268175,0.7010414284203258,NA,0.25,0.75,0,1.9344477054150315,1.9344477054150315,2.0548087709076412,candidate23_fppg,-0.3464940464360572,0,-0.3464940464360572,0,0,0,FALSE,NA,NA,NA,NA,NA,NA,NA,NA,NA,NA,NA,NA,NA,NA,NA,NA,NA,NA,NA,NA,NA,NA,NA,NA,NA,NA,NA,NA,NA,NA,NA,NA,NA,NA,NA,NA
2026-09-15 19:31:28 -0400,1,00-0036670,Jermar Jefferson,RB,MIN,GB,1.910152696118313,0,5.231478342736766,High,3.0109528980360203,-0.5191028938907596,0.35652240389263334,NA,0.25,0.75,0,1.910152696118313,1.910152696118313,2.189598881197344,candidate23_fppg,-0.46710919073469304,0,-0.46710919073469304,0,0,0,FALSE,NA,NA,NA,NA,NA,NA,NA,NA,NA,NA,NA,NA,NA,NA,NA,NA,NA,NA,NA,NA,NA,NA,NA,NA,NA,NA,NA,NA,NA,NA,NA,NA,NA,NA,NA,NA
2026-09-15 19:31:28 -0400,1,00-0040238,LeQuint Allen Jr.,RB,JAX,CLE,1.9068417078442643,0,5.236560544691813,High,3.0109528980360203,-0.5113178974216319,0.4734887538499921,NA,0.25,0.75,0,1.9068417078442643,1.9068417078442643,2.8205704430303182,candidate23_fppg,-0.3204239601699831,0,-0.3204239601699831,0,0,0,FALSE,NA,NA,NA,NA,NA,NA,NA,NA,NA,NA,NA,NA,NA,NA,NA,NA,NA,NA,NA,NA,NA,NA,NA,NA,NA,NA,NA,NA,NA,NA,NA,NA,NA,NA,NA,NA
2026-09-15 19:31:28 -0400,1,00-0041550,Brenen Thompson,WR,LAC,ARI,1.8915940547260697,0,5.10026890477908,High,2.953609688195244,-0.150315761313857,0.2334720450981866,NA,0.25,0,0.75,1.8915940547260697,1.8915940547260697,1.8938091243661992,meta_precal_fppg,-0.10387812683343316,0,-0.10387812683343316,0,0,0,FALSE,NA,NA,NA,NA,NA,NA,NA,NA,NA,NA,NA,NA,NA,NA,NA,NA,NA,NA,NA,NA,NA,NA,NA,NA,NA,NA,NA,NA,NA,NA,NA,NA,NA,NA,NA,NA
2026-09-15 19:31:28 -0400,1,00-0041510,Max Klare,TE,LA,SF,1.887415877151616,0,4.267181103907864,High,2.0221219145803113,-0.04178998400483359,0.4281827240420402,NA,0,0,1,1.887415877151616,2.805976426853423,2.583152382185326,honest22_fppg,-0.69573650503371,0,-0.69573650503371,0,0,0,TRUE,NA,NA,NA,NA,NA,NA,NA,NA,NA,NA,NA,NA,NA,NA,NA,NA,NA,NA,NA,NA,NA,NA,NA,NA,NA,NA,NA,NA,NA,NA,NA,NA,NA,NA,NA,NA
2026-09-15 19:31:28 -0400,1,00-0040009,Savion Williams,WR,GB,MIN,1.8683461712906884,0,5.133659284534761,High,2.953609688195244,-0.1778261734749891,0.4041604186457768,NA,0.25,0,0.75,1.8683461712906884,1.8683461712906884,1.8752108176178943,meta_precal_fppg,-0.7504989005893463,0,-0.7504989005893463,0,0,0,FALSE,NA,NA,NA,NA,NA,NA,NA,NA,NA,NA,NA,NA,NA,NA,NA,NA,NA,NA,NA,NA,NA,NA,NA,NA,NA,NA,NA,NA,NA,NA,NA,NA,NA,NA,NA,NA
2026-09-15 19:31:28 -0400,1,00-0041443,Skyler Bell,WR,BUF,HOU,1.8669750399696956,0,5.523932562769208,High,2.953609688195244,-0.150315761313857,0.20449666479020903,NA,0.25,0,0.75,1.8669750399696956,1.8669750399696956,1.8741139125611,meta_precal_fppg,-0.09909519109072729,0,-0.09909519109072729,0,0,0,FALSE,NA,NA,NA,NA,NA,NA,NA,NA,NA,NA,NA,NA,NA,NA,NA,NA,NA,NA,NA,NA,NA,NA,NA,NA,NA,NA,NA,NA,NA,NA,NA,NA,NA,NA,NA,NA
2026-09-15 19:31:28 -0400,1,00-0040739,Elijah Arroyo,TE,SEA,NE,1.767221372708208,0,4.450441410876053,High,2.0221219145803113,-0.09754084219825158,0.3912099988919701,NA,0,0,1,1.767221372708208,2.5087203889732734,2.396501554587259,honest22_fppg,-0.6292801818790515,0,-0.6292801818790515,0,0,0,TRUE,NA,NA,NA,NA,NA,NA,NA,NA,NA,NA,NA,NA,NA,NA,NA,NA,NA,NA,NA,NA,NA,NA,NA,NA,NA,NA,NA,NA,NA,NA,NA,NA,NA,NA,NA,NA
2026-09-15 19:31:28 -0400,1,00-0039244,Chris Collier,RB,LV,MIA,1.7641310642539136,0,5.167876452064205,High,3.0109528980360203,-0.5260928959239238,0.2527398260204065,NA,0.25,0.75,0,1.7641310642539136,1.7641310642539136,1.999176103489852,candidate23_fppg,-0.4858704099030243,0,-0.4858704099030243,0,0,0,FALSE,NA,NA,NA,NA,NA,NA,NA,NA,NA,NA,NA,NA,NA,NA,NA,NA,NA,NA,NA,NA,NA,NA,NA,NA,NA,NA,NA,NA,NA,NA,NA,NA,NA,NA,NA,NA
2026-09-15 19:31:28 -0400,1,00-0041116,Jack Endries,TE,CIN,TB,1.7527657748185017,0,4.1084877277897345,High,2.0221219145803113,-0.04196901028028549,0.40181643166787734,NA,0,0,1,1.7527657748185017,2.7099474863216697,2.4678854691847483,honest22_fppg,-0.7151196943662469,0,-0.7151196943662469,0,0,0,TRUE,NA,NA,NA,NA,NA,NA,NA,NA,NA,NA,NA,NA,NA,NA,NA,NA,NA,NA,NA,NA,NA,NA,NA,NA,NA,NA,NA,NA,NA,NA,NA,NA,NA,NA,NA,NA
2026-09-15 19:31:28 -0400,1,00-0038614,Scott Matlock,RB,LAC,ARI,1.7408039351026252,0,5.150878758422733,High,3.0109528980360203,-0.49019570212776664,0.25279371412677076,NA,0.25,0.75,0,1.7408039351026252,1.7408039351026252,2.419043604438946,candidate23_fppg,-0.49793953217187326,0,-0.49793953217187326,0,0,0,FALSE,NA,NA,NA,NA,NA,NA,NA,NA,NA,NA,NA,NA,NA,NA,NA,NA,NA,NA,NA,NA,NA,NA,NA,NA,NA,NA,NA,NA,NA,NA,NA,NA,NA,NA,NA,NA
2026-09-15 19:31:28 -0400,1,00-0037327,Skylar Thompson,QB,BAL,IND,1.7271974599262174,0,8.15211133082784,High,5.774060225635582,-0.8154925659786717,1.1623616789031377,NA,0.5,0.25,0.25,1.7271974599262174,4.915360511315107,3.793682428596455,meta_precal_fppg,-2.066484968670238,0,-2.066484968670238,0,0,0,TRUE,NA,NA,NA,NA,NA,NA,NA,NA,NA,NA,NA,NA,NA,NA,NA,NA,NA,NA,NA,NA,NA,NA,NA,NA,NA,NA,NA,NA,NA,NA,NA,NA,NA,NA,NA,NA
2026-09-15 19:31:28 -0400,1,00-0040981,Joe Fagnano,QB,BAL,IND,1.725525456030598,0,7.854222107874596,Medium,6.02852928967903,-0.8154925659786717,1.244732589027313,NA,0.5,0.25,0.25,1.725525456030598,4.949370420606459,3.8074522422183303,meta_precal_fppg,-2.0819267861877324,0,-2.0819267861877324,0,0,0,TRUE,NA,NA,NA,NA,NA,NA,NA,NA,NA,NA,NA,NA,NA,NA,NA,NA,NA,NA,NA,NA,NA,NA,NA,NA,NA,NA,NA,NA,NA,NA,NA,NA,NA,NA,NA,NA
2026-09-15 19:31:28 -0400,1,00-0039379,Jamari Thrash,WR,CLE,JAX,1.7242822310978674,0,5.306047508373898,High,2.953609688195244,-0.23663080338233913,0.2790335536963428,NA,0.25,0,0.75,1.7242822310978674,1.7242822310978674,1.713102478350338,meta_precal_fppg,-0.43090272194422,0,-0.43090272194422,0,0,0,FALSE,NA,NA,NA,NA,NA,NA,NA,NA,NA,NA,NA,NA,NA,NA,NA,NA,NA,NA,NA,NA,NA,NA,NA,NA,NA,NA,NA,NA,NA,NA,NA,NA,NA,NA,NA,NA
2026-09-15 19:31:28 -0400,1,00-0038824,Ryan Miller,WR,MIA,LV,1.7150524433871723,0,5.602183725087507,High,2.953609688195244,-0.1564200248147827,0.44488366414387104,NA,0.25,0,0.75,1.7150524433871723,1.7150524433871723,1.705718648181782,meta_precal_fppg,-0.9315466645102812,0,-0.9315466645102812,0,0,0,FALSE,NA,NA,NA,NA,NA,NA,NA,NA,NA,NA,NA,NA,NA,NA,NA,NA,NA,NA,NA,NA,NA,NA,NA,NA,NA,NA,NA,NA,NA,NA,NA,NA,NA,NA,NA,NA
2026-09-15 19:31:28 -0400,1,00-0038640,Jalen Brooks,WR,ARI,LAC,1.713022671901386,0,4.874759905376518,High,2.953609688195244,-0.12890961265365058,0.24678502182724907,NA,0.25,0,0.75,1.713022671901386,1.713022671901386,1.704094830993153,meta_precal_fppg,-0.48782731847246,0,-0.48782731847246,0,0,0,FALSE,NA,NA,NA,NA,NA,NA,NA,NA,NA,NA,NA,NA,NA,NA,NA,NA,NA,NA,NA,NA,NA,NA,NA,NA,NA,NA,NA,NA,NA,NA,NA,NA,NA,NA,NA,NA
2026-09-15 19:31:28 -0400,1,00-0031595,Michael Burton,RB,CLE,JAX,1.7104854811425811,0,5.353963867545472,High,3.0109528980360203,-0.5533610194672927,0.25770550587147906,NA,0.25,0.75,0,1.7104854811425811,1.7104854811425811,1.3010140409548656,candidate23_fppg,-0.515908672295724,0,-0.515908672295724,0,0,0,FALSE,NA,NA,NA,NA,NA,NA,NA,NA,NA,NA,NA,NA,NA,NA,NA,NA,NA,NA,NA,NA,NA,NA,NA,NA,NA,NA,NA,NA,NA,NA,NA,NA,NA,NA,NA,NA
2026-09-15 19:31:28 -0400,1,00-0040184,KeAndre Lambert-Smith,WR,LAC,ARI,1.7080860956148034,0,5.461510039389129,High,2.953609688195244,-0.1564200248147827,0.2910548385365446,NA,0.25,0,0.75,1.7080860956148034,1.7080860956148034,1.700145569963887,meta_precal_fppg,-0.41630590648411,0,-0.41630590648411,0,0,0,FALSE,NA,NA,NA,NA,NA,NA,NA,NA,NA,NA,NA,NA,NA,NA,NA,NA,NA,NA,NA,NA,NA,NA,NA,NA,NA,NA,NA,NA,NA,NA,NA,NA,NA,NA,NA,NA
2026-09-15 19:31:28 -0400,1,00-0040432,Beaux Collins,WR,ATL,PIT,1.7023887828344453,0,4.634110541007269,High,2.953609688195244,-0.1778261734749891,0.4051982624337456,NA,0.25,0,0.75,1.7023887828344453,1.7023887828344453,1.6955877197396003,meta_precal_fppg,-0.38982563565119366,0,-0.38982563565119366,0,0,0,FALSE,NA,NA,NA,NA,NA,NA,NA,NA,NA,NA,NA,NA,NA,NA,NA,NA,NA,NA,NA,NA,NA,NA,NA,NA,NA,NA,NA,NA,NA,NA,NA,NA,NA,NA,NA,NA
2026-09-15 19:31:28 -0400,1,00-0035125,Alec Ingold,RB,LAC,ARI,1.6981620324590725,0,5.222152298054678,High,3.0109528980360203,-0.4505130191922778,0.30601169388317584,NA,0.25,0.75,0,1.6981620324590725,1.6981620324590725,2.3240994789665796,candidate23_fppg,-0.5206305225551427,0,-0.5206305225551427,0,0,0,FALSE,NA,NA,NA,NA,NA,NA,NA,NA,NA,NA,NA,NA,NA,NA,NA,NA,NA,NA,NA,NA,NA,NA,NA,NA,NA,NA,NA,NA,NA,NA,NA,NA,NA,NA,NA,NA
2026-09-15 19:31:28 -0400,1,00-0041005,Corey Rucker,WR,LV,MIA,1.6973769140079424,0,5.362535792746078,High,2.953609688195244,-0.00108876698831866,0.22693466452029665,NA,0.25,0,0.75,1.6973769140079424,1.6973769140079424,1.691578224678398,meta_precal_fppg,-0.12838448871330127,0,-0.12838448871330127,0,0,0,FALSE,NA,NA,NA,NA,NA,NA,NA,NA,NA,NA,NA,NA,NA,NA,NA,NA,NA,NA,NA,NA,NA,NA,NA,NA,NA,NA,NA,NA,NA,NA,NA,NA,NA,NA,NA,NA
2026-09-15 19:31:28 -0400,1,00-0036187,Reggie Gilliam,RB,NE,SEA,1.672401154144653,0,5.272258276542247,High,3.0109528980360203,-0.5138862305162089,0.30306360682524286,NA,0.25,0.75,0,1.672401154144653,1.672401154144653,1.578139640123697,candidate23_fppg,-0.5192011984530941,0,-0.5192011984530941,0,0,0,FALSE,NA,NA,NA,NA,NA,NA,NA,NA,NA,NA,NA,NA,NA,NA,NA,NA,NA,NA,NA,NA,NA,NA,NA,NA,NA,NA,NA,NA,NA,NA,NA,NA,NA,NA,NA,NA
2026-09-15 19:31:28 -0400,1,00-0039041,Elijah Higgins,TE,ARI,LAC,1.6591151254564354,0,4.103690564279569,High,2.0221219145803113,-0.04151467909292233,0.3296021470181558,NA,0,0,1,1.6591151254564354,2.197719456603898,2.407321281521579,honest22_fppg,-0.7482061560651435,0,-0.7482061560651435,0,0,0,TRUE,NA,NA,NA,NA,NA,NA,NA,NA,NA,NA,NA,NA,NA,NA,NA,NA,NA,NA,NA,NA,NA,NA,NA,NA,NA,NA,NA,NA,NA,NA,NA,NA,NA,NA,NA,NA
2026-09-15 19:31:28 -0400,1,00-0039144,Luke Musgrave,TE,GB,MIN,1.6434731989417986,0,3.978052840113395,High,2.0221219145803113,-0.10899441970419424,0.3750703082943664,NA,0,0,1,1.6434731989417986,2.303589185782211,2.3682663277320075,honest22_fppg,-0.724793128790209,0,-0.724793128790209,0,0,0,TRUE,NA,NA,NA,NA,NA,NA,NA,NA,NA,NA,NA,NA,NA,NA,NA,NA,NA,NA,NA,NA,NA,NA,NA,NA,NA,NA,NA,NA,NA,NA,NA,NA,NA,NA,NA,NA
2026-09-15 19:31:28 -0400,1,00-0034959,Andrew Beck,RB,NYJ,TEN,1.6307624557400848,0,5.351693360360849,High,3.0109528980360203,-0.4798737706413883,0.3722780206340969,NA,0.25,0.75,0,1.6307624557400848,1.6307624557400848,1.4672046557012504,candidate23_fppg,-0.5433737804425852,0,-0.5433737804425852,0,0,0,FALSE,NA,NA,NA,NA,NA,NA,NA,NA,NA,NA,NA,NA,NA,NA,NA,NA,NA,NA,NA,NA,NA,NA,NA,NA,NA,NA,NA,NA,NA,NA,NA,NA,NA,NA,NA,NA
2026-09-15 19:31:28 -0400,1,00-0039623,Mason Tipton,WR,NO,DET,1.6120418435982058,0,4.455358711257327,High,2.953609688195244,0,0.20438549066206993,NA,0.25,0,0.75,1.6120418435982058,1.6120418435982058,1.5992992989713108,meta_precal_fppg,-0.3200098103413617,0,-0.3200098103413617,0,0,0,FALSE,NA,NA,NA,NA,NA,NA,NA,NA,NA,NA,NA,NA,NA,NA,NA,NA,NA,NA,NA,NA,NA,NA,NA,NA,NA,NA,NA,NA,NA,NA,NA,NA,NA,NA,NA,NA
2026-09-15 19:31:28 -0400,1,00-0041084,Tanner Koziol,TE,JAX,CLE,1.6061592839359038,0,4.127225397253628,High,2.0221219145803113,-0.10020021926287996,0.3074809222711408,NA,0,0,1,1.6061592839359038,2.343225844568466,2.285771561554612,honest22_fppg,-0.6796122776187083,0,-0.6796122776187083,0,0,0,TRUE,NA,NA,NA,NA,NA,NA,NA,NA,NA,NA,NA,NA,NA,NA,NA,NA,NA,NA,NA,NA,NA,NA,NA,NA,NA,NA,NA,NA,NA,NA,NA,NA,NA,NA,NA,NA
2026-09-15 19:31:28 -0400,1,00-0040154,Tai Felton,WR,MIN,GB,1.6018699191212564,0,4.973051307943175,High,2.953609688195244,-0.22272754572219436,0.2070432217694917,NA,0.25,0,0.75,1.6018699191212564,1.6018699191212564,1.5911617593897514,meta_precal_fppg,-0.5224733353252781,0,-0.5224733353252781,0,0,0,FALSE,NA,NA,NA,NA,NA,NA,NA,NA,NA,NA,NA,NA,NA,NA,NA,NA,NA,NA,NA,NA,NA,NA,NA,NA,NA,NA,NA,NA,NA,NA,NA,NA,NA,NA,NA,NA
2026-09-15 19:31:28 -0400,1,00-0040649,Robbie Ouzts,RB,SEA,NE,1.592326738138653,0,5.122778304026775,High,3.0109528980360203,-0.5883307713327248,0.34306545710951036,NA,0.25,0.75,0,1.592326738138653,1.592326738138653,1.880006097181001,candidate23_fppg,-0.5317298536643461,0,-0.5317298536643461,0,0,0,FALSE,NA,NA,NA,NA,NA,NA,NA,NA,NA,NA,NA,NA,NA,NA,NA,NA,NA,NA,NA,NA,NA,NA,NA,NA,NA,NA,NA,NA,NA,NA,NA,NA,NA,NA,NA,NA
2026-09-15 19:31:28 -0400,1,00-0039236,Johnny Wilson,WR,PHI,WAS,1.585158375532279,0,5.22464302423265,High,2.953609688195244,-0.24626499379506148,0.16337898715991203,NA,0.25,0,0.75,1.585158375532279,1.585158375532279,1.577792524518569,meta_precal_fppg,-0.12492930365619775,0,-0.12492930365619775,0,0,0,FALSE,NA,NA,NA,NA,NA,NA,NA,NA,NA,NA,NA,NA,NA,NA,NA,NA,NA,NA,NA,NA,NA,NA,NA,NA,NA,NA,NA,NA,NA,NA,NA,NA,NA,NA,NA,NA
2026-09-15 19:31:28 -0400,1,00-0041577,Connor Hulstein,TE,NYJ,TEN,1.5782255855740686,0,3.7191595258513663,High,2.0221219145803113,-0.11832287985160554,0.30173422167208536,NA,0,0,1,1.5782255855740686,2.0840891081324773,2.251866459737555,honest22_fppg,-0.6736408741634862,0,-0.6736408741634862,0,0,0,TRUE,NA,NA,NA,NA,NA,NA,NA,NA,NA,NA,NA,NA,NA,NA,NA,NA,NA,NA,NA,NA,NA,NA,NA,NA,NA,NA,NA,NA,NA,NA,NA,NA,NA,NA,NA,NA
2026-09-15 19:31:28 -0400,1,00-0038590,Justin Shorter,WR,LV,MIA,1.5781755528110262,0,4.868030456072171,High,2.953609688195244,-0.27505929621592606,0.15860992232382,NA,0.25,0,0.75,1.5781755528110262,1.5781755528110262,1.572206266341567,meta_precal_fppg,-0.1246301893141935,0,-0.1246301893141935,0,0,0,FALSE,NA,NA,NA,NA,NA,NA,NA,NA,NA,NA,NA,NA,NA,NA,NA,NA,NA,NA,NA,NA,NA,NA,NA,NA,NA,NA,NA,NA,NA,NA,NA,NA,NA,NA,NA,NA
2026-09-15 19:31:28 -0400,1,00-0036862,Ben Skowronek,WR,PIT,ATL,1.5757405095574697,0,5.0367031287524195,Medium,3.83141508023352,-0.30256970837705816,0.6065703075659987,NA,0.25,0,0.75,1.5757405095574697,1.5757405095574697,1.570258231738722,meta_precal_fppg,-1.1505928718536815,0,-1.1505928718536815,0,0,0,FALSE,NA,NA,NA,NA,NA,NA,NA,NA,NA,NA,NA,NA,NA,NA,NA,NA,NA,NA,NA,NA,NA,NA,NA,NA,NA,NA,NA,NA,NA,NA,NA,NA,NA,NA,NA,NA
2026-09-15 19:31:28 -0400,1,00-0039912,Ben Sinnott,TE,WAS,PHI,1.573061590147379,0,3.670453046734908,Medium,2.9209272089877576,-0.11125834597252604,0.504970428559585,NA,0,0,1,1.573061590147379,2.162965312200672,2.503668822345997,honest22_fppg,-0.930607232198618,0,-0.930607232198618,0,0,0,TRUE,NA,NA,NA,NA,NA,NA,NA,NA,NA,NA,NA,NA,NA,NA,NA,NA,NA,NA,NA,NA,NA,NA,NA,NA,NA,NA,NA,NA,NA,NA,NA,NA,NA,NA,NA,NA
2026-09-15 19:31:28 -0400,1,00-0039626,Cole Burgess,WR,PIT,ATL,1.5721772306166817,0,4.958272241478251,High,2.953609688195244,-0.27505929621592606,0.15040015406494334,NA,0.25,0,0.75,1.5721772306166817,1.5721772306166817,1.5674076085860915,meta_precal_fppg,-0.12437324677563703,0,-0.12437324677563703,0,0,0,FALSE,NA,NA,NA,NA,NA,NA,NA,NA,NA,NA,NA,NA,NA,NA,NA,NA,NA,NA,NA,NA,NA,NA,NA,NA,NA,NA,NA,NA,NA,NA,NA,NA,NA,NA,NA,NA
2026-09-15 19:31:28 -0400,1,00-0038416,Tyson Bagent,QB,CHI,CAR,1.566315243236345,0,8.098429791730888,High,5.774060225635582,-0.45832046196453263,0.655700429594723,NA,0.5,0.25,0.25,1.566315243236345,4.312188692498441,4.126842320653354,meta_precal_fppg,-2.284118505081184,0,-2.284118505081184,0,0,0,TRUE,NA,NA,NA,NA,NA,NA,NA,NA,NA,NA,NA,NA,NA,NA,NA,NA,NA,NA,NA,NA,NA,NA,NA,NA,NA,NA,NA,NA,NA,NA,NA,NA,NA,NA,NA,NA
2026-09-15 19:31:28 -0400,1,00-0040120,Jimmy Holiday,WR,KC,DEN,1.5625713728911028,0,5.245780695744953,High,2.953609688195244,-0.27505929621592606,0.13734820570838413,NA,0.25,0,0.75,1.5625713728911028,1.5625713728911028,1.5597229224056284,meta_precal_fppg,-0.1239617728019064,0,-0.1239617728019064,0,0,0,FALSE,NA,NA,NA,NA,NA,NA,NA,NA,NA,NA,NA,NA,NA,NA,NA,NA,NA,NA,NA,NA,NA,NA,NA,NA,NA,NA,NA,NA,NA,NA,NA,NA,NA,NA,NA,NA
2026-09-15 19:31:28 -0400,1,00-0040629,Dalevon Campbell,WR,LAC,ARI,1.5625713728911028,0,4.413295719108798,High,2.953609688195244,-0.27505929621592606,0.13734820570838413,NA,0.25,0,0.75,1.5625713728911028,1.5625713728911028,1.5597229224056284,meta_precal_fppg,-0.1239617728019064,0,-0.1239617728019064,0,0,0,FALSE,NA,NA,NA,NA,NA,NA,NA,NA,NA,NA,NA,NA,NA,NA,NA,NA,NA,NA,NA,NA,NA,NA,NA,NA,NA,NA,NA,NA,NA,NA,NA,NA,NA,NA,NA,NA
2026-09-15 19:31:28 -0400,1,00-0035645,Gunner Olszewski,WR,NYG,DAL,1.5587521054757207,0,4.8119472572480015,High,2.953609688195244,-0.30256970837705816,0.34153733360280825,NA,0.25,0,0.75,1.5587521054757207,1.5587521054757207,1.5566675084733228,meta_precal_fppg,-0.8125510693341981,0,-0.8125510693341981,0,0,0,FALSE,NA,NA,NA,NA,NA,NA,NA,NA,NA,NA,NA,NA,NA,NA,NA,NA,NA,NA,NA,NA,NA,NA,NA,NA,NA,NA,NA,NA,NA,NA,NA,NA,NA,NA,NA,NA
2026-09-15 19:31:28 -0400,1,00-0040194,Jackson Hawes,TE,BUF,HOU,1.5545190980686776,0,4.030068783052456,Low,4.125637639554982,-0.01643672931938868,1.0139505038841077,NA,0,0,1,1.5545190980686776,2.477529840115324,3.0545190980686776,honest22_fppg,-1.5,0,-1.5,0,0,0,TRUE,NA,NA,NA,NA,NA,NA,NA,NA,NA,NA,NA,NA,NA,NA,NA,NA,NA,NA,NA,NA,NA,NA,NA,NA,NA,NA,NA,NA,NA,NA,NA,NA,NA,NA,NA,NA
2026-09-15 19:31:28 -0400,1,00-0036630,Tylan Wallace,WR,CLE,JAX,1.5535231708354416,0,4.48276402251471,High,2.953609688195244,-0.28116355971685175,0.15337325492662365,NA,0.25,0,0.75,1.5535231708354416,1.5535231708354416,1.5524843607610994,meta_precal_fppg,-0.6066536921688144,0,-0.6066536921688144,0,0,0,FALSE,NA,NA,NA,NA,NA,NA,NA,NA,NA,NA,NA,NA,NA,NA,NA,NA,NA,NA,NA,NA,NA,NA,NA,NA,NA,NA,NA,NA,NA,NA,NA,NA,NA,NA,NA,NA
2026-09-15 19:31:28 -0400,1,00-0035045,D.J. Montgomery,WR,IND,BAL,1.5467779476346737,0,4.989143371426262,High,2.953609688195244,-0.27505929621592606,0.11623764340871844,NA,0.25,0,0.75,1.5467779476346737,1.5467779476346737,1.547088182200485,meta_precal_fppg,-0.1232852498265788,0,-0.1232852498265788,0,0,0,FALSE,NA,NA,NA,NA,NA,NA,NA,NA,NA,NA,NA,NA,NA,NA,NA,NA,NA,NA,NA,NA,NA,NA,NA,NA,NA,NA,NA,NA,NA,NA,NA,NA,NA,NA,NA,NA
2026-09-15 19:31:28 -0400,1,00-0039710,Jeshaun Jones,WR,MIN,GB,1.5457952478087404,0,4.7153070504835615,High,2.953609688195244,-0.27505929621592606,0.11461121580829636,NA,0.25,0,0.75,1.5457952478087404,1.5457952478087404,1.5463020223397386,meta_precal_fppg,-0.12339612887237256,0,-0.12339612887237256,0,0,0,FALSE,NA,NA,NA,NA,NA,NA,NA,NA,NA,NA,NA,NA,NA,NA,NA,NA,NA,NA,NA,NA,NA,NA,NA,NA,NA,NA,NA,NA,NA,NA,NA,NA,NA,NA,NA,NA
2026-09-15 19:31:28 -0400,1,00-0037324,Chris Oladokun,QB,KC,DEN,1.5453993139892066,0,8.078533872552558,High,5.774060225635582,-1.04356596069853,1.1384433344094032,NA,0.5,0.25,0.25,1.5453993139892066,3.024063209791354,2.7849835258546625,meta_precal_fppg,-1.239584211865456,0,-1.239584211865456,0,0,0,TRUE,NA,NA,NA,NA,NA,NA,NA,NA,NA,NA,NA,NA,NA,NA,NA,NA,NA,NA,NA,NA,NA,NA,NA,NA,NA,NA,NA,NA,NA,NA,NA,NA,NA,NA,NA,NA
2026-09-15 19:31:28 -0400,1,00-0027973,Andy Dalton,QB,PHI,WAS,1.5378657962761442,0,7.513959444242847,Medium,6.02852928967903,-0.7826556276951991,2.256841698590752,NA,0.5,0.25,0.25,1.5378657962761442,4.453270628496647,3.4919467172160856,meta_precal_fppg,-1.9540809209399417,0,-1.9540809209399417,0,0,0,TRUE,NA,NA,NA,NA,NA,NA,NA,NA,NA,NA,NA,NA,NA,NA,NA,NA,NA,NA,NA,NA,NA,NA,NA,NA,NA,NA,NA,NA,NA,NA,NA,NA,NA,NA,NA,NA
2026-09-15 19:31:28 -0400,1,00-0037156,Irvin Charles,WR,SEA,NE,1.5371720899090944,0,5.114193343756174,High,2.953609688195244,-0.27505929621592606,0.10337410667213466,NA,0.25,0,0.75,1.5371720899090944,1.5371720899090944,1.5394034960200216,meta_precal_fppg,-0.12302674956774012,0,-0.12302674956774012,0,0,0,FALSE,NA,NA,NA,NA,NA,NA,NA,NA,NA,NA,NA,NA,NA,NA,NA,NA,NA,NA,NA,NA,NA,NA,NA,NA,NA,NA,NA,NA,NA,NA,NA,NA,NA,NA,NA,NA
2026-09-15 19:31:28 -0400,1,00-0041132,Deion Burks,WR,IND,BAL,1.5090361422763965,0,4.414603323315781,High,2.953609688195244,-0.27505929621592606,0.07733897817789004,NA,0.25,0,0.75,1.5090361422763965,1.5090361422763965,1.512687165638552,meta_precal_fppg,-0.12200649145640724,0,-0.12200649145640724,0,0,0,FALSE,NA,NA,NA,NA,NA,NA,NA,NA,NA,NA,NA,NA,NA,NA,NA,NA,NA,NA,NA,NA,NA,NA,NA,NA,NA,NA,NA,NA,NA,NA,NA,NA,NA,NA,NA,NA
2026-09-15 19:31:28 -0400,1,00-0040563,Efton Chism III,WR,NE,SEA,1.4923072973417877,0,5.011752783690117,Medium,3.83141508023352,-0.33617765802544086,0.8464331270350299,NA,0.25,0,0.75,1.4923072973417877,1.4923072973417877,1.4993040896908647,meta_precal_fppg,-1.8322557459371056,0,-1.8322557459371056,0,0,0,FALSE,NA,NA,NA,NA,NA,NA,NA,NA,NA,NA,NA,NA,NA,NA,NA,NA,NA,NA,NA,NA,NA,NA,NA,NA,NA,NA,NA,NA,NA,NA,NA,NA,NA,NA,NA,NA
2026-09-15 19:31:28 -0400,1,00-0034365,Ian Thomas,TE,LV,MIA,1.478801106436586,0,3.952018699865383,High,2.0221219145803113,0.09883755638112744,0.23509911719441884,NA,0,0,1,1.478801106436586,1.985229635637507,2.0788864700713927,honest22_fppg,-0.6000853636348066,0,-0.6000853636348066,0,0,0,TRUE,NA,NA,NA,NA,NA,NA,NA,NA,NA,NA,NA,NA,NA,NA,NA,NA,NA,NA,NA,NA,NA,NA,NA,NA,NA,NA,NA,NA,NA,NA,NA,NA,NA,NA,NA,NA
2026-09-15 19:31:28 -0400,1,00-0040570,Jeremiah Webb,WR,NE,SEA,1.4470432819208792,0,4.972817119698849,High,2.953609688195244,-0.27505929621592606,0.10076419577472837,NA,0.25,0,0.75,1.4470432819208792,1.4470432819208792,1.4486040211074398,meta_precal_fppg,-0.14247282085908625,0,-0.14247282085908625,0,0,0,FALSE,NA,NA,NA,NA,NA,NA,NA,NA,NA,NA,NA,NA,NA,NA,NA,NA,NA,NA,NA,NA,NA,NA,NA,NA,NA,NA,NA,NA,NA,NA,NA,NA,NA,NA,NA,NA
2026-09-15 19:31:28 -0400,1,00-0040498,Dontae Fleming,WR,MIN,GB,1.444885351885177,0,4.987495026582685,High,2.953609688195244,-0.27505929621592606,0.09801423179055112,NA,0.25,0,0.75,1.444885351885177,1.444885351885177,1.446877677078878,meta_precal_fppg,-0.14218710938205795,0,-0.14218710938205795,0,0,0,FALSE,NA,NA,NA,NA,NA,NA,NA,NA,NA,NA,NA,NA,NA,NA,NA,NA,NA,NA,NA,NA,NA,NA,NA,NA,NA,NA,NA,NA,NA,NA,NA,NA,NA,NA,NA,NA
2026-09-15 19:31:28 -0400,1,00-0038752,Jake Bobo,WR,SEA,NE,1.439595597435757,0,4.668222033118531,High,2.953609688195244,-0.27505929621592606,0.148752577099547,NA,0.25,0,0.75,1.439595597435757,1.439595597435757,1.442645873519342,meta_precal_fppg,-0.6016593101864376,0,-0.6016593101864376,0,0,0,FALSE,NA,NA,NA,NA,NA,NA,NA,NA,NA,NA,NA,NA,NA,NA,NA,NA,NA,NA,NA,NA,NA,NA,NA,NA,NA,NA,NA,NA,NA,NA,NA,NA,NA,NA,NA,NA
2026-09-15 19:31:28 -0400,1,00-0040352,Coleman Owen,WR,IND,BAL,1.4206612991129377,0,5.334337012864215,High,2.953609688195244,-0.27505929621592606,0.08083261719569412,NA,0.25,0,0.75,1.4206612991129377,1.4206612991129377,1.4274984348610866,meta_precal_fppg,-0.1413427292409301,0,-0.1413427292409301,0,0,0,FALSE,NA,NA,NA,NA,NA,NA,NA,NA,NA,NA,NA,NA,NA,NA,NA,NA,NA,NA,NA,NA,NA,NA,NA,NA,NA,NA,NA,NA,NA,NA,NA,NA,NA,NA,NA,NA
2026-09-15 19:31:28 -0400,1,00-0040901,Jaren Kanak,TE,TEN,NYJ,1.400938146962369,0,3.926260232489866,High,2.0221219145803113,0.08544239976820603,0.26373835688203867,NA,0,0,1,1.400938146962369,1.8723542667726067,1.9599712722277944,honest22_fppg,-0.5590331252654255,0,-0.5590331252654255,0,0,0,TRUE,NA,NA,NA,NA,NA,NA,NA,NA,NA,NA,NA,NA,NA,NA,NA,NA,NA,NA,NA,NA,NA,NA,NA,NA,NA,NA,NA,NA,NA,NA,NA,NA,NA,NA,NA,NA
2026-09-15 19:31:28 -0400,1,00-0034771,Mason Rudolph,QB,PIT,ATL,1.39354121682408,0,7.69345121065767,Medium,6.02852928967903,-0.6631990215713139,2.037431201007813,NA,0.5,0.25,0.25,1.39354121682408,3.9111198856927,3.189087573638015,meta_precal_fppg,-1.7955463568139352,0,-1.7955463568139352,0,0,0,TRUE,NA,NA,NA,NA,NA,NA,NA,NA,NA,NA,NA,NA,NA,NA,NA,NA,NA,NA,NA,NA,NA,NA,NA,NA,NA,NA,NA,NA,NA,NA,NA,NA,NA,NA,NA,NA
2026-09-15 19:31:28 -0400,1,00-0038951,Sean Tucker,RB,TB,CIN,1.3862247225504745,0,5.447254343477859,Medium,4.1906550461485725,-0.2945684293235024,0.974209763634057,NA,0.25,0.75,0,1.3862247225504745,1.3862247225504745,5.51674288119436,candidate23_fppg,-1.445994098925348,0,-1.445994098925348,0,0,0,FALSE,NA,NA,NA,NA,NA,NA,NA,NA,NA,NA,NA,NA,NA,NA,NA,NA,NA,NA,NA,NA,NA,NA,NA,NA,NA,NA,NA,NA,NA,NA,NA,NA,NA,NA,NA,NA
2026-09-15 19:31:28 -0400,1,00-0037086,Grant Calcaterra,TE,PHI,WAS,1.3561985480231649,0,4.199566713928209,High,2.0221219145803113,0.06731240568311882,0.25099596289842907,NA,0,0,1,1.3561985480231649,2.1386585007735976,2.020719664896733,honest22_fppg,-0.6645211168735681,0,-0.6645211168735681,0,0,0,TRUE,NA,NA,NA,NA,NA,NA,NA,NA,NA,NA,NA,NA,NA,NA,NA,NA,NA,NA,NA,NA,NA,NA,NA,NA,NA,NA,NA,NA,NA,NA,NA,NA,NA,NA,NA,NA
2026-09-15 19:31:28 -0400,1,00-0038720,Julian Hill,TE,NE,SEA,1.354950142833255,0,3.8964926088590466,High,2.0221219145803113,-0.11229350379427698,0.2627217943284285,NA,0,0,1,1.354950142833255,1.866075147446927,1.8414096469347512,honest22_fppg,-0.4864595041014963,0,-0.4864595041014963,0,0,0,TRUE,NA,NA,NA,NA,NA,NA,NA,NA,NA,NA,NA,NA,NA,NA,NA,NA,NA,NA,NA,NA,NA,NA,NA,NA,NA,NA,NA,NA,NA,NA,NA,NA,NA,NA,NA,NA
2026-09-15 19:31:28 -0400,1,00-0040534,Ke'Shawn Williams,WR,CIN,TB,1.354534596309918,0,4.950797855119201,High,2.953609688195244,-0.27505929621592606,0.15752861344868044,NA,0.25,0,0.75,1.354534596309918,1.354534596309918,1.3745970726186707,meta_precal_fppg,-0.3965593796276088,0,-0.3965593796276088,0,0,0,FALSE,NA,NA,NA,NA,NA,NA,NA,NA,NA,NA,NA,NA,NA,NA,NA,NA,NA,NA,NA,NA,NA,NA,NA,NA,NA,NA,NA,NA,NA,NA,NA,NA,NA,NA,NA,NA
2026-09-15 19:31:28 -0400,1,00-0038394,Will Mallory,TE,IND,BAL,1.3425047521719686,0,4.333858021227241,High,2.0221219145803113,-0.0885136392807829,0.3198892240552764,NA,0,0,1,1.3425047521719686,1.7764961017618164,1.9541069611884012,honest22_fppg,-0.6116022090164327,0,-0.6116022090164327,0,0,0,TRUE,NA,NA,NA,NA,NA,NA,NA,NA,NA,NA,NA,NA,NA,NA,NA,NA,NA,NA,NA,NA,NA,NA,NA,NA,NA,NA,NA,NA,NA,NA,NA,NA,NA,NA,NA,NA
2026-09-15 19:31:28 -0400,1,00-0033246,Johnny Mundt,TE,PHI,WAS,1.3352553056175889,0,3.621336895913267,High,2.0221219145803113,-0.00911685085110265,0.35805213955985665,NA,0,0,1,1.3352553056175889,2.0967051156550944,1.8494842557129576,honest22_fppg,-0.514228950095369,0,-0.514228950095369,0,0,0,TRUE,NA,NA,NA,NA,NA,NA,NA,NA,NA,NA,NA,NA,NA,NA,NA,NA,NA,NA,NA,NA,NA,NA,NA,NA,NA,NA,NA,NA,NA,NA,NA,NA,NA,NA,NA,NA
2026-09-15 19:31:28 -0400,1,00-0033217,Mo Alie-Cox,TE,IND,BAL,1.332955009151496,0,4.109681805857486,High,2.0221219145803113,-0.0899555270672314,0.349524495489483,NA,0,0,1,1.332955009151496,1.9869631639962817,1.838289415314168,honest22_fppg,-0.505334406162672,0,-0.505334406162672,0,0,0,TRUE,NA,NA,NA,NA,NA,NA,NA,NA,NA,NA,NA,NA,NA,NA,NA,NA,NA,NA,NA,NA,NA,NA,NA,NA,NA,NA,NA,NA,NA,NA,NA,NA,NA,NA,NA,NA
2026-09-15 19:31:28 -0400,1,00-0040244,Moliki Matavao,TE,NO,DET,1.3210434500421788,0,3.779780026948071,High,2.0221219145803113,-0.02662021997534603,0.27780770241039376,NA,0,0,1,1.3210434500421788,1.9442102408408348,1.8506010139448128,honest22_fppg,-0.529557563902634,0,-0.529557563902634,0,0,0,TRUE,NA,NA,NA,NA,NA,NA,NA,NA,NA,NA,NA,NA,NA,NA,NA,NA,NA,NA,NA,NA,NA,NA,NA,NA,NA,NA,NA,NA,NA,NA,NA,NA,NA,NA,NA,NA
2026-09-15 19:31:28 -0400,1,00-0040887,Josh Cuevas,TE,BAL,IND,1.3069370220936023,0,4.124438958561979,High,2.0221219145803113,-6.822023610057328e-4,0.25427062035416204,NA,0,0,1,1.3069370220936023,2.093148520423694,1.8654200195468316,honest22_fppg,-0.5584829974532293,0,-0.5584829974532293,0,0,0,TRUE,NA,NA,NA,NA,NA,NA,NA,NA,NA,NA,NA,NA,NA,NA,NA,NA,NA,NA,NA,NA,NA,NA,NA,NA,NA,NA,NA,NA,NA,NA,NA,NA,NA,NA,NA,NA
2026-09-15 19:31:28 -0400,1,00-0041087,Joe Royer,TE,CLE,JAX,1.2458097473695635,0,3.8588543833919657,High,2.0221219145803113,-0.11247863403180136,0.2506638263542707,NA,0,0,1,1.2458097473695635,1.5757421625191956,1.7617103119003876,honest22_fppg,-0.5159005645308239,0,-0.5159005645308239,0,0,0,TRUE,NA,NA,NA,NA,NA,NA,NA,NA,NA,NA,NA,NA,NA,NA,NA,NA,NA,NA,NA,NA,NA,NA,NA,NA,NA,NA,NA,NA,NA,NA,NA,NA,NA,NA,NA,NA
2026-09-15 19:31:28 -0400,1,00-0041398,Riley Nowakowski,TE,PIT,ATL,1.2407871630266083,0,3.9356817300975337,High,2.0221219145803113,0.00612160817598083,0.23391931266490532,NA,0,0,1,1.2407871630266083,1.895119720739645,1.8144353988581132,honest22_fppg,-0.573648235831505,0,-0.573648235831505,0,0,0,TRUE,NA,NA,NA,NA,NA,NA,NA,NA,NA,NA,NA,NA,NA,NA,NA,NA,NA,NA,NA,NA,NA,NA,NA,NA,NA,NA,NA,NA,NA,NA,NA,NA,NA,NA,NA,NA
2026-09-15 19:31:28 -0400,1,00-0041579,Seydou Traore,TE,MIA,LV,1.227208062584384,0,3.6939032991688183,High,2.0221219145803113,-0.08729615000260305,0.23120174779388208,NA,0,0,1,1.227208062584384,1.6832557557808148,1.7444789664839029,honest22_fppg,-0.5172709038995187,0,-0.5172709038995187,0,0,0,TRUE,NA,NA,NA,NA,NA,NA,NA,NA,NA,NA,NA,NA,NA,NA,NA,NA,NA,NA,NA,NA,NA,NA,NA,NA,NA,NA,NA,NA,NA,NA,NA,NA,NA,NA,NA,NA
2026-09-15 19:31:28 -0400,1,00-0040906,Garrett Nussmeier,QB,KC,DEN,1.190972866064405,0,7.984811712914501,Medium,6.02852928967903,-1.1113047634000697,1.529294174816717,NA,0.5,0.25,0.25,1.190972866064405,3.763504569230505,3.3286887458069296,meta_precal_fppg,-2.1377158797425246,0,-2.1377158797425246,0,0,0,TRUE,NA,NA,NA,NA,NA,NA,NA,NA,NA,NA,NA,NA,NA,NA,NA,NA,NA,NA,NA,NA,NA,NA,NA,NA,NA,NA,NA,NA,NA,NA,NA,NA,NA,NA,NA,NA
2026-09-15 19:31:28 -0400,1,00-0038809,Ben Sims,TE,MIA,LV,1.1838031530102928,0,3.786195815178899,High,2.0221219145803113,-0.08585426221615453,0.318679835303107,NA,0,0,1,1.1838031530102928,1.6460809300735446,1.6523512634408484,honest22_fppg,-0.4685481104305556,0,-0.4685481104305556,0,0,0,TRUE,NA,NA,NA,NA,NA,NA,NA,NA,NA,NA,NA,NA,NA,NA,NA,NA,NA,NA,NA,NA,NA,NA,NA,NA,NA,NA,NA,NA,NA,NA,NA,NA,NA,NA,NA,NA
2026-09-15 19:31:28 -0400,1,00-0041366,Jameson Geers,TE,ARI,LAC,1.1720631511996804,0,3.3992726891523155,High,2.0221219145803113,-0.0680772903552109,0.1546590632921915,NA,0,0,1,1.1720631511996804,1.6258740450667228,1.679243221749088,honest22_fppg,-0.5071800705494077,0,-0.5071800705494077,0,0,0,TRUE,NA,NA,NA,NA,NA,NA,NA,NA,NA,NA,NA,NA,NA,NA,NA,NA,NA,NA,NA,NA,NA,NA,NA,NA,NA,NA,NA,NA,NA,NA,NA,NA,NA,NA,NA,NA
2026-09-15 19:31:28 -0400,1,00-0040955,John Michael Gyllenborg,TE,KC,DEN,1.1713857988730807,0,3.814261708276762,High,2.0221219145803113,-0.06097534499805527,0.15171485542681726,NA,0,0,1,1.1713857988730807,1.7771892831627696,1.6828587547367344,honest22_fppg,-0.5114729558636537,0,-0.5114729558636537,0,0,0,TRUE,NA,NA,NA,NA,NA,NA,NA,NA,NA,NA,NA,NA,NA,NA,NA,NA,NA,NA,NA,NA,NA,NA,NA,NA,NA,NA,NA,NA,NA,NA,NA,NA,NA,NA,NA,NA
2026-09-15 19:31:28 -0400,1,00-0040938,DJ Rogers,TE,DAL,NYG,1.1655442184555644,0,3.662660472639299,High,2.0221219145803113,-0.10020021926287996,0.14518862274099564,NA,0,0,1,1.1655442184555644,1.8736098072050773,1.641631310546272,honest22_fppg,-0.47608709209070765,0,-0.47608709209070765,0,0,0,TRUE,NA,NA,NA,NA,NA,NA,NA,NA,NA,NA,NA,NA,NA,NA,NA,NA,NA,NA,NA,NA,NA,NA,NA,NA,NA,NA,NA,NA,NA,NA,NA,NA,NA,NA,NA,NA
2026-09-15 19:31:28 -0400,1,00-0041170,Hayden Large,TE,CHI,CAR,1.1640371961344549,0,3.859108439543876,High,2.0221219145803113,-0.00313517765028515,0.1094015905040224,NA,0,0,1,1.1640371961344549,1.8758186350270751,1.7006366055254696,honest22_fppg,-0.5365994093910147,0,-0.5365994093910147,0,0,0,TRUE,NA,NA,NA,NA,NA,NA,NA,NA,NA,NA,NA,NA,NA,NA,NA,NA,NA,NA,NA,NA,NA,NA,NA,NA,NA,NA,NA,NA,NA,NA,NA,NA,NA,NA,NA,NA
2026-09-15 19:31:28 -0400,1,00-0041314,Tanner Arkin,TE,NE,SEA,1.1561440029715102,0,3.3384931602138828,High,2.0221219145803113,-0.08518961298688367,0.1411977813897031,NA,0,0,1,1.1561440029715102,1.6396716435995358,1.6488140575734578,honest22_fppg,-0.4926700546019476,0,-0.4926700546019476,0,0,0,TRUE,NA,NA,NA,NA,NA,NA,NA,NA,NA,NA,NA,NA,NA,NA,NA,NA,NA,NA,NA,NA,NA,NA,NA,NA,NA,NA,NA,NA,NA,NA,NA,NA,NA,NA,NA,NA
2026-09-15 19:31:28 -0400,1,00-0038589,Josh Whyle,TE,GB,MIN,1.143703780387726,0,3.7504409296078465,Medium,2.9209272089877576,-0.10899441970419424,0.30815799064620697,NA,0,0,1,1.143703780387726,2.0947589993652582,2.130288951828926,honest22_fppg,-0.9865851714412,0,-0.9865851714412,0,0,0,TRUE,NA,NA,NA,NA,NA,NA,NA,NA,NA,NA,NA,NA,NA,NA,NA,NA,NA,NA,NA,NA,NA,NA,NA,NA,NA,NA,NA,NA,NA,NA,NA,NA,NA,NA,NA,NA
2026-09-15 19:31:28 -0400,1,00-0041133,Dallen Bentley,TE,DEN,KC,1.1302244938092678,0,3.756002994804952,High,2.0221219145803113,-0.12499102538611744,0.14251108316110267,NA,0,0,1,1.1302244938092678,1.568224496309679,1.594405304917767,honest22_fppg,-0.46418081110849935,0,-0.46418081110849935,0,0,0,TRUE,NA,NA,NA,NA,NA,NA,NA,NA,NA,NA,NA,NA,NA,NA,NA,NA,NA,NA,NA,NA,NA,NA,NA,NA,NA,NA,NA,NA,NA,NA,NA,NA,NA,NA,NA,NA
2026-09-15 19:31:28 -0400,1,00-0041180,Quentin Moore,TE,WAS,PHI,1.1270143588081032,0,3.408928303644715,High,2.0221219145803113,-0.09133320437911915,0.12886572532823537,NA,0,0,1,1.1270143588081032,1.5514230343738575,1.611540182197623,honest22_fppg,-0.4845258233895199,0,-0.4845258233895199,0,0,0,TRUE,NA,NA,NA,NA,NA,NA,NA,NA,NA,NA,NA,NA,NA,NA,NA,NA,NA,NA,NA,NA,NA,NA,NA,NA,NA,NA,NA,NA,NA,NA,NA,NA,NA,NA,NA,NA
2026-09-15 19:31:28 -0400,1,00-0040853,Carson Towt,TE,IND,BAL,1.1268829620026388,0,3.51814396466824,High,2.0221219145803113,-0.0899555270672314,0.12831389878294794,NA,0,0,1,1.1268829620026388,1.6752560469122073,1.6122415446436804,honest22_fppg,-0.4853585826410416,0,-0.4853585826410416,0,0,0,TRUE,NA,NA,NA,NA,NA,NA,NA,NA,NA,NA,NA,NA,NA,NA,NA,NA,NA,NA,NA,NA,NA,NA,NA,NA,NA,NA,NA,NA,NA,NA,NA,NA,NA,NA,NA,NA
2026-09-15 19:31:28 -0400,1,00-0039737,Tip Reiman,TE,ARI,LAC,1.0973866256324734,0,3.428035931375715,High,2.0221219145803113,-0.0680772903552109,0.32539564777938984,NA,0,0,1,1.0973866256324734,1.5982101385707712,1.5586069020569735,honest22_fppg,-0.4612202764245003,0,-0.4612202764245003,0,0,0,TRUE,NA,NA,NA,NA,NA,NA,NA,NA,NA,NA,NA,NA,NA,NA,NA,NA,NA,NA,NA,NA,NA,NA,NA,NA,NA,NA,NA,NA,NA,NA,NA,NA,NA,NA,NA,NA
2026-09-15 19:31:28 -0400,1,00-0039855,Jalen McMillan,WR,TB,CIN,1.0903404493771074,0,4.440035534769546,Medium,3.83141508023352,-0.09241018811852864,0.8963026026215976,NA,0.25,0,0.75,1.0903404493771074,1.0903404493771074,4.226007338659125,meta_precal_fppg,-0.683253735323324,0,-0.683253735323324,0,0,0,FALSE,NA,NA,NA,NA,NA,NA,NA,NA,NA,NA,NA,NA,NA,NA,NA,NA,NA,NA,NA,NA,NA,NA,NA,NA,NA,NA,NA,NA,NA,NA,NA,NA,NA,NA,NA,NA
2026-09-15 19:31:28 -0400,1,00-0036898,Davis Mills,QB,HOU,BUF,1.0828088535925322,0,8.016168192920803,Medium,6.02852928967903,-1.5568032814104655,1.7133196793278125,NA,0.5,0.25,0.25,1.0828088535925322,3.880828857344953,3.224623202874829,meta_precal_fppg,-2.141814349282297,0,-2.141814349282297,0,0,0,TRUE,NA,NA,NA,NA,NA,NA,NA,NA,NA,NA,NA,NA,NA,NA,NA,NA,NA,NA,NA,NA,NA,NA,NA,NA,NA,NA,NA,NA,NA,NA,NA,NA,NA,NA,NA,NA
2026-09-15 19:31:28 -0400,1,00-0036876,Kylen Granson,TE,TEN,NYJ,1.0815912550023303,0,3.6284258880929743,High,2.0221219145803113,0.08544239976820603,0.12219064846751213,NA,0,0,1,1.0815912550023303,1.4816392883245737,1.6027743928732083,honest22_fppg,-0.5211831378708781,0,-0.5211831378708781,0,0,0,TRUE,NA,NA,NA,NA,NA,NA,NA,NA,NA,NA,NA,NA,NA,NA,NA,NA,NA,NA,NA,NA,NA,NA,NA,NA,NA,NA,NA,NA,NA,NA,NA,NA,NA,NA,NA,NA
2026-09-15 19:31:28 -0400,1,00-0040673,Jalen Milroe,QB,SEA,NE,1.077946084791141,0,7.019045591879917,Medium,6.02852928967903,-1.9327501791585144,1.7929185299193984,NA,0.5,0.25,0.25,1.077946084791141,3.376533427995902,2.9004223097555535,meta_precal_fppg,-1.8224762249644124,0,-1.8224762249644124,0,0,0,TRUE,NA,NA,NA,NA,NA,NA,NA,NA,NA,NA,NA,NA,NA,NA,NA,NA,NA,NA,NA,NA,NA,NA,NA,NA,NA,NA,NA,NA,NA,NA,NA,NA,NA,NA,NA,NA
2026-09-15 19:31:28 -0400,1,00-0033757,Robert Tonyan,TE,PIT,ATL,1.0663498637606166,0,3.6003072898255866,High,2.0221219145803113,-0.01613032919155167,0.24331024908104415,NA,0,0,1,1.0663498637606166,1.680539969354308,1.5604300270917677,honest22_fppg,-0.4940801633311511,0,-0.4940801633311511,0,0,0,TRUE,NA,NA,NA,NA,NA,NA,NA,NA,NA,NA,NA,NA,NA,NA,NA,NA,NA,NA,NA,NA,NA,NA,NA,NA,NA,NA,NA,NA,NA,NA,NA,NA,NA,NA,NA,NA
2026-09-15 19:31:28 -0400,1,00-0039050,Payne Durham,TE,TB,CIN,1.0355994598722706,0,3.556665573189995,High,2.0221219145803113,-0.09725786331604988,0.4406284107481233,NA,0,0,1,1.0355994598722706,1.7658504710249432,1.4482990728543714,honest22_fppg,-0.4126996129821008,0,-0.4126996129821008,0,0,0,TRUE,NA,NA,NA,NA,NA,NA,NA,NA,NA,NA,NA,NA,NA,NA,NA,NA,NA,NA,NA,NA,NA,NA,NA,NA,NA,NA,NA,NA,NA,NA,NA,NA,NA,NA,NA,NA
2026-09-15 19:31:28 -0400,1,00-0038400,Tanner McKee,QB,PHI,WAS,1.0346607243575114,0,8.03304883205159,High,5.774060225635582,-0.1424600781832371,1.336583037126713,NA,0.5,0.25,0.25,1.0346607243575114,3.519463280891737,2.7330413287024777,meta_precal_fppg,-1.6983806043449663,0,-1.6983806043449663,0,0,0,TRUE,NA,NA,NA,NA,NA,NA,NA,NA,NA,NA,NA,NA,NA,NA,NA,NA,NA,NA,NA,NA,NA,NA,NA,NA,NA,NA,NA,NA,NA,NA,NA,NA,NA,NA,NA,NA
2026-09-15 19:31:28 -0400,1,00-0036429,Charlie Woerner,TE,ATL,PIT,1.032968955553187,0,3.244383071631715,High,2.0221219145803113,-0.08253023592225531,0.11101569435147776,NA,0,0,1,1.032968955553187,1.42996903330923,1.5341042240521716,honest22_fppg,-0.5011352684989849,0,-0.5011352684989849,0,0,0,TRUE,NA,NA,NA,NA,NA,NA,NA,NA,NA,NA,NA,NA,NA,NA,NA,NA,NA,NA,NA,NA,NA,NA,NA,NA,NA,NA,NA,NA,NA,NA,NA,NA,NA,NA,NA,NA
2026-09-15 19:31:28 -0400,1,00-0037755,Jelani Woods,TE,NYJ,TEN,1.0289979619874805,0,3.49455641221598,High,2.0221219145803113,-0.13016867524411452,0.45370330401860925,NA,0,0,1,1.0289979619874805,1.4799044995262405,1.4188473946091604,honest22_fppg,-0.38984943262168,0,-0.38984943262168,0,0,0,TRUE,NA,NA,NA,NA,NA,NA,NA,NA,NA,NA,NA,NA,NA,NA,NA,NA,NA,NA,NA,NA,NA,NA,NA,NA,NA,NA,NA,NA,NA,NA,NA,NA,NA,NA,NA,NA
2026-09-15 19:31:28 -0400,1,00-0040211,Graham Mertz,QB,HOU,BUF,1.023380520648641,0,7.58094943309567,Medium,6.02852928967903,-0.8804503011185073,1.1497123595733578,NA,0.5,0.25,0.25,1.023380520648641,3.768618115104229,3.117467043022905,meta_precal_fppg,-2.0940865223742637,0,-2.0940865223742637,0,0,0,TRUE,NA,NA,NA,NA,NA,NA,NA,NA,NA,NA,NA,NA,NA,NA,NA,NA,NA,NA,NA,NA,NA,NA,NA,NA,NA,NA,NA,NA,NA,NA,NA,NA,NA,NA,NA,NA
2026-09-15 19:31:28 -0400,1,00-0040488,Carter Runyon,TE,LV,MIA,0.9968397596372608,0,3.7815831906978,High,2.0221219145803113,0.09799146422195076,0.18298922393070496,NA,0,0,1,0.9968397596372608,1.4376559336154466,1.4977195609790028,honest22_fppg,-0.5008798013417421,0,-0.5008798013417421,0,0,0,TRUE,NA,NA,NA,NA,NA,NA,NA,NA,NA,NA,NA,NA,NA,NA,NA,NA,NA,NA,NA,NA,NA,NA,NA,NA,NA,NA,NA,NA,NA,NA,NA,NA,NA,NA,NA,NA
2026-09-15 19:31:28 -0400,1,00-0040225,Thomas Fidone II,TE,NYG,DAL,0.9841327077361908,0,3.533044288994663,High,2.0221219145803113,0.01587841921064395,0.1867815976754061,NA,0,0,1,0.9841327077361908,1.499498626243105,1.51023448835149,honest22_fppg,-0.5261017806152992,0,-0.5261017806152992,0,0,0,TRUE,NA,NA,NA,NA,NA,NA,NA,NA,NA,NA,NA,NA,NA,NA,NA,NA,NA,NA,NA,NA,NA,NA,NA,NA,NA,NA,NA,NA,NA,NA,NA,NA,NA,NA,NA,NA
2026-09-15 19:31:28 -0400,1,00-0040215,Gavin Bartholomew,TE,MIN,GB,0.9795682062990798,0,3.663909924049265,High,2.0221219145803113,0.03591716709176253,0.17897897686695086,NA,0,0,1,0.9795682062990798,1.5221656544984328,1.511406181099105,honest22_fppg,-0.5318379748000253,0,-0.5318379748000253,0,0,0,TRUE,NA,NA,NA,NA,NA,NA,NA,NA,NA,NA,NA,NA,NA,NA,NA,NA,NA,NA,NA,NA,NA,NA,NA,NA,NA,NA,NA,NA,NA,NA,NA,NA,NA,NA,NA,NA
2026-09-15 19:31:28 -0400,1,00-0039824,Jared Wiley,TE,KC,DEN,0.9734186515054746,0,2.9521371250979107,High,2.0221219145803113,-0.06097534499805527,0.15547042074758852,NA,0,0,1,0.9734186515054746,1.5425526508664125,1.4635256276800552,honest22_fppg,-0.4901069761745806,0,-0.4901069761745806,0,0,0,TRUE,NA,NA,NA,NA,NA,NA,NA,NA,NA,NA,NA,NA,NA,NA,NA,NA,NA,NA,NA,NA,NA,NA,NA,NA,NA,NA,NA,NA,NA,NA,NA,NA,NA,NA,NA,NA
2026-09-15 19:31:28 -0400,1,00-0040203,Will Howard,QB,PIT,ATL,0.9695054710617752,0,7.501365017039116,Medium,6.02852928967903,-0.9380692167041575,1.116511784750606,NA,0.5,0.25,0.25,0.9695054710617752,3.639811571531347,3.105726056432088,meta_precal_fppg,-2.136220585370313,0,-2.136220585370313,0,0,0,TRUE,NA,NA,NA,NA,NA,NA,NA,NA,NA,NA,NA,NA,NA,NA,NA,NA,NA,NA,NA,NA,NA,NA,NA,NA,NA,NA,NA,NA,NA,NA,NA,NA,NA,NA,NA,NA
2026-09-15 19:31:28 -0400,1,00-0036556,Brevin Jordan,TE,HOU,BUF,0.9595348425209468,0,3.237246765210932,High,2.0221219145803113,-0.10020021926287996,0.2253006390824952,NA,0,0,1,0.9595348425209468,1.4244229748058697,1.4210855472152994,honest22_fppg,-0.4615507046943528,0,-0.4615507046943528,0,0,0,TRUE,NA,NA,NA,NA,NA,NA,NA,NA,NA,NA,NA,NA,NA,NA,NA,NA,NA,NA,NA,NA,NA,NA,NA,NA,NA,NA,NA,NA,NA,NA,NA,NA,NA,NA,NA,NA
2026-09-15 19:31:28 -0400,1,00-0038564,Cameron Latu,TE,NE,SEA,0.9563913820998172,0,3.474638437063924,High,2.0221219145803113,-0.08518961298688367,0.17413856297892535,NA,0,0,1,0.9563913820998172,1.3502311351667082,1.438633284867656,honest22_fppg,-0.48224190276783874,0,-0.48224190276783874,0,0,0,TRUE,NA,NA,NA,NA,NA,NA,NA,NA,NA,NA,NA,NA,NA,NA,NA,NA,NA,NA,NA,NA,NA,NA,NA,NA,NA,NA,NA,NA,NA,NA,NA,NA,NA,NA,NA,NA
2026-09-15 19:31:28 -0400,1,00-0040240,Caleb Lohner,TE,DEN,KC,0.9438243652885674,0,3.43753178035146,High,2.0221219145803113,-0.12499102538611744,0.20740636514813623,NA,0,0,1,0.9438243652885674,1.295955990059252,1.398123500231612,honest22_fppg,-0.45429913494304475,0,-0.45429913494304475,0,0,0,TRUE,NA,NA,NA,NA,NA,NA,NA,NA,NA,NA,NA,NA,NA,NA,NA,NA,NA,NA,NA,NA,NA,NA,NA,NA,NA,NA,NA,NA,NA,NA,NA,NA,NA,NA,NA,NA
2026-09-15 19:31:28 -0400,1,00-0039814,Erick All,TE,CIN,TB,0.9395079971358508,0,3.384083435958984,High,2.0221219145803113,-0.06853162154257407,0.20368299303283624,NA,0,0,1,0.9395079971358508,1.6319006848058804,1.4281885575068587,honest22_fppg,-0.48868056037100793,0,-0.48868056037100793,0,0,0,TRUE,NA,NA,NA,NA,NA,NA,NA,NA,NA,NA,NA,NA,NA,NA,NA,NA,NA,NA,NA,NA,NA,NA,NA,NA,NA,NA,NA,NA,NA,NA,NA,NA,NA,NA,NA,NA
2026-09-15 19:31:28 -0400,1,00-0040509,Ben Yurosek,TE,MIN,GB,0.9299674202786632,0,3.011346951861516,High,2.0221219145803113,0.03591716709176253,0.211460061366274,NA,0,0,1,0.9299674202786632,1.4999740083492814,1.432989016864406,honest22_fppg,-0.5030215965857426,0,-0.5030215965857426,0,0,0,TRUE,NA,NA,NA,NA,NA,NA,NA,NA,NA,NA,NA,NA,NA,NA,NA,NA,NA,NA,NA,NA,NA,NA,NA,NA,NA,NA,NA,NA,NA,NA,NA,NA,NA,NA,NA,NA
2026-09-15 19:31:28 -0400,1,00-0040504,Bryson Nesbit,TE,MIN,GB,0.92983631367031,0,3.376002278830997,High,2.0221219145803113,0.03591716709176253,0.2236876602802005,NA,0,0,1,0.92983631367031,1.4594109014175305,1.4630735601721807,honest22_fppg,-0.5332372465018708,0,-0.5332372465018708,0,0,0,TRUE,NA,NA,NA,NA,NA,NA,NA,NA,NA,NA,NA,NA,NA,NA,NA,NA,NA,NA,NA,NA,NA,NA,NA,NA,NA,NA,NA,NA,NA,NA,NA,NA,NA,NA,NA,NA
2026-09-15 19:31:28 -0400,1,00-0031484,Chris Manhertz,TE,NYG,DAL,0.9150761163370726,0,3.116193764609805,High,2.0221219145803113,0.01587841921064395,0.26680564876602464,NA,0,0,1,0.9150761163370726,1.5008784572654217,1.3925943618203256,honest22_fppg,-0.4775182454832529,0,-0.4775182454832529,0,0,0,TRUE,NA,NA,NA,NA,NA,NA,NA,NA,NA,NA,NA,NA,NA,NA,NA,NA,NA,NA,NA,NA,NA,NA,NA,NA,NA,NA,NA,NA,NA,NA,NA,NA,NA,NA,NA,NA
2026-09-15 19:31:28 -0400,1,00-0037078,Cole Turner,TE,MIA,LV,0.906422864931439,0,3.646417466306719,High,2.0221219145803113,-0.0899555270672314,0.21439901575286205,NA,0,0,1,0.906422864931439,1.2022766123919395,1.3870191390144986,honest22_fppg,-0.4805962740830596,0,-0.4805962740830596,0,0,0,TRUE,NA,NA,NA,NA,NA,NA,NA,NA,NA,NA,NA,NA,NA,NA,NA,NA,NA,NA,NA,NA,NA,NA,NA,NA,NA,NA,NA,NA,NA,NA,NA,NA,NA,NA,NA,NA
2026-09-15 19:31:28 -0400,1,00-0040390,Jackson Meeks,TE,DET,NO,0.905651147328958,0,3.231949444259912,High,2.0221219145803113,-0.08518961298688367,0.21507855304387904,NA,0,0,1,0.905651147328958,1.6358776197346638,1.3890529683245236,honest22_fppg,-0.4834018209955656,0,-0.4834018209955656,0,0,0,TRUE,NA,NA,NA,NA,NA,NA,NA,NA,NA,NA,NA,NA,NA,NA,NA,NA,NA,NA,NA,NA,NA,NA,NA,NA,NA,NA,NA,NA,NA,NA,NA,NA,NA,NA,NA,NA
2026-09-15 19:31:28 -0400,1,00-0038498,E.J. Jenkins,TE,PHI,WAS,0.9017536483842442,0,3.3944784137500545,High,2.0221219145803113,0.0209330767045615,0.27027155761002397,NA,0,0,1,0.9017536483842442,1.4470671089545388,1.428693035242286,honest22_fppg,-0.5269393868580418,0,-0.5269393868580418,0,0,0,TRUE,NA,NA,NA,NA,NA,NA,NA,NA,NA,NA,NA,NA,NA,NA,NA,NA,NA,NA,NA,NA,NA,NA,NA,NA,NA,NA,NA,NA,NA,NA,NA,NA,NA,NA,NA,NA
2026-09-15 19:31:28 -0400,1,00-0037311,Ko Kieft,TE,TB,CIN,0.9001663470953567,0,3.1029298713390463,High,2.0221219145803113,-0.09991724038067824,0.22913151185162617,NA,0,0,1,0.9001663470953567,1.4375423614090914,1.3730304435302594,honest22_fppg,-0.4728640964349027,0,-0.4728640964349027,0,0,0,TRUE,NA,NA,NA,NA,NA,NA,NA,NA,NA,NA,NA,NA,NA,NA,NA,NA,NA,NA,NA,NA,NA,NA,NA,NA,NA,NA,NA,NA,NA,NA,NA,NA,NA,NA,NA,NA
2026-09-15 19:31:28 -0400,1,00-0038735,Princeton Fant,TE,DAL,NYG,0.8879600182562501,0,3.4158324404344973,High,2.0221219145803113,-0.10020021926287996,0.2708092996873779,NA,0,0,1,0.8879600182562501,1.4818072045020023,1.3542257579143473,honest22_fppg,-0.4662657396580971,0,-0.4662657396580971,0,0,0,TRUE,NA,NA,NA,NA,NA,NA,NA,NA,NA,NA,NA,NA,NA,NA,NA,NA,NA,NA,NA,NA,NA,NA,NA,NA,NA,NA,NA,NA,NA,NA,NA,NA,NA,NA,NA,NA
2026-09-15 19:31:28 -0400,1,00-0037031,Nikola Kalinic,TE,CHI,CAR,0.8870881482443794,0,2.9625162167018946,High,2.0221219145803113,-0.00313517765028515,0.25883428413942466,NA,0,0,1,0.8870881482443794,1.484278082727687,1.414016973384996,honest22_fppg,-0.5269288251406165,0,-0.5269288251406165,0,0,0,TRUE,NA,NA,NA,NA,NA,NA,NA,NA,NA,NA,NA,NA,NA,NA,NA,NA,NA,NA,NA,NA,NA,NA,NA,NA,NA,NA,NA,NA,NA,NA,NA,NA,NA,NA,NA,NA
2026-09-15 19:31:28 -0400,1,00-0040598,Mark Redman,TE,GB,MIN,0.8776637287582945,0,3.3415361489995243,High,2.0221219145803113,-0.10899441970419424,0.23823825653831388,NA,0,0,1,0.8776637287582945,1.340917408488156,1.3479946452659424,honest22_fppg,-0.47033091650764786,0,-0.47033091650764786,0,0,0,TRUE,NA,NA,NA,NA,NA,NA,NA,NA,NA,NA,NA,NA,NA,NA,NA,NA,NA,NA,NA,NA,NA,NA,NA,NA,NA,NA,NA,NA,NA,NA,NA,NA,NA,NA,NA,NA
2026-09-15 19:31:28 -0400,1,00-0041414,Matthew Caldwell,QB,LA,SF,0.8676929094401138,0,6.9781500174573985,Medium,6.02852928967903,-1.197888424235209,2.2320805414475746,NA,0.5,0.25,0.25,0.8676929094401138,4.24150265614686,3.095581895830927,meta_precal_fppg,-2.227888986390813,0,-2.227888986390813,0,0,0,TRUE,NA,NA,NA,NA,NA,NA,NA,NA,NA,NA,NA,NA,NA,NA,NA,NA,NA,NA,NA,NA,NA,NA,NA,NA,NA,NA,NA,NA,NA,NA,NA,NA,NA,NA,NA,NA
2026-09-15 19:31:28 -0400,1,00-0039263,McCallan Castles,TE,GB,MIN,0.8659781474622148,0,3.5430370904612705,High,2.0221219145803113,-0.10899441970419424,0.2626356525541585,NA,0,0,1,0.8659781474622148,1.3191606252627248,1.3335352192959538,honest22_fppg,-0.4675570718337389,0,-0.4675570718337389,0,0,0,TRUE,NA,NA,NA,NA,NA,NA,NA,NA,NA,NA,NA,NA,NA,NA,NA,NA,NA,NA,NA,NA,NA,NA,NA,NA,NA,NA,NA,NA,NA,NA,NA,NA,NA,NA,NA,NA
2026-09-15 19:31:28 -0400,1,00-0039936,Thomas Yassmin,TE,GB,MIN,0.8659781474622148,0,3.325494467482434,High,2.0221219145803113,-0.10899441970419424,0.2626356525541585,NA,0,0,1,0.8659781474622148,1.3191606252627248,1.3335352192959538,honest22_fppg,-0.4675570718337389,0,-0.4675570718337389,0,0,0,TRUE,NA,NA,NA,NA,NA,NA,NA,NA,NA,NA,NA,NA,NA,NA,NA,NA,NA,NA,NA,NA,NA,NA,NA,NA,NA,NA,NA,NA,NA,NA,NA,NA,NA,NA,NA,NA
2026-09-15 19:31:28 -0400,1,00-0037077,Sam Howell,QB,DAL,NYG,0.8654313681600665,0,7.214938819120409,Medium,6.02852928967903,-1.7298870265473971,2.0936260875227974,NA,0.5,0.25,0.25,0.8654313681600665,3.5748672446684533,3.1678820938640375,meta_precal_fppg,-2.302450725703971,0,-2.302450725703971,0,0,0,TRUE,NA,NA,NA,NA,NA,NA,NA,NA,NA,NA,NA,NA,NA,NA,NA,NA,NA,NA,NA,NA,NA,NA,NA,NA,NA,NA,NA,NA,NA,NA,NA,NA,NA,NA,NA,NA
2026-09-15 19:31:28 -0400,1,00-0038145,Thomas Odukoya,TE,KC,DEN,0.861398299218157,0,2.938288151437712,High,2.0221219145803113,-0.06097534499805527,0.2649279203435819,NA,0,0,1,0.861398299218157,1.333485660450514,1.3579812745533884,honest22_fppg,-0.4965829753352314,0,-0.4965829753352314,0,0,0,TRUE,NA,NA,NA,NA,NA,NA,NA,NA,NA,NA,NA,NA,NA,NA,NA,NA,NA,NA,NA,NA,NA,NA,NA,NA,NA,NA,NA,NA,NA,NA,NA,NA,NA,NA,NA,NA
2026-09-15 19:31:28 -0400,1,00-0040058,Nick Kallerup,TE,SEA,NE,0.8377445758219422,0,2.9453293806850205,High,2.0221219145803113,-0.12730411007027329,0.26660976939249553,NA,0,0,1,0.8377445758219422,1.3342275704327786,1.299825744451688,honest22_fppg,-0.4620811686297459,0,-0.4620811686297459,0,0,0,TRUE,NA,NA,NA,NA,NA,NA,NA,NA,NA,NA,NA,NA,NA,NA,NA,NA,NA,NA,NA,NA,NA,NA,NA,NA,NA,NA,NA,NA,NA,NA,NA,NA,NA,NA,NA,NA
2026-09-15 19:31:28 -0400,1,00-0039648,David Martin-Robinson,TE,TEN,NYJ,0.7552840398094003,0,3.2508302298100653,Medium,2.9209272089877576,0.08544239976820603,0.33046438046523446,NA,0,0,1,0.7552840398094003,1.3565843860341456,1.7145141658554688,honest22_fppg,-0.9592301260460684,0,-0.9592301260460684,0,0,0,TRUE,NA,NA,NA,NA,NA,NA,NA,NA,NA,NA,NA,NA,NA,NA,NA,NA,NA,NA,NA,NA,NA,NA,NA,NA,NA,NA,NA,NA,NA,NA,NA,NA,NA,NA,NA,NA
2026-09-15 19:31:28 -0400,1,00-0040234,Quinn Ewers,QB,JAX,CLE,0.6928032985043502,0,6.7993855543816935,Medium,6.02852928967903,-1.2135296944566636,2.15508773105689,NA,0.5,0.25,0.25,0.6928032985043502,3.4483717249391788,2.78496465273067,meta_precal_fppg,-2.09216135422632,0,-2.09216135422632,0,0,0,TRUE,NA,NA,NA,NA,NA,NA,NA,NA,NA,NA,NA,NA,NA,NA,NA,NA,NA,NA,NA,NA,NA,NA,NA,NA,NA,NA,NA,NA,NA,NA,NA,NA,NA,NA,NA,NA
2026-09-15 19:31:28 -0400,1,00-0039534,Carter Bradley,QB,JAX,CLE,0.6747047564796613,0,7.094043395791925,Medium,6.02852928967903,-1.564311446921801,1.324486899221717,NA,0.5,0.25,0.25,0.6747047564796613,3.258915658154222,2.7270803018428804,meta_precal_fppg,-2.052375545363219,0,-2.052375545363219,0,0,0,TRUE,NA,NA,NA,NA,NA,NA,NA,NA,NA,NA,NA,NA,NA,NA,NA,NA,NA,NA,NA,NA,NA,NA,NA,NA,NA,NA,NA,NA,NA,NA,NA,NA,NA,NA,NA,NA
2026-09-15 19:31:28 -0400,1,00-0040891,Cole Payton,QB,PHI,WAS,0.6381357437253219,0,6.985197029601901,Medium,6.02852928967903,0.01992465861814124,1.62535317385903,NA,0.5,0.25,0.25,0.6381357437253219,3.912065756331308,2.86199445490867,meta_precal_fppg,-2.223858711183348,0,-2.223858711183348,0,0,0,TRUE,NA,NA,NA,NA,NA,NA,NA,NA,NA,NA,NA,NA,NA,NA,NA,NA,NA,NA,NA,NA,NA,NA,NA,NA,NA,NA,NA,NA,NA,NA,NA,NA,NA,NA,NA,NA
2026-09-15 19:31:28 -0400,1,00-0033949,Joshua Dobbs,QB,DET,NO,0.49836654585951035,0,7.23800689655699,Medium,6.02852928967903,-0.7670287312022499,1.6131576699435346,NA,0.5,0.25,0.25,0.49836654585951035,3.53601825515529,2.70756968129837,meta_precal_fppg,-2.2092031354388597,0,-2.2092031354388597,0,0,0,TRUE,NA,NA,NA,NA,NA,NA,NA,NA,NA,NA,NA,NA,NA,NA,NA,NA,NA,NA,NA,NA,NA,NA,NA,NA,NA,NA,NA,NA,NA,NA,NA,NA,NA,NA,NA,NA
2026-09-15 19:31:28 -0400,1,00-0036842,Kene Nwangwu,RB,NYJ,TEN,0.39002240331065463,0,4.154054816592799,High,3.0109528980360203,-0.5403789424492913,0.3718716516417042,NA,0.25,0.75,0,0.39002240331065463,0.39002240331065463,1.4497690726598131,candidate23_fppg,-0.540715366659264,0,-0.540715366659264,0,0,0,FALSE,NA,NA,NA,NA,NA,NA,NA,NA,NA,NA,NA,NA,NA,NA,NA,NA,NA,NA,NA,NA,NA,NA,NA,NA,NA,NA,NA,NA,NA,NA,NA,NA,NA,NA,NA,NA
2026-09-15 19:31:28 -0400,1,00-0036212,Tua Tagovailoa,QB,ATL,PIT,0,0,0,Medium,6.02852928967903,-1.120657307340948,1.7036917808059933,NA,0.5,0.25,0.25,0,0,12.401638421551882,meta_precal_fppg,-1.4636980146325629,0,-1.4636980146325629,0,0,0,TRUE,NA,NA,NA,NA,NA,NA,NA,NA,NA,NA,NA,NA,NA,NA,NA,NA,NA,NA,NA,NA,NA,NA,NA,NA,NA,NA,NA,NA,NA,NA,NA,NA,NA,NA,NA,NA
2026-09-15 19:31:28 -0400,1,00-0039917,Michael Penix Jr.,QB,ATL,PIT,0,0,0,Medium,6.02852928967903,-1.9372754517115287,1.7442694832522925,NA,0.5,0.25,0.25,0,0,11.224487676202,meta_precal_fppg,-1.4344364085918286,0,-1.4344364085918286,0,0,0,TRUE,NA,NA,NA,NA,NA,NA,NA,NA,NA,NA,NA,NA,NA,NA,NA,NA,NA,NA,NA,NA,NA,NA,NA,NA,NA,NA,NA,NA,NA,NA,NA,NA,NA,NA,NA,NA
2026-09-15 19:31:28 -0400,1,00-0037563,Malik Davis,RB,DAL,NYG,0,0,0,Medium,4.1906550461485725,-0.4164013896152322,1.0039079060662184,NA,0.25,0.75,0,0,0,3.845968887551849,candidate23_fppg,-0.15332244003457005,0,-0.15332244003457005,0,0,0,FALSE,NA,NA,NA,NA,NA,NA,NA,NA,NA,NA,NA,NA,NA,NA,NA,NA,NA,NA,NA,NA,NA,NA,NA,NA,NA,NA,NA,NA,NA,NA,NA,NA,NA,NA,NA,NA
2026-09-15 19:31:28 -0400,1,00-0039373,Audric Estimé,RB,NO,DET,0,0,0,Medium,4.1906550461485725,-0.47553789305375954,1.0792560126057236,NA,0.25,0.75,0,0,0,4.749874861929057,candidate23_fppg,0.10762406669757275,0,0.10762406669757275,0,0,0,FALSE,NA,NA,NA,NA,NA,NA,NA,NA,NA,NA,NA,NA,NA,NA,NA,NA,NA,NA,NA,NA,NA,NA,NA,NA,NA,NA,NA,NA,NA,NA,NA,NA,NA,NA,NA,NA
2026-09-15 19:31:28 -0400,1,00-0040734,TreVeyon Henderson,RB,NE,SEA,0,0,0,High,3.0109528980360203,-0.40023662569916346,0.13426130046716186,NA,0.25,0.75,0,0,0,11.957120652337576,candidate23_fppg,-0.7889048414583534,0,-0.7889048414583534,0,0,0,FALSE,NA,NA,NA,NA,NA,NA,NA,NA,NA,NA,NA,NA,NA,NA,NA,NA,NA,NA,NA,NA,NA,NA,NA,NA,NA,NA,NA,NA,NA,NA,NA,NA,NA,NA,NA,NA
2026-09-15 19:31:28 -0400,1,00-0039338,Brock Bowers,TE,LV,MIA,0,0,0,Low,4.125637639554982,0.8341443218490026,1.522236690955456,NA,0,0,1,0,0,8.364165461231059,honest22_fppg,-1.3922111517960525,0,-1.3922111517960525,0,0,0,TRUE,NA,NA,NA,NA,NA,NA,NA,NA,NA,NA,NA,NA,NA,NA,NA,NA,NA,NA,NA,NA,NA,NA,NA,NA,NA,NA,NA,NA,NA,NA,NA,NA,NA,NA,NA,NA
2026-09-15 19:31:28 -0400,1,00-0041041,Oscar Delp,TE,NO,DET,0,0,0,High,2.0221219145803113,0.00726954005341041,0.3979083756890198,NA,0,0,1,0,0,2.6107341633304344,honest22_fppg,-0.7206811818693588,0,-0.7206811818693588,0,0,0,TRUE,NA,NA,NA,NA,NA,NA,NA,NA,NA,NA,NA,NA,NA,NA,NA,NA,NA,NA,NA,NA,NA,NA,NA,NA,NA,NA,NA,NA,NA,NA,NA,NA,NA,NA,NA,NA
2026-09-15 19:31:28 -0400,1,00-0041483,Eli Stowers,TE,PHI,WAS,0,0,0,Medium,2.9209272089877576,0.21332673051976217,0.465321248235938,NA,0,0,1,0,0,2.8163037853776856,honest22_fppg,-0.7168664119645329,0,-0.7168664119645329,0,0,0,TRUE,NA,NA,NA,NA,NA,NA,NA,NA,NA,NA,NA,NA,NA,NA,NA,NA,NA,NA,NA,NA,NA,NA,NA,NA,NA,NA,NA,NA,NA,NA,NA,NA,NA,NA,NA,NA
2026-09-15 19:31:28 -0400,1,00-0033375,Tim Patrick,WR,NYJ,TEN,0,0,0,High,2.953609688195244,-0.17899340997556606,0.4002090416914872,NA,0.25,0,0.75,0,0,2.980361512422055,meta_precal_fppg,-0.8310923399958728,0,-0.8310923399958728,0,0,0,FALSE,NA,NA,NA,NA,NA,NA,NA,NA,NA,NA,NA,NA,NA,NA,NA,NA,NA,NA,NA,NA,NA,NA,NA,NA,NA,NA,NA,NA,NA,NA,NA,NA,NA,NA,NA,NA
2026-09-15 19:31:39 -0400,1,00-0035700,Josh Jacobs,RB,GB,MIN,13.97862341507708,10.175057750540592,17.739848781729965,Medium,4.1906550461485725,-0.3648866899252319,0.9980858336903116,NA,NA,NA,NA,NA,NA,NA,NA,NA,NA,NA,NA,NA,NA,NA,2.4,14.173422487085045,13.97862341507708,2.3,0.1947990720079639,0.587200765400449,9.637090183689004,1,-5.80017024541962,Committee,FALSE,3.6306735118838698,NA,NA,NA,NA,NA,NA,NA,NA,NA,NA,NA,NA,NA,NA,NA,NA,NA,NA,NA,NA,NA,NA,NA,NA
2026-09-15 19:31:39 -0400,1,00-0039923,J.J. McCarthy,QB,MIN,GB,13.470573686118868,7.182629135253736,19.130183665637517,Medium,6.02852928967903,-0.3513431067979713,1.8836600156855403,NA,NA,NA,NA,NA,NA,NA,NA,NA,NA,NA,NA,NA,NA,NA,2.4,13.161341095149735,13.470573686118868,2.3,-0.3092325909691329,-0.7428813738643281,10.205674395129364,1,-4.006956122096376,Pocket,FALSE,3.9257696903617822,NA,NA,NA,NA,NA,NA,NA,NA,NA,NA,NA,NA,NA,NA,NA,NA,NA,NA,NA,NA,NA,NA,NA,NA
2026-09-15 19:31:39 -0400,1,00-0041562,Fernando Mendoza,QB,LV,MIA,12.866703643835596,6.579801022429871,19.42304363760527,Medium,6.02852928967903,0.21603788715394184,2.299362355395026,NA,NA,NA,NA,NA,NA,NA,NA,NA,NA,NA,NA,NA,NA,NA,2.4,12.925343189450986,12.866703643835596,2.3,0.05863954561539072,-0.3400712098163036,13.250583818532448,1,-1.7757123991350436,Pocket,FALSE,3.152716359924709,NA,NA,NA,NA,NA,NA,NA,NA,NA,NA,NA,NA,NA,NA,NA,NA,NA,NA,NA,NA,NA,NA,NA,NA
2026-09-15 19:31:39 -0400,1,00-0036945,Justin Fields,QB,KC,DEN,12.133296739298189,5.4538686043814,18.459799905827825,Medium,6.02852928967903,-0.8214499613141533,2.2250837730953505,NA,NA,NA,NA,NA,NA,NA,NA,NA,NA,NA,NA,NA,NA,NA,2.4,11.770217314827129,12.133296739298189,2.3,-0.36307942447105773,-0.3013320983121082,11.044831597646718,1,-1.7752078153697737,Pocket,FALSE,3.2797221258666327,NA,NA,NA,NA,NA,NA,NA,NA,NA,NA,NA,NA,NA,NA,NA,NA,NA,NA,NA,NA,NA,NA,NA,NA
2026-09-15 19:31:39 -0400,1,00-0032268,Marcus Mariota,QB,WAS,PHI,11.084430986485094,4.63783958248551,17.33183789822582,Medium,6.02852928967903,-1.3178849775184127,1.7679369007963437,NA,NA,NA,NA,NA,NA,NA,NA,NA,NA,NA,NA,NA,NA,NA,2.4,10.24589803349287,11.084430986485094,2.3,-0.8385329529922249,-0.842068682039137,12.565140834943149,1,-0.38894375972822104,Pocket,FALSE,2.76310807639393,NA,NA,NA,NA,NA,NA,NA,NA,NA,NA,NA,NA,NA,NA,NA,NA,NA,NA,NA,NA,NA,NA,NA,NA
2026-09-15 19:31:39 -0400,1,00-0041568,Ty Simpson,QB,LA,SF,11.029053516627943,4.7216913519326775,17.819249791238896,Medium,6.02852928967903,0.02250478650327354,1.3727415572942216,NA,NA,NA,NA,NA,NA,NA,NA,NA,NA,NA,NA,NA,NA,NA,2.4,11.049726815478133,11.029053516627943,2.3,0.02067329885018709,-0.7782066634875411,10.666248939643586,1,-2.019408388914922,Pocket,FALSE,2.4284382211015836,NA,NA,NA,NA,NA,NA,NA,NA,NA,NA,NA,NA,NA,NA,NA,NA,NA,NA,NA,NA,NA,NA,NA,NA
2026-09-15 19:31:39 -0400,1,00-0033869,Mitchell Trubisky,QB,TEN,NYJ,10.941695058292275,4.577492725419972,17.645616840194922,Medium,6.02852928967903,-0.3330134968939321,0.9482692677034268,NA,NA,NA,NA,NA,NA,NA,NA,NA,NA,NA,NA,NA,NA,NA,2.4,10.654732502550646,10.941695058292275,2.3,-0.28696255574163027,1.3795377647262734,11.477896621503929,1,0.8078210297904693,Pocket,FALSE,1.8861327980566376,NA,NA,NA,NA,NA,NA,NA,NA,NA,NA,NA,NA,NA,NA,NA,NA,NA,NA,NA,NA,NA,NA,NA,NA
2026-09-15 19:31:39 -0400,1,00-0036972,Mac Jones,QB,SF,LA,9.664647742508627,3.4062412441813628,15.824979120723365,Medium,6.02852928967903,-0.3940552126393336,1.852070120304346,NA,NA,NA,NA,NA,NA,NA,NA,NA,NA,NA,NA,NA,NA,NA,2.4,8.643044069142896,9.664647742508627,2.3,-1.0216036733657328,1.3171250264152607,9.732043356643915,1,-0.5166783634114775,Pocket,FALSE,3.1690015449495283,NA,NA,NA,NA,NA,NA,NA,NA,NA,NA,NA,NA,NA,NA,NA,NA,NA,NA,NA,NA,NA,NA,NA,NA
2026-09-15 19:31:39 -0400,1,00-0039165,Zach Charbonnet,RB,SEA,NE,9.56956297711813,5.84681672886427,13.629891897418698,Medium,4.1906550461485725,-0.2231396621009032,0.9953979404271892,NA,NA,NA,NA,NA,NA,NA,NA,NA,NA,NA,NA,NA,NA,NA,2.4,8.908258596057154,9.56956297711813,2.3,-0.6613043810609764,0.6853892564271156,8.278820329975712,1,-2.1427319120574726,Committee,FALSE,2.5210205489209967,NA,NA,NA,NA,NA,NA,NA,NA,NA,NA,NA,NA,NA,NA,NA,NA,NA,NA,NA,NA,NA,NA,NA,NA
2026-09-15 19:31:39 -0400,1,00-0033553,James Conner,RB,ARI,LAC,8.76416766706064,5.062278602081857,12.002606591892947,Medium,4.1906550461485725,-0.29193477396364576,0.9444074985547872,NA,NA,NA,NA,NA,NA,NA,NA,NA,NA,NA,NA,NA,NA,NA,2.4,8.359544800491788,8.76416766706064,2.3,-0.40462286656885255,0.4936668265447834,5.218028433852912,1,-5.017605748647832,Committee,FALSE,3.3827858525755516,NA,NA,NA,NA,NA,NA,NA,NA,NA,NA,NA,NA,NA,NA,NA,NA,NA,NA,NA,NA,NA,NA,NA,NA
2026-09-15 19:31:39 -0400,1,00-0031503,Jameis Winston,QB,NYG,DAL,8.355998403823673,2.0680538529585397,15.16453701449236,Medium,6.02852928967903,-0.7034039781134764,1.598768650818277,NA,NA,NA,NA,NA,NA,NA,NA,NA,NA,NA,NA,NA,NA,NA,2.4,8.035222596570936,8.355998403823673,2.3,-0.32077580725273735,-2.010026676346342,10.907608870188254,1,1.493659199687233,Pocket,FALSE,3.023783398673989,NA,NA,NA,NA,NA,NA,NA,NA,NA,NA,NA,NA,NA,NA,NA,NA,NA,NA,NA,NA,NA,NA,NA,NA
2026-09-15 19:31:39 -0400,1,00-0041029,Jordyn Tyson,WR,NO,DET,8.276110784906624,4.732008206856252,11.699101168230236,Medium,3.83141508023352,0,0.6999347400041905,NA,NA,NA,NA,NA,NA,NA,NA,NA,NA,NA,NA,NA,NA,NA,2.4,7.685168249752173,8.276110784906624,2.3,-0.5909425351544516,0.10212683442913216,8.624442767800389,1,0.1876309266275502,Secondary,FALSE,1.219284935592066,NA,NA,NA,NA,NA,NA,NA,NA,NA,NA,NA,NA,NA,NA,NA,NA,NA,NA,NA,NA,NA,NA,NA,NA
2026-09-15 19:31:39 -0400,1,00-0041561,Carson Beck,QB,ARI,LAC,8.254764050194286,1.3884142417969887,14.289142567581726,Medium,6.02852928967903,-1.3315031952848302,1.915092498836726,NA,NA,NA,NA,NA,NA,NA,NA,NA,NA,NA,NA,NA,NA,NA,2.4,6.826039832266134,8.254764050194286,2.3,-1.428724217928152,-0.7146600095513006,7.311548218298181,1,-2.6710958750122993,Pocket,FALSE,4.198035804256742,NA,NA,NA,NA,NA,NA,NA,NA,NA,NA,NA,NA,NA,NA,NA,NA,NA,NA,NA,NA,NA,NA,NA,NA
2026-09-15 19:31:39 -0400,1,00-0040014,Kyle McCord,QB,MIA,LV,8.071271919231862,1.3805985196014314,14.64596617645546,High,5.774060225635582,-1.380755364528916,0.9325104873783056,NA,NA,NA,NA,NA,NA,NA,NA,NA,NA,NA,NA,NA,NA,NA,2.4,6.844011846238374,8.071271919231862,2.3,-1.2272600729934882,-1.0830443600991384,4.362272104163727,1,-2.676426101720464,Pocket,FALSE,3.1870762871916742,NA,NA,NA,NA,NA,NA,NA,NA,NA,NA,NA,NA,NA,NA,NA,NA,NA,NA,NA,NA,NA,NA,NA,NA
2026-09-15 19:31:39 -0400,1,00-0026158,Joe Flacco,QB,CIN,TB,8.02692444207262,1.6339278003227398,13.99991138075728,Low,6.382462858778202,-1.507215033485584,3.448905766264126,NA,NA,NA,NA,NA,NA,NA,NA,NA,NA,NA,NA,NA,NA,NA,2.4,7.177107917508345,8.02692444207262,2.3,-0.849816524564274,-2.5,9.539777203565537,1,-1.605902791979123,Pocket,FALSE,5.436138450250767,NA,NA,NA,NA,NA,NA,NA,NA,NA,NA,NA,NA,NA,NA,NA,NA,NA,NA,NA,NA,NA,NA,NA,NA
2026-09-15 19:31:39 -0400,1,00-0039164,Anthony Richardson,QB,IND,BAL,7.999279225737968,1.6866622885815912,14.198188005885829,Medium,6.02852928967903,-2.6012733802224433,2.7106189788987134,NA,NA,NA,NA,NA,NA,NA,NA,NA,NA,NA,NA,NA,NA,NA,2.4,8.12083627555714,7.999279225737968,2.3,0.12155704981917193,-0.6647381562601468,12.884509147269537,1,2.94418544229811,Pocket,FALSE,4.172804537569422,NA,NA,NA,NA,NA,NA,NA,NA,NA,NA,NA,NA,NA,NA,NA,NA,NA,NA,NA,NA,NA,NA,NA,NA
2026-09-15 19:31:39 -0400,1,00-0041035,De'Zhaun Stribling,WR,SF,LA,7.944659625816545,4.1221645165072545,10.887126485794266,Medium,3.83141508023352,-0.1490859272436494,0.7183195595452638,NA,NA,NA,NA,NA,NA,NA,NA,NA,NA,NA,NA,NA,NA,NA,2.4,6.838840390275105,7.944659625816545,2.3,-1.10581923554144,0.06627856269387264,5.561891220706807,1,-2.332319483031564,Secondary,FALSE,2.445204386445059,NA,NA,NA,NA,NA,NA,NA,NA,NA,NA,NA,NA,NA,NA,NA,NA,NA,NA,NA,NA,NA,NA,NA,NA
2026-09-15 19:31:39 -0400,1,00-0040398,Brady Cook,QB,MIA,LV,7.59130216063234,1.2942588337446346,13.838121871644196,High,5.774060225635582,-0.4007912643888425,1.7482443861930532,NA,NA,NA,NA,NA,NA,NA,NA,NA,NA,NA,NA,NA,NA,NA,2.4,7.798549014299287,7.59130216063234,2.3,0.2072468536669465,-1.0830443600991384,17.974125281334484,1,12.274710834644983,Pocket,FALSE,7.128114825647651,NA,NA,NA,NA,NA,NA,NA,NA,NA,NA,NA,NA,NA,NA,NA,NA,NA,NA,NA,NA,NA,NA,NA,NA
2026-09-15 19:31:39 -0400,1,00-0038579,Aidan O'Connell,QB,LV,MIA,7.0857217654060545,0.5909634146656799,13.830285563731955,High,5.774060225635582,0.2250729839324822,1.0090655436619311,NA,NA,NA,NA,NA,NA,NA,NA,NA,NA,NA,NA,NA,NA,NA,2.4,6.329115465721315,7.0857217654060545,2.3,-0.7566062996847399,0.7769303498395311,5.1156295323479535,1,-1.5512202402080657,Pocket,FALSE,2.3922571544763347,NA,NA,NA,NA,NA,NA,NA,NA,NA,NA,NA,NA,NA,NA,NA,NA,NA,NA,NA,NA,NA,NA,NA,NA
2026-09-15 19:31:39 -0400,1,00-0041056,Cade Klubnik,QB,NYJ,TEN,6.975282978480619,0.7168764801533545,13.47156921279976,Medium,6.02852928967903,-1.2209976994477263,1.6659205567142492,NA,NA,NA,NA,NA,NA,NA,NA,NA,NA,NA,NA,NA,NA,NA,2.4,5.146536211649163,6.975282978480619,2.3,-1.8287467668314557,-1.3273404917966736,6.485464499302528,1,-2.787924160108086,Pocket,FALSE,4.459415105078505,NA,NA,NA,NA,NA,NA,NA,NA,NA,NA,NA,NA,NA,NA,NA,NA,NA,NA,NA,NA,NA,NA,NA,NA
2026-09-15 19:31:39 -0400,1,00-0033906,Alvin Kamara,RB,NO,DET,6.864322175598016,3.005185358855506,10.28489391615058,Low,5.339770194966193,0,1.4154423007979182,NA,NA,NA,NA,NA,NA,NA,NA,NA,NA,NA,NA,NA,NA,NA,2.4,6.841504672816994,6.864322175598016,2.3,-0.02684412091884886,-0.6481714363691204,7.928658919309179,1,-2.1162063347299247,Committee,FALSE,2.475167150243818,NA,NA,NA,NA,NA,NA,NA,NA,NA,NA,NA,NA,NA,NA,NA,NA,NA,NA,NA,NA,NA,NA,NA,NA
2026-09-15 19:31:39 -0400,1,00-0041565,Drew Allar,QB,PIT,ATL,6.581621747621428,0.0863770607565986,12.936567697466437,Medium,6.02852928967903,-0.965010673850572,2.2717182913027454,NA,NA,NA,NA,NA,NA,NA,NA,NA,NA,NA,NA,NA,NA,NA,2.4,5.9508313928643135,6.581621747621428,2.3,-0.6307903547571143,-0.37023772402283733,7.972896702091074,1,-1.8039753915509884,Pocket,FALSE,3.545933013459972,NA,NA,NA,NA,NA,NA,NA,NA,NA,NA,NA,NA,NA,NA,NA,NA,NA,NA,NA,NA,NA,NA,NA,NA
2026-09-15 19:31:39 -0400,1,00-0040206,Riley Leonard,QB,IND,BAL,6.483464213189807,0,12.51922819827253,Medium,6.02852928967903,-2.6012733802224433,1.303180542643251,NA,NA,NA,NA,NA,NA,NA,NA,NA,NA,NA,NA,NA,NA,NA,2.4,5.295841746244239,6.483464213189807,2.3,-1.1876224669455673,-0.4099242722715501,4.192517079778956,1,-3.2095027572965966,Pocket,FALSE,3.5412946541052515,NA,NA,NA,NA,NA,NA,NA,NA,NA,NA,NA,NA,NA,NA,NA,NA,NA,NA,NA,NA,NA,NA,NA,NA
2026-09-15 19:31:39 -0400,1,00-0039376,Spencer Rattler,QB,NO,DET,6.460416708696103,0.23216902929697852,12.477598206207796,High,5.774060225635582,-1.2545255947066274,0.9635075710072812,NA,NA,NA,NA,NA,NA,NA,NA,NA,NA,NA,NA,NA,NA,NA,2.4,4.994790200792358,6.460416708696103,2.3,-1.4656265079037454,-2.413702510855994,3.204217800760377,1,-3.9338409235217666,Pocket,FALSE,4.287093249205408,NA,NA,NA,NA,NA,NA,NA,NA,NA,NA,NA,NA,NA,NA,NA,NA,NA,NA,NA,NA,NA,NA,NA,NA
2026-09-15 19:31:39 -0400,1,00-0041194,Jack Strand,QB,ATL,PIT,6.295691342295916,0,12.81621163989369,Medium,6.02852928967903,-1.6957999061674371,1.5435957147290422,NA,NA,NA,NA,NA,NA,NA,NA,NA,NA,NA,NA,NA,NA,NA,2.4,5.47118696753913,6.295691342295916,2.3,-0.824504374756786,0.8969799034979287,15.94558063811997,1,6.996974884236231,Pocket,FALSE,5.188632701802663,NA,NA,NA,NA,NA,NA,NA,NA,NA,NA,NA,NA,NA,NA,NA,NA,NA,NA,NA,NA,NA,NA,NA,NA
2026-09-15 19:31:39 -0400,1,00-0037013,Zach Wilson,QB,NO,DET,6.289621210201821,0.05732428803636297,12.338455192981662,High,5.774060225635582,-1.1216671014390551,1.5192872481931277,NA,NA,NA,NA,NA,NA,NA,NA,NA,NA,NA,NA,NA,NA,NA,2.4,5.747223796831325,6.289621210201821,2.3,-0.5423974133704953,-2.0038711100798294,13.057288828349574,1,5.733177895309897,Pocket,FALSE,4.793397928700381,NA,NA,NA,NA,NA,NA,NA,NA,NA,NA,NA,NA,NA,NA,NA,NA,NA,NA,NA,NA,NA,NA,NA,NA
2026-09-15 19:31:39 -0400,1,00-0040668,Shedeur Sanders,QB,CLE,JAX,6.2870258579910185,0,12.862007135836665,High,5.774060225635582,-2.304409691447201,1.2267040192429923,NA,NA,NA,NA,NA,NA,NA,NA,NA,NA,NA,NA,NA,NA,NA,2.4,4.91193003429466,6.2870258579910185,2.3,-1.375095823696358,-0.1619712502350072,5.148215242061685,1,-2.9595602845019933,Pocket,FALSE,3.4216865847017424,NA,NA,NA,NA,NA,NA,NA,NA,NA,NA,NA,NA,NA,NA,NA,NA,NA,NA,NA,NA,NA,NA,NA,NA
2026-09-15 19:31:39 -0400,1,00-0040704,Dillon Gabriel,QB,CLE,JAX,6.284882160861324,0,12.628350262084682,High,5.774060225635582,-2.304409691447201,1.0618417633610526,NA,NA,NA,NA,NA,NA,NA,NA,NA,NA,NA,NA,NA,NA,NA,2.4,4.927095976811042,6.284882160861324,2.3,-1.3577861840502812,-0.1619712502350072,6.499191836558664,1,-1.340719961342847,Pocket,FALSE,2.59717145180389,NA,NA,NA,NA,NA,NA,NA,NA,NA,NA,NA,NA,NA,NA,NA,NA,NA,NA,NA,NA,NA,NA,NA,NA
2026-09-15 19:31:39 -0400,1,00-0041149,Haynes King,QB,CAR,CHI,6.276301117111872,0,12.554448470951318,Medium,6.02852928967903,-0.6924791032620056,1.2295827604186895,NA,NA,NA,NA,NA,NA,NA,NA,NA,NA,NA,NA,NA,NA,NA,2.4,6.048502953357078,6.276301117111872,2.3,-0.2277981637547948,0.2267347576688761,17.71069799613259,1,11.16808346155563,Pocket,FALSE,5.924295286969961,NA,NA,NA,NA,NA,NA,NA,NA,NA,NA,NA,NA,NA,NA,NA,NA,NA,NA,NA,NA,NA,NA,NA,NA
2026-09-15 19:31:39 -0400,1,00-0039921,Trey Benson,RB,ARI,LAC,6.226065835779981,2.460501267277144,9.788750108240656,Low,5.339770194966193,-0.2559991229950878,1.1917637758007416,NA,NA,NA,NA,NA,NA,NA,NA,NA,NA,NA,NA,NA,NA,NA,2.4,5.729802404091478,6.226065835779981,2.3,-0.4962634316885032,-1.75,7.424692536310575,1,-0.5078005177264355,Committee,FALSE,2.267268385073268,NA,NA,NA,NA,NA,NA,NA,NA,NA,NA,NA,NA,NA,NA,NA,NA,NA,NA,NA,NA,NA,NA,NA,NA
2026-09-15 19:31:39 -0400,1,00-0040589,Kurtis Rourke,QB,SF,LA,6.2116019319433295,0,12.860964560386217,High,5.774060225635582,-0.26798660402498936,0.8576898855944953,NA,NA,NA,NA,NA,NA,NA,NA,NA,NA,NA,NA,NA,NA,NA,2.4,4.402446734011434,6.2116019319433295,2.3,-1.8091551979318956,-0.907390172725286,2.366140724638724,1,-3.377071482954197,Pocket,FALSE,3.7471441691460865,NA,NA,NA,NA,NA,NA,NA,NA,NA,NA,NA,NA,NA,NA,NA,NA,NA,NA,NA,NA,NA,NA,NA,NA
2026-09-15 19:31:39 -0400,1,00-0041092,Taylen Green,QB,CLE,JAX,6.094889359775622,0,12.336004211736704,High,5.774060225635582,-2.304409691447201,0.8413335531173122,NA,NA,NA,NA,NA,NA,NA,NA,NA,NA,NA,NA,NA,NA,NA,2.4,4.629808651793964,6.094889359775622,2.3,-1.4650807079816577,-0.1619712502350072,4.459537965330149,1,-3.0613528087227486,Pocket,FALSE,3.140022547264074,NA,NA,NA,NA,NA,NA,NA,NA,NA,NA,NA,NA,NA,NA,NA,NA,NA,NA,NA,NA,NA,NA,NA,NA
2026-09-15 19:31:39 -0400,1,00-0028118,Tyrod Taylor,QB,GB,MIN,6.022277146585673,0,12.03654445717144,Medium,6.02852928967903,-0.7600292272968667,1.6587797411110738,NA,NA,NA,NA,NA,NA,NA,NA,NA,NA,NA,NA,NA,NA,NA,2.4,3.8255585852584777,6.022277146585673,2.3,-2.196718561327196,0.7829240047836862,4.351783052821992,1,-3.723543892281154,Pocket,FALSE,4.920777492387678,NA,NA,NA,NA,NA,NA,NA,NA,NA,NA,NA,NA,NA,NA,NA,NA,NA,NA,NA,NA,NA,NA,NA,NA
2026-09-15 19:31:39 -0400,1,00-0034577,Kyle Allen,QB,BUF,HOU,5.966851510043628,0,12.20596693670472,High,5.774060225635582,-0.11768846099117758,0.5114395124100752,NA,NA,NA,NA,NA,NA,NA,NA,NA,NA,NA,NA,NA,NA,NA,2.4,5.274703834157029,5.966851510043628,2.3,-0.6921476758865986,-1.3092040685676445,15.94558063811997,1,10.955362900749968,Pocket,FALSE,5.770849266400974,NA,NA,NA,NA,NA,NA,NA,NA,NA,NA,NA,NA,NA,NA,NA,NA,NA,NA,NA,NA,NA,NA,NA,NA
2026-09-15 19:31:39 -0400,1,00-0039391,Kimani Vidal,RB,LAC,ARI,5.940086179566389,2.103529684532882,9.66331836060445,Low,5.339770194966193,0,1.2113001001624115,NA,NA,NA,NA,NA,NA,NA,NA,NA,NA,NA,NA,NA,NA,NA,2.4,4.832364497461307,5.940086179566389,2.3,-1.1077216821050822,0.38688367332230805,3.4308186472493603,1,-3.95621849447558,Committee,FALSE,3.6852577774228936,NA,NA,NA,NA,NA,NA,NA,NA,NA,NA,NA,NA,NA,NA,NA,NA,NA,NA,NA,NA,NA,NA,NA,NA
2026-09-15 19:31:39 -0400,1,00-0041117,Athan Kaliakmanis,QB,WAS,PHI,5.877924255247145,0,12.63325174248065,High,5.774060225635582,-2.035933020657734,1.43251469584867,NA,NA,NA,NA,NA,NA,NA,NA,NA,NA,NA,NA,NA,NA,NA,2.4,3.7995922699745934,5.877924255247145,2.3,-2.078331985272552,-0.3831461004341384,0.8459994679167105,1,-7.581239385801442,Pocket,FALSE,6.034786669990275,NA,NA,NA,NA,NA,NA,NA,NA,NA,NA,NA,NA,NA,NA,NA,NA,NA,NA,NA,NA,NA,NA,NA,NA
2026-09-15 19:31:39 -0400,1,00-0036893,Najee Harris,RB,NYG,DAL,5.66806205895401,1.9148115785874589,9.18155053063148,Medium,4.1906550461485725,0,1.1255106364068657,NA,NA,NA,NA,NA,NA,NA,NA,NA,NA,NA,NA,NA,NA,NA,2.4,5.354679191235964,5.66806205895401,2.3,-0.3133828677180459,1.262587976546744,9.75721972816546,1,2.6313933571090766,Committee,FALSE,2.776212379617152,NA,NA,NA,NA,NA,NA,NA,NA,NA,NA,NA,NA,NA,NA,NA,NA,NA,NA,NA,NA,NA,NA,NA,NA
2026-09-15 19:31:39 -0400,1,00-0036879,Sam Ehlinger,QB,DEN,KC,5.548579310143493,0,12.07322791866561,High,5.774060225635582,-2.013646939469846,0.9678934173867532,NA,NA,NA,NA,NA,NA,NA,NA,NA,NA,NA,NA,NA,NA,NA,2.4,3.7547174105706063,5.548579310143493,2.3,-1.7938618995728868,0.2144331358784141,2.6425622830883686,1,-3.877015107252184,Pocket,FALSE,3.838732730752172,NA,NA,NA,NA,NA,NA,NA,NA,NA,NA,NA,NA,NA,NA,NA,NA,NA,NA,NA,NA,NA,NA,NA,NA
2026-09-15 19:31:39 -0400,1,00-0035289,Gardner Minshew,QB,ARI,LAC,5.452531191345714,0,11.809538490342138,High,5.774060225635582,-0.4802270842117016,1.102339469799349,NA,NA,NA,NA,NA,NA,NA,NA,NA,NA,NA,NA,NA,NA,NA,2.4,4.382552843153587,5.452531191345714,2.3,-1.0699783481921266,-0.27972021661046265,2.9885100105753812,1,-0.5226169403967429,Pocket,FALSE,2.1442871546756734,NA,NA,NA,NA,NA,NA,NA,NA,NA,NA,NA,NA,NA,NA,NA,NA,NA,NA,NA,NA,NA,NA,NA,NA
2026-09-15 19:31:39 -0400,1,00-0035264,Jarrett Stidham,QB,DEN,KC,5.347124509001986,0,12.09506676865644,High,5.774060225635582,-2.013646939469846,0.8284575066981723,NA,NA,NA,NA,NA,NA,NA,NA,NA,NA,NA,NA,NA,NA,NA,2.4,3.8793935095448,5.347124509001986,2.3,-1.467730999457187,0.2144331358784141,4.390945511038354,1,-1.2065852699815158,Pocket,FALSE,2.402833255074334,NA,NA,NA,NA,NA,NA,NA,NA,NA,NA,NA,NA,NA,NA,NA,NA,NA,NA,NA,NA,NA,NA,NA,NA
2026-09-15 19:31:39 -0400,1,00-0037012,Trey Lance,QB,LAC,ARI,5.315776639544746,0,11.703073159860772,Medium,6.02852928967903,-1.2508038858040178,1.8427619233619723,NA,NA,NA,NA,NA,NA,NA,NA,NA,NA,NA,NA,NA,NA,NA,2.4,5.107236788228857,5.315776639544746,2.3,-0.2085398513158888,-1.1081817892386718,12.083909887998471,1,4.545000057301784,Pocket,FALSE,4.13919437897541,NA,NA,NA,NA,NA,NA,NA,NA,NA,NA,NA,NA,NA,NA,NA,NA,NA,NA,NA,NA,NA,NA,NA,NA
2026-09-15 19:31:39 -0400,1,00-0039916,Ricky Pearsall,WR,SF,LA,5.2121776990887625,1.495274918236235,8.78719456242976,Medium,3.83141508023352,-0.09241018811852864,0.8919486364573933,NA,NA,NA,NA,NA,NA,NA,NA,NA,NA,NA,NA,NA,NA,NA,2.4,4.315964270164148,5.2121776990887625,2.3,-0.8962134289246142,-2,6.303046335036473,1,-0.3212883929171717,Vertical,FALSE,2.2478133938714917,NA,NA,NA,NA,NA,NA,NA,NA,NA,NA,NA,NA,NA,NA,NA,NA,NA,NA,NA,NA,NA,NA,NA,NA
2026-09-15 19:31:39 -0400,1,00-0028986,Case Keenum,QB,CHI,CAR,5.144553899603452,0,11.728649099422704,High,5.774060225635582,-0.45832046196453263,0.889849751176615,NA,NA,NA,NA,NA,NA,NA,NA,NA,NA,NA,NA,NA,NA,NA,2.4,4.269234197361163,5.144553899603452,2.3,-0.8753197022422894,-0.3751968797005923,17.985514661425754,1,11.910704742420789,Pocket,FALSE,6.3794145036247105,NA,NA,NA,NA,NA,NA,NA,NA,NA,NA,NA,NA,NA,NA,NA,NA,NA,NA,NA,NA,NA,NA,NA,NA
2026-09-15 19:31:39 -0400,1,00-0035993,Tyler Huntley,QB,BAL,IND,5.1405714531893825,0,11.3031891375012,Medium,6.02852928967903,-0.8154925659786717,1.566356920776169,NA,NA,NA,NA,NA,NA,NA,NA,NA,NA,NA,NA,NA,NA,NA,2.4,3.782517515452815,5.1405714531893825,2.3,-1.358053937736567,-0.3969365516670608,15.94558063811997,1,8.412874732244388,Pocket,FALSE,6.00122553558964,NA,NA,NA,NA,NA,NA,NA,NA,NA,NA,NA,NA,NA,NA,NA,NA,NA,NA,NA,NA,NA,NA,NA,NA
2026-09-15 19:31:39 -0400,1,00-0041489,Germie Bernard,WR,PIT,ATL,5.104935937428676,1.4189334790541337,8.46257212856549,Medium,3.83141508023352,-0.02142709765252242,0.944647106042939,NA,NA,NA,NA,NA,NA,NA,NA,NA,NA,NA,NA,NA,NA,NA,2.4,4.754575704476863,5.104935937428676,2.3,-0.35036023295181357,0.14255726948491745,5.5379434668957614,1,-0.9651381147953506,Secondary,FALSE,1.618721695872824,NA,NA,NA,NA,NA,NA,NA,NA,NA,NA,NA,NA,NA,NA,NA,NA,NA,NA,NA,NA,NA,NA,NA,NA
2026-09-15 19:31:39 -0400,1,00-0038476,Tommy DeVito,QB,NE,SEA,5.094349765515325,0,11.6148700631131,High,5.774060225635582,-2.590030205215961,0.8781988340404534,NA,NA,NA,NA,NA,NA,NA,NA,NA,NA,NA,NA,NA,NA,NA,2.4,4.395038708300276,5.094349765515325,2.3,-0.6993110572150492,-0.7370374803625469,15.94558063811997,1,9.391026568353013,Pocket,FALSE,5.345238445540957,NA,NA,NA,NA,NA,NA,NA,NA,NA,NA,NA,NA,NA,NA,NA,NA,NA,NA,NA,NA,NA,NA,NA,NA
2026-09-15 19:31:39 -0400,1,00-0041123,Behren Morton,QB,NE,SEA,5.0884660028504065,0,11.197742417466316,High,5.774060225635582,-2.779632009499271,1.0330162934020002,NA,NA,NA,NA,NA,NA,NA,NA,NA,NA,NA,NA,NA,NA,NA,2.4,3.3505459661478443,5.0884660028504065,2.3,-1.7379200367025622,-0.7370374803625469,2.3776072402605672,1,-4.452527129023328,Pocket,FALSE,4.251682414811889,NA,NA,NA,NA,NA,NA,NA,NA,NA,NA,NA,NA,NA,NA,NA,NA,NA,NA,NA,NA,NA,NA,NA,NA
2026-09-15 19:31:39 -0400,1,00-0037329,Brittain Brown,RB,CHI,CAR,4.989073031683525,1.1546968674706155,9.162342411037857,Medium,4.1906550461485725,0,0.730128921282064,NA,NA,NA,NA,NA,NA,NA,NA,NA,NA,NA,NA,NA,NA,NA,2.4,4.04049535910021,4.989073031683525,2.3,-0.9485776725833144,0.47668126881554046,0.49283433732652926,1,-4.177181230496432,Committee,FALSE,3.2080101649336186,NA,NA,NA,NA,NA,NA,NA,NA,NA,NA,NA,NA,NA,NA,NA,NA,NA,NA,NA,NA,NA,NA,NA,NA
2026-09-15 19:31:39 -0400,1,00-0040981,Joe Fagnano,QB,BAL,IND,4.949370420606459,0,10.719903251452967,Medium,6.02852928967903,-0.8154925659786717,1.244732589027313,NA,NA,NA,NA,NA,NA,NA,NA,NA,NA,NA,NA,NA,NA,NA,2.4,3.8593440449970986,4.949370420606459,2.3,-1.0900263756093604,0.4551995799200286,18.1719657881777,1,11.644380151780924,Pocket,FALSE,6.802062986642244,NA,NA,NA,NA,NA,NA,NA,NA,NA,NA,NA,NA,NA,NA,NA,NA,NA,NA,NA,NA,NA,NA,NA,NA
2026-09-15 19:31:39 -0400,1,00-0037327,Skylar Thompson,QB,BAL,IND,4.915360511315107,0,11.162767423055836,High,5.774060225635582,-0.8154925659786717,1.1623616789031377,NA,NA,NA,NA,NA,NA,NA,NA,NA,NA,NA,NA,NA,NA,NA,2.4,2.6249846415721243,4.915360511315107,2.3,-2.290375869742983,0.4551995799200286,0.7383681970472025,1,-5.568900421399572,Pocket,FALSE,5.129744830259064,NA,NA,NA,NA,NA,NA,NA,NA,NA,NA,NA,NA,NA,NA,NA,NA,NA,NA,NA,NA,NA,NA,NA,NA
2026-09-15 19:31:39 -0400,1,00-0037197,Isiah Pacheco,RB,DET,NO,4.881066251099577,1.1650487860050656,8.784410536317353,Low,5.339770194966193,0,1.2388368414535038,NA,NA,NA,NA,NA,NA,NA,NA,NA,NA,NA,NA,NA,NA,NA,2.4,4.168019202484888,4.881066251099577,2.3,-0.7130470486146893,1.75,1.8724281597688923,1,-4.617936920109887,Committee,FALSE,4.110144543527741,NA,NA,NA,NA,NA,NA,NA,NA,NA,NA,NA,NA,NA,NA,NA,NA,NA,NA,NA,NA,NA,NA,NA,NA
2026-09-15 19:31:39 -0400,1,00-0039798,Isaiah Davis,RB,NYJ,TEN,4.709652125705691,0.6981115528594335,8.411257723276236,Medium,4.1906550461485725,-0.06514913880695673,0.6221183967364532,NA,NA,NA,NA,NA,NA,NA,NA,NA,NA,NA,NA,NA,NA,NA,2.4,4.103911569982756,4.709652125705691,2.3,-0.6057405557229348,1.75,3.2674188113701232,1,-2.3733495868881347,Committee,FALSE,2.5204766204977616,NA,NA,NA,NA,NA,NA,NA,NA,NA,NA,NA,NA,NA,NA,NA,NA,NA,NA,NA,NA,NA,NA,NA,NA
2026-09-15 19:31:39 -0400,1,00-0041251,Jalon Daniels,QB,TB,CIN,4.702934336089967,0,11.238179768739762,Medium,6.02852928967903,-0.34543021679439556,1.410671935827851,NA,NA,NA,NA,NA,NA,NA,NA,NA,NA,NA,NA,NA,NA,NA,2.4,3.744680856897736,4.702934336089967,2.3,-0.9582534791922318,-1.2894707410315216,17.529001100015318,1,10.012742020339754,Pocket,FALSE,6.473387401707772,NA,NA,NA,NA,NA,NA,NA,NA,NA,NA,NA,NA,NA,NA,NA,NA,NA,NA,NA,NA,NA,NA,NA,NA
2026-09-15 19:31:39 -0400,1,00-0040718,Travis Hunter,WR,JAX,CLE,4.658645488304468,1.1111472465278909,8.267011598800714,Medium,3.83141508023352,0,0.9143372750200446,NA,NA,NA,NA,NA,NA,NA,NA,NA,NA,NA,NA,NA,NA,NA,2.4,4.013745061155674,4.658645488304468,2.3,-0.6449004271487936,0.02209175794786258,0,1,-6.177577591921913,Vertical,FALSE,3.843426138177324,NA,NA,NA,NA,NA,NA,NA,NA,NA,NA,NA,NA,NA,NA,NA,NA,NA,NA,NA,NA,NA,NA,NA,NA
2026-09-15 19:31:39 -0400,1,00-0040130,Jayden Higgins,WR,HOU,BUF,4.5556008084666875,0.8023986298457279,7.352881636960655,Medium,3.83141508023352,-0.16374620103109114,0.9380616567211124,NA,NA,NA,NA,NA,NA,NA,NA,NA,NA,NA,NA,NA,NA,NA,2.4,4.075080267993897,4.5556008084666875,2.3,-0.4805205404727902,2,6.278487661347983,1,0.16582373203410583,Vertical,FALSE,1.940755527865708,NA,NA,NA,NA,NA,NA,NA,NA,NA,NA,NA,NA,NA,NA,NA,NA,NA,NA,NA,NA,NA,NA,NA,NA
2026-09-15 19:31:39 -0400,1,00-0037157,Bam Knight,RB,ARI,LAC,4.4781044063185425,0.7426138599669518,8.001372917773985,Medium,4.1906550461485725,-0.31855355602378443,0.9501523338215226,NA,NA,NA,NA,NA,NA,NA,NA,NA,NA,NA,NA,NA,NA,NA,2.4,3.621589831756996,4.4781044063185425,2.3,-0.856514574561546,1.1828391656512185,1.0660732003645743,1,-4.9406650342968454,Committee,FALSE,3.880830299428708,NA,NA,NA,NA,NA,NA,NA,NA,NA,NA,NA,NA,NA,NA,NA,NA,NA,NA,NA,NA,NA,NA,NA,NA
2026-09-15 19:31:39 -0400,1,00-0027973,Andy Dalton,QB,PHI,WAS,4.453270628496647,0,10.997358280685816,Medium,6.02852928967903,-0.7826556276951991,2.256841698590752,NA,NA,NA,NA,NA,NA,NA,NA,NA,NA,NA,NA,NA,NA,NA,2.4,3.554902526292464,4.453270628496647,2.3,-0.8983681022041827,0.10059881178156536,7.527457402611409,1,-1.559928935474515,Pocket,FALSE,3.5398505878579556,NA,NA,NA,NA,NA,NA,NA,NA,NA,NA,NA,NA,NA,NA,NA,NA,NA,NA,NA,NA,NA,NA,NA,NA
2026-09-15 19:31:39 -0400,1,00-0040202,Devin Neal,RB,NO,DET,4.422794601938717,0.783603913000757,8.455034626040073,Medium,4.1906550461485725,-0.3850073796981304,0.9639563098103416,NA,NA,NA,NA,NA,NA,NA,NA,NA,NA,NA,NA,NA,NA,NA,2.4,3.793892518749419,4.422794601938717,2.3,-0.628902083189298,0.2582476901538574,3.14545548071446,1,-2.8338060406202357,Committee,FALSE,2.615184491337102,NA,NA,NA,NA,NA,NA,NA,NA,NA,NA,NA,NA,NA,NA,NA,NA,NA,NA,NA,NA,NA,NA,NA,NA
2026-09-15 19:31:39 -0400,1,00-0034837,Calvin Ridley,WR,TEN,NYJ,4.3143641959526935,0.6414751011704433,7.452078743056348,Medium,3.83141508023352,-2.0948992316008535e-5,0.8246692611971205,NA,NA,NA,NA,NA,NA,NA,NA,NA,NA,NA,NA,NA,NA,NA,2.4,3.96867653325957,4.3143641959526935,2.3,-0.3456876626931232,-2,6.6950961843571335,1,1.1358905349502617,Vertical,FALSE,2.121006839062411,NA,NA,NA,NA,NA,NA,NA,NA,NA,NA,NA,NA,NA,NA,NA,NA,NA,NA,NA,NA,NA,NA,NA,NA
2026-09-15 19:31:39 -0400,1,00-0038416,Tyson Bagent,QB,CHI,CAR,4.312188692498441,0,10.682194979154126,High,5.774060225635582,-0.45832046196453263,0.655700429594723,NA,NA,NA,NA,NA,NA,NA,NA,NA,NA,NA,NA,NA,NA,NA,2.4,3.632428580052883,4.312188692498441,2.3,-0.7997177793477142,-0.3751968797005923,17.529591941139877,1,11.98757435122613,Pocket,FALSE,6.123091679538752,NA,NA,NA,NA,NA,NA,NA,NA,NA,NA,NA,NA,NA,NA,NA,NA,NA,NA,NA,NA,NA,NA,NA,NA
2026-09-15 19:31:39 -0400,1,00-0041414,Matthew Caldwell,QB,LA,SF,4.24150265614686,0,10.606755351748957,Medium,6.02852928967903,-1.197888424235209,2.2320805414475746,NA,NA,NA,NA,NA,NA,NA,NA,NA,NA,NA,NA,NA,NA,NA,2.4,3.4964448928506333,4.24150265614686,2.3,-0.7450577632962269,-0.7782066634875411,15.945580638119974,1,7.48648558650612,Pocket,FALSE,5.981677209403644,NA,NA,NA,NA,NA,NA,NA,NA,NA,NA,NA,NA,NA,NA,NA,NA,NA,NA,NA,NA,NA,NA,NA,NA
2026-09-15 19:31:39 -0400,1,00-0035537,Ty Johnson,RB,BUF,HOU,4.189037840980537,0.38608552667805385,7.650179320476747,High,3.0109528980360203,-0.3036201485187951,0.6132462117719504,NA,NA,NA,NA,NA,NA,NA,NA,NA,NA,NA,NA,NA,NA,NA,2.4,3.37280647548615,4.189037840980537,2.3,-0.9602721946992774,1.4009758775979724,1.8613664646690151,1,-3.8116641819291535,Committee,FALSE,3.230395184112498,NA,NA,NA,NA,NA,NA,NA,NA,NA,NA,NA,NA,NA,NA,NA,NA,NA,NA,NA,NA,NA,NA,NA,NA
2026-09-15 19:31:39 -0400,1,00-0035662,Marquise Brown,WR,PHI,WAS,4.090428119386948,0.5398528892730431,7.149076993820895,High,2.953609688195244,-0.07135696190487849,0.47571255982325267,NA,NA,NA,NA,NA,NA,NA,NA,NA,NA,NA,NA,NA,NA,NA,2.4,3.6507494633220112,4.090428119386948,2.3,-0.43967865606493634,0.02452038267481696,6.7217873881488055,1,1.8791771837523183,Vertical,FALSE,1.5425146073720808,NA,NA,NA,NA,NA,NA,NA,NA,NA,NA,NA,NA,NA,NA,NA,NA,NA,NA,NA,NA,NA,NA,NA,NA
2026-09-15 19:31:39 -0400,1,00-0037837,Calvin Austin III,WR,NYG,DAL,4.049021600288393,0.4848662919773328,6.847588469644083,Medium,3.83141508023352,-0.03027410603013677,0.5209258525210961,NA,NA,NA,NA,NA,NA,NA,NA,NA,NA,NA,NA,NA,NA,NA,2.4,3.72046328376018,4.049021600288393,2.3,-0.32855831652821244,-1.4789758927262158,2.7316898304381816,1,-1.978419512842928,Vertical,FALSE,1.9859772470458807,NA,NA,NA,NA,NA,NA,NA,NA,NA,NA,NA,NA,NA,NA,NA,NA,NA,NA,NA,NA,NA,NA,NA,NA
2026-09-15 19:31:39 -0400,1,00-0038679,Tyrell Shavers,WR,BUF,HOU,4.024018568439295,0.6818834530610773,7.715003310882052,High,2.953609688195244,-0.02639376946147276,0.4066306689317446,NA,NA,NA,NA,NA,NA,NA,NA,NA,NA,NA,NA,NA,NA,NA,2.4,2.8987539338469963,4.024018568439295,2.3,-1.1252646345922983,-2,6.578642434311455,1,1.948542792947456,Vertical,FALSE,2.5737330303253363,NA,NA,NA,NA,NA,NA,NA,NA,NA,NA,NA,NA,NA,NA,NA,NA,NA,NA,NA,NA,NA,NA,NA,NA
2026-09-15 19:31:39 -0400,1,00-0040782,Isaiah Bond,WR,CLE,JAX,3.914627108834766,0.4194437781514963,7.42711881222365,High,2.953609688195244,-0.20611894630622596,0.4717631037081577,NA,NA,NA,NA,NA,NA,NA,NA,NA,NA,NA,NA,NA,NA,NA,2.4,3.269796868901509,3.914627108834766,2.3,-0.6448302399332569,1.8956038637267216,7.115378301271711,1,2.835331330642206,Vertical,FALSE,2.625957963036337,NA,NA,NA,NA,NA,NA,NA,NA,NA,NA,NA,NA,NA,NA,NA,NA,NA,NA,NA,NA,NA,NA,NA,NA
2026-09-15 19:31:39 -0400,1,00-0040891,Cole Payton,QB,PHI,WAS,3.912065756331308,0,9.714994884110748,Medium,6.02852928967903,0.01992465861814124,1.62535317385903,NA,NA,NA,NA,NA,NA,NA,NA,NA,NA,NA,NA,NA,NA,NA,2.4,2.6399049736098985,3.912065756331308,2.3,-1.2721607827214094,-0.3791986120601101,3.201361870657482,1,-3.7800083108131255,Pocket,FALSE,4.1416286297072995,NA,NA,NA,NA,NA,NA,NA,NA,NA,NA,NA,NA,NA,NA,NA,NA,NA,NA,NA,NA,NA,NA,NA,NA
2026-09-15 19:31:39 -0400,1,00-0034771,Mason Rudolph,QB,PIT,ATL,3.9111198856927,0,9.731953613302457,Medium,6.02852928967903,-0.6631990215713139,2.037431201007813,NA,NA,NA,NA,NA,NA,NA,NA,NA,NA,NA,NA,NA,NA,NA,2.4,2.874375201091259,3.9111198856927,2.3,-1.0367446846014416,-2.145483147456919,6.669264086674095,1,-0.8998768153457304,Pocket,FALSE,3.7667481506041898,NA,NA,NA,NA,NA,NA,NA,NA,NA,NA,NA,NA,NA,NA,NA,NA,NA,NA,NA,NA,NA,NA,NA,NA
2026-09-15 19:31:39 -0400,1,00-0036898,Davis Mills,QB,HOU,BUF,3.880828857344953,0,10.436619709412865,Medium,6.02852928967903,-1.5568032814104655,1.7133196793278125,NA,NA,NA,NA,NA,NA,NA,NA,NA,NA,NA,NA,NA,NA,NA,2.4,2.939264093271197,3.880828857344953,2.3,-0.941564764073756,1.5004386483522678,6.661426679186416,1,-0.6719155459292043,Pocket,FALSE,3.091312827056804,NA,NA,NA,NA,NA,NA,NA,NA,NA,NA,NA,NA,NA,NA,NA,NA,NA,NA,NA,NA,NA,NA,NA,NA
2026-09-15 19:31:39 -0400,1,00-0037614,John Metchie III,WR,CAR,CHI,3.852854590106343,0.09700890447691002,6.9525864495732055,High,2.953609688195244,0,0.4627255056910911,NA,NA,NA,NA,NA,NA,NA,NA,NA,NA,NA,NA,NA,NA,NA,2.4,3.432033989913418,3.852854590106343,2.3,-0.420820600192925,-1.418686903709618,5.576039149915492,1,1.4310675312790693,Secondary,FALSE,1.7553330094506516,NA,NA,NA,NA,NA,NA,NA,NA,NA,NA,NA,NA,NA,NA,NA,NA,NA,NA,NA,NA,NA,NA,NA,NA
2026-09-15 19:31:39 -0400,1,00-0035535,Darius Slayton,WR,NYG,DAL,3.830123130056186,0.10710474711887276,7.240320380758122,High,2.953609688195244,-0.07965008704197085,0.39293925748425057,NA,NA,NA,NA,NA,NA,NA,NA,NA,NA,NA,NA,NA,NA,NA,2.4,3.6317358459804767,3.830123130056186,2.3,-0.1983872840757097,-0.22665481331675572,2.3058834462941453,1,-1.7663475001817757,Vertical,FALSE,1.3063458004049844,NA,NA,NA,NA,NA,NA,NA,NA,NA,NA,NA,NA,NA,NA,NA,NA,NA,NA,NA,NA,NA,NA,NA,NA
2026-09-15 19:31:39 -0400,1,00-0040211,Graham Mertz,QB,HOU,BUF,3.768618115104229,0,10.051151053841531,Medium,6.02852928967903,-0.8804503011185073,1.1497123595733578,NA,NA,NA,NA,NA,NA,NA,NA,NA,NA,NA,NA,NA,NA,NA,2.4,2.8393727766036356,3.768618115104229,2.3,-0.9292453385005928,0.4759128086353422,3.278374507049265,1,-2.6210831761372786,Pocket,FALSE,2.991391209569287,NA,NA,NA,NA,NA,NA,NA,NA,NA,NA,NA,NA,NA,NA,NA,NA,NA,NA,NA,NA,NA,NA,NA,NA
2026-09-15 19:31:39 -0400,1,00-0040906,Garrett Nussmeier,QB,KC,DEN,3.763504569230505,0,10.630424311879048,Medium,6.02852928967903,-1.1113047634000697,1.529294174816717,NA,NA,NA,NA,NA,NA,NA,NA,NA,NA,NA,NA,NA,NA,NA,2.4,2.6233450668545664,3.763504569230505,2.3,-1.1401595023759388,0.04902962518878474,2.0261244523718744,1,-4.846290701959973,Pocket,FALSE,4.280630994820498,NA,NA,NA,NA,NA,NA,NA,NA,NA,NA,NA,NA,NA,NA,NA,NA,NA,NA,NA,NA,NA,NA,NA,NA
2026-09-15 19:31:39 -0400,1,00-0040078,Brashard Smith,RB,KC,DEN,3.645185968417927,0,7.591465942673309,Medium,4.1906550461485725,0,0.9179623843837568,NA,NA,NA,NA,NA,NA,NA,NA,NA,NA,NA,NA,NA,NA,NA,2.4,3.3383623145255648,3.645185968417927,2.3,-0.30682365389236227,-0.44492028008062035,1.6315184092282335,1,-2.6759913686277663,Committee,FALSE,2.3366115735837028,NA,NA,NA,NA,NA,NA,NA,NA,NA,NA,NA,NA,NA,NA,NA,NA,NA,NA,NA,NA,NA,NA,NA,NA
2026-09-15 19:31:39 -0400,1,00-0040203,Will Howard,QB,PIT,ATL,3.639811571531347,0,9.732941752438132,Medium,6.02852928967903,-0.9380692167041575,1.116511784750606,NA,NA,NA,NA,NA,NA,NA,NA,NA,NA,NA,NA,NA,NA,NA,2.4,2.7761741162916387,3.639811571531347,2.3,-0.8636374552397087,-0.37023772402283733,3.3777315197654287,1,-2.175263967381781,Pocket,FALSE,2.7022349075779655,NA,NA,NA,NA,NA,NA,NA,NA,NA,NA,NA,NA,NA,NA,NA,NA,NA,NA,NA,NA,NA,NA,NA,NA
2026-09-15 19:31:39 -0400,1,00-0034775,Christian Kirk,WR,SF,LA,3.602416847037641,0,6.952866728019143,Medium,3.83141508023352,-0.12590587891038407,0.7696511308854836,NA,NA,NA,NA,NA,NA,NA,NA,NA,NA,NA,NA,NA,NA,NA,2.4,2.7951233121294576,3.602416847037641,2.3,-0.8072935349081837,-1.3577242112710683,5.764927153314812,1,1.9023910430990336,Secondary,FALSE,2.5030302859421463,NA,NA,NA,NA,NA,NA,NA,NA,NA,NA,NA,NA,NA,NA,NA,NA,NA,NA,NA,NA,NA,NA,NA,NA
2026-09-15 19:31:39 -0400,1,00-0037077,Sam Howell,QB,DAL,NYG,3.5748672446684533,0,10.622124529057585,Medium,6.02852928967903,-1.7298870265473971,2.0936260875227974,NA,NA,NA,NA,NA,NA,NA,NA,NA,NA,NA,NA,NA,NA,NA,2.4,1.591009564818242,3.5748672446684533,2.3,-1.9838576798502112,-0.231458698038262,5.8913080401690845,1,-1.563604027320693,Pocket,FALSE,4.177205683757702,NA,NA,NA,NA,NA,NA,NA,NA,NA,NA,NA,NA,NA,NA,NA,NA,NA,NA,NA,NA,NA,NA,NA,NA
2026-09-15 19:31:39 -0400,1,00-0040648,Tory Horton,WR,SEA,NE,3.5638855738579163,0,7.040593557983542,Medium,3.83141508023352,-0.19125661319222323,0.7094152004637893,NA,NA,NA,NA,NA,NA,NA,NA,NA,NA,NA,NA,NA,NA,NA,2.4,2.5484039572971837,3.5638855738579163,2.3,-1.1946842547773324,0.07134438354675905,2.937488803990588,1,-2.2327324023033492,Vertical,FALSE,2.4601904547932896,NA,NA,NA,NA,NA,NA,NA,NA,NA,NA,NA,NA,NA,NA,NA,NA,NA,NA,NA,NA,NA,NA,NA,NA
2026-09-15 19:31:39 -0400,1,00-0040964,EJ Smith,RB,KC,DEN,3.5420666471148063,0,7.19581000839578,High,3.0109528980360203,0,0.5029214330645785,NA,NA,NA,NA,NA,NA,NA,NA,NA,NA,NA,NA,NA,NA,NA,2.4,2.892009682714993,3.5420666471148063,2.3,-0.6500569643998138,0.04219695243735849,0,1,-4.171540889435727,Committee,FALSE,2.6392367496499465,NA,NA,NA,NA,NA,NA,NA,NA,NA,NA,NA,NA,NA,NA,NA,NA,NA,NA,NA,NA,NA,NA,NA,NA
2026-09-15 19:31:39 -0400,1,00-0033949,Joshua Dobbs,QB,DET,NO,3.53601825515529,0,10.063592663647093,Medium,6.02852928967903,-0.7670287312022499,1.6131576699435346,NA,NA,NA,NA,NA,NA,NA,NA,NA,NA,NA,NA,NA,NA,NA,2.4,2.5542647543461747,3.53601825515529,2.3,-0.9817535008091152,-2.5,5.487632275418334,1,-0.9832664520293256,Pocket,FALSE,3.4436917013216455,NA,NA,NA,NA,NA,NA,NA,NA,NA,NA,NA,NA,NA,NA,NA,NA,NA,NA,NA,NA,NA,NA,NA,NA
2026-09-15 19:31:39 -0400,1,00-0038400,Tanner McKee,QB,PHI,WAS,3.519463280891737,0,10.222820498351522,High,5.774060225635582,-0.1424600781832371,1.336583037126713,NA,NA,NA,NA,NA,NA,NA,NA,NA,NA,NA,NA,NA,NA,NA,2.4,2.535049054445363,3.519463280891737,2.3,-0.9844142264463736,-0.3791986120601101,3.570785689533551,1,-2.029695612215768,Pocket,FALSE,2.951310824143514,NA,NA,NA,NA,NA,NA,NA,NA,NA,NA,NA,NA,NA,NA,NA,NA,NA,NA,NA,NA,NA,NA,NA,NA
2026-09-15 19:31:39 -0400,1,00-0033955,Jeremy McNichols,RB,WAS,PHI,3.4702352161150727,0,6.994379629025559,Medium,4.1906550461485725,-0.4002231650643575,0.891696711948267,NA,NA,NA,NA,NA,NA,NA,NA,NA,NA,NA,NA,NA,NA,NA,2.4,3.5079474016814887,3.4702352161150727,2.3,0.03771218556641604,1.75,4.090862405588567,1,-0.6363964660224575,Committee,FALSE,1.6976538282537414,NA,NA,NA,NA,NA,NA,NA,NA,NA,NA,NA,NA,NA,NA,NA,NA,NA,NA,NA,NA,NA,NA,NA,NA
2026-09-15 19:31:39 -0400,1,00-0040234,Quinn Ewers,QB,JAX,CLE,3.4483717249391788,0,9.120684210704034,Medium,6.02852928967903,-1.2135296944566636,2.15508773105689,NA,NA,NA,NA,NA,NA,NA,NA,NA,NA,NA,NA,NA,NA,NA,2.4,1.9419426968189568,3.4483717249391788,2.3,-1.5064290281202222,-0.13654193406755183,3.296584470959224,1,-4.119372020503838,Pocket,FALSE,4.898299439162846,NA,NA,NA,NA,NA,NA,NA,NA,NA,NA,NA,NA,NA,NA,NA,NA,NA,NA,NA,NA,NA,NA,NA,NA
2026-09-15 19:31:39 -0400,1,00-0040673,Jalen Milroe,QB,SEA,NE,3.376533427995902,0,9.72403154443715,Medium,6.02852928967903,-1.9327501791585144,1.7929185299193984,NA,NA,NA,NA,NA,NA,NA,NA,NA,NA,NA,NA,NA,NA,NA,2.4,2.686926785634945,3.376533427995902,2.3,-0.6896066423609573,1.3019322811645782,7.43953243031796,1,0.7622773198865751,Pocket,FALSE,2.971133791876072,NA,NA,NA,NA,NA,NA,NA,NA,NA,NA,NA,NA,NA,NA,NA,NA,NA,NA,NA,NA,NA,NA,NA,NA
2026-09-15 19:31:39 -0400,1,00-0039355,Luke McCaffrey,WR,WAS,PHI,3.3246941129673013,0,6.3457258178390825,Low,4.973519690779636,-0.18819245425684075,1.0067388827471484,NA,NA,NA,NA,NA,NA,NA,NA,NA,NA,NA,NA,NA,NA,NA,2.4,1.9711789097560928,3.3246941129673013,2.3,-1.3535152032112086,-0.7558627479762844,3.835697863539804,1,0.2226813938363477,Vertical,FALSE,2.2700309069224187,NA,NA,NA,NA,NA,NA,NA,NA,NA,NA,NA,NA,NA,NA,NA,NA,NA,NA,NA,NA,NA,NA,NA,NA
2026-09-15 19:31:39 -0400,1,00-0039534,Carter Bradley,QB,JAX,CLE,3.258915658154222,0,9.102741951066315,Medium,6.02852928967903,-1.564311446921801,1.324486899221717,NA,NA,NA,NA,NA,NA,NA,NA,NA,NA,NA,NA,NA,NA,NA,2.4,3.1996857535413112,3.258915658154222,2.3,-0.05922990461291067,-0.13654193406755183,15.94558063811997,1,10.138134900439322,Pocket,FALSE,5.462164372846749,NA,NA,NA,NA,NA,NA,NA,NA,NA,NA,NA,NA,NA,NA,NA,NA,NA,NA,NA,NA,NA,NA,NA,NA
2026-09-15 19:31:39 -0400,1,00-0037112,Jake Tonges,TE,SF,LA,3.162261380558179,0.5742899435617721,5.384997470680745,High,1.9902699491608615,0.07609567581077108,0.5875480103694705,NA,NA,NA,NA,NA,NA,NA,NA,NA,NA,NA,NA,NA,NA,NA,2.4,3.162261380558179,3.593681904644347,2.3.2,-0.4314205240861678,-1.75,5.742844805435145,1,0.07007845178203631,HybridTE,TRUE,1.4425737579426023,NA,NA,NA,NA,NA,NA,NA,NA,NA,NA,NA,NA,NA,NA,NA,NA,NA,NA,NA,NA,NA,NA,NA,NA
2026-09-15 19:31:39 -0400,1,00-0035406,Lil'Jordan Humphrey,WR,DEN,KC,3.071808842524677,0,6.073736310704354,Medium,3.83141508023352,-0.14538546032718336,0.5392579993165095,NA,NA,NA,NA,NA,NA,NA,NA,NA,NA,NA,NA,NA,NA,NA,2.4,2.318293126478288,3.071808842524677,2.3,-0.7535157160463885,1.0655503834487443,7.502066546347422,1,3.955202085772739,Vertical,FALSE,2.9684649498927005,NA,NA,NA,NA,NA,NA,NA,NA,NA,NA,NA,NA,NA,NA,NA,NA,NA,NA,NA,NA,NA,NA,NA,NA
2026-09-15 19:31:39 -0400,1,00-0036849,Tutu Atwell,WR,LA,SF,3.0700940950716045,0,6.293314290295701,High,2.953609688195244,0,0.48444872250201504,NA,NA,NA,NA,NA,NA,NA,NA,NA,NA,NA,NA,NA,NA,NA,2.4,2.5424793927242915,3.0700940950716045,2.3,-0.5276147023473129,0.3437418397644651,5.58118341561317,1,2.0398061468883193,Vertical,FALSE,1.7728240248298013,NA,NA,NA,NA,NA,NA,NA,NA,NA,NA,NA,NA,NA,NA,NA,NA,NA,NA,NA,NA,NA,NA,NA,NA
2026-09-15 19:31:39 -0400,1,00-0040886,Nicholas Singleton,RB,TEN,NYJ,3.0674371168816497,0,6.6892487050931155,High,3.0109528980360203,0,0.39620089687282134,NA,NA,NA,NA,NA,NA,NA,NA,NA,NA,NA,NA,NA,NA,NA,2.4,2.3262935461983103,3.0674371168816497,2.3,-0.7411435706833396,0.4051937442019739,2.2823642907859107,1,-1.2247921196004985,Committee,FALSE,1.5264763674519506,NA,NA,NA,NA,NA,NA,NA,NA,NA,NA,NA,NA,NA,NA,NA,NA,NA,NA,NA,NA,NA,NA,NA,NA
2026-09-15 19:31:39 -0400,1,00-0037666,Jalen Tolbert,WR,MIA,LV,3.0573516614404093,0,6.53648736414806,Medium,3.83141508023352,-0.14538546032718336,0.5854447468922299,NA,NA,NA,NA,NA,NA,NA,NA,NA,NA,NA,NA,NA,NA,NA,2.4,2.3363945521369747,3.0573516614404093,2.3,-0.7209571093034348,-0.400088489818753,4.0772693279564685,1,0.5766678468514432,Vertical,FALSE,1.4408084090908373,NA,NA,NA,NA,NA,NA,NA,NA,NA,NA,NA,NA,NA,NA,NA,NA,NA,NA,NA,NA,NA,NA,NA,NA
2026-09-15 19:31:39 -0400,1,00-0037324,Chris Oladokun,QB,KC,DEN,3.024063209791354,0,8.99626817015691,High,5.774060225635582,-1.04356596069853,1.1384433344094032,NA,NA,NA,NA,NA,NA,NA,NA,NA,NA,NA,NA,NA,NA,NA,2.4,2.223788868685993,3.024063209791354,2.3,-0.8002743411053611,0.04902962518878474,0,1,-4.084316304085119,Pocket,FALSE,3.347070782373839,NA,NA,NA,NA,NA,NA,NA,NA,NA,NA,NA,NA,NA,NA,NA,NA,NA,NA,NA,NA,NA,NA,NA,NA
2026-09-15 19:31:39 -0400,1,00-0038977,Tank Dell,WR,HOU,BUF,2.8392203577367003,0,6.375745139070891,High,2.953609688195244,-0.11787504816605124,0.41823289198813696,NA,NA,NA,NA,NA,NA,NA,NA,NA,NA,NA,NA,NA,NA,NA,2.4,2.631134494579112,2.8392203577367003,2.3,-0.20808586315758792,2,4.415781643346106,1,1.0616854663151352,Secondary,FALSE,1.5885671827245025,NA,NA,NA,NA,NA,NA,NA,NA,NA,NA,NA,NA,NA,NA,NA,NA,NA,NA,NA,NA,NA,NA,NA,NA
2026-09-15 19:31:39 -0400,1,00-0031235,Odell Beckham Jr.,WR,NYG,DAL,2.834131303733185,0,6.461239092084664,High,2.953609688195244,-0.15480945114257597,0.42036081763768296,NA,NA,NA,NA,NA,NA,NA,NA,NA,NA,NA,NA,NA,NA,NA,2.4,2.540738632702383,2.834131303733185,2.3,-0.29339267103080124,-0.2485274793801816,8.11471935264743,1,4.77690814842771,Secondary,FALSE,2.6110571905443822,NA,NA,NA,NA,NA,NA,NA,NA,NA,NA,NA,NA,NA,NA,NA,NA,NA,NA,NA,NA,NA,NA,NA,NA
2026-09-15 19:31:39 -0400,1,00-0041047,Chris Brazzell II,WR,CAR,CHI,2.8306901280975785,0,6.205015039910985,High,2.953609688195244,-0.11787504816605124,0.4064371500930251,NA,NA,NA,NA,NA,NA,NA,NA,NA,NA,NA,NA,NA,NA,NA,2.4,2.6853078182339316,2.8306901280975785,2.3,-0.14538230986364675,-0.17906850590369447,4.20024623196241,1,0.8734467897766298,Secondary,FALSE,0.911304034679338,NA,NA,NA,NA,NA,NA,NA,NA,NA,NA,NA,NA,NA,NA,NA,NA,NA,NA,NA,NA,NA,NA,NA,NA
2026-09-15 19:31:39 -0400,1,00-0040937,Dominic Richardson,RB,NYJ,TEN,2.7354870426011892,0,6.78761790466795,Medium,4.1906550461485725,-0.4163001917746611,0.6940727405808615,NA,NA,NA,NA,NA,NA,NA,NA,NA,NA,NA,NA,NA,NA,NA,2.4,2.1591569480593065,2.7354870426011892,2.3,-0.5763300945418829,0.6349209584466594,0,1,-3.811196477822123,Committee,FALSE,2.8124586854230267,NA,NA,NA,NA,NA,NA,NA,NA,NA,NA,NA,NA,NA,NA,NA,NA,NA,NA,NA,NA,NA,NA,NA,NA
2026-09-15 19:31:39 -0400,1,00-0040198,Ollie Gordon II,RB,MIA,LV,2.68898504095122,0,6.378087335176711,Medium,4.1906550461485725,-0.4686071780541168,0.7468413483761696,NA,NA,NA,NA,NA,NA,NA,NA,NA,NA,NA,NA,NA,NA,NA,2.4,2.4857062990499252,2.68898504095122,2.3,-0.20327874190129488,-1.75,2.953575114590405,1,-0.8858909035055231,Committee,FALSE,1.768492829109285,NA,NA,NA,NA,NA,NA,NA,NA,NA,NA,NA,NA,NA,NA,NA,NA,NA,NA,NA,NA,NA,NA,NA,NA
2026-09-15 19:31:39 -0400,1,00-0041558,Sam Roush,TE,CHI,CAR,2.6004226338328973,0,4.8601823312713615,High,1.9902699491608615,-0.00313517765028515,0.3717399909795652,NA,NA,NA,NA,NA,NA,NA,NA,NA,NA,NA,NA,NA,NA,NA,2.4,2.6004226338328973,2.5007795331696494,2.3.2,0.09964310066324784,0.00422431248440226,3.620613578834693,1,-0.01280899850513161,HybridTE,TRUE,0.447881054591212,NA,NA,NA,NA,NA,NA,NA,NA,NA,NA,NA,NA,NA,NA,NA,NA,NA,NA,NA,NA,NA,NA,NA,NA
2026-09-15 19:31:39 -0400,1,00-0040177,Jordan James,RB,SF,LA,2.5862943457041947,0,5.916013182551744,Medium,4.1906550461485725,-0.5405854260772378,0.6529218080307917,NA,NA,NA,NA,NA,NA,NA,NA,NA,NA,NA,NA,NA,NA,NA,2.4,2.4397772858855764,2.5862943457041947,2.3,-0.1465170598186184,0.3106489363629026,3.1976842887192625,1,-0.37101663657809425,Committee,FALSE,0.997085085443933,NA,NA,NA,NA,NA,NA,NA,NA,NA,NA,NA,NA,NA,NA,NA,NA,NA,NA,NA,NA,NA,NA,NA,NA
2026-09-15 19:31:39 -0400,1,00-0036980,Elijah Moore,WR,PHI,WAS,2.555449989991762,0,6.132775405403491,High,2.953609688195244,-0.11787504816605124,0.3366111488657425,NA,NA,NA,NA,NA,NA,NA,NA,NA,NA,NA,NA,NA,NA,NA,2.4,2.416337470371552,2.555449989991762,2.3,-0.13911251962021098,0.5010892044328217,7.989618222698905,1,4.92587706475959,Vertical,FALSE,2.554667499833573,NA,NA,NA,NA,NA,NA,NA,NA,NA,NA,NA,NA,NA,NA,NA,NA,NA,NA,NA,NA,NA,NA,NA,NA
2026-09-15 19:31:39 -0400,1,00-0035359,David Sills,WR,TB,CIN,2.5170970202325216,0,5.208951590004239,High,2.953609688195244,-0.14538546032718336,0.4146643025417743,NA,NA,NA,NA,NA,NA,NA,NA,NA,NA,NA,NA,NA,NA,NA,2.4,1.8303733092268244,2.5170970202325216,2.3,-0.6867237110056972,-1.4265329899328976,7.267149375699663,1,4.3261377209899194,Vertical,FALSE,3.0537858856215996,NA,NA,NA,NA,NA,NA,NA,NA,NA,NA,NA,NA,NA,NA,NA,NA,NA,NA,NA,NA,NA,NA,NA,NA
2026-09-15 19:31:39 -0400,1,00-0040644,Trevor Etienne,RB,CAR,CHI,2.4894752850076616,0,6.092012794926057,High,3.0109528980360203,-0.40160715833434935,0.46712520997178647,NA,NA,NA,NA,NA,NA,NA,NA,NA,NA,NA,NA,NA,NA,NA,2.4,2.468966294504204,2.4894752850076616,2.3,-0.02050899050345726,-0.01103795616557046,5.058551183809392,1,1.8666661118550891,Committee,FALSE,1.2314593349159133,NA,NA,NA,NA,NA,NA,NA,NA,NA,NA,NA,NA,NA,NA,NA,NA,NA,NA,NA,NA,NA,NA,NA,NA
2026-09-15 19:31:39 -0400,1,00-0041323,Myles Montgomery,RB,NE,SEA,2.4410195607983347,0,6.178244956532731,High,3.0109528980360203,-0.5093887375482111,0.5223166511783435,NA,NA,NA,NA,NA,NA,NA,NA,NA,NA,NA,NA,NA,NA,NA,2.4,1.817767312635694,2.4410195607983347,2.3,-0.6232522481626408,0.3300493834396842,1.0660732003645743,1,-2.17195644475171,Committee,FALSE,1.9263906178247812,NA,NA,NA,NA,NA,NA,NA,NA,NA,NA,NA,NA,NA,NA,NA,NA,NA,NA,NA,NA,NA,NA,NA,NA
2026-09-15 19:31:39 -0400,1,00-0041070,Reggie Virgil,WR,ARI,LAC,2.4241880074293887,0,5.709512169403346,High,2.953609688195244,-0.150315761313857,0.3077574577986489,NA,NA,NA,NA,NA,NA,NA,NA,NA,NA,NA,NA,NA,NA,NA,2.4,2.035127137639273,2.4241880074293887,2.3,-0.38906086979011634,0.07654955420168934,3.3161484482982493,1,0.46729130576330347,Secondary,FALSE,0.7899814552175585,NA,NA,NA,NA,NA,NA,NA,NA,NA,NA,NA,NA,NA,NA,NA,NA,NA,NA,NA,NA,NA,NA,NA,NA
2026-09-15 19:31:39 -0400,1,00-0037742,Treylon Burks,WR,WAS,PHI,2.409468909850836,0,5.491065972697614,High,2.953609688195244,-0.1564200248147827,0.4076332744322216,NA,NA,NA,NA,NA,NA,NA,NA,NA,NA,NA,NA,NA,NA,NA,2.4,1.7170781211925044,2.409468909850836,2.3,-0.6923907886583316,-1.5281943695752425,7.3666174031205855,1,4.564861372837008,Vertical,FALSE,3.1767096865004296,NA,NA,NA,NA,NA,NA,NA,NA,NA,NA,NA,NA,NA,NA,NA,NA,NA,NA,NA,NA,NA,NA,NA,NA
2026-09-15 19:31:39 -0400,1,00-0041239,Chip Trayanum,RB,NYJ,TEN,2.4054786625012117,0,6.259600469541615,High,3.0109528980360203,-0.5403789424492913,0.5155103538918755,NA,NA,NA,NA,NA,NA,NA,NA,NA,NA,NA,NA,NA,NA,NA,2.4,1.80637215744955,2.4054786625012117,2.3,-0.5991065050516619,0.6349209584466594,1.0660732003645743,1,-2.11680253929603,Committee,FALSE,1.9720822106804483,NA,NA,NA,NA,NA,NA,NA,NA,NA,NA,NA,NA,NA,NA,NA,NA,NA,NA,NA,NA,NA,NA,NA,NA
2026-09-15 19:31:39 -0400,1,00-0040581,Dont'e Thornton Jr.,WR,LV,MIA,2.3791273504675203,0,5.73008256217822,High,2.953609688195244,0,0.46571964182431846,NA,NA,NA,NA,NA,NA,NA,NA,NA,NA,NA,NA,NA,NA,NA,2.4,2.173031524227787,2.3791273504675203,2.3,-0.20609582623973327,0.04417316470556173,3.4696769724793057,1,0.7650139322223386,Vertical,FALSE,0.9292442424927356,NA,NA,NA,NA,NA,NA,NA,NA,NA,NA,NA,NA,NA,NA,NA,NA,NA,NA,NA,NA,NA,NA,NA,NA
2026-09-15 19:31:39 -0400,1,00-0040876,Elijah Sarratt,WR,BAL,IND,2.3783227145602135,0,5.404632926400816,High,2.953609688195244,-0.150315761313857,0.2718992364181341,NA,NA,NA,NA,NA,NA,NA,NA,NA,NA,NA,NA,NA,NA,NA,2.4,1.9948452500659624,2.3783227145602135,2.3,-0.3834774644942512,0.01707974914904853,3.1342580295983353,1,0.43216982424474937,Secondary,FALSE,0.7183253160067243,NA,NA,NA,NA,NA,NA,NA,NA,NA,NA,NA,NA,NA,NA,NA,NA,NA,NA,NA,NA,NA,NA,NA,NA
2026-09-15 19:31:39 -0400,1,00-0041069,Colbie Young,WR,CIN,TB,2.3783227145602135,0,5.265791808810786,High,2.953609688195244,-0.150315761313857,0.2718992364181341,NA,NA,NA,NA,NA,NA,NA,NA,NA,NA,NA,NA,NA,NA,NA,2.4,2.3445643320633947,2.3783227145602135,2.3,-0.03375838249681864,0.10629012757739124,2.688828000760658,1,-0.01326020459292776,Secondary,FALSE,0.3327212242762957,NA,NA,NA,NA,NA,NA,NA,NA,NA,NA,NA,NA,NA,NA,NA,NA,NA,NA,NA,NA,NA,NA,NA,NA
2026-09-15 19:31:39 -0400,1,00-0041004,Chase Roberts,WR,LV,MIA,2.375305068001949,0,5.790389568361222,High,2.953609688195244,-0.00108876698831866,0.22037532904713528,NA,NA,NA,NA,NA,NA,NA,NA,NA,NA,NA,NA,NA,NA,NA,2.4,1.8542359678879323,2.375305068001949,2.3,-0.5210691001140164,0.0911304242674951,0,1,-2.692431736367137,Secondary,FALSE,1.68943552095405,NA,NA,NA,NA,NA,NA,NA,NA,NA,NA,NA,NA,NA,NA,NA,NA,NA,NA,NA,NA,NA,NA,NA,NA
2026-09-15 19:31:39 -0400,1,00-0040317,Jacoby Jones,WR,WAS,PHI,2.357829467316483,0,5.787300195628982,High,2.953609688195244,-0.17724246502353574,0.41626437543766653,NA,NA,NA,NA,NA,NA,NA,NA,NA,NA,NA,NA,NA,NA,NA,2.4,2.2473054613839785,2.357829467316483,2.3,-0.11052400593250468,-0.08674226034239776,8.50725671092493,1,5.870746896751282,Secondary,FALSE,2.867952616393652,NA,NA,NA,NA,NA,NA,NA,NA,NA,NA,NA,NA,NA,NA,NA,NA,NA,NA,NA,NA,NA,NA,NA,NA
2026-09-15 19:31:39 -0400,1,00-0034407,Ray-Ray McCloud,WR,CHI,CAR,2.3529038838947667,0,6.462924692551243,High,2.953609688195244,-0.150315761313857,0.453923950194249,NA,NA,NA,NA,NA,NA,NA,NA,NA,NA,NA,NA,NA,NA,NA,2.4,1.778936736564534,2.3529038838947667,2.3,-0.5739671473302328,-0.8183901967298057,2.367174585209972,1,-0.25357336201418246,Secondary,FALSE,1.202647357150027,NA,NA,NA,NA,NA,NA,NA,NA,NA,NA,NA,NA,NA,NA,NA,NA,NA,NA,NA,NA,NA,NA,NA,NA
2026-09-15 19:31:39 -0400,1,00-0041446,Kendrick Law,WR,DET,NO,2.338142268686483,0,5.648082561341896,High,2.953609688195244,-0.150315761313857,0.24270590788312071,NA,NA,NA,NA,NA,NA,NA,NA,NA,NA,NA,NA,NA,NA,NA,2.4,2.255913751435563,2.338142268686483,2.3,-0.08222851725091965,0.1181637846881073,2.508565521886432,1,-0.11071153431427928,Secondary,FALSE,0.3799996190909084,NA,NA,NA,NA,NA,NA,NA,NA,NA,NA,NA,NA,NA,NA,NA,NA,NA,NA,NA,NA,NA,NA,NA,NA
2026-09-15 19:31:39 -0400,1,00-0040888,Adam Randall,RB,BAL,IND,2.3319509215653556,0,5.794074240931358,High,3.0109528980360203,-0.40972646364343834,0.37936146005893784,NA,NA,NA,NA,NA,NA,NA,NA,NA,NA,NA,NA,NA,NA,NA,2.4,2.0540124153169064,2.3319509215653556,2.3,-0.277938506248449,0.10818862543211118,4.336086298774829,1,1.5470334924439215,Committee,FALSE,1.225188399040054,NA,NA,NA,NA,NA,NA,NA,NA,NA,NA,NA,NA,NA,NA,NA,NA,NA,NA,NA,NA,NA,NA,NA,NA
2026-09-15 19:31:39 -0400,1,00-0032392,Austin Hooper,TE,ATL,PIT,2.295086826211981,0,4.780550953845506,High,1.9902699491608615,-0.16898339800306122,0.27056193374190785,NA,NA,NA,NA,NA,NA,NA,NA,NA,NA,NA,NA,NA,NA,NA,2.4,2.295086826211981,2.79017835254644,2.3.2,-0.49509152633445946,-0.16448285943848134,3.471426073946952,1,-0.4932525481721752,HybridTE,TRUE,0.8637718792764439,NA,NA,NA,NA,NA,NA,NA,NA,NA,NA,NA,NA,NA,NA,NA,NA,NA,NA,NA,NA,NA,NA,NA,NA
2026-09-15 19:31:39 -0400,1,00-0041104,Demond Claiborne,RB,MIN,GB,2.2751326727103556,0,5.933135126047537,High,3.0109528980360203,-0.5191028938907596,0.4308246783956106,NA,NA,NA,NA,NA,NA,NA,NA,NA,NA,NA,NA,NA,NA,NA,2.4,1.7994882760435422,2.2751326727103556,2.3,-0.47564439666681335,0.37063139740650025,2.1149460637958635,1,-0.6990291468740377,Committee,FALSE,1.154576834033945,NA,NA,NA,NA,NA,NA,NA,NA,NA,NA,NA,NA,NA,NA,NA,NA,NA,NA,NA,NA,NA,NA,NA,NA
2026-09-15 19:31:39 -0400,1,00-0040930,Camden Brown,WR,DAL,NYG,2.2393003534738054,0,5.91026339461634,High,2.953609688195244,-0.1872501642903817,0.2552982769738287,NA,NA,NA,NA,NA,NA,NA,NA,NA,NA,NA,NA,NA,NA,NA,2.4,1.3373046679267242,2.2393003534738054,2.3,-0.9019956855470812,0.04740426882380534,6.578642434311455,1,3.988156424611189,Secondary,FALSE,2.4961791073484028,NA,NA,NA,NA,NA,NA,NA,NA,NA,NA,NA,NA,NA,NA,NA,NA,NA,NA,NA,NA,NA,NA,NA,NA
2026-09-15 19:31:39 -0400,1,00-0040179,DJ Giddens,RB,IND,BAL,2.2317148472166006,0,6.109476678339195,High,3.0109528980360203,-0.5075309129358638,0.4760262118176949,NA,NA,NA,NA,NA,NA,NA,NA,NA,NA,NA,NA,NA,NA,NA,2.4,2.0869081196196957,2.2317148472166006,2.3,-0.14480672759690505,0.24801779046450267,5.312996988774074,1,2.510406355277629,Committee,FALSE,1.655958800385931,NA,NA,NA,NA,NA,NA,NA,NA,NA,NA,NA,NA,NA,NA,NA,NA,NA,NA,NA,NA,NA,NA,NA,NA
2026-09-15 19:31:39 -0400,1,00-0041051,Zavion Thomas,WR,CHI,CAR,2.228679667991827,0,5.911048437827628,High,2.953609688195244,-0.150315761313857,0.23122181225942737,NA,NA,NA,NA,NA,NA,NA,NA,NA,NA,NA,NA,NA,NA,NA,2.4,1.8314157135626157,2.228679667991827,2.3,-0.3972639544292111,0.14894493396753497,4.423899382700698,1,1.867399566542764,Secondary,FALSE,1.3009498871672411,NA,NA,NA,NA,NA,NA,NA,NA,NA,NA,NA,NA,NA,NA,NA,NA,NA,NA,NA,NA,NA,NA,NA,NA
2026-09-15 19:31:39 -0400,1,00-0039792,Devontez Walker,WR,BAL,IND,2.17840821695854,0,5.31061532646362,Low,4.973519690779636,-0.16068204209570863,1.0469661833094512,NA,NA,NA,NA,NA,NA,NA,NA,NA,NA,NA,NA,NA,NA,NA,2.4,0.5528757312885286,2.17840821695854,2.3,-1.9123911596117784,0.07506062217437927,3.414718888029625,1,0.32735146951415217,Vertical,FALSE,2.539098769495671,NA,NA,NA,NA,NA,NA,NA,NA,NA,NA,NA,NA,NA,NA,NA,NA,NA,NA,NA,NA,NA,NA,NA,NA
2026-09-15 19:31:39 -0400,1,00-0041081,Max Bredeson,RB,MIN,GB,2.17168412391578,0,6.306032503194976,High,3.0109528980360203,-0.5191028938907596,0.3753626018716043,NA,NA,NA,NA,NA,NA,NA,NA,NA,NA,NA,NA,NA,NA,NA,2.4,1.7914073765164764,2.17168412391578,2.3,-0.38027674739930345,0.37063139740650025,2.715541390370478,1,0.2326015358432203,Committee,FALSE,0.8457863586103549,NA,NA,NA,NA,NA,NA,NA,NA,NA,NA,NA,NA,NA,NA,NA,NA,NA,NA,NA,NA,NA,NA,NA,NA
2026-09-15 19:31:39 -0400,1,00-0036984,Trey Sermon,RB,ATL,PIT,2.1311748524452,0,5.674604282327205,High,3.0109528980360203,-0.6521216126088658,0.4469679561774142,NA,NA,NA,NA,NA,NA,NA,NA,NA,NA,NA,NA,NA,NA,NA,2.4,2.137111294551182,2.1311748524452,2.3,0.00593644210598234,-1.1196388880699295,6.507532111344309,1,3.902793017573003,Committee,FALSE,2.348132339101782,NA,NA,NA,NA,NA,NA,NA,NA,NA,NA,NA,NA,NA,NA,NA,NA,NA,NA,NA,NA,NA,NA,NA,NA
2026-09-15 19:31:39 -0400,1,00-0039356,Ja'Tavion Sanders,TE,CAR,CHI,2.113114829465966,0,4.399182161274454,High,1.9902699491608615,-0.03292644932249194,0.474847028130163,NA,NA,NA,NA,NA,NA,NA,NA,NA,NA,NA,NA,NA,NA,NA,2.4,2.113114829465966,2.563560669403902,2.3.2,-0.4504458399379358,1.75,3.9394827038432023,1,0.23750458068975533,HybridTE,TRUE,1.41016094836262,NA,NA,NA,NA,NA,NA,NA,NA,NA,NA,NA,NA,NA,NA,NA,NA,NA,NA,NA,NA,NA,NA,NA,NA
2026-09-15 19:31:39 -0400,1,00-0037085,Tyler Badie,RB,DEN,KC,2.103873568568452,0,5.725522085720523,High,3.0109528980360203,-0.5544854485692535,0.5456992771354144,NA,NA,NA,NA,NA,NA,NA,NA,NA,NA,NA,NA,NA,NA,NA,2.4,1.8551513212666637,2.103873568568452,2.3,-0.24872224730178857,-0.7203350212820254,2.834684544369579,1,0.14890246712307276,Committee,FALSE,0.9954663434805032,NA,NA,NA,NA,NA,NA,NA,NA,NA,NA,NA,NA,NA,NA,NA,NA,NA,NA,NA,NA,NA,NA,NA,NA
2026-09-15 19:31:39 -0400,1,00-0037304,Connor Heyward,RB,LV,MIA,2.08185912879464,0,5.358059798862698,High,3.0109528980360203,0,0.2622444091394971,NA,NA,NA,NA,NA,NA,NA,NA,NA,NA,NA,NA,NA,NA,NA,2.4,1.3925541756996989,2.08185912879464,2.3,-0.6893049530949412,0.3887544200752411,1.8059793388861196,1,0.14890315771005191,Committee,FALSE,0.920945465412549,NA,NA,NA,NA,NA,NA,NA,NA,NA,NA,NA,NA,NA,NA,NA,NA,NA,NA,NA,NA,NA,NA,NA,NA
2026-09-15 19:31:39 -0400,1,00-0041077,Justin Joly,TE,MIA,LV,2.073123445128931,0,4.862884371466049,High,1.9902699491608615,-0.08729615000260305,0.4178567926567233,NA,NA,NA,NA,NA,NA,NA,NA,NA,NA,NA,NA,NA,NA,NA,2.4,2.073123445128931,2.518682015145024,2.3.2,-0.4455585700160931,0.04848314326227064,2.946974910427526,1,-0.8218757615159733,HybridTE,TRUE,1.0730430392530588,NA,NA,NA,NA,NA,NA,NA,NA,NA,NA,NA,NA,NA,NA,NA,NA,NA,NA,NA,NA,NA,NA,NA,NA
2026-09-15 19:31:39 -0400,1,00-0041374,Sincere Brown,WR,LAC,ARI,2.0542643664541194,0,5.753083028397697,High,2.953609688195244,-0.150315761313857,0.21715492074766893,NA,NA,NA,NA,NA,NA,NA,NA,NA,NA,NA,NA,NA,NA,NA,2.4,1.5246711946382838,2.0542643664541194,2.3,-0.5295931718158355,0.03794483802441024,0,1,-2.4188823306478295,Secondary,FALSE,1.5668065246852088,NA,NA,NA,NA,NA,NA,NA,NA,NA,NA,NA,NA,NA,NA,NA,NA,NA,NA,NA,NA,NA,NA,NA,NA
2026-09-15 19:31:39 -0400,1,00-0040948,J. Michael Sturdivant,WR,GB,MIN,2.051865163602133,0,5.255478743368926,High,2.953609688195244,-0.150315761313857,0.21375842907565415,NA,NA,NA,NA,NA,NA,NA,NA,NA,NA,NA,NA,NA,NA,NA,2.4,1.620752941593796,2.051865163602133,2.3,-0.431112222008337,0.26102585940458617,7.0265412554806925,1,4.615336373959219,Secondary,FALSE,2.4399792918865537,NA,NA,NA,NA,NA,NA,NA,NA,NA,NA,NA,NA,NA,NA,NA,NA,NA,NA,NA,NA,NA,NA,NA,NA
2026-09-15 19:31:39 -0400,1,00-0040953,Jeff Caldwell,WR,KC,DEN,2.051865163602133,0,5.258284953685287,High,2.953609688195244,-0.150315761313857,0.21375842907565415,NA,NA,NA,NA,NA,NA,NA,NA,NA,NA,NA,NA,NA,NA,NA,2.4,1.962893533314427,2.051865163602133,2.3,-0.08897163028770586,-0.10104342170117409,6.823970010924382,1,4.412765129402909,Secondary,FALSE,2.0714576485485643,NA,NA,NA,NA,NA,NA,NA,NA,NA,NA,NA,NA,NA,NA,NA,NA,NA,NA,NA,NA,NA,NA,NA,NA
2026-09-15 19:31:39 -0400,1,00-0041451,Brock Rechsteiner,WR,NO,DET,2.051865163602133,0,5.178954569319566,High,2.953609688195244,0,0.2033974368745756,NA,NA,NA,NA,NA,NA,NA,NA,NA,NA,NA,NA,NA,NA,NA,2.4,1.129961939869368,2.051865163602133,2.3,-0.9219032237327648,0.10212683442913216,6.578642434311455,1,4.167437552789981,Secondary,FALSE,2.546342764932243,NA,NA,NA,NA,NA,NA,NA,NA,NA,NA,NA,NA,NA,NA,NA,NA,NA,NA,NA,NA,NA,NA,NA,NA
2026-09-15 19:31:39 -0400,1,00-0037594,Julius Chestnut,RB,TEN,NYJ,2.026026966468074,0,4.965002024052008,High,3.0109528980360203,-0.4623201156184577,0.3399668247229675,NA,NA,NA,NA,NA,NA,NA,NA,NA,NA,NA,NA,NA,NA,NA,2.4,1.330696717856086,2.026026966468074,2.3,-0.6953302486119879,1.0647352976710085,1.0660732003645743,1,-0.8179581858223761,Committee,FALSE,1.473301862381612,NA,NA,NA,NA,NA,NA,NA,NA,NA,NA,NA,NA,NA,NA,NA,NA,NA,NA,NA,NA,NA,NA,NA,NA
2026-09-15 19:31:39 -0400,1,00-0041399,CJ Daniels,WR,LA,SF,2.016358616606053,0,5.392864087051553,High,2.953609688195244,0,0.2011238983852654,NA,NA,NA,NA,NA,NA,NA,NA,NA,NA,NA,NA,NA,NA,NA,2.4,2.0404707161568085,2.016358616606053,2.3,0.0241120995507553,-0.01159257496055352,1.2358962619415077,1,-1.1339235010065567,Secondary,FALSE,0.6750495409615829,NA,NA,NA,NA,NA,NA,NA,NA,NA,NA,NA,NA,NA,NA,NA,NA,NA,NA,NA,NA,NA,NA,NA,NA
2026-09-15 19:31:39 -0400,1,00-0040172,Jordan Watkins,WR,SF,LA,2.0112748824260263,0,5.186410771166563,High,2.953609688195244,-0.12890961265365058,0.21128258325623173,NA,NA,NA,NA,NA,NA,NA,NA,NA,NA,NA,NA,NA,NA,NA,2.4,1.516166919428707,2.0112748824260263,2.3,-0.49510796299731913,-0.02710053225104115,2.8731392662138715,1,0.5195874526418933,Vertical,FALSE,0.7738232980864248,NA,NA,NA,NA,NA,NA,NA,NA,NA,NA,NA,NA,NA,NA,NA,NA,NA,NA,NA,NA,NA,NA,NA,NA
2026-09-15 19:31:39 -0400,1,00-0039363,Isaac Guerendo,RB,SF,LA,2.0097174165787495,0,5.522371684681627,High,3.0109528980360203,-0.574642152957824,0.387208585402515,NA,NA,NA,NA,NA,NA,NA,NA,NA,NA,NA,NA,NA,NA,NA,2.4,2.1313385235612374,2.0097174165787495,2.3,0.12162110698248813,-1.75,5.277775279010627,1,3.158945865102967,Committee,FALSE,2.2609217063314437,NA,NA,NA,NA,NA,NA,NA,NA,NA,NA,NA,NA,NA,NA,NA,NA,NA,NA,NA,NA,NA,NA,NA,NA
2026-09-15 19:31:39 -0400,1,00-0039603,British Brooks,RB,HOU,BUF,2.0050079453808767,0,5.678475724531189,High,3.0109528980360203,-0.5997242565139006,0.3778306515007814,NA,NA,NA,NA,NA,NA,NA,NA,NA,NA,NA,NA,NA,NA,NA,2.4,1.535154856732599,2.0050079453808767,2.3,-0.46985308864827774,0.13009564302539645,1.0660732003645743,1,-1.0142212972079745,Committee,FALSE,1.1514450253453845,NA,NA,NA,NA,NA,NA,NA,NA,NA,NA,NA,NA,NA,NA,NA,NA,NA,NA,NA,NA,NA,NA,NA,NA
2026-09-15 19:31:39 -0400,1,00-0041436,DJ Herman,RB,MIA,LV,1.9853292152643367,0,5.307305123065732,High,3.0109528980360203,-0.6536507830254134,0.3910882487025617,NA,NA,NA,NA,NA,NA,NA,NA,NA,NA,NA,NA,NA,NA,NA,2.4,1.5166687650810788,1.9853292152643367,2.3,-0.46866045018325786,0.4945646059280415,1.0660732003645743,1,-1.03907559907535,Committee,FALSE,1.2831501852393945,NA,NA,NA,NA,NA,NA,NA,NA,NA,NA,NA,NA,NA,NA,NA,NA,NA,NA,NA,NA,NA,NA,NA,NA
2026-09-15 19:31:39 -0400,1,00-0041106,C.J. Williams,WR,JAX,CLE,1.971583776150435,0,5.411176996163902,High,2.953609688195244,0,0.19217545872076097,NA,NA,NA,NA,NA,NA,NA,NA,NA,NA,NA,NA,NA,NA,NA,2.4,1.475655523779721,1.971583776150435,2.3,-0.4959282523707136,-0.23812288756138325,0.9920415255484364,1,-1.3224524472833252,Secondary,FALSE,1.1397430805620057,NA,NA,NA,NA,NA,NA,NA,NA,NA,NA,NA,NA,NA,NA,NA,NA,NA,NA,NA,NA,NA,NA,NA,NA
2026-09-15 19:31:39 -0400,1,00-0029892,Kyle Juszczyk,RB,SF,LA,1.9452406181269415,0,5.887694909492092,High,3.0109528980360203,-0.556236354684085,0.37912116062791634,NA,NA,NA,NA,NA,NA,NA,NA,NA,NA,NA,NA,NA,NA,NA,2.4,1.6989307659381063,1.9452406181269415,2.3,-0.2463098521888352,0.3106489363629026,3.4390368459385567,1,1.522495852800006,Committee,FALSE,1.2537310791889742,NA,NA,NA,NA,NA,NA,NA,NA,NA,NA,NA,NA,NA,NA,NA,NA,NA,NA,NA,NA,NA,NA,NA,NA
2026-09-15 19:31:39 -0400,1,00-0037276,Ty Chandler,RB,NO,DET,1.9344477054150315,0,5.370328360767326,Medium,4.1906550461485725,-0.6225536596268175,0.7010414284203258,NA,NA,NA,NA,NA,NA,NA,NA,NA,NA,NA,NA,NA,NA,NA,2.4,1.768041508105647,1.9344477054150315,2.3,-0.16640619730938477,1.75,3.456573159231214,1,0.8177172320819146,Committee,FALSE,1.669612659369661,NA,NA,NA,NA,NA,NA,NA,NA,NA,NA,NA,NA,NA,NA,NA,NA,NA,NA,NA,NA,NA,NA,NA,NA
2026-09-15 19:31:39 -0400,1,00-0036670,Jermar Jefferson,RB,MIN,GB,1.910152696118313,0,5.231478342736766,High,3.0109528980360203,-0.5191028938907596,0.35652240389263334,NA,NA,NA,NA,NA,NA,NA,NA,NA,NA,NA,NA,NA,NA,NA,2.4,1.625925865215153,1.910152696118313,2.3,-0.28422683090316025,0.37063139740650025,0.9694396053615192,1,-0.8199192658871642,Committee,FALSE,0.9946383111016612,NA,NA,NA,NA,NA,NA,NA,NA,NA,NA,NA,NA,NA,NA,NA,NA,NA,NA,NA,NA,NA,NA,NA,NA
2026-09-15 19:31:39 -0400,1,00-0040238,LeQuint Allen Jr.,RB,JAX,CLE,1.9068417078442643,0,5.236560544691813,High,3.0109528980360203,-0.5113178974216319,0.4734887538499921,NA,NA,NA,NA,NA,NA,NA,NA,NA,NA,NA,NA,NA,NA,NA,2.4,1.7039263401309312,1.9068417078442643,2.3,-0.2387239620156862,-0.1712133545567609,1.7379517229305772,1,-1.084516814881211,Committee,FALSE,1.1257662595804852,NA,NA,NA,NA,NA,NA,NA,NA,NA,NA,NA,NA,NA,NA,NA,NA,NA,NA,NA,NA,NA,NA,NA,NA
2026-09-15 19:31:39 -0400,1,00-0041550,Brenen Thompson,WR,LAC,ARI,1.8915940547260697,0,5.10026890477908,High,2.953609688195244,-0.150315761313857,0.2334720450981866,NA,NA,NA,NA,NA,NA,NA,NA,NA,NA,NA,NA,NA,NA,NA,2.4,1.7527921349719833,1.8915940547260697,2.3,-0.13880191975408615,0.03794483802441024,3.5592603737385606,1,1.254809268907486,Secondary,FALSE,0.8439405478963644,NA,NA,NA,NA,NA,NA,NA,NA,NA,NA,NA,NA,NA,NA,NA,NA,NA,NA,NA,NA,NA,NA,NA,NA
2026-09-15 19:31:39 -0400,1,00-0040009,Savion Williams,WR,GB,MIN,1.8683461712906884,0,5.133659284534761,High,2.953609688195244,-0.1778261734749891,0.4041604186457768,NA,NA,NA,NA,NA,NA,NA,NA,NA,NA,NA,NA,NA,NA,NA,2.4,0.950142557026774,1.8683461712906884,2.3,-0.9182036142639144,-1.1585311745827382,3.9222556794720886,1,1.6921978016342345,Secondary,FALSE,2.071341421659032,NA,NA,NA,NA,NA,NA,NA,NA,NA,NA,NA,NA,NA,NA,NA,NA,NA,NA,NA,NA,NA,NA,NA,NA
2026-09-15 19:31:39 -0400,1,00-0041443,Skyler Bell,WR,BUF,HOU,1.8669750399696956,0,5.523932562769208,High,2.953609688195244,-0.150315761313857,0.20449666479020903,NA,NA,NA,NA,NA,NA,NA,NA,NA,NA,NA,NA,NA,NA,NA,2.4,1.4483428727338634,1.8669750399696956,2.3,-0.4186321672358322,-0.05305697299254633,3.045330192695727,1,0.8196599350850491,Secondary,FALSE,0.8413202477870751,NA,NA,NA,NA,NA,NA,NA,NA,NA,NA,NA,NA,NA,NA,NA,NA,NA,NA,NA,NA,NA,NA,NA,NA
2026-09-15 19:31:39 -0400,1,00-0041510,Max Klare,TE,LA,SF,1.8013577252938513,0,4.242232071447887,High,1.9902699491608615,-0.04178998400483359,0.4281827240420402,NA,NA,NA,NA,NA,NA,NA,NA,NA,NA,NA,NA,NA,NA,NA,2.4,1.8013577252938513,1.887415877151616,2.3.2,-0.08605815185776475,0.1095633711623628,4.486779288151391,1,1.1625874225473574,HybridTE,TRUE,0.9863274107101274,NA,NA,NA,NA,NA,NA,NA,NA,NA,NA,NA,NA,NA,NA,NA,NA,NA,NA,NA,NA,NA,NA,NA,NA
2026-09-15 19:31:39 -0400,1,00-0039244,Chris Collier,RB,LV,MIA,1.7641310642539136,0,5.167876452064205,High,3.0109528980360203,-0.5260928959239238,0.2527398260204065,NA,NA,NA,NA,NA,NA,NA,NA,NA,NA,NA,NA,NA,NA,NA,2.4,1.1332399417384305,1.7641310642539136,2.3,-0.6308911225154833,0.3887544200752411,1.0660732003645743,1,-0.5911496896084634,Committee,FALSE,1.0474498136472024,NA,NA,NA,NA,NA,NA,NA,NA,NA,NA,NA,NA,NA,NA,NA,NA,NA,NA,NA,NA,NA,NA,NA,NA
2026-09-15 19:31:39 -0400,1,00-0038614,Scott Matlock,RB,LAC,ARI,1.7408039351026252,0,5.150878758422733,High,3.0109528980360203,-0.49019570212776664,0.25279371412677076,NA,NA,NA,NA,NA,NA,NA,NA,NA,NA,NA,NA,NA,NA,NA,2.4,1.156569987404246,1.7408039351026252,2.3,-0.5842339476983793,0.4874860690355592,0,1,-1.5722196020831951,Committee,FALSE,1.4368911390595822,NA,NA,NA,NA,NA,NA,NA,NA,NA,NA,NA,NA,NA,NA,NA,NA,NA,NA,NA,NA,NA,NA,NA,NA
2026-09-15 19:31:39 -0400,1,00-0041577,Connor Hulstein,TE,NYJ,TEN,1.7329942066736015,0,3.944417546756739,Medium,2.8419404727693593,-0.11832287985160554,0.30173422167208536,NA,NA,NA,NA,NA,NA,NA,NA,NA,NA,NA,NA,NA,NA,NA,2.4,1.7329942066736015,1.5782255855740686,2.3.2,0.15476862109953315,0.03111461721414223,0,1,-2.785395260485942,HybridTE,TRUE,1.533564745800378,NA,NA,NA,NA,NA,NA,NA,NA,NA,NA,NA,NA,NA,NA,NA,NA,NA,NA,NA,NA,NA,NA,NA,NA
2026-09-15 19:31:39 -0400,1,00-0039379,Jamari Thrash,WR,CLE,JAX,1.7242822310978674,0,5.306047508373898,High,2.953609688195244,-0.23663080338233913,0.2790335536963428,NA,NA,NA,NA,NA,NA,NA,NA,NA,NA,NA,NA,NA,NA,NA,2.4,1.1456627127399233,1.7242822310978674,2.3,-0.5786195183579441,-0.07264258353383835,2.4660392443842984,1,0.32861191133669143,Secondary,FALSE,0.8373047561417318,NA,NA,NA,NA,NA,NA,NA,NA,NA,NA,NA,NA,NA,NA,NA,NA,NA,NA,NA,NA,NA,NA,NA,NA
2026-09-15 19:31:39 -0400,1,00-0040739,Elijah Arroyo,TE,SEA,NE,1.724235233598156,0,4.196621987647669,Medium,2.8419404727693593,-0.09754084219825158,0.3912099988919701,NA,NA,NA,NA,NA,NA,NA,NA,NA,NA,NA,NA,NA,NA,NA,2.4,1.724235233598156,1.767221372708208,2.3.2,-0.04298613911005208,-1.75,4.95656566573629,1,1.8816867585421115,HybridTE,TRUE,1.6989749996858512,NA,NA,NA,NA,NA,NA,NA,NA,NA,NA,NA,NA,NA,NA,NA,NA,NA,NA,NA,NA,NA,NA,NA,NA
2026-09-15 19:31:39 -0400,1,00-0038824,Ryan Miller,WR,MIA,LV,1.7150524433871723,0,5.602183725087507,High,2.953609688195244,-0.1564200248147827,0.44488366414387104,NA,NA,NA,NA,NA,NA,NA,NA,NA,NA,NA,NA,NA,NA,NA,2.4,0.06167135702502224,1.7150524433871723,2.3,-1.65338108636215,-2,6.578642434311455,1,4.470750421938072,Vertical,FALSE,3.990550593372605,NA,NA,NA,NA,NA,NA,NA,NA,NA,NA,NA,NA,NA,NA,NA,NA,NA,NA,NA,NA,NA,NA,NA,NA
2026-09-15 19:31:39 -0400,1,00-0038640,Jalen Brooks,WR,ARI,LAC,1.713022671901386,0,4.874759905376518,High,2.953609688195244,-0.12890961265365058,0.24678502182724907,NA,NA,NA,NA,NA,NA,NA,NA,NA,NA,NA,NA,NA,NA,NA,2.4,1.2033617321031178,1.713022671901386,2.3,-0.5096609397982681,-0.3451654141379423,1.2394462104596902,1,-0.8619505331591761,Vertical,FALSE,1.05187751719109,NA,NA,NA,NA,NA,NA,NA,NA,NA,NA,NA,NA,NA,NA,NA,NA,NA,NA,NA,NA,NA,NA,NA,NA
2026-09-15 19:31:39 -0400,1,00-0031595,Michael Burton,RB,CLE,JAX,1.7104854811425811,0,5.353963867545472,High,3.0109528980360203,-0.5533610194672927,0.25770550587147906,NA,NA,NA,NA,NA,NA,NA,NA,NA,NA,NA,NA,NA,NA,NA,2.4,1.3450695491278375,1.7104854811425811,2.3,-0.36541593201474337,0.2956582792616814,3.87059240251801,1,2.3382560467358458,Committee,FALSE,1.5374965607546422,NA,NA,NA,NA,NA,NA,NA,NA,NA,NA,NA,NA,NA,NA,NA,NA,NA,NA,NA,NA,NA,NA,NA,NA
2026-09-15 19:31:39 -0400,1,00-0040184,KeAndre Lambert-Smith,WR,LAC,ARI,1.7080860956148034,0,5.461510039389129,High,2.953609688195244,-0.1564200248147827,0.2910548385365446,NA,NA,NA,NA,NA,NA,NA,NA,NA,NA,NA,NA,NA,NA,NA,2.4,1.3667963629361397,1.7080860956148034,2.3,-0.3412897326786638,-0.01838724647951408,2.3969982864217063,1,0.3113985869199043,Vertical,FALSE,0.6600332601234252,NA,NA,NA,NA,NA,NA,NA,NA,NA,NA,NA,NA,NA,NA,NA,NA,NA,NA,NA,NA,NA,NA,NA,NA
2026-09-15 19:31:39 -0400,1,00-0040432,Beaux Collins,WR,ATL,PIT,1.7023887828344453,0,4.634110541007269,High,2.953609688195244,-0.1778261734749891,0.4051982624337456,NA,NA,NA,NA,NA,NA,NA,NA,NA,NA,NA,NA,NA,NA,NA,2.4,1.0280201865570386,1.7023887828344453,2.3,-0.6743685962774066,0.03029023649212761,6.900074310599908,1,4.832706011995253,Secondary,FALSE,2.8194257555736697,NA,NA,NA,NA,NA,NA,NA,NA,NA,NA,NA,NA,NA,NA,NA,NA,NA,NA,NA,NA,NA,NA,NA,NA
2026-09-15 19:31:39 -0400,1,00-0035125,Alec Ingold,RB,LAC,ARI,1.6981620324590725,0,5.222152298054678,High,3.0109528980360203,-0.4505130191922778,0.30601169388317584,NA,NA,NA,NA,NA,NA,NA,NA,NA,NA,NA,NA,NA,NA,NA,2.4,1.1613899467983797,1.6981620324590725,2.3,-0.5367720856606928,0.4874860690355592,2.358291563716674,1,0.9458854712731216,Committee,FALSE,1.2063521630655771,NA,NA,NA,NA,NA,NA,NA,NA,NA,NA,NA,NA,NA,NA,NA,NA,NA,NA,NA,NA,NA,NA,NA,NA
2026-09-15 19:31:39 -0400,1,00-0041005,Corey Rucker,WR,LV,MIA,1.6973769140079424,0,5.362535792746078,High,2.953609688195244,-0.00108876698831866,0.22693466452029665,NA,NA,NA,NA,NA,NA,NA,NA,NA,NA,NA,NA,NA,NA,NA,2.4,0.997646133315866,1.6973769140079424,2.3,-0.6997307806920765,0.0911304242674951,6.578642434311455,1,4.527312115951608,Secondary,FALSE,2.555010184665642,NA,NA,NA,NA,NA,NA,NA,NA,NA,NA,NA,NA,NA,NA,NA,NA,NA,NA,NA,NA,NA,NA,NA,NA
2026-09-15 19:31:39 -0400,1,00-0036187,Reggie Gilliam,RB,NE,SEA,1.672401154144653,0,5.272258276542247,High,3.0109528980360203,-0.5138862305162089,0.30306360682524286,NA,NA,NA,NA,NA,NA,NA,NA,NA,NA,NA,NA,NA,NA,NA,2.4,0.9779901318217292,1.672401154144653,2.3,-0.6944110223229238,-0.6917544432625109,1.0660732003645743,1,-0.35639967617710244,Committee,FALSE,1.1392375259008838,NA,NA,NA,NA,NA,NA,NA,NA,NA,NA,NA,NA,NA,NA,NA,NA,NA,NA,NA,NA,NA,NA,NA,NA
2026-09-15 19:31:39 -0400,1,00-0034270,Tyler Conklin,TE,DET,NO,1.6515825869733185,0,4.040818894651061,High,1.9902699491608615,-0.096981566222168,0.4837443124325238,NA,NA,NA,NA,NA,NA,NA,NA,NA,NA,NA,NA,NA,NA,NA,2.4,1.6515825869733185,1.9918250660114711,2.3.2,-0.3402424790381528,-0.01978169722499337,1.995405666665823,1,-1.4566274153008962,HybridTE,TRUE,1.3104995230470873,NA,NA,NA,NA,NA,NA,NA,NA,NA,NA,NA,NA,NA,NA,NA,NA,NA,NA,NA,NA,NA,NA,NA,NA
2026-09-15 19:31:39 -0400,1,00-0034959,Andrew Beck,RB,NYJ,TEN,1.6307624557400848,0,5.351693360360849,High,3.0109528980360203,-0.4798737706413883,0.3722780206340969,NA,NA,NA,NA,NA,NA,NA,NA,NA,NA,NA,NA,NA,NA,NA,2.4,1.0230034632254543,1.6307624557400848,2.3,-0.6077589925146305,0.6349209584466594,1.0660732003645743,1,-0.18615126041641816,Committee,FALSE,1.0626461070949034,NA,NA,NA,NA,NA,NA,NA,NA,NA,NA,NA,NA,NA,NA,NA,NA,NA,NA,NA,NA,NA,NA,NA,NA
2026-09-15 19:31:39 -0400,1,00-0041084,Tanner Koziol,TE,JAX,CLE,1.628073799637637,0,3.893483576253402,High,1.9902699491608615,-0.10020021926287996,0.3074809222711408,NA,NA,NA,NA,NA,NA,NA,NA,NA,NA,NA,NA,NA,NA,NA,2.4,1.628073799637637,1.6061592839359038,2.3.2,0.0219145157017335,0.29518864628012037,1.846686658628784,1,-0.9725707324961136,HybridTE,TRUE,0.8004059701448358,NA,NA,NA,NA,NA,NA,NA,NA,NA,NA,NA,NA,NA,NA,NA,NA,NA,NA,NA,NA,NA,NA,NA,NA
2026-09-15 19:31:39 -0400,1,00-0039623,Mason Tipton,WR,NO,DET,1.6120418435982058,0,4.455358711257327,High,2.953609688195244,0,0.20438549066206993,NA,NA,NA,NA,NA,NA,NA,NA,NA,NA,NA,NA,NA,NA,NA,2.4,0.5260522385444524,1.6120418435982058,2.3,-1.0859896050537534,-1.0332661540368873,6.578642434311455,1,4.656319124986977,Vertical,FALSE,3.1370857104055543,NA,NA,NA,NA,NA,NA,NA,NA,NA,NA,NA,NA,NA,NA,NA,NA,NA,NA,NA,NA,NA,NA,NA,NA
2026-09-15 19:31:39 -0400,1,00-0040154,Tai Felton,WR,MIN,GB,1.6018699191212564,0,4.973051307943175,High,2.953609688195244,-0.22272754572219436,0.2070432217694917,NA,NA,NA,NA,NA,NA,NA,NA,NA,NA,NA,NA,NA,NA,NA,2.4,1.276118718948049,1.6018699191212564,2.3,-0.32575120017320736,0.5335616852017019,3.998199485574386,1,2.108426334576146,Secondary,FALSE,1.4385081012817058,NA,NA,NA,NA,NA,NA,NA,NA,NA,NA,NA,NA,NA,NA,NA,NA,NA,NA,NA,NA,NA,NA,NA,NA
2026-09-15 19:31:39 -0400,1,00-0040649,Robbie Ouzts,RB,SEA,NE,1.592326738138653,0,5.122778304026775,High,3.0109528980360203,-0.5883307713327248,0.34306545710951036,NA,NA,NA,NA,NA,NA,NA,NA,NA,NA,NA,NA,NA,NA,NA,2.4,1.220727573876178,1.592326738138653,2.3,-0.371599164262475,-0.2647795627423187,3.512110195916064,1,2.1778771152826173,Committee,FALSE,1.5537695870289854,NA,NA,NA,NA,NA,NA,NA,NA,NA,NA,NA,NA,NA,NA,NA,NA,NA,NA,NA,NA,NA,NA,NA,NA
2026-09-15 19:31:39 -0400,1,00-0039236,Johnny Wilson,WR,PHI,WAS,1.585158375532279,0,5.22464302423265,High,2.953609688195244,-0.24626499379506148,0.16337898715991203,NA,NA,NA,NA,NA,NA,NA,NA,NA,NA,NA,NA,NA,NA,NA,2.4,1.5533198686459806,1.585158375532279,2.3,-0.03183850688629841,0.01999721375695142,1.9998886442247763,1,0.1635924327112639,Secondary,FALSE,0.2571020791919119,NA,NA,NA,NA,NA,NA,NA,NA,NA,NA,NA,NA,NA,NA,NA,NA,NA,NA,NA,NA,NA,NA,NA,NA
2026-09-15 19:31:39 -0400,1,00-0038590,Justin Shorter,WR,LV,MIA,1.5781755528110262,0,4.868030456072171,High,2.953609688195244,-0.27505929621592606,0.15860992232382,NA,NA,NA,NA,NA,NA,NA,NA,NA,NA,NA,NA,NA,NA,NA,2.4,1.531943102740524,1.5781755528110262,2.3,-0.04623245007050225,0.0911304242674951,2.023743215020518,1,0.20979203621501497,Secondary,FALSE,0.3022285791394261,NA,NA,NA,NA,NA,NA,NA,NA,NA,NA,NA,NA,NA,NA,NA,NA,NA,NA,NA,NA,NA,NA,NA,NA
2026-09-15 19:31:39 -0400,1,00-0036862,Ben Skowronek,WR,PIT,ATL,1.5757405095574697,0,5.0367031287524195,Medium,3.83141508023352,-0.30256970837705816,0.6065703075659987,NA,NA,NA,NA,NA,NA,NA,NA,NA,NA,NA,NA,NA,NA,NA,2.4,0.8953109856200155,1.5757405095574697,2.3,-0.6804295239374542,-1.3062808340138694,0.42202786184474417,1,-1.3841311785493782,Secondary,FALSE,2.028407695946129,NA,NA,NA,NA,NA,NA,NA,NA,NA,NA,NA,NA,NA,NA,NA,NA,NA,NA,NA,NA,NA,NA,NA,NA
2026-09-15 19:31:39 -0400,1,00-0039626,Cole Burgess,WR,PIT,ATL,1.5721772306166817,0,4.958272241478251,High,2.953609688195244,-0.27505929621592606,0.15040015406494334,NA,NA,NA,NA,NA,NA,NA,NA,NA,NA,NA,NA,NA,NA,NA,2.4,0.9327290768287858,1.5721772306166817,2.3,-0.6394481537878959,0.14255726948491745,6.578642434311455,1,4.7838858865278535,Secondary,FALSE,2.5543353971730873,NA,NA,NA,NA,NA,NA,NA,NA,NA,NA,NA,NA,NA,NA,NA,NA,NA,NA,NA,NA,NA,NA,NA,NA
2026-09-15 19:31:39 -0400,1,00-0040120,Jimmy Holiday,WR,KC,DEN,1.5625713728911028,0,5.245780695744953,High,2.953609688195244,-0.27505929621592606,0.13734820570838413,NA,NA,NA,NA,NA,NA,NA,NA,NA,NA,NA,NA,NA,NA,NA,2.4,0.9259386093453108,1.5625713728911028,2.3,-0.6366327635457919,-0.10104342170117409,6.578642434311455,1,4.814624631249707,Secondary,FALSE,2.5391540192006734,NA,NA,NA,NA,NA,NA,NA,NA,NA,NA,NA,NA,NA,NA,NA,NA,NA,NA,NA,NA,NA,NA,NA,NA
2026-09-15 19:31:39 -0400,1,00-0040629,Dalevon Campbell,WR,LAC,ARI,1.5625713728911028,0,4.413295719108798,High,2.953609688195244,-0.27505929621592606,0.13734820570838413,NA,NA,NA,NA,NA,NA,NA,NA,NA,NA,NA,NA,NA,NA,NA,2.4,0.9259386093453108,1.5625713728911028,2.3,-0.6366327635457919,0.03794483802441024,6.578642434311455,1,4.814624631249707,Secondary,FALSE,2.520224444097644,NA,NA,NA,NA,NA,NA,NA,NA,NA,NA,NA,NA,NA,NA,NA,NA,NA,NA,NA,NA,NA,NA,NA,NA
2026-09-15 19:31:39 -0400,1,00-0035645,Gunner Olszewski,WR,NYG,DAL,1.5587521054757207,0,4.8119472572480015,High,2.953609688195244,-0.30256970837705816,0.34153733360280825,NA,NA,NA,NA,NA,NA,NA,NA,NA,NA,NA,NA,NA,NA,NA,2.4,0.5433198437638409,1.5587521054757207,2.3,-1.0154322617118798,0.4130300954422491,6.578642434311455,1,4.826846286978928,Vertical,FALSE,3.10698746022537,NA,NA,NA,NA,NA,NA,NA,NA,NA,NA,NA,NA,NA,NA,NA,NA,NA,NA,NA,NA,NA,NA,NA,NA
2026-09-15 19:31:39 -0400,1,00-0036630,Tylan Wallace,WR,CLE,JAX,1.5535231708354416,0,4.48276402251471,High,2.953609688195244,-0.28116355971685175,0.15337325492662365,NA,NA,NA,NA,NA,NA,NA,NA,NA,NA,NA,NA,NA,NA,NA,2.4,0.7879554891841043,1.5535231708354416,2.3,-0.7655676816513373,-0.5039129082938004,3.298883688421959,1,1.5638201319383267,Vertical,FALSE,1.4659725573460305,NA,NA,NA,NA,NA,NA,NA,NA,NA,NA,NA,NA,NA,NA,NA,NA,NA,NA,NA,NA,NA,NA,NA,NA
2026-09-15 19:31:39 -0400,1,00-0035045,D.J. Montgomery,WR,IND,BAL,1.5467779476346737,0,4.989143371426262,High,2.953609688195244,-0.27505929621592606,0.11623764340871844,NA,NA,NA,NA,NA,NA,NA,NA,NA,NA,NA,NA,NA,NA,NA,2.4,0.9147740945544142,1.5467779476346737,2.3,-0.6320038530802593,0.11000050259425888,6.578642434311455,1,4.865163592070281,Secondary,FALSE,2.53770592817129,NA,NA,NA,NA,NA,NA,NA,NA,NA,NA,NA,NA,NA,NA,NA,NA,NA,NA,NA,NA,NA,NA,NA,NA
2026-09-15 19:31:39 -0400,1,00-0039710,Jeshaun Jones,WR,MIN,GB,1.5457952478087404,0,4.7153070504835615,High,2.953609688195244,-0.27505929621592606,0.11461121580829636,NA,NA,NA,NA,NA,NA,NA,NA,NA,NA,NA,NA,NA,NA,NA,2.4,0.9138561311585712,1.5457952478087404,2.3,-0.6319391166501692,0.15681031352054214,6.578642434311455,1,4.868308231513266,Secondary,FALSE,2.551334984124884,NA,NA,NA,NA,NA,NA,NA,NA,NA,NA,NA,NA,NA,NA,NA,NA,NA,NA,NA,NA,NA,NA,NA,NA
2026-09-15 19:31:39 -0400,1,00-0037156,Irvin Charles,WR,SEA,NE,1.5371720899090944,0,5.114193343756174,High,2.953609688195244,-0.27505929621592606,0.10337410667213466,NA,NA,NA,NA,NA,NA,NA,NA,NA,NA,NA,NA,NA,NA,NA,2.4,0.9077603430472716,1.5371720899090944,2.3,-0.6294117468618229,0.06344989878937178,6.578642434311455,1,4.895902336792133,Secondary,FALSE,2.521358233829075,NA,NA,NA,NA,NA,NA,NA,NA,NA,NA,NA,NA,NA,NA,NA,NA,NA,NA,NA,NA,NA,NA,NA,NA
2026-09-15 19:31:39 -0400,1,00-0041132,Deion Burks,WR,IND,BAL,1.5090361422763965,0,4.414603323315781,High,2.953609688195244,-0.27505929621592606,0.07733897817789004,NA,NA,NA,NA,NA,NA,NA,NA,NA,NA,NA,NA,NA,NA,NA,2.4,1.4816171496321209,1.5090361422763965,2.3,-0.0274189926442756,0.11000050259425888,0.7022098460789277,1,-0.9157406526676296,Secondary,FALSE,0.4958286848742125,NA,NA,NA,NA,NA,NA,NA,NA,NA,NA,NA,NA,NA,NA,NA,NA,NA,NA,NA,NA,NA,NA,NA,NA
2026-09-15 19:31:39 -0400,1,00-0041116,Jack Endries,TE,CIN,TB,1.5002892839546804,0,3.55924311346142,High,1.9902699491608615,-0.04196901028028549,0.40181643166787734,NA,NA,NA,NA,NA,NA,NA,NA,NA,NA,NA,NA,NA,NA,NA,2.4,1.5002892839546804,1.7527657748185017,2.3.2,-0.2524764908638211,-0.05182380261254818,1.2300291419320544,1,-1.9110049880907791,HybridTE,TRUE,1.3584991112926283,NA,NA,NA,NA,NA,NA,NA,NA,NA,NA,NA,NA,NA,NA,NA,NA,NA,NA,NA,NA,NA,NA,NA,NA
2026-09-15 19:31:39 -0400,1,00-0040563,Efton Chism III,WR,NE,SEA,1.4923072973417877,0,5.011752783690117,Medium,3.83141508023352,-0.33617765802544086,0.8464331270350299,NA,NA,NA,NA,NA,NA,NA,NA,NA,NA,NA,NA,NA,NA,NA,2.4,0,1.4923072973417877,2.3,-1.9493326965758233,-0.00392764692717623,6.578642434311455,1,5.014224239355646,Vertical,FALSE,4.217834004458517,NA,NA,NA,NA,NA,NA,NA,NA,NA,NA,NA,NA,NA,NA,NA,NA,NA,NA,NA,NA,NA,NA,NA,NA
2026-09-15 19:31:39 -0400,1,00-0040570,Jeremiah Webb,WR,NE,SEA,1.4470432819208792,0,4.972817119698849,High,2.953609688195244,-0.27505929621592606,0.10076419577472837,NA,NA,NA,NA,NA,NA,NA,NA,NA,NA,NA,NA,NA,NA,NA,2.4,0.5004615869460793,1.4470432819208792,2.3,-0.9465816949747998,-0.02502894760389015,6.578642434311455,1,5.072135951222363,Secondary,FALSE,2.799734447027201,NA,NA,NA,NA,NA,NA,NA,NA,NA,NA,NA,NA,NA,NA,NA,NA,NA,NA,NA,NA,NA,NA,NA,NA
2026-09-15 19:31:39 -0400,1,00-0040498,Dontae Fleming,WR,MIN,GB,1.444885351885177,0,4.987495026582685,High,2.953609688195244,-0.27505929621592606,0.09801423179055112,NA,NA,NA,NA,NA,NA,NA,NA,NA,NA,NA,NA,NA,NA,NA,2.4,0.8235790021426389,1.444885351885177,2.3,-0.6213063497425381,0.15681031352054214,6.578642434311455,1,5.079041327336611,Secondary,FALSE,2.6115883016011354,NA,NA,NA,NA,NA,NA,NA,NA,NA,NA,NA,NA,NA,NA,NA,NA,NA,NA,NA,NA,NA,NA,NA,NA
2026-09-15 19:31:39 -0400,1,00-0038752,Jake Bobo,WR,SEA,NE,1.439595597435757,0,4.668222033118531,High,2.953609688195244,-0.27505929621592606,0.148752577099547,NA,NA,NA,NA,NA,NA,NA,NA,NA,NA,NA,NA,NA,NA,NA,2.4,1.1221145644521495,1.439595597435757,2.3,-0.3174810329836072,-1.8645497499419876,6.907834941177345,1,5.4251610484406445,Secondary,FALSE,3.100418644546926,NA,NA,NA,NA,NA,NA,NA,NA,NA,NA,NA,NA,NA,NA,NA,NA,NA,NA,NA,NA,NA,NA,NA,NA
2026-09-15 19:31:39 -0400,1,00-0040352,Coleman Owen,WR,IND,BAL,1.4206612991129377,0,5.334337012864215,High,2.953609688195244,-0.27505929621592606,0.08083261719569412,NA,NA,NA,NA,NA,NA,NA,NA,NA,NA,NA,NA,NA,NA,NA,2.4,0.8063155202154393,1.4206612991129377,2.3,-0.6143457788974984,0.11000050259425888,6.578642434311455,1,5.156558296207777,Secondary,FALSE,2.6064981316853313,NA,NA,NA,NA,NA,NA,NA,NA,NA,NA,NA,NA,NA,NA,NA,NA,NA,NA,NA,NA,NA,NA,NA,NA
2026-09-15 19:31:39 -0400,1,00-0040194,Jackson Hawes,TE,BUF,HOU,1.3866149168983204,0,3.8439342433539614,Medium,2.8419404727693593,-0.01643672931938868,1.0139505038841077,NA,NA,NA,NA,NA,NA,NA,NA,NA,NA,NA,NA,NA,NA,NA,2.4,1.3866149168983204,1.5545190980686776,2.3.2,-0.16790418117035716,0.08247768615838319,1.2582995770326908,1,-1.9683536224902944,HybridTE,TRUE,1.9435681855469904,NA,NA,NA,NA,NA,NA,NA,NA,NA,NA,NA,NA,NA,NA,NA,NA,NA,NA,NA,NA,NA,NA,NA,NA
2026-09-15 19:31:39 -0400,1,00-0038951,Sean Tucker,RB,TB,CIN,1.3862247225504745,0,5.447254343477859,Medium,4.1906550461485725,-0.2945684293235024,0.974209763634057,NA,NA,NA,NA,NA,NA,NA,NA,NA,NA,NA,NA,NA,NA,NA,2.4,1.0852682770738555,1.3862247225504745,2.3,-1.2038257819064762,1.75,0.9861808105095184,1,-5.6328528682787296,Committee,FALSE,4.595028958280082,NA,NA,NA,NA,NA,NA,NA,NA,NA,NA,NA,NA,NA,NA,NA,NA,NA,NA,NA,NA,NA,NA,NA,NA
2026-09-15 19:31:39 -0400,1,00-0040887,Josh Cuevas,TE,BAL,IND,1.3550153846212476,0,3.901640780213577,High,1.9902699491608615,-6.822023610057328e-4,0.25427062035416204,NA,NA,NA,NA,NA,NA,NA,NA,NA,NA,NA,NA,NA,NA,NA,2.4,1.3550153846212476,1.3069370220936023,2.3.2,0.04807836252764535,0.10139815270939796,1.4479995700902848,1,-0.7886258425506669,HybridTE,TRUE,0.6337952569566,NA,NA,NA,NA,NA,NA,NA,NA,NA,NA,NA,NA,NA,NA,NA,NA,NA,NA,NA,NA,NA,NA,NA,NA
2026-09-15 19:31:39 -0400,1,00-0040534,Ke'Shawn Williams,WR,CIN,TB,1.354534596309918,0,4.950797855119201,High,2.953609688195244,-0.27505929621592606,0.15752861344868044,NA,NA,NA,NA,NA,NA,NA,NA,NA,NA,NA,NA,NA,NA,NA,2.4,0.5510551621384379,1.354534596309918,2.3,-0.8034794341714802,0.10629012757739124,6.578642434311455,1,5.368163745177439,Secondary,FALSE,2.8991167537129092,NA,NA,NA,NA,NA,NA,NA,NA,NA,NA,NA,NA,NA,NA,NA,NA,NA,NA,NA,NA,NA,NA,NA,NA
2026-09-15 19:31:39 -0400,1,00-0039041,Elijah Higgins,TE,ARI,LAC,1.3390809222664806,0,3.544514794409883,High,1.9902699491608615,-0.04151467909292233,0.3296021470181558,NA,NA,NA,NA,NA,NA,NA,NA,NA,NA,NA,NA,NA,NA,NA,2.4,1.3390809222664806,1.6591151254564354,2.3.2,-0.3200342031899549,0.4854192190642374,1.5393286020787524,1,-1.2486902809478737,HybridTE,TRUE,1.198727967349545,NA,NA,NA,NA,NA,NA,NA,NA,NA,NA,NA,NA,NA,NA,NA,NA,NA,NA,NA,NA,NA,NA,NA,NA
2026-09-15 19:31:39 -0400,1,00-0034365,Ian Thomas,TE,LV,MIA,1.247612516691762,0,4.069356180339321,High,1.9902699491608615,0.09883755638112744,0.23509911719441884,NA,NA,NA,NA,NA,NA,NA,NA,NA,NA,NA,NA,NA,NA,NA,2.4,1.247612516691762,1.478801106436586,2.3.2,-0.231188589744824,0.7407157211062765,3.0695803827507624,1,0.7139130991743192,HybridTE,TRUE,0.9047110860174062,NA,NA,NA,NA,NA,NA,NA,NA,NA,NA,NA,NA,NA,NA,NA,NA,NA,NA,NA,NA,NA,NA,NA,NA
2026-09-15 19:31:39 -0400,1,00-0039912,Ben Sinnott,TE,WAS,PHI,1.222194090072076,0,3.9727303226074593,Medium,2.8419404727693593,-0.11125834597252604,0.504970428559585,NA,NA,NA,NA,NA,NA,NA,NA,NA,NA,NA,NA,NA,NA,NA,2.4,1.222194090072076,1.573061590147379,2.3.2,-0.350867500075303,-1.75,4.237008213367108,1,1.4401494436612268,HybridTE,TRUE,1.851637456076788,NA,NA,NA,NA,NA,NA,NA,NA,NA,NA,NA,NA,NA,NA,NA,NA,NA,NA,NA,NA,NA,NA,NA,NA
2026-09-15 19:31:39 -0400,1,00-0039144,Luke Musgrave,TE,GB,MIN,1.2161357006453988,0,3.759345194337824,High,1.9902699491608615,-0.10899441970419424,0.3750703082943664,NA,NA,NA,NA,NA,NA,NA,NA,NA,NA,NA,NA,NA,NA,NA,2.4,1.2161357006453988,1.6434731989417986,2.3.2,-0.42733749829639983,-0.22961265736088415,4.459155284374263,1,1.6012398496169644,HybridTE,TRUE,1.3835862941568973,NA,NA,NA,NA,NA,NA,NA,NA,NA,NA,NA,NA,NA,NA,NA,NA,NA,NA,NA,NA,NA,NA,NA,NA
2026-09-15 19:31:39 -0400,1,00-0041170,Hayden Large,TE,CHI,CAR,1.1843982261341903,0,3.967128147436703,Medium,2.8419404727693593,-0.00313517765028515,0.1094015905040224,NA,NA,NA,NA,NA,NA,NA,NA,NA,NA,NA,NA,NA,NA,NA,2.4,1.1843982261341903,1.1640371961344549,2.3.2,0.02036102999973549,0.00422431248440226,5.742844805435145,1,3.993161303932606,HybridTE,TRUE,1.7221861268222003,NA,NA,NA,NA,NA,NA,NA,NA,NA,NA,NA,NA,NA,NA,NA,NA,NA,NA,NA,NA,NA,NA,NA,NA
2026-09-15 19:31:39 -0400,1,00-0040901,Jaren Kanak,TE,TEN,NYJ,1.1070255278635646,0,3.5878042347054,High,1.9902699491608615,0.08544239976820603,0.26373835688203867,NA,NA,NA,NA,NA,NA,NA,NA,NA,NA,NA,NA,NA,NA,NA,2.4,1.1070255278635646,1.400938146962369,2.3.2,-0.29391261909880445,0.11642581089604266,1.2208570494509,1,-1.0960721975158465,HybridTE,TRUE,0.9428338125263532,NA,NA,NA,NA,NA,NA,NA,NA,NA,NA,NA,NA,NA,NA,NA,NA,NA,NA,NA,NA,NA,NA,NA,NA
2026-09-15 19:31:39 -0400,1,00-0039855,Jalen McMillan,WR,TB,CIN,1.0903404493771074,0,4.440035534769546,Medium,3.83141508023352,-0.09241018811852864,0.8963026026215976,NA,NA,NA,NA,NA,NA,NA,NA,NA,NA,NA,NA,NA,NA,NA,2.4,0.7992423858555708,1.0903404493771074,2.3,-1.1643922540861462,-1.2091615206544573,4.15124133407531,1,-1.5583566403099196,Vertical,FALSE,2.6974682928022045,NA,NA,NA,NA,NA,NA,NA,NA,NA,NA,NA,NA,NA,NA,NA,NA,NA,NA,NA,NA,NA,NA,NA,NA
2026-09-15 19:31:39 -0400,1,00-0038720,Julian Hill,TE,NE,SEA,1.040288395443906,0,3.6180362795674954,Medium,2.8419404727693593,-0.11229350379427698,0.2627217943284285,NA,NA,NA,NA,NA,NA,NA,NA,NA,NA,NA,NA,NA,NA,NA,2.4,1.040288395443906,1.354950142833255,2.3.2,-0.31466174738934927,1.1485352651373513,5.742844805435145,1,3.5286099261529373,HybridTE,TRUE,2.2389895675033533,NA,NA,NA,NA,NA,NA,NA,NA,NA,NA,NA,NA,NA,NA,NA,NA,NA,NA,NA,NA,NA,NA,NA,NA
2026-09-15 19:31:39 -0400,1,00-0033246,Johnny Mundt,TE,PHI,WAS,1.0381515974097144,0,3.5198324168786703,Medium,2.8419404727693593,-0.00911685085110265,0.35805213955985665,NA,NA,NA,NA,NA,NA,NA,NA,NA,NA,NA,NA,NA,NA,NA,2.4,1.0381515974097144,1.3352553056175889,2.3.2,-0.2971037082078745,-0.2725561851498221,5.742844805435145,1,3.4679864890341894,HybridTE,TRUE,2.0349861864639913,NA,NA,NA,NA,NA,NA,NA,NA,NA,NA,NA,NA,NA,NA,NA,NA,NA,NA,NA,NA,NA,NA,NA,NA
2026-09-15 19:31:39 -0400,1,00-0038394,Will Mallory,TE,IND,BAL,0.9944529458199072,0,3.3342734342583684,High,1.9902699491608615,-0.0885136392807829,0.3198892240552764,NA,NA,NA,NA,NA,NA,NA,NA,NA,NA,NA,NA,NA,NA,NA,2.4,0.9944529458199072,1.3425047521719686,2.3.2,-0.3480518063520614,1.0026142208239124,1.7348481668105662,1,-0.1930006083876603,HybridTE,TRUE,0.9415099981039572,NA,NA,NA,NA,NA,NA,NA,NA,NA,NA,NA,NA,NA,NA,NA,NA,NA,NA,NA,NA,NA,NA,NA,NA
2026-09-15 19:31:39 -0400,1,00-0037086,Grant Calcaterra,TE,PHI,WAS,0.9846536201576964,0,3.470117747791222,High,1.9902699491608615,0.06731240568311882,0.25099596289842907,NA,NA,NA,NA,NA,NA,NA,NA,NA,NA,NA,NA,NA,NA,NA,2.4,0.9846536201576964,1.3561985480231649,2.3.2,-0.3715449278654686,-0.2178154034325671,1.7502619756982842,1,-0.5975949953018567,HybridTE,TRUE,0.8154600315547699,NA,NA,NA,NA,NA,NA,NA,NA,NA,NA,NA,NA,NA,NA,NA,NA,NA,NA,NA,NA,NA,NA,NA,NA
2026-09-15 19:31:39 -0400,1,00-0037031,Nikola Kalinic,TE,CHI,CAR,0.9728635654803214,0,3.614141321529616,Medium,2.8419404727693593,-0.00313517765028515,0.25883428413942466,NA,NA,NA,NA,NA,NA,NA,NA,NA,NA,NA,NA,NA,NA,NA,2.4,0.9728635654803214,0.8870881482443794,2.3.2,0.08577541723594195,0.00422431248440226,5.742844805435145,1,4.772251584398314,HybridTE,TRUE,2.229045003709231,NA,NA,NA,NA,NA,NA,NA,NA,NA,NA,NA,NA,NA,NA,NA,NA,NA,NA,NA,NA,NA,NA,NA,NA
2026-09-15 19:31:39 -0400,1,00-0040244,Moliki Matavao,TE,NO,DET,0.964486235116936,0,3.3994230568584953,High,1.9902699491608615,-0.02662021997534603,0.27780770241039376,NA,NA,NA,NA,NA,NA,NA,NA,NA,NA,NA,NA,NA,NA,NA,2.4,0.964486235116936,1.3210434500421788,2.3.2,-0.35655721492524295,-0.02001046903485135,0.8357045645358041,1,-1.3893239899363632,HybridTE,TRUE,1.0891304895430645,NA,NA,NA,NA,NA,NA,NA,NA,NA,NA,NA,NA,NA,NA,NA,NA,NA,NA,NA,NA,NA,NA,NA,NA
2026-09-15 19:31:39 -0400,1,00-0041398,Riley Nowakowski,TE,PIT,ATL,0.9642373368307257,0,3.106449140669633,High,1.9902699491608615,0.00612160817598083,0.23391931266490532,NA,NA,NA,NA,NA,NA,NA,NA,NA,NA,NA,NA,NA,NA,NA,2.4,0.9642373368307257,1.2407871630266083,2.3.2,-0.2765498261958828,-0.07340338532833489,2.3338808528737274,1,0.15107092562890134,HybridTE,TRUE,0.5099535768520843,NA,NA,NA,NA,NA,NA,NA,NA,NA,NA,NA,NA,NA,NA,NA,NA,NA,NA,NA,NA,NA,NA,NA,NA
2026-09-15 19:31:39 -0400,1,00-0039737,Tip Reiman,TE,ARI,LAC,0.9307625613992688,0,3.046469974834968,High,1.9902699491608615,-0.0680772903552109,0.32539564777938984,NA,NA,NA,NA,NA,NA,NA,NA,NA,NA,NA,NA,NA,NA,NA,2.4,0.9307625613992688,1.0973866256324734,2.3.2,-0.16662406423320436,-5.94763713953307e-4,3.268145764024209,1,1.4804421660776277,HybridTE,TRUE,1.0343877882878698,NA,NA,NA,NA,NA,NA,NA,NA,NA,NA,NA,NA,NA,NA,NA,NA,NA,NA,NA,NA,NA,NA,NA,NA
2026-09-15 19:31:39 -0400,1,00-0036876,Kylen Granson,TE,TEN,NYJ,0.9233258245386642,0,3.0194358087915916,High,1.9902699491608615,0.08544239976820603,0.12219064846751213,NA,NA,NA,NA,NA,NA,NA,NA,NA,NA,NA,NA,NA,NA,NA,2.4,0.9233258245386642,1.0815912550023303,2.3.2,-0.1582654304636661,-0.9943956885056756,1.7807649167824675,1,0.2917470023107118,HybridTE,TRUE,0.6479939572680659,NA,NA,NA,NA,NA,NA,NA,NA,NA,NA,NA,NA,NA,NA,NA,NA,NA,NA,NA,NA,NA,NA,NA,NA
2026-09-15 19:31:39 -0400,1,00-0041087,Joe Royer,TE,CLE,JAX,0.9176538846831104,0,3.4096471577087324,High,1.9902699491608615,-0.11247863403180136,0.2506638263542707,NA,NA,NA,NA,NA,NA,NA,NA,NA,NA,NA,NA,NA,NA,NA,2.4,0.9176538846831104,1.2458097473695635,2.3.2,-0.3281558626864533,0.03925801091880672,2.2219019992781424,1,0.04960058583266535,HybridTE,TRUE,0.5119905678434962,NA,NA,NA,NA,NA,NA,NA,NA,NA,NA,NA,NA,NA,NA,NA,NA,NA,NA,NA,NA,NA,NA,NA,NA
2026-09-15 19:31:39 -0400,1,00-0040955,John Michael Gyllenborg,TE,KC,DEN,0.9069518311243102,0,3.148306768789456,Medium,2.8419404727693593,-0.06097534499805527,0.15171485542681726,NA,NA,NA,NA,NA,NA,NA,NA,NA,NA,NA,NA,NA,NA,NA,2.4,0.9069518311243102,1.1713857988730807,2.3.2,-0.2644339677487705,0.15261041731595412,6.3530435167258466,1,4.505981728981242,HybridTE,TRUE,2.1849944496382396,NA,NA,NA,NA,NA,NA,NA,NA,NA,NA,NA,NA,NA,NA,NA,NA,NA,NA,NA,NA,NA,NA,NA,NA
2026-09-15 19:31:39 -0400,1,00-0040225,Thomas Fidone II,TE,NYG,DAL,0.8985263354117825,0,3.287762643089525,High,1.9902699491608615,0.01587841921064395,0.1867815976754061,NA,NA,NA,NA,NA,NA,NA,NA,NA,NA,NA,NA,NA,NA,NA,2.4,0.8985263354117825,0.9841327077361908,2.3.2,-0.0856063723244083,0.11137276710128192,1.1957109358117006,1,0.0188042192647988,HybridTE,TRUE,0.28763957613879604,NA,NA,NA,NA,NA,NA,NA,NA,NA,NA,NA,NA,NA,NA,NA,NA,NA,NA,NA,NA,NA,NA,NA,NA
2026-09-15 19:31:39 -0400,1,00-0041314,Tanner Arkin,TE,NE,SEA,0.8843679713739898,0,3.4505708734488505,Medium,2.8419404727693593,-0.08518961298688367,0.1411977813897031,NA,NA,NA,NA,NA,NA,NA,NA,NA,NA,NA,NA,NA,NA,NA,2.4,0.8843679713739898,1.1561440029715102,2.3.2,-0.27177603159752045,0.04249567105257539,5.742844805435145,1,3.982652790133257,HybridTE,TRUE,1.937250820877043,NA,NA,NA,NA,NA,NA,NA,NA,NA,NA,NA,NA,NA,NA,NA,NA,NA,NA,NA,NA,NA,NA,NA,NA
2026-09-15 19:31:39 -0400,1,00-0039814,Erick All,TE,CIN,TB,0.8843563571489267,0,3.1223309508710995,High,1.9902699491608615,-0.06853162154257407,0.20368299303283624,NA,NA,NA,NA,NA,NA,NA,NA,NA,NA,NA,NA,NA,NA,NA,2.4,0.8843563571489267,0.9395079971358508,2.3.2,-0.05515163998692404,-0.05182380261254818,3.218805982840907,1,2.110570716161589,HybridTE,TRUE,1.102064568272083,NA,NA,NA,NA,NA,NA,NA,NA,NA,NA,NA,NA,NA,NA,NA,NA,NA,NA,NA,NA,NA,NA,NA,NA
2026-09-15 19:31:39 -0400,1,00-0040215,Gavin Bartholomew,TE,MIN,GB,0.8734290939013984,0,3.3072060666400964,High,1.9902699491608615,0.03591716709176253,0.17897897686695086,NA,NA,NA,NA,NA,NA,NA,NA,NA,NA,NA,NA,NA,NA,NA,2.4,0.8734290939013984,0.9795682062990798,2.3.2,-0.1061391123976814,-0.06637263338444353,1.9843778856799343,1,0.8074711691330325,HybridTE,TRUE,0.5961766132138739,NA,NA,NA,NA,NA,NA,NA,NA,NA,NA,NA,NA,NA,NA,NA,NA,NA,NA,NA,NA,NA,NA,NA,NA
2026-09-15 19:31:39 -0400,1,00-0040938,DJ Rogers,TE,DAL,NYG,0.8718380850673033,0,3.389553617370431,Medium,2.8419404727693593,-0.10020021926287996,0.14518862274099564,NA,NA,NA,NA,NA,NA,NA,NA,NA,NA,NA,NA,NA,NA,NA,2.4,0.8718380850673033,1.1655442184555644,2.3.2,-0.29370613338826107,0.04283077821728658,7.076308829905872,1,5.364986941962562,HybridTE,TRUE,2.5096269263629893,NA,NA,NA,NA,NA,NA,NA,NA,NA,NA,NA,NA,NA,NA,NA,NA,NA,NA,NA,NA,NA,NA,NA,NA
2026-09-15 19:31:39 -0400,1,00-0041366,Jameson Geers,TE,ARI,LAC,0.8520012384003144,0,2.9960654420575694,Medium,2.8419404727693593,-0.0680772903552109,0.1546590632921915,NA,NA,NA,NA,NA,NA,NA,NA,NA,NA,NA,NA,NA,NA,NA,2.4,0.8520012384003144,1.1720631511996804,2.3.2,-0.320061912799366,-5.94763713953307e-4,5.742844805435145,1,3.895783017690541,HybridTE,TRUE,1.9371940384421495,NA,NA,NA,NA,NA,NA,NA,NA,NA,NA,NA,NA,NA,NA,NA,NA,NA,NA,NA,NA,NA,NA,NA,NA
2026-09-15 19:31:39 -0400,1,00-0036556,Brevin Jordan,TE,HOU,BUF,0.8493989344433657,0,3.465416314149928,High,1.9902699491608615,-0.10020021926287996,0.2253006390824952,NA,NA,NA,NA,NA,NA,NA,NA,NA,NA,NA,NA,NA,NA,NA,2.4,0.8493989344433657,0.9595348425209468,2.3.2,-0.11013590807758104,0.13986544955122265,2.919119261552277,1,1.8396612842181197,HybridTE,TRUE,1.0802199232894163,NA,NA,NA,NA,NA,NA,NA,NA,NA,NA,NA,NA,NA,NA,NA,NA,NA,NA,NA,NA,NA,NA,NA,NA
2026-09-15 19:31:39 -0400,1,00-0038564,Cameron Latu,TE,NE,SEA,0.8491919447646341,0,3.035464027982034,High,1.9902699491608615,-0.08518961298688367,0.17413856297892535,NA,NA,NA,NA,NA,NA,NA,NA,NA,NA,NA,NA,NA,NA,NA,2.4,0.8491919447646341,0.9563913820998172,2.3.2,-0.10719943733518308,0.04249567105257539,3.504804060481435,1,2.3208681828836264,HybridTE,TRUE,1.1902741435827766,NA,NA,NA,NA,NA,NA,NA,NA,NA,NA,NA,NA,NA,NA,NA,NA,NA,NA,NA,NA,NA,NA,NA,NA
2026-09-15 19:31:39 -0400,1,00-0039824,Jared Wiley,TE,KC,DEN,0.8370176258219528,0,3.298074394111046,High,1.9902699491608615,-0.06097534499805527,0.15547042074758852,NA,NA,NA,NA,NA,NA,NA,NA,NA,NA,NA,NA,NA,NA,NA,2.4,0.8370176258219528,0.9734186515054746,2.3.2,-0.13640102568352172,0.15261041731595412,2.241553919123259,1,0.837060340056764,HybridTE,TRUE,0.6315583999435456,NA,NA,NA,NA,NA,NA,NA,NA,NA,NA,NA,NA,NA,NA,NA,NA,NA,NA,NA,NA,NA,NA,NA,NA
2026-09-15 19:31:39 -0400,1,00-0040058,Nick Kallerup,TE,SEA,NE,0.8363191351964555,0,3.6043070800639327,Medium,2.8419404727693593,-0.12730411007027329,0.26660976939249553,NA,NA,NA,NA,NA,NA,NA,NA,NA,NA,NA,NA,NA,NA,NA,2.4,0.8363191351964555,0.8377445758219422,2.3.2,-0.00142544062548663,-0.09961951904315766,5.742844805435145,1,4.842766549335952,HybridTE,TRUE,2.2346000532776644,NA,NA,NA,NA,NA,NA,NA,NA,NA,NA,NA,NA,NA,NA,NA,NA,NA,NA,NA,NA,NA,NA,NA,NA
2026-09-15 19:31:39 -0400,1,00-0033217,Mo Alie-Cox,TE,IND,BAL,0.8236499515236466,0,3.251884484007015,Medium,2.8419404727693593,-0.0899555270672314,0.349524495489483,NA,NA,NA,NA,NA,NA,NA,NA,NA,NA,NA,NA,NA,NA,NA,2.4,0.8236499515236466,1.332955009151496,2.3.2,-0.5093050576278495,1.1938423940051783,5.742844805435145,1,3.42535140033166,HybridTE,TRUE,2.4343313141631953,NA,NA,NA,NA,NA,NA,NA,NA,NA,NA,NA,NA,NA,NA,NA,NA,NA,NA,NA,NA,NA,NA,NA,NA
2026-09-15 19:31:39 -0400,1,00-0041579,Seydou Traore,TE,MIA,LV,0.8206213984469959,0,3.124706405405908,High,1.9902699491608615,-0.08729615000260305,0.23120174779388208,NA,NA,NA,NA,NA,NA,NA,NA,NA,NA,NA,NA,NA,NA,NA,2.4,0.8206213984469959,1.227208062584384,2.3.2,-0.4065866641373881,0.04848314326227064,0.8686397972360672,1,-1.2333548700228487,HybridTE,TRUE,1.0236993036778743,NA,NA,NA,NA,NA,NA,NA,NA,NA,NA,NA,NA,NA,NA,NA,NA,NA,NA,NA,NA,NA,NA,NA,NA
2026-09-15 19:31:39 -0400,1,00-0031484,Chris Manhertz,TE,NYG,DAL,0.8055693310751724,0,3.3104584375286654,Medium,2.8419404727693593,0.01587841921064395,0.26680564876602464,NA,NA,NA,NA,NA,NA,NA,NA,NA,NA,NA,NA,NA,NA,NA,2.4,0.8055693310751724,0.9150761163370726,2.3.2,-0.10950678526190032,0.41351671925427863,5.742844805435145,1,4.553989446796046,HybridTE,TRUE,2.289111192944057,NA,NA,NA,NA,NA,NA,NA,NA,NA,NA,NA,NA,NA,NA,NA,NA,NA,NA,NA,NA,NA,NA,NA,NA
2026-09-15 19:31:39 -0400,1,00-0037755,Jelani Woods,TE,NYJ,TEN,0.7977692799020911,0,3.347591338431467,Medium,2.8419404727693593,-0.13016867524411452,0.45370330401860925,NA,NA,NA,NA,NA,NA,NA,NA,NA,NA,NA,NA,NA,NA,NA,2.4,0.7977692799020911,1.0289979619874805,2.3.2,-0.23122868208538913,-1.75,3.9282049742167153,1,2.2768263303457243,HybridTE,TRUE,2.0512939136166715,NA,NA,NA,NA,NA,NA,NA,NA,NA,NA,NA,NA,NA,NA,NA,NA,NA,NA,NA,NA,NA,NA,NA,NA
2026-09-15 19:31:39 -0400,1,00-0040509,Ben Yurosek,TE,MIN,GB,0.7928515878476659,0,3.019178653365711,Medium,2.8419404727693593,0.03591716709176253,0.211460061366274,NA,NA,NA,NA,NA,NA,NA,NA,NA,NA,NA,NA,NA,NA,NA,2.4,0.7928515878476659,0.9299674202786632,2.3.2,-0.13711583243099748,-0.06637263338444353,5.742844805435145,1,4.624160726182821,HybridTE,TRUE,2.177017224556434,NA,NA,NA,NA,NA,NA,NA,NA,NA,NA,NA,NA,NA,NA,NA,NA,NA,NA,NA,NA,NA,NA,NA,NA
2026-09-15 19:31:39 -0400,1,00-0040504,Bryson Nesbit,TE,MIN,GB,0.7914318040821002,0,3.610623147876843,Medium,2.8419404727693593,0.03591716709176253,0.2236876602802005,NA,NA,NA,NA,NA,NA,NA,NA,NA,NA,NA,NA,NA,NA,NA,2.4,0.7914318040821002,0.92983631367031,2.3.2,-0.13840450958820974,-0.06637263338444353,6.229817304327557,1,5.175021725035159,HybridTE,TRUE,2.410491297021344,NA,NA,NA,NA,NA,NA,NA,NA,NA,NA,NA,NA,NA,NA,NA,NA,NA,NA,NA,NA,NA,NA,NA,NA
2026-09-15 19:31:39 -0400,1,00-0033757,Robert Tonyan,TE,PIT,ATL,0.7857451571867988,0,3.361738168843109,Medium,2.8419404727693593,-0.01613032919155167,0.24331024908104415,NA,NA,NA,NA,NA,NA,NA,NA,NA,NA,NA,NA,NA,NA,NA,2.4,0.7857451571867988,1.0663498637606166,2.3.2,-0.28060470657381775,-0.7646447958930987,5.742844805435145,1,4.114845801199825,HybridTE,TRUE,2.315065302930576,NA,NA,NA,NA,NA,NA,NA,NA,NA,NA,NA,NA,NA,NA,NA,NA,NA,NA,NA,NA,NA,NA,NA,NA
2026-09-15 19:31:39 -0400,1,00-0040488,Carter Runyon,TE,LV,MIA,0.763973253851943,0,3.2034371185238135,Medium,2.8419404727693593,0.09799146422195076,0.18298922393070496,NA,NA,NA,NA,NA,NA,NA,NA,NA,NA,NA,NA,NA,NA,NA,2.4,0.763973253851943,0.9968397596372608,2.3.2,-0.2328665057853176,0.01092402494449772,5.742844805435145,1,4.5522729677773865,HybridTE,TRUE,2.170182172574731,NA,NA,NA,NA,NA,NA,NA,NA,NA,NA,NA,NA,NA,NA,NA,NA,NA,NA,NA,NA,NA,NA,NA,NA
2026-09-15 19:31:39 -0400,1,00-0040853,Carson Towt,TE,IND,BAL,0.7612572890889029,0,2.993785606882001,Medium,2.8419404727693593,-0.0899555270672314,0.12831389878294794,NA,NA,NA,NA,NA,NA,NA,NA,NA,NA,NA,NA,NA,NA,NA,2.4,0.7612572890889029,1.1268829620026388,2.3.2,-0.365625672913736,-0.06940267453456074,5.742844805435145,1,4.105089904918708,HybridTE,TRUE,2.0471086341504146,NA,NA,NA,NA,NA,NA,NA,NA,NA,NA,NA,NA,NA,NA,NA,NA,NA,NA,NA,NA,NA,NA,NA,NA
2026-09-15 19:31:39 -0400,1,00-0041133,Dallen Bentley,TE,DEN,KC,0.7577816304003246,0,2.7080783971036197,High,1.9902699491608615,-0.12499102538611744,0.14251108316110267,NA,NA,NA,NA,NA,NA,NA,NA,NA,NA,NA,NA,NA,NA,NA,2.4,0.7577816304003246,1.1302244938092678,2.3.2,-0.3724428634089432,0.09224699268986604,0.05727538561735887,1,-1.580479514899078,HybridTE,TRUE,1.0630869913139538,NA,NA,NA,NA,NA,NA,NA,NA,NA,NA,NA,NA,NA,NA,NA,NA,NA,NA,NA,NA,NA,NA,NA,NA
2026-09-15 19:31:39 -0400,1,00-0038809,Ben Sims,TE,MIA,LV,0.7454947738671607,0,3.197128026651463,Medium,2.8419404727693593,-0.08585426221615453,0.318679835303107,NA,NA,NA,NA,NA,NA,NA,NA,NA,NA,NA,NA,NA,NA,NA,2.4,0.7454947738671607,1.1838031530102928,2.3.2,-0.4383083791431322,1.4618742017998163,5.742844805435145,1,3.777786553062562,HybridTE,TRUE,2.5751725824682694,NA,NA,NA,NA,NA,NA,NA,NA,NA,NA,NA,NA,NA,NA,NA,NA,NA,NA,NA,NA,NA,NA,NA,NA
2026-09-15 19:31:39 -0400,1,00-0041180,Quentin Moore,TE,WAS,PHI,0.7189866521447573,0,3.280264798041296,Medium,2.8419404727693593,-0.09133320437911915,0.12886572532823537,NA,NA,NA,NA,NA,NA,NA,NA,NA,NA,NA,NA,NA,NA,NA,2.4,0.7189866521447573,1.1270143588081032,2.3.2,-0.4080277066633458,0.1601912126916441,5.742844805435145,1,4.105089904918708,HybridTE,TRUE,2.104578445767554,NA,NA,NA,NA,NA,NA,NA,NA,NA,NA,NA,NA,NA,NA,NA,NA,NA,NA,NA,NA,NA,NA,NA,NA
2026-09-15 19:31:39 -0400,1,00-0038498,E.J. Jenkins,TE,PHI,WAS,0.7033346194445887,0,3.0615014422373164,Medium,2.8419404727693593,0.0209330767045615,0.27027155761002397,NA,NA,NA,NA,NA,NA,NA,NA,NA,NA,NA,NA,NA,NA,NA,2.4,0.7033346194445887,0.9017536483842442,2.3.2,-0.19841902893965543,0.04037165339296671,5.742844805435145,1,4.7925760451598896,HybridTE,TRUE,2.3383067919496288,NA,NA,NA,NA,NA,NA,NA,NA,NA,NA,NA,NA,NA,NA,NA,NA,NA,NA,NA,NA,NA,NA,NA,NA
2026-09-15 19:31:39 -0400,1,00-0038145,Thomas Odukoya,TE,KC,DEN,0.675267412087768,0,3.360005926446476,Medium,2.8419404727693593,-0.06097534499805527,0.2649279203435819,NA,NA,NA,NA,NA,NA,NA,NA,NA,NA,NA,NA,NA,NA,NA,2.4,0.675267412087768,0.861398299218157,2.3.2,-0.186130887130389,0.15261041731595412,5.742844805435145,1,4.813756879923348,HybridTE,TRUE,2.3665054184989796,NA,NA,NA,NA,NA,NA,NA,NA,NA,NA,NA,NA,NA,NA,NA,NA,NA,NA,NA,NA,NA,NA,NA,NA
2026-09-15 19:31:39 -0400,1,00-0040390,Jackson Meeks,TE,DET,NO,0.6750373233077434,0,3.221771474996055,Medium,2.8419404727693593,-0.08518961298688367,0.21507855304387904,NA,NA,NA,NA,NA,NA,NA,NA,NA,NA,NA,NA,NA,NA,NA,2.4,0.6750373233077434,0.905651147328958,2.3.2,-0.23061382402121472,-0.10685745151118736,6.578642434311455,1,5.521808476432983,HybridTE,TRUE,2.617288855885279,NA,NA,NA,NA,NA,NA,NA,NA,NA,NA,NA,NA,NA,NA,NA,NA,NA,NA,NA,NA,NA,NA,NA,NA
2026-09-15 19:31:39 -0400,1,00-0038735,Princeton Fant,TE,DAL,NYG,0.6599672320696658,0,2.7078518724498597,Medium,2.8419404727693593,-0.10020021926287996,0.2708092996873779,NA,NA,NA,NA,NA,NA,NA,NA,NA,NA,NA,NA,NA,NA,NA,2.4,0.6599672320696658,0.8879600182562501,2.3.2,-0.2279927861865844,0.04283077821728658,5.742844805435145,1,4.813756879923348,HybridTE,TRUE,2.368756235452512,NA,NA,NA,NA,NA,NA,NA,NA,NA,NA,NA,NA,NA,NA,NA,NA,NA,NA,NA,NA,NA,NA,NA,NA
2026-09-15 19:31:39 -0400,1,00-0036429,Charlie Woerner,TE,ATL,PIT,0.639036165993134,0,3.20020555579369,High,1.9902699491608615,-0.08253023592225531,0.11101569435147776,NA,NA,NA,NA,NA,NA,NA,NA,NA,NA,NA,NA,NA,NA,NA,2.4,0.639036165993134,1.032968955553187,2.3.2,-0.39393278956005273,0.350970968484609,1.421493680937005,1,-0.04186595423807549,HybridTE,TRUE,0.5088063192841276,NA,NA,NA,NA,NA,NA,NA,NA,NA,NA,NA,NA,NA,NA,NA,NA,NA,NA,NA,NA,NA,NA,NA,NA
2026-09-15 19:31:39 -0400,1,00-0040240,Caleb Lohner,TE,DEN,KC,0.622658036347356,0,2.908725368155844,High,1.9902699491608615,-0.12499102538611744,0.20740636514813623,NA,NA,NA,NA,NA,NA,NA,NA,NA,NA,NA,NA,NA,NA,NA,2.4,0.622658036347356,0.9438243652885674,2.3.2,-0.32116632894121144,0.09224699268986604,0.16372839754105845,1,-0.9392184269454972,HybridTE,TRUE,0.8355842639921429,NA,NA,NA,NA,NA,NA,NA,NA,NA,NA,NA,NA,NA,NA,NA,NA,NA,NA,NA,NA,NA,NA,NA,NA
2026-09-15 19:31:39 -0400,1,00-0037078,Cole Turner,TE,MIA,LV,0.6091076964130007,0,2.96188978671397,High,1.9902699491608615,-0.0899555270672314,0.21439901575286205,NA,NA,NA,NA,NA,NA,NA,NA,NA,NA,NA,NA,NA,NA,NA,2.4,0.6091076964130007,0.906422864931439,2.3.2,-0.2973151685184383,0.3904698705334884,1.8880910809731524,1,0.8296873138055119,HybridTE,TRUE,0.8715355203980201,NA,NA,NA,NA,NA,NA,NA,NA,NA,NA,NA,NA,NA,NA,NA,NA,NA,NA,NA,NA,NA,NA,NA,NA
2026-09-15 19:31:39 -0400,1,00-0039050,Payne Durham,TE,TB,CIN,0.5564351782301908,0,2.682831490615486,High,1.9902699491608615,-0.09725786331604988,0.4406284107481233,NA,NA,NA,NA,NA,NA,NA,NA,NA,NA,NA,NA,NA,NA,NA,2.4,0.5564351782301908,1.0355994598722706,2.3.2,-0.47916428164207975,1.1862717558674285,1.5584864784281147,1,-0.13401874455350593,HybridTE,TRUE,1.18553243247921,NA,NA,NA,NA,NA,NA,NA,NA,NA,NA,NA,NA,NA,NA,NA,NA,NA,NA,NA,NA,NA,NA,NA,NA
2026-09-15 19:31:39 -0400,1,00-0038589,Josh Whyle,TE,GB,MIN,0.49377956930911526,0,2.7858412611910097,Medium,2.8419404727693593,-0.10899441970419424,0.30815799064620697,NA,NA,NA,NA,NA,NA,NA,NA,NA,NA,NA,NA,NA,NA,NA,2.4,0.49377956930911526,1.143703780387726,2.3.2,-0.6499242110786106,-1.75,1.810988153405298,1,-0.7460364889877489,HybridTE,TRUE,1.586519533996334,NA,NA,NA,NA,NA,NA,NA,NA,NA,NA,NA,NA,NA,NA,NA,NA,NA,NA,NA,NA,NA,NA,NA,NA
2026-09-15 19:31:39 -0400,1,00-0037311,Ko Kieft,TE,TB,CIN,0.43486113504132184,0,2.443054227309602,High,1.9902699491608615,-0.09991724038067824,0.22913151185162617,NA,NA,NA,NA,NA,NA,NA,NA,NA,NA,NA,NA,NA,NA,NA,2.4,0.43486113504132184,0.9001663470953567,2.3.2,-0.46530521205403486,0.14075065849031002,0.2843959372026806,1,-0.7383387028940771,HybridTE,TRUE,0.8924058389941744,NA,NA,NA,NA,NA,NA,NA,NA,NA,NA,NA,NA,NA,NA,NA,NA,NA,NA,NA,NA,NA,NA,NA,NA
2026-09-15 19:31:39 -0400,1,00-0039648,David Martin-Robinson,TE,TEN,NYJ,0.4188389211945582,0,3.1155247547272205,Low,4.217192999645614,0.08544239976820603,0.33046438046523446,NA,NA,NA,NA,NA,NA,NA,NA,NA,NA,NA,NA,NA,NA,NA,2.4,0.4188389211945582,0.7552840398094003,2.3.2,-0.3364451186148421,1.75,5.742844805435145,1,4.491139892254778,HybridTE,TRUE,2.8874319203975354,NA,NA,NA,NA,NA,NA,NA,NA,NA,NA,NA,NA,NA,NA,NA,NA,NA,NA,NA,NA,NA,NA,NA,NA
2026-09-15 19:31:39 -0400,1,00-0036842,Kene Nwangwu,RB,NYJ,TEN,0.39002240331065463,0,4.154054816592799,High,3.0109528980360203,-0.5403789424492913,0.3718716516417042,NA,NA,NA,NA,NA,NA,NA,NA,NA,NA,NA,NA,NA,NA,NA,2.4,0.313757235901193,0.39002240331065463,2.3,-0.30506066963784667,0.4885718188271498,3.832938362677701,1,2.5619905923535473,Committee,FALSE,1.7567819029777607,NA,NA,NA,NA,NA,NA,NA,NA,NA,NA,NA,NA,NA,NA,NA,NA,NA,NA,NA,NA,NA,NA,NA,NA
2026-09-15 19:31:39 -0400,1,00-0040598,Mark Redman,TE,GB,MIN,0.3718501391509397,0,2.719285576267435,Medium,2.8419404727693593,-0.10899441970419424,0.23823825653831388,NA,NA,NA,NA,NA,NA,NA,NA,NA,NA,NA,NA,NA,NA,NA,2.4,0.3718501391509397,0.8776637287582945,2.3.2,-0.5058135896073548,-0.11257934049257744,5.742844805435145,1,4.7559191760433945,HybridTE,TRUE,2.5284492418285933,NA,NA,NA,NA,NA,NA,NA,NA,NA,NA,NA,NA,NA,NA,NA,NA,NA,NA,NA,NA,NA,NA,NA,NA
2026-09-15 19:31:39 -0400,1,00-0039263,McCallan Castles,TE,GB,MIN,0.3656648464155081,0,2.8038977584140623,Medium,2.8419404727693593,-0.10899441970419424,0.2626356525541585,NA,NA,NA,NA,NA,NA,NA,NA,NA,NA,NA,NA,NA,NA,NA,2.4,0.3656648464155081,0.8659781474622148,2.3.2,-0.5003133010467067,-0.11257934049257744,5.742844805435145,1,4.813756879923348,HybridTE,TRUE,2.5721315174039656,NA,NA,NA,NA,NA,NA,NA,NA,NA,NA,NA,NA,NA,NA,NA,NA,NA,NA,NA,NA,NA,NA,NA,NA
2026-09-15 19:31:39 -0400,1,00-0039936,Thomas Yassmin,TE,GB,MIN,0.3656648464155081,0,2.9333656386634814,Medium,2.8419404727693593,-0.10899441970419424,0.2626356525541585,NA,NA,NA,NA,NA,NA,NA,NA,NA,NA,NA,NA,NA,NA,NA,2.4,0.3656648464155081,0.8659781474622148,2.3.2,-0.5003133010467067,-0.11257934049257744,5.742844805435145,1,4.813756879923348,HybridTE,TRUE,2.5721315174039656,NA,NA,NA,NA,NA,NA,NA,NA,NA,NA,NA,NA,NA,NA,NA,NA,NA,NA,NA,NA,NA,NA,NA,NA
2026-09-15 19:31:39 -0400,1,00-0036212,Tua Tagovailoa,QB,ATL,PIT,0,0,0,Medium,6.02852928967903,-1.120657307340948,1.7036917808059933,NA,NA,NA,NA,NA,NA,NA,NA,NA,NA,NA,NA,NA,NA,NA,2.4,0,0,2.3,-0.8511308664661115,0.523428460293952,12.18545452249985,1,-1.0369074150929016,Pocket,FALSE,2.871274891457617,NA,NA,NA,NA,NA,NA,NA,NA,NA,NA,NA,NA,NA,NA,NA,NA,NA,NA,NA,NA,NA,NA,NA,NA
2026-09-15 19:31:39 -0400,1,00-0039917,Michael Penix Jr.,QB,ATL,PIT,0,0,0,Medium,6.02852928967903,-1.9372754517115287,1.7442694832522925,NA,NA,NA,NA,NA,NA,NA,NA,NA,NA,NA,NA,NA,NA,NA,2.4,0,0,2.3,-0.8132553909578045,-0.12884096297700387,10.93321207383891,1,0.11908613294873403,Pocket,FALSE,2.3998349989953502,NA,NA,NA,NA,NA,NA,NA,NA,NA,NA,NA,NA,NA,NA,NA,NA,NA,NA,NA,NA,NA,NA,NA,NA
2026-09-15 19:31:39 -0400,1,00-0037563,Malik Davis,RB,DAL,NYG,0,0,0,Medium,4.1906550461485725,-0.4164013896152322,1.0039079060662184,NA,NA,NA,NA,NA,NA,NA,NA,NA,NA,NA,NA,NA,NA,NA,2.4,0,0,2.3,-0.6094157913167128,1.188745771434852,1.0660732003645743,1,-3.4784784663231303,Committee,FALSE,3.178514077947625,NA,NA,NA,NA,NA,NA,NA,NA,NA,NA,NA,NA,NA,NA,NA,NA,NA,NA,NA,NA,NA,NA,NA,NA
2026-09-15 19:31:39 -0400,1,00-0039373,Audric Estimé,RB,NO,DET,0,0,0,Medium,4.1906550461485725,-0.47553789305375954,1.0792560126057236,NA,NA,NA,NA,NA,NA,NA,NA,NA,NA,NA,NA,NA,NA,NA,2.4,0,0,2.3,-0.3357656149848377,0.4633459227201656,4.161530174269714,1,-2.2565922385821366,Committee,FALSE,2.355932615344014,NA,NA,NA,NA,NA,NA,NA,NA,NA,NA,NA,NA,NA,NA,NA,NA,NA,NA,NA,NA,NA,NA,NA,NA
2026-09-15 19:31:39 -0400,1,00-0040734,TreVeyon Henderson,RB,NE,SEA,0,0,0,High,3.0109528980360203,-0.40023662569916346,0.13426130046716186,NA,NA,NA,NA,NA,NA,NA,NA,NA,NA,NA,NA,NA,NA,NA,2.4,0,0,2.3,0.6103335762778158,-1.75,9.68107490827441,1,-2.197132426614134,Committee,FALSE,1.9653477745072867,NA,NA,NA,NA,NA,NA,NA,NA,NA,NA,NA,NA,NA,NA,NA,NA,NA,NA,NA,NA,NA,NA,NA,NA
2026-09-15 19:31:39 -0400,1,00-0039338,Brock Bowers,TE,LV,MIA,0,0,0,Low,4.217192999645614,0.8341443218490026,1.522236690955456,NA,NA,NA,NA,NA,NA,NA,NA,NA,NA,NA,NA,NA,NA,NA,2.4,0,0,2.3.2,-2.5,0.9926451505286984,7.542024879171319,1,-2.960469195702408,HybridTE,TRUE,4.754217914395029,NA,NA,NA,NA,NA,NA,NA,NA,NA,NA,NA,NA,NA,NA,NA,NA,NA,NA,NA,NA,NA,NA,NA,NA
2026-09-15 19:31:39 -0400,1,00-0041041,Oscar Delp,TE,NO,DET,0,0,0,Medium,2.8419404727693593,0.00726954005341041,0.3979083756890198,NA,NA,NA,NA,NA,NA,NA,NA,NA,NA,NA,NA,NA,NA,NA,2.4,0,0,2.3.2,-2.2668240010468943,-0.02001046903485135,4.2066465993258975,1,0.8824547337218638,HybridTE,TRUE,2.3436702106210467,NA,NA,NA,NA,NA,NA,NA,NA,NA,NA,NA,NA,NA,NA,NA,NA,NA,NA,NA,NA,NA,NA,NA,NA
2026-09-15 19:31:39 -0400,1,00-0041483,Eli Stowers,TE,PHI,WAS,0,0,0,Medium,2.8419404727693593,0.21332673051976217,0.465321248235938,NA,NA,NA,NA,NA,NA,NA,NA,NA,NA,NA,NA,NA,NA,NA,2.4,0,0,2.3.2,-2.2416282525518136,0.04037165339296671,4.182209323689469,1,0.7508221451908241,HybridTE,TRUE,2.346901379116427,NA,NA,NA,NA,NA,NA,NA,NA,NA,NA,NA,NA,NA,NA,NA,NA,NA,NA,NA,NA,NA,NA,NA,NA
2026-09-15 19:31:39 -0400,1,00-0033375,Tim Patrick,WR,NYJ,TEN,0,0,0,High,2.953609688195244,-0.17899340997556606,0.4002090416914872,NA,NA,NA,NA,NA,NA,NA,NA,NA,NA,NA,NA,NA,NA,NA,2.4,0,0,2.3,-2.3060702856378597,-0.06258062160542116,6.578642434311455,1,3.0926825491861645,Vertical,FALSE,3.2703054477940814,NA,NA,NA,NA,NA,NA,NA,NA,NA,NA,NA,NA,NA,NA,NA,NA,NA,NA,NA,NA,NA,NA,NA,NA
2026-09-15 19:31:50 -0400,1,00-0039923,J.J. McCarthy,QB,MIN,GB,13.477019531699574,7.276621911100305,20.121744914453686,Medium,6.02852928967903,NA,NA,NA,NA,NA,NA,NA,NA,NA,NA,NA,NA,NA,NA,NA,NA,NA,2.5,NA,NA,NA,NA,NA,NA,NA,NA,NA,NA,NA,13.513545989990234,13.470573686118868,13.477019531699574,0.15,0.04297230387136608,TRUE,13.477019531699574,FALSE,0,0,NA,NA,NA,NA,NA,NA,NA,NA,NA,0,0,0,1,13.477019531699574
2026-09-15 19:31:50 -0400,1,00-0035700,Josh Jacobs,RB,GB,MIN,13.431436460744385,9.99288216073097,17.54217591386167,Medium,4.1906550461485725,NA,NA,NA,NA,NA,NA,NA,NA,NA,NA,NA,NA,NA,NA,NA,NA,NA,2.5,NA,NA,NA,NA,NA,NA,NA,NA,NA,NA,NA,12.154666900634766,13.97862341507708,13.431436460744385,0.3,-1.8239565144423135,TRUE,13.431436460744385,FALSE,0,0,NA,NA,NA,NA,NA,NA,NA,NA,NA,0,0,0,1,13.431436460744385
2026-09-15 19:31:50 -0400,1,00-0041562,Fernando Mendoza,QB,LV,MIA,12.981876033814212,7.071494828157393,19.67394913423102,Medium,6.02852928967903,NA,NA,NA,NA,NA,NA,NA,NA,NA,NA,NA,NA,NA,NA,NA,NA,NA,2.5,NA,NA,NA,NA,NA,NA,NA,NA,NA,NA,NA,13.634519577026367,12.866703643835596,12.981876033814212,0.15,0.7678159331907715,TRUE,12.981876033814212,FALSE,0,0,NA,NA,NA,NA,NA,NA,NA,NA,NA,0,0,0,1,12.981876033814212
2026-09-15 19:31:50 -0400,1,00-0036945,Justin Fields,QB,KC,DEN,12.259621093225846,6.136028375766264,18.54754399354035,Medium,6.02852928967903,NA,NA,NA,NA,NA,NA,NA,NA,NA,NA,NA,NA,NA,NA,NA,NA,NA,2.5,NA,NA,NA,NA,NA,NA,NA,NA,NA,NA,NA,12.975459098815918,12.133296739298187,12.259621093225846,0.15,0.8421623595177312,TRUE,12.259621093225846,FALSE,0,0,NA,NA,NA,NA,NA,NA,NA,NA,NA,0,0,0,1,12.259621093225846
2026-09-15 19:31:50 -0400,1,00-0041568,Ty Simpson,QB,LA,SF,11.126960751737512,5.094644124021238,17.904030970699257,Medium,6.02852928967903,NA,NA,NA,NA,NA,NA,NA,NA,NA,NA,NA,NA,NA,NA,NA,NA,NA,2.5,NA,NA,NA,NA,NA,NA,NA,NA,NA,NA,NA,11.681768417358398,11.029053516627943,11.126960751737512,0.15,0.6527149007304551,TRUE,11.126960751737512,FALSE,0,0,NA,NA,NA,NA,NA,NA,NA,NA,NA,0,0,0,1,11.126960751737512
2026-09-15 19:31:50 -0400,1,00-0032268,Marcus Mariota,QB,WAS,PHI,11.107790050670532,4.953733131473575,17.132232912195676,Medium,6.02852928967903,NA,NA,NA,NA,NA,NA,NA,NA,NA,NA,NA,NA,NA,NA,NA,NA,NA,2.5,NA,NA,NA,NA,NA,NA,NA,NA,NA,NA,NA,11.240158081054688,11.084430986485094,11.107790050670532,0.15,0.15572709456959366,TRUE,11.107790050670532,FALSE,0,0,NA,NA,NA,NA,NA,NA,NA,NA,NA,0,0,0,1,11.107790050670532
2026-09-15 19:31:50 -0400,1,00-0033869,Mitchell Trubisky,QB,TEN,NYJ,10.920964252307224,4.700718075342337,17.31802655243282,Medium,6.02852928967903,NA,NA,NA,NA,NA,NA,NA,NA,NA,NA,NA,NA,NA,NA,NA,NA,NA,2.5,NA,NA,NA,NA,NA,NA,NA,NA,NA,NA,NA,10.803489685058594,10.941695058292275,10.920964252307224,0.15,-0.13820537323368143,TRUE,10.920964252307224,FALSE,0,0,NA,NA,NA,NA,NA,NA,NA,NA,NA,0,0,0,1,10.920964252307224
2026-09-15 19:31:50 -0400,1,00-0036972,Mac Jones,QB,SF,LA,9.96301700645582,3.862376872502109,16.525872165920383,Medium,6.02852928967903,NA,NA,NA,NA,NA,NA,NA,NA,NA,NA,NA,NA,NA,NA,NA,NA,NA,2.5,NA,NA,NA,NA,NA,NA,NA,NA,NA,NA,NA,11.653776168823242,9.664647742508627,9.96301700645582,0.15,1.9891284263146147,TRUE,9.96301700645582,FALSE,0,0,NA,NA,NA,NA,NA,NA,NA,NA,NA,0,0,0,1,9.96301700645582
2026-09-15 19:31:50 -0400,1,00-0039165,Zach Charbonnet,RB,SEA,NE,8.838848541074976,5.3608900619908875,12.669903142912494,Medium,4.1906550461485725,NA,NA,NA,NA,NA,NA,NA,NA,NA,NA,NA,NA,NA,NA,NA,NA,NA,2.5,NA,NA,NA,NA,NA,NA,NA,NA,NA,NA,NA,7.133848190307617,9.56956297711813,8.838848541074976,0.3,-2.4357147868105127,TRUE,8.838848541074976,FALSE,0,0,NA,NA,NA,NA,NA,NA,NA,NA,NA,0,0,0,1,8.838848541074976
2026-09-15 19:31:50 -0400,1,00-0026158,Joe Flacco,QB,CIN,TB,8.470545888142707,2.385082562881669,15.137666825890042,Low,6.382462858778202,NA,NA,NA,NA,NA,NA,NA,NA,NA,NA,NA,NA,NA,NA,NA,NA,NA,2.5,NA,NA,NA,NA,NA,NA,NA,NA,NA,NA,NA,10.984400749206543,8.02692444207262,8.470545888142707,0.15,2.9574763071339234,TRUE,8.470545888142707,FALSE,0,0,NA,NA,NA,NA,NA,NA,NA,NA,NA,0,0,0,1,8.470545888142707
2026-09-15 19:31:50 -0400,1,00-0041561,Carson Beck,QB,ARI,LAC,8.282957075492902,2.07898555769994,14.806251322197085,Medium,6.02852928967903,NA,NA,NA,NA,NA,NA,NA,NA,NA,NA,NA,NA,NA,NA,NA,NA,NA,2.5,NA,NA,NA,NA,NA,NA,NA,NA,NA,NA,NA,8.442717552185059,8.254764050194286,8.282957075492902,0.15,0.18795350199077276,TRUE,8.282957075492902,FALSE,0,0,NA,NA,NA,NA,NA,NA,NA,NA,NA,0,0,0,1,8.282957075492902
2026-09-15 19:31:50 -0400,1,00-0039164,Anthony Richardson,QB,IND,BAL,8.147160321613601,2.2232979815858136,14.678552874089927,Medium,6.02852928967903,NA,NA,NA,NA,NA,NA,NA,NA,NA,NA,NA,NA,NA,NA,NA,NA,NA,2.5,NA,NA,NA,NA,NA,NA,NA,NA,NA,NA,NA,8.9851531982421875,7.999279225737968,8.147160321613601,0.15,0.9858739725042192,TRUE,8.147160321613601,FALSE,0,0,NA,NA,NA,NA,NA,NA,NA,NA,NA,0,0,0,1,8.147160321613601
2026-09-15 19:31:50 -0400,1,00-0033553,James Conner,RB,ARI,LAC,8.031561720809025,4.60820321420778,12.430968108201517,Medium,4.1906550461485725,NA,NA,NA,NA,NA,NA,NA,NA,NA,NA,NA,NA,NA,NA,NA,NA,NA,2.5,NA,NA,NA,NA,NA,NA,NA,NA,NA,NA,NA,6.322147846221924,8.76416766706064,8.031561720809025,0.3,-2.4420198208387163,TRUE,8.031561720809025,FALSE,0,0,NA,NA,NA,NA,NA,NA,NA,NA,NA,0,0,0,1,8.031561720809025
2026-09-15 19:31:50 -0400,1,00-0031503,Jameis Winston,QB,NYG,DAL,7.657247459835663,1.906619587004154,14.341651997616434,Medium,6.02852928967903,NA,NA,NA,NA,NA,NA,NA,NA,NA,NA,NA,NA,NA,NA,NA,NA,NA,2.5,NA,NA,NA,NA,NA,NA,NA,NA,NA,NA,NA,3.6976587772369385,8.355998403823673,7.657247459835663,0.15,-4.658339626586734,TRUE,7.657247459835663,FALSE,0,0,NA,NA,NA,NA,NA,NA,NA,NA,NA,0,0,0,1,7.657247459835663
2026-09-15 19:31:50 -0400,1,00-0041029,Jordyn Tyson,WR,NO,DET,7.618971333920049,4.273446030551483,11.845562697022547,Medium,3.83141508023352,NA,NA,NA,NA,NA,NA,NA,NA,NA,NA,NA,NA,NA,NA,NA,NA,NA,2.5,NA,NA,NA,NA,NA,NA,NA,NA,NA,NA,NA,6.6332621574401855,8.276110784906624,7.618971333920049,0.4,-1.6428486274664387,TRUE,7.618971333920049,FALSE,0,0,NA,NA,NA,NA,NA,NA,NA,NA,NA,0,0,0,1,7.618971333920049
2026-09-15 19:31:50 -0400,1,00-0040014,Kyle McCord,QB,MIA,LV,7.518617482551001,1.290303352344849,13.811297292262822,High,5.774060225635582,NA,NA,NA,NA,NA,NA,NA,NA,NA,NA,NA,NA,NA,NA,NA,NA,NA,2.5,NA,NA,NA,NA,NA,NA,NA,NA,NA,NA,NA,4.386909008026123,8.071271919231862,7.518617482551001,0.15,-3.6843629112057386,TRUE,7.518617482551001,FALSE,0,0,NA,NA,NA,NA,NA,NA,NA,NA,NA,0,0,0,1,7.518617482551001
2026-09-15 19:31:50 -0400,1,00-0041035,De'Zhaun Stribling,WR,SF,LA,7.292666098671079,3.8609157389166007,10.50449396733455,Medium,3.83141508023352,NA,NA,NA,NA,NA,NA,NA,NA,NA,NA,NA,NA,NA,NA,NA,NA,NA,2.5,NA,NA,NA,NA,NA,NA,NA,NA,NA,NA,NA,6.314675807952881,7.944659625816545,7.292666098671079,0.4,-1.629983817863664,TRUE,7.292666098671079,FALSE,0,0,NA,NA,NA,NA,NA,NA,NA,NA,NA,0,0,0,1,7.292666098671079
2026-09-15 19:31:50 -0400,1,00-0040398,Brady Cook,QB,MIA,LV,7.107366100529799,1.0714731677814056,13.202660384063016,High,5.774060225635582,NA,NA,NA,NA,NA,NA,NA,NA,NA,NA,NA,NA,NA,NA,NA,NA,NA,2.5,NA,NA,NA,NA,NA,NA,NA,NA,NA,NA,NA,4.3650617599487305,7.59130216063234,7.107366100529799,0.15,-3.2262404006836096,TRUE,7.107366100529799,FALSE,0,0,NA,NA,NA,NA,NA,NA,NA,NA,NA,0,0,0,1,7.107366100529799
2026-09-15 19:31:50 -0400,1,00-0041565,Drew Allar,QB,PIT,ATL,6.539118304051212,0.6194514976886354,13.099081711161844,Medium,6.02852928967903,NA,NA,NA,NA,NA,NA,NA,NA,NA,NA,NA,NA,NA,NA,NA,NA,NA,2.5,NA,NA,NA,NA,NA,NA,NA,NA,NA,NA,NA,6.29826545715332,6.581621747621428,6.539118304051212,0.15,-0.28335629046810773,TRUE,6.539118304051212,FALSE,0,0,NA,NA,NA,NA,NA,NA,NA,NA,NA,0,0,0,1,6.539118304051212
2026-09-15 19:31:50 -0400,1,00-0033906,Alvin Kamara,RB,NO,DET,6.454906110973268,3.1840489133966097,10.199649699360796,Low,5.339770194966193,NA,NA,NA,NA,NA,NA,NA,NA,NA,NA,NA,NA,NA,NA,NA,NA,NA,2.5,NA,NA,NA,NA,NA,NA,NA,NA,NA,NA,NA,6.470119953155518,8.075673147762371,7.594007189380315,0.3,-1.6055531946068538,TRUE,6.454906110973268,FALSE,0,0,NA,NA,NA,NA,NA,NA,NA,NA,NA,0,0,0,1,6.454906110973268
2026-09-15 19:31:50 -0400,1,00-0038579,Aidan O'Connell,QB,LV,MIA,6.3417424969673695,0.1889863278082764,12.844479882356692,High,5.774060225635582,NA,NA,NA,NA,NA,NA,NA,NA,NA,NA,NA,NA,NA,NA,NA,NA,NA,2.5,NA,NA,NA,NA,NA,NA,NA,NA,NA,NA,NA,2.1258599758148193,7.0857217654060545,6.3417424969673695,0.15,-4.959861789591235,TRUE,6.3417424969673695,FALSE,0,0,NA,NA,NA,NA,NA,NA,NA,NA,NA,0,0,0,1,6.3417424969673695
2026-09-15 19:31:50 -0400,1,00-0041056,Cade Klubnik,QB,NYJ,TEN,6.340637338902282,0,12.25166030326228,Medium,6.02852928967903,NA,NA,NA,NA,NA,NA,NA,NA,NA,NA,NA,NA,NA,NA,NA,NA,NA,2.5,NA,NA,NA,NA,NA,NA,NA,NA,NA,NA,NA,2.744312047958374,6.975282978480619,6.340637338902282,0.15,-4.230970930522245,TRUE,6.340637338902282,FALSE,0,0,NA,NA,NA,NA,NA,NA,NA,NA,NA,0,0,0,1,6.340637338902282
2026-09-15 19:31:50 -0400,1,00-0040704,Dillon Gabriel,QB,CLE,JAX,6.045200164033151,0,12.30197072537403,High,5.774060225635582,NA,NA,NA,NA,NA,NA,NA,NA,NA,NA,NA,NA,NA,NA,NA,NA,NA,2.5,NA,NA,NA,NA,NA,NA,NA,NA,NA,NA,NA,4.687002182006836,6.284882160861324,6.045200164033151,0.15,-1.597879978854488,TRUE,6.045200164033151,FALSE,0,0,NA,NA,NA,NA,NA,NA,NA,NA,NA,0,0,0,1,6.045200164033151
2026-09-15 19:31:50 -0400,1,00-0040668,Shedeur Sanders,QB,CLE,JAX,6.036764037283394,0.016737873941983377,12.438479921866021,High,5.774060225635582,NA,NA,NA,NA,NA,NA,NA,NA,NA,NA,NA,NA,NA,NA,NA,NA,NA,2.5,NA,NA,NA,NA,NA,NA,NA,NA,NA,NA,NA,4.6186137199401855,6.2870258579910185,6.036764037283394,0.15,-1.668412138050833,TRUE,6.036764037283394,FALSE,0,0,NA,NA,NA,NA,NA,NA,NA,NA,NA,0,0,0,1,6.036764037283394
2026-09-15 19:31:50 -0400,1,00-0041194,Jack Strand,QB,ATL,PIT,6.020590346525564,0,12.136447340227592,Medium,6.02852928967903,NA,NA,NA,NA,NA,NA,NA,NA,NA,NA,NA,NA,NA,NA,NA,NA,NA,2.5,NA,NA,NA,NA,NA,NA,NA,NA,NA,NA,NA,4.461684703826904,6.295691342295916,6.020590346525564,0.15,-1.8340066384690115,TRUE,6.020590346525564,FALSE,0,0,NA,NA,NA,NA,NA,NA,NA,NA,NA,0,0,0,1,6.020590346525564
2026-09-15 19:31:50 -0400,1,00-0039376,Spencer Rattler,QB,NO,DET,5.912425254942957,0,12.356347587579911,High,5.774060225635582,NA,NA,NA,NA,NA,NA,NA,NA,NA,NA,NA,NA,NA,NA,NA,NA,NA,2.5,NA,NA,NA,NA,NA,NA,NA,NA,NA,NA,NA,2.807140350341797,6.460416708696103,5.912425254942957,0.15,-3.653276358354306,TRUE,5.912425254942957,FALSE,0,0,NA,NA,NA,NA,NA,NA,NA,NA,NA,0,0,0,1,5.912425254942957
2026-09-15 19:31:50 -0400,1,00-0040206,Riley Leonard,QB,IND,BAL,5.902894783199556,0,12.125099392351274,Medium,6.02852928967903,NA,NA,NA,NA,NA,NA,NA,NA,NA,NA,NA,NA,NA,NA,NA,NA,NA,2.5,NA,NA,NA,NA,NA,NA,NA,NA,NA,NA,NA,2.6130013465881348,6.483464213189807,5.902894783199556,0.15,-3.870462866601672,TRUE,5.902894783199556,FALSE,0,0,NA,NA,NA,NA,NA,NA,NA,NA,NA,0,0,0,1,5.902894783199556
2026-09-15 19:31:50 -0400,1,00-0041092,Taylen Green,QB,CLE,JAX,5.832112741011305,0,11.474321382681154,High,5.774060225635582,NA,NA,NA,NA,NA,NA,NA,NA,NA,NA,NA,NA,NA,NA,NA,NA,NA,2.5,NA,NA,NA,NA,NA,NA,NA,NA,NA,NA,NA,4.343045234680176,6.094889359775622,5.832112741011305,0.15,-1.7518441250954462,TRUE,5.832112741011305,FALSE,0,0,NA,NA,NA,NA,NA,NA,NA,NA,NA,0,0,0,1,5.832112741011305
2026-09-15 19:31:50 -0400,1,00-0037013,Zach Wilson,QB,NO,DET,5.767946312515542,0,12.030947341651148,High,5.774060225635582,NA,NA,NA,NA,NA,NA,NA,NA,NA,NA,NA,NA,NA,NA,NA,NA,NA,2.5,NA,NA,NA,NA,NA,NA,NA,NA,NA,NA,NA,2.811788558959961,6.289621210201821,5.767946312515542,0.15,-3.47783265124186,TRUE,5.767946312515542,FALSE,0,0,NA,NA,NA,NA,NA,NA,NA,NA,NA,0,0,0,1,5.767946312515542
2026-09-15 19:31:50 -0400,1,00-0041149,Haynes King,QB,CAR,CHI,5.763482892179674,0,11.484586696108643,Medium,6.02852928967903,NA,NA,NA,NA,NA,NA,NA,NA,NA,NA,NA,NA,NA,NA,NA,NA,NA,2.5,NA,NA,NA,NA,NA,NA,NA,NA,NA,NA,NA,2.857512950897217,6.276301117111872,5.763482892179674,0.15,-3.4187881662146555,TRUE,5.763482892179674,FALSE,0,0,NA,NA,NA,NA,NA,NA,NA,NA,NA,0,0,0,1,5.763482892179674
2026-09-15 19:31:50 -0400,1,00-0040589,Kurtis Rourke,QB,SF,LA,5.735089803963659,0,12.590415446083927,High,5.774060225635582,NA,NA,NA,NA,NA,NA,NA,NA,NA,NA,NA,NA,NA,NA,NA,NA,NA,2.5,NA,NA,NA,NA,NA,NA,NA,NA,NA,NA,NA,3.0348544120788574,6.2116019319433295,5.735089803963659,0.15,-3.176747519864472,TRUE,5.735089803963659,FALSE,0,0,NA,NA,NA,NA,NA,NA,NA,NA,NA,0,0,0,1,5.735089803963659
2026-09-15 19:31:50 -0400,1,00-0039921,Trey Benson,RB,ARI,LAC,5.6618726223689855,2.2417817461482112,9.850282182039882,Low,5.339770194966193,NA,NA,NA,NA,NA,NA,NA,NA,NA,NA,NA,NA,NA,NA,NA,NA,NA,2.5,NA,NA,NA,NA,NA,NA,NA,NA,NA,NA,NA,4.34542179107666,6.226065835779981,5.6618726223689855,0.3,-1.8806440447033212,TRUE,5.6618726223689855,FALSE,0,0,NA,NA,NA,NA,NA,NA,NA,NA,NA,0,0,0,1,5.6618726223689855
2026-09-15 19:31:50 -0400,1,00-0028118,Tyrod Taylor,QB,GB,MIN,5.553375758237348,0,12.076670004941532,Medium,6.02852928967903,NA,NA,NA,NA,NA,NA,NA,NA,NA,NA,NA,NA,NA,NA,NA,NA,NA,2.5,NA,NA,NA,NA,NA,NA,NA,NA,NA,NA,NA,2.896267890930176,6.022277146585673,5.553375758237348,0.15,-3.1260092556554975,TRUE,5.553375758237348,FALSE,0,0,NA,NA,NA,NA,NA,NA,NA,NA,NA,0,0,0,1,5.553375758237348
2026-09-15 19:31:50 -0400,1,00-0041117,Athan Kaliakmanis,QB,WAS,PHI,5.518118639745261,0,12.049499873832993,High,5.774060225635582,NA,NA,NA,NA,NA,NA,NA,NA,NA,NA,NA,NA,NA,NA,NA,NA,NA,2.5,NA,NA,NA,NA,NA,NA,NA,NA,NA,NA,NA,3.479220151901245,5.877924255247145,5.518118639745261,0.15,-2.3987041033459002,TRUE,5.518118639745261,FALSE,0,0,NA,NA,NA,NA,NA,NA,NA,NA,NA,0,0,0,1,5.518118639745261
2026-09-15 19:31:50 -0400,1,00-0034577,Kyle Allen,QB,BUF,HOU,5.364815654178792,0,12.003334701489852,High,5.774060225635582,NA,NA,NA,NA,NA,NA,NA,NA,NA,NA,NA,NA,NA,NA,NA,NA,NA,2.5,NA,NA,NA,NA,NA,NA,NA,NA,NA,NA,NA,1.9532791376113892,5.966851510043628,5.364815654178792,0.15,-4.013572372432239,TRUE,5.364815654178792,FALSE,0,0,NA,NA,NA,NA,NA,NA,NA,NA,NA,0,0,0,1,5.364815654178792
2026-09-15 19:31:50 -0400,1,00-0039391,Kimani Vidal,RB,LAC,ARI,5.359315170362,1.9471991367438861,8.921817036580677,Low,5.339770194966193,NA,NA,NA,NA,NA,NA,NA,NA,NA,NA,NA,NA,NA,NA,NA,NA,NA,2.5,NA,NA,NA,NA,NA,NA,NA,NA,NA,NA,NA,4.004182815551758,5.940086179566389,5.359315170362,0.3,-1.9359033640146315,TRUE,5.359315170362,FALSE,0,0,NA,NA,NA,NA,NA,NA,NA,NA,NA,0,0,0,1,5.359315170362
2026-09-15 19:31:50 -0400,1,00-0036879,Sam Ehlinger,QB,DEN,KC,5.123131343275137,0,11.682575078700149,High,5.774060225635582,NA,NA,NA,NA,NA,NA,NA,NA,NA,NA,NA,NA,NA,NA,NA,NA,NA,2.5,NA,NA,NA,NA,NA,NA,NA,NA,NA,NA,NA,2.712259531021118,5.548579310143493,5.123131343275137,0.15,-2.836319779122375,TRUE,5.123131343275137,FALSE,0,0,NA,NA,NA,NA,NA,NA,NA,NA,NA,0,0,0,1,5.123131343275137
2026-09-15 19:31:50 -0400,1,00-0035264,Jarrett Stidham,QB,DEN,KC,4.951894762304856,0,10.97724944786238,High,5.774060225635582,NA,NA,NA,NA,NA,NA,NA,NA,NA,NA,NA,NA,NA,NA,NA,NA,NA,2.5,NA,NA,NA,NA,NA,NA,NA,NA,NA,NA,NA,2.712259531021118,5.347124509001986,4.951894762304856,0.15,-2.634864977980868,TRUE,4.951894762304856,FALSE,0,0,NA,NA,NA,NA,NA,NA,NA,NA,NA,0,0,0,1,4.951894762304856
2026-09-15 19:31:50 -0400,1,00-0035289,Gardner Minshew,QB,ARI,LAC,4.946782464525265,0,11.243470235127576,High,5.774060225635582,NA,NA,NA,NA,NA,NA,NA,NA,NA,NA,NA,NA,NA,NA,NA,NA,NA,2.5,NA,NA,NA,NA,NA,NA,NA,NA,NA,NA,NA,2.0808730125427246,5.452531191345714,4.946782464525265,0.15,-3.3716581788029893,TRUE,4.946782464525265,FALSE,0,0,NA,NA,NA,NA,NA,NA,NA,NA,NA,0,0,0,1,4.946782464525265
2026-09-15 19:31:50 -0400,1,00-0036893,Najee Harris,RB,NYG,DAL,4.879876245566208,1.585583030698043,9.308762450710844,Medium,4.1906550461485725,NA,NA,NA,NA,NA,NA,NA,NA,NA,NA,NA,NA,NA,NA,NA,NA,NA,2.5,NA,NA,NA,NA,NA,NA,NA,NA,NA,NA,NA,3.040776014328003,5.66806205895401,4.879876245566208,0.3,-2.6272860446260067,TRUE,4.879876245566208,FALSE,0,0,NA,NA,NA,NA,NA,NA,NA,NA,NA,0,0,0,1,4.879876245566208
2026-09-15 19:31:50 -0400,1,00-0037012,Trey Lance,QB,LAC,ARI,4.779129210471325,0,11.11498146887612,Medium,6.02852928967903,NA,NA,NA,NA,NA,NA,NA,NA,NA,NA,NA,NA,NA,NA,NA,NA,NA,2.5,NA,NA,NA,NA,NA,NA,NA,NA,NA,NA,NA,1.7381271123886108,5.315776639544746,4.779129210471325,0.15,-3.577649527156135,TRUE,4.779129210471325,FALSE,0,0,NA,NA,NA,NA,NA,NA,NA,NA,NA,0,0,0,1,4.779129210471325
2026-09-15 19:31:50 -0400,1,00-0039916,Ricky Pearsall,WR,SF,LA,4.72904593067152,1.4557780079616018,8.509062791122735,Medium,3.83141508023352,NA,NA,NA,NA,NA,NA,NA,NA,NA,NA,NA,NA,NA,NA,NA,NA,NA,2.5,NA,NA,NA,NA,NA,NA,NA,NA,NA,NA,NA,4.004348278045654,5.2121776990887625,4.72904593067152,0.4,-1.2078294210431082,TRUE,4.72904593067152,FALSE,0,0,NA,NA,NA,NA,NA,NA,NA,NA,NA,0,0,0,1,4.72904593067152
2026-09-15 19:31:50 -0400,1,00-0035993,Tyler Huntley,QB,BAL,IND,4.659585612330039,0,10.93212201842809,Medium,6.02852928967903,NA,NA,NA,NA,NA,NA,NA,NA,NA,NA,NA,NA,NA,NA,NA,NA,NA,2.5,NA,NA,NA,NA,NA,NA,NA,NA,NA,NA,NA,1.9339991807937622,5.1405714531893825,4.659585612330039,0.15,-3.2065722723956203,TRUE,4.659585612330039,FALSE,0,0,NA,NA,NA,NA,NA,NA,NA,NA,NA,0,0,0,1,4.659585612330039
2026-09-15 19:31:50 -0400,1,00-0028986,Case Keenum,QB,CHI,CAR,4.59180784211731,0,11.186918671520784,High,5.774060225635582,NA,NA,NA,NA,NA,NA,NA,NA,NA,NA,NA,NA,NA,NA,NA,NA,NA,2.5,NA,NA,NA,NA,NA,NA,NA,NA,NA,NA,NA,1.4595801830291748,5.144553899603452,4.59180784211731,0.15,-3.6849737165742775,TRUE,4.59180784211731,FALSE,0,0,NA,NA,NA,NA,NA,NA,NA,NA,NA,0,0,0,1,4.59180784211731
2026-09-15 19:31:50 -0400,1,00-0038476,Tommy DeVito,QB,NE,SEA,4.558319624439476,0,11.070877139830312,High,5.774060225635582,NA,NA,NA,NA,NA,NA,NA,NA,NA,NA,NA,NA,NA,NA,NA,NA,NA,2.5,NA,NA,NA,NA,NA,NA,NA,NA,NA,NA,NA,1.5208154916763306,5.094349765515325,4.558319624439476,0.15,-3.5735342738389946,TRUE,4.558319624439476,FALSE,0,0,NA,NA,NA,NA,NA,NA,NA,NA,NA,0,0,0,1,4.558319624439476
2026-09-15 19:31:50 -0400,1,00-0041123,Behren Morton,QB,NE,SEA,4.553318426174295,0,10.665527527829074,High,5.774060225635582,NA,NA,NA,NA,NA,NA,NA,NA,NA,NA,NA,NA,NA,NA,NA,NA,NA,2.5,NA,NA,NA,NA,NA,NA,NA,NA,NA,NA,NA,1.5208154916763306,5.0884660028504065,4.553318426174295,0.15,-3.567650511174076,TRUE,4.553318426174295,FALSE,0,0,NA,NA,NA,NA,NA,NA,NA,NA,NA,0,0,0,1,4.553318426174295
2026-09-15 19:31:50 -0400,1,00-0041251,Jalon Daniels,QB,TB,CIN,4.460681248416798,0,10.72579247881409,Medium,6.02852928967903,NA,NA,NA,NA,NA,NA,NA,NA,NA,NA,NA,NA,NA,NA,NA,NA,NA,2.5,NA,NA,NA,NA,NA,NA,NA,NA,NA,NA,NA,3.087913751602173,4.702934336089967,4.460681248416798,0.15,-1.6150205844877945,TRUE,4.460681248416798,FALSE,0,0,NA,NA,NA,NA,NA,NA,NA,NA,NA,0,0,0,1,4.460681248416798
2026-09-15 19:31:50 -0400,1,00-0040981,Joe Fagnano,QB,BAL,IND,4.423840142425692,0,11.474598576549322,Medium,6.02852928967903,NA,NA,NA,NA,NA,NA,NA,NA,NA,NA,NA,NA,NA,NA,NA,NA,NA,2.5,NA,NA,NA,NA,NA,NA,NA,NA,NA,NA,NA,1.4458352327346802,4.949370420606459,4.423840142425692,0.15,-3.503535187871779,TRUE,4.423840142425692,FALSE,0,0,NA,NA,NA,NA,NA,NA,NA,NA,NA,0,0,0,1,4.423840142425692
2026-09-15 19:31:50 -0400,1,00-0037327,Skylar Thompson,QB,BAL,IND,4.394931719528043,0,10.588405435976618,High,5.774060225635582,NA,NA,NA,NA,NA,NA,NA,NA,NA,NA,NA,NA,NA,NA,NA,NA,NA,2.5,NA,NA,NA,NA,NA,NA,NA,NA,NA,NA,NA,1.4458352327346802,4.915360511315107,4.394931719528043,0.15,-3.469525278580427,TRUE,4.394931719528043,FALSE,0,0,NA,NA,NA,NA,NA,NA,NA,NA,NA,0,0,0,1,4.394931719528043
2026-09-15 19:31:50 -0400,1,00-0037197,Isiah Pacheco,RB,DET,NO,4.381164953917592,0.7452002145447967,8.287089273016315,Low,5.339770194966193,NA,NA,NA,NA,NA,NA,NA,NA,NA,NA,NA,NA,NA,NA,NA,NA,NA,2.5,NA,NA,NA,NA,NA,NA,NA,NA,NA,NA,NA,3.214728593826294,4.881066251099577,4.381164953917592,0.3,-1.6663376572732833,TRUE,4.381164953917592,FALSE,0,0,NA,NA,NA,NA,NA,NA,NA,NA,NA,0,0,0,1,4.381164953917592
2026-09-15 19:31:50 -0400,1,00-0041489,Germie Bernard,WR,PIT,ATL,4.2981675942565225,0.9722734719222993,7.792970906112089,Medium,3.83141508023352,NA,NA,NA,NA,NA,NA,NA,NA,NA,NA,NA,NA,NA,NA,NA,NA,NA,2.5,NA,NA,NA,NA,NA,NA,NA,NA,NA,NA,NA,3.088015079498291,5.104935937428676,4.2981675942565225,0.4,-2.0169208579303852,TRUE,4.2981675942565225,FALSE,0,0,NA,NA,NA,NA,NA,NA,NA,NA,NA,0,0,0,1,4.2981675942565225
2026-09-15 19:31:50 -0400,1,00-0037329,Brittain Brown,RB,CHI,CAR,4.249951000489625,0.8865971630270382,8.127107902634076,Medium,4.1906550461485725,NA,NA,NA,NA,NA,NA,NA,NA,NA,NA,NA,NA,NA,NA,NA,NA,NA,2.5,NA,NA,NA,NA,NA,NA,NA,NA,NA,NA,NA,2.5253329277038574,4.989073031683525,4.249951000489625,0.3,-2.463740103979667,TRUE,4.249951000489625,FALSE,0,0,NA,NA,NA,NA,NA,NA,NA,NA,NA,0,0,0,1,4.249951000489625
2026-09-15 19:31:50 -0400,1,00-0040718,Travis Hunter,WR,JAX,CLE,4.18588782398854,0.9789611791745937,7.754514387936201,Medium,3.83141508023352,NA,NA,NA,NA,NA,NA,NA,NA,NA,NA,NA,NA,NA,NA,NA,NA,NA,2.5,NA,NA,NA,NA,NA,NA,NA,NA,NA,NA,NA,3.4767513275146484,4.658645488304468,4.18588782398854,0.4,-1.1818941607898195,TRUE,4.18588782398854,FALSE,0,0,NA,NA,NA,NA,NA,NA,NA,NA,NA,0,0,0,1,4.18588782398854
2026-09-15 19:31:50 -0400,1,00-0027973,Andy Dalton,QB,PHI,WAS,4.17195815769627,0,11.150809973867148,Medium,6.02852928967903,NA,NA,NA,NA,NA,NA,NA,NA,NA,NA,NA,NA,NA,NA,NA,NA,NA,2.5,NA,NA,NA,NA,NA,NA,NA,NA,NA,NA,NA,2.5778541564941406,4.453270628496647,4.17195815769627,0.15,-1.875416472002506,TRUE,4.17195815769627,FALSE,0,0,NA,NA,NA,NA,NA,NA,NA,NA,NA,0,0,0,1,4.17195815769627
2026-09-15 19:31:50 -0400,1,00-0039798,Isaiah Davis,RB,NYJ,TEN,4.165868955759792,0.5278126687407679,7.725443269898778,Medium,4.1906550461485725,NA,NA,NA,NA,NA,NA,NA,NA,NA,NA,NA,NA,NA,NA,NA,NA,NA,2.5,NA,NA,NA,NA,NA,NA,NA,NA,NA,NA,NA,2.8970415592193604,4.709652125705691,4.165868955759792,0.3,-1.812610566486331,TRUE,4.165868955759792,FALSE,0,0,NA,NA,NA,NA,NA,NA,NA,NA,NA,0,0,0,1,4.165868955759792
2026-09-15 19:31:50 -0400,1,00-0040202,Devin Neal,RB,NO,DET,3.9960825355203102,0.7317737619641572,8.40393033513956,Medium,4.1906550461485725,NA,NA,NA,NA,NA,NA,NA,NA,NA,NA,NA,NA,NA,NA,NA,NA,NA,2.5,NA,NA,NA,NA,NA,NA,NA,NA,NA,NA,NA,3.0004210472106934,4.422794601938717,3.9960825355203102,0.3,-1.4223735547280238,TRUE,3.9960825355203102,FALSE,0,0,NA,NA,NA,NA,NA,NA,NA,NA,NA,0,0,0,1,3.9960825355203102
2026-09-15 19:31:50 -0400,1,00-0037157,Bam Knight,RB,ARI,LAC,3.928318490192328,0.5241028814892006,8.454446288886196,Medium,4.1906550461485725,NA,NA,NA,NA,NA,NA,NA,NA,NA,NA,NA,NA,NA,NA,NA,NA,NA,2.5,NA,NA,NA,NA,NA,NA,NA,NA,NA,NA,NA,2.645484685897827,4.4781044063185425,3.928318490192328,0.3,-1.8326197204207153,TRUE,3.928318490192328,FALSE,0,0,NA,NA,NA,NA,NA,NA,NA,NA,NA,0,0,0,1,3.928318490192328
2026-09-15 19:31:50 -0400,1,00-0040130,Jayden Higgins,WR,HOU,BUF,3.9098309555084794,0.6505787744260373,7.422538098570114,Medium,3.83141508023352,NA,NA,NA,NA,NA,NA,NA,NA,NA,NA,NA,NA,NA,NA,NA,NA,NA,2.5,NA,NA,NA,NA,NA,NA,NA,NA,NA,NA,NA,2.941176176071167,4.5556008084666875,3.9098309555084794,0.4,-1.6144246323955205,TRUE,3.9098309555084794,FALSE,0,0,NA,NA,NA,NA,NA,NA,NA,NA,NA,0,0,0,1,3.9098309555084794
2026-09-15 19:31:50 -0400,1,00-0041414,Matthew Caldwell,QB,LA,SF,3.8343416805706716,0,9.859696366128198,Medium,6.02852928967903,NA,NA,NA,NA,NA,NA,NA,NA,NA,NA,NA,NA,NA,NA,NA,NA,NA,2.5,NA,NA,NA,NA,NA,NA,NA,NA,NA,NA,NA,1.527096152305603,4.24150265614686,3.8343416805706716,0.15,-2.714406503841257,TRUE,3.8343416805706716,FALSE,0,0,NA,NA,NA,NA,NA,NA,NA,NA,NA,0,0,0,1,3.8343416805706716
2026-09-15 19:31:50 -0400,1,00-0038416,Tyson Bagent,QB,CHI,CAR,3.8318521939386923,0,10.36653384770204,High,5.774060225635582,NA,NA,NA,NA,NA,NA,NA,NA,NA,NA,NA,NA,NA,NA,NA,NA,NA,2.5,NA,NA,NA,NA,NA,NA,NA,NA,NA,NA,NA,1.3058180809020996,5.073163167645224,4.5080614046337555,0.15,-3.7673450867431244,TRUE,3.8318521939386923,FALSE,0,0,NA,NA,NA,NA,NA,NA,NA,NA,NA,0,0,0,1,3.8318521939386923
2026-09-15 19:31:50 -0400,1,00-0034837,Calvin Ridley,WR,TEN,NYJ,3.72832007473104,0.45510802695989794,7.482551032998935,Medium,3.83141508023352,NA,NA,NA,NA,NA,NA,NA,NA,NA,NA,NA,NA,NA,NA,NA,NA,NA,2.5,NA,NA,NA,NA,NA,NA,NA,NA,NA,NA,NA,2.8492538928985596,4.3143641959526935,3.72832007473104,0.4,-1.465110303054134,TRUE,3.72832007473104,FALSE,0,0,NA,NA,NA,NA,NA,NA,NA,NA,NA,0,0,0,1,3.72832007473104
2026-09-15 19:31:50 -0400,1,00-0035537,Ty Johnson,RB,BUF,HOU,3.7216888966091206,0.30606690737084524,8.125085600425122,High,3.0109528980360203,NA,NA,NA,NA,NA,NA,NA,NA,NA,NA,NA,NA,NA,NA,NA,NA,NA,2.5,NA,NA,NA,NA,NA,NA,NA,NA,NA,NA,NA,3.095538854598999,4.928279812918278,4.378457525422495,0.3,-1.8327409583192793,TRUE,3.7216888966091206,FALSE,0,0,NA,NA,NA,NA,NA,NA,NA,NA,NA,0,0,0,1,3.7216888966091206
2026-09-15 19:31:50 -0400,1,00-0040891,Cole Payton,QB,PHI,WAS,3.631314287790517,0,9.888084849131396,Medium,6.02852928967903,NA,NA,NA,NA,NA,NA,NA,NA,NA,NA,NA,NA,NA,NA,NA,NA,NA,2.5,NA,NA,NA,NA,NA,NA,NA,NA,NA,NA,NA,2.0403892993927,3.912065756331308,3.631314287790517,0.15,-1.8716764569386077,TRUE,3.631314287790517,FALSE,0,0,NA,NA,NA,NA,NA,NA,NA,NA,NA,0,0,0,1,3.631314287790517
2026-09-15 19:31:50 -0400,1,00-0034771,Mason Rudolph,QB,PIT,ATL,3.600409403773396,0,10.197366556704646,Medium,6.02852928967903,NA,NA,NA,NA,NA,NA,NA,NA,NA,NA,NA,NA,NA,NA,NA,NA,NA,2.5,NA,NA,NA,NA,NA,NA,NA,NA,NA,NA,NA,1.8397166728973389,3.9111198856927003,3.600409403773396,0.15,-2.0714032127953614,TRUE,3.600409403773396,FALSE,0,0,NA,NA,NA,NA,NA,NA,NA,NA,NA,0,0,0,1,3.600409403773396
2026-09-15 19:31:50 -0400,1,00-0036898,Davis Mills,QB,HOU,BUF,3.5793853103460695,0,10.080793460845246,Medium,6.02852928967903,NA,NA,NA,NA,NA,NA,NA,NA,NA,NA,NA,NA,NA,NA,NA,NA,NA,2.5,NA,NA,NA,NA,NA,NA,NA,NA,NA,NA,NA,1.87120521068573,3.880828857344953,3.5793853103460695,0.15,-2.009623646659223,TRUE,3.5793853103460695,FALSE,0,0,NA,NA,NA,NA,NA,NA,NA,NA,NA,0,0,0,1,3.5793853103460695
2026-09-15 19:31:50 -0400,1,00-0040906,Garrett Nussmeier,QB,KC,DEN,3.480554575545911,0,9.678044731338941,Medium,6.02852928967903,NA,NA,NA,NA,NA,NA,NA,NA,NA,NA,NA,NA,NA,NA,NA,NA,NA,2.5,NA,NA,NA,NA,NA,NA,NA,NA,NA,NA,NA,1.877171277999878,3.763504569230505,3.480554575545911,0.15,-1.8863332912306272,TRUE,3.480554575545911,FALSE,0,0,NA,NA,NA,NA,NA,NA,NA,NA,NA,0,0,0,1,3.480554575545911
2026-09-15 19:31:50 -0400,1,00-0040211,Graham Mertz,QB,HOU,BUF,3.4712259541645065,0,10.047726809787266,Medium,6.02852928967903,NA,NA,NA,NA,NA,NA,NA,NA,NA,NA,NA,NA,NA,NA,NA,NA,NA,2.5,NA,NA,NA,NA,NA,NA,NA,NA,NA,NA,NA,1.7860037088394165,3.7686181151042284,3.4712259541645065,0.15,-1.982614406264812,TRUE,3.4712259541645065,FALSE,0,0,NA,NA,NA,NA,NA,NA,NA,NA,NA,0,0,0,1,3.4712259541645065
2026-09-15 19:31:50 -0400,1,00-0035662,Marquise Brown,WR,PHI,WAS,3.4669776472364164,0.3524957381400142,7.499952160150446,High,2.953609688195244,NA,NA,NA,NA,NA,NA,NA,NA,NA,NA,NA,NA,NA,NA,NA,NA,NA,2.5,NA,NA,NA,NA,NA,NA,NA,NA,NA,NA,NA,2.53180193901062,4.090428119386948,3.4669776472364164,0.4,-1.5586261803763275,TRUE,3.4669776472364164,FALSE,0,0,NA,NA,NA,NA,NA,NA,NA,NA,NA,0,0,0,1,3.4669776472364164
2026-09-15 19:31:50 -0400,1,00-0038679,Tyrell Shavers,WR,BUF,HOU,3.410630394603616,0.15429409266361974,6.77080414456654,High,2.953609688195244,NA,NA,NA,NA,NA,NA,NA,NA,NA,NA,NA,NA,NA,NA,NA,NA,NA,2.5,NA,NA,NA,NA,NA,NA,NA,NA,NA,NA,NA,2.4905481338500977,4.024018568439295,3.410630394603616,0.4,-1.533470434589197,TRUE,3.410630394603616,FALSE,0,0,NA,NA,NA,NA,NA,NA,NA,NA,NA,0,0,0,1,3.410630394603616
2026-09-15 19:31:50 -0400,1,00-0037837,Calvin Austin III,WR,NYG,DAL,3.3616091004623425,0.19491836055321465,6.9816626486615405,Medium,3.83141508023352,NA,NA,NA,NA,NA,NA,NA,NA,NA,NA,NA,NA,NA,NA,NA,NA,NA,2.5,NA,NA,NA,NA,NA,NA,NA,NA,NA,NA,NA,2.3304903507232666,4.049021600288393,3.3616091004623425,0.4,-1.7185312495651264,TRUE,3.3616091004623425,FALSE,0,0,NA,NA,NA,NA,NA,NA,NA,NA,NA,0,0,0,1,3.3616091004623425
2026-09-15 19:31:50 -0400,1,00-0040203,Will Howard,QB,PIT,ATL,3.3125941690593206,0,9.369891900137855,Medium,6.02852928967903,NA,NA,NA,NA,NA,NA,NA,NA,NA,NA,NA,NA,NA,NA,NA,NA,NA,2.5,NA,NA,NA,NA,NA,NA,NA,NA,NA,NA,NA,1.4583622217178345,3.6398115715313475,3.3125941690593206,0.15,-2.181449349813513,TRUE,3.3125941690593206,FALSE,0,0,NA,NA,NA,NA,NA,NA,NA,NA,NA,0,0,0,1,3.3125941690593206
2026-09-15 19:31:50 -0400,1,00-0037077,Sam Howell,QB,DAL,NYG,3.305544599584244,0,8.875213282834562,Medium,6.02852928967903,NA,NA,NA,NA,NA,NA,NA,NA,NA,NA,NA,NA,NA,NA,NA,NA,NA,2.5,NA,NA,NA,NA,NA,NA,NA,NA,NA,NA,NA,1.7793829441070557,3.5748672446684533,3.305544599584244,0.15,-1.7954843005613976,TRUE,3.305544599584244,FALSE,0,0,NA,NA,NA,NA,NA,NA,NA,NA,NA,0,0,0,1,3.305544599584244
2026-09-15 19:31:50 -0400,1,00-0038400,Tanner McKee,QB,PHI,WAS,3.2976021836668816,0,9.412211248846734,High,5.774060225635582,NA,NA,NA,NA,NA,NA,NA,NA,NA,NA,NA,NA,NA,NA,NA,NA,NA,2.5,NA,NA,NA,NA,NA,NA,NA,NA,NA,NA,NA,2.0403892993927,3.519463280891737,3.2976021836668816,0.15,-1.4790739814990368,TRUE,3.2976021836668816,FALSE,0,0,NA,NA,NA,NA,NA,NA,NA,NA,NA,0,0,0,1,3.2976021836668816
2026-09-15 19:31:50 -0400,1,00-0037614,John Metchie III,WR,CAR,CHI,3.2652268531849,0.03929747341598459,6.9576133183169455,High,2.953609688195244,NA,NA,NA,NA,NA,NA,NA,NA,NA,NA,NA,NA,NA,NA,NA,NA,NA,2.5,NA,NA,NA,NA,NA,NA,NA,NA,NA,NA,NA,2.3837852478027344,3.852854590106343,3.2652268531849,0.4,-1.4690693423036087,TRUE,3.2652268531849,FALSE,0,0,NA,NA,NA,NA,NA,NA,NA,NA,NA,0,0,0,1,3.2652268531849
2026-09-15 19:31:50 -0400,1,00-0040234,Quinn Ewers,QB,JAX,CLE,3.229696469662047,0,9.537607234097434,Medium,6.02852928967903,NA,NA,NA,NA,NA,NA,NA,NA,NA,NA,NA,NA,NA,NA,NA,NA,NA,2.5,NA,NA,NA,NA,NA,NA,NA,NA,NA,NA,NA,1.9905366897583008,3.4483717249391788,3.229696469662047,0.15,-1.457835035180878,TRUE,3.229696469662047,FALSE,0,0,NA,NA,NA,NA,NA,NA,NA,NA,NA,0,0,0,1,3.229696469662047
2026-09-15 19:31:50 -0400,1,00-0040782,Isaiah Bond,WR,CLE,JAX,3.225013371624102,0,6.871746426139806,High,2.953609688195244,NA,NA,NA,NA,NA,NA,NA,NA,NA,NA,NA,NA,NA,NA,NA,NA,NA,2.5,NA,NA,NA,NA,NA,NA,NA,NA,NA,NA,NA,2.1905927658081055,3.914627108834766,3.225013371624102,0.4,-1.7240343430266605,TRUE,3.225013371624102,FALSE,0,0,NA,NA,NA,NA,NA,NA,NA,NA,NA,0,0,0,1,3.225013371624102
2026-09-15 19:31:50 -0400,1,00-0040078,Brashard Smith,RB,KC,DEN,3.1713825372828075,0,7.360413156654595,Medium,4.1906550461485725,NA,NA,NA,NA,NA,NA,NA,NA,NA,NA,NA,NA,NA,NA,NA,NA,NA,2.5,NA,NA,NA,NA,NA,NA,NA,NA,NA,NA,NA,2.0658411979675293,3.645185968417927,3.1713825372828075,0.3,-1.5793447704503976,TRUE,3.1713825372828075,FALSE,0,0,NA,NA,NA,NA,NA,NA,NA,NA,NA,0,0,0,1,3.1713825372828075
2026-09-15 19:31:50 -0400,1,00-0037112,Jake Tonges,TE,SF,LA,3.162261380558179,0.5742899435617721,5.384997470680745,High,1.9902699491608615,NA,NA,NA,NA,NA,NA,NA,NA,NA,NA,NA,NA,NA,NA,NA,NA,NA,2.5,NA,NA,NA,NA,NA,NA,NA,NA,NA,NA,NA,3.082608222961426,3.162261380558179,3.1423480911589907,0.25,-0.0796531575967534,FALSE,3.162261380558179,FALSE,0,0,NA,NA,NA,NA,NA,NA,NA,NA,NA,0,0,0,1,3.162261380558179
2026-09-15 19:31:50 -0400,1,00-0033949,Joshua Dobbs,QB,DET,NO,3.1596771502304617,0,9.640870636262811,Medium,6.02852928967903,NA,NA,NA,NA,NA,NA,NA,NA,NA,NA,NA,NA,NA,NA,NA,NA,NA,2.5,NA,NA,NA,NA,NA,NA,NA,NA,NA,NA,NA,1.027077555656433,3.53601825515529,3.1596771502304617,0.15,-2.508940699498857,TRUE,3.1596771502304617,FALSE,0,0,NA,NA,NA,NA,NA,NA,NA,NA,NA,0,0,0,1,3.1596771502304617
2026-09-15 19:31:50 -0400,1,00-0035535,Darius Slayton,WR,NYG,DAL,3.102271380169942,0,6.794237902960694,High,2.953609688195244,NA,NA,NA,NA,NA,NA,NA,NA,NA,NA,NA,NA,NA,NA,NA,NA,NA,2.5,NA,NA,NA,NA,NA,NA,NA,NA,NA,NA,NA,2.010493755340576,3.830123130056186,3.102271380169942,0.4,-1.81962937471561,TRUE,3.102271380169942,FALSE,0,0,NA,NA,NA,NA,NA,NA,NA,NA,NA,0,0,0,1,3.102271380169942
2026-09-15 19:31:50 -0400,1,00-0039534,Carter Bradley,QB,JAX,CLE,3.074629302873624,0,8.841192113922105,Medium,6.02852928967903,NA,NA,NA,NA,NA,NA,NA,NA,NA,NA,NA,NA,NA,NA,NA,NA,NA,2.5,NA,NA,NA,NA,NA,NA,NA,NA,NA,NA,NA,2.0303399562835693,3.258915658154222,3.074629302873624,0.15,-1.2285757018706525,TRUE,3.074629302873624,FALSE,0,0,NA,NA,NA,NA,NA,NA,NA,NA,NA,0,0,0,1,3.074629302873624
2026-09-15 19:31:50 -0400,1,00-0033955,Jeremy McNichols,RB,WAS,PHI,3.0626690896808193,0,7.0256863020917315,Medium,4.1906550461485725,NA,NA,NA,NA,NA,NA,NA,NA,NA,NA,NA,NA,NA,NA,NA,NA,NA,2.5,NA,NA,NA,NA,NA,NA,NA,NA,NA,NA,NA,2.1116814613342285,3.4702352161150727,3.0626690896808193,0.3,-1.3585537547808442,TRUE,3.0626690896808193,FALSE,0,0,NA,NA,NA,NA,NA,NA,NA,NA,NA,0,0,0,1,3.0626690896808193
2026-09-15 19:31:50 -0400,1,00-0034775,Christian Kirk,WR,SF,LA,3.042242058448415,0,6.547152451227061,Medium,3.83141508023352,NA,NA,NA,NA,NA,NA,NA,NA,NA,NA,NA,NA,NA,NA,NA,NA,NA,2.5,NA,NA,NA,NA,NA,NA,NA,NA,NA,NA,NA,2.201979875564575,3.602416847037641,3.042242058448415,0.4,-1.400436971473066,TRUE,3.042242058448415,FALSE,0,0,NA,NA,NA,NA,NA,NA,NA,NA,NA,0,0,0,1,3.042242058448415
2026-09-15 19:31:50 -0400,1,00-0040673,Jalen Milroe,QB,SEA,NE,3.0420388731242145,0,9.156897524008501,Medium,6.02852928967903,NA,NA,NA,NA,NA,NA,NA,NA,NA,NA,NA,NA,NA,NA,NA,NA,NA,2.5,NA,NA,NA,NA,NA,NA,NA,NA,NA,NA,NA,1.1465697288513184,3.376533427995902,3.0420388731242145,0.15,-2.2299636991445837,TRUE,3.0420388731242145,FALSE,0,0,NA,NA,NA,NA,NA,NA,NA,NA,NA,0,0,0,1,3.0420388731242145
2026-09-15 19:31:50 -0400,1,00-0040964,EJ Smith,RB,KC,DEN,3.031374636741198,0,6.858590903534949,High,3.0109528980360203,NA,NA,NA,NA,NA,NA,NA,NA,NA,NA,NA,NA,NA,NA,NA,NA,NA,2.5,NA,NA,NA,NA,NA,NA,NA,NA,NA,NA,NA,1.8397599458694458,3.5420666471148063,3.031374636741198,0.3,-1.7023067012453605,TRUE,3.031374636741198,FALSE,0,0,NA,NA,NA,NA,NA,NA,NA,NA,NA,0,0,0,1,3.031374636741198
2026-09-15 19:31:50 -0400,1,00-0040648,Tory Horton,WR,SEA,NE,2.9523660208665685,0,6.531283308102609,Medium,3.83141508023352,NA,NA,NA,NA,NA,NA,NA,NA,NA,NA,NA,NA,NA,NA,NA,NA,NA,2.5,NA,NA,NA,NA,NA,NA,NA,NA,NA,NA,NA,2.3942196369171143,4.192806557479901,3.4733717892547866,0.4,-1.7985869205627871,TRUE,2.9523660208665685,FALSE,0,0,NA,NA,NA,NA,NA,NA,NA,NA,NA,0,0,0,1,2.9523660208665685
2026-09-15 19:31:50 -0400,1,00-0037324,Chris Oladokun,QB,KC,DEN,2.8040916572853583,0,9.782943473456235,High,5.774060225635582,NA,NA,NA,NA,NA,NA,NA,NA,NA,NA,NA,NA,NA,NA,NA,NA,NA,2.5,NA,NA,NA,NA,NA,NA,NA,NA,NA,NA,NA,1.5575861930847168,3.024063209791354,2.8040916572853583,0.15,-1.4664770167066372,TRUE,2.8040916572853583,FALSE,0,0,NA,NA,NA,NA,NA,NA,NA,NA,NA,0,0,0,1,2.8040916572853583
2026-09-15 19:31:50 -0400,1,00-0039355,Luke McCaffrey,WR,WAS,PHI,2.624618504065781,0,6.344284550043873,Low,4.973519690779636,NA,NA,NA,NA,NA,NA,NA,NA,NA,NA,NA,NA,NA,NA,NA,NA,NA,2.5,NA,NA,NA,NA,NA,NA,NA,NA,NA,NA,NA,1.574505090713501,3.3246941129673013,2.624618504065781,0.4,-1.7501890222538004,TRUE,2.624618504065781,FALSE,0,0,NA,NA,NA,NA,NA,NA,NA,NA,NA,0,0,0,1,2.624618504065781
2026-09-15 19:31:50 -0400,1,00-0041558,Sam Roush,TE,CHI,CAR,2.6004226338328973,0,4.8601823312713615,High,1.9902699491608615,NA,NA,NA,NA,NA,NA,NA,NA,NA,NA,NA,NA,NA,NA,NA,NA,NA,2.5,NA,NA,NA,NA,NA,NA,NA,NA,NA,NA,NA,2.1759495735168457,2.6004226338328973,2.4943043687538844,0.25,-0.4244730603160516,FALSE,2.6004226338328973,FALSE,0,0,NA,NA,NA,NA,NA,NA,NA,NA,NA,0,0,0,1,2.6004226338328973
2026-09-15 19:31:50 -0400,1,00-0040886,Nicholas Singleton,RB,TEN,NYJ,2.597484824266343,0,6.67314525352079,High,3.0109528980360203,NA,NA,NA,NA,NA,NA,NA,NA,NA,NA,NA,NA,NA,NA,NA,NA,NA,2.5,NA,NA,NA,NA,NA,NA,NA,NA,NA,NA,NA,1.5009294748306274,3.0674371168816497,2.597484824266343,0.3,-1.5665076420510222,TRUE,2.597484824266343,FALSE,0,0,NA,NA,NA,NA,NA,NA,NA,NA,NA,0,0,0,1,2.597484824266343
2026-09-15 19:31:50 -0400,1,00-0037666,Jalen Tolbert,WR,MIA,LV,2.4686315016249876,0,6.014737801529152,Medium,3.83141508023352,NA,NA,NA,NA,NA,NA,NA,NA,NA,NA,NA,NA,NA,NA,NA,NA,NA,2.5,NA,NA,NA,NA,NA,NA,NA,NA,NA,NA,NA,1.5855512619018555,3.0573516614404093,2.4686315016249876,0.4,-1.4718003995385538,TRUE,2.4686315016249876,FALSE,0,0,NA,NA,NA,NA,NA,NA,NA,NA,NA,0,0,0,1,2.4686315016249876
2026-09-15 19:31:50 -0400,1,00-0035406,Lil'Jordan Humphrey,WR,DEN,KC,2.4483214066653187,0,6.1387761869232,Medium,3.83141508023352,NA,NA,NA,NA,NA,NA,NA,NA,NA,NA,NA,NA,NA,NA,NA,NA,NA,2.5,NA,NA,NA,NA,NA,NA,NA,NA,NA,NA,NA,1.5130902528762817,3.0718088425246766,2.4483214066653187,0.4,-1.5587185896483948,TRUE,2.4483214066653187,FALSE,0,0,NA,NA,NA,NA,NA,NA,NA,NA,NA,0,0,0,1,2.4483214066653187
2026-09-15 19:31:50 -0400,1,00-0036849,Tutu Atwell,WR,LA,SF,2.4126104273798767,0,6.185193661435437,High,2.953609688195244,NA,NA,NA,NA,NA,NA,NA,NA,NA,NA,NA,NA,NA,NA,NA,NA,NA,2.5,NA,NA,NA,NA,NA,NA,NA,NA,NA,NA,NA,1.4263849258422852,3.0700940950716045,2.4126104273798767,0.4,-1.6437091692293193,TRUE,2.4126104273798767,FALSE,0,0,NA,NA,NA,NA,NA,NA,NA,NA,NA,0,0,0,1,2.4126104273798767
2026-09-15 19:31:50 -0400,1,00-0032392,Austin Hooper,TE,ATL,PIT,2.2950868262119806,0,4.780550953845506,High,1.9902699491608615,NA,NA,NA,NA,NA,NA,NA,NA,NA,NA,NA,NA,NA,NA,NA,NA,NA,2.5,NA,NA,NA,NA,NA,NA,NA,NA,NA,NA,NA,2.3015329837799072,2.2950868262119806,2.2966983656039623,0.25,0.006446157567926658,FALSE,2.2950868262119806,FALSE,0,0,NA,NA,NA,NA,NA,NA,NA,NA,NA,0,0,0,1,2.2950868262119806
2026-09-15 19:31:50 -0400,1,00-0040937,Dominic Richardson,RB,NYJ,TEN,2.2901290705946056,0,6.246743694003367,Medium,4.1906550461485725,NA,NA,NA,NA,NA,NA,NA,NA,NA,NA,NA,NA,NA,NA,NA,NA,NA,2.5,NA,NA,NA,NA,NA,NA,NA,NA,NA,NA,NA,1.2509604692459106,2.7354870426011892,2.2901290705946056,0.3,-1.4845265733552786,TRUE,2.2901290705946056,FALSE,0,0,NA,NA,NA,NA,NA,NA,NA,NA,NA,0,0,0,1,2.2901290705946056
2026-09-15 19:31:50 -0400,1,00-0038977,Tank Dell,WR,HOU,BUF,2.286030049801322,0,6.050897471839301,High,2.953609688195244,NA,NA,NA,NA,NA,NA,NA,NA,NA,NA,NA,NA,NA,NA,NA,NA,NA,2.5,NA,NA,NA,NA,NA,NA,NA,NA,NA,NA,NA,1.4562445878982544,2.8392203577367003,2.286030049801322,0.4,-1.382975769838446,TRUE,2.286030049801322,FALSE,0,0,NA,NA,NA,NA,NA,NA,NA,NA,NA,0,0,0,1,2.286030049801322
2026-09-15 19:31:50 -0400,1,00-0040198,Ollie Gordon II,RB,MIA,LV,2.283487951574637,0,6.052084419270015,Medium,4.1906550461485725,NA,NA,NA,NA,NA,NA,NA,NA,NA,NA,NA,NA,NA,NA,NA,NA,NA,2.5,NA,NA,NA,NA,NA,NA,NA,NA,NA,NA,NA,1.3373280763626099,2.68898504095122,2.283487951574637,0.3,-1.35165696458861,TRUE,2.283487951574637,FALSE,0,0,NA,NA,NA,NA,NA,NA,NA,NA,NA,0,0,0,1,2.283487951574637
2026-09-15 19:31:50 -0400,1,00-0041047,Chris Brazzell II,WR,CAR,CHI,2.267657698684719,0,5.062601103150673,High,2.953609688195244,NA,NA,NA,NA,NA,NA,NA,NA,NA,NA,NA,NA,NA,NA,NA,NA,NA,2.5,NA,NA,NA,NA,NA,NA,NA,NA,NA,NA,NA,1.4231090545654297,2.8306901280975785,2.267657698684719,0.4,-1.4075810735321488,TRUE,2.267657698684719,FALSE,0,0,NA,NA,NA,NA,NA,NA,NA,NA,NA,0,0,0,1,2.267657698684719
2026-09-15 19:31:50 -0400,1,00-0031235,Odell Beckham Jr.,WR,NYG,DAL,2.258699121061322,0,5.7425988433827815,High,2.953609688195244,NA,NA,NA,NA,NA,NA,NA,NA,NA,NA,NA,NA,NA,NA,NA,NA,NA,2.5,NA,NA,NA,NA,NA,NA,NA,NA,NA,NA,NA,1.3955508470535278,2.8341313037331846,2.258699121061322,0.4,-1.4385804566796567,TRUE,2.258699121061322,FALSE,0,0,NA,NA,NA,NA,NA,NA,NA,NA,NA,0,0,0,1,2.258699121061322
2026-09-15 19:31:50 -0400,1,00-0040177,Jordan James,RB,SF,LA,2.129633761299882,0,5.958395270938977,Medium,4.1906550461485725,NA,NA,NA,NA,NA,NA,NA,NA,NA,NA,NA,NA,NA,NA,NA,NA,NA,2.5,NA,NA,NA,NA,NA,NA,NA,NA,NA,NA,NA,1.0640923976898193,2.5862943457041947,2.129633761299882,0.3,-1.5222019480143754,TRUE,2.129633761299882,FALSE,0,0,NA,NA,NA,NA,NA,NA,NA,NA,NA,0,0,0,1,2.129633761299882
2026-09-15 19:31:50 -0400,1,00-0040644,Trevor Etienne,RB,CAR,CHI,2.1233322506108623,0,6.583328162037627,High,3.0109528980360203,NA,NA,NA,NA,NA,NA,NA,NA,NA,NA,NA,NA,NA,NA,NA,NA,NA,2.5,NA,NA,NA,NA,NA,NA,NA,NA,NA,NA,NA,1.2689985036849976,2.4894752850076616,2.1233322506108623,0.3,-1.220476781322664,TRUE,2.1233322506108623,FALSE,0,0,NA,NA,NA,NA,NA,NA,NA,NA,NA,0,0,0,1,2.1233322506108623
2026-09-15 19:31:50 -0400,1,00-0039356,Ja'Tavion Sanders,TE,CAR,CHI,2.113114829465966,0,4.399182161274454,High,1.9902699491608615,NA,NA,NA,NA,NA,NA,NA,NA,NA,NA,NA,NA,NA,NA,NA,NA,NA,2.5,NA,NA,NA,NA,NA,NA,NA,NA,NA,NA,NA,2.237011671066284,2.113114829465966,2.1440890398660457,0.25,0.12389684160031811,FALSE,2.113114829465966,FALSE,0,0,NA,NA,NA,NA,NA,NA,NA,NA,NA,0,0,0,1,2.113114829465966
2026-09-15 19:31:50 -0400,1,00-0041077,Justin Joly,TE,MIA,LV,2.073123445128931,0,4.862884371466049,High,1.9902699491608615,NA,NA,NA,NA,NA,NA,NA,NA,NA,NA,NA,NA,NA,NA,NA,NA,NA,2.5,NA,NA,NA,NA,NA,NA,NA,NA,NA,NA,NA,2.1827590465545654,2.073123445128931,2.1005323454853393,0.25,0.10963560142563455,FALSE,2.073123445128931,FALSE,0,0,NA,NA,NA,NA,NA,NA,NA,NA,NA,0,0,0,1,2.073123445128931
2026-09-15 19:31:50 -0400,1,00-0041239,Chip Trayanum,RB,NYJ,TEN,2.012279425437555,0,6.538407224131422,High,3.0109528980360203,NA,NA,NA,NA,NA,NA,NA,NA,NA,NA,NA,NA,NA,NA,NA,NA,NA,2.5,NA,NA,NA,NA,NA,NA,NA,NA,NA,NA,NA,1.0948145389556885,2.4054786625012117,2.012279425437555,0.3,-1.3106641235455232,TRUE,2.012279425437555,FALSE,0,0,NA,NA,NA,NA,NA,NA,NA,NA,NA,0,0,0,1,2.012279425437555
2026-09-15 19:31:50 -0400,1,00-0041323,Myles Montgomery,RB,NE,SEA,1.988357854021618,0,6.099841576545947,High,3.0109528980360203,NA,NA,NA,NA,NA,NA,NA,NA,NA,NA,NA,NA,NA,NA,NA,NA,NA,2.5,NA,NA,NA,NA,NA,NA,NA,NA,NA,NA,NA,0.932147204875946,2.4410195607983347,1.988357854021618,0.3,-1.5088723559223887,TRUE,1.988357854021618,FALSE,0,0,NA,NA,NA,NA,NA,NA,NA,NA,NA,0,0,0,1,1.988357854021618
2026-09-15 19:31:50 -0400,1,00-0036980,Elijah Moore,WR,PHI,WAS,1.9662881061776747,0,6.153585858293828,High,2.953609688195244,NA,NA,NA,NA,NA,NA,NA,NA,NA,NA,NA,NA,NA,NA,NA,NA,NA,2.5,NA,NA,NA,NA,NA,NA,NA,NA,NA,NA,NA,1.082545280456543,2.5554499899917626,1.9662881061776747,0.4,-1.4729047095352197,TRUE,1.9662881061776747,FALSE,0,0,NA,NA,NA,NA,NA,NA,NA,NA,NA,0,0,0,1,1.9662881061776747
2026-09-15 19:31:50 -0400,1,00-0035359,David Sills,WR,TB,CIN,1.9406678820156116,0,6.062124512009038,High,2.953609688195244,NA,NA,NA,NA,NA,NA,NA,NA,NA,NA,NA,NA,NA,NA,NA,NA,NA,2.5,NA,NA,NA,NA,NA,NA,NA,NA,NA,NA,NA,1.0760241746902466,2.5170970202325216,1.9406678820156116,0.4,-1.441072845542275,TRUE,1.9406678820156116,FALSE,0,0,NA,NA,NA,NA,NA,NA,NA,NA,NA,0,0,0,1,1.9406678820156116
2026-09-15 19:31:50 -0400,1,00-0040179,DJ Giddens,RB,IND,BAL,1.936457743019577,0,5.838863343113632,High,3.0109528980360203,NA,NA,NA,NA,NA,NA,NA,NA,NA,NA,NA,NA,NA,NA,NA,NA,NA,2.5,NA,NA,NA,NA,NA,NA,NA,NA,NA,NA,NA,1.2475244998931885,2.2317148472166006,1.936457743019577,0.3,-0.9841903473234122,TRUE,1.936457743019577,FALSE,0,0,NA,NA,NA,NA,NA,NA,NA,NA,NA,0,0,0,1,1.936457743019577
2026-09-15 19:31:50 -0400,1,00-0040888,Adam Randall,RB,BAL,IND,1.9155719231814574,0,5.405899752349742,High,3.0109528980360203,NA,NA,NA,NA,NA,NA,NA,NA,NA,NA,NA,NA,NA,NA,NA,NA,NA,2.5,NA,NA,NA,NA,NA,NA,NA,NA,NA,NA,NA,0.9440209269523621,2.3319509215653556,1.9155719231814574,0.3,-1.3879299946129935,TRUE,1.9155719231814574,FALSE,0,0,NA,NA,NA,NA,NA,NA,NA,NA,NA,0,0,0,1,1.9155719231814574
2026-09-15 19:31:50 -0400,1,00-0037742,Treylon Burks,WR,WAS,PHI,1.8573248033232213,0,5.294886374446422,High,2.953609688195244,NA,NA,NA,NA,NA,NA,NA,NA,NA,NA,NA,NA,NA,NA,NA,NA,NA,2.5,NA,NA,NA,NA,NA,NA,NA,NA,NA,NA,NA,1.0291086435317993,2.409468909850836,1.8573248033232213,0.4,-1.3803602663190366,TRUE,1.8573248033232213,FALSE,0,0,NA,NA,NA,NA,NA,NA,NA,NA,NA,0,0,0,1,1.8573248033232213
2026-09-15 19:31:50 -0400,1,00-0041104,Demond Claiborne,RB,MIN,GB,1.8561571356715714,0,5.428987746720116,High,3.0109528980360203,NA,NA,NA,NA,NA,NA,NA,NA,NA,NA,NA,NA,NA,NA,NA,NA,NA,2.5,NA,NA,NA,NA,NA,NA,NA,NA,NA,NA,NA,0.8785475492477417,2.2751326727103556,1.8561571356715714,0.3,-1.3965851234626139,TRUE,1.8561571356715714,FALSE,0,0,NA,NA,NA,NA,NA,NA,NA,NA,NA,0,0,0,1,1.8561571356715714
2026-09-15 19:31:50 -0400,1,00-0040581,Dont'e Thornton Jr.,WR,LV,MIA,1.8504375499594672,0,5.90277393903202,High,2.953609688195244,NA,NA,NA,NA,NA,NA,NA,NA,NA,NA,NA,NA,NA,NA,NA,NA,NA,2.5,NA,NA,NA,NA,NA,NA,NA,NA,NA,NA,NA,1.0574028491973877,2.3791273504675203,1.8504375499594672,0.4,-1.3217245012701326,TRUE,1.8504375499594672,FALSE,0,0,NA,NA,NA,NA,NA,NA,NA,NA,NA,0,0,0,1,1.8504375499594672
2026-09-15 19:31:50 -0400,1,00-0041070,Reggie Virgil,WR,ARI,LAC,1.8477527794332191,0,5.279029140448034,High,2.953609688195244,NA,NA,NA,NA,NA,NA,NA,NA,NA,NA,NA,NA,NA,NA,NA,NA,NA,2.5,NA,NA,NA,NA,NA,NA,NA,NA,NA,NA,NA,0.9830999374389648,2.4241880074293887,1.8477527794332191,0.4,-1.4410880699904238,TRUE,1.8477527794332191,FALSE,0,0,NA,NA,NA,NA,NA,NA,NA,NA,NA,0,0,0,1,1.8477527794332191
2026-09-15 19:31:50 -0400,1,00-0037085,Tyler Badie,RB,DEN,KC,1.8462888900992043,0,6.291111178138524,High,3.0109528980360203,NA,NA,NA,NA,NA,NA,NA,NA,NA,NA,NA,NA,NA,NA,NA,NA,NA,2.5,NA,NA,NA,NA,NA,NA,NA,NA,NA,NA,NA,1.2452579736709595,2.103873568568452,1.8462888900992043,0.3,-0.8586155948974925,TRUE,1.8462888900992043,FALSE,0,0,NA,NA,NA,NA,NA,NA,NA,NA,NA,0,0,0,1,1.8462888900992043
2026-09-15 19:31:50 -0400,1,00-0041004,Chase Roberts,WR,LV,MIA,1.8404453107749243,0,5.476774497166696,High,2.953609688195244,NA,NA,NA,NA,NA,NA,NA,NA,NA,NA,NA,NA,NA,NA,NA,NA,NA,2.5,NA,NA,NA,NA,NA,NA,NA,NA,NA,NA,NA,1.0381556749343872,2.375305068001949,1.8404453107749243,0.4,-1.3371493930675618,TRUE,1.8404453107749243,FALSE,0,0,NA,NA,NA,NA,NA,NA,NA,NA,NA,0,0,0,1,1.8404453107749243
2026-09-15 19:31:50 -0400,1,00-0040876,Elijah Sarratt,WR,BAL,IND,1.8248010837989943,0,5.5785218515771335,High,2.953609688195244,NA,NA,NA,NA,NA,NA,NA,NA,NA,NA,NA,NA,NA,NA,NA,NA,NA,2.5,NA,NA,NA,NA,NA,NA,NA,NA,NA,NA,NA,0.9945186376571655,2.3783227145602135,1.8248010837989943,0.4,-1.383804076903048,TRUE,1.8248010837989943,FALSE,0,0,NA,NA,NA,NA,NA,NA,NA,NA,NA,0,0,0,1,1.8248010837989943
2026-09-15 19:31:50 -0400,1,00-0034407,Ray-Ray McCloud,WR,CHI,CAR,1.8144336469414744,0,5.445273878596988,High,2.953609688195244,NA,NA,NA,NA,NA,NA,NA,NA,NA,NA,NA,NA,NA,NA,NA,NA,NA,2.5,NA,NA,NA,NA,NA,NA,NA,NA,NA,NA,NA,1.0067282915115356,2.3529038838947667,1.8144336469414744,0.4,-1.346175592383231,TRUE,1.8144336469414744,FALSE,0,0,NA,NA,NA,NA,NA,NA,NA,NA,NA,0,0,0,1,1.8144336469414744
2026-09-15 19:31:50 -0400,1,00-0041069,Colbie Young,WR,CIN,TB,1.8104602301078931,0,5.564806706945911,High,2.953609688195244,NA,NA,NA,NA,NA,NA,NA,NA,NA,NA,NA,NA,NA,NA,NA,NA,NA,2.5,NA,NA,NA,NA,NA,NA,NA,NA,NA,NA,NA,0.9586665034294128,2.3783227145602135,1.8104602301078931,0.4,-1.4196562111308006,TRUE,1.8104602301078931,FALSE,0,0,NA,NA,NA,NA,NA,NA,NA,NA,NA,0,0,0,1,1.8104602301078931
2026-09-15 19:31:50 -0400,1,00-0041510,Max Klare,TE,LA,SF,1.8013577252938513,0,4.242232071447887,High,1.9902699491608615,NA,NA,NA,NA,NA,NA,NA,NA,NA,NA,NA,NA,NA,NA,NA,NA,NA,2.5,NA,NA,NA,NA,NA,NA,NA,NA,NA,NA,NA,1.716570258140564,1.8013577252938513,1.7801608585055295,0.25,-0.08478746715328733,FALSE,1.8013577252938513,FALSE,0,0,NA,NA,NA,NA,NA,NA,NA,NA,NA,0,0,0,1,1.8013577252938513
2026-09-15 19:31:50 -0400,1,00-0040317,Jacoby Jones,WR,WAS,PHI,1.7977907990574922,0,5.705070441705746,High,2.953609688195244,NA,NA,NA,NA,NA,NA,NA,NA,NA,NA,NA,NA,NA,NA,NA,NA,NA,2.5,NA,NA,NA,NA,NA,NA,NA,NA,NA,NA,NA,0.9577327966690063,2.357829467316483,1.7977907990574922,0.4,-1.4000966706474767,TRUE,1.7977907990574922,FALSE,0,0,NA,NA,NA,NA,NA,NA,NA,NA,NA,0,0,0,1,1.7977907990574922
2026-09-15 19:31:50 -0400,1,00-0041451,Brock Rechsteiner,WR,NO,DET,1.7918749232040043,0,5.323433351482501,High,2.953609688195244,NA,NA,NA,NA,NA,NA,NA,NA,NA,NA,NA,NA,NA,NA,NA,NA,NA,2.5,NA,NA,NA,NA,NA,NA,NA,NA,NA,NA,NA,1.4018895626068115,2.051865163602133,1.7918749232040043,0.4,-0.6499756009953215,TRUE,1.7918749232040043,FALSE,0,0,NA,NA,NA,NA,NA,NA,NA,NA,NA,0,0,0,1,1.7918749232040043
2026-09-15 19:31:50 -0400,1,00-0041446,Kendrick Law,WR,DET,NO,1.7915083842450317,0,5.577639101067204,High,2.953609688195244,NA,NA,NA,NA,NA,NA,NA,NA,NA,NA,NA,NA,NA,NA,NA,NA,NA,2.5,NA,NA,NA,NA,NA,NA,NA,NA,NA,NA,NA,0.9715575575828552,2.338142268686483,1.7915083842450317,0.4,-1.3665847111036276,TRUE,1.7915083842450317,FALSE,0,0,NA,NA,NA,NA,NA,NA,NA,NA,NA,0,0,0,1,1.7915083842450317
2026-09-15 19:31:50 -0400,1,00-0037594,Julius Chestnut,RB,TEN,NYJ,1.7905254737604703,0,6.146677342450584,High,3.0109528980360203,NA,NA,NA,NA,NA,NA,NA,NA,NA,NA,NA,NA,NA,NA,NA,NA,NA,2.5,NA,NA,NA,NA,NA,NA,NA,NA,NA,NA,NA,1.241021990776062,2.026026966468074,1.7905254737604703,0.3,-0.7850049756920119,TRUE,1.7905254737604703,FALSE,0,0,NA,NA,NA,NA,NA,NA,NA,NA,NA,0,0,0,1,1.7905254737604703
2026-09-15 19:31:50 -0400,1,00-0036984,Trey Sermon,RB,ATL,PIT,1.7865776946108862,0,5.659075443126956,High,3.0109528980360203,NA,NA,NA,NA,NA,NA,NA,NA,NA,NA,NA,NA,NA,NA,NA,NA,NA,2.5,NA,NA,NA,NA,NA,NA,NA,NA,NA,NA,NA,0.982517659664154,2.1311748524452,1.7865776946108862,0.3,-1.1486571927810458,TRUE,1.7865776946108862,FALSE,0,0,NA,NA,NA,NA,NA,NA,NA,NA,NA,0,0,0,1,1.7865776946108862
2026-09-15 19:31:50 -0400,1,00-0041081,Max Bredeson,RB,MIN,GB,1.7837431515153683,0,6.533438165653769,High,3.0109528980360203,NA,NA,NA,NA,NA,NA,NA,NA,NA,NA,NA,NA,NA,NA,NA,NA,NA,2.5,NA,NA,NA,NA,NA,NA,NA,NA,NA,NA,NA,0.8785475492477417,2.17168412391578,1.7837431515153683,0.3,-1.293136574668038,TRUE,1.7837431515153683,FALSE,0,0,NA,NA,NA,NA,NA,NA,NA,NA,NA,0,0,0,1,1.7837431515153683
2026-09-15 19:31:50 -0400,1,00-0040930,Camden Brown,WR,DAL,NYG,1.7530660767235655,0,4.949525175936326,High,2.953609688195244,NA,NA,NA,NA,NA,NA,NA,NA,NA,NA,NA,NA,NA,NA,NA,NA,NA,2.5,NA,NA,NA,NA,NA,NA,NA,NA,NA,NA,NA,1.0237146615982056,2.2393003534738054,1.7530660767235655,0.4,-1.2155856918755998,TRUE,1.7530660767235655,FALSE,0,0,NA,NA,NA,NA,NA,NA,NA,NA,NA,0,0,0,1,1.7530660767235655
2026-09-15 19:31:50 -0400,1,00-0041577,Connor Hulstein,TE,NYJ,TEN,1.7329942066736017,0,3.944417546756739,Medium,2.8419404727693593,NA,NA,NA,NA,NA,NA,NA,NA,NA,NA,NA,NA,NA,NA,NA,NA,NA,2.5,NA,NA,NA,NA,NA,NA,NA,NA,NA,NA,NA,1.3247020244598389,1.7329942066736017,1.630921161120161,0.25,-0.40829218221376284,FALSE,1.7329942066736017,FALSE,0,0,NA,NA,NA,NA,NA,NA,NA,NA,NA,0,0,0,1,1.7329942066736017
2026-09-15 19:31:50 -0400,1,00-0041051,Zavion Thomas,WR,CHI,CAR,1.7311642951264559,0,5.834353048936153,High,2.953609688195244,NA,NA,NA,NA,NA,NA,NA,NA,NA,NA,NA,NA,NA,NA,NA,NA,NA,2.5,NA,NA,NA,NA,NA,NA,NA,NA,NA,NA,NA,0.9848912358283997,2.228679667991827,1.7311642951264559,0.4,-1.2437884321634272,TRUE,1.7311642951264559,FALSE,0,0,NA,NA,NA,NA,NA,NA,NA,NA,NA,0,0,0,1,1.7311642951264559
2026-09-15 19:31:50 -0400,1,00-0040739,Elijah Arroyo,TE,SEA,NE,1.724235233598156,0,4.196621987647669,Medium,2.8419404727693593,NA,NA,NA,NA,NA,NA,NA,NA,NA,NA,NA,NA,NA,NA,NA,NA,NA,2.5,NA,NA,NA,NA,NA,NA,NA,NA,NA,NA,NA,1.6826194524765015,1.724235233598156,1.7138312883177422,0.25,-0.04161578112165443,FALSE,1.724235233598156,FALSE,0,0,NA,NA,NA,NA,NA,NA,NA,NA,NA,0,0,0,1,1.724235233598156
2026-09-15 19:31:50 -0400,1,00-0037304,Connor Heyward,RB,LV,MIA,1.7021358966679363,0,5.495340423757251,High,3.0109528980360203,NA,NA,NA,NA,NA,NA,NA,NA,NA,NA,NA,NA,NA,NA,NA,NA,NA,2.5,NA,NA,NA,NA,NA,NA,NA,NA,NA,NA,NA,0.8161150217056274,2.08185912879464,1.7021358966679363,0.3,-1.2657441070890125,TRUE,1.7021358966679363,FALSE,0,0,NA,NA,NA,NA,NA,NA,NA,NA,NA,0,0,0,1,1.7021358966679363
2026-09-15 19:31:50 -0400,1,00-0041436,DJ Herman,RB,MIA,LV,1.6848714144778367,0,6.030194671555343,High,3.0109528980360203,NA,NA,NA,NA,NA,NA,NA,NA,NA,NA,NA,NA,NA,NA,NA,NA,NA,2.5,NA,NA,NA,NA,NA,NA,NA,NA,NA,NA,NA,0.9838032126426697,1.9853292152643367,1.6848714144778367,0.3,-1.001526002621667,TRUE,1.6848714144778367,FALSE,0,0,NA,NA,NA,NA,NA,NA,NA,NA,NA,0,0,0,1,1.6848714144778367
2026-09-15 19:31:50 -0400,1,00-0039603,British Brooks,RB,HOU,BUF,1.6774393538808714,0,5.044823129120976,High,3.0109528980360203,NA,NA,NA,NA,NA,NA,NA,NA,NA,NA,NA,NA,NA,NA,NA,NA,NA,2.5,NA,NA,NA,NA,NA,NA,NA,NA,NA,NA,NA,0.9131126403808594,2.0050079453808767,1.6774393538808714,0.3,-1.0918953050000173,TRUE,1.6774393538808714,FALSE,0,0,NA,NA,NA,NA,NA,NA,NA,NA,NA,0,0,0,1,1.6774393538808714
2026-09-15 19:31:50 -0400,1,00-0039363,Isaac Guerendo,RB,SF,LA,1.6633276246686317,0,5.480257335873827,High,3.0109528980360203,NA,NA,NA,NA,NA,NA,NA,NA,NA,NA,NA,NA,NA,NA,NA,NA,NA,2.5,NA,NA,NA,NA,NA,NA,NA,NA,NA,NA,NA,0.8550847768783569,2.0097174165787495,1.6633276246686317,0.3,-1.1546326397003925,TRUE,1.6633276246686317,FALSE,0,0,NA,NA,NA,NA,NA,NA,NA,NA,NA,0,0,0,1,1.6633276246686317
2026-09-15 19:31:50 -0400,1,00-0037276,Ty Chandler,RB,NO,DET,1.6607597646782786,0,5.483605854828509,Medium,4.1906550461485725,NA,NA,NA,NA,NA,NA,NA,NA,NA,NA,NA,NA,NA,NA,NA,NA,NA,2.5,NA,NA,NA,NA,NA,NA,NA,NA,NA,NA,NA,1.0221545696258545,1.9344477054150317,1.6607597646782786,0.3,-0.9122931357891773,TRUE,1.6607597646782786,FALSE,0,0,NA,NA,NA,NA,NA,NA,NA,NA,NA,0,0,0,1,1.6607597646782786
2026-09-15 19:31:50 -0400,1,00-0034270,Tyler Conklin,TE,DET,NO,1.6515825869733185,0,4.040818894651061,High,1.9902699491608615,NA,NA,NA,NA,NA,NA,NA,NA,NA,NA,NA,NA,NA,NA,NA,NA,NA,2.5,NA,NA,NA,NA,NA,NA,NA,NA,NA,NA,NA,1.5427147150039673,1.6515825869733185,1.6243656189809808,0.25,-0.10886787196935122,FALSE,1.6515825869733185,FALSE,0,0,NA,NA,NA,NA,NA,NA,NA,NA,NA,0,0,0,1,1.6515825869733185
2026-09-15 19:31:50 -0400,1,00-0040948,J. Michael Sturdivant,WR,GB,MIN,1.64928578326565,0,5.342726337247349,High,2.953609688195244,NA,NA,NA,NA,NA,NA,NA,NA,NA,NA,NA,NA,NA,NA,NA,NA,NA,2.5,NA,NA,NA,NA,NA,NA,NA,NA,NA,NA,NA,1.0454167127609253,2.051865163602133,1.64928578326565,0.4,-1.0064484508412077,TRUE,1.64928578326565,FALSE,0,0,NA,NA,NA,NA,NA,NA,NA,NA,NA,0,0,0,1,1.64928578326565
2026-09-15 19:31:50 -0400,1,00-0041374,Sincere Brown,WR,LAC,ARI,1.6353603719629257,0,5.5621544222690655,High,2.953609688195244,NA,NA,NA,NA,NA,NA,NA,NA,NA,NA,NA,NA,NA,NA,NA,NA,NA,2.5,NA,NA,NA,NA,NA,NA,NA,NA,NA,NA,NA,1.0070043802261353,2.0542643664541194,1.6353603719629257,0.4,-1.047259986227984,TRUE,1.6353603719629257,FALSE,0,0,NA,NA,NA,NA,NA,NA,NA,NA,NA,0,0,0,1,1.6353603719629257
2026-09-15 19:31:50 -0400,1,00-0041084,Tanner Koziol,TE,JAX,CLE,1.6280737996376373,0,3.893483576253402,High,1.9902699491608615,NA,NA,NA,NA,NA,NA,NA,NA,NA,NA,NA,NA,NA,NA,NA,NA,NA,2.5,NA,NA,NA,NA,NA,NA,NA,NA,NA,NA,NA,1.4633897542953491,1.6280737996376373,1.5869027883020652,0.25,-0.1646840453422882,FALSE,1.6280737996376373,FALSE,0,0,NA,NA,NA,NA,NA,NA,NA,NA,NA,0,0,0,1,1.6280737996376373
2026-09-15 19:31:50 -0400,1,00-0029892,Kyle Juszczyk,RB,SF,LA,1.6245787570239574,0,6.3504203996854605,High,3.0109528980360203,NA,NA,NA,NA,NA,NA,NA,NA,NA,NA,NA,NA,NA,NA,NA,NA,NA,2.5,NA,NA,NA,NA,NA,NA,NA,NA,NA,NA,NA,0.8763677477836609,1.9452406181269417,1.6245787570239574,0.3,-1.0688728703432808,TRUE,1.6245787570239574,FALSE,0,0,NA,NA,NA,NA,NA,NA,NA,NA,NA,0,0,0,1,1.6245787570239574
2026-09-15 19:31:50 -0400,1,00-0041106,C.J. Williams,WR,JAX,CLE,1.609538753315383,0,5.383588317555908,High,2.953609688195244,NA,NA,NA,NA,NA,NA,NA,NA,NA,NA,NA,NA,NA,NA,NA,NA,NA,2.5,NA,NA,NA,NA,NA,NA,NA,NA,NA,NA,NA,1.0664712190628052,1.971583776150435,1.609538753315383,0.4,-0.9051125570876297,TRUE,1.609538753315383,FALSE,0,0,NA,NA,NA,NA,NA,NA,NA,NA,NA,0,0,0,1,1.609538753315383
2026-09-15 19:31:50 -0400,1,00-0041399,CJ Daniels,WR,LA,SF,1.6062544838521817,0,5.384968563196994,High,2.953609688195244,NA,NA,NA,NA,NA,NA,NA,NA,NA,NA,NA,NA,NA,NA,NA,NA,NA,2.5,NA,NA,NA,NA,NA,NA,NA,NA,NA,NA,NA,0.9910982847213745,2.016358616606053,1.6062544838521817,0.4,-1.0252603318846787,TRUE,1.6062544838521817,FALSE,0,0,NA,NA,NA,NA,NA,NA,NA,NA,NA,0,0,0,1,1.6062544838521817
2026-09-15 19:31:50 -0400,1,00-0040953,Jeff Caldwell,WR,KC,DEN,1.5954248089538212,0,4.698400520690736,High,2.953609688195244,NA,NA,NA,NA,NA,NA,NA,NA,NA,NA,NA,NA,NA,NA,NA,NA,NA,2.5,NA,NA,NA,NA,NA,NA,NA,NA,NA,NA,NA,0.9107642769813538,2.051865163602133,1.5954248089538212,0.4,-1.1411008866207792,TRUE,1.5954248089538212,FALSE,0,0,NA,NA,NA,NA,NA,NA,NA,NA,NA,0,0,0,1,1.5954248089538212
2026-09-15 19:31:50 -0400,1,00-0039792,Devontez Walker,WR,BAL,IND,1.5820011755974874,0,5.153519670813958,Low,4.973519690779636,NA,NA,NA,NA,NA,NA,NA,NA,NA,NA,NA,NA,NA,NA,NA,NA,NA,2.5,NA,NA,NA,NA,NA,NA,NA,NA,NA,NA,NA,0.8086948394775391,2.562833196421812,1.8611778536441028,0.4,-1.754138356944273,TRUE,1.5820011755974874,FALSE,0,0,NA,NA,NA,NA,NA,NA,NA,NA,NA,0,0,0,1,1.5820011755974874
2026-09-15 19:31:50 -0400,1,00-0040238,LeQuint Allen Jr.,RB,JAX,CLE,1.5738140927087356,0,5.387959041054528,High,3.0109528980360203,NA,NA,NA,NA,NA,NA,NA,NA,NA,NA,NA,NA,NA,NA,NA,NA,NA,2.5,NA,NA,NA,NA,NA,NA,NA,NA,NA,NA,NA,0.9373525381088257,2.2433431856991346,1.851545991422042,0.3,-1.305990647590309,TRUE,1.5738140927087356,FALSE,0,0,NA,NA,NA,NA,NA,NA,NA,NA,NA,0,0,0,1,1.5738140927087356
2026-09-15 19:31:50 -0400,1,00-0040172,Jordan Watkins,WR,SF,LA,1.5659253527344243,0,5.313332048900831,High,2.953609688195244,NA,NA,NA,NA,NA,NA,NA,NA,NA,NA,NA,NA,NA,NA,NA,NA,NA,2.5,NA,NA,NA,NA,NA,NA,NA,NA,NA,NA,NA,0.8979010581970215,2.0112748824260263,1.5659253527344243,0.4,-1.1133738242290048,TRUE,1.5659253527344243,FALSE,0,0,NA,NA,NA,NA,NA,NA,NA,NA,NA,0,0,0,1,1.5659253527344243
2026-09-15 19:31:50 -0400,1,00-0036670,Jermar Jefferson,RB,MIN,GB,1.5606641985792822,0,5.271546016773181,High,3.0109528980360203,NA,NA,NA,NA,NA,NA,NA,NA,NA,NA,NA,NA,NA,NA,NA,NA,NA,2.5,NA,NA,NA,NA,NA,NA,NA,NA,NA,NA,NA,0.7451910376548767,1.910152696118313,1.5606641985792822,0.3,-1.1649616584634364,TRUE,1.5606641985792822,FALSE,0,0,NA,NA,NA,NA,NA,NA,NA,NA,NA,0,0,0,1,1.5606641985792822
2026-09-15 19:31:50 -0400,1,00-0038614,Scott Matlock,RB,LAC,ARI,1.5517564501170342,0,5.424254198633104,High,3.0109528980360203,NA,NA,NA,NA,NA,NA,NA,NA,NA,NA,NA,NA,NA,NA,NA,NA,NA,2.5,NA,NA,NA,NA,NA,NA,NA,NA,NA,NA,NA,1.1106456518173218,1.7408039351026252,1.5517564501170342,0.3,-0.6301582832853034,TRUE,1.5517564501170342,FALSE,0,0,NA,NA,NA,NA,NA,NA,NA,NA,NA,0,0,0,1,1.5517564501170342
2026-09-15 19:31:50 -0400,1,00-0041550,Brenen Thompson,WR,LAC,ARI,1.5377581849260957,0,4.93127516611895,High,2.953609688195244,NA,NA,NA,NA,NA,NA,NA,NA,NA,NA,NA,NA,NA,NA,NA,NA,NA,2.5,NA,NA,NA,NA,NA,NA,NA,NA,NA,NA,NA,1.0070043802261353,1.8915940547260695,1.5377581849260957,0.4,-0.8845896744999342,TRUE,1.5377581849260957,FALSE,0,0,NA,NA,NA,NA,NA,NA,NA,NA,NA,0,0,0,1,1.5377581849260957
2026-09-15 19:31:50 -0400,1,00-0041443,Skyler Bell,WR,BUF,HOU,1.518040377337225,0,4.792371254363363,High,2.953609688195244,NA,NA,NA,NA,NA,NA,NA,NA,NA,NA,NA,NA,NA,NA,NA,NA,NA,2.5,NA,NA,NA,NA,NA,NA,NA,NA,NA,NA,NA,0.9946383833885193,1.8669750399696956,1.518040377337225,0.4,-0.8723366565811763,TRUE,1.518040377337225,FALSE,0,0,NA,NA,NA,NA,NA,NA,NA,NA,NA,0,0,0,1,1.518040377337225
2026-09-15 19:31:50 -0400,1,00-0040009,Savion Williams,WR,GB,MIN,1.514287231392272,0,4.983108326071569,High,2.953609688195244,NA,NA,NA,NA,NA,NA,NA,NA,NA,NA,NA,NA,NA,NA,NA,NA,NA,2.5,NA,NA,NA,NA,NA,NA,NA,NA,NA,NA,NA,0.9831988215446472,1.8683461712906884,1.514287231392272,0.4,-0.8851473497460411,TRUE,1.514287231392272,FALSE,0,0,NA,NA,NA,NA,NA,NA,NA,NA,NA,0,0,0,1,1.514287231392272
2026-09-15 19:31:50 -0400,1,00-0035125,Alec Ingold,RB,LAC,ARI,1.5102554592547064,0,5.130663983191222,High,3.0109528980360203,NA,NA,NA,NA,NA,NA,NA,NA,NA,NA,NA,NA,NA,NA,NA,NA,NA,2.5,NA,NA,NA,NA,NA,NA,NA,NA,NA,NA,NA,1.071806788444519,1.6981620324590725,1.5102554592547064,0.3,-0.6263552440145534,TRUE,1.5102554592547064,FALSE,0,0,NA,NA,NA,NA,NA,NA,NA,NA,NA,0,0,0,1,1.5102554592547064
2026-09-15 19:31:50 -0400,1,00-0041116,Jack Endries,TE,CIN,TB,1.5002892839546804,0,3.55924311346142,High,1.9902699491608615,NA,NA,NA,NA,NA,NA,NA,NA,NA,NA,NA,NA,NA,NA,NA,NA,NA,2.5,NA,NA,NA,NA,NA,NA,NA,NA,NA,NA,NA,1.806843876838684,1.5002892839546804,1.5769279321756813,0.25,0.30655459288400366,FALSE,1.5002892839546804,FALSE,0,0,NA,NA,NA,NA,NA,NA,NA,NA,NA,0,0,0,1,1.5002892839546804
2026-09-15 19:31:50 -0400,1,00-0039244,Chris Collier,RB,LV,MIA,1.4793295706575187,0,5.636831479137751,High,3.0109528980360203,NA,NA,NA,NA,NA,NA,NA,NA,NA,NA,NA,NA,NA,NA,NA,NA,NA,2.5,NA,NA,NA,NA,NA,NA,NA,NA,NA,NA,NA,0.8147927522659302,1.7641310642539136,1.4793295706575187,0.3,-0.9493383119879835,TRUE,1.4793295706575187,FALSE,0,0,NA,NA,NA,NA,NA,NA,NA,NA,NA,0,0,0,1,1.4793295706575187
2026-09-15 19:31:50 -0400,1,00-0031595,Michael Burton,RB,CLE,JAX,1.4775879602071706,0,5.094798635076077,High,3.0109528980360203,NA,NA,NA,NA,NA,NA,NA,NA,NA,NA,NA,NA,NA,NA,NA,NA,NA,2.5,NA,NA,NA,NA,NA,NA,NA,NA,NA,NA,NA,0.9341604113578796,1.7104854811425811,1.4775879602071706,0.3,-0.7763250697847015,TRUE,1.4775879602071706,FALSE,0,0,NA,NA,NA,NA,NA,NA,NA,NA,NA,0,0,0,1,1.4775879602071706
2026-09-15 19:31:50 -0400,1,00-0039379,Jamari Thrash,WR,CLE,JAX,1.4597443378957808,0,4.931123363844912,High,2.953609688195244,NA,NA,NA,NA,NA,NA,NA,NA,NA,NA,NA,NA,NA,NA,NA,NA,NA,2.5,NA,NA,NA,NA,NA,NA,NA,NA,NA,NA,NA,1.0629374980926514,1.7242822310978674,1.4597443378957808,0.4,-0.661344733005216,TRUE,1.4597443378957808,FALSE,0,0,NA,NA,NA,NA,NA,NA,NA,NA,NA,0,0,0,1,1.4597443378957808
2026-09-15 19:31:50 -0400,1,00-0038824,Ryan Miller,WR,MIA,LV,1.4280702338469395,0,5.115012997210117,High,2.953609688195244,NA,NA,NA,NA,NA,NA,NA,NA,NA,NA,NA,NA,NA,NA,NA,NA,NA,2.5,NA,NA,NA,NA,NA,NA,NA,NA,NA,NA,NA,0.9975969195365906,1.7150524433871723,1.4280702338469395,0.4,-0.7174555238505818,TRUE,1.4280702338469395,FALSE,0,0,NA,NA,NA,NA,NA,NA,NA,NA,NA,0,0,0,1,1.4280702338469395
2026-09-15 19:31:50 -0400,1,00-0038640,Jalen Brooks,WR,ARI,LAC,1.408018423773766,0,5.0939041709352075,High,2.953609688195244,NA,NA,NA,NA,NA,NA,NA,NA,NA,NA,NA,NA,NA,NA,NA,NA,NA,2.5,NA,NA,NA,NA,NA,NA,NA,NA,NA,NA,NA,0.9505120515823364,1.713022671901386,1.408018423773766,0.4,-0.7625106203190495,TRUE,1.408018423773766,FALSE,0,0,NA,NA,NA,NA,NA,NA,NA,NA,NA,0,0,0,1,1.408018423773766
2026-09-15 19:31:50 -0400,1,00-0040194,Jackson Hawes,TE,BUF,HOU,1.3866149168983204,0,3.8439342433539614,Medium,2.8419404727693593,NA,NA,NA,NA,NA,NA,NA,NA,NA,NA,NA,NA,NA,NA,NA,NA,NA,2.5,NA,NA,NA,NA,NA,NA,NA,NA,NA,NA,NA,1.58920156955719,1.3866149168983204,1.4372615800630377,0.25,0.20258665265886955,FALSE,1.3866149168983204,FALSE,0,0,NA,NA,NA,NA,NA,NA,NA,NA,NA,0,0,0,1,1.3866149168983204
2026-09-15 19:31:50 -0400,1,00-0036187,Reggie Gilliam,RB,NE,SEA,1.3737602937945066,0,5.116991689777592,High,3.0109528980360203,NA,NA,NA,NA,NA,NA,NA,NA,NA,NA,NA,NA,NA,NA,NA,NA,NA,2.5,NA,NA,NA,NA,NA,NA,NA,NA,NA,NA,NA,0.676931619644165,1.672401154144653,1.3737602937945066,0.3,-0.995469534500488,TRUE,1.3737602937945066,FALSE,0,0,NA,NA,NA,NA,NA,NA,NA,NA,NA,0,0,0,1,1.3737602937945066
2026-09-15 19:31:50 -0400,1,00-0040649,Robbie Ouzts,RB,SEA,NE,1.3717831993001302,0,4.900045086615278,High,3.0109528980360203,NA,NA,NA,NA,NA,NA,NA,NA,NA,NA,NA,NA,NA,NA,NA,NA,NA,2.5,NA,NA,NA,NA,NA,NA,NA,NA,NA,NA,NA,0.8571816086769104,1.592326738138653,1.3717831993001302,0.3,-0.7351451294617426,TRUE,1.3717831993001302,FALSE,0,0,NA,NA,NA,NA,NA,NA,NA,NA,NA,0,0,0,1,1.3717831993001302
2026-09-15 19:31:50 -0400,1,00-0040432,Beaux Collins,WR,ATL,PIT,1.3694239971252888,0,5.143473561365813,High,2.953609688195244,NA,NA,NA,NA,NA,NA,NA,NA,NA,NA,NA,NA,NA,NA,NA,NA,NA,2.5,NA,NA,NA,NA,NA,NA,NA,NA,NA,NA,NA,0.869976818561554,1.7023887828344453,1.3694239971252888,0.4,-0.8324119642728913,TRUE,1.3694239971252888,FALSE,0,0,NA,NA,NA,NA,NA,NA,NA,NA,NA,0,0,0,1,1.3694239971252888
2026-09-15 19:31:50 -0400,1,00-0034959,Andrew Beck,RB,NYJ,TEN,1.3673836037665184,0,5.442371632410434,High,3.0109528980360203,NA,NA,NA,NA,NA,NA,NA,NA,NA,NA,NA,NA,NA,NA,NA,NA,NA,2.5,NA,NA,NA,NA,NA,NA,NA,NA,NA,NA,NA,0.7528329491615295,1.6307624557400848,1.3673836037665184,0.3,-0.8779295065785553,TRUE,1.3673836037665184,FALSE,0,0,NA,NA,NA,NA,NA,NA,NA,NA,NA,0,0,0,1,1.3673836037665184
2026-09-15 19:31:50 -0400,1,00-0040184,KeAndre Lambert-Smith,WR,LAC,ARI,1.3563219799778299,0,5.000284334621225,High,2.953609688195244,NA,NA,NA,NA,NA,NA,NA,NA,NA,NA,NA,NA,NA,NA,NA,NA,NA,2.5,NA,NA,NA,NA,NA,NA,NA,NA,NA,NA,NA,0.8286758065223694,1.7080860956148034,1.3563219799778299,0.4,-0.879410289092434,TRUE,1.3563219799778299,FALSE,0,0,NA,NA,NA,NA,NA,NA,NA,NA,NA,0,0,0,1,1.3563219799778299
2026-09-15 19:31:50 -0400,1,00-0040887,Josh Cuevas,TE,BAL,IND,1.3550153846212476,0,3.901640780213577,High,1.9902699491608615,NA,NA,NA,NA,NA,NA,NA,NA,NA,NA,NA,NA,NA,NA,NA,NA,NA,2.5,NA,NA,NA,NA,NA,NA,NA,NA,NA,NA,NA,0.901472806930542,1.3550153846212476,1.2416297401985712,0.25,-0.4535425776907056,FALSE,1.3550153846212476,FALSE,0,0,NA,NA,NA,NA,NA,NA,NA,NA,NA,0,0,0,1,1.3550153846212476
2026-09-15 19:31:50 -0400,1,00-0041005,Corey Rucker,WR,LV,MIA,1.3549613160988572,0,4.851560682373241,High,2.953609688195244,NA,NA,NA,NA,NA,NA,NA,NA,NA,NA,NA,NA,NA,NA,NA,NA,NA,2.5,NA,NA,NA,NA,NA,NA,NA,NA,NA,NA,NA,0.8413379192352295,1.6973769140079424,1.3549613160988572,0.4,-0.856038994772713,TRUE,1.3549613160988572,FALSE,0,0,NA,NA,NA,NA,NA,NA,NA,NA,NA,0,0,0,1,1.3549613160988572
2026-09-15 19:31:50 -0400,1,00-0039623,Mason Tipton,WR,NO,DET,1.3509144143254272,0,4.820315063361028,High,2.953609688195244,NA,NA,NA,NA,NA,NA,NA,NA,NA,NA,NA,NA,NA,NA,NA,NA,NA,2.5,NA,NA,NA,NA,NA,NA,NA,NA,NA,NA,NA,0.9592232704162598,1.6120418435982058,1.3509144143254272,0.4,-0.652818573181946,TRUE,1.3509144143254272,FALSE,0,0,NA,NA,NA,NA,NA,NA,NA,NA,NA,0,0,0,1,1.3509144143254272
2026-09-15 19:31:50 -0400,1,00-0039041,Elijah Higgins,TE,ARI,LAC,1.3390809222664806,0,3.544514794409883,High,1.9902699491608615,NA,NA,NA,NA,NA,NA,NA,NA,NA,NA,NA,NA,NA,NA,NA,NA,NA,2.5,NA,NA,NA,NA,NA,NA,NA,NA,NA,NA,NA,1.2360801696777344,1.3390809222664806,1.313330734119294,0.25,-0.10300075258874619,FALSE,1.3390809222664806,FALSE,0,0,NA,NA,NA,NA,NA,NA,NA,NA,NA,0,0,0,1,1.3390809222664806
2026-09-15 19:31:50 -0400,1,00-0036630,Tylan Wallace,WR,CLE,JAX,1.3001178430835403,0,5.194281661855508,High,2.953609688195244,NA,NA,NA,NA,NA,NA,NA,NA,NA,NA,NA,NA,NA,NA,NA,NA,NA,2.5,NA,NA,NA,NA,NA,NA,NA,NA,NA,NA,NA,0.9200098514556885,1.5535231708354416,1.3001178430835403,0.4,-0.6335133193797531,TRUE,1.3001178430835403,FALSE,0,0,NA,NA,NA,NA,NA,NA,NA,NA,NA,0,0,0,1,1.3001178430835403
2026-09-15 19:31:50 -0400,1,00-0039236,Johnny Wilson,WR,PHI,WAS,1.2950581476872263,0,5.045728456327155,High,2.953609688195244,NA,NA,NA,NA,NA,NA,NA,NA,NA,NA,NA,NA,NA,NA,NA,NA,NA,2.5,NA,NA,NA,NA,NA,NA,NA,NA,NA,NA,NA,0.8599078059196472,1.585158375532279,1.2950581476872263,0.4,-0.7252505696126317,TRUE,1.2950581476872263,FALSE,0,0,NA,NA,NA,NA,NA,NA,NA,NA,NA,0,0,0,1,1.2950581476872263
2026-09-15 19:31:50 -0400,1,00-0036862,Ben Skowronek,WR,PIT,ATL,1.277798755960312,0,4.925533786919059,Medium,3.83141508023352,NA,NA,NA,NA,NA,NA,NA,NA,NA,NA,NA,NA,NA,NA,NA,NA,NA,2.5,NA,NA,NA,NA,NA,NA,NA,NA,NA,NA,NA,0.8308861255645752,1.5757405095574697,1.277798755960312,0.4,-0.7448543839928945,TRUE,1.277798755960312,FALSE,0,0,NA,NA,NA,NA,NA,NA,NA,NA,NA,0,0,0,1,1.277798755960312
2026-09-15 19:31:50 -0400,1,00-0038590,Justin Shorter,WR,LV,MIA,1.2774189759050605,0,4.763181754605456,High,2.953609688195244,NA,NA,NA,NA,NA,NA,NA,NA,NA,NA,NA,NA,NA,NA,NA,NA,NA,2.5,NA,NA,NA,NA,NA,NA,NA,NA,NA,NA,NA,0.8262841105461121,1.5781755528110262,1.2774189759050605,0.4,-0.7518914422649141,TRUE,1.2774189759050605,FALSE,0,0,NA,NA,NA,NA,NA,NA,NA,NA,NA,0,0,0,1,1.2774189759050605
2026-09-15 19:31:50 -0400,1,00-0037156,Irvin Charles,WR,SEA,NE,1.2645622318354712,0,4.692031826246372,High,2.953609688195244,NA,NA,NA,NA,NA,NA,NA,NA,NA,NA,NA,NA,NA,NA,NA,NA,NA,2.5,NA,NA,NA,NA,NA,NA,NA,NA,NA,NA,NA,0.8556474447250366,1.5371720899090944,1.2645622318354712,0.4,-0.6815246451840578,TRUE,1.2645622318354712,FALSE,0,0,NA,NA,NA,NA,NA,NA,NA,NA,NA,0,0,0,1,1.2645622318354712
2026-09-15 19:31:50 -0400,1,00-0039626,Cole Burgess,WR,PIT,ATL,1.2602645273806292,0,4.983049033539094,High,2.953609688195244,NA,NA,NA,NA,NA,NA,NA,NA,NA,NA,NA,NA,NA,NA,NA,NA,NA,2.5,NA,NA,NA,NA,NA,NA,NA,NA,NA,NA,NA,0.7923954725265503,1.5721772306166817,1.2602645273806292,0.4,-0.7797817580901314,TRUE,1.2602645273806292,FALSE,0,0,NA,NA,NA,NA,NA,NA,NA,NA,NA,0,0,0,1,1.2602645273806292
2026-09-15 19:31:50 -0400,1,00-0040154,Tai Felton,WR,MIN,GB,1.259320842158789,0,4.682813224066478,High,2.953609688195244,NA,NA,NA,NA,NA,NA,NA,NA,NA,NA,NA,NA,NA,NA,NA,NA,NA,2.5,NA,NA,NA,NA,NA,NA,NA,NA,NA,NA,NA,0.7454972267150879,1.6018699191212564,1.259320842158789,0.4,-0.8563726924061685,TRUE,1.259320842158789,FALSE,0,0,NA,NA,NA,NA,NA,NA,NA,NA,NA,0,0,0,1,1.259320842158789
2026-09-15 19:31:50 -0400,1,00-0035645,Gunner Olszewski,WR,NYG,DAL,1.2568619762904985,0,4.8147375567014645,High,2.953609688195244,NA,NA,NA,NA,NA,NA,NA,NA,NA,NA,NA,NA,NA,NA,NA,NA,NA,2.5,NA,NA,NA,NA,NA,NA,NA,NA,NA,NA,NA,0.8040267825126648,1.5587521054757207,1.2568619762904985,0.4,-0.75472532296305594,TRUE,1.2568619762904985,FALSE,0,0,NA,NA,NA,NA,NA,NA,NA,NA,NA,0,0,0,1,1.2568619762904985
2026-09-15 19:31:50 -0400,1,00-0040629,Dalevon Campbell,WR,LAC,ARI,1.255595878544232,0,5.307932267616786,High,2.953609688195244,NA,NA,NA,NA,NA,NA,NA,NA,NA,NA,NA,NA,NA,NA,NA,NA,NA,2.5,NA,NA,NA,NA,NA,NA,NA,NA,NA,NA,NA,0.7951326370239258,1.5625713728911028,1.255595878544232,0.4,-0.767438735867177,TRUE,1.255595878544232,FALSE,0,0,NA,NA,NA,NA,NA,NA,NA,NA,NA,0,0,0,1,1.255595878544232
2026-09-15 19:31:50 -0400,1,00-0034365,Ian Thomas,TE,LV,MIA,1.247612516691762,0,4.069356180339321,High,1.9902699491608615,NA,NA,NA,NA,NA,NA,NA,NA,NA,NA,NA,NA,NA,NA,NA,NA,NA,2.5,NA,NA,NA,NA,NA,NA,NA,NA,NA,NA,NA,0.9097887873649597,1.247612516691762,1.1631565843600615,0.25,-0.33782372932680227,FALSE,1.247612516691762,FALSE,0,0,NA,NA,NA,NA,NA,NA,NA,NA,NA,0,0,0,1,1.247612516691762
2026-09-15 19:31:50 -0400,1,00-0039710,Jeshaun Jones,WR,MIN,GB,1.2462342297170435,0,5.010788642623933,High,2.953609688195244,NA,NA,NA,NA,NA,NA,NA,NA,NA,NA,NA,NA,NA,NA,NA,NA,NA,2.5,NA,NA,NA,NA,NA,NA,NA,NA,NA,NA,NA,0.7968927025794983,1.5457952478087404,1.2462342297170435,0.4,-0.7489025452292422,TRUE,1.2462342297170435,FALSE,0,0,NA,NA,NA,NA,NA,NA,NA,NA,NA,0,0,0,1,1.2462342297170435
2026-09-15 19:31:50 -0400,1,00-0035045,D.J. Montgomery,WR,IND,BAL,1.2335845612825254,0,5.125634245135217,High,2.953609688195244,NA,NA,NA,NA,NA,NA,NA,NA,NA,NA,NA,NA,NA,NA,NA,NA,NA,2.5,NA,NA,NA,NA,NA,NA,NA,NA,NA,NA,NA,0.763794481754303,1.5467779476346735,1.2335845612825254,0.4,-0.7829834658803705,TRUE,1.2335845612825254,FALSE,0,0,NA,NA,NA,NA,NA,NA,NA,NA,NA,0,0,0,1,1.2335845612825254
2026-09-15 19:31:50 -0400,1,00-0039912,Ben Sinnott,TE,WAS,PHI,1.222194090072076,0,3.9727303226074593,Medium,2.8419404727693593,NA,NA,NA,NA,NA,NA,NA,NA,NA,NA,NA,NA,NA,NA,NA,NA,NA,2.5,NA,NA,NA,NA,NA,NA,NA,NA,NA,NA,NA,1.130710244178772,1.222194090072076,1.19932312859875,0.25,-0.09148384589330405,FALSE,1.222194090072076,FALSE,0,0,NA,NA,NA,NA,NA,NA,NA,NA,NA,0,0,0,1,1.222194090072076
2026-09-15 19:31:50 -0400,1,00-0038951,Sean Tucker,RB,TB,CIN,1.2209784100257497,0,5.333966844126031,Medium,4.1906550461485725,NA,NA,NA,NA,NA,NA,NA,NA,NA,NA,NA,NA,NA,NA,NA,NA,NA,2.5,NA,NA,NA,NA,NA,NA,NA,NA,NA,NA,NA,3.3416147232055664,5.544898890201898,4.883913640102999,0.3,-2.2032841669963315,TRUE,1.2209784100257497,FALSE,0,0,NA,NA,NA,NA,NA,NA,NA,NA,NA,0,0,0,1,1.2209784100257497
2026-09-15 19:31:50 -0400,1,00-0040120,Jimmy Holiday,WR,KC,DEN,1.219936207714459,0,4.970882949548474,High,2.953609688195244,NA,NA,NA,NA,NA,NA,NA,NA,NA,NA,NA,NA,NA,NA,NA,NA,NA,2.5,NA,NA,NA,NA,NA,NA,NA,NA,NA,NA,NA,0.7059834599494934,1.5625713728911028,1.219936207714459,0.4,-0.8565879129416094,TRUE,1.219936207714459,FALSE,0,0,NA,NA,NA,NA,NA,NA,NA,NA,NA,0,0,0,1,1.219936207714459
2026-09-15 19:31:50 -0400,1,00-0039144,Luke Musgrave,TE,GB,MIN,1.2161357006453988,0,3.759345194337824,High,1.9902699491608615,NA,NA,NA,NA,NA,NA,NA,NA,NA,NA,NA,NA,NA,NA,NA,NA,NA,2.5,NA,NA,NA,NA,NA,NA,NA,NA,NA,NA,NA,1.280324935913086,1.2161357006453988,1.2321830094623205,0.25,0.06418923526768716,FALSE,1.2161357006453988,FALSE,0,0,NA,NA,NA,NA,NA,NA,NA,NA,NA,0,0,0,1,1.2161357006453988
2026-09-15 19:31:50 -0400,1,00-0041132,Deion Burks,WR,IND,BAL,1.210939478067559,0,4.961917943236048,High,2.953609688195244,NA,NA,NA,NA,NA,NA,NA,NA,NA,NA,NA,NA,NA,NA,NA,NA,NA,2.5,NA,NA,NA,NA,NA,NA,NA,NA,NA,NA,NA,0.763794481754303,1.5090361422763965,1.210939478067559,0.4,-0.7452416605220935,TRUE,1.210939478067559,FALSE,0,0,NA,NA,NA,NA,NA,NA,NA,NA,NA,0,0,0,1,1.210939478067559
2026-09-15 19:31:50 -0400,1,00-0040570,Jeremiah Webb,WR,NE,SEA,1.198732770757752,0,4.690201674637404,High,2.953609688195244,NA,NA,NA,NA,NA,NA,NA,NA,NA,NA,NA,NA,NA,NA,NA,NA,NA,2.5,NA,NA,NA,NA,NA,NA,NA,NA,NA,NA,NA,0.8262670040130615,1.4470432819208792,1.198732770757752,0.4,-0.6207762779078176,TRUE,1.198732770757752,FALSE,0,0,NA,NA,NA,NA,NA,NA,NA,NA,NA,0,0,0,1,1.198732770757752
2026-09-15 19:31:50 -0400,1,00-0040498,Dontae Fleming,WR,MIN,GB,1.1856882921629055,0,4.609962267262021,High,2.953609688195244,NA,NA,NA,NA,NA,NA,NA,NA,NA,NA,NA,NA,NA,NA,NA,NA,NA,2.5,NA,NA,NA,NA,NA,NA,NA,NA,NA,NA,NA,0.7968927025794983,1.444885351885177,1.1856882921629055,0.4,-0.6479926493056787,TRUE,1.1856882921629055,FALSE,0,0,NA,NA,NA,NA,NA,NA,NA,NA,NA,0,0,0,1,1.1856882921629055
2026-09-15 19:31:50 -0400,1,00-0041170,Hayden Large,TE,CHI,CAR,1.1843982261341903,0,3.9671281474367035,Medium,2.8419404727693593,NA,NA,NA,NA,NA,NA,NA,NA,NA,NA,NA,NA,NA,NA,NA,NA,NA,2.5,NA,NA,NA,NA,NA,NA,NA,NA,NA,NA,NA,0.6619185209274292,1.1843982261341903,1.0537782998325,0.25,-0.5224797052067611,FALSE,1.1843982261341903,FALSE,0,0,NA,NA,NA,NA,NA,NA,NA,NA,NA,0,0,0,1,1.1843982261341903
2026-09-15 19:31:50 -0400,1,00-0040563,Efton Chism III,WR,NE,SEA,1.180916781397321,0,5.177020032929749,Medium,3.83141508023352,NA,NA,NA,NA,NA,NA,NA,NA,NA,NA,NA,NA,NA,NA,NA,NA,NA,2.5,NA,NA,NA,NA,NA,NA,NA,NA,NA,NA,NA,0.7138310074806213,1.4923072973417875,1.180916781397321,0.4,-0.7784762898611661,TRUE,1.180916781397321,FALSE,0,0,NA,NA,NA,NA,NA,NA,NA,NA,NA,0,0,0,1,1.180916781397321
2026-09-15 19:31:50 -0400,1,00-0038752,Jake Bobo,WR,SEA,NE,1.173670063882902,0,4.7247749062604125,High,2.953609688195244,NA,NA,NA,NA,NA,NA,NA,NA,NA,NA,NA,NA,NA,NA,NA,NA,NA,2.5,NA,NA,NA,NA,NA,NA,NA,NA,NA,NA,NA,0.7747817635536194,1.439595597435757,1.173670063882902,0.4,-0.6648138338821377,TRUE,1.173670063882902,FALSE,0,0,NA,NA,NA,NA,NA,NA,NA,NA,NA,0,0,0,1,1.173670063882902
2026-09-15 19:31:50 -0400,1,00-0040352,Coleman Owen,WR,IND,BAL,1.1579145721694837,0,5.081176967542041,High,2.953609688195244,NA,NA,NA,NA,NA,NA,NA,NA,NA,NA,NA,NA,NA,NA,NA,NA,NA,2.5,NA,NA,NA,NA,NA,NA,NA,NA,NA,NA,NA,0.763794481754303,1.4206612991129377,1.1579145721694837,0.4,-0.6568668173586347,TRUE,1.1579145721694837,FALSE,0,0,NA,NA,NA,NA,NA,NA,NA,NA,NA,0,0,0,1,1.1579145721694837
2026-09-15 19:31:50 -0400,1,00-0040901,Jaren Kanak,TE,TEN,NYJ,1.1070255278635646,0,3.5878042347053998,High,1.9902699491608615,NA,NA,NA,NA,NA,NA,NA,NA,NA,NA,NA,NA,NA,NA,NA,NA,NA,2.5,NA,NA,NA,NA,NA,NA,NA,NA,NA,NA,NA,0.983791172504425,1.1070255278635646,1.0762169390237797,0.25,-0.12323435535913951,FALSE,1.1070255278635646,FALSE,0,0,NA,NA,NA,NA,NA,NA,NA,NA,NA,0,0,0,1,1.1070255278635646
2026-09-15 19:31:50 -0400,1,00-0040534,Ke'Shawn Williams,WR,CIN,TB,1.0627759755288708,0,4.499416440484855,High,2.953609688195244,NA,NA,NA,NA,NA,NA,NA,NA,NA,NA,NA,NA,NA,NA,NA,NA,NA,2.5,NA,NA,NA,NA,NA,NA,NA,NA,NA,NA,NA,0.6251380443572998,1.354534596309918,1.0627759755288708,0.4,-0.7293965519526182,TRUE,1.0627759755288708,FALSE,0,0,NA,NA,NA,NA,NA,NA,NA,NA,NA,0,0,0,1,1.0627759755288708
2026-09-15 19:31:50 -0400,1,00-0038720,Julian Hill,TE,NE,SEA,1.040288395443906,0,3.6180362795674954,Medium,2.8419404727693593,NA,NA,NA,NA,NA,NA,NA,NA,NA,NA,NA,NA,NA,NA,NA,NA,NA,2.5,NA,NA,NA,NA,NA,NA,NA,NA,NA,NA,NA,0.7555097341537476,1.040288395443906,0.9690937301213663,0.25,-0.2847786612901584,FALSE,1.040288395443906,FALSE,0,0,NA,NA,NA,NA,NA,NA,NA,NA,NA,0,0,0,1,1.040288395443906
2026-09-15 19:31:50 -0400,1,00-0033246,Johnny Mundt,TE,PHI,WAS,1.0381515974097144,0,3.5198324168786703,Medium,2.8419404727693593,NA,NA,NA,NA,NA,NA,NA,NA,NA,NA,NA,NA,NA,NA,NA,NA,NA,2.5,NA,NA,NA,NA,NA,NA,NA,NA,NA,NA,NA,1.5076686143875122,1.0381515974097144,1.1555308516541638,0.25,0.4695170169777978,FALSE,1.0381515974097144,FALSE,0,0,NA,NA,NA,NA,NA,NA,NA,NA,NA,0,0,0,1,1.0381515974097144
2026-09-15 19:31:50 -0400,1,00-0038394,Will Mallory,TE,IND,BAL,0.9944529458199072,0,3.3342734342583684,High,1.9902699491608615,NA,NA,NA,NA,NA,NA,NA,NA,NA,NA,NA,NA,NA,NA,NA,NA,NA,2.5,NA,NA,NA,NA,NA,NA,NA,NA,NA,NA,NA,0.8889554142951965,0.9944529458199072,0.9680785629387295,0.25,-0.10549753152471064,FALSE,0.9944529458199072,FALSE,0,0,NA,NA,NA,NA,NA,NA,NA,NA,NA,0,0,0,1,0.9944529458199072
2026-09-15 19:31:50 -0400,1,00-0037086,Grant Calcaterra,TE,PHI,WAS,0.9846536201576963,0,3.470117747791222,High,1.9902699491608615,NA,NA,NA,NA,NA,NA,NA,NA,NA,NA,NA,NA,NA,NA,NA,NA,NA,2.5,NA,NA,NA,NA,NA,NA,NA,NA,NA,NA,NA,1.5491466522216797,0.9846536201576963,1.125776878173692,0.25,0.5644930320639834,FALSE,0.9846536201576963,FALSE,0,0,NA,NA,NA,NA,NA,NA,NA,NA,NA,0,0,0,1,0.9846536201576963
2026-09-15 19:31:50 -0400,1,00-0037031,Nikola Kalinic,TE,CHI,CAR,0.9728635654803214,0,3.6141413215296163,Medium,2.8419404727693593,NA,NA,NA,NA,NA,NA,NA,NA,NA,NA,NA,NA,NA,NA,NA,NA,NA,2.5,NA,NA,NA,NA,NA,NA,NA,NA,NA,NA,NA,0.6619185209274292,0.9728635654803214,0.8951273043420983,0.25,-0.3109450445528922,FALSE,0.9728635654803214,FALSE,0,0,NA,NA,NA,NA,NA,NA,NA,NA,NA,0,0,0,1,0.9728635654803214
2026-09-15 19:31:50 -0400,1,00-0040244,Moliki Matavao,TE,NO,DET,0.9644862351169359,0,3.3994230568584953,High,1.9902699491608615,NA,NA,NA,NA,NA,NA,NA,NA,NA,NA,NA,NA,NA,NA,NA,NA,NA,2.5,NA,NA,NA,NA,NA,NA,NA,NA,NA,NA,NA,1.087214469909668,0.9644862351169359,0.995168293815119,0.25,0.1227282347927321,FALSE,0.9644862351169359,FALSE,0,0,NA,NA,NA,NA,NA,NA,NA,NA,NA,0,0,0,1,0.9644862351169359
2026-09-15 19:31:50 -0400,1,00-0041398,Riley Nowakowski,TE,PIT,ATL,0.9642373368307255,0,3.106449140669633,High,1.9902699491608615,NA,NA,NA,NA,NA,NA,NA,NA,NA,NA,NA,NA,NA,NA,NA,NA,NA,2.5,NA,NA,NA,NA,NA,NA,NA,NA,NA,NA,NA,0.9026216864585876,0.9642373368307255,0.948833424237691,0.25,-0.0616156503721379,FALSE,0.9642373368307255,FALSE,0,0,NA,NA,NA,NA,NA,NA,NA,NA,NA,0,0,0,1,0.9642373368307255
2026-09-15 19:31:50 -0400,1,00-0039737,Tip Reiman,TE,ARI,LAC,0.9307625613992689,0,3.046469974834968,High,1.9902699491608615,NA,NA,NA,NA,NA,NA,NA,NA,NA,NA,NA,NA,NA,NA,NA,NA,NA,2.5,NA,NA,NA,NA,NA,NA,NA,NA,NA,NA,NA,0.5809938311576843,0.9307625613992689,0.8433203788388728,0.25,-0.3497687302415846,FALSE,0.9307625613992689,FALSE,0,0,NA,NA,NA,NA,NA,NA,NA,NA,NA,0,0,0,1,0.9307625613992689
2026-09-15 19:31:50 -0400,1,00-0036876,Kylen Granson,TE,TEN,NYJ,0.9233258245386642,0,3.0194358087915916,High,1.9902699491608615,NA,NA,NA,NA,NA,NA,NA,NA,NA,NA,NA,NA,NA,NA,NA,NA,NA,2.5,NA,NA,NA,NA,NA,NA,NA,NA,NA,NA,NA,0.76212078332901,0.9233258245386642,0.8830245642362506,0.25,-0.16120504120965418,FALSE,0.9233258245386642,FALSE,0,0,NA,NA,NA,NA,NA,NA,NA,NA,NA,0,0,0,1,0.9233258245386642
2026-09-15 19:31:50 -0400,1,00-0039855,Jalen McMillan,WR,TB,CIN,0.9194131815220163,0,4.622483364746326,Medium,3.83141508023352,NA,NA,NA,NA,NA,NA,NA,NA,NA,NA,NA,NA,NA,NA,NA,NA,NA,2.5,NA,NA,NA,NA,NA,NA,NA,NA,NA,NA,NA,2.6520891189575195,4.36136179750843,3.6776527260880654,0.4,-1.70927267855091,TRUE,0.9194131815220163,FALSE,0,0,NA,NA,NA,NA,NA,NA,NA,NA,NA,0,0,0,1,0.9194131815220163
2026-09-15 19:31:50 -0400,1,00-0041087,Joe Royer,TE,CLE,JAX,0.9176538846831104,0,3.4096471577087324,High,1.9902699491608615,NA,NA,NA,NA,NA,NA,NA,NA,NA,NA,NA,NA,NA,NA,NA,NA,NA,2.5,NA,NA,NA,NA,NA,NA,NA,NA,NA,NA,NA,0.9415900707244873,0.9176538846831104,0.9236379311934546,0.25,0.023936186041376928,FALSE,0.9176538846831104,FALSE,0,0,NA,NA,NA,NA,NA,NA,NA,NA,NA,0,0,0,1,0.9176538846831104
2026-09-15 19:31:50 -0400,1,00-0040955,John Michael Gyllenborg,TE,KC,DEN,0.9069518311243102,0,3.148306768789456,Medium,2.8419404727693593,NA,NA,NA,NA,NA,NA,NA,NA,NA,NA,NA,NA,NA,NA,NA,NA,NA,2.5,NA,NA,NA,NA,NA,NA,NA,NA,NA,NA,NA,0.7063407897949219,0.9069518311243102,0.8567990707919632,0.25,-0.20061104132938834,FALSE,0.9069518311243102,FALSE,0,0,NA,NA,NA,NA,NA,NA,NA,NA,NA,0,0,0,1,0.9069518311243102
2026-09-15 19:31:50 -0400,1,00-0040225,Thomas Fidone II,TE,NYG,DAL,0.8985263354117825,0,3.287762643089525,High,1.9902699491608615,NA,NA,NA,NA,NA,NA,NA,NA,NA,NA,NA,NA,NA,NA,NA,NA,NA,2.5,NA,NA,NA,NA,NA,NA,NA,NA,NA,NA,NA,0.8420315980911255,0.8985263354117825,0.8844026510816183,0.25,-0.05649473732065702,FALSE,0.8985263354117825,FALSE,0,0,NA,NA,NA,NA,NA,NA,NA,NA,NA,0,0,0,1,0.8985263354117825
2026-09-15 19:31:50 -0400,1,00-0041314,Tanner Arkin,TE,NE,SEA,0.8843679713739898,0,3.4505708734488505,Medium,2.8419404727693593,NA,NA,NA,NA,NA,NA,NA,NA,NA,NA,NA,NA,NA,NA,NA,NA,NA,2.5,NA,NA,NA,NA,NA,NA,NA,NA,NA,NA,NA,0.5624083280563354,0.8843679713739898,0.8038780605445762,0.25,-0.32195964331765436,FALSE,0.8843679713739898,FALSE,0,0,NA,NA,NA,NA,NA,NA,NA,NA,NA,0,0,0,1,0.8843679713739898
2026-09-15 19:31:50 -0400,1,00-0039814,Erick All,TE,CIN,TB,0.8843563571489267,0,3.1223309508710995,High,1.9902699491608615,NA,NA,NA,NA,NA,NA,NA,NA,NA,NA,NA,NA,NA,NA,NA,NA,NA,2.5,NA,NA,NA,NA,NA,NA,NA,NA,NA,NA,NA,0.7009908556938171,0.8843563571489267,0.8385149817851493,0.25,-0.18336550145510955,FALSE,0.8843563571489267,FALSE,0,0,NA,NA,NA,NA,NA,NA,NA,NA,NA,0,0,0,1,0.8843563571489267
2026-09-15 19:31:50 -0400,1,00-0040215,Gavin Bartholomew,TE,MIN,GB,0.8734290939013984,0,3.3072060666400964,High,1.9902699491608615,NA,NA,NA,NA,NA,NA,NA,NA,NA,NA,NA,NA,NA,NA,NA,NA,NA,2.5,NA,NA,NA,NA,NA,NA,NA,NA,NA,NA,NA,0.7100629210472107,0.8734290939013984,0.8325875506878515,0.25,-0.16336617285418775,FALSE,0.8734290939013984,FALSE,0,0,NA,NA,NA,NA,NA,NA,NA,NA,NA,0,0,0,1,0.8734290939013984
2026-09-15 19:31:50 -0400,1,00-0040938,DJ Rogers,TE,DAL,NYG,0.8718380850673033,0,3.389553617370431,Medium,2.8419404727693593,NA,NA,NA,NA,NA,NA,NA,NA,NA,NA,NA,NA,NA,NA,NA,NA,NA,2.5,NA,NA,NA,NA,NA,NA,NA,NA,NA,NA,NA,0.7163562178611755,0.8718380850673033,0.8329676182657714,0.25,-0.15548186720612778,FALSE,0.8718380850673033,FALSE,0,0,NA,NA,NA,NA,NA,NA,NA,NA,NA,0,0,0,1,0.8718380850673033
2026-09-15 19:31:50 -0400,1,00-0041366,Jameson Geers,TE,ARI,LAC,0.8520012384003144,0,2.9960654420575694,Medium,2.8419404727693593,NA,NA,NA,NA,NA,NA,NA,NA,NA,NA,NA,NA,NA,NA,NA,NA,NA,2.5,NA,NA,NA,NA,NA,NA,NA,NA,NA,NA,NA,0.7286626100540161,0.8520012384003144,0.8211665813137399,0.25,-0.12333862834629827,FALSE,0.8520012384003144,FALSE,0,0,NA,NA,NA,NA,NA,NA,NA,NA,NA,0,0,0,1,0.8520012384003144
2026-09-15 19:31:50 -0400,1,00-0036556,Brevin Jordan,TE,HOU,BUF,0.8493989344433657,0,3.465416314149928,High,1.9902699491608615,NA,NA,NA,NA,NA,NA,NA,NA,NA,NA,NA,NA,NA,NA,NA,NA,NA,2.5,NA,NA,NA,NA,NA,NA,NA,NA,NA,NA,NA,0.6299129128456116,0.8493989344433657,0.7945274290439271,0.25,-0.2194860215977541,FALSE,0.8493989344433657,FALSE,0,0,NA,NA,NA,NA,NA,NA,NA,NA,NA,0,0,0,1,0.8493989344433657
2026-09-15 19:31:50 -0400,1,00-0038564,Cameron Latu,TE,NE,SEA,0.8491919447646341,0,3.0354640279820346,High,1.9902699491608615,NA,NA,NA,NA,NA,NA,NA,NA,NA,NA,NA,NA,NA,NA,NA,NA,NA,2.5,NA,NA,NA,NA,NA,NA,NA,NA,NA,NA,NA,0.5624083280563354,0.8491919447646341,0.7774960405875595,0.25,-0.28678361670829866,FALSE,0.8491919447646341,FALSE,0,0,NA,NA,NA,NA,NA,NA,NA,NA,NA,0,0,0,1,0.8491919447646341
2026-09-15 19:31:50 -0400,1,00-0039824,Jared Wiley,TE,KC,DEN,0.8370176258219528,0,3.2980743941110466,High,1.9902699491608615,NA,NA,NA,NA,NA,NA,NA,NA,NA,NA,NA,NA,NA,NA,NA,NA,NA,2.5,NA,NA,NA,NA,NA,NA,NA,NA,NA,NA,NA,0.5574082136154175,0.8370176258219528,0.767115272770319,0.25,-0.27960941220653535,FALSE,0.8370176258219528,FALSE,0,0,NA,NA,NA,NA,NA,NA,NA,NA,NA,0,0,0,1,0.8370176258219528
2026-09-15 19:31:50 -0400,1,00-0040058,Nick Kallerup,TE,SEA,NE,0.8363191351964555,0,3.6043070800639327,Medium,2.8419404727693593,NA,NA,NA,NA,NA,NA,NA,NA,NA,NA,NA,NA,NA,NA,NA,NA,NA,2.5,NA,NA,NA,NA,NA,NA,NA,NA,NA,NA,NA,0.7909778356552124,0.8363191351964555,0.8249838103111448,0.25,-0.04534129954124311,FALSE,0.8363191351964555,FALSE,0,0,NA,NA,NA,NA,NA,NA,NA,NA,NA,0,0,0,1,0.8363191351964555
2026-09-15 19:31:50 -0400,1,00-0033217,Mo Alie-Cox,TE,IND,BAL,0.8236499515236466,0,3.251884484007015,Medium,2.8419404727693593,NA,NA,NA,NA,NA,NA,NA,NA,NA,NA,NA,NA,NA,NA,NA,NA,NA,2.5,NA,NA,NA,NA,NA,NA,NA,NA,NA,NA,NA,0.8874639868736267,0.8236499515236466,0.8396034603611416,0.25,0.06381403534998009,FALSE,0.8236499515236466,FALSE,0,0,NA,NA,NA,NA,NA,NA,NA,NA,NA,0,0,0,1,0.8236499515236466
2026-09-15 19:31:50 -0400,1,00-0041579,Seydou Traore,TE,MIA,LV,0.8206213984469959,0,3.124706405405908,High,1.9902699491608615,NA,NA,NA,NA,NA,NA,NA,NA,NA,NA,NA,NA,NA,NA,NA,NA,NA,2.5,NA,NA,NA,NA,NA,NA,NA,NA,NA,NA,NA,0.8717104196548462,0.8206213984469959,0.8333936537489585,0.25,0.051089021207850305,FALSE,0.8206213984469959,FALSE,0,0,NA,NA,NA,NA,NA,NA,NA,NA,NA,0,0,0,1,0.8206213984469959
2026-09-15 19:31:50 -0400,1,00-0031484,Chris Manhertz,TE,NYG,DAL,0.8055693310751724,0,3.3104584375286654,Medium,2.8419404727693593,NA,NA,NA,NA,NA,NA,NA,NA,NA,NA,NA,NA,NA,NA,NA,NA,NA,2.5,NA,NA,NA,NA,NA,NA,NA,NA,NA,NA,NA,0.7861950993537903,0.8055693310751724,0.8007257731448268,0.25,-0.019374231721382085,FALSE,0.8055693310751724,FALSE,0,0,NA,NA,NA,NA,NA,NA,NA,NA,NA,0,0,0,1,0.8055693310751724
2026-09-15 19:31:50 -0400,1,00-0037755,Jelani Woods,TE,NYJ,TEN,0.7977692799020911,0,3.347591338431467,Medium,2.8419404727693593,NA,NA,NA,NA,NA,NA,NA,NA,NA,NA,NA,NA,NA,NA,NA,NA,NA,2.5,NA,NA,NA,NA,NA,NA,NA,NA,NA,NA,NA,0.6513271331787109,0.7977692799020911,0.7611587432212461,0.25,-0.14644214672338018,FALSE,0.7977692799020911,FALSE,0,0,NA,NA,NA,NA,NA,NA,NA,NA,NA,0,0,0,1,0.7977692799020911
2026-09-15 19:31:50 -0400,1,00-0040509,Ben Yurosek,TE,MIN,GB,0.7928515878476659,0,3.019178653365711,Medium,2.8419404727693593,NA,NA,NA,NA,NA,NA,NA,NA,NA,NA,NA,NA,NA,NA,NA,NA,NA,2.5,NA,NA,NA,NA,NA,NA,NA,NA,NA,NA,NA,0.6789992451667786,0.7928515878476659,0.764388502177444,0.25,-0.11385234268088729,FALSE,0.7928515878476659,FALSE,0,0,NA,NA,NA,NA,NA,NA,NA,NA,NA,0,0,0,1,0.7928515878476659
2026-09-15 19:31:50 -0400,1,00-0040504,Bryson Nesbit,TE,MIN,GB,0.7914318040821002,0,3.6106231478768436,Medium,2.8419404727693593,NA,NA,NA,NA,NA,NA,NA,NA,NA,NA,NA,NA,NA,NA,NA,NA,NA,2.5,NA,NA,NA,NA,NA,NA,NA,NA,NA,NA,NA,0.7100629210472107,0.7914318040821002,0.7710895833233778,0.25,-0.08136888303488954,FALSE,0.7914318040821002,FALSE,0,0,NA,NA,NA,NA,NA,NA,NA,NA,NA,0,0,0,1,0.7914318040821002
2026-09-15 19:31:50 -0400,1,00-0033757,Robert Tonyan,TE,PIT,ATL,0.7857451571867988,0,3.361738168843109,Medium,2.8419404727693593,NA,NA,NA,NA,NA,NA,NA,NA,NA,NA,NA,NA,NA,NA,NA,NA,NA,2.5,NA,NA,NA,NA,NA,NA,NA,NA,NA,NA,NA,0.6522284150123596,0.7857451571867988,0.752365971643189,0.25,-0.1335167421744392,FALSE,0.7857451571867988,FALSE,0,0,NA,NA,NA,NA,NA,NA,NA,NA,NA,0,0,0,1,0.7857451571867988
2026-09-15 19:31:50 -0400,1,00-0040488,Carter Runyon,TE,LV,MIA,0.763973253851943,0,3.2034371185238135,Medium,2.8419404727693593,NA,NA,NA,NA,NA,NA,NA,NA,NA,NA,NA,NA,NA,NA,NA,NA,NA,2.5,NA,NA,NA,NA,NA,NA,NA,NA,NA,NA,NA,0.6611700057983398,0.763973253851943,0.7382724418385422,0.25,-0.10280324805360319,FALSE,0.763973253851943,FALSE,0,0,NA,NA,NA,NA,NA,NA,NA,NA,NA,0,0,0,1,0.763973253851943
2026-09-15 19:31:50 -0400,1,00-0040853,Carson Towt,TE,IND,BAL,0.7612572890889029,0,2.9937856068820006,Medium,2.8419404727693593,NA,NA,NA,NA,NA,NA,NA,NA,NA,NA,NA,NA,NA,NA,NA,NA,NA,2.5,NA,NA,NA,NA,NA,NA,NA,NA,NA,NA,NA,0.6801649332046509,0.7612572890889029,0.7409842001178399,0.25,-0.08109235588425201,FALSE,0.7612572890889029,FALSE,0,0,NA,NA,NA,NA,NA,NA,NA,NA,NA,0,0,0,1,0.7612572890889029
2026-09-15 19:31:50 -0400,1,00-0041133,Dallen Bentley,TE,DEN,KC,0.7577816304003246,0,2.7080783971036197,High,1.9902699491608615,NA,NA,NA,NA,NA,NA,NA,NA,NA,NA,NA,NA,NA,NA,NA,NA,NA,2.5,NA,NA,NA,NA,NA,NA,NA,NA,NA,NA,NA,0.7192245721817017,0.7577816304003246,0.748142365845669,0.25,-0.038557058218622986,FALSE,0.7577816304003246,FALSE,0,0,NA,NA,NA,NA,NA,NA,NA,NA,NA,0,0,0,1,0.7577816304003246
2026-09-15 19:31:50 -0400,1,00-0038809,Ben Sims,TE,MIA,LV,0.7454947738671607,0,3.197128026651463,Medium,2.8419404727693593,NA,NA,NA,NA,NA,NA,NA,NA,NA,NA,NA,NA,NA,NA,NA,NA,NA,2.5,NA,NA,NA,NA,NA,NA,NA,NA,NA,NA,NA,0.8242431879043579,0.7454947738671607,0.76518187737646,0.25,0.07874841403719723,FALSE,0.7454947738671607,FALSE,0,0,NA,NA,NA,NA,NA,NA,NA,NA,NA,0,0,0,1,0.7454947738671607
2026-09-15 19:31:50 -0400,1,00-0041180,Quentin Moore,TE,WAS,PHI,0.7189866521447573,0,3.280264798041296,Medium,2.8419404727693593,NA,NA,NA,NA,NA,NA,NA,NA,NA,NA,NA,NA,NA,NA,NA,NA,NA,2.5,NA,NA,NA,NA,NA,NA,NA,NA,NA,NA,NA,0.4874435365200043,0.7189866521447573,0.661100873238569,0.25,-0.23154311562475305,FALSE,0.7189866521447573,FALSE,0,0,NA,NA,NA,NA,NA,NA,NA,NA,NA,0,0,0,1,0.7189866521447573
2026-09-15 19:31:50 -0400,1,00-0038498,E.J. Jenkins,TE,PHI,WAS,0.7033346194445887,0,3.0615014422373164,Medium,2.8419404727693593,NA,NA,NA,NA,NA,NA,NA,NA,NA,NA,NA,NA,NA,NA,NA,NA,NA,2.5,NA,NA,NA,NA,NA,NA,NA,NA,NA,NA,NA,1.0475362539291382,0.7033346194445887,0.7893850280657261,0.25,0.34420163448454943,FALSE,0.7033346194445887,FALSE,0,0,NA,NA,NA,NA,NA,NA,NA,NA,NA,0,0,0,1,0.7033346194445887
2026-09-15 19:31:50 -0400,1,00-0038145,Thomas Odukoya,TE,KC,DEN,0.675267412087768,0,3.360005926446476,Medium,2.8419404727693593,NA,NA,NA,NA,NA,NA,NA,NA,NA,NA,NA,NA,NA,NA,NA,NA,NA,2.5,NA,NA,NA,NA,NA,NA,NA,NA,NA,NA,NA,0.5668692588806152,0.675267412087768,0.6481678737859797,0.25,-0.10839815320715274,FALSE,0.675267412087768,FALSE,0,0,NA,NA,NA,NA,NA,NA,NA,NA,NA,0,0,0,1,0.675267412087768
2026-09-15 19:31:50 -0400,1,00-0040390,Jackson Meeks,TE,DET,NO,0.6750373233077434,0,3.221771474996055,Medium,2.8419404727693593,NA,NA,NA,NA,NA,NA,NA,NA,NA,NA,NA,NA,NA,NA,NA,NA,NA,2.5,NA,NA,NA,NA,NA,NA,NA,NA,NA,NA,NA,0.5915630459785461,0.6750373233077434,0.654168753975444,0.25,-0.08347427732919721,FALSE,0.6750373233077434,FALSE,0,0,NA,NA,NA,NA,NA,NA,NA,NA,NA,0,0,0,1,0.6750373233077434
2026-09-15 19:31:50 -0400,1,00-0038735,Princeton Fant,TE,DAL,NYG,0.6599672320696658,0,2.7078518724498597,Medium,2.8419404727693593,NA,NA,NA,NA,NA,NA,NA,NA,NA,NA,NA,NA,NA,NA,NA,NA,NA,2.5,NA,NA,NA,NA,NA,NA,NA,NA,NA,NA,NA,0.7163562178611755,0.6599672320696658,0.6740644785175433,0.25,0.05638898579150975,FALSE,0.6599672320696658,FALSE,0,0,NA,NA,NA,NA,NA,NA,NA,NA,NA,0,0,0,1,0.6599672320696658
2026-09-15 19:31:50 -0400,1,00-0036429,Charlie Woerner,TE,ATL,PIT,0.639036165993134,0,3.20020555579369,High,1.9902699491608615,NA,NA,NA,NA,NA,NA,NA,NA,NA,NA,NA,NA,NA,NA,NA,NA,NA,2.5,NA,NA,NA,NA,NA,NA,NA,NA,NA,NA,NA,0.7217456102371216,0.639036165993134,0.6597135270541309,0.25,0.08270944424398763,FALSE,0.639036165993134,FALSE,0,0,NA,NA,NA,NA,NA,NA,NA,NA,NA,0,0,0,1,0.639036165993134
2026-09-15 19:31:50 -0400,1,00-0040240,Caleb Lohner,TE,DEN,KC,0.622658036347356,0,2.908725368155844,High,1.9902699491608615,NA,NA,NA,NA,NA,NA,NA,NA,NA,NA,NA,NA,NA,NA,NA,NA,NA,2.5,NA,NA,NA,NA,NA,NA,NA,NA,NA,NA,NA,0.7192245721817017,0.622658036347356,0.6467996703059424,0.25,0.09656653583434571,FALSE,0.622658036347356,FALSE,0,0,NA,NA,NA,NA,NA,NA,NA,NA,NA,0,0,0,1,0.622658036347356
2026-09-15 19:31:50 -0400,1,00-0037078,Cole Turner,TE,MIA,LV,0.6091076964130007,0,2.9618897867139706,High,1.9902699491608615,NA,NA,NA,NA,NA,NA,NA,NA,NA,NA,NA,NA,NA,NA,NA,NA,NA,2.5,NA,NA,NA,NA,NA,NA,NA,NA,NA,NA,NA,0.6493014693260193,0.6091076964130007,0.6191561396412553,0.25,0.04019377291301862,FALSE,0.6091076964130007,FALSE,0,0,NA,NA,NA,NA,NA,NA,NA,NA,NA,0,0,0,1,0.6091076964130007
2026-09-15 19:31:50 -0400,1,00-0039050,Payne Durham,TE,TB,CIN,0.5564351782301908,0,2.682831490615486,High,1.9902699491608615,NA,NA,NA,NA,NA,NA,NA,NA,NA,NA,NA,NA,NA,NA,NA,NA,NA,2.5,NA,NA,NA,NA,NA,NA,NA,NA,NA,NA,NA,0.7168828248977661,0.5564351782301908,0.5965470898970846,0.25,0.16044764666757527,FALSE,0.5564351782301908,FALSE,0,0,NA,NA,NA,NA,NA,NA,NA,NA,NA,0,0,0,1,0.5564351782301908
2026-09-15 19:31:50 -0400,1,00-0038589,Josh Whyle,TE,GB,MIN,0.49377956930911526,0,2.7858412611910097,Medium,2.8419404727693593,NA,NA,NA,NA,NA,NA,NA,NA,NA,NA,NA,NA,NA,NA,NA,NA,NA,2.5,NA,NA,NA,NA,NA,NA,NA,NA,NA,NA,NA,0.6482411026954651,0.49377956930911526,0.5323949526557027,0.25,0.15446153338634983,FALSE,0.49377956930911526,FALSE,0,0,NA,NA,NA,NA,NA,NA,NA,NA,NA,0,0,0,1,0.49377956930911526
2026-09-15 19:31:50 -0400,1,00-0037311,Ko Kieft,TE,TB,CIN,0.43486113504132184,0,2.443054227309602,High,1.9902699491608615,NA,NA,NA,NA,NA,NA,NA,NA,NA,NA,NA,NA,NA,NA,NA,NA,NA,2.5,NA,NA,NA,NA,NA,NA,NA,NA,NA,NA,NA,0.7309169173240662,0.43486113504132184,0.5088750806120079,0.25,0.2960557822827443,FALSE,0.43486113504132184,FALSE,0,0,NA,NA,NA,NA,NA,NA,NA,NA,NA,0,0,0,1,0.43486113504132184
2026-09-15 19:31:50 -0400,1,00-0039648,David Martin-Robinson,TE,TEN,NYJ,0.4188389211945582,0,3.1155247547272205,Low,4.217192999645614,NA,NA,NA,NA,NA,NA,NA,NA,NA,NA,NA,NA,NA,NA,NA,NA,NA,2.5,NA,NA,NA,NA,NA,NA,NA,NA,NA,NA,NA,0.6641809940338135,0.4188389211945582,0.480174439404372,0.25,0.2453420728392553,FALSE,0.4188389211945582,FALSE,0,0,NA,NA,NA,NA,NA,NA,NA,NA,NA,0,0,0,1,0.4188389211945582
2026-09-15 19:31:50 -0400,1,00-0040598,Mark Redman,TE,GB,MIN,0.3718501391509397,0,2.719285576267435,Medium,2.8419404727693593,NA,NA,NA,NA,NA,NA,NA,NA,NA,NA,NA,NA,NA,NA,NA,NA,NA,2.5,NA,NA,NA,NA,NA,NA,NA,NA,NA,NA,NA,0.5105708837509155,0.3718501391509397,0.40653032530093364,0.25,0.13872074459997585,FALSE,0.3718501391509397,FALSE,0,0,NA,NA,NA,NA,NA,NA,NA,NA,NA,0,0,0,1,0.3718501391509397
2026-09-15 19:31:50 -0400,1,00-0039263,McCallan Castles,TE,GB,MIN,0.3656648464155081,0,2.8038977584140623,Medium,2.8419404727693593,NA,NA,NA,NA,NA,NA,NA,NA,NA,NA,NA,NA,NA,NA,NA,NA,NA,2.5,NA,NA,NA,NA,NA,NA,NA,NA,NA,NA,NA,0.5105708837509155,0.3656648464155081,0.40189135574935997,0.25,0.1449060373354074,FALSE,0.3656648464155081,FALSE,0,0,NA,NA,NA,NA,NA,NA,NA,NA,NA,0,0,0,1,0.3656648464155081
2026-09-15 19:31:50 -0400,1,00-0039936,Thomas Yassmin,TE,GB,MIN,0.3656648464155081,0,2.9333656386634814,Medium,2.8419404727693593,NA,NA,NA,NA,NA,NA,NA,NA,NA,NA,NA,NA,NA,NA,NA,NA,NA,2.5,NA,NA,NA,NA,NA,NA,NA,NA,NA,NA,NA,0.5105708837509155,0.3656648464155081,0.40189135574935997,0.25,0.1449060373354074,FALSE,0.3656648464155081,FALSE,0,0,NA,NA,NA,NA,NA,NA,NA,NA,NA,0,0,0,1,0.3656648464155081
2026-09-15 19:31:50 -0400,1,00-0036842,Kene Nwangwu,RB,NYJ,TEN,0.33114156118794547,0,4.518515101497413,High,3.0109528980360203,NA,NA,NA,NA,NA,NA,NA,NA,NA,NA,NA,NA,NA,NA,NA,NA,NA,2.5,NA,NA,NA,NA,NA,NA,NA,NA,NA,NA,NA,0.7750117182731628,1.5600896132426185,1.3245662447517819,0.3,-0.7850778949694557,TRUE,0.33114156118794547,FALSE,0,0,NA,NA,NA,NA,NA,NA,NA,NA,NA,0,0,0,1,0.33114156118794547
2026-09-15 19:31:50 -0400,1,00-0036212,Tua Tagovailoa,QB,ATL,PIT,0,0,0,Medium,6.02852928967903,NA,NA,NA,NA,NA,NA,NA,NA,NA,NA,NA,NA,NA,NA,NA,NA,NA,2.5,NA,NA,NA,NA,NA,NA,NA,NA,NA,NA,NA,12.159192085266113,11.938551546367908,11.971647627202639,0.15,0.22064053889820556,TRUE,0,FALSE,0,0,NA,NA,NA,NA,NA,NA,NA,NA,NA,0,0,0,1,0
2026-09-15 19:31:50 -0400,1,00-0039917,Michael Penix Jr.,QB,ATL,PIT,0,0,0,Medium,6.02852928967903,NA,NA,NA,NA,NA,NA,NA,NA,NA,NA,NA,NA,NA,NA,NA,NA,NA,2.5,NA,NA,NA,NA,NA,NA,NA,NA,NA,NA,NA,11.580574035644531,10.743690311162197,10.869222869834548,0.15,0.836883724482334,TRUE,0,FALSE,0,0,NA,NA,NA,NA,NA,NA,NA,NA,NA,0,0,0,1,0
2026-09-15 19:31:50 -0400,1,00-0037563,Malik Davis,RB,DAL,NYG,0,0,0,Medium,4.1906550461485725,NA,NA,NA,NA,NA,NA,NA,NA,NA,NA,NA,NA,NA,NA,NA,NA,NA,2.5,NA,NA,NA,NA,NA,NA,NA,NA,NA,NA,NA,2.4207961559295654,3.221399193342177,2.9812182821183932,0.3,-0.8006030374126114,TRUE,0,FALSE,0,0,NA,NA,NA,NA,NA,NA,NA,NA,NA,0,0,0,1,0
2026-09-15 19:31:50 -0400,1,00-0039373,Audric Estimé,RB,NO,DET,0,0,0,Medium,4.1906550461485725,NA,NA,NA,NA,NA,NA,NA,NA,NA,NA,NA,NA,NA,NA,NA,NA,NA,2.5,NA,NA,NA,NA,NA,NA,NA,NA,NA,NA,NA,3.022447109222412,4.645276764564522,4.158427867961889,0.3,-1.6228296553421098,TRUE,0,FALSE,0,0,NA,NA,NA,NA,NA,NA,NA,NA,NA,0,0,0,1,0
2026-09-15 19:31:50 -0400,1,00-0040734,TreVeyon Henderson,RB,NE,SEA,0,0,0,High,3.0109528980360203,NA,NA,NA,NA,NA,NA,NA,NA,NA,NA,NA,NA,NA,NA,NA,NA,NA,2.5,NA,NA,NA,NA,NA,NA,NA,NA,NA,NA,NA,8.908963203430176,11.725549450460782,10.880573576351601,0.3,-2.8165862470306067,TRUE,0,FALSE,0,0,NA,NA,NA,NA,NA,NA,NA,NA,NA,0,0,0,1,0
2026-09-15 19:31:50 -0400,1,00-0039338,Brock Bowers,TE,LV,MIA,0,0,0,Low,4.217192999645614,NA,NA,NA,NA,NA,NA,NA,NA,NA,NA,NA,NA,NA,NA,NA,NA,NA,2.5,NA,NA,NA,NA,NA,NA,NA,NA,NA,NA,NA,6.80449104309082,4.471954309435006,5.0550884928489594,0.25,2.3325367336558145,FALSE,0,FALSE,0,0,NA,NA,NA,NA,NA,NA,NA,NA,NA,0,0,0,1,0
2026-09-15 19:31:50 -0400,1,00-0041041,Oscar Delp,TE,NO,DET,0,0,0,Medium,2.8419404727693593,NA,NA,NA,NA,NA,NA,NA,NA,NA,NA,NA,NA,NA,NA,NA,NA,NA,2.5,NA,NA,NA,NA,NA,NA,NA,NA,NA,NA,NA,2.0244855880737305,0,0.5061213970184326,0.25,2.0244855880737305,FALSE,0,FALSE,0,0,NA,NA,NA,NA,NA,NA,NA,NA,NA,0,0,0,1,0
2026-09-15 19:31:50 -0400,1,00-0041483,Eli Stowers,TE,PHI,WAS,0,0,0,Medium,2.8419404727693593,NA,NA,NA,NA,NA,NA,NA,NA,NA,NA,NA,NA,NA,NA,NA,NA,NA,2.5,NA,NA,NA,NA,NA,NA,NA,NA,NA,NA,NA,2.270986318588257,0,0.5677465796470642,0.25,2.270986318588257,FALSE,0,FALSE,0,0,NA,NA,NA,NA,NA,NA,NA,NA,NA,0,0,0,1,0
2026-09-15 19:31:50 -0400,1,00-0033375,Tim Patrick,WR,NYJ,TEN,0,0,0,High,2.953609688195244,NA,NA,NA,NA,NA,NA,NA,NA,NA,NA,NA,NA,NA,NA,NA,NA,NA,2.5,NA,NA,NA,NA,NA,NA,NA,NA,NA,NA,NA,1.2732667922973633,3.052776162696742,2.3409724145369903,0.4,-1.7795093703993787,TRUE,0,FALSE,0,0,NA,NA,NA,NA,NA,NA,NA,NA,NA,0,0,0,1,0
