position,feature,n,coverage,outcome_pearson,outcome_spearman,partial_correlation_after_base,residual_correlation,year_sign_stability,median_year_abs_residual_cor,signal_score,target_year
QB,projected_opportunities_232,1296,1,0.5226268007272084,0.4910828924442062,0.19179416062208365,0.09639983973817842,1,0.0968607345269879,0.3033696452209929,2024
QB,roll3_pass_attempt_share,1296,1,0.42032398816464933,0.3671115891366503,0.1665591135934221,0.1188377799425502,1,0.11663498085250246,0.29812227350701914,2024
QB,roll3_offense_pct,1296,1,0.41324625114571834,0.3589768716441384,0.16138441470104486,0.11561577091572472,1,0.11355828143494488,0.2945728730968374,2024
QB,roll5_offense_pct,1296,1,0.4122424600669264,0.3629348499771381,0.1605941011707795,0.11509269313505321,1,0.11314917656902426,0.29423649263429735,2024
QB,roll3_ngs_time_to_throw,1296,1,0.37963734950139155,0.2850247727125492,0.15709520758218137,0.12050235535228772,1,0.11797064481825856,0.29114823127645206,2024
QB,roll3_offense_snaps,1296,1,0.4151912215572012,0.37464776921544424,0.15238130072047643,0.10564170297699257,1,0.10378389166216023,0.28816917463710756,2024
QB,roll5_pass_attempts,1296,1,0.4023971086997225,0.3571937310197659,0.1328241683396412,0.0893434480021734,1,0.08790691987669072,0.2739678329460769,2024
QB,direct_gap_vs_base_232,1296,1,-0.061050883749495154,-0.027268423387127802,0.14512938364766742,0.14864287109295518,1,0.14512410090518194,0.27362467031250104,2024
QB,roll3_pass_attempts,1296,1,0.40364964545703547,0.3634179520377807,0.13057842621251764,0.0867493345218472,1,0.08514174028529749,0.27243184510339286,2024
QB,roll3_ngs_air_yards,1296,1,0.34627537119966956,0.26831470642307165,0.12342123441187,0.09282739042958353,1,0.09009700328577264,0.26665898640851676,2024
QB,xfp_gap_vs_base_232,1296,1,-0.04066401851331395,-0.03160077734972152,0.13650187548316228,0.14082553388883284,1,0.11537284532192137,0.26441829357658536,2024
QB,expected_fppg_232,1296,1,0.5326090148343827,0.5150768770898883,0.13650187548316228,0.03691467838607184,1,0.037218073143586695,0.26181600081646306,2024
QB,season_to_date_fppg,1296,1,0.5238356652417187,0.5099123257164694,0.12951036671806834,0.03756700759960028,1,0.0370681488540121,0.2598038716983702,2024
QB,roll5_carries,1296,1,0.33220552937311765,0.3243456527728433,0.1090294493284349,0.0807227351885404,1,0.0809311947150344,0.2588893049762469,2024
QB,roll3_ngs_aggressiveness,1296,1,0.2674110171675446,0.23424577963555912,0.11107906620294568,0.09334824592870954,1,0.09299889650430176,0.2583580397206113,2024
QB,opp_pos_residual_roll8,1296,1,0.10909961610982045,0.11262384267467775,0.1073427960999318,0.10596772505204247,1,0.10618486244645058,0.24979127658206426,2024
QB,roll3_carry_share,1296,1,0.34393942430336266,0.3287878054799211,0.09583653814411021,0.0652625516697864,1,0.06520789449341016,0.2488029772197541,2024
QB,roll3_carries,1296,1,0.3210261666491354,0.31120211655611774,0.09241279760428847,0.06577227764471785,1,0.0655854203665371,0.2462233687815715,2024
QB,season_to_date_rush_ypc,1296,1,0.2771346435757139,0.2913702576797796,0.09134947798393228,0.07132959362470773,1,0.06949614222274707,0.24528781762285107,2024
QB,tw_draft_capital_log_24,1296,1,0.3393027819410933,0.31776018293600716,0.09128554473691103,0.0615607495535712,1,0.06118609201425013,0.24512551808995123,2024
QB,is_home,1296,1,0.08024957922850516,0.08159446587986098,0.10283552241273583,0.10313698633266778,1,0.10239207516355643,0.24425931009578275,2024
QB,tw_combine_athleticism_z_24,1296,1,0.19890349748853547,0.19058155415575784,0.09226917740267074,0.08189278061163155,1,0.08089480903381836,0.2423411398043971,2024
QB,season_to_date_pass_ypa,1296,1,0.27200680922870224,0.3305291674508014,0.08408306229565819,0.06453521811379029,1,0.0642256762754167,0.2415672081921326,2024
QB,matchup_role_interaction,1296,1,0.11417114945442668,0.11280149403631351,0.09341562887461322,0.0908317896500256,1,0.09117674411698135,0.23918079314584195,2024
QB,opp_pos_residual_roll4,1296,1,0.09211889078338356,0.09719207626045441,0.09473522377977613,0.09382369153906445,1,0.09410198191476721,0.23907271436685573,2024
QB,roll3_pass_ypa,1296,1,0.2773108652481847,0.30017598096891784,0.07786029039907985,0.05745690614691226,1,0.05634746333140199,0.2355416019562887,2024
QB,prior_game_fppg,1296,1,0.4444847441819926,0.43596023375405785,0.07726033726258755,0.02701134656539122,1,0.02624577855504094,0.23507411161181951,2024
QB,opportunity_per_snap,1296,1,0.20916398266801114,0.19111704968776136,0.08039360410925125,0.06824940705339656,1,0.06803845896800116,0.23334971071085306,2024
QB,projected_touch_opportunities_232,1296,1,0.3015561004142005,0.29522576518926796,0.07264606568459521,0.048910928348984445,1,0.048330319572916954,0.2312601529468989,2024
QB,opp_pos_fppg_allowed_roll4,1296,1,0.08262155356215099,0.08062870874692717,0.08447318636514088,0.08363289165045494,1,0.08430321815377685,0.2303226788725059,2024
QB,rb_rush_matchup,1132,0.8734567901234568,-0.14657028537207306,-0.14748069587893914,-0.08123905026170726,-0.07178464974348348,1,0.07096709035220185,0.2298122979425408,2024
QB,tw_draft_overall_24,1296,1,-0.19249660286832906,-0.0520553518817711,-0.0806963733603507,-0.0703182828759991,1,0.0703746687388477,0.22795635806845213,2024
QB,tw_draft_round_24,1296,1,-0.1776204765834437,-0.08211188334227473,-0.07746479121161555,-0.06838479921049065,1,0.06840038294893785,0.2265456119585529,2024
QB,def_rush_epa_allowed_roll4,1296,1,-0.06409403104806237,-0.0547440493944082,-0.0784527769885074,-0.07850275092014859,1,0.07953144583693361,0.22421931474628748,2024
QB,roll3_rush_ypc,1296,1,0.23846187859029191,0.2557672568274637,0.062197364700400895,0.04614682482757219,1,0.04568032708929,0.22217152235911358,2024
QB,favorite_rush_interaction,1296,1,0.2675265904103812,0.2564941583629224,0.06121532502845172,0.04183727126708455,1,0.0445193899990652,0.22180232619748116,2024
QB,role_5_vs_prior_232,1296,1,0.2752745169615914,0.2722839380364423,0.058763435068850935,0.03846447584970286,1,0.038727157053721845,0.22036357981654778,2024
QB,projected_td_points_232,1296,1,0.4648901594256522,0.47511578189111786,0.031997457964197236,-0.010577910402793109,1,0.010623721145052983,0.21944257607698564,2024
QB,talent_prior_fppg_24,1296,1,0.23422976830893324,0.21555983295579786,0.05684412607272181,0.041130928159490356,1,0.04135485995549058,0.2165923629753017,2024
QB,def_pass_epa_allowed_roll4,1296,1,0.06900588707820066,0.0677982657915496,0.06506256055689218,0.06406285500659974,1,0.06586537621467371,0.21465898390310956,2024
QB,prior_pass_td_rate,1296,1,0.2200553156318093,0.24760558981110053,-0.033941243285865015,-0.04607400890675694,1,0.0466245211183097,0.21458815190591177,2024
QB,season_carries_prior,1296,1,0.3224962606026346,0.3604762483704061,0.04526008083988192,0.01972142908590181,1,0.01968680375190184,0.2139777239470173,2024
QB,talent_gap_weighted_24,1296,1,-0.04555497561934072,-0.04285376868132226,0.06253771696147556,0.06773755801586205,1,0.06632488545404533,0.2132880099280046,2024
QB,opp_blitz_rate_roll4_24,1296,1,0.06268793443756225,0.07453501273907623,0.06330145491714198,0.0626274763132855,1,0.05759879510751754,0.21273241621991967,2024
QB,role_fppg_trend,1296,1,0.04127725274988331,0.03417031338428857,-0.060060161178816206,-0.06502028297782327,1,0.06564457378767774,0.21092965938915764,2024
QB,def_rush_epa_allowed_roll8,1296,1,-0.04128401645643521,-0.02670075646501578,-0.06214808362215026,-0.06278434028082014,1,0.06397889494841011,0.2099849620556453,2024
QB,def_pass_epa_allowed_roll8,1296,1,0.06539973605333024,0.057289026959718485,0.05906525983940222,0.05797647049092422,1,0.060476788523535774,0.20960769886479877,2024
QB,carry_trend,1296,1,-0.012784732136253443,-0.04487836158457238,-0.05728993066785525,-0.05938596445401871,1,0.059527646449755396,0.20606087285414965,2024
QB,def_pass_success_allowed_roll4,1296,1,0.05925490008630364,0.060768811018452135,0.05280753618528985,0.05178642875773413,1,0.05544232864326022,0.20489823734925441,2024
QB,target_trend,1296,1,-0.042259064972714755,-0.04161569742668195,-0.05346501918154324,-0.05358987738528227,1,0.05425657947867177,0.2038958824650554,2024
QB,rest_days,1296,1,-0.0351911039629941,-0.050906969134525255,-0.05291112365271903,-0.053453045018085725,1,0.05330058768886263,0.2035685298832411,2024
QB,role_vs_prior_232,1296,1,0.2724190560121046,0.2688184350818252,0.03498740297789749,0.015431125432463966,1,0.015489865259613388,0.20282516862673292,2024
QB,prior_yards_per_attempt,1296,1,0.1734307584852007,0.20072978593523064,-0.02478947661034608,-0.035562168280571835,1,0.0355449677361414,0.20237932925225172,2024
QB,def_qb_hit_rate_roll4,1296,1,-0.06046202137550008,-0.05942284860341691,-0.04779115927352417,-0.04641224687897209,1,0.04688435028252054,0.20070026898426233,2024
QB,model_disagreement_23,1296,1,-0.05800722373353148,-0.07214913942893587,-0.04444537820595692,-0.043047804728435154,1,0.047233178807924193,0.198947778073215,2024
QB,season_to_date_pass_td_rate,1296,1,0.22202119127922149,0.3694051693796272,0.024801032020439748,0.010016505450445837,1,0.010011734003754724,0.19876181098599788,2024
QB,qb_pass_matchup,1132,0.8734567901234568,0.05831373222896819,0.05701054131956886,0.044994453623661446,0.042720067547488756,1,0.045767974370035935,0.19819725119067524,2024
QB,roll3_team_carries,1296,1,0.028856707205767284,0.02141032515932142,0.043387476714514164,0.043833919701444776,1,0.043423671277805824,0.1948856737182994,2024
QB,prior_catch_rate,1296,1,-0.05957658540565865,-0.08357597694815652,-0.03816298122212504,-0.03631389287833089,1,0.03520131636867838,0.1940854567169001,2024
QB,expected_team_pass_rate,1296,1,-6.914689789218237e-4,0.008917821188845898,-0.03959321182711176,-0.0415768883672126,1,0.03998200547064659,0.19056920124954768,2024
QB,roll3_interception_rate,1296,1,-0.00743608722035231,0.14856502758376003,0.02894592916304063,0.030908217843575062,1,0.030918512579257762,0.18883017350466777,2024
QB,def_rush_success_allowed_roll4,1296,1,-0.03129673613541616,-0.026039147866398306,-0.03424011517868391,-0.034048400253830956,1,0.03433987754256911,0.18818651128295727,2024
QB,season_to_date_ypt,1296,1,-0.007179128699242913,-0.019792801506458655,-0.03609078659540081,-0.03751172889187418,1,0.03217611022251043,0.1881349699900393,2024
QB,weekly_is_rookie,1212,0.9351851851851852,-0.14704823405692424,-0.1543389356676949,-0.027928596446601686,-0.012451859897213978,1,0.012663800341545215,0.18763690387936002,2024
QB,prior_rec_td_rate,1296,1,-0.05742453596515581,-0.24436835394352063,-0.017441370551662214,-0.01462585333338951,1,0.03570484549624746,0.18677065078666422,2024
QB,opp_man_rate_roll4_24,1296,1,0.023595185166336203,0.02423973859225012,0.030017186059073206,0.030095864212943007,1,0.037806525106039046,0.18540999706670627,2024
QB,opp_zone_rate_roll4_24,1296,1,-0.023595185166336193,-0.02423973859225012,-0.030017186059073143,-0.030095864212943,1,0.03780652510603904,0.18540999706670624,2024
QB,tw_combine_cone_24,1296,1,-0.10334090824133092,-0.1206120406419387,-0.023247482341014897,-0.0175598049379996,1,0.018546210208268687,0.1853691213299674,2024
QB,injury_risk,1296,1,0.010321021886725904,0.014181282420583962,-0.030656666741943357,-0.03287618956125324,1,0.03293955594338702,0.18503293450331953,2024
QB,team_spread_line,1296,1,0.15432608243777077,0.15387298550227801,-0.0025864260968507225,-0.012512663572532062,1,0.012398711179787926,0.1824786879261068,2024
QB,tw_early_declare_heuristic_24,1296,1,0.0036683961933206776,0.006596409678909224,-0.02551245317094111,-0.027073623637450778,1,0.027116846819543173,0.1801793064660463,2024
QB,tw_combine_shuttle_24,1296,1,-0.11064629992205173,-0.12915496832757184,-0.014337652111057789,-0.007750979887952579,1,0.008223164538756662,0.17903698819967445,2024
QB,tw_combine_speed_score_24,1296,1,-0.02212142849681906,-0.04614737018316025,0.018714843905500527,0.021080499682991527,1,0.021629945552622674,0.17830725059846436,2024
QB,opp_pressure_rate_roll4_24,1296,1,0.009182215387559515,0.0072358473605335875,-0.020062350956855903,-0.021692375994879602,1,0.037196997720903555,0.178084581718123,2024
QB,season_to_date_interception_rate,1296,1,-0.010795641660175442,0.1293494856979437,0.014892229718839434,0.016361030761268592,1,0.0192811926160622,0.177897760647012,2024
QB,opp_avg_pass_rushers_roll4_24,1296,1,0.019499012796789457,0.017404650773079716,-0.015572736033186232,-0.017621329511441394,1,0.03925529936448211,0.17661861705728513,2024
QB,def_deep_epa_allowed_roll4,1296,1,0.008344302038382791,0.011921026386420284,0.02053842805098793,0.021090022129837765,1,0.02106329854498524,0.1764600924980075,2024
QB,rb_receiving_matchup,1132,0.8734567901234568,0.016029613279385877,0.032564109016448274,0.01688581692007769,0.01667476338008706,1,0.019015835669796227,0.17488420506645436,2024
QB,tw_combine_broad_24,1296,1,-0.08258315195413544,-0.10772559536436772,-4.888789622724709e-4,0.00478996543317625,1,0.004658103968616659,0.17184916218231847,2024
QB,tw_combine_weight_24,1296,1,-0.017077377874608096,-0.12390011626369754,0.004416860325134853,0.005743658343116351,1,0.005541681241650586,0.16991886122282798,2024
QB,tw_combine_height_in_24,1296,1,-0.021855275709134456,-0.13184500758534332,0.0030565470615314906,0.004617885204101031,1,0.004464908503036605,0.16964355983552482,2024
QB,roll5_fppg,1296,1,0.514944370969712,0.5006657512723083,0.0939964976896869,0.015944755871112812,0.5,0.024979485744775966,0.16079726784115114,2024
QB,roll3_fppg,1296,1,0.5077053565019375,0.4941706030199487,0.06165687807036606,-0.0020398674016226573,0.5,0.028894289548662563,0.1475398319499425,2024
QB,model22_gap_vs_base_232,1296,1,0.06905853252361345,0.06552096849389188,0.07217765684573994,0.07156688833106434,0.5,0.09937034178173175,0.14263856247445547,2024
QB,preseason_prior_fppg,1296,1,0.42633995058256496,0.4315058767117696,0.0067517469734515775,-0.02283426514260204,0.5,0.04251568895216515,0.13816797669269337,2024
QB,qb_pressure_matchup,1132,0.8734567901234568,0.26293654617243073,0.25898674374888125,0.056077282577743214,0.02733959196536459,0.5,0.06715418287471597,0.13667071160032931,2024
QB,roll3_fppg_sd,1296,1,0.2400973599229277,0.2603465079842383,0.04208864529922394,0.0256132405258902,0.5,0.039358685251581156,0.12877263342660647,2024
QB,tw_college_missing_24,1296,1,-0.27616552894413193,-0.28209691535677817,-0.0383301287233441,-0.0182872077533538,0.5,0.028709022554645892,0.12683796618192794,2024
QB,talent_weight_24,1296,1,-0.27616552894413193,-0.28209691535677817,-0.0383301287233441,-0.0182872077533538,0.5,0.028709022554645892,0.12683796618192794,2024
QB,calibrated_matchup_delta_23,1296,1,0.10213481067590863,0.09081440316065391,0.04954054267750726,0.04529192904160184,0.5,0.06369076108605284,0.12605127046211032,2024
QB,season_pass_attempts_prior,1296,1,0.3098861632975586,0.3576348168566127,0.026970166935384777,0.004186658405616465,0.5,0.03634148114955452,0.12422454384321703,2024
QB,response_rushers5_rate_24,663,0.5115740740740741,0.1349984736864571,0.1408970552054091,0.03491085348412346,0.03925809258851803,0.5,0.03925809258851803,0.12183038654194032,2024
QB,def_deep_pass_rate_roll4,1296,1,0.04176041841890082,0.04175994890381847,0.04468786757338033,0.04437805430557854,0.5,0.0691466485294425,0.11956080158871771,2024
QB,games_played_prior,1296,1,0.2662000028242969,0.28209691535677817,0.02718579765590034,0.00850202188073924,0.5,0.02693113039982139,0.11950071449791963,2024
QB,roll3_pass_td_rate,1296,1,0.24610309504738004,0.3647723656105773,0.021845392424839728,0.005097094950409949,0.5,0.025659973229869314,0.11886984386288973,2024
QB,prior_yards_per_carry,1296,1,0.22019962562651468,0.25335162623954166,0.017996704083358427,0.0034280022286722563,0.5,0.07073113230438573,0.11581819165199234,2024
QB,def_explosive_pass_rate_roll4,1296,1,0.05308123690835586,0.04806276984828337,0.039704043139550504,0.038377315977870946,0.5,0.040295210240897515,0.11399026823392935,2024
QB,implied_team_total,1296,1,0.25800290385715996,0.2630326875018065,0.022802478592401497,0.005011959045378035,0.5,0.008596258057476455,0.11398267562663661,2024
QB,wr_redzone_matchup,1296,1,0.13028749206550605,0.13260117817179112,0.03262466495574218,0.02537733202470521,0.5,0.02659318315688633,0.11361652070713012,2024
QB,te_redzone_matchup,1296,1,0.13028749206550605,0.13260117817179112,0.03262466495574218,0.02537733202470521,0.5,0.02659318315688633,0.11361652070713012,2024
QB,season_to_date_rush_td_rate,1296,1,0.15547524255360726,0.248779387971122,0.023410232253571885,0.013898700505451831,0.5,0.020400890815724045,0.11230748446170931,2024
QB,wr_volume_matchup,1132,0.8734567901234568,-0.026228796410745273,-0.030606631280138054,-0.03898263464025721,-0.03965036044700912,0.5,0.03606943364157106,0.11163426740860775,2024
QB,response_avg_pass_rushers_24,663,0.5115740740740741,-0.04350842341642337,-0.06711661517488833,0.034292474461573755,0.03060725359257574,0.5,0.03060725359257574,0.10875528626166654,2024
QB,roll5_targets,1296,1,0.03557815944266022,0.03374298854934378,0.026772758126369287,0.025902341512785313,0.5,0.0769087245508387,0.10794427178678832,2024
QB,season_to_date_rec_td_rate,1296,1,-0.03160620532838152,-0.031374590874914954,-0.031414208297085314,-0.03105154523158093,0.5,0.04529772628616127,0.1076339034059384,2024
QB,legacy_gap_vs_base_232,1296,1,-0.03586323342561533,-0.03678155953525844,0.02693299035602937,0.03050240337729014,0.5,0.0421388687621748,0.10657321055995304,2024
QB,weekly_age,1212,0.9351851851851852,-0.003164649426824042,-0.00969632086620351,-0.028708797503543222,-0.031147413217315064,0.5,0.06361361360665493,0.10633694216297492,2024
QB,prior_rush_td_rate,1296,1,0.1200738300253843,0.17389361948572,-0.006367703767852098,-0.014232499720823962,0.5,0.04445856195561275,0.10598457548818666,2024
QB,expected_team_plays,1296,1,0.03271261423259874,0.05498912449456065,0.022950988174415432,0.02206245688764025,0.5,0.06824725838409908,0.10530249696332855,2024
QB,weekly_experience,1212,0.9351851851851852,0.04011263217115568,0.05933831756250583,-0.017015905765118938,-0.023330249184856204,0.5,0.0625081646156488,0.10457331102030022,2024
QB,def_sack_rate_roll4,1296,1,-0.030490425530256944,-0.03350590034116946,-0.025049323599979866,-0.02441808352965531,0.5,0.052495339810271255,0.10418564180094012,2024
QB,roll3_rush_td_rate,1296,1,0.1432863048203314,0.21021721668708956,0.0052591682275148245,-0.0038370801315446,0.5,0.037864827885804885,0.10356094041058594,2024
QB,favorite_points,1296,1,0.13724612087608387,0.14902210805510452,-0.005436408309423411,-0.01433663198985047,0.5,0.016533489318976465,0.1030663957704772,2024
QB,roll3_ngs_cpoe,1296,1,0.10106652600407104,0.09334192292631803,-0.011448871014336712,-0.018293745344127636,0.5,0.025131213600260233,0.10251291450501068,2024
QB,season_week,1296,1,-0.06622668876897705,-0.06476356495047705,-0.020144022773472835,-0.016876894307930483,0.5,0.04321230920536521,0.10240535546418905,2024
QB,underdog_target_interaction,1296,1,-0.014993235574950244,-0.014620423671019489,-0.025754995170131637,-0.026157637442528178,0.5,0.041627867524216294,0.10229950449705022,2024
QB,def_redzone_rush_td_rate_roll4,1296,1,-0.03360601129540489,-0.023318517703827285,-0.02019566369347425,-0.019101056209250986,0.5,0.054894052989660755,0.10090399630529322,2024
QB,opp_avg_box_roll4_24,1259,0.9714506172839507,0.012505707464777726,0.021159702397890893,-0.01683068917902214,-0.018301821835791272,0.5,0.07335158857444515,0.10032140619166402,2024
QB,projection_spread_232,1296,1,-0.01146466808780303,-0.015787646681645787,-0.022506692384934315,-0.022963181609451922,0.5,0.04127715866552962,0.10004311041974233,2024
QB,team_skill_out_count,1296,1,-0.08867709886202221,-0.09677899996701225,-0.009988086241252993,-0.004714171644979929,0.5,0.06602362048005919,0.09997147904237497,2024
QB,prior_yards_per_target,1296,1,-0.09367342233471321,-0.11299640556486339,-0.012699998296279392,-0.007208286432340763,0.5,0.03656430216752045,0.09961817170619397,2024
QB,response_blitz_rate_24,663,0.5115740740740741,0.03677053181174859,0.03248242191377447,0.020221504857700405,0.021139939756378595,0.5,0.021139939756378595,0.09894702852726685,2024
QB,response_avg_box_24,663,0.5115740740740741,0.10002390501338679,0.09707107948784899,0.008695505168932548,0.012942349570943175,0.5,0.012942349570943175,0.09852731039437276,2024
QB,underdog_points,1296,1,-0.13129857020150806,-0.1361218674062357,-0.0010159242775675554,0.007385746035310617,0.5,0.017797125072113347,0.09842801809144656,2024
QB,response_adjustment_raw_24,1296,1,0.04292768361871488,0.03950030157216036,0.01907159454856716,0.017304727316981898,0.5,0.02418752856553162,0.09803816221037964,2024
QB,season_to_date_catch_rate,1296,1,0.046579461310363196,0.04723405404660391,0.01251301369425984,0.010159512061635532,0.5,0.05287330328940906,0.09699131824805093,2024
QB,response_pressure_rate_24,663,0.5115740740740741,-0.03379291024875899,-0.05768008879095229,-0.014384425374236723,-0.015395537773296254,0.5,0.015395537773296254,0.09550503139100977,2024
QB,season_targets_prior,1296,1,0.0548272991271325,0.05187283488001408,0.009057858486571065,0.005984901559622383,0.5,0.050732567532817394,0.0949441956181973,2024
QB,matchup_abs_232,1296,1,-0.03934107013051752,-0.025929283446821088,-0.015550155606594425,-0.013832011134830107,0.5,0.021185583585196694,0.09474667281430298,2024
QB,tw_combine_vertical_24,1296,1,-0.08498091220602783,-0.11111210240757843,-0.002411667326775496,0.0029424851631673376,0.5,0.00472752562058543,0.09178250197114424,2024
QB,opp_rushers5_rate_roll4_24,1296,1,0.031255759248006054,0.025088705255751256,-0.004116058151200321,-0.006331296529803033,0.5,0.050699562807853996,0.09151352738167716,2024
QB,tw_combine_forty_24,1296,1,-0.06610909986546658,-0.11662806773056172,-0.0013127844644394405,0.0028692273827493507,0.5,0.010046197226453026,0.09113017650672718,2024
QB,roll3_team_pass_attempts,1296,1,0.027511030473177468,0.032985995578865626,1.4811952082531533e-4,-0.0016094651991931527,0.5,0.07408391850471158,0.09108705518025911,2024
QB,snap_trend,1296,1,0.02431968927097137,-0.014113450805693817,0.009992910563082656,0.008958214614496684,0.5,0.025888078350885982,0.09057341768554142,2024
QB,practice_risk,1296,1,0.05248617186094518,0.053434786452703345,-0.0038872559219140274,-0.007440075428116659,0.5,0.008963139695662679,0.0901629037219612,2024
QB,def_redzone_pass_td_rate_roll4,1296,1,0.026354266052041494,0.038745048989946844,0.009510106426781987,0.008318059164265954,0.5,0.011572459063479139,0.08987411209195202,2024
QB,roll3_targets,1296,1,0.015477619431604972,0.0075149385862752546,0.002365936557582813,0.001497598917668115,0.5,0.06798756397244622,0.08917750869468076,2024
QB,team_skill_questionable_count,1296,1,-0.020218202590468852,-0.022358250300731932,-0.006136408218574993,-0.005162266758907813,0.5,0.030335805858351723,0.08865916460012035,2024
QB,roll3_target_share,1296,1,0.010761322786353939,0.007143364110958218,0.0026734255078260105,0.002124441479214349,0.5,0.06156998800261301,0.08856883176487261,2024
QB,tw_combine_bmi_24,1296,1,-0.019967565494210516,-0.12658802233508296,3.79723585860753e-4,0.001680820188546829,0.5,0.0036986674093834734,0.08742092523207334,2024
QB,tw_age_at_draft_24,1296,1,0.021652603484875757,-0.0999114518599783,-4.731697056341058e-4,-0.001887216007653118,0.5,0.007776894973416791,0.08697003183928717,2024
QB,tw_combine_missing_24,1296,1,-0.0410902385645695,-0.039099078920623254,-0.0029362713145183344,-4.4781486457471894e-4,0.5,0.016487157945134976,0.08651215519752802,2024
QB,te_middle_matchup,1296,1,0.018181363887522943,0.02975264269893082,0.0021564739675882074,0.0011032769448648496,0.5,0.005162023915108773,0.08373499052243212,2024
QB,response_man_rate_24,663,0.5115740740740741,0.009226603989084708,-0.009515687401558521,-0.0012667139839087382,-7.819255515279731e-4,0.5,7.819255515279731e-4,0.08161950209866191,2024
QB,response_zone_rate_24,663,0.5115740740740741,0.009226603989084679,-0.009515687401558521,-0.0012667139839087245,-7.819255515279692e-4,0.5,7.819255515279692e-4,0.08161950209866188,2024
RB,roll3_carry_share,3055,1,0.556910398119703,0.5990996925202501,0.1594971611441338,0.08360960572055809,1,0.08313729761272882,0.2958977512036089,2024
RB,roll3_offense_pct,3055,1,0.538297127455079,0.5849121743158564,0.15198298090000031,0.08593334637916072,1,0.08625820652843447,0.29384839655003,2024
RB,projected_opportunities_232,3055,1,0.6064889206919389,0.6745000378379665,0.1723011717895735,0.054819084859561294,1,0.05662865849211373,0.2899624760389683,2024
RB,projected_touch_opportunities_232,3055,1,0.6064889206919389,0.6745000378379665,0.1723011717895735,0.054819084859561294,1,0.05662865849211373,0.2899624760389683,2024
RB,roll5_offense_pct,3055,1,0.5314283253019921,0.5783418002412112,0.1443997634700416,0.0822179090412766,1,0.08277013977361497,0.2895958552658748,2024
RB,roll3_offense_snaps,3055,1,0.5301683298044207,0.579318518655975,0.1390563781915015,0.07815723716615429,1,0.07875693624630296,0.2862769769710497,2024
RB,direct_gap_vs_base_232,3055,1,-0.04763295133233897,-0.031279332382638456,0.16361836294792514,0.1612557939701341,1,0.1535045378471442,0.2831830774759602,2024
RB,roll5_carries,3055,1,0.53904343388799,0.5870503174688902,0.12921152763592253,0.06663135929527597,1,0.06698975726298281,0.2789353014422522,2024
RB,roll3_carries,3055,1,0.5427772772757168,0.591037430842379,0.12938085670712263,0.065288467768247,1,0.0655965840604175,0.27865273721451067,2024
RB,roll3_ngs_time_to_los,3055,1,0.4809568269234745,0.5019930935817354,0.11972657285305018,0.07664279378785957,1,0.07574693532390189,0.2750416463096401,2024
RB,season_to_date_fppg,3055,1,0.5742110439819035,0.6467997577345567,0.1256320484625649,0.047602326943716855,1,0.04999091593508261,0.2729557725199301,2024
RB,xfp_gap_vs_base_232,3055,1,-0.03765929811385706,-0.030862495039169324,0.11921622648949555,0.1197951668184591,1,0.10879621799928921,0.25091521937976896,2024
RB,season_carries_prior,3055,1,0.43399297081131777,0.5190905322678429,0.0771277400121049,0.04892670218067799,1,0.04934311162819205,0.2492548284207598,2024
RB,roll3_ngs_box_rate,3055,1,0.35290295818565487,0.4875351520961046,0.06841485492929197,0.05088156336577077,1,0.04902289933587843,0.24199939820663927,2024
RB,roll5_targets,3055,1,0.43188767558404684,0.4930282953857171,0.06609165790902197,0.03987200196909585,1,0.0427356022469058,0.24119435814216716,2024
RB,talent_prior_fppg_24,3055,1,0.38187637674853137,0.4063345857513553,0.06759251834745558,0.0471282018126117,1,0.04632493103918103,0.23846265793662136,2024
RB,favorite_rush_interaction,3055,1,0.3066759667072368,0.24557734822328883,0.07694210679288309,0.06334443462810196,1,0.0647690812882737,0.23823248609843023,2024
RB,tw_draft_capital_log_24,3055,1,0.3273314414819779,0.3697353316646788,0.06968842129129159,0.0545008703173087,1,0.05356658431476233,0.23800777640433585,2024
RB,roll3_target_share,3055,1,0.4316498319117857,0.4888862623855086,0.05542873268369168,0.031070155712301095,1,0.030899113625443446,0.23378813836225049,2024
RB,season_targets_prior,3055,1,0.3783796147527016,0.4528452486942331,0.055719719920499164,0.036882905750541574,1,0.03866169295273132,0.23243191492594184,2024
RB,season_to_date_rush_ypc,3055,1,0.23738700763912224,0.288832094930943,0.06304489127775466,0.05484530664551792,1,0.055310550473527564,0.22823246417516138,2024
RB,roll3_rush_ypc,3055,1,0.22779376635884951,0.2949314786745629,0.04829147678923286,0.04075850757439138,1,0.040369778798053924,0.21724456108319448,2024
RB,roll3_rush_td_rate,3055,1,0.06406433249352578,0.310255419767947,-0.048216802410910156,-0.05019461935717018,1,0.06226971451855292,0.21417048485259643,2024
RB,season_to_date_catch_rate,3055,1,0.18249076420810623,0.12197867574191988,0.05390013430446204,0.04870554544960698,1,0.04670688133126548,0.21281363965110628,2024
RB,opportunity_per_snap,3055,1,0.2433252892883695,0.3107381105742001,0.038477063409270394,0.030303530659469,1,0.02828246906434638,0.21104972551372125,2024
RB,role_fppg_trend,3055,1,0.07624457357039802,0.057800722258104516,-0.05600547129064516,-0.05802902725015195,1,0.056953423974429186,0.20927544083099672,2024
RB,roll3_catch_rate,3055,1,0.20118646936151438,0.15018120627259993,0.04576483113686975,0.03961920536808901,1,0.03748307610029128,0.20853507312733272,2024
RB,tw_college_missing_24,3055,1,-0.16814467376154646,-0.20033293450633474,-0.04390953973846547,-0.0392823531222698,1,0.038350883238801425,0.20809577318364203,2024
RB,talent_weight_24,3055,1,-0.16814467376154646,-0.20033293450633474,-0.04390953973846547,-0.0392823531222698,1,0.038350883238801425,0.20809577318364203,2024
RB,games_played_prior,3055,1,0.1689748274120574,0.20033293450633474,0.04133057651798564,0.03664728497466343,1,0.03592591965040115,0.2062289855133324,2024
RB,prior_rush_td_rate,3055,1,0.1087890188711321,0.19901341395838462,-0.040815904278058895,-0.04337623561500758,1,0.04330244631239222,0.20601564022131869,2024
RB,favorite_points,3055,1,0.07729171396748069,0.0536153599176102,0.05089784674174581,0.049831443432865066,1,0.052934429289310136,0.20420229268867168,2024
RB,prior_pass_td_rate,3055,1,0.19233150412700917,-0.02997191454015479,0.04542490312621091,0.03970613003782253,1,0.03840681979670147,0.20324950211254875,2024
RB,talent_gap_weighted_24,3055,1,-0.09586891189364097,-0.07433753761634841,0.045719037617189165,0.04806545724869058,1,0.04104012106856226,0.2030753286453603,2024
RB,tw_draft_overall_24,3055,1,-0.1623794061599877,-0.09478937646896018,-0.03377997864910096,-0.02932403858052323,1,0.02652777636504878,0.19593480857148451,2024
RB,rb_rush_matchup,2749,0.8998363338788871,-0.22822405904607884,-0.2700508056011677,-0.01831934228734764,-0.010131507186751189,1,0.005589126595808525,0.1933398767480443,2024
RB,tw_early_declare_heuristic_24,3055,1,0.16377227225686786,0.1828282617046827,0.023996460538556027,0.019469721897541693,1,0.01844157589632528,0.19244012890868173,2024
RB,tw_draft_round_24,3055,1,-0.12957866827559836,-0.08398882470189616,-0.03113468835869569,-0.027890423947057087,1,0.025162987947937213,0.19221418137608254,2024
RB,tw_combine_cone_24,3055,1,-0.028654090896159525,-0.015390795532469186,-0.04015837782121818,-0.040242372684566825,1,0.040206768876668575,0.19209219381092124,2024
RB,underdog_target_interaction,3055,1,0.11566247224559642,0.12347008360477006,-0.024408882046424805,-0.027326581019307513,1,0.028868031179307408,0.19161247287517996,2024
RB,roll3_ypt,3055,1,0.14583677693164832,0.2577383968172725,-0.012966695035607346,-0.016618926761910496,1,0.017267118539165363,0.19061907649034238,2024
RB,snap_trend,3055,1,0.08620836109729874,0.0711772356483344,0.030985042335258176,0.029199646586465483,1,0.027895612079995923,0.18988971317984318,2024
RB,season_to_date_rush_td_rate,3055,1,0.038243866190800835,0.30750611271388245,-0.017969092054728276,-0.019279100809792307,1,0.029776070341676286,0.18962290610632399,2024
RB,prior_catch_rate,3055,1,0.11971770806832781,0.1254762987527152,-0.020600711324390633,-0.023635322436420785,1,0.024903114286252016,0.18915141777749617,2024
RB,qb_pressure_matchup,2749,0.8998363338788871,0.03539769238234564,0.040876571546366085,-0.03267042647362353,-0.034488866953118126,1,0.03074972128690718,0.18850671447799286,2024
RB,opp_rushers5_rate_roll4_24,3055,1,-0.016922715883767436,-0.028132803027279725,-0.03669530311444804,-0.03700812937588797,1,0.01435911679624473,0.18719296777679323,2024
RB,expected_fppg_232,3055,1,0.5857534825009019,0.6600353412041166,0.11921622648949559,0.03608861865152126,0.5,0.04197538213342338,0.18712895047288908,2024
RB,prior_yards_per_target,3055,1,0.10133181005936262,0.10851579479283485,-0.020337364158287307,-0.023027208106672872,1,0.024320368501220588,0.18699822476502304,2024
RB,team_skill_out_count,3055,1,0.009191099333723559,0.0033998780778902275,0.03432113459965675,0.03477953190719994,1,0.033675186043166515,0.18621303270040412,2024
RB,target_trend,3055,1,0.012035403180256001,0.02148214658034692,-0.031767369107999,-0.032683908135313834,1,0.03493959823892165,0.185791432498513,2024
RB,tw_combine_shuttle_24,3055,1,-0.022687828603195303,-0.018855824376745996,-0.03188605525495777,-0.031954600397493586,1,0.030620674540147004,0.18561343446831427,2024
RB,opp_man_rate_roll4_24,3055,1,-0.027024573713388213,-0.008446363001723984,-0.027599973356322312,-0.02746450402580928,1,0.0519714013633599,0.18476355490843904,2024
RB,opp_zone_rate_roll4_24,3055,1,0.02702457371338821,0.008446363001723984,0.02759997335632226,0.027464504025809272,1,0.0519714013633599,0.18476355490843904,2024
RB,opp_pressure_rate_roll4_24,3055,1,-0.02278133205409763,-0.02713522472869539,-0.031935475002421394,-0.03200260641437439,1,0.006243696398337981,0.18354355774679745,2024
RB,is_home,3055,1,0.027472083921679786,0.02630140961081961,0.02803348231330847,0.02789523932624107,1,0.028215686373500422,0.18340531668303273,2024
RB,def_rush_epa_allowed_roll8,3055,1,0.033997121393004814,0.03352471336472059,0.024300783998823315,0.023906905366744623,1,0.031772225653692546,0.18194511111731226,2024
RB,def_explosive_pass_rate_roll4,3055,1,0.02373967023745647,0.005462672499175691,0.02612021265991452,0.026040869924000783,1,0.026482146029319267,0.1809747138704079,2024
RB,def_qb_hit_rate_roll4,3055,1,-0.027623158872629727,-0.01532932887646087,-0.024348219045809964,-0.024127852247147228,1,0.0267853489565896,0.18043940371695522,2024
RB,roll3_pass_attempt_share,3055,1,0.03908762689490707,0.04164150358500089,-0.021083234878255076,-0.022457549942001512,1,0.02031837742098967,0.18011323814805016,2024
RB,opp_blitz_rate_roll4_24,3055,1,-0.010537131002885981,-0.011462469969714137,-0.02509100189722974,-0.025334302579359647,1,0.02545469148899432,0.17979662330858276,2024
RB,injury_risk,3055,1,0.02702714583866242,0.04136015886324468,-0.02038070228907456,-0.021462420463214123,1,0.02251476428424546,0.1790254826314204,2024
RB,roll3_team_carries,3055,1,4.315981036267786e-4,0.009731137823783964,-0.024687116446927504,-0.025199364941481256,1,0.02425185822901096,0.17885522611581625,2024
RB,roll3_pass_attempts,3055,1,0.040299602166964855,0.04162127652808569,-0.01824152457157284,-0.019603906631299624,1,0.017605306095169762,0.1780901339915502,2024
RB,tw_combine_athleticism_z_24,3055,1,0.05701006188083719,0.06729508484775215,0.014001699675307627,0.012753889652949456,1,0.011854305291697518,0.1757348452187365,2024
RB,season_to_date_pass_ypa,3055,1,0.10123422928533223,0.12152578154425936,0.007432132470478997,0.004830671459277807,1,0.008208290786393957,0.17541986525393177,2024
RB,expected_team_plays,3055,1,0.0019271828020291516,0.012370870302049313,-0.01892040539882487,-0.01935802963294913,1,0.018679156261427424,0.17477124303992658,2024
RB,def_rush_epa_allowed_roll4,3055,1,0.02354945828969557,0.016496757467693857,0.015943375081999202,0.015654406764539476,1,0.021925939043028902,0.1743478250595388,2024
RB,season_to_date_pass_td_rate,3055,1,0.10476777554934825,0.10601143311199011,0.007164029093424702,0.00446010264493613,1,0.003417049614961242,0.17431755833036325,2024
RB,expected_team_pass_rate,3055,1,6.496753187497938e-4,-0.009472008795867534,0.016262130290838093,0.01658081877216608,1,0.017345407058835777,0.1726940141251374,2024
RB,prior_game_fppg,3055,1,0.49686118753934067,0.5842708400215664,0.07496633554193842,0.036606683301599344,0.5,0.056225480637442225,0.1706724537228655,2024
RB,carry_trend,3055,1,0.08701078986404205,0.07523778204384314,0.004409050643723491,0.0021706416366971265,1,0.0020314505326537733,0.1703149643558936,2024
RB,roll5_fppg,3055,1,0.567870495025353,0.6488106978714007,0.07567359400578164,0.018838352946840945,0.5,0.05497715815858452,0.17008267235118082,2024
RB,def_rush_success_allowed_roll4,3055,1,0.016100736694541446,0.012333050427338278,0.008824544979762407,0.008584450074935487,1,0.013751112642474136,0.16838134641003408,2024
RB,roll3_fppg,3055,1,0.5633233909252263,0.6423570679398594,0.03940821667299058,0.0014605307311966833,0.5,0.05589146508493695,0.1543660632567622,2024
RB,roll3_targets,3055,1,0.42100601061086274,0.4829700499700158,0.05273476149941085,0.03003152160695044,0.5,0.03273035041562752,0.1520670842818047,2024
RB,model22_gap_vs_base_232,3055,1,0.07887526828033042,0.08538972416394604,0.07860440125790374,0.07814233190460747,0.5,0.12260347547780825,0.15052120028783245,2024
RB,preseason_prior_fppg,3055,1,0.4980289642498779,0.535938900779521,0.03885555739746569,0.010915177589737163,0.5,0.043079394264551915,0.14875983052776076,2024
RB,projected_td_points_232,3055,1,0.47500593244986056,0.567148261990746,0.008522136695621473,-0.007061823463902078,0.5,0.047188353378702204,0.14074595769236728,2024
RB,roll3_fppg_sd,3055,1,0.3633543695378334,0.3950103135441966,0.034811480798789436,0.01975993593218403,0.5,0.059494637448909635,0.1395088373261798,2024
RB,projection_spread_232,3055,1,0.3149805285145635,0.35525674374616106,0.032077608580822106,0.020340198000814703,0.5,0.06922827082288437,0.13563188559113173,2024
RB,model_disagreement_23,3055,1,0.3416207172109208,0.3998206590510771,0.026423451713127093,0.013760755545354822,0.5,0.07239363695823856,0.13532210979645917,2024
RB,response_rushers5_rate_24,1474,0.4824877250409165,-0.040694686210948974,-0.019676116641270454,-0.06207376926644987,-0.06111595287726895,0.5,0.06111595287726895,0.1286652505731066,2024
RB,role_5_vs_prior_232,3055,1,0.2889063187211701,0.30737937744004507,0.024544469104190097,0.014772259999990305,0.5,0.032578803214562274,0.124491566945246,2024
RB,team_spread_line,3055,1,0.07817602487814776,0.05322123657044217,0.041891566656324424,0.04059213684606924,0.5,0.04802219402455688,0.1178864724977027,2024
RB,tw_combine_missing_24,3055,1,-0.1467879711230209,-0.18600364273960887,-0.029624473574418286,-0.025739851947638632,0.5,0.029132940770602404,0.11648884005840611,2024
RB,role_vs_prior_232,3055,1,0.294108304861924,0.29733630788078164,3.1358304107606056e-4,-0.007450493281455921,0.5,0.03515267507217227,0.11625341356141217,2024
RB,roll3_rec_td_rate,3055,1,0.09238097298736073,0.19298211343038946,-0.025532902812257258,-0.028035097815898427,0.5,0.03696660219396172,0.11435078283722734,2024
RB,prior_yards_per_attempt,3055,1,0.10893796473856605,-0.0015010558540904926,0.03851276755856787,0.03611778974771019,0.5,0.03573568903818979,0.11381216957921976,2024
RB,response_blitz_rate_24,1474,0.4824877250409165,-0.06254677533356429,-0.03208463065059001,-0.03436862655093245,-0.03799154865178249,0.5,0.03799154865178249,0.1123528948861695,2024
RB,implied_team_total,3055,1,0.07013142841910007,0.04146630545109327,0.03201004524366787,0.03074461652224394,0.5,0.044824967263426614,0.11030398354248179,2024
RB,season_to_date_rec_td_rate,3055,1,0.08052522941360826,0.2299899718587396,-0.010236479438302977,-0.012452600033093767,0.5,0.05530623858683376,0.1070438539881755,2024
RB,def_pass_epa_allowed_roll8,3055,1,0.04049438384851994,0.014842089185407912,0.029116668894748284,0.028647575564115898,0.5,0.045105385311617646,0.10597153402326258,2024
RB,opp_avg_pass_rushers_roll4_24,3055,1,-0.01688301593353008,-0.022748460776206323,-0.03536817312177394,-0.03565584777589315,0.5,0.003165866404819704,0.10499596018020742,2024
RB,opp_pos_residual_roll8,3055,1,0.037005528862944656,0.036216189582848377,0.025492971238259905,0.02504222590041511,0.5,0.041559098097309094,0.10395107767541303,2024
RB,opp_avg_box_roll4_24,2965,0.9705400981996727,-0.016062094401646597,-0.027941906773675272,-0.03095866337692616,-0.0311867107619787,0.5,0.009732184765120729,0.1029639448745127,2024
RB,underdog_points,3055,1,-0.058787241102356794,-0.04234219950792526,-0.021895807324661988,-0.020754730546359,0.5,0.03803266733253661,0.1025582536206085,2024
RB,season_to_date_ypt,3055,1,0.15212732221639697,0.23192694138367143,0.0064476370383975065,0.0023842450990295503,0.5,0.013561951350212407,0.10218077521339176,2024
RB,tw_combine_speed_score_24,3055,1,0.08574188757189814,0.08548742310527367,0.015788777001820124,0.013744954081129137,0.5,0.03364245289626476,0.10117466712262599,2024
RB,prior_rec_td_rate,3055,1,0.07796879572075038,0.1555059089878057,-0.009750962929518306,-0.011902262820628945,0.5,0.023139151814466345,0.10035644151336208,2024
RB,qb_pass_matchup,2749,0.8998363338788871,0.025527484596234547,2.968537495354413e-4,0.023555717708818577,0.023332194528483747,0.5,0.03671547809584268,0.10019685063324302,2024
RB,prior_yards_per_carry,3055,1,0.1407465160022414,0.17648643236707753,0.001932085909299556,-0.0017802561865884442,0.5,0.020959686435480344,0.09877298339677867,2024
RB,response_adjustment_raw_24,3055,1,-0.05660249605842421,-0.08541586687629067,-0.013609441589734322,-0.012365492178043303,0.5,0.03408880185793771,0.09840924848887059,2024
RB,response_avg_pass_rushers_24,1474,0.4824877250409165,7.464226309613505e-4,0.07095214205199779,-0.022361884632620416,-0.020391705916576127,0.5,0.020391705916576127,0.09840617273573368,2024
RB,wr_redzone_matchup,3055,1,0.08175647595862408,0.1962988575704386,-0.0031088108667421213,-0.005291215780716112,0.5,0.025883214485838364,0.09825191332750287,2024
RB,te_redzone_matchup,3055,1,0.08175647595862408,0.1962988575704386,-0.0031088108667421213,-0.005291215780716112,0.5,0.025883214485838364,0.09825191332750287,2024
RB,weekly_experience,2955,0.967266775777414,0.06345518993275352,0.09376040655747267,-0.009483442392861311,-0.01192045816729767,0.5,0.02260361489360333,0.09691103890431897,2024
RB,roll3_ngs_rush_yoe_pa,3055,1,0.10411383008487042,0.059410295824431934,-0.006792918088513635,-0.00955542043866433,0.5,0.02693423438854573,0.0968243836406361,2024
RB,tw_combine_vertical_24,3055,1,0.0666516612206568,0.06447718113334017,0.012913594242390655,0.011373266751983323,0.5,0.02617766689257742,0.0968137163769897,2024
RB,response_man_rate_24,1474,0.4824877250409165,0.02320323358373032,-0.0032644694269178664,0.019877066897083392,0.020638687290988642,0.5,0.020638687290988642,0.09662784490077297,2024
RB,response_zone_rate_24,1474,0.4824877250409165,0.02320323358373038,-0.0032644694269178664,0.01987706689708338,0.020638687290988635,0.5,0.020638687290988635,0.09662784490077297,2024
RB,response_pressure_rate_24,1474,0.4824877250409165,-0.1009398078411616,-0.1301712247901985,0.0046555958922530555,-0.006397444312785266,0.5,0.006397444312785266,0.09561413960102165,2024
RB,response_avg_box_24,1474,0.4824877250409165,-0.017341011284745144,-0.0024925708401139705,0.021217064938778563,0.017580557629218507,0.5,0.017580557629218507,0.09494980776441417,2024
RB,tw_combine_forty_24,3055,1,0.06291080880098804,0.05644824725495542,0.008911119245740997,0.007404367758972963,0.5,0.037994825073477415,0.0949023416184369,2024
RB,matchup_abs_232,3055,1,0.02823824105572164,-0.036143845570693105,-0.008530748382537602,-0.009436116014419568,0.5,0.057491884247550105,0.09472917008114053,2024
RB,calibrated_matchup_delta_23,3055,1,-0.02823824105572164,0.036143845570693105,0.008530748382537602,0.009436116014419568,0.5,0.057491884247550105,0.09472917008114053,2024
RB,te_middle_matchup,3055,1,0.010105524900042158,0.063646632328426,-0.012272580863939196,-0.012787352476847839,0.5,0.03127848574488937,0.09435070119197123,2024
RB,tw_age_at_draft_24,3055,1,0.07559380746071805,0.041113280959689136,-0.006879254425781356,-0.008945633430518744,0.5,0.022039788939250644,0.09365474059444548,2024
RB,weekly_is_rookie,2955,0.967266775777414,-0.10208875116448846,-0.11556520498786618,-0.0048474683545505284,-0.0013122127818875767,0.5,0.007703435341308843,0.09313584920990874,2024
RB,def_pass_epa_allowed_roll4,3055,1,0.02480180241925813,0.007683786086337388,0.012117475918329401,0.011714502568269154,0.5,0.034917711903483084,0.09287316655966281,2024
RB,practice_risk,3055,1,0.06103352895014891,0.0912368186425534,-0.004953874226397034,-0.006631792454380174,0.5,0.0156970473025476,0.09275639437361285,2024
RB,def_sack_rate_roll4,3055,1,-0.005844689182197625,0.005369966734262646,0.015458281461143118,0.01592717286470462,0.5,0.01993619772359801,0.0926493343172896,2024
RB,legacy_gap_vs_base_232,3055,1,-0.03625877494391731,0.0036214895064701977,0.011463440845621979,0.012622244397427098,0.5,0.022774492081227345,0.0924211349179728,2024
RB,weekly_age,2955,0.967266775777414,-0.005898804744252096,0.00814505225272382,-0.013834465675691849,-0.01401454720948224,0.5,0.02702875825064586,0.09231229847646341,2024
RB,roll5_pass_attempts,3055,1,0.0586336863908147,0.056018266184660076,-0.005465631332867829,-0.007090073838994365,0.5,0.018510285681923463,0.09179005030463619,2024
RB,opp_pos_residual_roll4,3055,1,0.026719045083653588,0.021872928870989763,0.008708739286065336,0.008183377960151035,0.5,0.03891090179376635,0.09172209142543325,2024
RB,wr_volume_matchup,2749,0.8998363338788871,0.04107233580016265,0.0442554858923135,0.004635274045569856,0.003410322336830356,0.5,0.046980710438233354,0.09138472629901974,2024
RB,matchup_role_interaction,3055,1,0.025671817842070822,6.2175737416949e-4,0.0069015575904005895,0.0063668614880495345,0.5,0.053127579471608996,0.09107036180752087,2024
RB,tw_combine_bmi_24,3055,1,0.05410968797150895,0.028487396240078088,0.007213490896054268,0.0059180319247040345,0.5,0.0199545069953843,0.090454069232939735,2024
RB,def_redzone_pass_td_rate_roll4,3055,1,-0.022264357741281215,-0.03309252472873118,-0.008875233628979937,-0.008472339590825323,0.5,0.017813859696761126,0.08995188244982445,2024
RB,tw_combine_height_in_24,3055,1,0.04835457997944237,0.01647059492525909,0.007344258261497787,0.006207881347879055,0.5,0.021290385532346676,0.0899121841326503,2024
RB,season_pass_attempts_prior,3055,1,0.09064191108045709,0.07892718998495923,2.8436435042556156e-4,-0.0020952854034411877,0.5,0.002061324531536631,0.08974431474391838,2024
RB,tw_combine_broad_24,3055,1,0.027452255496416042,0.040717746119404895,-0.006680627472011787,-0.007531387811517067,0.5,0.013690679822897144,0.08927783408153063,2024
RB,rb_receiving_matchup,2749,0.8998363338788871,0.02128265492445837,-0.010043302470200079,-0.0031582413596782603,-0.0039291547030955816,0.5,0.04699865971529663,0.08872361544023454,2024
RB,wr_deep_matchup,3055,1,-0.007593959340233279,0.10042785943160616,0.004298746665655276,0.004587275218839906,0.5,0.01301540270951075,0.08864667206698625,2024
RB,team_skill_questionable_count,3055,1,-0.0011114742219504971,-0.011657345762786663,0.007036611386989164,0.007212166931021681,0.5,0.03493242778501035,0.08860338967849626,2024
RB,roll3_team_pass_attempts,3055,1,0.002658854253369777,0.0025729085974355343,-0.009070291458894857,-0.009328137504447062,0.5,0.013262889066117004,0.08750201837853594,2024
RB,tw_combine_weight_24,3055,1,0.052936288196258605,0.029626999311794543,0.0023932973286010482,0.001043136102399788,0.5,0.02061346495537793,0.08738724633508524,2024
RB,season_to_date_interception_rate,3055,1,-0.021060101793942142,-0.017873525579387064,-0.007276166707454819,-0.006872061494966599,0.5,0.005382538389603254,0.08700382347329837,2024
RB,opp_pos_fppg_allowed_roll4,3055,1,0.019492757642496916,0.011465854651535514,0.003313127988872987,0.0028686020709641218,0.5,0.03380944509975021,0.08694284518194324,2024
RB,rest_days,3055,1,-0.004055915800575983,-0.007284364834700302,-0.0038079024405735695,-0.003780735051039224,0.5,0.022135174306140128,0.08517389423039924,2024
RB,def_redzone_rush_td_rate_roll4,3055,1,0.009032236468786859,0.013391018388194786,0.002598324813535693,0.0024149627861059448,0.5,0.022818165247007548,0.08494530727749812,2024
RB,def_pass_success_allowed_roll4,3055,1,0.010332606481602455,0.009244527105735206,-0.0014366388918950466,-0.0017379081583479773,0.5,0.012467398774597559,0.08328245933330837,2024
RB,season_week,3055,1,-0.0061839131057741656,-0.006032091105563265,-0.0027091945910295463,-0.0026031217531896677,0.5,0.006084071074697274,0.08291005948440489,2024
WR,direct_gap_vs_base_232,4863,1,-0.07562650147538384,-0.07419264285725558,0.16502671129660795,0.16384319765555025,1,0.1367506307352093,0.2863003783769191,2024
WR,projected_opportunities_232,4863,1,0.5664026858813377,0.6231298150562273,0.15661837532505699,0.041333045049526354,1,0.042855749687268276,0.2750108502161698,2024
WR,projected_touch_opportunities_232,4863,1,0.5664026858813377,0.6231298150562273,0.15661837532505699,0.041333045049526354,1,0.042855749687268276,0.2750108502161698,2024
WR,roll5_targets,4863,1,0.5057309854393078,0.547036208153608,0.10861291349856647,0.04308603664013286,1,0.04333407516932301,0.25854969132797556,2024
WR,xfp_gap_vs_base_232,4863,1,-0.009148317652940779,1.5094546187542605e-4,0.13109662359487262,0.13390248714342745,1,0.11863916829189863,0.2574991554979528,2024
WR,roll5_offense_pct,4863,1,0.4363826248187268,0.5078352857168649,0.09869699386083745,0.05539632103283576,1,0.05585276641319563,0.257061439042293,2024
WR,roll3_offense_pct,4863,1,0.43699946862070854,0.5075694811810624,0.0978699604460199,0.05451615201191308,1,0.05507607834624681,0.25645853034223753,2024
WR,roll3_offense_snaps,4863,1,0.43108143916243913,0.49908416957140944,0.08975163362815039,0.04867198827819437,1,0.04920298371372494,0.25093614597901,2024
WR,roll3_ngs_air_yard_share,4863,1,0.4387849984836322,0.49176024467482526,0.07677919221485033,0.03592329397162869,1,0.03596863433325807,0.2415735788846879,2024
WR,roll3_ngs_cushion,4863,1,0.36947239085907035,0.40934850753193786,0.06114151194319975,0.0337264584665205,1,0.03403436522113724,0.229561965458378,2024
WR,roll3_ngs_separation,4863,1,0.36687750935953317,0.42495717837713426,0.05930655951956468,0.03241360625235981,1,0.033062713334684975,0.2289783667504212,2024
WR,role_fppg_trend,4863,1,0.03168842545096444,0.04220733575212791,-0.08398633584996926,-0.08749632395874467,1,0.08697009082011556,0.22751205798882054,2024
WR,roll3_rec_td_rate,4863,1,0.047810850801933334,0.25308207152688744,-0.07023569158643007,-0.0740930779501968,1,0.0728997605040941,0.22685285484769818,2024
WR,talent_prior_fppg_24,4863,1,0.2929127903462144,0.3327394171417778,0.046721472979562924,0.02892210062093014,1,0.027658410388745693,0.21607619146161305,2024
WR,tw_draft_capital_log_24,4863,1,0.29169107921381465,0.32927082771569305,0.03780998904420546,0.020545132586282624,1,0.02001362930341341,0.20962081406776184,2024
WR,rb_receiving_matchup,4399,0.9045856467201316,0.04843803930271288,0.011761314977168818,0.06015779211711505,0.060197520352156635,1,0.05933046029889229,0.20782745380080986,2024
WR,season_to_date_rec_td_rate,4863,1,0.055771079616535046,0.2620726584495556,-0.038478867418673006,-0.04224795381715911,1,0.04105310695074057,0.20414397324536326,2024
WR,matchup_role_interaction,4863,1,0.040613160017389564,0.013167998349746553,0.05380717870614661,0.05397019805009952,1,0.053021877780178236,0.20277075980944512,2024
WR,season_to_date_catch_rate,4863,1,0.17691853383884448,0.20278414461524757,0.03547702672149891,0.026971786251825218,1,0.02645424542425434,0.20050499846186237,2024
WR,tw_early_declare_heuristic_24,4863,1,0.19292792758162286,0.20695865071992509,0.03240092092708535,0.022780833753815854,1,0.022819914881252054,0.19883216595238104,2024
WR,prior_yards_per_target,4863,1,0.1722904433484429,0.22211275768678054,-0.019201270983667,-0.027227757684128016,1,0.02633679292371495,0.1975155540444898,2024
WR,implied_team_total,4863,1,0.10721212955658384,0.08249397149912877,0.03888238990873528,0.03484678796350532,1,0.036814152921827624,0.19660367865013695,2024
WR,projection_spread_232,4863,1,0.2632888209900904,0.3125923764970482,-0.0016658337981139387,-0.014353596276893227,1,0.007662051885367525,0.19546222337970431,2024
WR,prior_catch_rate,4863,1,0.12050237242132228,0.14986971776865846,-0.02483310501705202,-0.030880666864749412,1,0.029882026395263595,0.19464629688249824,2024
WR,opp_pos_residual_roll8,4863,1,0.033107872310346134,0.0208788468147051,0.04259185822163452,0.042674854411352395,1,0.042001678696595504,0.19431544174239612,2024
WR,tw_age_at_draft_24,4863,1,0.15114273122779548,0.09540971499082837,0.03387632940225901,0.027006230546948583,1,0.026336013503644385,0.19431396312188068,2024
WR,opp_pos_residual_roll4,4863,1,0.033957492202141906,0.01847755995297222,0.04086080788614322,0.04083378933535514,1,0.04037102586519593,0.19295322377256766,2024
WR,def_wr_residual_roll4,4863,1,0.033957492202141906,0.01847755995297222,0.04086080788614322,0.04083378933535514,1,0.04037102586519593,0.19295322377256766,2024
WR,tw_combine_height_in_24,4863,1,0.12284248713430647,0.10361442525953203,0.03276916348814517,0.0275930639395106,1,0.025907766789496314,0.1929042057393757,2024
WR,roll3_catch_rate,4863,1,0.18197956523983144,0.2010101560945308,0.024824714875800145,0.015860389228174183,1,0.01572960738179122,0.1926549416448594,2024
WR,tw_combine_weight_24,4863,1,0.1287625823854897,0.1133852067971234,0.03137064244773881,0.025798027184768278,1,0.024259833924759017,0.19242385936359546,2024
WR,prior_rec_td_rate,4863,1,0.15311953719665028,0.23277514487294548,-0.011222557035363864,-0.018636548747515344,1,0.01852994011710144,0.1906474850601635,2024
WR,roll3_ngs_yac_oe,4863,1,0.12208916085225416,0.10861937087158889,-0.020356770859146008,-0.026468275369104222,1,0.027104432564411658,0.18997573298647585,2024
WR,tw_combine_missing_24,4863,1,-0.15509051548488728,-0.19360161390662525,-0.022290911959254114,-0.014930107138913955,1,0.013515934469744948,0.18957573456171248,2024
WR,tw_combine_bmi_24,4863,1,0.1177190523682991,0.09093206394014146,0.028943566153503054,0.023941279171266403,1,0.02226381383979154,0.1893497288893853,2024
WR,practice_risk,4863,1,0.08139158793046687,0.09081950120985119,-0.024822826885266915,-0.02935459095666634,1,0.029159979105959258,0.1892222233513766,2024
WR,prior_pass_td_rate,4863,1,-0.04088905493534105,-0.12540351929131166,-0.027890270352624758,-0.026994706609418447,1,0.026560753263520125,0.18759919564765812,2024
WR,rest_days,4863,1,-0.026320776870990055,-0.03471044674255018,-0.033264765555009373,-0.03330718734291999,1,0.033225991295717766,0.18759753071766166,2024
WR,is_home,4863,1,0.028156225279181386,0.0305902720918207,0.03280534601498049,0.032740089707191236,1,0.03268562968948403,0.18714956116968812,2024
WR,injury_risk,4863,1,0.022291920462684973,0.04318136938967307,-0.030975454151202335,-0.03317903154603868,1,0.031506958314127184,0.1869652589973615,2024
WR,tw_combine_speed_score_24,4863,1,0.12425077042543427,0.12224508664272613,0.023429929158760264,0.017884473292135574,1,0.017065122940746316,0.18671742518293394,2024
WR,roll3_pass_attempt_share,4863,1,0.08921844141374193,0.08569629112402508,0.026254954338593626,0.022758107550051466,1,0.02307767336548936,0.18642322059184668,2024
WR,weekly_age,4715,0.9695661114538351,-0.008268850459443436,-0.017667046687004875,-0.03270931202012596,-0.03377632662028614,1,0.03401578944603207,0.1859864976645979,2024
WR,preseason_deep_target_rate,4863,1,0.11969005070922123,0.16275485186042182,-0.012329453802178673,-0.018307618103765695,1,0.01792268656735853,0.1858855452137669,2024
WR,weekly_is_rookie,4715,0.9695661114538351,-0.05645480176717634,-0.052099338989588864,0.024794407392304398,0.029049328023695056,1,0.026829340874900368,0.18580968314936308,2024
WR,tw_combine_forty_24,4863,1,0.1121648672979758,0.09996340620576834,0.022570924467142168,0.017680784702589786,1,0.016817574637434447,0.18480171870771173,2024
WR,weekly_experience,4715,0.9695661114538351,0.06475916270676108,0.0715275516169447,-0.018826826530237786,-0.02332412092639527,1,0.023519538325609116,0.18303663828538266,2024
WR,roll3_pass_attempts,4863,1,0.08750945532690092,0.08566623995741184,0.021017435973941217,0.017422227139615522,1,0.017744787177492442,0.18239286694856538,2024
WR,te_middle_matchup,4863,1,0.04446158749245846,0.07504210485392496,0.023233788984968324,0.02196911277008267,1,0.022011507865993568,0.18220899117043163,2024
WR,expected_fppg_232,4863,1,0.5620414253388245,0.6129850187268703,0.1310966235948727,0.02599899440527345,0.5,0.039448810039956504,0.1819476021144868,2024
WR,season_week,4863,1,-0.024857488225490783,-0.027067513428951428,-0.022134344112493307,-0.021803385615908576,1,0.022025605519414248,0.1788036880460591,2024
WR,qb_pass_matchup,4399,0.9045856467201316,0.039609416646927964,0.027951642612125877,0.020286365193667704,0.019018679797376196,1,0.019107531585054745,0.17785622971931106,2024
WR,tw_combine_broad_24,4863,1,0.09964044087887214,0.09498700993986292,0.013834491241241993,0.009355274625457396,1,0.00840421607827236,0.17759113187391942,2024
WR,tw_combine_vertical_24,4863,1,0.11113191077593992,0.10694502541874525,0.012564227374199098,0.007441609865634047,1,0.006333033928462489,0.17746862522204257,2024
WR,qb_pressure_matchup,4399,0.9045856467201316,0.07839934491991699,0.08713440912723627,0.014911234805606048,0.011208723629525979,1,0.012589577537781583,0.17743643039569687,2024
WR,def_rush_epa_allowed_roll4,4863,1,-0.009208458324405746,-0.006433186129025119,-0.020734947265883846,-0.021109896939953153,1,0.01789285731781306,0.1760269657896814,2024
WR,opp_blitz_rate_roll4_24,4863,1,0.02283482944928747,0.014419291376135634,0.01862384209577115,0.018251502122304437,1,0.01708608395525021,0.17541834596996522,2024
WR,prior_rush_td_rate,4863,1,0.013774403769058545,-0.021145612385475566,-0.017246419668272252,-0.01858190144560704,1,0.019132013311068043,0.17518410098684423,2024
WR,rb_rush_matchup,4399,0.9045856467201316,-0.04622320138818484,-0.04814475253018002,-0.014787812377420816,-0.012906286484489375,1,0.014162576573938152,0.1747893988884102,2024
WR,team_skill_out_count,4863,1,-0.03122025241026197,-0.025464737198472625,0.01373819984474791,0.015765165426841265,1,0.01729478518795185,0.17426505659646768,2024
WR,tw_draft_round_24,4863,1,-0.06293922613519572,-0.00429490608686435,0.011036447219980351,0.0144476638874348,1,0.014123874089344148,0.17385657444163902,2024
WR,tw_draft_overall_24,4863,1,-0.10242174858398158,-0.014996766453267233,0.005825991300359692,0.010936259954852085,1,0.010663102169739019,0.1736864330572605,2024
WR,season_to_date_fppg,4863,1,0.5386672611688805,0.5901340997118427,0.10368754170639827,0.024465779325987373,0.5,0.04194787430207891,0.17320707358113674,2024
WR,games_played_prior,4863,1,0.10097494667108896,0.12196793319561121,0.0015698213794953337,-0.0033111696791083447,1,0.003924729157985763,0.17306573901260286,2024
WR,def_redzone_rush_td_rate_roll4,4863,1,-0.0034689213052894086,0.0049879578328266136,-0.0163581861322328,-0.016837843621664152,1,0.01602101806374827,0.1726804506681954,2024
WR,tw_combine_shuttle_24,4863,1,0.06171020826444724,0.06705576876207378,0.009153139724108725,0.006468132356568558,1,0.006842351612385661,0.17179938473665107,2024
WR,roll3_team_pass_attempts,4863,1,0.028035079856231694,0.04202465781800753,-0.008873761027609329,-0.010574390212493375,1,0.011197994190832073,0.1708763618384987,2024
WR,roll3_team_carries,4863,1,-0.025622678968842315,-0.03526615334297048,-0.010981394908349297,-0.010165778491783593,1,0.009991620503448855,0.17063270276858022,2024
WR,roll3_target_share,4863,1,0.4968219795639556,0.5410590766805695,0.09227227899581307,0.03355884392296973,0.5,0.044382630793604466,0.17028456074714673,2024
WR,expected_team_plays,4863,1,0.004389558417911343,0.013344589224571527,-0.011469144483378449,-0.012135980214972236,1,0.01229139042758085,0.16964661959344726,2024
WR,def_rush_epa_allowed_roll8,4863,1,-0.0012602188701599378,-0.008960876002063528,-0.012497297161493597,-0.01293182097784033,1,0.00912007006192118,0.1695268253647058,2024
WR,def_qb_hit_rate_roll4,4863,1,-0.008597016464064884,-0.015734011819131245,-0.011016357324545633,-0.0110362539899965,1,0.012146214934185402,0.16941862824122622,2024
WR,roll3_targets,4863,1,0.5006900760708071,0.541359486594138,0.08918570651464561,0.029980469557867397,0.5,0.04854161105452758,0.16876259778099303,2024
WR,prior_yards_per_attempt,4863,1,0.018201666095590256,-0.04598139972031734,-0.007032975749427897,-0.0081928711901228,1,0.007252670960631747,0.168644883615337,2024
WR,wr_volume_matchup,4399,0.9045856467201316,0.03990142384519334,0.03985414892846233,0.006772697490475695,0.004893750883398355,1,0.006474493115301386,0.1681810695183122,2024
WR,def_pass_success_allowed_roll4,4863,1,0.017463955419631496,0.026738126717926622,0.007895290206393093,0.007357532263875716,1,0.010043222979848406,0.16794881208811407,2024
WR,season_to_date_interception_rate,4863,1,0.00880593631821883,0.007224154815149154,-0.008106078153489902,-0.008854525373722428,1,0.009919290237145044,0.1673114892461448,2024
WR,tw_combine_cone_24,4863,1,0.04490606383734304,0.048967328223189006,-6.214125253361435e-4,-0.002831153815551222,1,0.002304843954265501,0.16620933671270013,2024
WR,def_pass_epa_allowed_roll4,4863,1,0.011046387933549834,0.004601174398300001,0.00523130335437105,0.004901197202687207,1,0.007009426031731994,0.16475716241820842,2024
WR,def_redzone_pass_td_rate_roll4,4863,1,0.005364395089007296,0.010385330652828206,-0.002383685293477541,-0.0027396471216909763,1,0.003526066206924131,0.16276494610782125,2024
WR,preseason_prior_fppg,4863,1,0.5220942610978523,0.5380611723149162,0.083709375971766,0.018613882319259496,0.5,0.02657075475586897,0.16173907132193222,2024
WR,roll3_fppg,4863,1,0.505223241526351,0.5641258529681328,-0.014867879889602293,-0.031220534545886944,0.5,0.07265840262534924,0.15652782695782633,2024
WR,roll5_fppg,4863,1,0.5190467377094641,0.5767322821605702,0.042422191555107916,-0.00524256246958284,0.5,0.054875127922443596,0.15123436672058355,2024
WR,role_vs_prior_232,4863,1,0.20789922201009206,0.22179394430041088,-0.05252989146040313,-0.05925136950596731,0.5,0.0759110853031564,0.14537897093673255,2024
WR,roll3_fppg_sd,4863,1,0.299761049401878,0.3455213322642968,-0.03163775986948978,-0.041657076303585554,0.5,0.052799909724937186,0.14154278644597196,2024
WR,season_targets_prior,4863,1,0.3864079134296316,0.43848223170384765,0.0431093793775538,0.01578861764093849,0.5,0.02851841693911994,0.1396908886400998,2024
WR,prior_game_fppg,4863,1,0.4299570234065568,0.4957115413847821,0.02837007779072928,-8.771820085011073e-4,0.5,0.058249929364138045,0.1380607095537294,2024
WR,projected_td_points_232,4863,1,0.44456614046830584,0.5059218557920554,0.023669807018081402,-0.005797544734828489,0.5,0.02728149461945177,0.1372813184543316,2024
WR,target_trend,4863,1,0.026500917857563498,0.023759854577604964,-0.05343030772644969,-0.05641679861629722,0.5,0.0602877430716518,0.12401894668038695,2024
WR,role_5_vs_prior_232,4863,1,0.21442808945952874,0.23677553938328313,-0.016461079017464186,-0.026118222495375917,0.5,0.05287938054126733,0.12221573582892979,2024
WR,roll3_ypt,4863,1,0.16536838329011846,0.287356739775573,-0.02043930265495642,-0.028181755893555614,0.5,0.03018759594624841,0.12076811624243865,2024
WR,model_disagreement_23,4863,1,0.31152131714331116,0.3563333346681234,0.012900133387940682,-0.0038453242019068448,0.5,0.006707442742891916,0.11806842219976062,2024
WR,talent_gap_weighted_24,4863,1,-0.31726152969464066,-0.26838692838975603,-0.018161114931183414,-4.4952751710162033e-4,0.5,0.03607155462812349,0.11756257122212406,2024
WR,opportunity_per_snap,4863,1,0.2201863280984121,0.3138244477366085,0.0188571249694366,0.007537308549875182,0.5,0.03851259315480291,0.11692965399507299,2024
WR,response_blitz_rate_24,2476,0.5091507300020564,0.04248061697610228,0.006130376665917242,0.04039853751033756,0.041270183652804604,0.5,0.041270183652804604,0.11314222583693548,2024
WR,model22_gap_vs_base_232,4863,1,-0.02113972939068764,0.021119780363274665,0.03264378494835792,0.03485033642317199,0.5,0.04972467863667958,0.10890441682801118,2024
WR,season_to_date_ypt,4863,1,0.16388722116596055,0.281688724950602,0.002263272244695031,-0.005727552710478484,0.5,0.02988845103943139,0.10699311940415873,2024
WR,favorite_points,4863,1,0.05612024240242343,0.04363369440432423,0.021955894502954182,0.02004493516135563,0.5,0.02144554595049861,0.10050628647378752,2024
WR,season_to_date_pass_ypa,4863,1,0.09099097506310497,0.04463518957007527,0.020122883633422628,0.016309468136595836,0.5,0.016737019302025383,0.10019557903351509,2024
WR,roll5_carries,4863,1,0.07725973145739848,0.08703998820163594,0.017597666112593884,0.014421891283040734,0.5,0.019045297610496746,0.09995039406020678,2024
WR,preseason_redzone_target_rate,4863,1,0.08277116728612892,0.16599780586372156,-0.005843256027640702,-0.010033742899415752,0.5,0.020533224571764794,0.09915919307272865,2024
WR,roll3_carries,4863,1,0.07408145452924228,0.08316468688790096,0.017115745442520498,0.014088310260979594,0.5,0.01596821603743672,0.09905085065798018,2024
WR,response_rushers5_rate_24,2476,0.5091507300020564,-0.1005740504163378,-0.08929409038041004,-0.005677410222990362,-0.014647731504838547,0.5,0.014647731504838547,0.0984720572717706,2024
WR,roll3_carry_share,4863,1,0.07294778745414085,0.08430459305435264,0.01606170747952788,0.013054580409414731,0.5,0.014773297554694581,0.09824288014234234,2024
WR,team_spread_line,4863,1,0.060759121336711346,0.04154747572785933,0.017652012716459723,0.015333993626268236,0.5,0.024660101196643636,0.09809717654963522,2024
WR,opp_pos_fppg_allowed_roll4,4863,1,0.01776636167714884,0.0066369705373169555,0.022220486008264772,0.02223987772735505,0.5,0.024804656825694413,0.09804118177199843,2024
WR,underdog_target_interaction,4863,1,0.14828620298175074,0.12265944682442077,0.009530270052032021,0.0023753124771369537,0.5,0.0029531981093214,0.09719316051465858,2024
WR,favorite_rush_interaction,4863,1,0.0810308538291573,0.08663727058448195,0.010270497825443403,0.006644239003068162,0.5,0.02773104811421183,0.09615053676743608,2024
WR,tw_combine_athleticism_z_24,4863,1,-0.013557508394895959,0.009507028977681286,-0.01778478369512264,-0.017832533674944376,0.5,0.02607301300236003,0.09520334951944064,2024
WR,season_pass_attempts_prior,4863,1,0.09779043409540704,0.10251302129969983,-0.002195166158604205,-0.007009568024733716,0.5,0.01324490377074041,0.09471939240006753,2024
WR,season_carries_prior,4863,1,0.07695875714017493,0.09628480413521807,0.00838897824641925,0.004907367064174979,0.5,0.021785018117786596,0.09455408878676361,2024
WR,response_zone_rate_24,2476,0.5091507300020564,0.07015404851174668,0.011270233799602906,0.008412884497770308,0.014329114011747498,0.5,0.014329114011747498,0.09396202613830709,2024
WR,response_man_rate_24,2476,0.5091507300020564,0.07015404851174663,0.011270233799602906,0.008412884497770303,0.014329114011747482,0.5,0.014329114011747482,0.09396202613830708,2024
WR,def_deep_epa_allowed_roll4,4863,1,0.01789008460480185,0.008977531943024367,0.014872548926738966,0.014592609283570842,0.5,0.02563770581240795,0.09339713359823221,2024
WR,wr_redzone_matchup,4863,1,0.06195132599412617,0.1728516781124779,0.0020086482843137783,-9.405797913295268e-4,0.5,0.015514997908183635,0.0930195926098725,2024
WR,te_redzone_matchup,4863,1,0.06195132599412617,0.1728516781124779,0.0020086482843137783,-9.405797913295268e-4,0.5,0.015514997908183635,0.0930195926098725,2024
WR,response_pressure_rate_24,2476,0.5091507300020564,-0.03125549407362901,-0.07888054353877234,-0.008796592276124645,-0.011054743328362069,0.5,0.011054743328362069,0.09271426821746433,2024
WR,tw_college_missing_24,4863,1,-0.10183939150637698,-0.12196793319561121,-0.003481418950859814,0.0013959926328598062,0.5,0.002192839089297475,0.0925605938021271,2024
WR,talent_weight_24,4863,1,-0.10183939150637698,-0.12196793319561121,-0.003481418950859814,0.0013959926328598062,0.5,0.002192839089297475,0.0925605938021271,2024
WR,wr_deep_matchup,4863,1,0.058006646726279094,0.10900846309005337,0.007270231546676323,0.004702398615072604,0.5,0.00680125257098101,0.09209532094287626,2024
WR,matchup_abs_232,4863,1,0.12097079923675659,-0.0177182044935159,0.007259173358054681,0.0014980299727157009,0.5,0.014932032581078492,0.0916863701193665,2024
WR,calibrated_matchup_delta_23,4863,1,-0.12097079923675659,0.0177182044935159,-0.007259173358054681,-0.0014980299727157009,0.5,0.014932032581078492,0.0916863701193665,2024
WR,roll5_pass_attempts,4863,1,0.08595603622194765,0.0899375065215884,2.0188831102546254e-5,-0.004165631611107767,0.5,0.010952917299478813,0.09160416098363611,2024
WR,response_avg_box_24,2476,0.5091507300020564,0.02036110708259489,0.13200564642472237,-0.008605076191393966,-0.006011728972138676,0.5,0.006011728972138676,0.09152110810956338,2024
WR,underdog_points,4863,1,-0.04960233074763955,-0.036377548175686024,-0.008682524412939338,-0.006586846433301514,0.5,0.021616373983140626,0.09126951004303316,2024
WR,season_to_date_rush_td_rate,4863,1,0.04424201182290383,0.06584492944249795,0.006192383682883046,0.004268693301497904,0.5,0.012501299870838268,0.08969362347102136,2024
WR,def_explosive_pass_rate_roll4,4863,1,-0.009520386611332868,-0.010653961829102512,-0.010825174592456344,-0.0107924861978875,0.5,0.016856092108915914,0.08959737349418881,2024
WR,season_to_date_rush_ypc,4863,1,0.022706517555630558,0.058599411146076245,-0.004634397502115407,-0.005919486223769451,0.5,0.014480716669358297,0.08866019083056528,2024
WR,opp_avg_box_roll4_24,4717,0.9699773802179724,0.0050382595635776635,0.004111172822233678,-0.011212637464010584,-0.011898370115714157,0.5,0.00577908414560848,0.08850874659194713,2024
WR,season_to_date_pass_td_rate,4863,1,0.012303028899544101,0.014889115371096894,-0.006753479642217902,-0.007618050176011324,0.5,0.022107714060889922,0.08822986435011822,2024
WR,snap_trend,4863,1,0.03933911434651759,0.029567856841691196,6.880044075077267e-4,-0.0012022527739621782,0.5,0.035092335115056855,0.0877086017806802,2024
WR,prior_yards_per_carry,4863,1,0.03949591960660488,0.07629873158041237,-8.491766442114587e-4,-0.002804345573090344,0.5,0.003434878109752966,0.08712983625301253,2024
WR,response_adjustment_raw_24,4863,1,0.010987120267065097,0.021057659531701748,-0.006501570970442323,-0.00729270620750519,0.5,0.0073685595224130505,0.08673167177018277,2024
WR,expected_team_pass_rate,4863,1,0.05315143243508386,0.04619783496921711,0.0031177373544856338,6.401627902754117e-4,0.5,9.769415996117295e-4,0.08608946409473742,2024
WR,response_avg_pass_rushers_24,2476,0.5091507300020564,-0.0012788617238776946,-0.004251789482185713,-0.0077723582950740885,-0.007291076625166271,0.5,0.007291076625166271,0.08574808195272285,2024
WR,def_deep_pass_rate_roll4,4863,1,-0.0037791784823218884,-0.007592426809997412,-0.003051188267274321,-0.002988600986043715,0.5,0.03059789984345088,0.08551671159862301,2024
WR,opp_man_rate_roll4_24,4863,1,-0.010891589417270607,-0.017859858071782288,-0.0036380617294091587,-0.0032520781887469315,0.5,0.016826373797154525,0.08521677348736671,2024
WR,opp_zone_rate_roll4_24,4863,1,0.010891589417270617,0.017859858071782288,0.003638061729409135,0.0032520781887469415,0.5,0.01682637379715453,0.08521677348736671,2024
WR,def_pass_epa_allowed_roll8,4863,1,0.0034147108436110587,0.00709578620293383,-0.003066366560644745,-0.0033545841054758497,0.5,0.014530976031686814,0.0840253376695444,2024
WR,def_sack_rate_roll4,4863,1,0.0020079552978020513,-0.001197187363039819,0.00430694535145861,0.004380611382427525,0.5,0.007544422850676105,0.08371019185539778,2024
WR,def_rush_success_allowed_roll4,4863,1,0.002952410130999222,0.01144561375415657,0.0023908959846942043,0.002342290548900291,0.5,0.013971372100377286,0.08354186551523479,2024
WR,team_skill_questionable_count,4863,1,0.004184255425763814,0.007729117409704145,-0.0014117766406642005,-0.0016717084557974988,0.5,0.018835706913083772,0.08345649912562345,2024
WR,legacy_gap_vs_base_232,4863,1,0.0012010604302900004,0.013274148975247008,0.0035833332813441864,0.0036674868177317705,0.5,0.0047663626553530345,0.08340834363570565,2024
WR,carry_trend,4863,1,-7.027716638835604e-4,0.024287981124688742,6.619105807646386e-4,7.224899641184942e-4,0.5,0.006537574824947004,0.08211650914001326,2024
WR,opp_avg_pass_rushers_roll4_24,4863,1,0.005414184702853807,0.0057374689166460125,-0.01569455915632415,-0.016574492161783038,0,0.014372595285133969,0.012405699089690655,2024
WR,opp_pressure_rate_roll4_24,4863,1,0.004708607778460835,7.187161946616687e-4,-0.010289971312436247,-0.010926063470227796,0,0.01018716122476198,0.008182721583201965,2024
WR,opp_rushers5_rate_roll4_24,4863,1,0.011402199007134713,0.011210831174034536,-0.002051620067180341,-0.0026880598972190057,0,0.018842819512318754,0.004597188710232998,2024
TE,direct_gap_vs_base_232,2395,1,-0.028774287374263723,-0.03112849828474014,0.15983842543587312,0.1707930481106768,1,0.13937731987192908,0.2838068629634147,2024
TE,roll5_targets,2395,1,0.4703773771044132,0.47355393328428724,0.17776128926516968,0.0710298642640707,1,0.07235284048038311,0.28334011063492165,2024
TE,roll3_offense_snaps,2395,1,0.4002472821549378,0.44012380229387027,0.14472287218608265,0.07646924766760917,1,0.07791871142964685,0.2733677760653498,2024
TE,roll3_offense_pct,2395,1,0.396155205110274,0.4419341437529813,0.1403783088568789,0.07351892188937394,1,0.07538222185088722,0.27074607538387485,2024
TE,roll5_offense_pct,2395,1,0.3923466945281238,0.4410561110834369,0.1354961285005485,0.06984310001185719,1,0.07150268710255703,0.26747656510038126,2024
TE,tw_draft_capital_log_24,2395,1,0.3309159925176423,0.37866171957701134,0.12172455963959511,0.07639400527705884,1,0.07697613773423777,0.2615639274446384,2024
TE,season_targets_prior,2395,1,0.3907853705878945,0.4147011069008319,0.12547266738931684,0.059800190352148945,1,0.06021787327771492,0.25877702061263075,2024
TE,xfp_gap_vs_base_232,2395,1,0.009557730392717305,1.8969467130506066e-4,0.12225021952280136,0.13157865479874722,1,0.10897030490290113,0.2536361654111955,2024
TE,role_fppg_trend,2395,1,0.0027188195545462986,0.015167731094426375,-0.11592615324952794,-0.12589113057356713,1,0.11969728819264958,0.2511175957921091,2024
TE,roll3_ngs_cushion,2395,1,0.3655340973729593,0.3918783634623043,0.09171382627443803,0.03414501396067326,1,0.03428955829738047,0.2355540838544669,2024
TE,tw_college_missing_24,2395,1,-0.2055420096171103,-0.2283536843849427,-0.08428054288687242,-0.064006315479925,1,0.06459485324099812,0.2333505252132046,2024
TE,talent_weight_24,2395,1,-0.2055420096171103,-0.2283536843849427,-0.08428054288687242,-0.064006315479925,1,0.06459485324099812,0.2333505252132046,2024
TE,games_played_prior,2395,1,0.20796741208552919,0.2283536843849427,0.08267331470064522,0.06177829429035626,1,0.062286076171986254,0.23197581255381966,2024
TE,roll3_rec_td_rate,2395,1,-0.0011700186366344985,0.1547735382122048,-0.08038524648383986,-0.08798054011509387,1,0.07714693202427415,0.2286124169238979,2024
TE,projected_td_points_232,2395,1,0.3598625942027084,0.37315938619762556,-0.0012230492908401503,-0.045898134989220324,1,0.038565704867470345,0.21992098912627192,2024
TE,season_to_date_rec_td_rate,2395,1,-0.017092676165003002,0.1575409021708921,-0.059767978347588555,-0.06386442663193527,1,0.0577644425348561,0.21307565533210376,2024
TE,tw_combine_missing_24,2395,1,-0.1507316329600862,-0.18744443195954905,-0.04943315851608252,-0.03452163104347391,1,0.03435994490050666,0.205352049657835,2024
TE,wr_volume_matchup,2144,0.8951983298538622,0.06533589535446152,0.0599179024547872,0.05108892619051234,0.048279520663500476,1,0.051871513533882994,0.20302098361343038,2024
TE,favorite_rush_interaction,2395,1,0.09118102052658622,0.09172810540596511,0.04668821349419099,0.04001347239001252,1,0.04195121753004873,0.20041217257336594,2024
TE,implied_team_total,2395,1,0.11677734580695627,0.0871518015023858,0.04392940793675162,0.03340099734339863,1,0.037930458967504285,0.197978647335576,2024
TE,tw_draft_overall_24,2395,1,-0.09857910253530695,-0.0351555034450748,-0.0414524000038735,-0.03319179675217821,1,0.03544506094178863,0.1939255550208673,2024
TE,team_skill_questionable_count,2395,1,0.02093493242932472,0.0015281313003354408,0.0416015990957477,0.04341767194598451,1,0.04406615642742923,0.1931116108588938,2024
TE,roll3_targets,2395,1,0.4597548466023103,0.4669381220963257,0.15678404071498578,0.05617552590920099,0.5,0.08460612207713125,0.19280963772686605,2024
TE,roll3_target_share,2395,1,0.4583534278619132,0.4687392342326696,0.15675900291997558,0.05716162691683121,0.5,0.07757492769480673,0.192503131757966,2024
TE,is_home,2395,1,0.04225340534919053,0.0358920409483479,0.03867460855564283,0.037528479547386855,1,0.038973760360470205,0.19213863728707628,2024
TE,def_pass_epa_allowed_roll4,2395,1,0.0285706450077273,0.01808709041661822,0.037646873017210716,0.03810591922830781,1,0.04240832996704572,0.19096535345350857,2024
TE,team_spread_line,2395,1,0.09456005207564216,0.058908606554859924,0.036573061131025514,0.028334599895781177,1,0.0286974864622248,0.19084630143800907,2024
TE,prior_rec_td_rate,2395,1,0.05155473768435889,0.16351591359799597,-0.02171545895238307,-0.030236487507646643,1,0.028865725283893577,0.18999721905610661,2024
TE,prior_yards_per_target,2395,1,0.14189314781191717,0.16445901086549375,-0.007347614931740248,-0.02549053979950889,1,0.025652119273130942,0.18997966323142448,2024
TE,tw_draft_round_24,2395,1,-0.05987271098490347,-0.03130585677169327,-0.03409083176242613,-0.030186114886301466,1,0.032667289326748464,0.18828947710261718,2024
TE,underdog_points,2395,1,-0.07483154836547094,-0.04922377395346245,-0.033381680001803894,-0.02744075246417306,1,0.02763252167609958,0.18809118166302624,2024
TE,projected_opportunities_232,2395,1,0.5011359697786459,0.5319466426126049,0.1733380553794729,0.03127702876103965,0.5,0.05370816394436677,0.18798756454878035,2024
TE,projected_touch_opportunities_232,2395,1,0.5011359697786459,0.5319466426126049,0.1733380553794729,0.03127702876103965,0.5,0.05370816394436677,0.18798756454878035,2024
TE,roll3_team_carries,2395,1,0.04336578864291755,0.0270613892430873,0.03350361289878468,0.03165563314650299,1,0.03374837617474659,0.1877254012650371,2024
TE,expected_team_plays,2395,1,0.05137456699774613,0.056089024701466886,0.032069063005303954,0.02904119739821428,1,0.03007035739326521,0.18758556751566682,2024
TE,def_sack_rate_roll4,2395,1,-0.037401662738750965,-0.0361753742207323,-0.03228414084452004,-0.031060188247770577,1,0.032945052578326105,0.18713341004084502,2024
TE,opp_man_rate_roll4_24,2395,1,0.0030381319948442494,0.009878068645200556,0.03526573703449268,0.03860053838344556,1,0.023589403050473804,0.1869070392391816,2024
TE,opp_zone_rate_roll4_24,2395,1,-0.0030381319948442486,-0.009878068645200556,-0.03526573703449259,-0.03860053838344556,1,0.0235894030504738,0.18690703923918156,2024
TE,season_to_date_pass_td_rate,2395,1,0.02263166295185446,0.055614504944736694,-0.028118159302996826,-0.03381458580659267,1,0.026913216725291608,0.18666192273285812,2024
TE,carry_trend,2395,1,-0.008885774302003775,0.00852233836383255,-0.03208319142212371,-0.034381591288402055,1,0.03356120397371969,0.18572873084404157,2024
TE,tw_combine_athleticism_z_24,2395,1,0.13822654424519668,0.15456930763074253,0.025779118689854406,0.010444712090576597,1,0.011347947783666679,0.18566934492811832,2024
TE,favorite_points,2395,1,0.0900326862483354,0.05273398791178406,0.030136002898051368,0.021823828689515767,1,0.022249777422345032,0.18553222712077394,2024
TE,def_pass_epa_allowed_roll8,2395,1,0.029788854230168516,0.015369489597060821,0.03062608841363386,0.030181854140993353,1,0.035727957268814996,0.1853890247547907,2024
TE,def_redzone_rush_td_rate_roll4,2395,1,0.03275933977801637,0.033435620079214155,0.03044110309854529,0.029603711558244147,1,0.02905182789508349,0.1853387695155004,2024
TE,def_explosive_pass_rate_roll4,2395,1,0.021510951343434274,-0.002557010578776624,0.031601243186988114,0.03229417250323438,1,0.03428835521820216,0.18533759897807314,2024
TE,season_week,2395,1,0.02565606246566494,0.030704427481089834,0.030471799072916694,0.030528242502158867,1,0.03042045717306091,0.18533524421143796,2024
TE,roll3_carry_share,2395,1,0.09128378742274527,0.11421221057928614,0.025928008519355672,0.017009236415670405,1,0.018169496250082587,0.18471050646238424,2024
TE,prior_yards_per_carry,2395,1,0.08250739847339843,0.06221999434242789,0.02716272698951764,0.01953969341311287,1,0.019046488686250213,0.18352636372192732,2024
TE,injury_risk,2395,1,0.017113117283353397,0.01836932788770559,-0.025499442932562736,-0.03027855792497722,1,0.0318741983936624,0.18327585176552993,2024
TE,rest_days,2395,1,-0.025327929544501783,-0.0034073827265762397,-0.02598199771753063,-0.025598242980908032,1,0.026008352039687693,0.18072410783554008,2024
TE,tw_combine_speed_score_24,2395,1,0.1045493766621789,0.097238647323726,0.02131721538102236,0.010163135423097387,1,0.008789445643302717,0.17999975731853587,2024
TE,prior_catch_rate,2395,1,0.06366370836926936,0.045782374045241325,-0.011093755843242766,-0.020101609516277576,1,0.020072681005462504,0.17854168784686203,2024
TE,tw_combine_height_in_24,2395,1,0.10117227235335349,0.02015619860789019,0.023337540886836167,0.012834087208600022,1,0.009924437201397142,0.1783936036283725,2024
TE,opp_blitz_rate_roll4_24,2395,1,0.01846119906774007,0.021751429051788954,0.022209435694467625,0.022280359186395822,1,0.020646925022492008,0.1782862483194543,2024
TE,weekly_is_rookie,2310,0.964509394572025,-0.04166406875147016,-0.04536880028027821,0.013227582225198377,0.020778934689067455,1,0.02018764341370099,0.17797058113662143,2024
TE,preseason_redzone_target_rate,2395,1,0.033990485332723815,0.16192822576549074,-0.00900737783899702,-0.014184338326436825,1,0.010381305413280813,0.17749373391359397,2024
TE,preseason_prior_fppg,2395,1,0.4764703566709039,0.4794397033127042,0.1439436447447152,0.02940630883306257,0.5,0.05160322711566224,0.17694438379805225,2024
TE,tw_combine_weight_24,2395,1,0.09869583868477315,0.015352653941170304,0.021712790049897363,0.011378595228954588,1,0.008419624623135155,0.17693364274818507,2024
TE,tw_combine_bmi_24,2395,1,0.09686561367539864,0.013454530525640098,0.021676035994482465,0.011581735670379198,1,0.008768445339838596,0.17686001947587882,2024
TE,tw_combine_cone_24,2395,1,0.04438729726244415,0.0636520309803973,0.016565818140847538,0.012757331829608616,1,0.011955382691797658,0.17540741670356438,2024
TE,tw_combine_shuttle_24,2395,1,0.03538361199356961,0.0468036991104823,0.017142097226683726,0.014538573509985641,1,0.013369414857507155,0.17520956843384858,2024
TE,weekly_age,2310,0.964509394572025,0.1079026518186679,0.0777719668456495,0.007338294962425922,-0.007485345060191907,1,0.0085949142418523,0.1752027990241456,2024
TE,def_middle_epa_allowed_roll4,2395,1,-0.013718615656852753,-0.01100513947288865,-0.012975539630040254,-0.012650220144376672,1,0.012445045092704058,0.1706755382068442,2024
TE,wr_redzone_matchup,2395,1,0.03222711017171213,0.15577002041501997,1.7691754944716728e-4,-0.0038328382249993185,1,0.00227426747094635,0.17004056808937626,2024
TE,te_redzone_matchup,2395,1,0.03222711017171213,0.15577002041501997,1.7691754944716728e-4,-0.0038328382249993185,1,0.00227426747094635,0.17004056808937626,2024
TE,expected_team_pass_rate,2395,1,5.207951977396137e-4,0.006329047881184268,-0.011282392965608597,-0.012553005244998274,1,0.01386517998389188,0.16942531628083413,2024
TE,def_rush_epa_allowed_roll4,2395,1,0.01079177119395124,0.004287381128538071,0.007637326820189122,0.00710602131519565,1,0.012800193196751752,0.16676376168927753,2024
TE,team_skill_out_count,2395,1,-0.005252410930782605,-0.011685068292018696,-0.005814369745095041,-0.005780534226088256,1,0.0036181704315873804,0.16485135014956442,2024
TE,expected_fppg_232,2395,1,0.4856988784776564,0.515101566527177,0.12225021952280143,-8.50505951933458e-5,0.5,0.04722917635425779,0.16139968255016976,2024
TE,roll5_fppg,2395,1,0.46641381114527264,0.4834315435803243,0.10358130934542023,7.504384445942194e-4,0.5,0.0899376625309126,0.15941892886774262,2024
TE,roll3_fppg,2395,1,0.43342891477751555,0.45769106445805235,0.0231775786477149,-0.041259954514480925,0.5,0.11881068145407193,0.1586226938089595,2024
TE,season_to_date_fppg,2395,1,0.4608760591799246,0.48075288113164194,0.10046962058600471,0.0018180872641301248,0.5,0.0638674688491139,0.15613633886082826,2024
TE,model22_gap_vs_base_232,2395,1,0.06965447721381741,0.05242825803285766,0.08608250873605527,0.0865893034892102,0.5,0.12803900095058868,0.15438595843660266,2024
TE,role_vs_prior_232,2395,1,0.1600676782048625,0.1542775332442502,-0.05806307229747645,-0.07832929452216868,0.5,0.11400658194684246,0.15284799982150166,2024
TE,roll3_ngs_air_yard_share,2395,1,0.3912558815200333,0.41737469456453935,0.08048879098455378,0.01509173530304341,0.5,0.0620840981840795,0.1504248133360716,2024
TE,legacy_gap_vs_base_232,2395,1,0.021653656615914892,-0.019812834675364713,0.07998045124664242,0.08541790236776313,0.5,0.12086875641299386,0.1476498266939907,2024
TE,roll3_ngs_separation,2395,1,0.3351977887410152,0.3768068462892056,0.07475742170323141,0.025787126318373405,0.5,0.02883161523585062,0.14534452852804194,2024
TE,response_blitz_rate_24,1188,0.4960334029227557,-0.08094861364540043,-0.039563159305126015,-0.07397659039033386,-0.07545579421960795,0.5,0.07545579421960795,0.14195130607099865,2024
TE,prior_game_fppg,2395,1,0.34428251332026805,0.380256771569365,0.022979588108977683,-0.02420714366114444,0.5,0.09473417790874705,0.14056314917452115,2024
TE,matchup_abs_232,2395,1,0.17649476059174907,0.06651062319059761,0.0733201117395365,0.056868935213561594,0.5,0.06484857624493451,0.1397503455600162,2024
TE,talent_prior_fppg_24,2395,1,0.19701069508378447,0.2502639929092577,0.06309553012905546,0.04212100113870132,0.5,0.052513882274523346,0.13865442675549644,2024
TE,opportunity_per_snap,2395,1,0.2573385303209242,0.31049602362327455,0.05531515800950903,0.022922374248548007,0.5,0.07463275677156919,0.13712016038782548,2024
TE,roll3_fppg_sd,2395,1,0.2923366285566806,0.3012431049916232,0.01384170887457392,-0.024021563957161523,0.5,0.11339529259433453,0.13406368398691332,2024
TE,projection_spread_232,2395,1,0.26317497019854497,0.27881383964608997,-0.009735947544430646,-0.0418858005328169,0.5,0.04839570466963694,0.13151656694827782,2024
TE,model_disagreement_23,2395,1,0.3253902588844985,0.348549238070659,0.04738926234009145,0.0014330430629153747,0.5,0.06484243790543717,0.13097714464768456,2024
TE,target_trend,2395,1,0.019994720645148616,0.027196044409488272,-0.04769132194140014,-0.054883859214657764,0.5,0.06888418799381768,0.12271925551173452,2024
TE,response_rushers5_rate_24,1188,0.4960334029227557,-0.0424310846863447,-0.086174955124027,0.05082202121850541,0.042656546226533025,0.5,0.042656546226533025,0.11935511199201013,2024
TE,talent_gap_weighted_24,2395,1,-0.3138599589573021,-0.21053131630935554,-0.04095523608017127,0.0023415906766578154,0.5,0.015167083190719858,0.1187631785307183,2024
TE,role_5_vs_prior_232,2395,1,0.18011212179343156,0.18396901191426,-0.004475416437751264,-0.027106427448743007,0.5,0.0763350767335895,0.11816828660231259,2024
TE,calibrated_matchup_delta_23,2395,1,-0.1280308766387208,-0.007097301826547692,-0.04619688152158876,-0.03430093274606372,0.5,0.03228605906608276,0.11576405626608971,2024
TE,qb_pass_matchup,2144,0.8951983298538622,-0.013988599522729525,0.003460137408027513,-0.04437235457390422,-0.04740128245542919,0.5,0.04758054145340031,0.1154062322505641,2024
TE,response_avg_box_24,1188,0.4960334029227557,-0.052738942417163016,-0.05687069636635405,0.04588285924800901,0.0371625565450235,0.5,0.0371625565450235,0.11485792283765812,2024
TE,opp_pos_residual_roll8,2395,1,0.03368831502470118,0.020960365277885157,0.0430117805618091,0.04340582669687958,0.5,0.040566504459243216,0.11460940289480923,2024
TE,opp_avg_pass_rushers_roll4_24,2395,1,-0.0161325723882928,-0.008554405499462566,-0.043445961436845613,-0.046035108967945694,0.5,0.03920380435477265,0.11412336828139656,2024
TE,roll3_ypt,2395,1,0.090740458625417,0.15794200007326706,-0.02050449550104735,-0.03348228128594613,0.5,0.03077180898428284,0.11341283556921178,2024
TE,snap_trend,2395,1,0.05955788001677065,0.06250790972345682,0.034105931567742324,0.030243712115214417,0.5,0.04172692463001463,0.11045214568623934,2024
TE,opp_pressure_rate_roll4_24,2395,1,-0.016383894612963384,-0.018912157772857107,-0.03719327140142846,-0.039106573017552784,0.5,0.025648341496181632,0.10891163451299668,2024
TE,matchup_role_interaction,2395,1,0.03666091837891279,0.00986053838841361,0.03350614803080533,0.03250775287721999,0.5,0.03447827966662295,0.10706651338014317,2024
TE,season_carries_prior,2395,1,0.08574849790120656,0.18400722621776672,0.023136154984074297,0.01466381922984261,0.5,0.017696650952779835,0.10552362219109128,2024
TE,underdog_target_interaction,2395,1,0.08298952442734002,0.06641315823608344,-0.013478405610935482,-0.025014896122843768,0.5,0.04365213009771268,0.1054726164108552,2024
TE,roll3_ngs_yac_oe,2395,1,0.1261552046310174,0.16897402457738825,2.172042124567018e-5,-0.015745749827987866,0.5,0.04481914623369358,0.10542818130475488,2024
TE,def_pass_success_allowed_roll4,2395,1,0.017970724209664835,0.014974681974477424,0.028478489459044454,0.02927906949878546,0.5,0.033456216477884756,0.10358532924982715,2024
TE,roll5_carries,2395,1,0.09000013839815428,0.14304665346610765,0.022177523551274326,0.013044627508765855,0.5,0.018095778004947313,0.10328925097799031,2024
TE,def_rush_success_allowed_roll4,2395,1,0.036031484766383085,0.019922311196137167,0.02590114841675432,0.024160429336121326,0.5,0.03150011789799891,0.10195442629648527,2024
TE,response_zone_rate_24,1188,0.4960334029227557,-0.04589551645150231,0.017983249342318076,-0.023167557165578737,-0.025419898485665834,0.5,0.025419898485665834,0.10178827074975642,2024
TE,response_man_rate_24,1188,0.4960334029227557,-0.045895516451502284,0.017983249342318076,-0.023167557165578702,-0.02541989848566581,0.5,0.02541989848566581,0.10178827074975641,2024
TE,tw_early_declare_heuristic_24,2395,1,0.06702619659504064,0.10473409448278419,0.018800729366222527,0.012324278510266302,0.5,0.03587988833593551,0.10111128184348817,2024
TE,response_avg_pass_rushers_24,1188,0.4960334029227557,-0.11945622549949966,-0.1174809237357583,-0.004157523005255349,-0.014232408776954643,0.5,0.014232408776954643,0.1001821181045729,2024
TE,weekly_experience,2310,0.964509394572025,0.12432541409368156,0.12915432224332052,0.006347791366814485,-0.011000325320920485,0.5,0.015345280502918118,0.10017687652113132,2024
TE,wr_deep_matchup,2395,1,0.0472703182245646,0.1432237269098284,-0.009267444244130757,-0.016103006057017307,0.5,0.027281627890915542,0.1000954312366146,2024
TE,roll3_team_pass_attempts,2395,1,0.043984059124509124,0.04028910472432683,0.02214862084215375,0.018991609021943676,0.5,0.0263137323944549,0.09973115335037927,2024
TE,response_pressure_rate_24,1188,0.4960334029227557,-0.056318852624554806,-0.09775677054431167,-0.013968757202074926,-0.01781067347270357,0.5,0.01781067347270357,0.0996240787695081,2024
TE,opp_pos_residual_roll4,2395,1,0.021094364028165946,0.0243532923501659,0.02209354029242377,0.021822785141888457,0.5,0.03188399701670919,0.0994543418612939,2024
TE,def_te_residual_roll4,2395,1,0.021094364028165946,0.0243532923501659,0.02209354029242377,0.021822785141888457,0.5,0.03188399701670919,0.0994543418612939,2024
TE,tw_combine_vertical_24,2395,1,0.040101566968446994,0.03977997096598819,0.022156446517628377,0.019494632474818804,0.5,0.01788086450265735,0.09884754318031422,2024
TE,season_to_date_pass_ypa,2395,1,0.06914488981079335,0.07230816550012459,0.014639859581724226,0.007456810466936294,0.5,0.050958640728296145,0.09848951358557476,2024
TE,rb_rush_matchup,2144,0.8951983298538622,-0.07460270356343045,-0.07639446928558118,-0.01627692080809848,-0.008354923222191751,0.5,0.03832503363494371,0.09845443467982566,2024
TE,response_adjustment_raw_24,2395,1,-0.07370874858571147,-0.012664945918622822,-0.02301021141557527,-0.016107241152287493,0.5,0.008936719617084903,0.0976500825089834,2024
TE,preseason_middle_target_rate,2395,1,0.11745703497958605,0.12677947499258457,0.007337072268589635,-0.006771065437780384,0.5,0.008470633906058475,0.09742366787204187,2024
TE,season_to_date_catch_rate,2395,1,0.1007559575708422,0.06073279762028113,0.017442104923405657,0.00641751997252369,0.5,0.021773152336832316,0.0971846060643542,2024
TE,season_to_date_rush_ypc,2395,1,0.07013467456289474,0.11087929263058915,0.0010352537072876946,-0.00763198545557432,0.5,0.045201725971522846,0.09659661448309405,2024
TE,roll3_carries,2395,1,0.08451341939168175,0.11344530558368066,0.01434834359741126,0.005147895653518512,0.5,0.014879071339910689,0.09641527628674745,2024
TE,season_to_date_ypt,2395,1,0.0882949874755982,0.1569564696688918,0.005285121625043104,-0.0052716048196130155,0.5,0.01366678060580544,0.09631943687761906,2024
TE,prior_rush_td_rate,2395,1,0.012538851850574946,-0.052610176378669375,-0.015311990399763921,-0.01849551174070291,0.5,0.02120148332725215,0.09611363931794978,2024
TE,tw_combine_broad_24,2395,1,0.03148776209594741,0.026775302710828938,0.018125681219967126,0.016120711501092715,0.5,0.019525749161670377,0.09567120144920876,2024
TE,rb_receiving_matchup,2144,0.8951983298538622,0.008583155651619602,-0.009979378736350047,0.015383842007003804,0.015975994490558393,0.5,0.0413640150012511,0.09514492891625165,2024
TE,tw_age_at_draft_24,2395,1,0.11014689538395854,0.03512331770154144,0.01672964413004122,0.0043953519766186935,0.5,0.008758120659506635,0.09441612803583876,2024
TE,roll3_catch_rate,2395,1,0.0911623961593725,0.04856065694461998,0.006635170877543513,-0.004161896342378291,0.5,0.03057161155199839,0.09367706525940545,2024
TE,opp_rushers5_rate_roll4_24,2395,1,-6.988296735912447e-4,-5.633569320233863e-5,-0.014994315409391702,-0.01650751065984906,0.5,0.03228705694445981,0.09350479276979234,2024
TE,season_pass_attempts_prior,2395,1,0.06208702890650756,0.06648454909820932,0.012218154995805345,0.005691056182283146,0.5,0.01749356522036031,0.09321219791599096,2024
TE,prior_yards_per_attempt,2395,1,-0.03325940228987614,-0.09875244021173185,-0.008541304835273607,-0.005285584761290564,0.5,0.023871992741323938,0.09243189368349647,2024
TE,roll3_pass_attempts,2395,1,0.05551547756615485,0.06568125860507606,8.706822769608243e-4,-0.00598136489686391,0.5,0.03385148796263262,0.09204705115204982,2024
TE,roll3_pass_attempt_share,2395,1,0.056224160365351855,0.06563535805480022,2.4023728958593615e-4,-0.006763613889504978,0.5,0.023481995065393196,0.09124063348795344,2024
TE,tw_combine_forty_24,2395,1,0.07515230705096192,0.03278925424771111,0.01254474433015974,0.004374243952791625,0.5,0.00304035934741184,0.09072177074051496,2024
TE,qb_pressure_matchup,2144,0.8951983298538622,0.05363225669489954,0.06627053290211771,0.004114957373797796,-0.002339438751507471,0.5,0.027890903222101485,0.09054570193785748,2024
TE,practice_risk,2395,1,0.041484134587576174,0.053977996457719495,2.47226327953439e-5,-0.005158108225375521,0.5,0.0342759266673208,0.09024760503416814,2024
TE,roll5_pass_attempts,2395,1,0.056688252670596975,0.06465642260656669,0.005866261544487226,-6.274629907258495e-4,0.5,0.02656197998874009,0.09019786205926456,2024
TE,prior_pass_td_rate,2395,1,-0.02934981644621923,-0.10231914801753468,-0.0033161609297638543,2.6812693149225835e-6,0.5,0.031147528387664485,0.0896991892839013,2024
TE,opp_avg_box_roll4_24,2327,0.97160751565762,0.009927627474133534,0.009646783064863487,-0.007129433196447278,-0.00911441699186292,0.5,0.027695462684302175,0.08914760567927361,2024
TE,season_to_date_rush_td_rate,2395,1,-0.012826147693821018,0.04370671017544127,-0.006684032506858939,-0.005795887662858725,0.5,0.024313663165563364,0.0888539635551129,2024
TE,te_middle_matchup,2395,1,0.02318306446693193,0.04842359619682236,-0.00280455673019016,-0.005998470745960003,0.5,0.012167973388863721,0.08768108524872022,2024
TE,def_redzone_pass_td_rate_roll4,2395,1,-0.007275458148430801,0.014822386024299857,-0.0015851191127532107,-8.453445697086711e-4,0.5,0.0356169114713861,0.0852948850010998,2024
TE,def_middle_pass_rate_roll4,2395,1,0.0070443583433324386,-0.01035745871704855,-0.0025546583753479303,-0.0037082685278657687,0.5,0.022749666580011853,0.08523142413156323,2024
TE,opp_pos_fppg_allowed_roll4,2395,1,-0.00282835422095073,-0.013433443780956438,-0.0028634577171072584,-0.002816588497740581,0.5,0.02175468811671326,0.08469543568298127,2024
TE,def_rush_epa_allowed_roll8,2395,1,-0.0032847198948644457,0.004117550755331281,-0.004510599817975341,-0.004583086012843354,0.5,0.01008769721911196,0.08428778303116509,2024
TE,def_qb_hit_rate_roll4,2395,1,-0.017378670151650403,-0.019648111902493413,-0.002048208883488667,-9.413915096509955e-5,0.5,0.014430654454413484,0.08376185452841296,2024
QB,roll3_pass_attempt_share,1960,1,0.44057522919718184,0.3919004773638999,0.15238752972788622,0.1135857369901075,1,0.10545319588882324,0.2938871185112494,2025
QB,roll3_offense_snaps,1960,1,0.43658132505994585,0.39514025260128716,0.14603381516857022,0.10851604620414097,1,0.11669271027342398,0.2913739393778153,2025
QB,roll3_offense_pct,1960,1,0.433542799127905,0.36797661125318676,0.14833450148007965,0.11156489054650512,1,0.10550962123600824,0.2907734388765523,2025
QB,projected_opportunities_232,1960,1,0.5216935623481156,0.4851667961770194,0.15429354837465245,0.0835116028517674,1,0.08565042926330965,0.28829278235446454,2025
QB,roll5_offense_pct,1960,1,0.4301607994497311,0.3657860046534133,0.1414476300004151,0.10577167736131887,1,0.09034876318904704,0.28501854756387035,2025
QB,roll3_pass_attempts,1960,1,0.41825899059593924,0.3778739900129262,0.12990230271683262,0.09756593779852205,1,0.1237815276751287,0.28214485227686875,2025
QB,roll3_ngs_time_to_throw,1960,1,0.3976586598753984,0.31408662504299406,0.13769798958700802,0.1096012466630455,1,0.08983325767931158,0.28173239166979575,2025
QB,roll5_pass_attempts,1960,1,0.4154980926054225,0.3674469601649949,0.12389748799927039,0.09247863353311446,1,0.10470372425345094,0.2761966098320178,2025
QB,tw_draft_capital_log_24,1960,1,0.35263332105759104,0.32941652449622005,0.10802554174291686,0.08839723326291192,1,0.07340232923558095,0.2625673503207271,2025
QB,roll3_ngs_air_yards,1960,1,0.3655510608690773,0.2947371676039901,0.10879278036989382,0.08721742363391906,1,0.07806865342677542,0.2620951453066044,2025
QB,direct_gap_vs_base_232,1960,1,-0.05075172166134172,-0.013048641715891866,0.13439968688313075,0.13202060158256015,1,0.10282040427393228,0.2588656731746734,2025
QB,season_to_date_fppg,1960,1,0.520906487241922,0.5076779614392636,0.0917052910002839,0.03553353922936308,1,0.03477998331079957,0.25013875651956075,2025
QB,roll5_carries,1960,1,0.3367924097047071,0.3406532897517043,0.08617265743947952,0.06940515843316498,1,0.07902751287504742,0.24984457863847012,2025
QB,roll3_ngs_aggressiveness,1960,1,0.2875888201742436,0.252386374832639,0.09399692036667998,0.08230113795576306,1,0.06209773283222123,0.24880635790907235,2025
QB,roll3_carry_share,1960,1,0.3436047788565082,0.3432172395602854,0.08018079978620002,0.06294378346553477,1,0.06012969872315941,0.24443411119460645,2025
QB,expected_fppg_232,1960,1,0.525616706486392,0.5039136910639573,0.08306877608353953,0.028094530417215713,1,0.02606309380124307,0.24437469292547542,2025
QB,roll3_carries,1960,1,0.3301536316935968,0.33257887997399016,0.07806435363794677,0.062439046486207725,1,0.05728341405617817,0.24223927183074875,2025
QB,season_to_date_rush_ypc,1960,1,0.2691067010049542,0.3032551076283084,0.08053575979844822,0.07057965951110766,1,0.06384781598491626,0.24202271211424503,2025
QB,prior_game_fppg,1960,1,0.4477595821648174,0.4436285014898589,0.06891760175857804,0.03843529994409134,1,0.04470113031202699,0.24038552638409164,2025
QB,season_to_date_pass_ypa,1960,1,0.29307144437378824,0.343165978351032,0.07111395033066106,0.05933633974598806,1,0.060148406345571365,0.23789209819708615,2025
QB,opportunity_per_snap,1960,1,0.2042058420860487,0.1686432279364242,0.07941790933273805,0.07402166062574338,1,0.08555225529596772,0.23611434268823125,2025
QB,talent_prior_fppg_24,1960,1,0.25166945414628394,0.233281943759718,0.07352540714478063,0.06497049830835513,1,0.051455774575007156,0.23304022131802735,2025
QB,tw_draft_round_24,1960,1,-0.1977831212671713,-0.1324948816163097,-0.07614503809159041,-0.07107103143591299,1,0.07184133485672971,0.230952657609589,2025
QB,tw_draft_overall_24,1960,1,-0.20138663031912163,-0.08370116964899692,-0.07740491039299478,-0.0721436341711733,1,0.07102140867342875,0.22986279211080168,2025
QB,season_carries_prior,1960,1,0.3463582974311366,0.3866951462212481,0.05772496574059322,0.04200646686254692,1,0.025405318125435002,0.22913204405246185,2025
QB,roll3_pass_ypa,1960,1,0.28533621482855,0.31225507361282795,0.06203279280844257,0.05121541724385758,1,0.04343329827074546,0.2291113953215782,2025
QB,is_home,1960,1,0.06396102790503759,0.06600171162934217,0.08020840310930043,0.08025720215368823,1,0.07717646296070038,0.2255492500241411,2025
QB,roll3_rush_ypc,1960,1,0.2393708282041581,0.2694901386819352,0.05691981486621577,0.04937717751639364,1,0.04986570888292718,0.2233891999552724,2025
QB,favorite_rush_interaction,1960,1,0.2702721778113686,0.2698182495530293,0.0506833006899958,0.04139360830159332,1,0.040646397603259755,0.21960934204959753,2025
QB,legacy_gap_vs_base_232,1960,1,-0.026646155674172427,-0.028657611912781208,0.07319947754835837,0.07403894070421403,1,0.09036777621977327,0.21898209159534768,2025
QB,projected_touch_opportunities_232,1960,1,0.2963507008904593,0.29563123134414493,0.04775790580194029,0.03689726256658214,1,0.01384653209642108,0.21699453407122682,2025
QB,tw_combine_athleticism_z_24,1960,1,0.16029895723809878,0.15730219350616578,0.05772882304063662,0.05423708569769849,1,0.05383950167381015,0.21677389240388703,2025
QB,talent_gap_weighted_24,1960,1,-0.0213281033289202,-0.009638214820796576,0.07233002357501957,0.07317891480758905,1,0.0741955818832343,0.2157325223865822,2025
QB,season_to_date_pass_td_rate,1960,1,0.2586552032809168,0.38181806252612915,0.03812747598850224,0.030097822557560345,1,0.010689603058839096,0.21289012519542994,2025
QB,projected_td_points_232,1960,1,0.45165338884350836,0.461070422295832,-0.004668384118010058,-0.011805258920575289,1,0.013509884965785136,0.21287826197162613,2025
QB,prior_pass_td_rate,1960,1,0.18027175261858744,0.2208488334957779,-0.04449775476962295,-0.045353256296682284,1,0.040840008417614905,0.21257213303263145,2025
QB,opp_blitz_rate_roll4_24,1960,1,0.05246131845771054,0.056384297968112035,0.05757529032889685,0.05747754270834612,1,0.04497664958104677,0.20670784779415446,2025
QB,prior_yards_per_attempt,1960,1,0.1275242520253653,0.1765698850847503,-0.041017400058298764,-0.04248939369604771,1,0.0370933635736659,0.20529296024744426,2025
QB,model_disagreement_23,1960,1,-0.04576947830608087,-0.05754887566441598,-0.052291760928324584,-0.052242044510508574,1,0.06194056710109194,0.20468802653369572,2025
QB,response_rushers5_rate_24,1327,0.6770408163265306,0.13855096185329419,0.16658254184433977,0.03470712122259899,0.040174274109328396,1,0.032963044044385104,0.20278142558429946,2025
QB,model22_gap_vs_base_232,1960,1,0.04233451644694442,0.044083917271761044,0.05165897863267631,0.05166812378097509,1,0.050719271712385786,0.202440942136124,2025
QB,tw_combine_cone_24,1960,1,-0.13847408874075207,-0.15987951636968312,-0.03395709420504328,-0.031048104758797573,1,0.035135098829470954,0.19872790058598408,2025
QB,roll3_interception_rate,1960,1,0.01853689112245409,0.1753998622232483,0.03963826786844643,0.03991177023379861,1,0.03359633127609276,0.1969712035131401,2025
QB,def_pass_epa_allowed_roll8,1960,1,0.05672122483237903,0.04472682504266651,0.04235649814184626,0.04188977089358759,1,0.03699215045503939,0.1958036949036663,2025
QB,prior_catch_rate,1960,1,-0.07194915645136435,-0.09378908240116998,-0.035538091445658344,-0.03457877743073062,1,0.02912893109579389,0.19332287243165977,2025
QB,calibrated_matchup_delta_23,1960,1,0.11427038096218631,0.1149341012830997,0.028152189608755537,0.02593808847991893,1,0.042491669053253814,0.19279023268987272,2025
QB,injury_risk,1960,1,-0.007264858358979727,-0.0041121206233466975,-0.044432869227518865,-0.04496171607268875,1,0.03520691577461844,0.1927802198845179,2025
QB,tw_combine_shuttle_24,1960,1,-0.13748597560011955,-0.1598432260333974,-0.025206665435007856,-0.0222908962896646,1,0.014594447448202956,0.19100997515952423,2025
QB,roll3_team_carries,1960,1,0.051219320563289344,0.048984300958794136,0.036427283933692906,0.035978410513390874,1,0.02113536666136032,0.19027100281932174,2025
QB,matchup_abs_232,1960,1,-0.06396112343958214,-0.04441555234215688,-0.02957609659113014,-0.028707979241089907,1,0.051193894407489136,0.18929777147211652,2025
QB,response_avg_box_24,1327,0.6770408163265306,0.13028450187340415,0.15390141386277717,0.014573883176192631,0.020849678949362637,1,0.00791577946288023,0.18672782407069807,2025
QB,season_to_date_interception_rate,1960,1,0.01677951744327763,0.16457427725972798,0.023822330281687787,0.023881273132360836,1,0.035511920689740205,0.18641198158352268,2025
QB,prior_rec_td_rate,1960,1,-0.056531964822002956,-0.2345028630235648,-0.014728524032091399,-0.013790729030135668,1,0.015370501170642464,0.1833414640070441,2025
QB,opp_avg_pass_rushers_roll4_24,1960,1,0.0010322939734970658,-0.0014304910041706613,-0.029621812743041407,-0.030103113342360422,1,0.03440903510954238,0.1827201671967914,2025
QB,opp_pressure_rate_roll4_24,1960,1,-0.0037308398876240083,0.003112311043604541,-0.028040302403398783,-0.028414053122480108,1,0.011842557997150947,0.1796353674749061,2025
QB,response_avg_pass_rushers_24,1327,0.6770408163265306,0.012875774434809901,0.005622230999057575,0.023427763337100005,0.02305279516648009,1,0.024098437075375113,0.17824356131767208,2025
QB,roll5_fppg,1960,1,0.5109265223569461,0.4960021991055365,0.052338182896397696,0.014737040003091508,0.6666666666666666,0.013764431748700599,0.17624274618568087,2025
QB,tw_college_missing_24,1960,1,-0.3087160445168333,-0.31119818295705703,-0.06092690300817066,-0.04829389549111724,0.6666666666666666,0.0461720499090305,0.17594211641492877,2025
QB,talent_weight_24,1960,1,-0.3087160445168333,-0.31119818295705703,-0.06092690300817066,-0.04829389549111724,0.6666666666666666,0.0461720499090305,0.17594211641492877,2025
QB,rb_receiving_matchup,1718,0.8765306122448979,0.019123823269922947,0.04402810961974152,0.01699149712776297,0.016638612560723114,1,0.020463894386961157,0.1756812898632927,2025
QB,roll3_fppg,1960,1,0.5094828687413747,0.49694591831879553,0.04226263448413862,0.009537056300500803,0.6666666666666666,0.03096471046949275,0.17351328980357109,2025
QB,response_man_rate_24,1327,0.6770408163265306,-0.004581669077069496,0.017910320987903308,-0.0176213506513513,-0.017053182349379362,1,0.013400457450283568,0.17337039245920527,2025
QB,response_zone_rate_24,1327,0.6770408163265306,-0.004581669077069525,0.017910320987903308,-0.01762135065135131,-0.017053182349379373,1,0.013400457450283574,0.17337039245920527,2025
QB,qb_pressure_matchup,1718,0.8765306122448979,0.2798437882484662,0.2789613507635956,0.06309974492566388,0.040052467885772665,0.6666666666666666,0.07266482225062665,0.17258621061285168,2025
QB,response_blitz_rate_24,1327,0.6770408163265306,0.015008361083067061,0.010024920523391856,0.014585389692360309,0.014742663153322793,1,0.015034642717230876,0.17220566701435763,2025
QB,roll3_fppg_sd,1960,1,0.2692860802466875,0.290031158623644,0.054683869920873075,0.045298384217916696,0.6666666666666666,0.06250534432924307,0.17173138501345506,2025
QB,xfp_gap_vs_base_232,1960,1,-0.055208336504541156,-0.05613006369438922,0.08306877608353953,0.08347800247005197,0.6666666666666666,0.057629870054771166,0.17132324818599234,2025
QB,season_pass_attempts_prior,1960,1,0.33415175179157774,0.38092903380258214,0.045728902371593876,0.032299633233572905,0.6666666666666666,0.03980767824977183,0.1695599054310931,2025
QB,opp_pos_residual_roll8,1960,1,0.08491580593226027,0.08415588724144092,0.07174325496088906,0.07115571139808198,0.6666666666666666,0.08457454117985988,0.1692542195088359,2025
QB,games_played_prior,1960,1,0.2992416186867584,0.31119818295705703,0.05113500358854879,0.039847579979668014,0.6666666666666666,0.03455062324187767,0.1685098378112835,2025
QB,preseason_prior_fppg,1960,1,0.4364053836647424,0.438380882647169,0.016336974195450635,0.001837958358192856,0.6666666666666666,0.06150561758664445,0.16090286358454256,2025
QB,roll3_pass_td_rate,1960,1,0.2636680986702231,0.3758691799950182,0.03248725683380338,0.024513644171594497,0.6666666666666666,0.026014671253356464,0.15756591396752287,2025
QB,matchup_role_interaction,1960,1,0.08236903985912529,0.08085576462031492,0.0461390489825541,0.045104450020515545,0.6666666666666666,0.08688394489033707,0.15262589391683892,2025
QB,role_5_vs_prior_232,1960,1,0.2942928127356916,0.2895010052009456,0.026061875927735238,0.01710065938793141,0.6666666666666666,0.031844967933580354,0.15200466207923696,2025
QB,opp_pos_residual_roll4,1960,1,0.05937726408129982,0.06247215297855058,0.045660326479426444,0.045192984321490055,0.6666666666666666,0.08472581868436756,0.15022709573962306,2025
QB,season_to_date_rush_td_rate,1960,1,0.15346591466799708,0.2583555799487713,0.030642505799760054,0.02722387610518023,0.6666666666666666,0.030922383618650528,0.14747646234668532,2025
QB,prior_yards_per_carry,1960,1,0.14644878647909684,0.17323089225586705,-0.023991631161786178,-0.026223881714748862,0.6666666666666666,0.0812652683306583,0.14680154555450048,2025
QB,snap_trend,1960,1,0.042250118262964986,-0.02049962649463934,0.05132946050209713,0.05133483682728898,0.6666666666666666,0.0330163012264411,0.14617640172279697,2025
QB,role_vs_prior_232,1960,1,0.29765640271315097,0.29239132560351594,0.018609736172374842,0.010277287728612168,0.6666666666666666,0.01488506976185274,0.1461208136337212,2025
QB,implied_team_total,1960,1,0.2492355534042598,0.2486583737252593,0.021181522866124593,0.014540238892444173,0.6666666666666666,0.013210563670005226,0.1436550265523071,2025
QB,opp_pos_fppg_allowed_roll4,1960,1,0.04805312224636651,0.04408658279156206,0.039328935431718504,0.03900294095219147,0.6666666666666666,0.06745573308427612,0.14309249161643725,2025
QB,prior_rush_td_rate,1960,1,0.09514099837160814,0.12938768264185702,-0.027208467936577337,-0.028948184257140123,0.6666666666666666,0.05218084313966151,0.14091281852264945,2025
QB,rb_rush_matchup,1718,0.8765306122448979,-0.1075003447770851,-0.1164414631593573,-0.026996355706842376,-0.02051966877984571,0.6666666666666666,0.07959872898738168,0.14029167792144476,2025
QB,def_pass_epa_allowed_roll4,1960,1,0.03905629342733386,0.030786011898479286,0.03478943208534301,0.034577982275780635,0.6666666666666666,0.044505178539273944,0.13686843021677658,2025
QB,season_to_date_catch_rate,1960,1,0.07506629990919415,0.07537622596062284,0.026255956550200608,0.025062200123768235,0.6666666666666666,0.05976960412916884,0.13646508860558693,2025
QB,expected_team_plays,1960,1,0.044264839231082945,0.06051007987558796,0.030674262030209336,0.030277872202312497,0.6666666666666666,0.04945280955387121,0.1361532851425596,2025
QB,rest_days,1960,1,-0.024536540076232585,-0.03847214603528415,-0.03163725938032555,-0.031670628547172536,0.6666666666666666,0.049035202435408105,0.1348431262096769,2025
QB,opp_avg_box_roll4_24,1923,0.9811224489795919,-0.010139802548077828,-0.005169066630117618,-0.030169874897754485,-0.030372628478981808,0.6666666666666666,0.061024082254128684,0.13297810214884723,2025
QB,tw_combine_vertical_24,1960,1,-0.12347924571576314,-0.15120079484170992,-0.020454176847446916,-0.017927481541039476,0.6666666666666666,0.007299991057383845,0.13288291346269412,2025
QB,def_pass_success_allowed_roll4,1960,1,0.04776700340582293,0.04733929603597483,0.03261930869725,0.03217981855847506,0.6666666666666666,0.007330488651056272,0.13285107928551518,2025
QB,tw_combine_forty_24,1960,1,-0.0980449007204917,-0.14358795629474735,-0.021211163863402726,-0.019367349077252093,0.6666666666666666,0.013286128558357202,0.13242223447991625,2025
QB,def_qb_hit_rate_roll4,1960,1,-0.035571154055198895,-0.030084961915640945,-0.029432431716431746,-0.029201770221944718,0.6666666666666666,0.02354830272921576,0.13109904313035758,2025
QB,role_fppg_trend,1960,1,0.07414811944489524,0.06496324490923422,-0.015254221406431475,-0.0168067578281246,0.6666666666666666,0.06425865013077393,0.1305547156400344,2025
QB,opp_zone_rate_roll4_24,1960,1,-0.022313909823422858,-0.022901843575392593,-0.030039320363448255,-0.030090551185607477,0.6666666666666666,0.01941303843076796,0.1301095608200783,2025
QB,opp_man_rate_roll4_24,1960,1,0.022313909823422864,0.022901843575392593,0.030039320363448186,0.03009055118560748,0.6666666666666666,0.01941303843076797,0.13010956082007827,2025
QB,qb_pass_matchup,1718,0.8765306122448979,0.05181064380342306,0.052563823719782306,0.024483738102779352,0.022186619452722225,0.6666666666666666,0.027879909048317237,0.12937065170124987,2025
QB,weekly_age,1838,0.9377551020408164,-0.00991834652020378,-0.00735382578978055,-0.026672130878507196,-0.027370005984688146,0.6666666666666666,0.03927686676261783,0.1288468784725725,2025
QB,roll3_ngs_cpoe,1960,1,0.11079671169527312,0.11024863762957934,-0.013438377703658596,-0.015554635418956542,0.6666666666666666,0.013834389752596005,0.12859724381959245,2025
QB,weekly_experience,1838,0.9377551020408164,0.030832346112628386,0.053149962091399765,-0.018525595425328112,-0.021070663715775706,0.6666666666666666,0.045859491384522055,0.12815386480973054,2025
QB,carry_trend,1960,1,3.662140665824924e-4,-0.019439302977597616,-0.025649555498186927,-0.026063638106347747,0.6666666666666666,0.04024149336455388,0.12807999118048807,2025
QB,roll3_team_pass_attempts,1960,1,0.026746916455937027,0.02401078653011899,0.01774882413075819,0.01750279188347153,0.6666666666666666,0.07357915381162403,0.1278457423962149,2025
QB,roll3_rush_td_rate,1960,1,0.14020872544583837,0.20401453509838896,0.004742823798924429,0.0018591299686722817,0.6666666666666666,0.026225264546829285,0.12768655387464117,2025
QB,def_rush_epa_allowed_roll4,1960,1,-0.012648099348897048,-0.0128550966507453,-0.017632399196858235,-0.017671586743795105,0.6666666666666666,0.08360282810586882,0.12760123355991992,2025
QB,season_targets_prior,1960,1,0.07210364000819641,0.07112295058438581,0.015487383939093224,0.014207358098606475,0.6666666666666666,0.04169553093646595,0.1273816710521957,2025
QB,def_sack_rate_roll4,1960,1,-0.026157022755797062,-0.02114966653621047,-0.023571255624611633,-0.023436434745809955,0.6666666666666666,0.027475488901139152,0.12685860241423155,2025
QB,favorite_points,1960,1,0.13991543342758206,0.15372516600547154,0.0055038574427397815,0.002617345515961388,0.6666666666666666,0.03149812089647365,0.12667054515629433,2025
QB,underdog_target_interaction,1960,1,-0.011955263974552051,-0.009565170640433619,-0.023037277417842464,-0.023178417276487232,0.6666666666666666,0.02059632216829565,0.12462935783563667,2025
QB,target_trend,1960,1,-0.013549832044932982,-0.00828340912493423,-0.01618778110959549,-0.01618495572833571,0.6666666666666666,0.0635954136806018,0.12452952757243219,2025
QB,projection_spread_232,1960,1,0.0064401177781434156,0.009483846498390049,-0.02251975546282932,-0.023000129344595728,0.6666666666666666,0.013513759489867978,0.12339820406883033,2025
QB,def_redzone_pass_td_rate_roll4,1960,1,0.025522312994067445,0.030079718347321444,0.0185605495253842,0.018353695005039805,0.6666666666666666,0.02019106712404741,0.12321217369030955,2025
QB,underdog_points,1960,1,-0.13940950924517925,-0.14356741216451555,-0.002963561027955027,-1.2079225363269379e-4,0.6666666666666666,0.015023306309854476,0.12297898051161932,2025
QB,season_week,1960,1,-0.023306314361214157,-0.025181533249462203,0.01141446599234328,0.012052020717012751,0.6666666666666666,0.06121300804518618,0.12276663888229748,2025
QB,expected_team_pass_rate,1960,1,-0.023998742878968662,-0.015417065372484128,-0.015601515485891176,-0.015376026229074826,0.6666666666666666,0.03822411894249569,0.1224359501716612,2025
QB,team_skill_out_count,1960,1,-0.07919765268228747,-0.0728304370691049,0.0017511796422814646,0.0033515464111027603,0.6666666666666666,0.062297430472763496,0.12235439537160954,2025
QB,tw_combine_bmi_24,1960,1,-0.06589291048676807,-0.17256495963713314,-0.006604076276620387,-0.00535110715659808,0.6666666666666666,0.005229414847122738,0.121746142952698,2025
QB,opp_rushers5_rate_roll4_24,1960,1,0.01363449456457436,0.011242485995161464,-0.015095337948416875,-0.015603103080019777,0.6666666666666666,0.03174025951100261,0.12098273937370786,2025
QB,season_to_date_ypt,1960,1,0.031092906154103764,0.0293460377721289,-0.008952430843952737,-0.00970369100257489,0.6666666666666666,0.04993676388764919,0.12074484394231402,2025
QB,practice_risk,1960,1,0.03856785618696468,0.0399811539686681,-0.00893471083259245,-0.009826507051867451,0.6666666666666666,0.013056602090470444,0.11797841375063298,2025
QB,def_rush_epa_allowed_roll8,1960,1,0.005651316907844932,0.008176940447783632,-0.004774521628199565,-0.004966664329088124,0.6666666666666666,0.0665945519922441,0.11712867227469402,2025
QB,roll3_targets,1960,1,0.020591048460968486,0.021293682158121836,-0.0012500841364772562,-0.00168332844920185,0.6666666666666666,0.066763471716997,0.1164122404910391,2025
QB,def_deep_epa_allowed_roll4,1960,1,0.008326453263884287,0.004697700112491444,0.010768497218384151,0.010780408509563024,0.6666666666666666,0.020773776931938253,0.11632838052225418,2025
QB,tw_age_at_draft_24,1960,1,-0.018880360041769573,-0.1426469274406355,-0.0027154318757866246,-0.0023802858603441525,0.6666666666666666,0.007539629457584675,0.11585644338657433,2025
QB,te_middle_matchup,1960,1,0.015186139910445248,0.02707387001768143,-0.00922993365204642,-0.009680396976084334,0.6666666666666666,0.006003336992114809,0.11535747569461774,2025
QB,def_rush_success_allowed_roll4,1960,1,-0.006685571172588344,-0.005753020661822854,-0.004740805636423908,-0.004685362333717444,0.6666666666666666,0.050266841668612075,0.11533543535053067,2025
QB,roll3_target_share,1960,1,0.018091952222493702,0.02116060145613503,-5.56092703607465e-4,-9.282675245895647e-4,0.6666666666666666,0.05382529075367321,0.11449334968875026,2025
QB,tw_combine_missing_24,1960,1,-0.01656799907960243,-0.005235165993687674,0.005755699458129949,0.0061797462629104415,0.6666666666666666,0.015570658626164975,0.11328896642501778,2025
QB,season_to_date_rec_td_rate,1960,1,0.05060368846094243,0.044267049819429985,0.022763250673329724,0.022088117021216734,0.5,0.05496650049317846,0.10458847764679517,2025
QB,response_adjustment_raw_24,1960,1,0.059669916408467735,0.06284401735941918,0.010293698429662525,0.009222433123771648,0.5,0.015605737372700459,0.09379256498266474,2025
QB,response_pressure_rate_24,1327,0.6770408163265306,0.02923455026176503,-0.035324915792540504,-0.0077504342544073845,-0.005743976810537635,0.5,0.014568652627890435,0.088741500706592,2025
QB,tw_combine_broad_24,1960,1,-0.12314648681717055,-0.15065561824419565,-0.019079878997969393,-0.016557615124316714,0.3333333333333333,0.00517462958432803,0.07841758196233048,2025
QB,weekly_is_rookie,1838,0.9377551020408164,-0.06601684795441849,-0.07068501105864577,0.01868885030469499,0.023068614487867012,0.3333333333333333,0.01377130881623558,0.07529924068650487,2025
QB,team_spread_line,1960,1,0.15963094103221853,0.15808146109502577,0.004897898933054694,0.0015747884463242106,0.3333333333333333,0.013089642496149483,0.07228236140141063,2025
QB,wr_redzone_matchup,1960,1,0.0913120358062567,0.09475570394851587,0.011226577493441078,0.009454736709532403,0.3333333333333333,0.031198332466573716,0.07216295335286739,2025
QB,te_redzone_matchup,1960,1,0.0913120358062567,0.09475570394851587,0.011226577493441078,0.009454736709532403,0.3333333333333333,0.031198332466573716,0.07216295335286739,2025
QB,def_explosive_pass_rate_roll4,1960,1,0.029172149445375415,0.017761560279530787,0.01940720633118344,0.019138831311341874,0.3333333333333333,0.021653114654892378,0.07026733072035028,2025
QB,prior_yards_per_target,1960,1,-0.09553834479173967,-0.11187859651615094,-0.006593150089065725,-0.004695848961507128,0.3333333333333333,0.024056046075426645,0.06936913207245388,2025
QB,tw_combine_speed_score_24,1960,1,-0.06469156768997752,-0.088973413190071,-0.008992904003488773,-0.0077949482918646595,0.3333333333333333,0.030588320767088457,0.06908491316239435,2025
QB,tw_combine_height_in_24,1960,1,-0.06898351506271024,-0.17808653200621918,-0.0038878044413848704,-0.00253965140518455,0.3333333333333333,0.007001102324142692,0.06721788631704116,2025
QB,tw_combine_weight_24,1960,1,-0.06404339717006381,-0.170663964654465,-0.0034621554395321383,-0.0022124967163648966,0.3333333333333333,0.009483572747740159,0.0666417758420601,2025
QB,wr_volume_matchup,1718,0.8765306122448979,-0.0026443941907163173,-0.004873225328363415,-0.013259217939020521,-0.013865999885301187,0.3333333333333333,0.04122686605751066,0.06655036050207291,2025
QB,roll5_targets,1960,1,0.028221431851750193,0.030488132453100253,0.006188080317378064,0.005718948244853725,0.3333333333333333,0.05684903826844682,0.06569438430206878,2025
QB,def_deep_pass_rate_roll4,1960,1,0.006903408764961235,0.008726611106463517,0.0023869739739281414,0.002287973698782765,0.3333333333333333,0.07785103091591968,0.06336778862283447,2025
QB,def_redzone_rush_td_rate_roll4,1960,1,-0.020965680587463092,-0.015037720958617369,-0.004096434007272207,-0.003741542704417758,0.3333333333333333,0.03667380192102622,0.061332826616483774,2025
QB,tw_early_declare_heuristic_24,1960,1,0.03501475369485563,0.04641124838139537,9.588373655421003e-4,2.699237718560631e-4,0.3333333333333333,0.02868303156265274,0.06048328385114456,2025
QB,team_skill_questionable_count,1960,1,-0.013445354719849756,-0.016302075026823102,-0.003112567470849747,-0.0028937793737503605,0.3333333333333333,0.026679828365464082,0.059360272634705745,2025
RB,projected_opportunities_232,4591,1,0.6215744421168408,0.6837111850291282,0.14639898684786695,0.061823903624762595,1,0.07675063824454435,0.29049179438156103,2025
RB,projected_touch_opportunities_232,4591,1,0.6215744421168408,0.6837111850291282,0.14639898684786695,0.061823903624762595,1,0.07675063824454435,0.29049179438156103,2025
RB,season_to_date_fppg,4591,1,0.5994554827584548,0.6636396482764908,0.12230761596052415,0.06321789672581574,1,0.09222381832483663,0.28519448886520854,2025
RB,roll3_offense_pct,4591,1,0.5464714831908254,0.5926324969598669,0.11257071123158947,0.07637146838522038,1,0.06489674753547262,0.2798248368161337,2025
RB,roll5_offense_pct,4591,1,0.5422310020381165,0.5878648772014342,0.10994584308415944,0.07553598217598614,1,0.06355700653118052,0.2783173538558917,2025
RB,roll3_carry_share,4591,1,0.5595195755195891,0.6016189733982509,0.10902180105700046,0.07014585926943298,1,0.07018864361238855,0.2781008549540462,2025
RB,roll3_offense_snaps,4591,1,0.5403270111999952,0.5876087334381528,0.10278977477032335,0.07074675694136182,1,0.058011255081998704,0.27405248388256875,2025
RB,roll5_carries,4591,1,0.5540216464045212,0.5945892781943691,0.10136185990208711,0.06632328031001569,1,0.06574974617927154,0.273755231438639,2025
RB,roll3_carries,4591,1,0.5563777656484924,0.5971180385534266,0.09872954593000877,0.06388980157968727,1,0.06147161064585837,0.271968765313703,2025
RB,direct_gap_vs_base_232,4591,1,-0.08236290011266564,-0.07457765438430015,0.14038670748613508,0.1309786557968356,1,0.12025189399081158,0.2658461806628338,2025
RB,roll3_ngs_time_to_los,4591,1,0.47929828298920735,0.49833184881034576,0.06717310200195609,0.05408385247794042,1,0.07136602645948695,0.25332107405888027,2025
RB,talent_prior_fppg_24,4591,1,0.393214150534374,0.4177363016284572,0.07488521106143817,0.06769390273571034,1,0.07099708499226609,0.2523081951789421,2025
RB,season_carries_prior,4591,1,0.4447183862347863,0.5170323083441375,0.06016778787427754,0.051651635862233085,1,0.0563102773028073,0.24792602363261237,2025
RB,tw_draft_capital_log_24,4591,1,0.3259891592115487,0.3596234178669608,0.06362539321397782,0.06109235893995696,1,0.061039710393695074,0.2397046345685979,2025
RB,favorite_rush_interaction,4591,1,0.32337199317897014,0.2584424260701209,0.06673267741266299,0.06405471893377351,1,0.06494161968639406,0.2378183495851532,2025
RB,xfp_gap_vs_base_232,4591,1,0.004526383312278086,0.007032231939736546,0.10878574844006043,0.10664169233397046,1,0.0601174034381959,0.23528698805722667,2025
RB,roll5_targets,4591,1,0.4434383627544965,0.5129902594510419,0.04075379719068603,0.03657064216608237,1,0.03622590427047621,0.23507400766206463,2025
RB,season_to_date_rush_ypc,4591,1,0.24547451462941458,0.3111430936218946,0.05710689906978708,0.05711779573776984,1,0.05811128202679341,0.2295383148305365,2025
RB,season_targets_prior,4591,1,0.3839640438284112,0.462032418883098,0.03519900046862436,0.03424097159413888,1,0.03249467673397913,0.22689359523106223,2025
RB,roll3_target_share,4591,1,0.44236386436726965,0.5085390158132304,0.028046797015686308,0.027023940521871962,1,0.023008518592600547,0.22670459471646265,2025
RB,expected_fppg_232,4591,1,0.6088892856044691,0.6740701405638863,0.10878574844006045,0.049591337453631756,0.6666666666666666,0.07525480902939594,0.22244953671576848,2025
RB,model22_gap_vs_base_232,4591,1,0.07375264320478891,0.07635818324188116,0.0644705856817766,0.06478321153376308,1,0.07005312441635175,0.21587727605776913,2025
RB,roll3_rush_ypc,4591,1,0.21691972262026823,0.3100187115743467,0.038105121172768604,0.039230324392375254,1,0.037052498789662734,0.21398104460196296,2025
RB,prior_game_fppg,4591,1,0.5201962073140075,0.6002740621766907,0.07945028112414314,0.05787544860022026,0.6666666666666666,0.09692939911364454,0.21336909176334318,2025
RB,roll5_fppg,4591,1,0.5950322928125917,0.663824629551154,0.08053595239839624,0.04118408934785863,0.6666666666666666,0.07770811520210294,0.21170762799142642,2025
RB,season_to_date_catch_rate,4591,1,0.21064382670608953,0.1653400364610131,0.04260804314589497,0.043576983946649564,1,0.040631607281021304,0.21099149453859775,2025
RB,roll3_catch_rate,4591,1,0.22897452914599617,0.18776847992093346,0.035855585692355744,0.03703652578443878,1,0.033285103809809806,0.20802129100836064,2025
RB,role_fppg_trend,4591,1,0.06047246544260829,0.049520939539240076,-0.054605711630532974,-0.05226620833204079,1,0.0461929738756557,0.20419354695386605,2025
RB,response_avg_box_24,3010,0.6556305815726421,0.08649193298333395,0.10522389969264825,0.03915478894653003,0.04459268015530707,1,0.04716077539082777,0.20145752873925432,2025
RB,opportunity_per_snap,4591,1,0.23466555766082428,0.2986483896250382,0.018851534863775134,0.02104176802075911,1,0.023053035138869055,0.20131605279728726,2025
RB,underdog_target_interaction,4591,1,0.1113173454220485,0.12760393902319447,-0.04131419442078331,-0.037998861561782,1,0.03533654626346916,0.20036549754111838,2025
RB,tw_early_declare_heuristic_24,4591,1,0.1696799939016048,0.1880181974380968,0.030631404766534795,0.03203601377542826,1,0.0188658083235823,0.19978214319829593,2025
RB,games_played_prior,4591,1,0.15909832162766274,0.18584292380054573,0.029948282789473247,0.03132891352582262,1,0.027238191035759217,0.19945020124778712,2025
RB,legacy_gap_vs_base_232,4591,1,-0.045725329798636506,-0.03673413058437218,0.04685458086237675,0.04517211298318271,1,0.057614711911299035,0.19925465144508261,2025
RB,tw_college_missing_24,4591,1,-0.15709739252966437,-0.18584292380054573,-0.030187045362159815,-0.03155155645007868,1,0.02463940310869802,0.19921630450337968,2025
RB,talent_weight_24,4591,1,-0.15709739252966437,-0.18584292380054573,-0.030187045362159815,-0.03155155645007868,1,0.02463940310869802,0.19921630450337968,2025
RB,talent_gap_weighted_24,4591,1,-0.10675926993729482,-0.09373042720558099,0.04152360601444368,0.03833724500982175,1,0.022126208284418376,0.19760423034020552,2025
RB,target_trend,4591,1,-0.0020520143912864178,0.014680357063904914,-0.047465309297532274,-0.0468451706027537,1,0.06145417297016378,0.19697309214166342,2025
RB,rb_rush_matchup,4137,0.9011108690917011,-0.23120012536533371,-0.26648803681135624,-0.017737460034880685,-0.01770946487019164,1,0.009474904095048595,0.1968192358570334,2025
RB,favorite_points,4591,1,0.07720712031618225,0.05961667478876716,0.04160634637373585,0.04218902926642884,1,0.02574001535025186,0.19646388423966882,2025
RB,prior_pass_td_rate,4591,1,0.15144039332482973,-0.03900838212661622,0.03436259138511168,0.03559565068519714,1,0.026657889298183277,0.19582249120688014,2025
RB,roll3_fppg,4591,1,0.5868731952060344,0.6563323085347245,0.04178853516997264,0.024961689977710703,0.6666666666666666,0.061637921759745966,0.19397353042442478,2025
RB,preseason_prior_fppg,4591,1,0.5235262968871638,0.5629544733818036,0.05110225720367686,0.03817772766367688,0.6666666666666666,0.06089044277627181,0.193962609896349,2025
RB,opp_rushers5_rate_roll4_24,4591,1,-0.018382405885401264,-0.02530936958560464,-0.04442771036417104,-0.04415655313303395,1,0.01997298251135207,0.19243246598367536,2025
RB,tw_draft_overall_24,4591,1,-0.14450739048900882,-0.07049145400864142,-0.02619450396913891,-0.02759010978113022,1,0.022386092562502673,0.19107934782722172,2025
RB,opp_pressure_rate_roll4_24,4591,1,-0.022221810529743743,-0.022710276092022173,-0.040992219036738914,-0.04083242454346051,1,0.007073199510103899,0.18911694612281188,2025
RB,team_skill_out_count,4591,1,-0.002727812735196752,-0.00460891000964547,0.03374629075263693,0.03325699263236626,1,0.028838066976880353,0.18462395273335963,2025
RB,tw_draft_round_24,4591,1,-0.10841468489574686,-0.05954644916922831,-0.021261242002376224,-0.02245016351541582,1,0.00874571209260708,0.18386785218677207,2025
RB,opp_blitz_rate_roll4_24,4591,1,-0.015196237957049994,-0.01630772370652802,-0.027365236711795752,-0.027266205634153867,1,0.027417140315402645,0.1817779557001641,2025
RB,tw_combine_athleticism_z_24,4591,1,0.06182537610941864,0.08047248786154729,0.0189324931477942,0.019605665492636613,1,0.015060749046411704,0.18083402498509027,2025
RB,expected_team_plays,4591,1,0.0030699582485907975,0.007959113629133544,-0.026362445460467527,-0.025975318851178156,1,0.029477390088603155,0.18015967296773877,2025
RB,def_rush_epa_allowed_roll8,4591,1,0.033452892587926365,0.026173244565194733,0.021775890380682554,0.022021334588657453,1,0.013026667421998579,0.17839642649106952,2025
RB,roll3_team_carries,4591,1,0.012526572769180705,0.011539035084787035,-0.023538245730857773,-0.023029227759604087,1,0.020764096624647524,0.17814025515182952,2025
RB,is_home,4591,1,0.026096031369280653,0.02707404117304851,0.020579312541005697,0.020730296567484357,1,0.015069912374821281,0.1773898880839256,2025
RB,projected_td_points_232,4591,1,0.5089456350196567,0.5880305407417336,0.015317634258359794,0.016821312867432364,0.6666666666666666,0.0511251060207169,0.17627196794074784,2025
RB,def_rush_epa_allowed_roll4,4591,1,0.027189644076596624,0.020341390621390634,0.017518150067350947,0.01772186143340452,1,0.018781636094610987,0.17562037269575967,2025
RB,injury_risk,4591,1,0.02859806861986654,0.043167008986961006,-0.018057763118856374,-0.017353323368150195,1,0.008737304815265943,0.1755773986589685,2025
RB,season_to_date_pass_td_rate,4591,1,0.09176423243619794,0.09523866916872097,0.004266702462801613,0.005592464813403163,1,0.005354289771677346,0.17313833945353413,2025
RB,season_to_date_pass_ypa,4591,1,0.08405667909732989,0.10658731912284368,0.0018651665949000905,0.0031273389620082325,1,0.010134208673296978,0.1720441333930047,2025
RB,roll3_ngs_box_rate,4591,1,0.35715038739141314,0.4872108838342744,0.03359453508014529,0.03349317913207039,0.6666666666666666,0.02541786864736721,0.17158384508136065,2025
RB,response_man_rate_24,3010,0.6556305815726421,0.02775176178708263,0.010435228484096783,0.009195423491795007,0.011245569348744993,1,0.010792716059228146,0.16990791874717942,2025
RB,response_zone_rate_24,3010,0.6556305815726421,0.02775176178708266,0.010435228484096783,0.00919542349179498,0.011245569348744976,1,0.010792716059228125,0.16990791874717942,2025
RB,roll3_targets,4591,1,0.4278340172075884,0.5002375917692993,0.022205271989672242,0.02296865628830416,0.6666666666666666,0.013710413317298904,0.1682492481804395,2025
RB,roll3_fppg_sd,4591,1,0.36862776701072697,0.4027055858077653,0.026801259424151666,0.027556639568111663,0.6666666666666666,0.04638806063294319,0.16700142787483546,2025
RB,def_rush_success_allowed_roll4,4591,1,0.014625678104127486,0.006054403834833468,0.008092457858011505,0.008219701435221528,1,0.006174310543911578,0.16696976322558774,2025
RB,opp_zone_rate_roll4_24,4591,1,0.014420242711332625,0.00880275930721772,-1.164230530242652e-5,2.1172434670726692e-4,1,0.04680937775901147,0.16598974824365342,2025
RB,opp_man_rate_roll4_24,4591,1,-0.014420242711332625,-0.00880275930721772,1.1642305302397285e-5,-2.117243467072685e-4,1,0.04680937775901148,0.1659897482436534,2025
RB,tw_combine_missing_24,4591,1,-0.17239465410157598,-0.21335951508696452,-0.04068420140375223,-0.04180649608088467,0.6666666666666666,0.05634537736626086,0.15768851691566294,2025
RB,role_5_vs_prior_232,4591,1,0.33383076713015103,0.34832007214454325,0.019088522814791356,0.02131968975967132,0.6666666666666666,0.02901919820199012,0.1566849801187725,2025
RB,model_disagreement_23,4591,1,0.3553343221465126,0.41177452403526066,0.007806911510182121,0.011873956907885631,0.6666666666666666,0.04588416787233282,0.15575070617765313,2025
RB,projection_spread_232,4591,1,0.3276389782607479,0.3663639377860485,0.013532857531725605,0.016554903138535033,0.6666666666666666,0.030627905678181445,0.15397264141673597,2025
RB,roll3_rush_td_rate,4591,1,0.1030563725246814,0.3386666167773282,-0.03666274927158068,-0.03380804677673832,0.6666666666666666,0.01295307966039064,0.1499572061412576,2025
RB,implied_team_total,4591,1,0.09134167735312185,0.05489177412136755,0.04173978602900685,0.04246132333339165,0.6666666666666666,0.06234723279688083,0.14759407027880275,2025
RB,team_spread_line,4591,1,0.08637909541456168,0.06172521109647885,0.04286824232344888,0.04353027309324894,0.6666666666666666,0.04930046416021435,0.14696219526174428,2025
RB,prior_rush_td_rate,4591,1,0.1618312454934676,0.26519351462332214,-0.022694739419230937,-0.018967237317592638,0.6666666666666666,0.04090603649161743,0.14403396797598905,2025
RB,role_vs_prior_232,4591,1,0.3300135209343125,0.33528224388878963,-0.00546964825124589,5.479946810263965e-4,0.6666666666666666,0.026310558868488414,0.143943303946431,2025
RB,tw_combine_speed_score_24,4591,1,0.11610994934439321,0.11618358208298474,0.03011569082981248,0.031213894826801397,0.6666666666666666,0.049968016083022954,0.14301269632876729,2025
RB,underdog_points,4591,1,-0.07403565127535822,-0.054153674858646215,-0.033313679522384516,-0.033956236089583126,0.6666666666666666,0.06093208956842585,0.1409587903469261,2025
RB,tw_combine_vertical_24,4591,1,0.09738549823501795,0.09669836337791113,0.030618738760609117,0.03154146207009884,0.6666666666666666,0.038649052625386704,0.14022617295519835,2025
RB,prior_yards_per_carry,4591,1,0.18373858617507655,0.21121888253033716,0.012959858298224146,0.01513556191446655,0.6666666666666666,0.02418239754419261,0.13776608172248928,2025
RB,tw_combine_forty_24,4591,1,0.09516976244660207,0.09197548954212571,0.025576127338651323,0.02655248563409522,0.6666666666666666,0.04885335058419691,0.1377199990343908,2025
RB,opp_avg_box_roll4_24,4501,0.980396427793509,-0.019630619581279884,-0.02140613883408888,-0.04100384892433448,-0.040797528772294915,0.6666666666666666,0.01800846164561755,0.1366574044071862,2025
RB,roll3_ypt,4591,1,0.17555074549093252,0.2890002962195261,-0.011333419393860084,-0.007977083586406407,0.6666666666666666,0.011779750208060885,0.13578142563864964,2025
RB,roll3_ngs_rush_yoe_pa,4591,1,0.13247227205803883,0.09001866997985244,0.020545163008576273,0.021985791384637406,0.6666666666666666,0.03505926792166118,0.13547564482494368,2025
RB,wr_redzone_matchup,4591,1,0.1287247277645476,0.26261089890348993,0.010864433454434278,0.012522073819966985,0.6666666666666666,0.027260850579973284,0.1352701177110381,2025
RB,te_redzone_matchup,4591,1,0.1287247277645476,0.26261089890348993,0.010864433454434278,0.012522073819966985,0.6666666666666666,0.027260850579973284,0.1352701177110381,2025
RB,season_to_date_rush_td_rate,4591,1,0.08233183654236464,0.33667175237935,-0.014386834494523834,-0.01277603815826176,0.6666666666666666,0.01131528419696057,0.1347360149893438,2025
RB,qb_pass_matchup,4137,0.9011108690917011,0.031558173645437254,0.0016346030454009114,0.030111777278948582,0.03014942804240021,0.6666666666666666,0.04792715419207375,0.1327056074055931,2025
RB,season_to_date_ypt,4591,1,0.171784075022247,0.25519988297588225,0.004221573310205103,0.006673339056707993,0.6666666666666666,0.01262923686176202,0.13217617870527545,2025
RB,tw_combine_bmi_24,4591,1,0.07436279957547177,0.0477119650604968,0.022828044447603637,0.02360805290703238,0.6666666666666666,0.02680986858637378,0.13065545210167862,2025
RB,tw_combine_height_in_24,4591,1,0.06974554668842442,0.03742004783386069,0.023191505222498358,0.023909925321031738,0.6666666666666666,0.028301126845218696,0.1303226138496314,2025
RB,weekly_is_rookie,4438,0.9666739272489654,-0.11847338280021952,-0.13195534487261132,-0.014614521634857715,-0.015178199584804646,0.6666666666666666,0.007948205440038518,0.12943814255887479,2025
RB,opp_pos_residual_roll8,4591,1,0.038203684568329496,0.033976518383637126,0.025351854097296386,0.025623908115963497,0.6666666666666666,0.02463202824068878,0.12912060061029065,2025
RB,tw_combine_weight_24,4591,1,0.07166296015975103,0.04652791069956844,0.019621093452912658,0.020412011406953583,0.6666666666666666,0.022615751884251706,0.1279788212432209,2025
RB,qb_pressure_matchup,4137,0.9011108690917011,0.04533588358054294,0.04816549237315247,-0.020766687049552868,-0.020350201407047352,0.6666666666666666,0.03475239749581023,0.1279044348678679,2025
RB,tw_combine_cone_24,4591,1,-0.029760575428913427,-0.01769790157899723,-0.024909724374615444,-0.025064025091664,0.6666666666666666,0.01886111707702844,0.12705335886417848,2025
RB,wr_deep_matchup,4591,1,0.02488929803402557,0.14132087312885214,0.017940174779992664,0.01810451115418897,0.6666666666666666,0.015786906569469097,0.12694228326716694,2025
RB,prior_yards_per_target,4591,1,0.14039607568086002,0.15874054180633146,-0.004602724260839756,-0.0022501376926945186,0.6666666666666666,0.030066385998069677,0.12640434864789493,2025
RB,def_sack_rate_roll4,4591,1,0.003531391345207275,0.006938381582198499,0.024795683458536704,0.024540722179053114,0.6666666666666666,0.03387324006355331,0.12630556309310276,2025
RB,tw_age_at_draft_24,4591,1,0.10349985927753086,0.06818385151266493,0.011101193999487145,0.012439940477036263,0.6666666666666666,0.029230344989319618,0.12619408446299946,2025
RB,prior_catch_rate,4591,1,0.15829978249864296,0.15518562498723085,-0.002896297492990992,-3.1378715057671825e-4,0.6666666666666666,0.025070243412573457,0.12564807900903208,2025
RB,prior_rec_td_rate,4591,1,0.12111358892395825,0.2081788622837504,-0.0016764481596901293,2.5112206968498575e-4,0.6666666666666666,0.022485760043191746,0.12498350236217287,2025
RB,roll3_team_pass_attempts,4591,1,-0.0057358907965111075,-0.004189370226552269,-0.021624493523820718,-0.02144675522313847,0.6666666666666666,0.02169999609267021,0.12311342030174514,2025
RB,snap_trend,4591,1,0.07208630458993895,0.06474225482313861,0.01057598854682947,0.011508040994387242,0.6666666666666666,0.023239733561643015,0.12306560318909796,2025
RB,practice_risk,4591,1,0.05735897652808389,0.08495977265892041,-0.011747084137425373,-0.010649786505580822,0.6666666666666666,0.015946163240555377,0.12215848133134156,2025
RB,matchup_role_interaction,4591,1,0.04393106408997312,0.01815665267248059,0.010696721664535074,0.011229349183249658,0.6666666666666666,0.04897952350342194,0.12199635439246904,2025
RB,def_qb_hit_rate_roll4,4591,1,-0.020219358514401493,-0.01298915566220576,-0.016455981525335027,-0.016567647100613075,0.6666666666666666,0.026006545081913388,0.12157877663004152,2025
RB,tw_combine_shuttle_24,4591,1,-0.01999344811068924,-0.017805557937555942,-0.014646836514631804,-0.014776785374468701,0.6666666666666666,0.03157986758826652,0.12116503652013275,2025
RB,roll3_pass_attempt_share,4591,1,0.048400009264296176,0.048135252167628303,-0.011173375749164717,-0.01024162368612148,0.6666666666666666,0.02897129235743573,0.1211528311579604,2025
RB,tw_combine_broad_24,4591,1,0.045835051491356506,0.06530854937922914,0.01026218747990675,0.010828115201916729,0.6666666666666666,0.02105532348668322,0.12094013371037005,2025
RB,roll3_pass_attempts,4591,1,0.04771415058737213,0.04810618800994005,-0.011403855067146022,-0.010479794784372679,0.6666666666666666,0.024503924020388354,0.12081451754855406,2025
RB,season_pass_attempts_prior,4591,1,0.08417150546525329,0.07887020666661292,-0.009374719295398792,-0.007857167178956315,0.6666666666666666,0.003465536406840479,0.1205807673620798,2025
RB,te_middle_matchup,4591,1,0.051156533104807465,0.12174750662617108,0.003359891283848799,0.004100792961121679,0.6666666666666666,0.034181521528518895,0.12048562019697168,2025
RB,def_explosive_pass_rate_roll4,4591,1,0.01881927040273443,0.0087442466843174,0.017805401364503093,0.017879566906637525,0.6666666666666666,0.007996095115348814,0.12037180867071674,2025
RB,wr_volume_matchup,4137,0.9011108690917011,0.062194031269047566,0.07620534833698023,-0.002862341757882718,-0.002518809604592026,0.6666666666666666,0.04030981080742825,0.1191651187776944,2025
RB,opp_pos_residual_roll4,4591,1,0.027846217821884796,0.022668253118870465,0.009517204385772809,0.009827420877365739,0.6666666666666666,0.03585105346092456,0.11905057694019064,2025
RB,weekly_experience,4438,0.9666739272489654,0.07838086488999713,0.1098317005987524,-1.4095001071167274e-4,4.363068144014511e-4,0.6666666666666666,0.024631185039943253,0.1184401629524161,2025
RB,rb_receiving_matchup,4137,0.9011108690917011,0.0407529109392539,0.017765321113194888,0.0031201864420497003,0.003309181767384991,0.6666666666666666,0.03967824370156915,0.11586657589725922,2025
RB,season_week,4591,1,-0.008676257705474467,-0.0053397153669151425,-0.008847809567173778,-0.00887444358178822,0.6666666666666666,0.008955088302823823,0.1139701239830834,2025
RB,team_skill_questionable_count,4591,1,-0.005478635658816097,-0.0041379070567424195,-0.005335963698193194,-0.005355845594164345,0.6666666666666666,0.026418918448484485,0.1132261600964653,2025
RB,def_pass_success_allowed_roll4,4591,1,0.007445224091731937,0.008202736077084735,-0.00675458868784807,-0.006555768176043384,0.6666666666666666,0.014856101486158665,0.11316653184913462,2025
RB,matchup_abs_232,4591,1,0.07129538050503739,-0.03747419503721705,0.031141383052780056,0.03177832046048635,0.5,0.06620396696338236,0.11259508619314504,2025
RB,calibrated_matchup_delta_23,4591,1,-0.07129538050503739,0.03747419503721705,-0.031141383052780056,-0.03177832046048635,0.5,0.06620396696338236,0.11259508619314504,2025
RB,expected_team_pass_rate,4591,1,-0.01819568892712459,-0.011895082345443855,0.00425977061551258,0.003923763435360576,0.6666666666666666,0.016571889480345454,0.11247653042241065,2025
RB,opp_pos_fppg_allowed_roll4,4591,1,0.018905211687646983,0.01615538398121558,-0.0012954201595969125,-9.863565545287984e-4,0.6666666666666666,0.03051205118494083,0.11219766203368159,2025
RB,def_redzone_pass_td_rate_roll4,4591,1,-0.004866629690851591,-0.022666562886017715,0.0027635493568894465,0.002654420898800725,0.6666666666666666,0.025613852646539047,0.11214954986422436,2025
RB,rest_days,4591,1,-0.005312056813743597,-6.787387970978425e-4,-0.0025276785880542453,-0.0025791217079826805,0.6666666666666666,0.016896741056731297,0.11034153413977298,2025
RB,response_rushers5_rate_24,3010,0.6556305815726421,0.06252710956992111,0.08641904357049607,-0.014071137660566417,-0.006622009398973941,0.5,0.06288364379165062,0.09937364692907386,2025
RB,response_blitz_rate_24,3010,0.6556305815726421,-0.03618284194182375,-0.031082378080001097,-0.011917983195265608,-0.014592569951654711,0.5,0.022169463077259068,0.0943820476300888,2025
RB,response_avg_pass_rushers_24,3010,0.6556305815726421,0.07720506465928911,0.10940862237468994,-0.009577670545673031,-0.0010206300954802004,0.5,0.027335931737991224,0.09427799410849383,2025
RB,response_adjustment_raw_24,4591,1,0.036940130634235985,0.04442492643796859,0.006048380958853101,0.006538610636153143,0.5,0.036566049378326776,0.09172687011153759,2025
RB,season_to_date_interception_rate,4591,1,-0.0172016568666925,-0.014163983058092557,-0.007008770808828089,-0.007188555682944636,0.5,0.005382538389603254,0.0866980355380645,2025
RB,opp_avg_pass_rushers_roll4_24,4591,1,-0.016023888536716623,-0.02039134793212789,-0.04232688642091534,-0.04204420677892363,0.3333333333333333,0.005406330594536912,0.08262153548202444,2025
RB,response_pressure_rate_24,3010,0.6556305815726421,0.001145211502518018,0.011769978811371587,0.0014565118182793206,0.0014565886039202927,0.5,0.010495045497356283,0.08252121620600955,2025
RB,roll3_rec_td_rate,4591,1,0.08515665485647808,0.18849156345552973,-0.016386707526440978,-0.014667788002686338,0.3333333333333333,0.0169536093059454,0.07744330271048303,2025
RB,season_to_date_rec_td_rate,4591,1,0.08210913594456896,0.24067819422729417,-0.005049459841734068,-0.003669088689114005,0.3333333333333333,0.05433567192201336,0.07597247486590994,2025
RB,prior_yards_per_attempt,4591,1,0.052030478239922136,-0.028345094983273873,0.021497825768726688,0.02200764500339891,0.3333333333333333,0.014356985935285256,0.07299739699113555,2025
RB,def_pass_epa_allowed_roll8,4591,1,0.025347419331926708,0.0122400874308788,0.014287138160217608,0.014502041853853904,0.3333333333333333,0.024785528845233017,0.06705636284887388,2025
RB,roll5_pass_attempts,4591,1,0.06346922964346101,0.06395366980894451,-0.005952210058422826,-0.004861978534173611,0.3333333333333333,0.010481929901776498,0.06409934409168236,2025
RB,carry_trend,4591,1,0.079534403478129,0.06889316229696305,-0.005037271864340371,-0.003699859833091757,0.3333333333333333,0.0022732871540040627,0.06375059368935342,2025
RB,weekly_age,4438,0.9666739272489654,0.0044574997712769895,0.019044393907466192,-0.008079034339006105,-0.007998296829583383,0.3333333333333333,0.011596157194803681,0.06065884701839533,2025
RB,def_pass_epa_allowed_roll4,4591,1,0.016087248576803163,0.004918678964387236,0.005928825928325015,0.006104734396287203,0.3333333333333333,0.01898278238400894,0.06026192379559003,2025
RB,def_redzone_rush_td_rate_roll4,4591,1,0.008891639490160674,0.01297533276559055,0.0021852727356686088,0.002296184513719999,0.3333333333333333,0.017962086256579083,0.05762721113663399,2025
WR,projected_opportunities_232,7304,1,0.5688986676565603,0.6336836446491259,0.13584303934054298,0.0379842045453924,1,0.031828307410575185,0.26850293115040047,2025
WR,projected_touch_opportunities_232,7304,1,0.5688986676565603,0.6336836446491259,0.13584303934054298,0.0379842045453924,1,0.031828307410575185,0.26850293115040047,2025
WR,roll5_targets,7304,1,0.5119695385748688,0.5592918887213304,0.1094942176938266,0.052936684860226006,1,0.07431460780821364,0.26684344417810346,2025
WR,roll3_offense_pct,7304,1,0.45141250546540346,0.5234175759983166,0.10511583706333619,0.06679834948737585,1,0.06522587988024552,0.2657248322945132,2025
WR,roll5_offense_pct,7304,1,0.45100862315894824,0.5240507719310544,0.1041684528392734,0.06606768215868317,1,0.06060184758253754,0.2647482191563199,2025
WR,roll3_offense_snaps,7304,1,0.44587984595415375,0.5150120410627832,0.09767807549569657,0.061586201222449316,1,0.0576798508319634,0.2604766386054389,2025
WR,direct_gap_vs_base_232,7304,1,-0.08883493358170481,-0.08992961722993989,0.13182923688643422,0.12912554904323856,1,0.03746040981786006,0.25590848439906166,2025
WR,roll3_ngs_air_yard_share,7304,1,0.4418118590619146,0.4999775721712315,0.07196050684975236,0.04086521906550767,1,0.0507316617278165,0.2445756841178045,2025
WR,roll3_ngs_cushion,7304,1,0.38970579362518665,0.431896392963983,0.07006983442788858,0.0469250370642418,1,0.0630741864530708,0.24208950112249467,2025
WR,roll3_ngs_separation,7304,1,0.38241048647105075,0.44273563087086815,0.06260218552281727,0.041254627255906756,1,0.0568327336740668,0.2374367520530051,2025
WR,talent_prior_fppg_24,7304,1,0.3030790530603411,0.3355378311841693,0.05397570782073425,0.040988047046059996,1,0.03248921066658392,0.22394481297755234,2025
WR,roll3_rec_td_rate,7304,1,0.06621666066369156,0.27152075871051934,-0.05806742888631506,-0.059834674359585165,1,0.0582912871754147,0.21856835629179883,2025
WR,tw_draft_capital_log_24,7304,1,0.3095729975850578,0.3468012535183303,0.044516477022693034,0.03166073232195668,1,0.026014745650234497,0.21813903708107438,2025
WR,roll3_target_share,7304,1,0.5070796023675965,0.556937037738173,0.10108981184554679,0.04822647243066333,0.6666666666666666,0.07695211491430946,0.20955901283657924,2025
WR,roll3_targets,7304,1,0.5079803405206135,0.5556645776971764,0.09855693676664012,0.04602531885059334,0.6666666666666666,0.07875266238006771,0.20826049644970732,2025
WR,tw_early_declare_heuristic_24,7304,1,0.1999702334934563,0.21736808727815357,0.04128023164535539,0.035104210711685166,1,0.0334626884069207,0.20786462580231155,2025
WR,season_to_date_catch_rate,7304,1,0.17430319414437337,0.1916917923352086,0.0346034236901127,0.029622901014764502,1,0.0330783223692224,0.2014880672170189,2025
WR,roll3_catch_rate,7304,1,0.19021002337182064,0.20778919091499923,0.03210125507645201,0.02644431976895272,1,0.029309571134324454,0.20082401657212123,2025
WR,season_to_date_rec_td_rate,7304,1,0.08578848851720805,0.29261916482170675,-0.030106066808074324,-0.032387944897368424,1,0.032553992637099655,0.2003337467222818,2025
WR,projection_spread_232,7304,1,0.2681287688467722,0.3205536927188784,-0.010886655471468509,-0.016674086171313364,1,0.008168865018289685,0.19912494073706513,2025
WR,prior_yards_per_target,7304,1,0.1893626842404324,0.24605416943977504,-0.016329433060926317,-0.020499948837126285,1,0.02194547370534146,0.1956009289875479,2025
WR,expected_fppg_232,7304,1,0.5595104062224932,0.6226133331017337,0.0917676969942445,0.018338926867691032,0.6666666666666666,0.01234596324821373,0.19426766331207102,2025
WR,matchup_role_interaction,7304,1,0.03349332267485441,0.013078833847640605,0.04376862441936897,0.043828089776882545,1,0.03442368865141766,0.1940120166580905,2025
WR,weekly_age,7090,0.9707009857612268,-0.01844226768826154,-0.02530467416566409,-0.04312362043137641,-0.04368608520199138,1,0.035325389073873295,0.19348661421504876,2025
WR,legacy_gap_vs_base_232,7304,1,-0.0034787554336102077,-0.012395093108665729,0.04128687009659623,0.04216167350863591,1,0.049099244024616566,0.19240546774770317,2025
WR,is_home,7304,1,0.03144854977708011,0.03239878655838728,0.03865888035796702,0.03866341899468398,1,0.04399492315088398,0.19232594642056872,2025
WR,prior_catch_rate,7304,1,0.12460887776883206,0.15314486678384823,-0.023568970870548045,-0.026522976037224553,1,0.018663380693773914,0.19179348893401615,2025
WR,season_to_date_fppg,7304,1,0.5384318911931814,0.6020157114830889,0.07947698875164172,0.022290659603766347,0.6666666666666666,0.01890332749337632,0.19179055590586178,2025
WR,practice_risk,7304,1,0.07331375949997612,0.08767666531006618,-0.029563266992078462,-0.03164660553451859,1,0.03638405586699298,0.19133979083185562,2025
WR,opp_pos_residual_roll8,7304,1,0.031030377772293675,0.021870249435271463,0.03821397708504232,0.03821991932306643,1,0.03607624619151704,0.19080369833729738,2025
WR,tw_combine_height_in_24,7304,1,0.11319181291765648,0.07822069925252818,0.02970816420028583,0.027030111840969925,1,0.024117621679614083,0.19022054201039218,2025
WR,tw_combine_weight_24,7304,1,0.1186812707353508,0.08939345222242577,0.028006961615295357,0.0251146659357715,1,0.022165075611295253,0.18962281314253662,2025
WR,prior_rec_td_rate,7304,1,0.13628416805056853,0.25003775233613884,-0.012847166201687283,-0.01621050521520896,1,0.01381409158289763,0.18919475808952838,2025
WR,weekly_experience,7090,0.9707009857612268,0.05576051352299167,0.06935052615070311,-0.0283537034142432,-0.03078787943499106,1,0.02801839821708709,0.18809021579294607,2025
WR,injury_risk,7304,1,0.018246982431197385,0.035769878860455837,-0.03290722280860144,-0.03397183732518416,1,0.03511827197377861,0.18754520199213762,2025
WR,opp_pos_residual_roll4,7304,1,0.028218321932611264,0.017298664176767516,0.03458775714286665,0.03458970649108067,1,0.029996274520425283,0.18752165663275444,2025
WR,def_wr_residual_roll4,7304,1,0.028218321932611264,0.017298664176767516,0.03458775714286665,0.03458970649108067,1,0.029996274520425283,0.18752165663275444,2025
WR,roll3_pass_attempt_share,7304,1,0.08637178364028898,0.08867602578418127,0.026232668114499716,0.024374968695117284,1,0.027013550075913967,0.18743937689451518,2025
WR,tw_combine_bmi_24,7304,1,0.1067303928665015,0.0656122660643987,0.025049406807316994,0.022517555002149074,1,0.017974953800317273,0.18579405219311013,2025
WR,tw_combine_missing_24,7304,1,-0.147229117385855,-0.1828372663970651,-0.014540325377284006,-0.010604358656265862,1,0.010937285348711826,0.18489366845253924,2025
WR,roll3_pass_attempts,7304,1,0.08612657645489089,0.08865540960364285,0.02277935142413739,0.020865428531687606,1,0.022288800908720735,0.18471762835893027,2025
WR,response_blitz_rate_24,4917,0.6731927710843374,0.023197983186658874,-0.003450338194677244,0.030737224839986695,0.03062299909804051,1,0.03191818748726423,0.18434556035368713,2025
WR,weekly_is_rookie,7090,0.9707009857612268,-0.05741601128168789,-0.06009938344171018,0.022531177359648144,0.024934396534553708,1,0.016786801927827805,0.1829569217709876,2025
WR,preseason_prior_fppg,7304,1,0.5153899371002846,0.5404462456691923,0.059534268156121395,0.017467194986153685,0.6666666666666666,0.016218908178687933,0.18126356442585148,2025
WR,qb_pressure_matchup,6604,0.9041621029572837,0.07736648446205419,0.08967003109973563,0.017849414005080656,0.01592056001401587,1,0.023346000109643536,0.18117689660968145,2025
WR,team_skill_out_count,7304,1,-0.020846203014355958,-0.01659764056091065,0.02474858679584087,0.025747680559288545,1,0.02603241710713731,0.18077663444399772,2025
WR,prior_pass_td_rate,7304,1,-0.02169793980055515,-0.10657278427121021,-0.021697361235190265,-0.02159448270499309,1,0.01257331901154409,0.1806652218678751,2025
WR,season_targets_prior,7304,1,0.3986645140091715,0.4554826463162895,0.05493222255286031,0.032795877994237436,0.6666666666666666,0.0439649138319869,0.1790616924622762,2025
WR,opp_blitz_rate_roll4_24,7304,1,0.02265906107288038,0.01635051338718124,0.018700896829688275,0.01850850617992098,1,0.018641917165203404,0.17576552581447863,2025
WR,response_avg_box_24,4917,0.6731927710843374,0.0479457185826538,0.10253731082272956,-0.012796546804584117,-0.009419056997226732,1,0.009984314312592816,0.17474791121497144,2025
WR,response_man_rate_24,4917,0.6731927710843374,0.0689633956681535,0.026454392254287366,0.009784372070485473,0.013192376358814942,1,0.013150685501054646,0.17420440790657526,2025
WR,response_zone_rate_24,4917,0.6731927710843374,0.06896339566815353,0.026454392254287366,0.00978437207048548,0.013192376358814952,1,0.013150685501054655,0.17420440790657526,2025
WR,roll5_fppg,7304,1,0.5227929128815129,0.590778700985011,0.030435721679389197,4.057651209815298e-5,0.6666666666666666,0.04953918732796966,0.17333220911630168,2025
WR,response_pressure_rate_24,4917,0.6731927710843374,-9.870950712750016e-4,0.014609124502712408,-0.017213096892856994,-0.016463853393550425,1,0.01814335384749459,0.17315962581085417,2025
WR,prior_rush_td_rate,7304,1,0.024249659600361306,-0.010097545873772287,-0.013788826119889665,-0.014682335403250629,1,0.018084164862552845,0.17286742051296886,2025
WR,wr_volume_matchup,6604,0.9041621029572837,0.06298634867221593,0.07689788216085716,0.007209445097281114,0.005519379964277788,1,0.004017289323544358,0.1711610426455202,2025
WR,xfp_gap_vs_base_232,7304,1,6.547315412636585e-4,0.012817260516777555,0.09176769699424452,0.0928979172002052,0.6666666666666666,0.0468270194602737,0.1711073614886609,2025
WR,tw_combine_cone_24,7304,1,0.027103327572915566,0.030991155592063422,-0.008364596127295515,-0.009229347567947412,1,0.0028758440986298697,0.1688699674144634,2025
WR,response_avg_pass_rushers_24,4917,0.6731927710843374,0.01705702663179608,0.04766066165949783,-0.008725650885553595,-0.007344287653525315,1,0.008464549224418394,0.16878054699603195,2025
WR,prior_game_fppg,7304,1,0.43000865710476943,0.5100829557111017,0.028586809999653958,0.008892972920497304,0.6666666666666666,0.057079105985203354,0.16860256174644997,2025
WR,def_qb_hit_rate_roll4,7304,1,-0.003340464948896336,-0.010549422842195162,-0.007825141669959259,-0.007904366054615516,1,0.010448057213724434,0.1667085754423236,2025
WR,season_to_date_interception_rate,7304,1,0.007046395574228621,0.006001220987227238,-0.00728055761934717,-0.00761566193362137,1,0.009919290237145044,0.16645506228603468,2025
WR,def_pass_epa_allowed_roll4,7304,1,0.011141916621346865,0.006711237859322439,0.006262910481362772,0.006106532807698848,1,0.0049354354885577795,0.16537309214564283,2025
WR,projected_td_points_232,7304,1,0.442609145409041,0.5214669058146092,-7.180818619359094e-4,-0.011934219086578964,0.6666666666666666,0.02423801386475556,0.1616760430362581,2025
WR,opportunity_per_snap,7304,1,0.2300512549120162,0.3309923603190442,0.0263101651269698,0.01900982518615429,0.6666666666666666,0.04325717141895888,0.15180751642216345,2025
WR,role_fppg_trend,7304,1,0.041573220914749895,0.050301753569472515,-0.05111277006402825,-0.052714365368958085,0.6666666666666666,0.02145052600176024,0.1467030255335552,2025
WR,talent_gap_weighted_24,7304,1,-0.2975567509678893,-0.2628222270928364,0.005058524866881606,0.012097394339258678,0.6666666666666666,0.03386928658418425,0.1446136705600745,2025
WR,model_disagreement_23,7304,1,0.31067788053174444,0.3624124199487915,0.0035491851888358288,-0.0050067300636322575,0.6666666666666666,0.006621836696813304,0.14334966733447374,2025
WR,role_5_vs_prior_232,7304,1,0.21854221153502412,0.25054268510711714,-0.012652675611697932,-0.017503513535467745,0.6666666666666666,0.02427421632736178,0.14236339271525897,2025
WR,rb_receiving_matchup,6604,0.9041621029572837,0.03479362049200232,0.00961509516373888,0.040181130410736454,0.040126552020445086,0.6666666666666666,0.05248558443645348,0.14008044668533068,2025
WR,underdog_target_interaction,7304,1,0.16308947013802225,0.13476307374595248,0.026596257113461405,0.022074687571618738,0.6666666666666666,0.005245075706167354,0.13748961074044422,2025
WR,season_to_date_pass_ypa,7304,1,0.09712811583724397,0.07147608830462703,0.027331870059604996,0.025151192130719705,0.6666666666666666,0.029165137584928266,0.13484642301559457,2025
WR,tw_age_at_draft_24,7304,1,0.13708115672975626,0.0739730395107331,0.02165763513573035,0.018068933585413515,0.6666666666666666,0.022580606172911234,0.13246215010390683,2025
WR,tw_college_missing_24,7304,1,-0.1263833808710133,-0.14793428236236109,-0.015705788632160485,-0.012439139294648956,0.6666666666666666,0.004250325975800756,0.12927178541382983,2025
WR,talent_weight_24,7304,1,-0.1263833808710133,-0.14793428236236109,-0.015705788632160485,-0.012439139294648956,0.6666666666666666,0.004250325975800756,0.12927178541382983,2025
WR,implied_team_total,7304,1,0.09655152201196265,0.07069225748303859,0.019980922426220873,0.01769769390774383,0.6666666666666666,0.02059019878713155,0.1291753025404401,2025
WR,preseason_deep_target_rate,7304,1,0.13412272583949902,0.18085167770496705,-0.003438529150449852,-0.006885277512765872,0.6666666666666666,0.014768131524486203,0.12707320344614453,2025
WR,season_pass_attempts_prior,7304,1,0.1128498875643115,0.11673396294398684,0.011368914755482103,0.00849041747197956,0.6666666666666666,0.020574396874105345,0.12623159471013284,2025
WR,wr_redzone_matchup,7304,1,0.08568889925229523,0.19985605900858586,0.006235601277694948,0.004082319937371433,0.6666666666666666,0.015861659425357787,0.12447481557947247,2025
WR,te_redzone_matchup,7304,1,0.08568889925229523,0.19985605900858586,0.006235601277694948,0.004082319937371433,0.6666666666666666,0.015861659425357787,0.12447481557947247,2025
WR,roll5_carries,7304,1,0.08362750041190378,0.10957604127349149,-0.005609537623635461,-0.00782719702494516,0.6666666666666666,0.0358718937885925,0.12417606874885656,2025
WR,wr_deep_matchup,7304,1,0.0638289716536888,0.12046783373940796,0.012449665527951822,0.011002445625049297,0.6666666666666666,0.012005522353528166,0.12387562412948722,2025
WR,season_carries_prior,7304,1,0.09428317398896481,0.12583838772929146,-0.003644714149658036,-0.006111392253696926,0.6666666666666666,0.027746604236596435,0.12350047489831333,2025
WR,season_to_date_rush_td_rate,7304,1,0.03736922623621326,0.07237227481516269,-0.014906433980685287,-0.016133395932906094,0.6666666666666666,0.015712207901847984,0.12343037379120209,2025
WR,tw_combine_speed_score_24,7304,1,0.10303532491421649,0.09485488765203033,0.009970315370906879,0.007368067203510833,0.6666666666666666,0.01441189473981965,0.1233722287486569,2025
WR,roll5_pass_attempts,7304,1,0.09262011491176171,0.09935228039828992,0.00960802080697432,0.007301235832741484,0.6666666666666666,0.016726192994280017,0.12305086770401773,2025
WR,favorite_rush_interaction,7304,1,0.07770618155541582,0.09426156735870056,-0.004175661219323728,-0.00623507449982228,0.6666666666666666,0.03341795094209281,0.12197867210672549,2025
WR,roll3_carries,7304,1,0.08140457913675102,0.10309136567327502,-0.0033414543294219526,-0.0054850910295307104,0.6666666666666666,0.03178456613729149,0.1218919108404076,2025
WR,def_deep_epa_allowed_roll4,7304,1,0.018605417975008042,0.007594284608597301,0.01755938168528669,0.01744895034769774,0.6666666666666666,0.02394143017015299,0.12167252926332246,2025
WR,season_to_date_rush_ypc,7304,1,0.04198918709493002,0.09366467444053779,-0.009694907221868856,-0.010950813160924838,0.6666666666666666,0.018984823069506853,0.12156330829333423,2025
WR,tw_combine_forty_24,7304,1,0.09095537873173641,0.07469329566695862,0.008318986101412476,0.006044101024274332,0.6666666666666666,0.01792394970600969,0.12127281556035611,2025
WR,te_middle_matchup,7304,1,0.045942417782948795,0.0884480290994985,0.010639911725965324,0.00965132242868986,0.6666666666666666,0.017479462683396726,0.1211034151657253,2025
WR,rest_days,7304,1,-0.014867250699538303,-0.014239591355714294,-0.01685544211833456,-0.016827441767881077,0.6666666666666666,0.021505562012205773,0.12105456437263176,2025
WR,opp_pos_fppg_allowed_roll4,7304,1,0.015791919572762707,0.006340031729062593,0.018357467041398803,0.018337360830149942,0.6666666666666666,0.012040792739633304,0.12081219668192898,2025
WR,snap_trend,7304,1,0.04090982970550666,0.03577426638958297,0.01118309178674821,0.01034197024188743,0.6666666666666666,0.03398142885559485,0.12075427768481718,2025
WR,roll3_carry_share,7304,1,0.08103685055726947,0.10416694544979663,-0.0010600661445164237,-0.0031720017041892185,0.6666666666666666,0.029059459123085083,0.12016695669795628,2025
WR,tw_combine_vertical_24,7304,1,0.097489689868933,0.08544211938152768,0.007410118998606298,0.004941651999920367,0.6666666666666666,0.0018833715445821728,0.1198277900081819,2025
WR,roll3_fppg,7304,1,0.5093642076761746,0.5787331680214722,-0.005627549064896504,-0.015726990958535247,0.3333333333333333,0.041088036662723,0.11899671317789703,2025
WR,tw_combine_broad_24,7304,1,0.08925631655334773,0.07904740347855999,0.005821068976939539,0.0035647993663130585,0.6666666666666666,0.009136092939892853,0.1188754020017774,2025
WR,prior_yards_per_carry,7304,1,0.020484080591698064,0.05392740435339261,-0.011458361351172758,-0.012216204265982212,0.6666666666666666,0.0053527692969249085,0.11823972989496728,2025
WR,rb_rush_matchup,6604,0.9041621029572837,-0.050557066111385954,-0.06484715744571574,-0.007730622241695983,-0.00642616591501794,0.6666666666666666,0.008488299612118924,0.117542533469871,2025
WR,qb_pass_matchup,6604,0.9041621029572837,0.04150938800524175,0.039315553815665226,0.009698105595771975,0.008708966831479639,0.6666666666666666,0.009765933796351604,0.11749779477953422,2025
WR,tw_draft_overall_24,7304,1,-0.1127514319368086,-0.02531769277084377,-0.0014560528768778839,0.0014647828292893024,0.6666666666666666,0.015029242457176621,0.11688292496064123,2025
WR,tw_draft_round_24,7304,1,-0.07683507671630434,-0.01858057835523575,0.002316111263726611,0.0043342930871485465,0.6666666666666666,0.016067520773697528,0.11595669405584634,2025
WR,season_to_date_pass_td_rate,7304,1,0.04573626483451711,0.048107466832520374,0.003799729675715563,0.002683787553113864,0.6666666666666666,0.021220185768736168,0.11542029110787737,2025
WR,season_week,7304,1,-0.008262685070395001,-0.0135263632958299,-0.007915999073511364,-0.007869630852413004,0.6666666666666666,0.019694708155912715,0.11471971787250079,2025
WR,def_rush_success_allowed_roll4,7304,1,0.008507665655024338,0.011856160910362862,0.007886102428186744,0.00783273707243834,0.6666666666666666,0.01868030266050998,0.11454409541305881,2025
WR,def_deep_pass_rate_roll4,7304,1,-0.007478339483066585,-0.013477937130422838,-0.005931900840731188,-0.005863766227003103,0.6666666666666666,0.025240232565333337,0.11394630777770307,2025
WR,tw_combine_shuttle_24,7304,1,0.05103780309670227,0.0581773841319106,0.0019788091741566355,6.900847890349143e-4,0.6666666666666666,0.009487669259787631,0.11372997077343311,2025
WR,prior_yards_per_attempt,7304,1,0.015386822837292492,-0.05320073454364388,-0.004823609982753413,-0.005321923536119895,0.6666666666666666,0.006196375336463605,0.11363394503367241,2025
WR,underdog_points,7304,1,-0.04987570145272234,-0.03670674916711696,-2.2058439200167533e-4,0.001068528378684679,0.6666666666666666,0.017666886665871104,0.11339147787238973,2025
WR,team_skill_questionable_count,7304,1,-0.0060500732935356355,5.204696732045763e-4,-0.006848452073190768,-0.0068368399211556794,0.6666666666666666,0.016927694659578853,0.11312139154015222,2025
WR,roll3_team_pass_attempts,7304,1,0.026025731594933172,0.02943582857012252,-0.003073346233304277,-0.003809234041570643,0.6666666666666666,0.01234029814254473,0.11291568798820863,2025
WR,def_rush_epa_allowed_roll4,7304,1,0.0023352637491263514,-0.001772000768750769,-0.005531602943486055,-0.0057090283987426245,0.6666666666666666,0.024200802468648967,0.11291248734426801,2025
WR,def_explosive_pass_rate_roll4,7304,1,-0.004366255881313643,-0.009010297237493001,-0.007787913796469608,-0.007839824201966007,0.6666666666666666,0.00502888013023779,0.11279800912211801,2025
WR,carry_trend,7304,1,0.0036645121601084287,0.02211422223017682,0.006564088064239216,0.00660825763038731,0.6666666666666666,0.0068898587648010354,0.11267965974085564,2025
WR,roll3_team_carries,7304,1,-0.013447261186725208,-0.019405906356179156,-0.005866030498585975,-0.005641141887589768,0.6666666666666666,0.005788279155239559,0.1124883728101179,2025
WR,expected_team_pass_rate,7304,1,0.0387579055403827,0.02933552269256434,0.0038715198623189397,0.00294116210217718,0.6666666666666666,0.0013981550680085123,0.11239239986621763,2025
WR,expected_team_plays,7304,1,0.00939263926880706,0.009416821980960464,-0.005075029476688,-0.005424662777977255,0.6666666666666666,0.009512600274161495,0.11195302278107146,2025
WR,def_pass_success_allowed_roll4,7304,1,0.016277411492724294,0.02296746263899723,0.004668289045039096,0.004344184369479996,0.6666666666666666,0.003495458329928638,0.11176313671987308,2025
WR,def_redzone_rush_td_rate_roll4,7304,1,0.0018186334159888172,0.007455648905366727,-0.0041739430774811815,-0.00430941753118916,0.6666666666666666,0.01585259207658922,0.11138749267564488,2025
WR,def_sack_rate_roll4,7304,1,-0.0012915974106741251,-0.006250095051421568,-0.0019849009835088216,-0.0019935096541194206,0.6666666666666666,0.01028115593486143,0.10929623417795221,2025
WR,roll3_fppg_sd,7304,1,0.314385239130209,0.366450167214826,-0.018169459041534698,-0.023345329847511472,0.3333333333333333,0.011837846651668444,0.10184055855999821,2025
WR,role_vs_prior_232,7304,1,0.21490893219170815,0.23723671943101665,-0.03402473252972503,-0.037069562024527256,0.3333333333333333,0.013834881945371372,0.10015548344345457,2025
WR,matchup_abs_232,7304,1,0.13094838137003378,-0.00919367607464829,0.013500996970203294,0.010082288345465576,0.5,0.01773366232455735,0.09720279659618397,2025
WR,calibrated_matchup_delta_23,7304,1,-0.13094838137003378,0.00919367607464829,-0.013500996970203294,-0.010082288345465576,0.5,0.01773366232455735,0.09720279659618397,2025
WR,model22_gap_vs_base_232,7304,1,-0.007809329230012136,0.030682791198720385,0.014174053182099721,0.014668605246556278,0.5,0.03263000926986874,0.09423797823235198,2025
WR,response_rushers5_rate_24,4917,0.6731927710843374,-0.05308176225209518,-0.044339885333653684,0.006523755034697208,0.0031763047308225644,0.5,0.02128569503965484,0.0898563447470162,2025
WR,response_adjustment_raw_24,7304,1,0.04066026663373518,0.058565585913057126,-0.0025922696385464418,-0.003693788183403498,0.5,0.004996936394615029,0.08740362343151759,2025
WR,roll3_ypt,7304,1,0.17681989042777102,0.29879832454074373,-0.014117683816048656,-0.018193551768676004,0.3333333333333333,0.004680885235759774,0.08710973044657994,2025
WR,season_to_date_ypt,7304,1,0.17420434526023806,0.288682876020068,0.0016992312844535226,-0.0028626205298560433,0.3333333333333333,0.027878073946872743,0.07969684798955692,2025
WR,target_trend,7304,1,0.04289332491559567,0.037571788276959055,-0.02366472900177852,-0.025133579927717836,0.3333333333333333,0.03449013888816107,0.07662116219819631,2025
WR,games_played_prior,7304,1,0.12622058035383044,0.14793428236236109,0.01464772170240948,0.011380922465436111,0.3333333333333333,0.004291980223884251,0.07525562368145929,2025
WR,roll3_ngs_yac_oe,7304,1,0.13365819246957403,0.12265852487997077,0.007054967032627486,0.0035551746346849772,0.3333333333333333,0.031084474067111328,0.07241287937716348,2025
WR,preseason_redzone_target_rate,7304,1,0.10898387226356644,0.19263202934402698,-0.0029765074451001136,-0.0058060473372563365,0.3333333333333333,0.011705096079159,0.07184152797039398,2025
WR,opp_avg_pass_rushers_roll4_24,7304,1,0.001387667821548749,0.005062900170907652,-0.018093232908717644,-0.018505344965527932,0.3333333333333333,0.013652951123496957,0.06673716064725188,2025
WR,favorite_points,7304,1,0.05097877647412762,0.04007034259186776,0.012470111671533893,0.01138034004875269,0.3333333333333333,0.006828931097739578,0.06620093412344324,2025
WR,team_spread_line,7304,1,0.057612900844173566,0.04186280737518506,0.007292653423121589,0.00592307968793722,0.3333333333333333,0.013774675713953079,0.06393416447240682,2025
WR,opp_avg_box_roll4_24,7158,0.9800109529025192,0.0034296705725593846,0.006610775837881329,-0.009822604995087206,-0.010111614304103593,0.3333333333333333,0.011145474361230282,0.061325943143967866,2025
WR,tw_combine_athleticism_z_24,7304,1,-0.006906053763684975,0.0018828514143724969,-0.006361211955924048,-0.006317051665466936,0.3333333333333333,0.01620957604894513,0.05949659655042325,2025
WR,def_redzone_pass_td_rate_roll4,7304,1,0.009006794210162853,0.011660987201002646,0.003278828271328182,0.0031146686598992404,0.3333333333333333,0.006589587289646583,0.05702864225979775,2025
WR,def_rush_epa_allowed_roll8,7304,1,0.008872065498926251,-0.004226957474022842,0.0012584379556897073,0.0010550111737576882,0.3333333333333333,0.016951308639217,0.056449827469381486,2025
WR,opp_zone_rate_roll4_24,7304,1,0.007703770549569451,0.01235274193398245,-9.881604549640461e-4,-0.0012087073062247993,0.3333333333333333,0.008762353956812139,0.05589095700805451,2025
WR,opp_man_rate_roll4_24,7304,1,-0.007703770549569445,-0.01235274193398245,9.88160454964007e-4,0.0012087073062248055,0.3333333333333333,0.008762353956812139,0.055890957008054507,2025
WR,def_pass_epa_allowed_roll8,7304,1,0.007886099443957056,0.008250948622592508,-1.9416126250170078e-4,-4.0269049627707595e-4,0.3333333333333333,0.012422335857818802,0.055590616316843075,2025
WR,opp_pressure_rate_roll4_24,7304,1,0.004809522968762479,0.003822016415766843,-0.008479589592261243,-0.008782227597948757,0,0.01574876817212262,0.007570374153404637,2025
WR,opp_rushers5_rate_roll4_24,7304,1,0.009904467390697209,0.015421856294748893,-0.00376441503227771,-0.004099993280424713,0,0.012957148241472007,0.005057025604258465,2025
TE,roll5_targets,3618,1,0.48734866386691555,0.49802447288157525,0.16885255044167213,0.09013932821674003,1,0.12943626008959494,0.2971116037044361,2025
TE,roll3_offense_snaps,3618,1,0.41170920469442146,0.45349154495843846,0.13033928527826572,0.08669435288794254,1,0.10710325951856838,0.27863881100601395,2025
TE,roll3_offense_pct,3618,1,0.41018109323692536,0.45867512183035286,0.12942137329227096,0.08626785966539655,1,0.10528300741241854,0.27819137439243763,2025
TE,roll5_offense_pct,3618,1,0.40884999714797754,0.4609920457308155,0.12894617490392793,0.08620790270485422,1,0.0955555529297359,0.27710171456598776,2025
TE,season_targets_prior,3618,1,0.411097712750108,0.4350561624871649,0.12398160553269641,0.08072430262810935,1,0.11612954219497856,0.27486122380499,2025
TE,direct_gap_vs_base_232,3618,1,-0.01096846527578761,-0.016403039313756588,0.15140069571539516,0.15165214930439608,1,0.10000416306306655,0.2683167015606374,2025
TE,tw_draft_capital_log_24,3618,1,0.3429594445389301,0.3869766561381555,0.10801643637846207,0.08137216632310654,1,0.09118123453955122,0.26311468223078355,2025
TE,roll3_ngs_cushion,3618,1,0.3887616834959587,0.4109266815984703,0.0933970842494901,0.05787154188994744,1,0.05472940992247946,0.25008911539461004,2025
TE,tw_college_missing_24,3618,1,-0.2213311473104353,-0.24057274713589322,-0.08267276503245734,-0.07232526067855495,1,0.08872901979444871,0.24034029849564043,2025
TE,talent_weight_24,3618,1,-0.2213311473104353,-0.24057274713589322,-0.08267276503245734,-0.07232526067855495,1,0.08872901979444871,0.24034029849564043,2025
TE,games_played_prior,3618,1,0.22320050657626983,0.24057274713589322,0.08096304116214795,0.07037722534274954,1,0.08546781617227336,0.2389320255968666,2025
TE,legacy_gap_vs_base_232,3618,1,0.04331120872086155,-0.005679448848096635,0.09750938295040178,0.09888928272097042,1,0.12348209643784487,0.23815962311285602,2025
TE,roll3_target_share,3618,1,0.47941229094643617,0.4956222862075422,0.15343853075668434,0.08010864296573944,0.6666666666666666,0.12573306606232787,0.23523170899006843,2025
TE,role_fppg_trend,3618,1,0.007032882601881811,0.031014629106755422,-0.10304241014824293,-0.10524373927444405,1,0.0625013063714431,0.23478438948540736,2025
TE,model22_gap_vs_base_232,3618,1,0.09738612095692824,0.07105762812334472,0.0845001768147486,0.08332811624498235,1,0.10204840128833481,0.23247816023332024,2025
TE,roll3_targets,3618,1,0.47448006187193786,0.4907238198936716,0.14453988221083944,0.07454501684850802,0.6666666666666666,0.11150146432670727,0.2290222507701586,2025
TE,xfp_gap_vs_base_232,3618,1,0.015181572283685772,0.0048433723729503116,0.09672176640072336,0.09870755818008661,1,0.03371523338926087,0.22721211561466076,2025
TE,projected_opportunities_232,3618,1,0.5167104051464637,0.5529694078645092,0.1555955909038059,0.05032293963989063,0.6666666666666666,0.08961273809897222,0.22411600574752344,2025
TE,projected_touch_opportunities_232,3618,1,0.5167104051464637,0.5529694078645092,0.1555955909038059,0.05032293963989063,0.6666666666666666,0.08961273809897222,0.22411600574752344,2025
TE,matchup_abs_232,3618,1,0.23104131313604223,0.1376216446493168,0.06469931455580517,0.05300345745232483,1,0.05422612030935457,0.22128525793732426,2025
TE,projected_td_points_232,3618,1,0.35307782447184344,0.38002674035705014,-0.026929618656315484,-0.03425838105427232,1,0.007797518727913522,0.21747852710256774,2025
TE,roll3_rec_td_rate,3618,1,0.006291589718931481,0.16548331355853146,-0.06815447381999955,-0.07032452128988818,1,0.031278302783077375,0.21465494138593783,2025
TE,preseason_prior_fppg,3618,1,0.4833387315457062,0.4991366995929204,0.12423459262598806,0.05147749349668101,0.6666666666666666,0.08922267567182658,0.2135068837566319,2025
TE,wr_volume_matchup,3240,0.8955223880597015,0.10155357776598578,0.08131993041803585,0.05421971656443807,0.051638491857863664,1,0.05533035029803821,0.2084955511369635,2025
TE,season_to_date_rec_td_rate,3618,1,-0.007778298558041918,0.17722802009513716,-0.05589217305477031,-0.05740674654507346,1,0.04006470506173238,0.20796940084444157,2025
TE,favorite_rush_interaction,3618,1,0.08891658290978298,0.10235835957913884,0.04474582232032095,0.042368937748730594,1,0.0585168822061797,0.20292005234330796,2025
TE,roll3_carry_share,3618,1,0.10372401406982344,0.14137330837077816,0.043003148413435055,0.03977829470415556,1,0.02671978110791156,0.20071792771651276,2025
TE,roll3_team_carries,3618,1,0.05306062175010822,0.030623146568279216,0.04188016635952606,0.041123145371982195,1,0.04517743937336152,0.19541166476040206,2025
TE,roll5_fppg,3618,1,0.4822524756418946,0.5033136953741004,0.09050356390597217,0.026069053581674,0.6666666666666666,0.08380271148239375,0.1949744207320007,2025
TE,expected_team_plays,3618,1,0.058082750735085016,0.047400677021835605,0.03830577986911419,0.03718251865319638,1,0.051991772024172406,0.19462409873294334,2025
TE,response_rushers5_rate_24,2411,0.6663902708678828,0.005576416172919236,-0.04149002496693501,0.045447296332449046,0.0419392721197953,1,0.04675681714128646,0.19428276716663404,2025
TE,expected_fppg_232,3618,1,0.5002075022847966,0.5348647074211019,0.0967217664007233,0.019815271474801305,0.6666666666666666,0.05352038307175436,0.19302694603534962,2025
TE,calibrated_matchup_delta_23,3618,1,-0.11080118384908584,-0.003850003779084922,-0.03716329059582213,-0.033346864089387876,1,0.032631167769631306,0.19224679480769546,2025
TE,roll3_ngs_air_yard_share,3618,1,0.41077393594856415,0.4368931326111178,0.0793058784268174,0.04045856761433059,0.6666666666666666,0.08401149972931128,0.191629869752875,2025
TE,tw_draft_overall_24,3618,1,-0.09615223963538236,-0.03353186811349541,-0.03546025944176236,-0.03236180447822608,1,0.0304382317976704,0.19154744724047246,2025
TE,season_to_date_fppg,3618,1,0.4756995068912044,0.5043253192126357,0.083967846643102,0.024437409636857425,0.6666666666666666,0.07260947215015363,0.19137923537262225,2025
TE,roll3_ngs_separation,3618,1,0.36739065257431247,0.39976767142062436,0.08210548555393257,0.05187448529996109,0.6666666666666666,0.056105832723941436,0.19016188659819333,2025
TE,team_skill_questionable_count,3618,1,0.018946974505662406,0.010399175205493648,0.038945597564534654,0.03953600548317651,1,0.03221258498383785,0.18994719774407504,2025
TE,prior_rec_td_rate,3618,1,0.05769661103117521,0.16968087260732956,-0.023175374381798303,-0.026182240664424483,1,0.02290027834294346,0.18863418284351197,2025
TE,implied_team_total,3618,1,0.0998616596173166,0.07275426687392246,0.027467745105660725,0.023908967138754244,1,0.02944615803725727,0.18793115617724376,2025
TE,def_pass_epa_allowed_roll8,3618,1,0.029736571393423443,0.0082417231861803,0.032912918656911636,0.03284388310613878,1,0.03713112002343346,0.1868622482224948,2025
TE,season_week,3618,1,0.0376334906752991,0.03578149250310012,0.03136715002937302,0.030900545031238742,1,0.031592448708545044,0.18672751593107878,2025
TE,tw_draft_round_24,3618,1,-0.05878123990915937,-0.03158677168111639,-0.030664871925024616,-0.02921948323472257,1,0.02712760226796274,0.1865215602706794,2025
TE,prior_yards_per_target,3618,1,0.13714007542480267,0.15837845168602763,-0.011338163576317915,-0.017067183900099397,1,0.0072201234741334,0.1849481681651743,2025
TE,def_sack_rate_roll4,3618,1,-0.029643983305625267,-0.017381158126016413,-0.030140449362503343,-0.029974288635930955,1,0.027410614247355143,0.18443504683495543,2025
TE,response_man_rate_24,2411,0.6663902708678828,0.01752300942976822,0.023604668925470293,-0.03350914636757553,-0.02863610661863892,1,0.026694044270239494,0.18406414873052385,2025
TE,response_zone_rate_24,2411,0.6663902708678828,0.0175230094297682,0.023604668925470293,-0.033509146367575536,-0.028636106618638926,1,0.026694044270239498,0.18406414873052385,2025
TE,team_spread_line,3618,1,0.07940909212236202,0.05834908200762471,0.02417854867916914,0.02152219794835449,1,0.02583129545636948,0.18404024220100978,2025
TE,carry_trend,3618,1,-0.007237288454792117,0.021961862418813802,-0.02985523229640796,-0.030609056520125532,1,0.02708994934834782,0.18344566158253733,2025
TE,rest_days,3618,1,-0.022887694860802204,-6.4672871244758e-4,-0.02946629277123295,-0.029562538581644884,1,0.029920664014842988,0.18329004785559244,2025
TE,season_to_date_pass_td_rate,3618,1,0.01843665298372908,0.04524541929377008,-0.02640565979869835,-0.028054232658191774,1,0.026913216725291608,0.1831993604954579,2025
TE,def_pass_epa_allowed_roll4,3618,1,0.025071024872556347,0.0030855291452522864,0.030385839668141887,0.030423124687981806,1,0.014838147589339145,0.182574094513041,2025
TE,response_avg_box_24,2411,0.6663902708678828,-0.02234248724833083,-0.042493283504703265,0.02918972061101021,0.02420899561808549,1,0.027839600612671975,0.18241375733037332,2025
TE,favorite_points,3618,1,0.08193751820164141,0.055667426602958765,0.0226332212260829,0.019803181884481425,1,0.017726389253473508,0.18221223214278462,2025
TE,injury_risk,3618,1,0.01419027956093692,0.01456605574240655,-0.027448925598095208,-0.02896618816144135,1,0.025359338826099923,0.18217455554534878,2025
TE,opp_blitz_rate_roll4_24,3618,1,0.02028977992105534,0.025814264703287983,0.024478637538637642,0.024504770614642273,1,0.02957706661948226,0.1808849679619931,2025
TE,prior_yards_per_carry,3618,1,0.0602582726208729,0.04191317628326117,0.021841896537823292,0.020003865775928196,1,0.023741750241224224,0.18087303929691623,2025
TE,def_explosive_pass_rate_roll4,3618,1,0.02412759998560424,0.0062908075028612976,0.02663345353376792,0.026574886685528876,1,0.014849298653244233,0.18020503034992622,2025
TE,preseason_redzone_target_rate,3618,1,0.03582297472665303,0.14873789631314224,-0.013675033635881899,-0.01562669246351542,1,0.014534991927050874,0.17912411176340046,2025
TE,tw_combine_athleticism_z_24,3618,1,0.1194009442281345,0.11791004262258124,0.012866343525097185,0.007967382961597927,1,0.005993128452951243,0.17865666762327898,2025
TE,opportunity_per_snap,3618,1,0.2758371029780169,0.3374945660744657,0.061888291302736445,0.04568433080605168,0.6666666666666666,0.08895229086873803,0.17841474760034381,2025
TE,opp_man_rate_roll4_24,3618,1,0.001647719537117946,-0.002493126651995739,0.0257369033772749,0.026577242950844373,1,0.004662588050463219,0.17748940782570835,2025
TE,opp_zone_rate_roll4_24,3618,1,-0.0016477195371179486,0.002493126651995739,-0.025736903377274904,-0.026577242950844376,1,0.004662588050463214,0.17748940782570835,2025
TE,response_pressure_rate_24,2411,0.6663902708678828,0.002179979697993882,-0.034931875451542,-0.020983912772110012,-0.018894805346188034,1,0.01723954476950058,0.17580430733215455,2025
TE,def_middle_epa_allowed_roll4,3618,1,-0.009590932468052642,-0.00832603750647294,-0.01944082273976197,-0.019736084271228242,1,0.02174681126941582,0.17564931497194716,2025
TE,weekly_is_rookie,3487,0.9637921503593145,-0.04054214590615972,-0.047103113928850304,0.013785072322006455,0.016724683464721005,1,0.008072893955347124,0.17518102567308252,2025
TE,response_adjustment_raw_24,3618,1,-0.02729559152872448,-0.04272465796598139,-0.015777300876615497,-0.0151857060371882,1,0.01393083062344867,0.17458880760118203,2025
TE,expected_team_pass_rate,3618,1,-0.008428287756126822,-4.0767895911723135e-4,-0.017961648083398556,-0.018252845189669666,1,0.021896658431882977,0.17432942782492955,2025
TE,wr_redzone_matchup,3618,1,0.030728640496358494,0.15184274074184548,-0.007860444081021512,-0.00942526226316661,1,0.002734893973475793,0.17387882530515764,2025
TE,te_redzone_matchup,3618,1,0.030728640496358494,0.15184274074184548,-0.007860444081021512,-0.00942526226316661,1,0.002734893973475793,0.17387882530515764,2025
TE,tw_combine_bmi_24,3618,1,0.09821773444140178,0.008901808331664058,0.013336181957811643,0.009455113974149658,1,0.004389344676302788,0.17359317876724237,2025
TE,tw_combine_height_in_24,3618,1,0.09923173615408122,0.008894098740200035,0.012978824045842033,0.009041193889228446,1,0.0035414483723150065,0.1733164556796456,2025
TE,tw_combine_weight_24,3618,1,0.09768777877415834,0.006746215804530114,0.012171545231268748,0.00828641552613135,1,0.001121448201280799,0.17240129465061307,2025
TE,model_disagreement_23,3618,1,0.3500528798762743,0.38954768657290334,0.04220851183701289,0.01913102908996204,0.6666666666666666,0.06583382563639208,0.16715603430772535,2025
TE,talent_prior_fppg_24,3618,1,0.2150505191111399,0.25729194717672893,0.05491031323829648,0.04452043906197723,0.6666666666666666,0.04902829931306898,0.16554305895016677,2025
TE,role_vs_prior_232,3618,1,0.17156116571253974,0.16551214182273805,-0.053550168133153955,-0.057687723054563655,0.6666666666666666,0.03865361210478924,0.16345606416501807,2025
TE,roll3_fppg_sd,3618,1,0.3174215023738056,0.3327601421823251,0.029711216671855126,0.011614900869936311,0.6666666666666666,0.1008938959563123,0.1605264781252006,2025
TE,prior_game_fppg,3618,1,0.3644733592910032,0.3981272435562626,0.024780651064918474,0.0033117538038599423,0.6666666666666666,0.07689197901505407,0.158992035699786,2025
TE,talent_gap_weighted_24,3618,1,-0.3125057910008234,-0.23033242807240378,-0.03212489557860865,-0.01417302256649322,0.6666666666666666,0.017950313685368605,0.14944548912337013,2025
TE,roll5_carries,3618,1,0.10349485200898959,0.16892389928655915,0.04207545854303304,0.038828626469355323,0.6666666666666666,0.031942464735852834,0.1483921842288502,2025
TE,target_trend,3618,1,0.026301072613206414,0.04505732845950294,-0.04785674700290709,-0.05027423681432124,0.6666666666666666,0.04290685588658228,0.14598137355315188,2025
TE,season_carries_prior,3618,1,0.09401330523770184,0.21151065717771636,0.03393278603231311,0.030890419827419732,0.6666666666666666,0.033522171102466816,0.1445592976329093,2025
TE,season_to_date_rush_ypc,3618,1,0.10605585698188028,0.11147217591366772,0.03347424540223805,0.029788803032971923,0.6666666666666666,0.05522355119906932,0.14288689150437367,2025
TE,roll3_carries,3618,1,0.09827191053114431,0.14107480713478496,0.034453846647622084,0.031209938169275392,0.6666666666666666,0.02115413864104701,0.14100940774160395,2025
TE,season_to_date_catch_rate,3618,1,0.1315944113392063,0.09937451330765876,0.03039022475796924,0.025227742070639624,0.6666666666666666,0.029086097016878608,0.13872742269743513,2025
TE,tw_combine_missing_24,3618,1,-0.1324154455971084,-0.16281728393862738,-0.026929313279141,-0.02164037825228867,0.6666666666666666,0.011623236144937642,0.1373000161619043,2025
TE,rb_rush_matchup,3240,0.8955223880597015,-0.0812838309432546,-0.09485867443692819,-0.02729934476352665,-0.02475211842788042,0.6666666666666666,0.05011863879977505,0.13675165296840222,2025
TE,underdog_target_interaction,3618,1,0.13527419338778857,0.09137196963637988,0.019915509357558297,0.014339730231760352,0.6666666666666666,0.07031416940743107,0.13587351275213447,2025
TE,season_to_date_ypt,3618,1,0.1351428227134975,0.2025448679649985,0.01910872701317897,0.013527080777786946,0.6666666666666666,0.015578898461523353,0.13432021446379866,2025
TE,tw_early_declare_heuristic_24,3618,1,0.09470996491297938,0.12233961726922549,0.02146327253454189,0.01797596989755781,0.6666666666666666,0.029454210680718487,0.1324600976348598,2025
TE,opp_pos_residual_roll8,3618,1,0.03281397522894649,0.02463936006207912,0.03369702914691095,0.033525104598039285,0.6666666666666666,0.012373041277737418,0.13235227405415725,2025
TE,opp_avg_pass_rushers_roll4_24,3618,1,-0.01131507138609117,3.381510156079895e-4,-0.034278771343790954,-0.03501760902102877,0.6666666666666666,0.026620114157352177,0.13226983389065775,2025
TE,season_to_date_rush_td_rate,3618,1,0.03772551264871627,0.06711338077764745,0.023037402722224688,0.022257784695753756,0.6666666666666666,0.0453479100233924,0.13056602183014077,2025
TE,roll3_team_pass_attempts,3618,1,0.0462983141659908,0.03282598421052276,0.024741719531442486,0.023644351677321842,0.6666666666666666,0.03482862065344739,0.12961427295178427,2025
TE,opp_pressure_rate_roll4_24,3618,1,-0.01293114370243105,-0.00772394912847996,-0.03157551132080964,-0.03215775279449638,0.6666666666666666,0.013753713302932275,0.12957973324851155,2025
TE,roll3_ngs_yac_oe,3618,1,0.142881515947647,0.17164153736380985,0.007867464985678148,0.0018013890046071296,0.6666666666666666,0.042004432543799715,0.128793088051242,2025
TE,weekly_experience,3487,0.9637921503593145,0.1294157250304718,0.13031074366164286,0.014235298882493946,0.007064020475533229,0.6666666666666666,0.02761063793519361,0.12850375806235267,2025
TE,roll3_catch_rate,3618,1,0.11508132390336641,0.0719841853947294,0.015373928326019118,0.010731880126957282,0.6666666666666666,0.033394471481631535,0.12768001454986724,2025
TE,qb_pressure_matchup,3240,0.8955223880597015,0.06147099315140321,0.06525110474278607,0.018016721551239907,0.016061190353906775,0.6666666666666666,0.03814390685692714,0.12748873982106862,2025
TE,is_home,3618,1,0.026327011533026072,0.029732915910521615,0.02468214638332624,0.024458544105876716,0.6666666666666666,0.018444900886760474,0.12698275481254512,2025
TE,prior_pass_td_rate,3618,1,-0.02505875461049445,-0.1092314664532085,0.015482021314849832,0.017059145120694987,0.6666666666666666,0.03808310591431205,0.12691864683281473,2025
TE,season_to_date_pass_ypa,3618,1,0.06169930023034067,0.0702079689625091,0.012827458053797243,0.010611348168198824,0.6666666666666666,0.06390662647126687,0.12684641308859307,2025
TE,underdog_points,3618,1,-0.05729582997064207,-0.04593129643421809,-0.01966715114698595,-0.017886949378205112,0.6666666666666666,0.027098751727890332,0.12649083548624598,2025
TE,roll3_pass_attempts,3618,1,0.060189940149053364,0.06495792562403051,0.01214917496783122,0.009978219411660775,0.6666666666666666,0.04029735668449711,0.12376978641484118,2025
TE,opp_pos_residual_roll4,3618,1,0.024154442112962582,0.024982346985578854,0.020285473535988266,0.019994264933046232,0.6666666666666666,0.016668876327892983,0.1236425101554537,2025
TE,def_te_residual_roll4,3618,1,0.024154442112962582,0.024982346985578854,0.020285473535988266,0.019994264933046232,0.6666666666666666,0.016668876327892983,0.1236425101554537,2025
TE,roll5_pass_attempts,3618,1,0.056762293077284406,0.06401681821368388,0.011325195259486285,0.009279704883591079,0.6666666666666666,0.036182023440474984,0.12264029833209382,2025
TE,season_pass_attempts_prior,3618,1,0.05666128946918766,0.0649361161912054,0.012076035651399092,0.010060368917109533,0.6666666666666666,0.030376252066203157,0.12258349667758027,2025
TE,rb_receiving_matchup,3240,0.8955223880597015,0.012821422705723924,-0.014448441844789606,0.017616974662486143,0.017708803336467325,0.6666666666666666,0.028882075518412535,0.12221552908170616,2025
TE,te_middle_matchup,3618,1,0.021364234968324278,0.06424099479699752,-0.014309368996658979,-0.01570051741066122,0.6666666666666666,0.018540617512581573,0.12211450079964688,2025
TE,def_pass_success_allowed_roll4,3618,1,0.01507634677314924,0.006049121578537657,0.021068039689310078,0.021191305571931638,0.6666666666666666,0.004401128634100334,0.12178864227146666,2025
TE,prior_catch_rate,3618,1,0.06878223766561349,0.06181685342064249,-0.009127705040965252,-0.012266247473963564,0.6666666666666666,0.006330509445501636,0.12105924505605639,2025
TE,roll3_pass_attempt_share,3618,1,0.05839791157971056,0.06492496940181938,0.0087014224450465,0.006496599134598101,0.6666666666666666,0.026333723651350078,0.12004379707709852,2025
TE,tw_age_at_draft_24,3618,1,0.11185900187870079,0.02631939522768773,0.00984212217248989,0.005246181851458626,0.6666666666666666,0.006660185310836688,0.11946566437514028,2025
TE,def_redzone_rush_td_rate_roll4,3618,1,0.014625934939876023,0.018275371217290625,0.01381080310088783,0.013690655525358017,0.6666666666666666,0.018915343556552958,0.11895522397025182,2025
TE,practice_risk,3618,1,0.051279942385967586,0.06304892851154337,0.00550869666941435,0.0035111583110417136,0.6666666666666666,0.028057371861182307,0.11775775729431336,2025
TE,tw_combine_forty_24,3618,1,0.04951136075750317,0.006964697752600459,-0.009245082522730087,-0.011617268531304169,0.6666666666666666,0.005915049945803798,0.11742061215494963,2025
TE,prior_yards_per_attempt,3618,1,-0.04178908636065499,-0.10679664755558903,9.03662257280116e-4,0.002704078864748049,0.6666666666666666,0.02255343260608963,0.11703573983093428,2025
TE,roll3_fppg,3618,1,0.45006868091674596,0.47906570330415155,0.016246315249017217,-0.010693024878021344,0.3333333333333333,0.0840217791507615,0.11596752003913305,2025
TE,def_qb_hit_rate_roll4,3618,1,-0.013562562433555848,-0.0022533621768358898,-0.010466193372500304,-0.010269825510926173,0.6666666666666666,0.01757649034874618,0.11594409319116711,2025
TE,opp_avg_box_roll4_24,3550,0.9812050856826976,0.010227451631898024,0.018179449052690876,-0.008384193909595494,-0.009079971403035923,0.6666666666666666,0.006263462966639881,0.11429194867273826,2025
TE,def_redzone_pass_td_rate_roll4,3618,1,-0.0026655372934957316,0.01373240790409052,-0.0041104116082665435,-0.0041462215497297785,0.6666666666666666,0.03136566896916543,0.11315816572206172,2025
TE,def_rush_epa_allowed_roll8,3618,1,0.0018909820109771572,0.0034048142816207544,-0.006762353347829573,-0.007086459831537685,0.6666666666666666,0.012505356230069393,0.1126308846473654,2025
TE,def_middle_pass_rate_roll4,3618,1,0.004970821210823049,-0.007824253027135677,-0.004362217532206925,-0.004730107627785079,0.6666666666666666,0.018968636743887882,0.11212108279554553,2025
TE,opp_pos_fppg_allowed_roll4,3618,1,0.00478117268522246,-0.004926130064280068,0.003495847583253442,0.0034197397445633786,0.6666666666666666,0.01834909261807936,0.11119086865319151,2025
TE,response_blitz_rate_24,2411,0.6663902708678828,-0.04258499587353394,-0.03672983731246319,-0.02953000668217312,-0.031307035242153454,0.5,0.04372148212932843,0.10804199772962594,2025
TE,projection_spread_232,3618,1,0.28208771792409215,0.3167200129868471,-0.006135628084660503,-0.01721894609308513,0.3333333333333333,0.0594510293420402,0.09745429540017783,2025
TE,response_avg_pass_rushers_24,2411,0.6663902708678828,-0.012451226768124705,0.012678853677157521,0.007128778286917707,0.005210511521432554,0.5,0.039476997590471394,0.0889586735743445,2025
TE,season_to_date_interception_rate,3618,1,0.009469742271255676,0.01621416493453655,-0.006864092185280605,-0.007510636838050676,0.5,0.013508658863922794,0.08723218477279211,2025
TE,role_5_vs_prior_232,3618,1,0.18983147808401094,0.19000666602881738,-0.006269728250602572,-0.014050645144572065,0.3333333333333333,0.05105526748632111,0.08470962658401161,2025
TE,roll3_ypt,3618,1,0.12480080772710947,0.18892284281038454,-0.008288644990892793,-0.013587364748696555,0.3333333333333333,0.029026135071939276,0.07881110410901818,2025
TE,qb_pass_matchup,3240,0.8955223880597015,0.00475407017458897,0.01777466340152564,-0.02214515503841345,-0.02308727892645193,0.3333333333333333,0.06971903727884862,0.07587005906531533,2025
TE,team_skill_out_count,3618,1,0.017321418855325347,0.014143528413093517,0.031067677092421513,0.031452698873506234,0.3333333333333333,0.005093491430804613,0.07549273123146241,2025
TE,weekly_age,3487,0.9637921503593145,0.1014567536174085,0.07132221150576105,0.013852367465389046,0.008454735106822393,0.3333333333333333,0.012931395494384035,0.07016527614729769,2025
TE,prior_rush_td_rate,3618,1,0.009308019346927173,-0.07018914574576746,-0.014025685925472485,-0.014915111977520951,0.3333333333333333,0.0356383102816528,0.06961320928630768,2025
TE,matchup_role_interaction,3618,1,0.02497662377258426,0.0031487943229388856,0.02150700658701095,0.021225187979920835,0.3333333333333333,0.007068512344785836,0.06931085416779367,2025
TE,preseason_middle_target_rate,3618,1,0.1142604486551556,0.1515693445034974,0.0016432304223849771,-0.0031815685270605797,0.3333333333333333,0.0032324980163988696,0.06827275330871257,2025
TE,snap_trend,3618,1,0.048003848946364065,0.056276926183660245,0.010389491937495797,0.008699638052212836,0.3333333333333333,0.03350117910999661,0.06775429543663972,2025
TE,wr_deep_matchup,3618,1,0.06389149106274516,0.15649897245489533,5.183648674150019e-4,-0.0021746627700546836,0.3333333333333333,0.03132014055430734,0.06758619438497886,2025
TE,def_rush_success_allowed_roll4,3618,1,0.028758415341115864,0.020996623853615698,0.016321903462764045,0.015686905627800805,0.3333333333333333,0.0016753163993137637,0.06624555397336072,2025
TE,opp_rushers5_rate_roll4_24,3618,1,-3.811889424517356e-4,0.008326314249781098,-0.013518580625597212,-0.013988347974545439,0.3333333333333333,0.02783625478220108,0.06532207660503227,2025
TE,tw_combine_speed_score_24,3618,1,0.07729746172774125,0.0661998733884124,-0.0023862749224411927,-0.005718422624431647,0.3333333333333333,0.016672354747297103,0.06521312943246237,2025
TE,tw_combine_cone_24,3618,1,0.01790331745491216,0.030094234719576993,-0.0086300933489608,-0.0096901986217831,0.3333333333333333,0.012138590637755006,0.06279366479110692,2025
TE,tw_combine_vertical_24,3618,1,0.022154274100734866,0.005918631484244644,0.00294826311636819,0.002113855643048805,0.3333333333333333,0.03344904440650648,0.059780676735079356,2025
TE,tw_combine_broad_24,3618,1,0.016730447259815998,-0.003347266482493304,0.0027539980380511496,0.0021435390343661096,0.3333333333333333,0.02642125701401873,0.058619342492428915,2025
TE,tw_combine_shuttle_24,3618,1,0.02275319100380059,0.02630471056113593,-0.001558259184225594,-0.002577113399807129,0.3333333333333333,0.014140779528190869,0.05858999581727452,2025
TE,def_rush_epa_allowed_roll4,3618,1,0.006375238481783913,0.0033092008832056705,-0.0030042589211141616,-0.003382694407246885,0.3333333333333333,0.013600952374387233,0.05728997952869612,2025
