feature,importance,importance_pct,position,family
season_to_date_fppg,68634.6370079743,11.629933078618032,QB,legacy21
roll3_fppg,68186.74717206604,11.5540394912796,QB,legacy21
roll5_fppg,67048.91898525895,11.361237922794661,QB,legacy21
roll3_offense_snaps,46931.56700456197,7.952413057481734,QB,legacy21
roll3_pass_attempt_share,42297.86985812831,7.167246994560097,QB,legacy21
prior_game_fppg,38342.701450445194,6.4970555882782435,QB,legacy21
roll3_offense_pct,34200.64644852783,5.795196809966977,QB,legacy21
roll5_offense_pct,33338.62763793271,5.649130311814355,QB,legacy21
roll5_pass_attempts,23203.953706685967,3.931840256352706,QB,legacy21
roll3_pass_attempts,18524.092899834683,3.1388518998381336,QB,legacy21
preseason_prior_fppg,16559.49616176916,2.805956883761648,QB,legacy21
implied_team_total,15125.20276532327,2.5629201760155085,QB,legacy21
qb_pressure_matchup,9927.11574442049,1.6821199441601473,QB,legacy21
team_spread_line,6778.091470754515,1.148527239919226,QB,legacy21
def_pass_epa_allowed_roll8,4653.03262082621,0.7884424009782148,QB,legacy21
roll3_team_pass_attempts,4570.690964443729,0.7744898546392641,QB,legacy21
qb_pass_matchup,4480.0920748028875,0.7591381449274802,QB,legacy21
roll5_carries,4186.277391924225,0.7093521294642205,QB,legacy21
roll3_fppg_sd,4121.504240814748,0.6983765135721032,QB,legacy21
roll3_carry_share,4086.84016893152,0.6925027907142478,QB,legacy21
def_pass_success_allowed_roll4,4055.5411388724656,0.6871992640857006,QB,legacy21
def_pass_epa_allowed_roll4,3981.1184321405963,0.6745885599783751,QB,legacy21
roll3_team_carries,3915.52701864155,0.6634742919822139,QB,legacy21
opportunity_per_snap,3733.24366173177,0.6325869246903859,QB,legacy21
def_sack_rate_roll4,3697.3267503480497,0.6265009119424088,QB,legacy21
opp_pos_residual_roll4,3655.004170241284,0.6193294778704409,QB,legacy21
opp_pos_fppg_allowed_roll4,3641.7943134313023,0.6170911073133071,QB,legacy21
def_qb_hit_rate_roll4,3607.2302839783692,0.6112343363447611,QB,legacy21
def_explosive_pass_rate_roll4,3542.892740410115,0.6003325328420409,QB,legacy21
opp_pos_residual_roll8,3395.9553651680753,0.5754344359727566,QB,legacy21
season_week,3039.772191566667,0.5150802670968742,QB,legacy21
def_rush_epa_allowed_roll4,2947.101632193328,0.49937751917172946,QB,legacy21
def_deep_pass_rate_roll4,2874.8205727845125,0.4871297107702882,QB,legacy21
def_redzone_pass_td_rate_roll4,2721.240215905499,0.46110598061658054,QB,legacy21
def_rush_epa_allowed_roll8,2709.1958893126625,0.4590651056537621,QB,legacy21
rb_rush_matchup,2697.104835612949,0.45701631292304057,QB,legacy21
def_rush_success_allowed_roll4,2617.41089523215,0.4435124141074559,QB,legacy21
roll3_carries,2594.5769970512647,0.4396432786483899,QB,legacy21
games_played_prior,2460.6573880653223,0.4169510031688788,QB,legacy21
snap_trend,2173.706428418665,0.3683280249902645,QB,legacy21
def_deep_epa_allowed_roll4,1941.52774457151,0.3289860444227808,QB,legacy21
def_redzone_rush_td_rate_roll4,1758.5713525286703,0.29798463334929587,QB,legacy21
team_skill_questionable_count,1224.4391401655193,0.20747753437249336,QB,legacy21
te_redzone_matchup,997.4271802285158,0.1690110396519556,QB,legacy21
wr_redzone_matchup,990.4335839764707,0.16782599577417262,QB,legacy21
rest_days,715.6096479639539,0.12125790532362318,QB,legacy21
injury_risk,663.2537500729039,0.11238635569084629,QB,legacy21
team_skill_out_count,543.7849025760987,0.09214271833896462,QB,legacy21
is_home,507.6908339795156,0.0860266868334066,QB,legacy21
te_middle_matchup,325.12081632344206,0.05509074573918102,QB,legacy21
wr_volume_matchup,292.9996424503074,0.04964790931086558,QB,legacy21
practice_risk,264.7079595946924,0.044853968632574244,QB,legacy21
roll3_target_share,199.17808568496426,0.03375012833497245,QB,legacy21
rb_receiving_matchup,181.22396399100631,0.030707856343910052,QB,legacy21
wr_deep_matchup,153.91522624199413,0.026080472761395565,QB,legacy21
roll3_targets,135.83631651696396,0.023017055813302007,QB,legacy21
roll3_fppg,70563.6140247773,12.206108012574095,QB,neutral
roll5_fppg,69752.32555505433,12.06577117144635,QB,neutral
season_to_date_fppg,69306.74943424035,11.988695325294687,QB,neutral
roll3_offense_snaps,44140.38964874923,7.635413395642628,QB,neutral
roll3_pass_attempt_share,43095.769389439396,7.454714775064864,QB,neutral
prior_game_fppg,35871.46928894074,6.205053904364941,QB,neutral
roll3_offense_pct,30060.242985547848,5.199826820618656,QB,neutral
roll5_offense_pct,26465.886833889126,4.578074377392022,QB,neutral
roll3_pass_attempts,21878.570710126834,3.784559520360973,QB,neutral
roll5_pass_attempts,20720.369090026565,3.5842135733645777,QB,neutral
preseason_prior_fppg,16774.64830610933,2.901682006046597,QB,neutral
ngs_available,11753.454813600158,2.033114955327222,QB,neutral
season_to_date_pass_td_rate,5985.71298504789,1.035409824702391,QB,neutral
prior_pass_td_rate,5472.719891172864,0.9466721771189716,QB,neutral
roll3_ngs_air_yards,5373.027088216727,0.9294272962015686,QB,neutral
roll3_ngs_aggressiveness,5059.784323049983,0.875242500274873,QB,neutral
roll3_team_pass_attempts,4811.9867783577165,0.8323784316246704,QB,neutral
roll3_ngs_time_to_throw,4463.811397744709,0.7721509849183666,QB,neutral
expected_team_pass_rate,4356.052611533645,0.75351084861052,QB,neutral
roll3_pass_td_rate,4345.759321786814,0.7517303132993549,QB,neutral
roll3_carry_share,4237.860870945674,0.7330660177759719,QB,neutral
season_to_date_pass_ypa,4176.0163631316545,0.7223681424928645,QB,neutral
expected_team_plays,4058.0789508070734,0.701967305411988,QB,neutral
roll3_team_carries,4054.922986655923,0.7014213861043513,QB,neutral
roll5_carries,3946.106586291283,0.682598303489508,QB,neutral
roll3_pass_ypa,3769.9838967905066,0.6521325655702928,QB,neutral
prior_yards_per_attempt,3546.002521583876,0.6133882226626712,QB,neutral
season_carries_prior,3485.6761185425494,0.6029529494456001,QB,neutral
roll3_carries,3398.75558160556,0.5879174176488402,QB,neutral
season_to_date_rush_ypc,3319.5969317381055,0.574224538623789,QB,neutral
season_pass_attempts_prior,3309.4674529878,0.5724723393714393,QB,neutral
roll3_rush_ypc,3021.538467012638,0.5226663260126323,QB,neutral
prior_yards_per_carry,2767.5978711633466,0.4787396311493918,QB,neutral
opportunity_per_snap,2729.1563971615765,0.472090017317773,QB,neutral
role_fppg_trend,2711.4223843128434,0.4690223842420067,QB,neutral
prior_rush_td_rate,2694.7799923475263,0.46614357996414013,QB,neutral
season_to_date_interception_rate,2556.1580483342195,0.4421647284707162,QB,neutral
roll3_fppg_sd,2339.4211060890307,0.40467352902009174,QB,neutral
carry_trend,2309.558995306683,0.39950797514745695,QB,neutral
roll3_ngs_cpoe,2234.5989616765314,0.38654137359563545,QB,neutral
snap_trend,2128.718977463359,0.3682262328317026,QB,neutral
games_played_prior,2020.315600834465,0.3494745951449563,QB,neutral
roll3_interception_rate,2004.3195775926004,0.3467075998576502,QB,neutral
season_to_date_rush_td_rate,1663.14125876373,0.28769050629280885,QB,neutral
roll3_rush_td_rate,1612.782109257393,0.27897937057802136,QB,neutral
prior_yards_per_target,626.2032609232458,0.10832076483456986,QB,neutral
prior_catch_rate,560.9656638065773,0.0970359522878763,QB,neutral
prior_rec_td_rate,443.60591132476196,0.0767350389216902,QB,neutral
season_to_date_ypt,437.5081267105701,0.07568024292425016,QB,neutral
season_to_date_catch_rate,373.40338805124946,0.06459139245921092,QB,neutral
target_trend,323.63149864150876,0.05598184111293398,QB,neutral
season_targets_prior,253.34620372205387,0.043823876794648775,QB,neutral
roll3_targets,213.78754111989798,0.03698101145635498,QB,neutral
season_to_date_rec_td_rate,192.78405785161843,0.033347824736030644,QB,neutral
roll5_targets,187.36816139035952,0.03241098188713927,QB,neutral
roll3_target_share,139.92248952220777,0.024203820114664615,QB,neutral
season_to_date_fppg,68515.16315356948,10.434779017822686,QB,direct
roll3_fppg,67724.95634364875,10.314431447148152,QB,direct
roll5_fppg,66247.11240797376,10.089357548440017,QB,direct
roll3_offense_snaps,45087.60100424893,6.866788770079532,QB,direct
roll3_pass_attempt_share,44332.26972136849,6.7517527012834915,QB,direct
roll5_offense_pct,35304.090883405894,5.376771649332002,QB,direct
roll3_offense_pct,33049.83429104327,5.0334510133138055,QB,direct
prior_game_fppg,27868.903258161285,4.244401291378102,QB,direct
roll5_pass_attempts,23106.93294542143,3.5191587959103874,QB,direct
roll3_pass_attempts,18993.777263832384,2.892730008065524,QB,direct
implied_team_total,15882.148311103216,2.4188325667880117,QB,direct
preseason_prior_fppg,15632.322012822648,2.380784314468224,QB,direct
ngs_available,11521.814380804135,1.7547588214682532,QB,direct
team_spread_line,7590.26824643315,1.1559889547369508,QB,direct
favorite_rush_interaction,6345.861040188996,0.9664671962287051,QB,direct
favorite_points,5671.874301986662,0.8638198062148924,QB,direct
season_to_date_pass_td_rate,5259.5911374174375,0.8010295636315707,QB,direct
roll3_ngs_time_to_throw,5163.645317895917,0.7864171278099273,QB,direct
underdog_points,5119.519310727911,0.7796967886536887,QB,direct
prior_pass_td_rate,4790.101483403685,0.7295268397774817,QB,direct
expected_team_plays,4260.6342173939465,0.6488895959370351,QB,direct
season_to_date_pass_ypa,3671.949041446772,0.559233533843037,QB,direct
def_pass_epa_allowed_roll8,3669.6393382791093,0.5588817687586088,QB,direct
roll5_carries,3622.2500881857445,0.5516644415308208,QB,direct
def_pass_epa_allowed_roll4,3613.151656476967,0.5502787610490121,QB,direct
roll3_carry_share,3476.185769889823,0.5294190171071697,QB,direct
matchup_role_interaction,3411.939792420146,0.5196344300636058,QB,direct
opp_pos_residual_roll8,3406.1767740182595,0.5187567291178378,QB,direct
season_carries_prior,3390.479735095615,0.5163660884938809,QB,direct
roll3_team_pass_attempts,3321.3435110554856,0.5058367226311967,QB,direct
opp_pos_fppg_allowed_roll4,3263.108996880048,0.4969676743992172,QB,direct
roll3_ngs_aggressiveness,3220.4228725950766,0.49046662771787697,QB,direct
roll3_team_carries,3191.9332766916377,0.486127695664353,QB,direct
season_week,3134.1311455831715,0.4773244988665266,QB,direct
opp_pos_residual_roll4,3098.399393302393,0.47188259488778544,QB,direct
roll3_ngs_air_yards,3040.931667735484,0.46313032766186507,QB,direct
qb_pressure_matchup,3001.1092306757264,0.4570654171874006,QB,direct
roll3_pass_td_rate,2922.9156843750093,0.44515663176366826,QB,direct
qb_pass_matchup,2913.5666089171723,0.44373277853274457,QB,direct
def_qb_hit_rate_roll4,2889.9454075194203,0.44013529725449724,QB,direct
roll3_pass_ypa,2849.4069444165325,0.4339613368531674,QB,direct
def_pass_success_allowed_roll4,2826.896364393594,0.43053300190815835,QB,direct
prior_yards_per_attempt,2719.4919184325104,0.4141754307144131,QB,direct
roll3_carries,2639.707855792174,0.40202441151695445,QB,direct
def_rush_epa_allowed_roll4,2559.015655502925,0.3897350840203106,QB,direct
expected_team_pass_rate,2549.7944619144105,0.38833070704814976,QB,direct
def_sack_rate_roll4,2532.025903181518,0.3856245763858414,QB,direct
season_pass_attempts_prior,2494.26461402788,0.3798735763208902,QB,direct
def_redzone_pass_td_rate_roll4,2492.1642078780437,0.3795536869268872,QB,direct
rb_rush_matchup,2485.664035828126,0.3785637183447984,QB,direct
role_fppg_trend,2440.108941784682,0.37162573093296075,QB,direct
snap_trend,2328.4593884968203,0.3546216348705148,QB,direct
season_to_date_rush_ypc,2303.669263388611,0.350846127881667,QB,direct
def_rush_epa_allowed_roll8,2284.1406841813905,0.347871948164651,QB,direct
prior_rush_td_rate,2230.6780568768477,0.33972965270831956,QB,direct
def_rush_success_allowed_roll4,2150.2739727738135,0.32748420496903496,QB,direct
opportunity_per_snap,2104.488639499257,0.3205111523922423,QB,direct
prior_yards_per_carry,2080.5182118205025,0.31686048436084807,QB,direct
def_deep_pass_rate_roll4,2078.1125264444395,0.31649410129861466,QB,direct
roll3_rush_ypc,1967.3917047459051,0.2996314499683337,QB,direct
def_deep_epa_allowed_roll4,1950.0576828961396,0.29699149876385367,QB,direct
def_explosive_pass_rate_roll4,1943.8821211407833,0.29605096794903796,QB,direct
roll3_ngs_cpoe,1930.7250531376055,0.294047161918132,QB,direct
carry_trend,1850.7909348620888,0.2818732894233678,QB,direct
season_to_date_interception_rate,1808.566909836325,0.2754426199174177,QB,direct
def_redzone_rush_td_rate_roll4,1723.5813486542277,0.2624994185905354,QB,direct
roll3_fppg_sd,1562.9522675126939,0.2380357978619246,QB,direct
games_played_prior,1350.5713950091244,0.20569043998515998,QB,direct
roll3_interception_rate,1317.4174509954378,0.2006411331831508,QB,direct
season_to_date_rush_td_rate,1264.5790828924976,0.19259391167131196,QB,direct
team_skill_out_count,1092.566050316908,0.16639652848638556,QB,direct
roll3_rush_td_rate,1056.6634865270614,0.160928610115081,QB,direct
rest_days,833.3461527416816,0.12691764200752878,QB,direct
team_skill_questionable_count,632.0603538194354,0.09626205082880288,QB,direct
is_home,624.138537099922,0.09505556743033916,QB,direct
prior_yards_per_target,579.6162179971079,0.0882748704310845,QB,direct
prior_catch_rate,561.5539508066645,0.08552400831504901,QB,direct
injury_risk,556.9671212006232,0.0848254395438681,QB,direct
roll3_target_share,535.6113032803631,0.08157297351319849,QB,direct
season_to_date_ypt,503.0611354402419,0.07661562111452719,QB,direct
season_to_date_rec_td_rate,495.4039827685406,0.0754494457402404,QB,direct
te_redzone_matchup,435.7327231919004,0.06636158286816699,QB,direct
roll5_targets,406.1772984586125,0.061860326333485836,QB,direct
practice_risk,398.5921192781604,0.060705112437531135,QB,direct
wr_redzone_matchup,392.3134600528841,0.059748879998923005,QB,direct
prior_rec_td_rate,378.20502440491146,0.057600181791143915,QB,direct
wr_volume_matchup,373.05710996612487,0.056816160457778694,QB,direct
roll3_targets,349.82268542472383,0.053277584841277884,QB,direct
season_targets_prior,338.3256490241047,0.051526599677140905,QB,direct
te_middle_matchup,317.3201267207592,0.04832748325822399,QB,direct
season_to_date_catch_rate,310.43020883918564,0.04727815684293077,QB,direct
target_trend,287.2386558760253,0.043746110517531314,QB,direct
rb_receiving_matchup,235.91584909740274,0.03592970721846921,QB,direct
underdog_target_interaction,185.11883401202752,0.02819338137782526,QB,direct
wr_deep_matchup,177.23618373920863,0.026992862983272487,QB,direct
structured_neutral_fppg,9693.295482652833,6.214277787690168,QB,matchup
baseline_weekly_fppg,5867.71920326289,3.761737911992379,QB,matchup
qb_pressure_matchup,5306.574456900087,3.401993453645685,QB,matchup
roll3_ngs_air_yards,5293.243477241291,3.393447091788661,QB,matchup
def_pass_epa_allowed_roll4,5230.924475900866,3.3534949840174813,QB,matchup
implied_team_total,5008.867778129049,3.211136587222424,QB,matchup
roll3_ngs_time_to_throw,4979.172553271844,3.1920992663689702,QB,matchup
roll3_pass_ypa,4953.757062302384,3.1758056414322904,QB,matchup
def_pass_success_allowed_roll4,4542.894276346563,2.9124054913880664,QB,matchup
roll3_ngs_aggressiveness,4542.65353347425,2.912251153465877,QB,matchup
roll3_pass_td_rate,4513.840164785452,2.8937791820551464,QB,matchup
qb_pass_matchup,4484.278264403984,2.8748273342309236,QB,matchup
def_rush_epa_allowed_roll4,4280.755930697012,2.7443511386050403,QB,matchup
matchup_role_interaction,4247.07877727568,2.7227610419414914,QB,matchup
def_explosive_pass_rate_roll4,4173.392380528494,2.675521407146448,QB,matchup
def_pass_epa_allowed_roll8,4170.077565012006,2.6733963110456154,QB,matchup
def_rush_epa_allowed_roll8,4091.2338223042248,2.622850351739603,QB,matchup
rb_rush_matchup,4032.3757729671543,2.5851170267546486,QB,matchup
opp_pos_fppg_allowed_roll4,4023.08811853249,2.5791628015114005,QB,matchup
opp_pos_residual_roll4,3973.922068568399,2.5476429233907862,QB,matchup
def_sack_rate_roll4,3915.1011678226505,2.509933414007689,QB,matchup
team_spread_line,3905.644517855652,2.503870847366545,QB,matchup
opp_pos_residual_roll8,3709.3432228738916,2.3780239896819677,QB,matchup
def_qb_hit_rate_roll4,3563.150213190467,2.2843010680587588,QB,matchup
def_rush_success_allowed_roll4,3447.8861816190106,2.2104064145432454,QB,matchup
favorite_rush_interaction,3352.9123148076956,2.1495195890056547,QB,matchup
roll3_ngs_cpoe,3274.864244695334,2.099483727689004,QB,matchup
roll3_interception_rate,3263.0925647715694,2.091937017779566,QB,matchup
def_deep_epa_allowed_roll4,3224.028639127215,2.066893513651777,QB,matchup
def_redzone_pass_td_rate_roll4,2999.295054527722,1.9228189906555573,QB,matchup
roll3_rush_ypc,2903.555713852052,1.861441427242408,QB,matchup
ngs_available,2647.9605855231553,1.6975818676675885,QB,matchup
def_deep_pass_rate_roll4,2562.0135620507667,1.642482063907518,QB,matchup
favorite_points,2494.7044813730677,1.5993308646364524,QB,matchup
def_redzone_rush_td_rate_roll4,2367.227203034165,1.517606416987629,QB,matchup
season_week,2336.957259831584,1.498200649773055,QB,matchup
underdog_points,2107.175591222052,1.3508898490434142,QB,matchup
roll3_rush_td_rate,1608.248959186896,1.0310328207817927,QB,matchup
is_home,852.7655495034063,0.5466997288868487,QB,matchup
rest_days,733.1052889734278,0.4699866955937423,QB,matchup
team_skill_out_count,654.543388390156,0.41962142254217344,QB,matchup
team_skill_questionable_count,576.3316189393843,0.36948061516622205,QB,matchup
te_middle_matchup,411.50425473869285,0.2638113894638862,QB,matchup
te_redzone_matchup,388.2861414199882,0.24892648204238954,QB,matchup
wr_redzone_matchup,331.66729868932134,0.212628690710683,QB,matchup
practice_risk,245.77534708019198,0.1575641929883981,QB,matchup
underdog_target_interaction,208.85159260193527,0.1338927318529165,QB,matchup
wr_volume_matchup,202.58519531382436,0.12987540528466748,QB,matchup
rb_receiving_matchup,171.46241309793086,0.10992289124427067,QB,matchup
injury_risk,115.07947223100618,0.07377633431107714,QB,matchup
roll3_offense_snaps,156347.18058477383,8.922987640145855,QB,opportunity_pass_attempts
roll5_pass_attempts,152913.4614037718,8.727019707131548,QB,opportunity_pass_attempts
roll3_pass_attempt_share,148367.6145000366,8.467580837915543,QB,opportunity_pass_attempts
roll3_pass_attempts,144171.7961478629,8.22811866688878,QB,opportunity_pass_attempts
roll3_offense_pct,137863.44604757056,7.868090876402974,QB,opportunity_pass_attempts
roll5_offense_pct,116144.61811188712,6.6285620757958,QB,opportunity_pass_attempts
roll5_fppg,96584.55397184365,5.512237432720878,QB,opportunity_pass_attempts
roll3_fppg,92949.20127086776,5.30476194709298,QB,opportunity_pass_attempts
ngs_available,82977.44373931928,4.735657541936832,QB,opportunity_pass_attempts
season_to_date_fppg,80881.62162504015,4.6160455684320265,QB,opportunity_pass_attempts
prior_game_fppg,63016.107534908166,3.596431650132664,QB,opportunity_pass_attempts
roll3_ngs_air_yards,53566.65432712055,3.0571360014112763,QB,opportunity_pass_attempts
roll3_team_pass_attempts,35287.504458279545,2.01391521711575,QB,opportunity_pass_attempts
roll3_ngs_time_to_throw,32485.47286393527,1.8539987210835405,QB,opportunity_pass_attempts
implied_team_total,29845.016310799834,1.703303575191897,QB,opportunity_pass_attempts
preseason_prior_fppg,28278.164664356478,1.6138808057958378,QB,opportunity_pass_attempts
expected_team_plays,25055.063484206774,1.429933184317487,QB,opportunity_pass_attempts
roll3_team_carries,24567.81439123808,1.402125086864303,QB,opportunity_pass_attempts
season_week,21456.48559313595,1.2245564968452332,QB,opportunity_pass_attempts
team_spread_line,19654.699696887892,1.1217256480747102,QB,opportunity_pass_attempts
underdog_points,17840.681378221063,1.0181966750806257,QB,opportunity_pass_attempts
expected_team_pass_rate,16853.897966144243,0.9618793423565593,QB,opportunity_pass_attempts
favorite_points,14451.245033698196,0.8247560354981295,QB,opportunity_pass_attempts
roll3_ngs_aggressiveness,12331.885081788678,0.7038007193537819,QB,opportunity_pass_attempts
season_pass_attempts_prior,11448.012309393895,0.6533566640529971,QB,opportunity_pass_attempts
favorite_rush_interaction,9011.314218173455,0.5142903446642838,QB,opportunity_pass_attempts
opportunity_per_snap,7886.185168346212,0.4500774015998327,QB,opportunity_pass_attempts
roll3_carry_share,6270.516174463717,0.35786854686347563,QB,opportunity_pass_attempts
roll5_carries,6244.081561612125,0.35635988055517026,QB,opportunity_pass_attempts
prior_pass_td_rate,6017.93829125562,0.34345351666203217,QB,opportunity_pass_attempts
season_to_date_pass_ypa,5952.1041093965905,0.3396962529312115,QB,opportunity_pass_attempts
prior_yards_per_carry,5897.938419284662,0.33660492898420474,QB,opportunity_pass_attempts
roll3_pass_ypa,5802.350296515947,0.3311495594993197,QB,opportunity_pass_attempts
season_to_date_pass_td_rate,5716.915685728358,0.3262736674413559,QB,opportunity_pass_attempts
season_carries_prior,5716.725446797238,0.32626281019644293,QB,opportunity_pass_attempts
season_to_date_rush_ypc,5421.050509267693,0.3093881610776729,QB,opportunity_pass_attempts
roll3_carries,5246.775683539643,0.29944201359906975,QB,opportunity_pass_attempts
prior_yards_per_attempt,5231.960739516334,0.2985965006712702,QB,opportunity_pass_attempts
roll3_rush_ypc,4406.754646579348,0.2515006480929931,QB,opportunity_pass_attempts
season_to_date_interception_rate,4239.870645219878,0.2419763069702491,QB,opportunity_pass_attempts
roll3_pass_td_rate,4089.011919012085,0.23336655433943398,QB,opportunity_pass_attempts
roll3_fppg_sd,3603.661831069344,0.2056668361887215,QB,opportunity_pass_attempts
roll3_ngs_cpoe,3555.6738993433796,0.202928086950869,QB,opportunity_pass_attempts
prior_rush_td_rate,3513.1463119083105,0.20050096843405898,QB,opportunity_pass_attempts
snap_trend,2637.472879732532,0.15052486280245206,QB,opportunity_pass_attempts
games_played_prior,2536.7239070221704,0.14477495522567613,QB,opportunity_pass_attempts
roll3_interception_rate,2513.3705745658567,0.1434421425962158,QB,opportunity_pass_attempts
team_skill_out_count,2465.3378485561702,0.14070083687580626,QB,opportunity_pass_attempts
role_fppg_trend,2295.233974488538,0.13099273238572612,QB,opportunity_pass_attempts
prior_rec_td_rate,2078.1676226698783,0.11860440298237467,QB,opportunity_pass_attempts
is_home,1963.7544018717686,0.11207465456457535,QB,opportunity_pass_attempts
prior_yards_per_target,1955.431482192248,0.11159965201478507,QB,opportunity_pass_attempts
prior_catch_rate,1696.0681006048085,0.09679736239526546,QB,opportunity_pass_attempts
season_to_date_rush_td_rate,1340.0121672904845,0.07647667173566226,QB,opportunity_pass_attempts
team_skill_questionable_count,1311.9031697564817,0.07487244557287065,QB,opportunity_pass_attempts
carry_trend,1304.4670683061129,0.07444805518038426,QB,opportunity_pass_attempts
rest_days,1269.4046889410395,0.07244698821813728,QB,opportunity_pass_attempts
roll3_rush_td_rate,1267.469025393557,0.07233651675427674,QB,opportunity_pass_attempts
practice_risk,1047.7240500625749,0.05979531395465642,QB,opportunity_pass_attempts
injury_risk,993.5474903202412,0.056703369660180636,QB,opportunity_pass_attempts
roll5_targets,759.5306919740359,0.043347650731194384,QB,opportunity_pass_attempts
season_to_date_ypt,717.843847313177,0.040968514770608026,QB,opportunity_pass_attempts
target_trend,582.9833182762155,0.03327180524735661,QB,opportunity_pass_attempts
season_to_date_rec_td_rate,492.7577315973844,0.02812248441055654,QB,opportunity_pass_attempts
season_targets_prior,485.0662705048521,0.02768352022836513,QB,opportunity_pass_attempts
roll3_targets,465.73315252230014,0.026580147771256727,QB,opportunity_pass_attempts
roll3_target_share,367.6669384025109,0.020983349586384342,QB,opportunity_pass_attempts
underdog_target_interaction,258.43438906594366,0.014749270506823809,QB,opportunity_pass_attempts
season_to_date_catch_rate,214.48820663797852,0.01224119046873378,QB,opportunity_pass_attempts
roll5_carries,9087.619856352809,17.25807285247238,QB,opportunity_carries
roll3_carries,7593.149394163565,14.419961166462535,QB,opportunity_carries
roll3_carry_share,6089.932100178634,11.565238589730539,QB,opportunity_carries
season_carries_prior,2669.062864461907,5.068750904067736,QB,opportunity_carries
favorite_rush_interaction,1619.0549331389009,3.0747069562700653,QB,opportunity_carries
prior_yards_per_carry,1317.8833554806483,2.5027595035289947,QB,opportunity_carries
season_to_date_fppg,1310.7539660832492,2.489220257438287,QB,opportunity_carries
roll5_fppg,1043.4357840907314,1.9815629464436715,QB,opportunity_carries
roll3_team_pass_attempts,966.0777913070541,1.8346543063063474,QB,opportunity_carries
season_to_date_rush_ypc,942.3002256361002,1.7894989227086382,QB,opportunity_carries
roll3_team_carries,937.855916812974,1.781058846356327,QB,opportunity_carries
roll3_rush_ypc,825.3225953125274,1.5673496142929115,QB,opportunity_carries
expected_team_plays,803.1087973412789,1.5251639430414987,QB,opportunity_carries
roll3_fppg,785.0885886634607,1.490942212919157,QB,opportunity_carries
preseason_prior_fppg,766.9834746017468,1.456559241093927,QB,opportunity_carries
season_week,680.5009007291014,1.2923223359465275,QB,opportunity_carries
prior_game_fppg,660.571772446801,1.2544754240797449,QB,opportunity_carries
prior_pass_td_rate,618.5100651102476,1.1745970817868334,QB,opportunity_carries
carry_trend,617.4128551523412,1.172513397644305,QB,opportunity_carries
prior_yards_per_attempt,610.4685442147172,1.1593256294535002,QB,opportunity_carries
team_spread_line,596.7740742328422,1.1333188021038747,QB,opportunity_carries
expected_team_pass_rate,578.9591352246578,1.0994868945059055,QB,opportunity_carries
opportunity_per_snap,569.9081960995396,1.0822984811178404,QB,opportunity_carries
implied_team_total,547.1157681109809,1.0390139479915677,QB,opportunity_carries
roll5_pass_attempts,509.2035243399283,0.9670157487552598,QB,opportunity_carries
prior_rush_td_rate,441.88184523776937,0.8391668223189688,QB,opportunity_carries
roll3_pass_attempts,430.6546231017685,0.8178454839909199,QB,opportunity_carries
season_pass_attempts_prior,414.9063517439272,0.7879383335279596,QB,opportunity_carries
season_to_date_interception_rate,408.69291285150797,0.7761385462608024,QB,opportunity_carries
season_to_date_pass_td_rate,404.45851954606997,0.7680971152473578,QB,opportunity_carries
roll5_offense_pct,400.4638601444329,0.7605109569282383,QB,opportunity_carries
roll3_offense_snaps,393.5855818413829,0.7474485896714661,QB,opportunity_carries
roll3_ngs_time_to_throw,387.3203605503548,0.7355504637389825,QB,opportunity_carries
roll3_offense_pct,384.65642892447033,0.7304914574424788,QB,opportunity_carries
season_to_date_rush_td_rate,384.4616344419157,0.7301215280853615,QB,opportunity_carries
roll3_pass_td_rate,362.44306197521854,0.6883066047342202,QB,opportunity_carries
roll3_ngs_air_yards,348.32378761384206,0.6614930419527248,QB,opportunity_carries
season_to_date_pass_ypa,346.06161872792904,0.6571970132835248,QB,opportunity_carries
favorite_points,344.39878501307396,0.6540391671317125,QB,opportunity_carries
roll3_ngs_aggressiveness,334.5251933891039,0.6352884748431352,QB,opportunity_carries
roll3_fppg_sd,325.6680586262947,0.6184681104994539,QB,opportunity_carries
roll3_ngs_cpoe,320.74960738896743,0.6091276020806529,QB,opportunity_carries
games_played_prior,315.4554940406604,0.5990736830899219,QB,opportunity_carries
role_fppg_trend,285.5103586416779,0.5422056212143453,QB,opportunity_carries
prior_yards_per_target,275.64892494015226,0.5234780177339046,QB,opportunity_carries
roll3_pass_attempt_share,273.14636478282466,0.5187254679798937,QB,opportunity_carries
roll3_rush_td_rate,270.0061096594936,0.5127618875759541,QB,opportunity_carries
roll3_interception_rate,233.6849537636391,0.44378528375174503,QB,opportunity_carries
roll3_pass_ypa,230.82414574177704,0.4383523943881215,QB,opportunity_carries
snap_trend,224.2392575287348,0.4258471969544254,QB,opportunity_carries
underdog_points,221.8502157297837,0.42131022709151045,QB,opportunity_carries
team_skill_questionable_count,159.6067736775325,0.303105254336685,QB,opportunity_carries
rest_days,142.28959919034426,0.27021863896071857,QB,opportunity_carries
is_home,134.70461100388488,0.25581417654083094,QB,opportunity_carries
team_skill_out_count,85.77659200862009,0.16289619254778986,QB,opportunity_carries
ngs_available,70.15525670321234,0.13323010318500006,QB,opportunity_carries
season_to_date_ypt,62.68741721171379,0.11904811493812627,QB,opportunity_carries
prior_rec_td_rate,61.94952108413585,0.11764679475433854,QB,opportunity_carries
prior_catch_rate,60.715406847357464,0.11530311910072877,QB,opportunity_carries
season_to_date_catch_rate,52.52490256832922,0.09974873612913669,QB,opportunity_carries
injury_risk,52.13428615481786,0.09900692621319505,QB,opportunity_carries
roll5_targets,51.482148280675005,0.09776846739562622,QB,opportunity_carries
roll3_targets,46.21698394236072,0.08776952474978633,QB,opportunity_carries
practice_risk,38.625310998129464,0.0733523674726697,QB,opportunity_carries
roll3_target_share,34.640162686120895,0.06578427142731492,QB,opportunity_carries
season_targets_prior,30.366840581156552,0.05766891169888175,QB,opportunity_carries
target_trend,21.717262145689947,0.04124271241435685,QB,opportunity_carries
underdog_target_interaction,21.44778299894017,0.04073095126893673,QB,opportunity_carries
season_to_date_rec_td_rate,19.49772194956311,0.03702763882971849,QB,opportunity_carries
season_to_date_fppg,135544.38823186033,14.003980918076133,RB,legacy21
roll5_fppg,133599.68592151435,13.803060950819074,RB,legacy21
roll3_fppg,113144.82833591175,11.68973527907863,RB,legacy21
roll5_carries,100862.27387645432,10.420743913820157,RB,legacy21
roll3_carry_share,95246.9851175932,9.840591554475969,RB,legacy21
roll3_carries,90307.72922209563,9.330284590002286,RB,legacy21
roll5_offense_pct,85958.39054871551,8.880925847948891,RB,legacy21
roll3_offense_snaps,49598.42171297707,5.124338678242385,RB,legacy21
roll3_offense_pct,47566.16054788705,4.91437243067052,RB,legacy21
prior_game_fppg,19128.60177376758,1.9763014738101332,RB,legacy21
preseason_prior_fppg,17743.37749028773,1.8331848558065578,RB,legacy21
roll5_targets,5132.058462493652,0.5302266638754067,RB,legacy21
roll3_target_share,4502.434690722348,0.4651760970428661,RB,legacy21
roll3_targets,3587.0145298894668,0.37059802832638816,RB,legacy21
rb_rush_matchup,3550.5132732043794,0.3668268437810761,RB,legacy21
opportunity_per_snap,3208.7369042838677,0.3315156825367985,RB,legacy21
def_pass_epa_allowed_roll8,3121.0336147154844,0.32245447971173413,RB,legacy21
implied_team_total,3105.740054147681,0.320874401531038,RB,legacy21
def_pass_epa_allowed_roll4,2847.7132751802546,0.294215960439169,RB,legacy21
opp_pos_fppg_allowed_roll4,2683.4972043897956,0.2772497196984809,RB,legacy21
wr_volume_matchup,2574.451232027901,0.26598346414877244,RB,legacy21
team_spread_line,2393.04297379626,0.2472409856161187,RB,legacy21
def_explosive_pass_rate_roll4,2391.836139119478,0.24711629959993325,RB,legacy21
opp_pos_residual_roll8,2346.709435391266,0.2424539634741134,RB,legacy21
opp_pos_residual_roll4,2268.202495966808,0.23434289597823124,RB,legacy21
roll3_fppg_sd,2238.182131048617,0.23124129492375683,RB,legacy21
rb_receiving_matchup,2223.7550283116434,0.229750736191911,RB,legacy21
def_rush_epa_allowed_roll4,2197.917425887049,0.22708128380038947,RB,legacy21
def_rush_epa_allowed_roll8,2010.0187798348388,0.20766824067722917,RB,legacy21
def_rush_success_allowed_roll4,1939.7308935803615,0.20040633754188236,RB,legacy21
def_pass_success_allowed_roll4,1937.0389185114645,0.2001282119183244,RB,legacy21
te_middle_matchup,1887.3797631245543,0.1949975984453676,RB,legacy21
roll3_team_carries,1810.4880295698133,0.18705340847553686,RB,legacy21
wr_deep_matchup,1754.7217495291145,0.18129182784686376,RB,legacy21
def_redzone_pass_td_rate_roll4,1728.9832997346,0.1786326195647276,RB,legacy21
def_sack_rate_roll4,1570.4074116055544,0.16224910313594385,RB,legacy21
season_week,1557.2689124023734,0.16089167849790736,RB,legacy21
te_redzone_matchup,1425.2728679037482,0.14725430027418993,RB,legacy21
wr_redzone_matchup,1396.4893336613102,0.1442804843195494,RB,legacy21
def_redzone_rush_td_rate_roll4,1375.2546721126769,0.14208659197912887,RB,legacy21
is_home,1181.1020702091248,0.12202741160493849,RB,legacy21
def_qb_hit_rate_roll4,1179.8218351174826,0.1218951421098463,RB,legacy21
snap_trend,1053.1308994233368,0.10880586951732003,RB,legacy21
games_played_prior,886.8807478444928,0.09162947453182738,RB,legacy21
team_skill_questionable_count,879.9886738426085,0.09091740910390823,RB,legacy21
rest_days,861.2024035031513,0.08897647613879313,RB,legacy21
roll3_team_pass_attempts,798.5333745405441,0.08250172718610706,RB,legacy21
injury_risk,519.4098624338645,0.05366364404361705,RB,legacy21
practice_risk,332.43096912002284,0.034345626616212016,RB,legacy21
team_skill_out_count,229.92525312976784,0.023755087904526385,RB,legacy21
roll3_pass_attempts,200.86437569373967,0.02075261780314134,RB,legacy21
qb_pressure_matchup,132.300413102751,0.013668824543110237,RB,legacy21
roll3_pass_attempt_share,118.80362636106621,0.012274382866464935,RB,legacy21
qb_pass_matchup,57.84754641861213,0.005976609926617021,RB,legacy21
season_to_date_fppg,136806.8244856231,14.54565464582316,RB,neutral
roll5_fppg,132494.0198230688,14.087106123757264,RB,neutral
roll3_fppg,108068.113229102,11.490080697117726,RB,neutral
roll5_carries,99294.91591211583,10.557291716799321,RB,neutral
roll3_carries,95305.88475016315,10.133167628901294,RB,neutral
roll3_carry_share,76845.33171235152,8.17039398753863,RB,neutral
roll5_offense_pct,70955.24625344129,7.544144900610247,RB,neutral
ngs_available,42551.444080271096,4.524179349968929,RB,neutral
roll3_offense_snaps,34788.045923078775,3.6987548223759608,RB,neutral
roll3_offense_pct,28648.8044403454,3.046014823981105,RB,neutral
preseason_prior_fppg,14353.922077854435,1.5261460394431434,RB,neutral
roll3_ngs_box_rate,10135.97075776243,1.0776825695421977,RB,neutral
prior_game_fppg,9789.205707583395,1.0408136144874311,RB,neutral
roll3_ngs_time_to_los,7543.670236382295,0.8020624879859204,RB,neutral
roll3_target_share,4138.979992382646,0.4400670345323053,RB,neutral
roll5_targets,4126.720069549188,0.4387635278966502,RB,neutral
prior_rush_td_rate,3781.5522786555566,0.4020643975712614,RB,neutral
opportunity_per_snap,3357.7599383273864,0.35700570223836503,RB,neutral
prior_yards_per_target,3304.0700451966495,0.351297254239611,RB,neutral
roll3_targets,2997.713404823198,0.31872462560005677,RB,neutral
season_to_date_rush_ypc,2806.6303554487927,0.2984081826497787,RB,neutral
prior_rec_td_rate,2410.5739479926724,0.2562984432798136,RB,neutral
roll3_rush_ypc,2391.2704256044867,0.25424604296161185,RB,neutral
expected_team_pass_rate,2386.897420119082,0.2537810937326962,RB,neutral
roll3_rush_td_rate,2368.5262941722367,0.25182782821043553,RB,neutral
season_carries_prior,2349.023295191227,0.2497542190260822,RB,neutral
season_to_date_rush_td_rate,2308.118728777592,0.2454051399598372,RB,neutral
roll3_fppg_sd,2251.372995236518,0.23937178712224463,RB,neutral
roll3_team_carries,2205.013865428667,0.23444276479897047,RB,neutral
roll3_ngs_rush_yoe_pa,2198.829531589944,0.23378523046491392,RB,neutral
roll3_ypt,2104.1379377403473,0.22371737582990245,RB,neutral
season_targets_prior,2100.359481584569,0.22331564062010587,RB,neutral
season_to_date_ypt,2069.0312712178184,0.21998474444310745,RB,neutral
carry_trend,2042.6677215330724,0.2171817038024513,RB,neutral
roll3_team_pass_attempts,1834.8908408382044,0.1950903296232958,RB,neutral
expected_team_plays,1826.9646362677884,0.1942475950976835,RB,neutral
role_fppg_trend,1765.5579594126757,0.18771867873813453,RB,neutral
season_to_date_catch_rate,1708.1596307714242,0.1816159403052953,RB,neutral
prior_yards_per_carry,1424.2070797637837,0.15142537226684433,RB,neutral
prior_catch_rate,1366.989154132333,0.14534181474758523,RB,neutral
prior_yards_per_attempt,1302.3197882721272,0.13846600087277525,RB,neutral
roll3_catch_rate,1295.1904810799147,0.13770799453301985,RB,neutral
target_trend,1291.5871044929725,0.13732487423482145,RB,neutral
games_played_prior,1248.732151576481,0.13276842504210007,RB,neutral
snap_trend,1206.335530169894,0.1282607068383584,RB,neutral
prior_pass_td_rate,763.8692656169013,0.08121655168883513,RB,neutral
roll3_rec_td_rate,527.7994876400852,0.056117003653292724,RB,neutral
season_to_date_rec_td_rate,383.86028175064354,0.040813015809602386,RB,neutral
season_pass_attempts_prior,314.684270820824,0.033458043800391066,RB,neutral
roll5_pass_attempts,269.1528338379637,0.028617023914352092,RB,neutral
roll3_pass_attempts,204.09331703768206,0.021699728184704656,RB,neutral
season_to_date_pass_ypa,185.00513543789543,0.01967022345486985,RB,neutral
roll3_pass_attempt_share,171.57701872462928,0.018242511431077486,RB,neutral
season_to_date_pass_td_rate,162.35514907497213,0.017262018450430842,RB,neutral
season_to_date_fppg,129832.7876906685,13.610139913976273,RB,direct
roll5_fppg,127707.51796222042,13.387351673242875,RB,direct
roll3_fppg,111134.51210864128,11.650032984532539,RB,direct
roll5_carries,99062.6697823245,10.384563252248258,RB,direct
roll3_carries,94149.93593726416,9.869570112374365,RB,direct
roll3_carry_share,83626.26171362646,8.76639208515629,RB,direct
roll5_offense_pct,71664.96531564179,7.512510685667458,RB,direct
ngs_available,35802.17813902634,3.7530785740979127,RB,direct
roll3_offense_pct,22957.32894353779,2.406575908368818,RB,direct
roll3_offense_snaps,22696.85498931185,2.37927088762623,RB,direct
preseason_prior_fppg,12643.608619339588,1.3254069745213997,RB,direct
roll3_ngs_box_rate,9751.405278615533,1.022222449047692,RB,direct
roll3_ngs_time_to_los,9635.887821279835,1.0101129597206087,RB,direct
prior_game_fppg,5979.688606687284,0.6268401073920183,RB,direct
roll5_targets,4971.8094789552915,0.5211859333671107,RB,direct
roll3_target_share,3740.0910531771915,0.3920670843641681,RB,direct
matchup_role_interaction,3673.86406220581,0.38512462684450316,RB,direct
opp_pos_residual_roll4,3214.4481884599663,0.3369648789749594,RB,direct
implied_team_total,3166.1817834848985,0.33190519769922167,RB,direct
prior_rush_td_rate,3080.7421169472786,0.32294870961586475,RB,direct
roll3_targets,2959.2212736861575,0.3102098960336689,RB,direct
rb_receiving_matchup,2884.6811846977057,0.3023959912536979,RB,direct
opp_pos_residual_roll8,2744.464700220735,0.2876973468979731,RB,direct
roll3_rush_ypc,2724.7717053704077,0.28563296531913235,RB,direct
opportunity_per_snap,2556.4315123655283,0.26798616268403147,RB,direct
def_pass_epa_allowed_roll8,2520.198371020299,0.2641879070045311,RB,direct
roll3_ngs_rush_yoe_pa,2508.289657873413,0.26293953781360924,RB,direct
opp_pos_fppg_allowed_roll4,2441.2170773189864,0.2559084386438669,RB,direct
team_spread_line,2370.1003345388503,0.2484533971502652,RB,direct
season_carries_prior,2301.383685270896,0.2412499531852111,RB,direct
prior_yards_per_carry,2118.524297608347,0.22208112923142806,RB,direct
prior_yards_per_target,2105.901040102734,0.22075785562791525,RB,direct
season_to_date_rush_ypc,1999.5217011461614,0.20960629897641064,RB,direct
def_pass_epa_allowed_roll4,1937.842817608548,0.2031406114592882,RB,direct
favorite_rush_interaction,1909.6945918280628,0.20018988307998734,RB,direct
season_to_date_rush_td_rate,1882.0342017278354,0.19729029364625975,RB,direct
carry_trend,1815.6689531695683,0.19033334282998496,RB,direct
favorite_points,1798.6877694784066,0.1885532355854861,RB,direct
roll3_fppg_sd,1732.3612539615895,0.1816003450849667,RB,direct
te_middle_matchup,1728.4838053500412,0.181193879052379,RB,direct
underdog_target_interaction,1714.5459545975548,0.1797327989799599,RB,direct
rb_rush_matchup,1714.045816806293,0.17968037042599896,RB,direct
def_rush_epa_allowed_roll4,1672.4955476694977,0.17532472970939897,RB,direct
def_sack_rate_roll4,1630.955129814139,0.17097012168508782,RB,direct
wr_volume_matchup,1581.408234600625,0.165776208898083,RB,direct
underdog_points,1570.593831242674,0.16464255425347532,RB,direct
roll3_rush_td_rate,1558.5724735247168,0.1633823767327772,RB,direct
def_redzone_pass_td_rate_roll4,1551.472090592003,0.162638056235036,RB,direct
te_redzone_matchup,1544.409311634247,0.1618976776950206,RB,direct
def_rush_epa_allowed_roll8,1453.9007610477258,0.15240982752400953,RB,direct
expected_team_pass_rate,1434.1508301029144,0.1503394774357816,RB,direct
def_redzone_rush_td_rate_roll4,1368.5503921835757,0.1434627003567319,RB,direct
def_explosive_pass_rate_roll4,1329.7449250044663,0.13939479234112936,RB,direct
roll3_team_pass_attempts,1288.2443830568056,0.13504436443720708,RB,direct
prior_rec_td_rate,1275.8995937017362,0.1337502821539909,RB,direct
wr_deep_matchup,1264.8839324100452,0.13259552999861018,RB,direct
wr_redzone_matchup,1258.875539388331,0.13196568085851068,RB,direct
team_skill_questionable_count,1245.135979450121,0.13052538725901539,RB,direct
def_pass_success_allowed_roll4,1234.534054114577,0.12941400630709385,RB,direct
roll3_team_carries,1224.1140263131886,0.1283216933497359,RB,direct
roll3_ypt,1219.2455752664816,0.12781134229675,RB,direct
role_fppg_trend,1208.1918026301605,0.12665259499698434,RB,direct
def_rush_success_allowed_roll4,1181.7086336724806,0.12387641155911303,RB,direct
season_targets_prior,1142.8869432311324,0.11980680288782204,RB,direct
is_home,1130.924080001113,0.1185527572401214,RB,direct
season_to_date_ypt,1129.9867513252914,0.11845449874432672,RB,direct
def_qb_hit_rate_roll4,1125.724081497335,0.11800765065766469,RB,direct
injury_risk,1076.0150664827665,0.11279674314063501,RB,direct
expected_team_plays,1019.8063494355591,0.1069044834348644,RB,direct
season_to_date_catch_rate,947.765214146942,0.09935253952085228,RB,direct
snap_trend,913.179862275559,0.09572701867734153,RB,direct
prior_catch_rate,903.6116230835501,0.09472399720295173,RB,direct
target_trend,867.0731503725468,0.09089373418014289,RB,direct
games_played_prior,853.6485923363381,0.08948646166904646,RB,direct
team_skill_out_count,811.2352302370584,0.08504034445427436,RB,direct
season_week,791.1033945534308,0.08292995997241173,RB,direct
rest_days,764.3195616225988,0.08012225846568834,RB,direct
prior_yards_per_attempt,659.9506849744125,0.06918145499753296,RB,direct
roll3_catch_rate,606.2287558242648,0.0635498808382824,RB,direct
roll3_rec_td_rate,579.5085893835964,0.06074885337633899,RB,direct
prior_pass_td_rate,477.3502988385721,0.05003978171253807,RB,direct
practice_risk,457.04649840431364,0.0479113704721194,RB,direct
season_to_date_rec_td_rate,434.0700544939554,0.0455027907758207,RB,direct
qb_pass_matchup,270.4767276741092,0.028353593669187355,RB,direct
season_pass_attempts_prior,184.80847577692677,0.01937314338967589,RB,direct
roll3_pass_attempts,147.79861781789242,0.015493465890807486,RB,direct
roll3_pass_attempt_share,131.4133841349199,0.013775831024337767,RB,direct
season_to_date_pass_ypa,125.60646483801985,0.013167102016005313,RB,direct
roll5_pass_attempts,122.81349587985964,0.012874320054128937,RB,direct
qb_pressure_matchup,109.94703065138391,0.011525551418157863,RB,direct
season_to_date_pass_td_rate,99.41173587188743,0.010421155228764198,RB,direct
structured_neutral_fppg,7004.909369373018,7.045671503347808,RB,matchup
baseline_weekly_fppg,5181.641528357564,5.211793919352331,RB,matchup
matchup_role_interaction,4841.030337712338,4.869200684649962,RB,matchup
wr_volume_matchup,4596.048246781592,4.622793023125026,RB,matchup
rb_receiving_matchup,3430.4900980642938,3.45045239730372,RB,matchup
opp_pos_fppg_allowed_roll4,3347.6765674621033,3.3671569680713933,RB,matchup
opp_pos_residual_roll4,3312.968995681803,3.332247430124758,RB,matchup
def_pass_epa_allowed_roll4,3010.1544922253734,3.02767082458984,RB,matchup
roll3_ngs_rush_yoe_pa,2862.015710705164,2.878670011522786,RB,matchup
te_middle_matchup,2760.597450588339,2.7766615903505665,RB,matchup
opp_pos_residual_roll8,2740.6656727831783,2.7566138279188515,RB,matchup
roll3_ypt,2648.341508865278,2.663752422226606,RB,matchup
rb_rush_matchup,2420.0303503938703,2.434112702664852,RB,matchup
favorite_rush_interaction,2385.7335630492253,2.3996163395417165,RB,matchup
implied_team_total,2274.2218490185555,2.287455729831261,RB,matchup
roll3_ngs_box_rate,2238.7418889883656,2.251769309045063,RB,matchup
def_pass_epa_allowed_roll8,2213.783750526664,2.2266659371577604,RB,matchup
roll3_rush_ypc,2159.448338730352,2.1720143432071297,RB,matchup
def_explosive_pass_rate_roll4,2137.8694328149913,2.15030986789357,RB,matchup
wr_deep_matchup,2088.8746537390966,2.101029984236952,RB,matchup
def_rush_epa_allowed_roll8,2084.195058284447,2.0963231578380017,RB,matchup
def_rush_epa_allowed_roll4,2023.1427164671109,2.034915547507483,RB,matchup
def_pass_success_allowed_roll4,1993.2949422811012,2.004894086710261,RB,matchup
def_rush_success_allowed_roll4,1969.5924401932034,1.9810536578463411,RB,matchup
def_qb_hit_rate_roll4,1958.4508131969244,1.9698471968217581,RB,matchup
underdog_target_interaction,1896.7470635655015,1.9077843880824161,RB,matchup
team_spread_line,1867.611047277345,1.8784788269598005,RB,matchup
roll3_rush_td_rate,1821.4897298412052,1.832089125848542,RB,matchup
def_sack_rate_roll4,1761.0404421881892,1.7712880789032837,RB,matchup
def_redzone_pass_td_rate_roll4,1738.0698456700245,1.7481838146267825,RB,matchup
wr_redzone_matchup,1656.1676823561622,1.6658050560027193,RB,matchup
favorite_points,1544.9509455123775,1.553941139975249,RB,matchup
te_redzone_matchup,1543.7727545713583,1.552756093045886,RB,matchup
roll3_ngs_time_to_los,1491.1036454377543,1.4997804981078795,RB,matchup
def_redzone_rush_td_rate_roll4,1233.2558315574843,1.2404322469513691,RB,matchup
underdog_points,1220.7013288322585,1.2278046885597402,RB,matchup
is_home,1119.01369491735,1.125525326081527,RB,matchup
roll3_rec_td_rate,1078.1064293522786,1.0843800178307363,RB,matchup
season_week,1073.8721169202274,1.0801210655922944,RB,matchup
ngs_available,1067.5617013815931,1.073773929235437,RB,matchup
roll3_catch_rate,1024.1993263979166,1.030159225085836,RB,matchup
team_skill_out_count,720.7442754354082,0.7249383446471117,RB,matchup
rest_days,613.8035721853162,0.6173753447985372,RB,matchup
team_skill_questionable_count,597.7416856680089,0.6012199928649651,RB,matchup
practice_risk,215.45406185089334,0.21670780645649482,RB,matchup
qb_pass_matchup,158.50183482560226,0.15942416981749516,RB,matchup
qb_pressure_matchup,158.05766728337392,0.15897741762842715,RB,matchup
injury_risk,135.57203537667738,0.1363609400116782,RB,matchup
roll3_carry_share,168633.5686154633,15.053934859480528,RB,opportunity_carries
roll3_carries,148643.87904476438,13.26945335245189,RB,opportunity_carries
roll5_carries,144357.06570422815,12.886769113999103,RB,opportunity_carries
ngs_available,125244.71161511874,11.18060742963802,RB,opportunity_carries
roll3_offense_pct,102707.12441483783,9.168674856613055,RB,opportunity_carries
roll3_offense_snaps,100578.27888924933,8.97863261217011,RB,opportunity_carries
roll3_ngs_time_to_los,69845.01066384262,6.235070807229509,RB,opportunity_carries
roll3_ngs_box_rate,58567.15030740873,5.228295130512285,RB,opportunity_carries
roll5_offense_pct,50087.79363152921,4.471342146020402,RB,opportunity_carries
season_to_date_fppg,31338.606075695385,2.7976003729495815,RB,opportunity_carries
roll5_fppg,28786.813340721055,2.5698015905209406,RB,opportunity_carries
roll3_fppg,25321.695434916714,2.260470182411163,RB,opportunity_carries
prior_game_fppg,10364.346406572864,0.9252261987138658,RB,opportunity_carries
preseason_prior_fppg,5888.397031328942,0.5256577682852642,RB,opportunity_carries
season_carries_prior,4435.102449330767,0.39592202143094324,RB,opportunity_carries
roll3_team_carries,2772.8889258181634,0.24753606061097044,RB,opportunity_carries
roll5_targets,2744.7926154561887,0.24502790028765192,RB,opportunity_carries
roll3_fppg_sd,2544.530481322559,0.22715048034795568,RB,opportunity_carries
roll3_rush_td_rate,2329.1096466754684,0.20791984175815564,RB,opportunity_carries
opportunity_per_snap,2328.925946621975,0.2079034428367447,RB,opportunity_carries
roll3_team_pass_attempts,2054.2659075423944,0.1833845147801677,RB,opportunity_carries
expected_team_plays,1972.519292142324,0.176086986575556,RB,opportunity_carries
season_week,1902.238282651085,0.16981299411114797,RB,opportunity_carries
roll3_rush_ypc,1720.1173908200642,0.1535550446134032,RB,opportunity_carries
roll3_target_share,1656.3009627446716,0.14785814595260124,RB,opportunity_carries
roll3_targets,1367.4175273555695,0.12206949394199725,RB,opportunity_carries
roll3_catch_rate,1341.5941253756423,0.11976423636814812,RB,opportunity_carries
rest_days,1264.6535499268393,0.11289574381137601,RB,opportunity_carries
season_to_date_rush_ypc,1129.3751256345458,0.10081942588778904,RB,opportunity_carries
games_played_prior,1118.3391924554758,0.09983424707342059,RB,opportunity_carries
season_to_date_ypt,1116.749486563383,0.09969233387581836,RB,opportunity_carries
roll3_ngs_rush_yoe_pa,1075.0174816742638,0.09596691379300624,RB,opportunity_carries
season_to_date_rec_td_rate,1072.3207526339,0.09572617653268128,RB,opportunity_carries
season_to_date_catch_rate,1071.9553353229628,0.09569355569425309,RB,opportunity_carries
underdog_points,1070.3584678953534,0.09555100318568775,RB,opportunity_carries
season_to_date_rush_td_rate,956.020297214075,0.08534402371226459,RB,opportunity_carries
prior_rush_td_rate,792.0395015875988,0.07070544234418696,RB,opportunity_carries
expected_team_pass_rate,791.9077546583181,0.0706936812831621,RB,opportunity_carries
favorite_rush_interaction,738.5478725971884,0.06593023948890386,RB,opportunity_carries
season_targets_prior,666.1289020191288,0.059465391033026616,RB,opportunity_carries
prior_catch_rate,614.1033249822427,0.05482106277637872,RB,opportunity_carries
favorite_points,613.0603146536373,0.05472795314421293,RB,opportunity_carries
carry_trend,594.2701987553311,0.05305055769408039,RB,opportunity_carries
prior_yards_per_target,569.0279123950368,0.050797176367384206,RB,opportunity_carries
practice_risk,523.0372234355415,0.04669158314876696,RB,opportunity_carries
roll3_ypt,477.4031432153382,0.0426178244265415,RB,opportunity_carries
role_fppg_trend,466.3272324027684,0.04162907680499261,RB,opportunity_carries
prior_yards_per_carry,418.6126528690835,0.03736959170932032,RB,opportunity_carries
underdog_target_interaction,416.1535083999195,0.037150063646474996,RB,opportunity_carries
team_spread_line,390.7271534559476,0.03488025049964294,RB,opportunity_carries
prior_pass_td_rate,381.1786278691164,0.03402785270382794,RB,opportunity_carries
implied_team_total,378.9307593633381,0.03382718526651699,RB,opportunity_carries
prior_rec_td_rate,377.99481169528786,0.0337436331283372,RB,opportunity_carries
roll3_rec_td_rate,353.3901221891493,0.03154717013402214,RB,opportunity_carries
snap_trend,299.82854845913045,0.026765723305119355,RB,opportunity_carries
season_to_date_pass_ypa,199.65292719813996,0.017823035978079892,RB,opportunity_carries
season_pass_attempts_prior,198.82773869284165,0.01774937132099208,RB,opportunity_carries
prior_yards_per_attempt,198.1295712621433,0.01768704584742809,RB,opportunity_carries
target_trend,127.75913642513217,0.011405070373818,RB,opportunity_carries
injury_risk,105.32773787654318,0.009402617271923909,RB,opportunity_carries
roll5_pass_attempts,26.82721690042367,0.0023948682281702037,RB,opportunity_carries
roll3_pass_attempt_share,25.68021177275682,0.0022924749703084734,RB,opportunity_carries
team_skill_questionable_count,22.931728408286446,0.002047117596502005,RB,opportunity_carries
season_to_date_pass_td_rate,19.109773673571862,0.001705931330418322,RB,opportunity_carries
roll5_targets,9610.974946435696,14.832166244217847,RB,opportunity_targets
roll3_targets,7517.084270478895,11.600763106024603,RB,opportunity_targets
roll3_target_share,7136.610112905273,11.013595208052552,RB,opportunity_targets
roll5_offense_pct,5426.413579759203,8.374329219817437,RB,opportunity_targets
roll3_offense_pct,5117.574150518884,7.897711833673843,RB,opportunity_targets
roll3_offense_snaps,4732.779855642542,7.303876870702776,RB,opportunity_targets
roll5_fppg,3064.976844771391,4.7300348143334645,RB,opportunity_targets
season_targets_prior,2610.5753591721955,4.028778343102488,RB,opportunity_targets
season_to_date_fppg,2480.30520729452,3.8277385359988645,RB,opportunity_targets
roll3_fppg,2250.56833244448,3.473196406902319,RB,opportunity_targets
roll3_carries,1417.4780882008656,2.1875273600133918,RB,opportunity_targets
roll5_carries,1374.86794045727,2.121769120235847,RB,opportunity_targets
roll3_carry_share,998.228987806859,1.5405199138969272,RB,opportunity_targets
prior_game_fppg,987.7131515660457,1.5242913177149595,RB,opportunity_targets
preseason_prior_fppg,628.7882739407506,0.9703794114001654,RB,opportunity_targets
opportunity_per_snap,611.860981674006,0.9442563162548668,RB,opportunity_targets
ngs_available,510.43601216768457,0.7877319243574157,RB,opportunity_targets
season_carries_prior,422.099831457449,0.6514068454787754,RB,opportunity_targets
roll3_team_pass_attempts,387.5800849482849,0.598134141951225,RB,opportunity_targets
roll3_team_carries,345.8032212656295,0.5336618703287743,RB,opportunity_targets
roll3_ypt,335.6609638342688,0.5180098007778715,RB,opportunity_targets
expected_team_plays,334.5674704642702,0.5163222638171405,RB,opportunity_targets
season_week,307.1363530810486,0.4739891086939462,RB,opportunity_targets
games_played_prior,302.58447085149874,0.4669644026335249,RB,opportunity_targets
roll3_rush_ypc,291.16078360379396,0.4493347626309,RB,opportunity_targets
prior_rush_td_rate,282.92647460788777,0.4366271402914168,RB,opportunity_targets
season_to_date_rush_ypc,263.48937792392974,0.4066307818649164,RB,opportunity_targets
roll3_catch_rate,243.92740621764605,0.3764417096813614,RB,opportunity_targets
roll3_ngs_rush_yoe_pa,216.40625401286695,0.3339696080466475,RB,opportunity_targets
roll3_rush_td_rate,213.39025227085097,0.3293151542082238,RB,opportunity_targets
target_trend,206.94062439114467,0.31936174641574766,RB,opportunity_targets
season_to_date_ypt,203.73404787649133,0.31441318748127856,RB,opportunity_targets
expected_team_pass_rate,202.28387742062256,0.31217520752567834,RB,opportunity_targets
prior_yards_per_target,202.13351937980843,0.31194316702303015,RB,opportunity_targets
role_fppg_trend,202.08816322885193,0.31187317100546336,RB,opportunity_targets
season_to_date_rush_td_rate,194.2577379176588,0.29978884338773093,RB,opportunity_targets
roll3_ngs_time_to_los,189.6313349223796,0.29264913292951394,RB,opportunity_targets
prior_yards_per_carry,188.51915748337748,0.2909327617226089,RB,opportunity_targets
prior_rec_td_rate,180.63752152578124,0.27876940311945003,RB,opportunity_targets
roll3_ngs_box_rate,179.54762349165162,0.27708741467170656,RB,opportunity_targets
underdog_target_interaction,170.10727687110014,0.26251857110906807,RB,opportunity_targets
roll3_fppg_sd,162.8317055109777,0.25129052353466186,RB,opportunity_targets
season_to_date_catch_rate,149.49166225637143,0.2307034613104745,RB,opportunity_targets
team_skill_out_count,142.5533945924174,0.21999595868850463,RB,opportunity_targets
team_spread_line,142.3488238963483,0.21968025434116187,RB,opportunity_targets
implied_team_total,138.11614969740015,0.21314816704239173,RB,opportunity_targets
prior_catch_rate,124.92509921893625,0.1927910383720059,RB,opportunity_targets
carry_trend,120.06026920615301,0.1852833746956771,RB,opportunity_targets
snap_trend,117.69855166818715,0.18163864694014537,RB,opportunity_targets
favorite_points,112.86480285233701,0.17417894941527884,RB,opportunity_targets
is_home,109.31933372010981,0.16870739342059393,RB,opportunity_targets
season_to_date_rec_td_rate,108.21237805006261,0.1669990807244706,RB,opportunity_targets
roll3_pass_attempts,100.69148329351002,0.15539243707425232,RB,opportunity_targets
roll5_pass_attempts,96.88012847552947,0.14951055218837478,RB,opportunity_targets
season_to_date_pass_td_rate,88.03925397301397,0.13586684579059594,RB,opportunity_targets
roll3_rec_td_rate,81.29456966122908,0.1254580912641614,RB,opportunity_targets
underdog_points,80.3762654306056,0.1240409154742664,RB,opportunity_targets
favorite_rush_interaction,74.66337997994945,0.11522448767057832,RB,opportunity_targets
prior_yards_per_attempt,56.644430588137766,0.08741668935511039,RB,opportunity_targets
team_skill_questionable_count,54.51744511857289,0.08413421257627726,RB,opportunity_targets
season_to_date_pass_ypa,40.1813174992103,0.0620099401342222,RB,opportunity_targets
rest_days,35.44790908729755,0.05470509324214849,RB,opportunity_targets
season_to_date_interception_rate,32.22732492528205,0.049734916963390816,RB,opportunity_targets
roll3_pass_attempt_share,31.84343463118466,0.04914247710236446,RB,opportunity_targets
practice_risk,27.883568242225788,0.0430314012840147,RB,opportunity_targets
prior_pass_td_rate,15.200056984480337,0.023457534055793868,RB,opportunity_targets
season_pass_attempts_prior,10.025195806580848,0.015471413843315407,RB,opportunity_targets
season_to_date_fppg,148885.29204158316,16.075313636362647,WR,legacy21
roll5_fppg,129684.84865087454,14.002220013544205,WR,legacy21
roll3_fppg,106824.61519024258,11.533974711130499,WR,legacy21
roll5_targets,105008.29494643997,11.337864556911594,WR,legacy21
roll3_targets,98009.02116156707,10.582145037704969,WR,legacy21
roll3_target_share,97479.80658372863,10.525005140250812,WR,legacy21
preseason_prior_fppg,67738.73654972739,7.313828118520112,WR,legacy21
roll5_offense_pct,37390.23371529454,4.037065889237647,WR,legacy21
prior_game_fppg,36834.370076924344,3.977048662530292,WR,legacy21
roll3_offense_pct,24608.48293052446,2.6570057780641667,WR,legacy21
roll3_offense_snaps,23943.266016991063,2.5851815543639787,WR,legacy21
opportunity_per_snap,3904.9792672548015,0.4216250349771422,WR,legacy21
preseason_redzone_target_rate,3254.9274337615807,0.3514382021476272,WR,legacy21
roll3_fppg_sd,2626.5792057259537,0.28359473218483017,WR,legacy21
preseason_deep_target_rate,2484.9708584648115,0.26830511851960637,WR,legacy21
season_week,1797.0811361676322,0.19403288597383492,WR,legacy21
games_played_prior,1740.9449815032456,0.1879718017646752,WR,legacy21
injury_risk,1726.8243655310303,0.1864471828625704,WR,legacy21
implied_team_total,1619.4309341728222,0.17485179242543972,WR,legacy21
opp_pos_fppg_allowed_roll4,1600.8098179926935,0.17284124941779924,WR,legacy21
opp_pos_residual_roll4,1497.2926434288006,0.16166438281770612,WR,legacy21
def_explosive_pass_rate_roll4,1320.2505972674023,0.14254895254355257,WR,legacy21
te_redzone_matchup,1319.8255149309082,0.1425030559221555,WR,legacy21
def_wr_residual_roll4,1261.6201585564909,0.13621855766040858,WR,legacy21
def_redzone_rush_td_rate_roll4,1253.3506139432704,0.13532568556092486,WR,legacy21
def_rush_epa_allowed_roll8,1206.7304124462123,0.1302920495947455,WR,legacy21
wr_redzone_matchup,1184.8423661606753,0.12792877244290327,WR,legacy21
def_deep_pass_rate_roll4,1171.9265264122716,0.12653423459443267,WR,legacy21
rb_receiving_matchup,1127.149891283836,0.12169965057743293,WR,legacy21
def_rush_success_allowed_roll4,1117.03175524384,0.1206071839675485,WR,legacy21
opp_pos_residual_roll8,1104.1941809840819,0.11922109653254472,WR,legacy21
team_spread_line,1096.2966699774065,0.1183683933229928,WR,legacy21
def_pass_epa_allowed_roll8,1043.6050908182524,0.11267922383308739,WR,legacy21
def_pass_success_allowed_roll4,1006.4186665541553,0.10866416348116727,WR,legacy21
snap_trend,961.7408848919392,0.10384025278489473,WR,legacy21
def_sack_rate_roll4,945.1299284588533,0.10204674900221597,WR,legacy21
roll3_team_pass_attempts,944.2367744728905,0.10195031415460248,WR,legacy21
wr_deep_matchup,942.5394913987082,0.10176705657843069,WR,legacy21
rb_rush_matchup,933.4782130691509,0.10078870009273211,WR,legacy21
roll3_carry_share,896.9785669757346,0.0968477919578706,WR,legacy21
def_qb_hit_rate_roll4,873.777504015531,0.0943427469083025,WR,legacy21
wr_volume_matchup,734.0650088128222,0.07925783053741559,WR,legacy21
def_rush_epa_allowed_roll4,699.4193621487327,0.07551710082111636,WR,legacy21
def_redzone_pass_td_rate_roll4,547.844133456113,0.0591513516774285,WR,legacy21
roll3_team_carries,527.5672397520821,0.05696203249489672,WR,legacy21
rest_days,510.7736227242779,0.05514880664089152,WR,legacy21
te_middle_matchup,500.48114865800454,0.054037516556822894,WR,legacy21
roll3_carries,490.9626686560881,0.053009795488649716,WR,legacy21
def_pass_epa_allowed_roll4,450.4601967729422,0.04863669771894065,WR,legacy21
qb_pass_matchup,440.50869274428067,0.04756222255607781,WR,legacy21
def_deep_epa_allowed_roll4,286.61083306341783,0.03094569631355392,WR,legacy21
qb_pressure_matchup,244.06541028858786,0.02635201882185099,WR,legacy21
roll3_pass_attempts,164.8510332292402,0.017799152798104005,WR,legacy21
practice_risk,77.21476395110925,0.008336965531324021,WR,legacy21
roll3_pass_attempt_share,59.22436963896521,0.006394522278240452,WR,legacy21
team_skill_questionable_count,40.27077547738379,0.004348081246317328,WR,legacy21
team_skill_out_count,27.2303829505387,0.002940095293267204,WR,legacy21
season_to_date_fppg,144596.84631715718,15.348965006405514,WR,neutral
roll5_fppg,127882.45889205832,13.574731651905957,WR,neutral
roll3_fppg,109151.86183608822,11.586477508862075,WR,neutral
roll5_targets,102313.13455604226,10.860546146019333,WR,neutral
roll3_target_share,96028.5967622443,10.193442034586218,WR,neutral
roll3_targets,95589.56231410216,10.146838498252103,WR,neutral
preseason_prior_fppg,55629.91029057125,5.905118736038027,WR,neutral
ngs_available,46506.862107896006,4.936706555038624,WR,neutral
prior_game_fppg,27326.27613151362,2.9006860576889997,WR,neutral
roll5_offense_pct,25830.87664750079,2.7419493014227854,WR,neutral
roll3_offense_pct,20321.352511452817,2.1571129421244515,WR,neutral
roll3_offense_snaps,19431.870834834546,2.062694402052649,WR,neutral
roll3_ngs_air_yard_share,12888.112119277857,1.3680739722603088,WR,neutral
roll3_ngs_cushion,5911.001322879855,0.6274531898067701,WR,neutral
opportunity_per_snap,4173.112394762677,0.442976162664823,WR,neutral
prior_catch_rate,4068.607084572424,0.4318829169271156,WR,neutral
prior_rec_td_rate,3716.594898854351,0.39451679962906544,WR,neutral
prior_yards_per_target,3531.831533987492,0.37490415596471566,WR,neutral
roll3_ngs_separation,2884.7414466596274,0.30621549947353477,WR,neutral
season_targets_prior,2458.6821259016833,0.2609892737879292,WR,neutral
preseason_redzone_target_rate,2258.1881420214513,0.23970682385245387,WR,neutral
preseason_deep_target_rate,1991.576962155561,0.21140602909582248,WR,neutral
season_to_date_rec_td_rate,1830.1313036763718,0.1942685615400094,WR,neutral
games_played_prior,1683.6911177774612,0.17872392591245356,WR,neutral
roll3_fppg_sd,1529.295421270764,0.1623348122963587,WR,neutral
expected_team_plays,1507.0232131240584,0.15997061589674053,WR,neutral
roll3_ypt,1408.810467303155,0.14954532629200332,WR,neutral
expected_team_pass_rate,1396.0534857176876,0.14819117183476693,WR,neutral
roll3_catch_rate,1337.7974848716105,0.1420072934088274,WR,neutral
roll3_rec_td_rate,1230.4318218685823,0.13061042102678103,WR,neutral
season_to_date_ypt,1207.430897759343,0.12816887137850347,WR,neutral
target_trend,1040.9175600480698,0.11049346932980154,WR,neutral
season_to_date_rush_ypc,1022.7037222642182,0.10856006921840843,WR,neutral
season_to_date_catch_rate,955.5010672668338,0.10142650284981741,WR,neutral
roll3_team_pass_attempts,948.4993725980491,0.10068327248764898,WR,neutral
role_fppg_trend,862.4039446013544,0.09154423698867094,WR,neutral
snap_trend,805.71634849659,0.08552684483199263,WR,neutral
roll3_team_carries,779.5238756194613,0.08274651206636321,WR,neutral
prior_yards_per_carry,761.3862762155294,0.08082120466414972,WR,neutral
roll3_pass_attempt_share,736.9692286050644,0.07822933341053513,WR,neutral
season_carries_prior,699.9083657249589,0.07429532031175543,WR,neutral
roll5_carries,692.2000119647014,0.073477078039281,WR,neutral
roll3_ngs_yac_oe,666.2215789767847,0.07071946562235326,WR,neutral
roll3_carry_share,666.1087039794545,0.07070748393376014,WR,neutral
season_to_date_rush_td_rate,618.0485539789546,0.06560589576397208,WR,neutral
roll3_carries,552.6021839720505,0.0586587591657858,WR,neutral
prior_yards_per_attempt,506.18792901728256,0.053731882866308825,WR,neutral
season_to_date_interception_rate,407.19136085203377,0.04322339046675954,WR,neutral
carry_trend,406.3971088029264,0.04313908055808232,WR,neutral
prior_rush_td_rate,375.0547303052294,0.03981208496287073,WR,neutral
season_to_date_pass_ypa,242.64369496173407,0.025756644614666667,WR,neutral
season_to_date_pass_td_rate,167.71372090191247,0.017802822805493435,WR,neutral
roll3_pass_attempts,153.51694419211336,0.016295833998527985,WR,neutral
roll5_pass_attempts,149.49224994723397,0.015868612432501303,WR,neutral
season_pass_attempts_prior,135.32560363234145,0.01436482196899098,WR,neutral
prior_pass_td_rate,87.56200922809641,0.009294713195782454,WR,neutral
season_to_date_fppg,145753.13184452252,14.747737941625674,WR,direct
roll5_fppg,123790.27195815482,12.525470070234023,WR,direct
roll3_fppg,107096.44440196731,10.836338653806111,WR,direct
roll5_targets,103966.1332897206,10.519604410260536,WR,direct
roll3_target_share,96282.31998993803,9.742133192294183,WR,direct
roll3_targets,95768.0493403604,9.690097749384245,WR,direct
preseason_prior_fppg,58001.66799695347,5.868782296278269,WR,direct
roll5_offense_pct,34887.90440601824,3.5300625448054865,WR,direct
ngs_available,34275.71031791371,3.468118915419814,WR,direct
roll3_offense_pct,24172.88974519224,2.445885304435076,WR,direct
roll3_offense_snaps,23396.913378531062,2.367369694104169,WR,direct
roll3_ngs_air_yard_share,17696.2365302245,1.7905581554101055,WR,direct
prior_game_fppg,14851.994761827573,1.5027692639323662,WR,direct
roll3_ngs_cushion,8138.298856583145,0.8234574263251452,WR,direct
roll3_ngs_separation,6780.553138134168,0.6860766524532712,WR,direct
prior_catch_rate,4041.7201177451366,0.40895333345896656,WR,direct
opportunity_per_snap,3350.562364160442,0.339019924157938,WR,direct
prior_yards_per_target,2996.2489651639644,0.3031694344190235,WR,direct
season_targets_prior,2787.054192154127,0.2820024814207309,WR,direct
prior_rec_td_rate,2588.423575832443,0.2619044414017996,WR,direct
season_to_date_rec_td_rate,2305.483306393288,0.23327569844433954,WR,direct
is_home,2018.5004166666681,0.2042379110715552,WR,direct
games_played_prior,1895.2139728564814,0.19176341984067657,WR,direct
injury_risk,1769.192568280114,0.17901219709706942,WR,direct
roll3_fppg_sd,1737.1423803033442,0.1757692631904042,WR,direct
season_week,1684.0299078629685,0.17039518432794776,WR,direct
rest_days,1666.199224480663,0.16859102243780844,WR,direct
roll3_ypt,1642.6133109863013,0.16620452914653736,WR,direct
roll3_rec_td_rate,1615.356234081371,0.16344657655806435,WR,direct
implied_team_total,1611.714896363192,0.16307813511365038,WR,direct
role_fppg_trend,1566.7552247408964,0.15852898102937002,WR,direct
def_pass_epa_allowed_roll8,1517.8777246770876,0.15358340934208875,WR,direct
te_middle_matchup,1469.3179843454493,0.14866998953517635,WR,direct
practice_risk,1447.8141600441013,0.14649416825761138,WR,direct
season_carries_prior,1415.3131628424444,0.1432056201248492,WR,direct
def_redzone_rush_td_rate_roll4,1407.048404156023,0.1423693671146008,WR,direct
expected_team_plays,1392.9458408203018,0.1409424275644973,WR,direct
season_to_date_ypt,1379.0744346362717,0.13953887718657373,WR,direct
def_sack_rate_roll4,1349.419394146847,0.1365382914684373,WR,direct
preseason_deep_target_rate,1324.949904041413,0.13406239525218935,WR,direct
matchup_role_interaction,1320.628729093502,0.13362516584294626,WR,direct
season_to_date_catch_rate,1263.5522627449232,0.1278499982174522,WR,direct
def_wr_residual_roll4,1249.3307612219141,0.1264110241457218,WR,direct
def_pass_success_allowed_roll4,1243.2850528469862,0.12579930128490507,WR,direct
opp_pos_residual_roll4,1236.1384283261068,0.12507618443473986,WR,direct
preseason_redzone_target_rate,1232.6097607765555,0.12471914329507218,WR,direct
snap_trend,1229.133074506676,0.12436736177679836,WR,direct
def_rush_success_allowed_roll4,1225.1409355786725,0.12396342521645357,WR,direct
def_deep_epa_allowed_roll4,1218.7845983757763,0.12332027200148928,WR,direct
def_redzone_pass_td_rate_roll4,1216.5452273259536,0.12309368573895821,WR,direct
def_pass_epa_allowed_roll4,1191.2424851849712,0.12053347858884501,WR,direct
target_trend,1186.8906716805288,0.12009314907878821,WR,direct
rb_receiving_matchup,1167.6743858032098,0.1181487877827828,WR,direct
opp_pos_residual_roll8,1157.1108339574666,0.1170799360031862,WR,direct
te_redzone_matchup,1155.0799857415927,0.11687444870484892,WR,direct
wr_deep_matchup,1135.486037408749,0.1148918743917098,WR,direct
wr_redzone_matchup,1104.9058174709794,0.11179767624905457,WR,direct
wr_volume_matchup,1088.564922430039,0.11014425560041649,WR,direct
team_skill_out_count,1057.8962157303267,0.10704110410245482,WR,direct
team_spread_line,1030.2764693208405,0.10424645552848275,WR,direct
roll3_catch_rate,1013.4202685776307,0.10254089470720675,WR,direct
def_explosive_pass_rate_roll4,997.7241569439839,0.10095271517277003,WR,direct
opp_pos_fppg_allowed_roll4,963.738875034754,0.09751398267263933,WR,direct
roll3_team_carries,956.6758489653625,0.09679932456390401,WR,direct
roll3_carry_share,950.8687610659786,0.09621174603670328,WR,direct
def_rush_epa_allowed_roll8,948.3086896412505,0.09595271035077366,WR,direct
roll3_team_pass_attempts,947.6853755940169,0.09588964157065483,WR,direct
def_qb_hit_rate_roll4,933.8960661482163,0.09449439798632088,WR,direct
roll3_ngs_yac_oe,911.6704640970445,0.09224554507662706,WR,direct
underdog_target_interaction,911.3727382043248,0.09221542028007072,WR,direct
roll5_carries,910.4266468503741,0.0921196919263789,WR,direct
rb_rush_matchup,909.3956881269282,0.09201537643833689,WR,direct
underdog_points,906.3429911645727,0.09170649542668192,WR,direct
favorite_points,880.7093719092338,0.08911280914022596,WR,direct
prior_yards_per_attempt,878.5846992239038,0.08889782840136676,WR,direct
favorite_rush_interaction,868.704304001114,0.08789810045273626,WR,direct
def_deep_pass_rate_roll4,840.9234980877837,0.08508715539631032,WR,direct
roll3_carries,761.0835131917847,0.07700870686070312,WR,direct
team_skill_questionable_count,683.2697539551201,0.06913527789933284,WR,direct
def_rush_epa_allowed_roll4,674.7058999251485,0.06826876152739594,WR,direct
expected_team_pass_rate,541.4683219754664,0.05478738477265914,WR,direct
carry_trend,540.9478117376129,0.05473471798953996,WR,direct
prior_yards_per_carry,481.540254156977,0.048723683579069546,WR,direct
season_to_date_rush_td_rate,425.39783453735095,0.0430430255960751,WR,direct
season_to_date_rush_ypc,424.16603222767003,0.0429183881530976,WR,direct
prior_rush_td_rate,364.81130043710067,0.036912698814109364,WR,direct
qb_pass_matchup,177.80263654751909,0.017990602712606274,WR,direct
roll5_pass_attempts,135.2511934574557,0.01368512039611198,WR,direct
season_to_date_pass_td_rate,130.25347499242838,0.01317943628973635,WR,direct
season_pass_attempts_prior,120.60050055557986,0.012202719456620811,WR,direct
roll3_pass_attempt_share,114.71612640554113,0.011607320875355204,WR,direct
prior_pass_td_rate,111.49144276695816,0.0112810377372529,WR,direct
season_to_date_pass_ypa,99.8121602875713,0.010099292994121397,WR,direct
qb_pressure_matchup,93.2416607066233,0.009434470189018676,WR,direct
season_to_date_interception_rate,88.38446862327632,0.008943004962365761,WR,direct
roll3_pass_attempts,60.231821300134214,0.006094435879626616,WR,direct
structured_neutral_fppg,7139.145262465652,6.36941484699176,WR,matchup
baseline_weekly_fppg,5681.926062022759,5.069310525061095,WR,matchup
roll3_ngs_air_yard_share,3727.680143295396,3.3257680543877717,WR,matchup
wr_volume_matchup,3668.2211405012167,3.2727198194434988,WR,matchup
matchup_role_interaction,3489.308283332762,3.1130970401231495,WR,matchup
rb_receiving_matchup,3415.6913926406232,3.0474173965068303,WR,matchup
roll3_ypt,3313.967670697473,2.956661352048338,WR,matchup
roll3_ngs_cushion,3307.9498158297047,2.951292331986045,WR,matchup
def_pass_epa_allowed_roll4,3082.969543499441,2.750569047310126,WR,matchup
def_wr_residual_roll4,3052.279503972021,2.723187955283824,WR,matchup
roll3_rec_td_rate,2915.4470571867755,2.601108548567403,WR,matchup
def_rush_success_allowed_roll4,2901.8708132810857,2.5889960720285212,WR,matchup
wr_deep_matchup,2688.6371924407554,2.3987529349965766,WR,matchup
opp_pos_residual_roll4,2618.369197134755,2.336061114601286,WR,matchup
opp_pos_residual_roll8,2575.5188529773586,2.2978308211640908,WR,matchup
roll3_ngs_separation,2536.45219163052,2.2629762603368726,WR,matchup
def_deep_epa_allowed_roll4,2503.798638907062,2.2338433577445547,WR,matchup
def_pass_epa_allowed_roll8,2475.290837770923,2.208409218903556,WR,matchup
def_pass_success_allowed_roll4,2425.7544061973326,2.164213720544576,WR,matchup
def_rush_epa_allowed_roll4,2401.5663319995333,2.142633563081525,WR,matchup
roll3_catch_rate,2345.1342125622523,2.0922858581145456,WR,matchup
def_explosive_pass_rate_roll4,2342.580089114575,2.0900071158827247,WR,matchup
opp_pos_fppg_allowed_roll4,2321.0640854748513,2.07081093090645,WR,matchup
preseason_deep_target_rate,2316.7941751071476,2.0670013949618093,WR,matchup
def_redzone_pass_td_rate_roll4,2296.712472249198,2.0490848669134465,WR,matchup
implied_team_total,2140.0352221869703,1.9093002896225324,WR,matchup
def_rush_epa_allowed_roll8,2110.335654501187,1.8828028784602147,WR,matchup
wr_redzone_matchup,2100.224768491101,1.8737821308635139,WR,matchup
te_redzone_matchup,2096.1392327776243,1.8701370906136472,WR,matchup
def_qb_hit_rate_roll4,2020.866291720367,1.8029799491463723,WR,matchup
te_middle_matchup,1995.4701660032742,1.7803219902098915,WR,matchup
def_deep_pass_rate_roll4,1896.3080112508433,1.6918513291546364,WR,matchup
roll3_ngs_yac_oe,1810.639846881367,1.615419759549479,WR,matchup
def_redzone_rush_td_rate_roll4,1697.957741407945,1.5148868457052767,WR,matchup
ngs_available,1695.5672583360288,1.5127541004241578,WR,matchup
season_week,1686.4733631252977,1.5046406934205563,WR,matchup
team_spread_line,1650.5559046881745,1.4725957938387524,WR,matchup
underdog_target_interaction,1532.5380925649574,1.3673024600976362,WR,matchup
preseason_redzone_target_rate,1425.8455019432652,1.2721132818716823,WR,matchup
def_sack_rate_roll4,1373.812464035238,1.225690356997478,WR,matchup
rb_rush_matchup,1265.423441558207,1.1289876532934648,WR,matchup
favorite_points,1120.8313236313554,0.9999852098884687,WR,matchup
underdog_points,1098.2737115916182,0.9798597209459786,WR,matchup
favorite_rush_interaction,864.479715979784,0.771272993538048,WR,matchup
injury_risk,569.039191448237,0.5076863603807397,WR,matchup
practice_risk,558.77963545092,0.49853297214021447,WR,matchup
is_home,499.3205068328783,0.44548462493819263,WR,matchup
rest_days,430.38204067324546,0.38397898613370174,WR,matchup
team_skill_questionable_count,272.9516020294531,0.24352242776415273,WR,matchup
qb_pressure_matchup,249.08502817512158,0.22222910702814874,WR,matchup
team_skill_out_count,208.63929162266044,0.18614416052213092,WR,matchup
qb_pass_matchup,170.68572848393202,0.15228268556055197,WR,matchup
season_to_date_fppg,56760.008749097855,14.49875964166017,WR,opportunity_targets
roll5_targets,51523.6215853045,13.161178472247096,WR,opportunity_targets
roll5_fppg,49293.42491236323,12.591497701802899,WR,opportunity_targets
roll3_targets,44979.6923530359,11.489599148323823,WR,opportunity_targets
roll3_target_share,43395.20737115823,11.084858778927213,WR,opportunity_targets
roll3_fppg,36185.057279836146,9.243100198225187,WR,opportunity_targets
ngs_available,21917.340356440338,5.598558858882093,WR,opportunity_targets
roll5_offense_pct,14768.43283491205,3.772444061872964,WR,opportunity_targets
roll3_ngs_air_yard_share,12939.179448807354,3.305180124581085,WR,opportunity_targets
preseason_prior_fppg,12252.743267590524,3.129837071961135,WR,opportunity_targets
roll3_offense_pct,10963.43253397022,2.800495924168052,WR,opportunity_targets
roll3_offense_snaps,8818.79010269215,2.2526691036004696,WR,opportunity_targets
roll3_ngs_separation,5910.460028463734,1.5097661401558122,WR,opportunity_targets
roll3_ngs_cushion,4344.134620878819,1.1096644469798043,WR,opportunity_targets
prior_game_fppg,2857.109574289327,0.729819214274969,WR,opportunity_targets
opportunity_per_snap,2730.3317661184396,0.6974351289114267,WR,opportunity_targets
roll3_rec_td_rate,983.6086613622233,0.2512527019787088,WR,opportunity_targets
season_targets_prior,957.784921132899,0.24465629350582258,WR,opportunity_targets
season_to_date_rec_td_rate,877.8937278202307,0.22424891100442024,WR,opportunity_targets
prior_yards_per_target,874.0680044189075,0.22327166936415813,WR,opportunity_targets
prior_rec_td_rate,872.237177798927,0.22280400356047603,WR,opportunity_targets
prior_catch_rate,856.7276061282336,0.2188422432162784,WR,opportunity_targets
preseason_redzone_target_rate,743.2871660220702,0.18986505115815436,WR,opportunity_targets
roll3_fppg_sd,526.0506505697774,0.13437422068881183,WR,opportunity_targets
carry_trend,516.6672002631462,0.1319773149517691,WR,opportunity_targets
season_to_date_ypt,346.96149187884623,0.08862773960976834,WR,opportunity_targets
roll3_team_carries,294.5978464137038,0.07525198568914769,WR,opportunity_targets
roll3_catch_rate,290.9733450562919,0.07432614414753903,WR,opportunity_targets
season_carries_prior,287.7723834079201,0.07350849146240526,WR,opportunity_targets
preseason_deep_target_rate,280.8515655990082,0.07174063983329979,WR,opportunity_targets
season_to_date_rush_ypc,275.9668567258549,0.07049289126115989,WR,opportunity_targets
season_to_date_catch_rate,263.93607544052867,0.06741975209149581,WR,opportunity_targets
games_played_prior,257.54466734064846,0.06578713271996699,WR,opportunity_targets
season_week,239.4026756043314,0.061152947782318834,WR,opportunity_targets
target_trend,224.4268796510517,0.057327534947571875,WR,opportunity_targets
roll3_ypt,216.4167898982788,0.05528144001924039,WR,opportunity_targets
roll3_team_pass_attempts,194.67842304648784,0.049728598098803596,WR,opportunity_targets
expected_team_plays,189.37183629119994,0.048373085166756,WR,opportunity_targets
roll3_carries,183.50456624474933,0.0468743514626751,WR,opportunity_targets
roll3_carry_share,123.128716996362,0.03145196260641211,WR,opportunity_targets
implied_team_total,111.93937741637829,0.028593761054044004,WR,opportunity_targets
underdog_target_interaction,110.75526057950175,0.028291290603741467,WR,opportunity_targets
prior_rush_td_rate,100.79612172560431,0.02574733115653872,WR,opportunity_targets
prior_yards_per_carry,92.15345971049753,0.0235396521589006,WR,opportunity_targets
favorite_rush_interaction,92.07153006712547,0.023518724075326305,WR,opportunity_targets
expected_team_pass_rate,83.67465217648454,0.021373828100857167,WR,opportunity_targets
role_fppg_trend,75.37904033772287,0.019254799496362322,WR,opportunity_targets
season_to_date_interception_rate,72.99375828324618,0.01864550376248926,WR,opportunity_targets
season_to_date_rush_td_rate,55.71901179308442,0.014232847690877065,WR,opportunity_targets
prior_yards_per_attempt,47.13571875836899,0.012040333887815804,WR,opportunity_targets
roll5_carries,44.63829667826578,0.011402393139369974,WR,opportunity_targets
prior_pass_td_rate,42.89282535365554,0.010956530466782976,WR,opportunity_targets
team_spread_line,10.726951128767864,0.002740089184822623,WR,opportunity_targets
roll3_ngs_yac_oe,10.312140128040186,0.002634129986985771,WR,opportunity_targets
season_to_date_pass_ypa,8.237159410572064,0.0021040975337379897,WR,opportunity_targets
snap_trend,5.572997449398818,0.001423564799991383,WR,opportunity_targets
roll5_carries,559.7473509317475,12.51262239593623,WR,opportunity_carries
roll3_carries,462.17397899069385,10.331461990327606,WR,opportunity_carries
season_carries_prior,444.0817928079705,9.927028287078162,WR,opportunity_carries
roll3_carry_share,407.1497224216598,9.101446798796331,WR,opportunity_carries
carry_trend,176.67571007033857,3.9494183276869355,WR,opportunity_carries
favorite_rush_interaction,145.1383642297998,3.24443080212591,WR,opportunity_carries
season_to_date_rush_ypc,135.50692905846267,3.0291291821552675,WR,opportunity_carries
season_to_date_fppg,105.4930385692529,2.3581970594764834,WR,opportunity_carries
roll5_fppg,66.69345405089237,1.4908690598185523,WR,opportunity_carries
roll3_ngs_yac_oe,64.54302497141155,1.4427982524873622,WR,opportunity_carries
roll5_offense_pct,63.27910976434478,1.414544623952662,WR,opportunity_carries
prior_catch_rate,62.781481663797734,1.4034206186217077,WR,opportunity_carries
season_targets_prior,62.25703393682627,1.3916970859188238,WR,opportunity_carries
roll3_fppg,58.152749857406604,1.2999496988057888,WR,opportunity_carries
opportunity_per_snap,57.981241693617704,1.29611579608568,WR,opportunity_carries
preseason_prior_fppg,55.025568370192104,1.2300445156049333,WR,opportunity_carries
roll3_target_share,54.611034762256566,1.2207780090321225,WR,opportunity_carries
roll5_targets,53.18546128459815,1.188910662819748,WR,opportunity_carries
snap_trend,52.36851709630044,1.1706486484846945,WR,opportunity_carries
season_week,50.548684320897216,1.1299680087202275,WR,opportunity_carries
season_to_date_rush_td_rate,50.14733003084845,1.1209961133284767,WR,opportunity_carries
roll3_pass_attempts,49.146950710108655,1.0986335801743956,WR,opportunity_carries
season_to_date_ypt,48.37999377177279,1.0814889835141959,WR,opportunity_carries
roll3_team_carries,46.54730763854105,1.040521019097347,WR,opportunity_carries
prior_yards_per_carry,45.26965701642925,1.0119603483557944,WR,opportunity_carries
roll3_ngs_separation,43.43368826954637,0.9709190042167904,WR,opportunity_carries
prior_yards_per_target,42.953465053842,0.960184068617955,WR,opportunity_carries
prior_game_fppg,40.2919949983422,0.900689423815927,WR,opportunity_carries
roll3_offense_pct,39.41604729475845,0.8811084417259066,WR,opportunity_carries
prior_rush_td_rate,39.38989902265929,0.880523921844681,WR,opportunity_carries
roll3_team_pass_attempts,39.002142397654396,0.8718559893888461,WR,opportunity_carries
games_played_prior,38.12107902698377,0.8521606514015537,WR,opportunity_carries
preseason_redzone_target_rate,37.609903986601914,0.840733817048736,WR,opportunity_carries
roll3_fppg_sd,36.40893666685914,0.8138873289737378,WR,opportunity_carries
expected_team_plays,36.40827615979765,0.8138725639633515,WR,opportunity_carries
roll3_targets,36.38795132791215,0.8134182215779505,WR,opportunity_carries
prior_rec_td_rate,33.8937098933139,0.7576618143640972,WR,opportunity_carries
season_to_date_catch_rate,33.863347725672455,0.7569830968352208,WR,opportunity_carries
roll3_ngs_air_yard_share,33.56670914117739,0.7503520219588979,WR,opportunity_carries
team_spread_line,32.51362081151241,0.7268112287836717,WR,opportunity_carries
expected_team_pass_rate,32.29939421653737,0.7220223959546679,WR,opportunity_carries
roll3_offense_snaps,32.27285952113051,0.7214292379460332,WR,opportunity_carries
preseason_deep_target_rate,31.83380995198953,0.7116147002575297,WR,opportunity_carries
roll3_ngs_cushion,31.619736603286498,0.7068292931039347,WR,opportunity_carries
implied_team_total,30.535973880185708,0.6826028028876276,WR,opportunity_carries
role_fppg_trend,29.60708347511567,0.6618383368003788,WR,opportunity_carries
target_trend,29.192778853483638,0.6525769489997156,WR,opportunity_carries
season_to_date_rec_td_rate,28.64260887332878,0.640278419665368,WR,opportunity_carries
roll3_catch_rate,28.312505180911476,0.6328992639662004,WR,opportunity_carries
underdog_points,27.935297552254557,0.6244671443422415,WR,opportunity_carries
rest_days,27.885789040143965,0.6233604283990695,WR,opportunity_carries
roll3_ypt,25.442727941485334,0.5687481091682028,WR,opportunity_carries
roll3_pass_attempt_share,22.47225336164788,0.5023459606053498,WR,opportunity_carries
underdog_target_interaction,21.79306693465377,0.4871633906775491,WR,opportunity_carries
ngs_available,21.371844546180032,0.47774736274474533,WR,opportunity_carries
team_skill_out_count,19.67008429960709,0.43970612264179937,WR,opportunity_carries
favorite_points,17.897392289589316,0.4000792700828308,WR,opportunity_carries
roll3_rec_td_rate,17.374830349082334,0.38839789235202515,WR,opportunity_carries
team_skill_questionable_count,11.054706866451365,0.2471175120121931,WR,opportunity_carries
practice_risk,10.731048218916618,0.2398824291930597,WR,opportunity_carries
prior_pass_td_rate,10.684757047721112,0.23884763386178956,WR,opportunity_carries
is_home,9.251736111111114,0.20681380675135422,WR,opportunity_carries
prior_yards_per_attempt,5.821897926745304,0.1301430194600967,WR,opportunity_carries
injury_risk,5.441352898694578,0.12163629543054377,WR,opportunity_carries
season_to_date_pass_ypa,1.854966992683289,0.04146603194769127,WR,opportunity_carries
season_pass_attempts_prior,1.228335311132831,0.02745827362687073,WR,opportunity_carries
season_to_date_pass_td_rate,0.6618643893539851,0.01479535216650476,WR,opportunity_carries
roll5_pass_attempts,0.2581991070154561,0.005771796728782145,WR,opportunity_carries
season_to_date_interception_rate,0.16638169240915568,0.0037193053030927627,WR,opportunity_carries
roll5_targets,33129.294609011675,11.6620551821394,TE,legacy21
roll3_target_share,29368.84453488328,10.338315066579064,TE,legacy21
roll3_targets,28265.825278181324,9.950034193399183,TE,legacy21
season_to_date_fppg,26211.967817055407,9.227042673942448,TE,legacy21
roll5_fppg,25885.64718424516,9.112172457965421,TE,legacy21
roll5_offense_pct,19854.181592472254,6.9889976246172525,TE,legacy21
roll3_fppg,14400.010516340986,5.069039931181503,TE,legacy21
roll3_offense_snaps,12864.781483737057,4.528614126565085,TE,legacy21
roll3_offense_pct,10986.589337417836,3.8674596796763328,TE,legacy21
preseason_prior_fppg,10455.792138499199,3.6806103580300356,TE,legacy21
prior_game_fppg,5607.108154249492,1.9737940538369985,TE,legacy21
wr_volume_matchup,2473.1842513047895,0.8706014285758139,TE,legacy21
opp_pos_residual_roll4,2322.4827110697975,0.8175520141830361,TE,legacy21
opportunity_per_snap,2279.221416280398,0.8023233287238674,TE,legacy21
roll3_fppg_sd,2267.7451895168356,0.7982835086377794,TE,legacy21
rb_receiving_matchup,2257.28364934637,0.7946008748782019,TE,legacy21
implied_team_total,2209.687187318166,0.7778461394333809,TE,legacy21
opp_pos_residual_roll8,2096.3566877495005,0.7379519444199536,TE,legacy21
def_pass_epa_allowed_roll8,2015.8418389623162,0.7096093968161076,TE,legacy21
def_te_residual_roll4,2011.1907286462476,0.7079721296842727,TE,legacy21
wr_deep_matchup,1986.2582046689568,0.6991954722309598,TE,legacy21
def_rush_epa_allowed_roll8,1896.6490550182118,0.6676515815328672,TE,legacy21
rb_rush_matchup,1830.0048850315238,0.6441917404126394,TE,legacy21
def_pass_epa_allowed_roll4,1802.3650662328896,0.6344620707695579,TE,legacy21
def_rush_epa_allowed_roll4,1779.0646363333644,0.6262599372058109,TE,legacy21
def_pass_success_allowed_roll4,1671.5802675037453,0.5884236761171889,TE,legacy21
def_explosive_pass_rate_roll4,1606.9084147394117,0.5656581230147182,TE,legacy21
qb_pressure_matchup,1523.2461182687398,0.5362076221930048,TE,legacy21
opp_pos_fppg_allowed_roll4,1522.611746918262,0.5359843130708954,TE,legacy21
def_middle_epa_allowed_roll4,1521.2080899826954,0.5354902028028513,TE,legacy21
def_rush_success_allowed_roll4,1513.8024000216994,0.5328832784476477,TE,legacy21
def_qb_hit_rate_roll4,1496.1795030198896,0.5266797296027422,TE,legacy21
def_middle_pass_rate_roll4,1442.1250359894093,0.5076516704547784,TE,legacy21
roll3_pass_attempt_share,1435.291886089583,0.505246289593517,TE,legacy21
roll3_carry_share,1427.0885086439846,0.5023585661578222,TE,legacy21
roll3_carries,1373.4864704000402,0.4834897693647269,TE,legacy21
roll3_team_pass_attempts,1372.4158593926932,0.48311289672697105,TE,legacy21
team_spread_line,1339.93001106915,0.47167734519293036,TE,legacy21
snap_trend,1334.5251355675796,0.46977474035042455,TE,legacy21
wr_redzone_matchup,1291.584003897632,0.45465875756151775,TE,legacy21
roll3_pass_attempts,1271.9091332521255,0.4477328803317943,TE,legacy21
te_middle_matchup,1244.050449815491,0.437926166745704,TE,legacy21
games_played_prior,1238.583883508874,0.4360018457277958,TE,legacy21
preseason_redzone_target_rate,1221.250390899067,0.4299001719764994,TE,legacy21
te_redzone_matchup,1220.9869778675532,0.4298074462681659,TE,legacy21
season_week,1167.6106040767954,0.41101808706457477,TE,legacy21
def_redzone_pass_td_rate_roll4,1138.4220787977542,0.4007432473341552,TE,legacy21
preseason_middle_target_rate,1138.2166614056146,0.40067093704228884,TE,legacy21
def_sack_rate_roll4,1114.6017166712713,0.39235808909713,TE,legacy21
def_redzone_rush_td_rate_roll4,1028.5233897235833,0.36205710591298723,TE,legacy21
roll3_team_carries,1026.014601436309,0.3611739712796727,TE,legacy21
qb_pass_matchup,918.7794643391577,0.3234254438494785,TE,legacy21
team_skill_questionable_count,560.935295781051,0.19745842615160517,TE,legacy21
team_skill_out_count,504.30000233504023,0.17752187376740883,TE,legacy21
is_home,430.44800723662945,0.15152475996485662,TE,legacy21
rest_days,425.5184305056441,0.14978946808678256,TE,legacy21
injury_risk,155.15519380049645,0.054617173509173673,TE,legacy21
practice_risk,143.0018860298849,0.050339009801219504,TE,legacy21
roll5_targets,33411.50343851871,11.047736280509541,TE,neutral
roll3_targets,28980.623420357326,9.582636273223054,TE,neutral
roll3_target_share,28824.70221540545,9.531079887680052,TE,neutral
roll3_ngs_air_yard_share,18842.644666958065,6.230446034580817,TE,neutral
roll3_ngs_separation,18295.34089977176,6.049476396494045,TE,neutral
ngs_available,17557.342575635255,5.8054523322815195,TE,neutral
roll5_fppg,17417.558006621846,5.759231632953022,TE,neutral
roll3_ngs_cushion,16843.420256859925,5.569389159694474,TE,neutral
season_to_date_fppg,16280.68820812304,5.383318057492328,TE,neutral
roll3_fppg,13761.240538848535,4.550245894968798,TE,neutral
preseason_prior_fppg,10167.765739645274,3.362039504157709,TE,neutral
roll5_offense_pct,8119.667386502503,2.6848221342867773,TE,neutral
roll3_offense_pct,6041.140772052761,1.9975434570277348,TE,neutral
roll3_offense_snaps,5340.572578107848,1.7658959148134719,TE,neutral
prior_game_fppg,3412.4102395466443,1.1283361874688842,TE,neutral
opportunity_per_snap,2796.2742630557664,0.9246067206482428,TE,neutral
season_targets_prior,2633.2187169994872,0.8706913176727665,TE,neutral
prior_yards_per_target,2298.3547678607906,0.7599663212133345,TE,neutral
expected_team_pass_rate,2063.600163746817,0.6823431468578622,TE,neutral
season_to_date_ypt,1898.460967648881,0.627738771109776,TE,neutral
roll3_ypt,1764.2633237951957,0.5833654258190025,TE,neutral
roll3_team_pass_attempts,1709.832992539158,0.5653676740421631,TE,neutral
season_to_date_rec_td_rate,1699.0644029706339,0.5618069681348393,TE,neutral
roll5_carries,1670.1360323278489,0.5522416095907555,TE,neutral
roll3_team_carries,1645.840503709628,0.5442081311373363,TE,neutral
season_carries_prior,1620.344140294241,0.5357775886553572,TE,neutral
prior_catch_rate,1599.6505903908658,0.52893512846913,TE,neutral
role_fppg_trend,1591.8926269460878,0.5263699061537245,TE,neutral
roll3_ngs_yac_oe,1582.0344331535498,0.5231102286769977,TE,neutral
season_to_date_catch_rate,1581.0679473807277,0.5227906537151391,TE,neutral
snap_trend,1566.2982388641542,0.5179069511624733,TE,neutral
roll3_fppg_sd,1546.6486003227494,0.5114096672251539,TE,neutral
roll3_carry_share,1520.8634685440484,0.5028836415593689,TE,neutral
target_trend,1490.3113488731408,0.4927813795777776,TE,neutral
prior_rec_td_rate,1487.1324399932016,0.491730252171016,TE,neutral
preseason_middle_target_rate,1465.6564991333764,0.4846290892008504,TE,neutral
season_pass_attempts_prior,1459.4391098518756,0.48257326799957817,TE,neutral
preseason_redzone_target_rate,1378.1152642549118,0.45568299647601795,TE,neutral
roll3_catch_rate,1231.0838454979867,0.40706607798371774,TE,neutral
roll5_pass_attempts,1212.0159232184487,0.40076114240519095,TE,neutral
prior_yards_per_carry,1189.4390240329647,0.3932959402273886,TE,neutral
expected_team_plays,1173.9223997967013,0.3881652650142411,TE,neutral
roll3_rec_td_rate,1160.4645107041756,0.3837153242966629,TE,neutral
games_played_prior,1115.8547380679202,0.36896480567586143,TE,neutral
roll3_carries,1094.6018728032593,0.36193740413790826,TE,neutral
season_to_date_rush_ypc,1075.9998003064939,0.35578650489467756,TE,neutral
roll3_ngs_air_yards,975.1315160576185,0.3224337344783561,TE,neutral
roll3_pass_attempt_share,910.2601161023416,0.30098357375236123,TE,neutral
roll3_ngs_aggressiveness,903.1434092734569,0.29863038721060936,TE,neutral
roll3_pass_attempts,846.0645696757477,0.2797568884998026,TE,neutral
roll3_ngs_time_to_throw,844.9599404042461,0.2793916354694583,TE,neutral
season_to_date_pass_ypa,806.6501411550196,0.26672424503479775,TE,neutral
prior_rush_td_rate,741.3823469495406,0.2451430139082326,TE,neutral
prior_pass_td_rate,695.3509101482338,0.22992241255667825,TE,neutral
prior_yards_per_attempt,659.990260482951,0.21823017808634423,TE,neutral
season_to_date_pass_td_rate,616.750445241941,0.2039326450082633,TE,neutral
carry_trend,611.8504395784411,0.20231242547989148,TE,neutral
roll3_ngs_cpoe,478.894505031794,0.15834965964677258,TE,neutral
season_to_date_rush_td_rate,392.37804629976307,0.12974241598430541,TE,neutral
season_to_date_interception_rate,327.19236291423914,0.10818833534757999,TE,neutral
roll5_targets,32676.97446011629,10.009027000433495,TE,direct
roll3_target_share,28991.223254617038,8.880073541852157,TE,direct
roll3_targets,28391.530310378075,8.696386313458863,TE,direct
roll3_ngs_air_yard_share,19392.230900585706,5.939881702313278,TE,direct
roll3_ngs_cushion,19020.14345682489,5.825910524361359,TE,direct
ngs_available,18381.08078553962,5.630164264570063,TE,direct
roll3_ngs_separation,17572.13213520337,5.382381566907455,TE,direct
season_to_date_fppg,16246.650865048248,4.976383825661729,TE,direct
roll5_fppg,14368.301659258997,4.401041456069519,TE,direct
roll3_fppg,10046.541981528446,3.077277245383904,TE,direct
preseason_prior_fppg,9840.516750721366,3.0141712775888903,TE,direct
roll5_offense_pct,6616.367413739961,2.0266074562606837,TE,direct
roll3_offense_pct,5159.250989687769,1.5802895865045867,TE,direct
roll3_offense_snaps,4258.442826710172,1.3043701241180565,TE,direct
prior_game_fppg,3242.786570402567,0.9932724456916235,TE,direct
implied_team_total,2324.3246295853187,0.7119455934847049,TE,direct
matchup_role_interaction,2071.6458535962843,0.6345495452551612,TE,direct
def_pass_epa_allowed_roll8,1876.1052260520312,0.5746550338106896,TE,direct
def_pass_epa_allowed_roll4,1838.3255827514913,0.5630830484568012,TE,direct
opp_pos_residual_roll8,1829.9901081357425,0.5605298747964831,TE,direct
opp_pos_residual_roll4,1804.798713087986,0.5528136967421369,TE,direct
def_pass_success_allowed_roll4,1759.4321055645996,0.538917808058383,TE,direct
opportunity_per_snap,1726.9528718508197,0.5289693494704745,TE,direct
season_targets_prior,1712.1034820411332,0.5244209496874247,TE,direct
rb_receiving_matchup,1678.4521765786164,0.5141134830220128,TE,direct
roll5_carries,1637.486494474887,0.5015656071846135,TE,direct
season_to_date_rec_td_rate,1578.9843382015138,0.4836462718912417,TE,direct
def_te_residual_roll4,1557.5115989065278,0.4770691260285149,TE,direct
season_to_date_ypt,1545.2319621752456,0.47330784709649715,TE,direct
wr_volume_matchup,1532.780674821006,0.46949399121241425,TE,direct
rb_rush_matchup,1478.4203327338885,0.45284330244173715,TE,direct
season_carries_prior,1433.5100576927548,0.43908718937098007,TE,direct
roll5_pass_attempts,1426.3033341165471,0.43687975456250466,TE,direct
qb_pressure_matchup,1413.0352447288433,0.4328157104727502,TE,direct
favorite_rush_interaction,1332.0120723802913,0.4079981399021562,TE,direct
roll3_fppg_sd,1323.5207215384166,0.40539722102118053,TE,direct
prior_rec_td_rate,1292.5633145887332,0.3959149012182569,TE,direct
roll3_team_carries,1284.0027993982662,0.3932927971497305,TE,direct
def_explosive_pass_rate_roll4,1264.4597738242524,0.3873067267171935,TE,direct
role_fppg_trend,1257.0149253605832,0.3850263537475984,TE,direct
prior_yards_per_target,1248.7299907870934,0.38248866061006215,TE,direct
roll3_carry_share,1248.159272528182,0.38231384838960836,TE,direct
roll3_team_pass_attempts,1241.409183920137,0.3802462818462093,TE,direct
def_qb_hit_rate_roll4,1234.6031790795146,0.3781615880414626,TE,direct
roll3_carries,1227.0522708138076,0.375848728728202,TE,direct
expected_team_pass_rate,1206.280449908659,0.3694862756638414,TE,direct
roll3_pass_attempts,1200.7587645157319,0.36779497164629343,TE,direct
snap_trend,1199.5523608538958,0.36742544763055335,TE,direct
opp_pos_fppg_allowed_roll4,1173.63948753132,0.359488279241202,TE,direct
expected_team_plays,1154.4840238846168,0.35362091985394645,TE,direct
def_redzone_rush_td_rate_roll4,1150.7427491727228,0.35247495942688517,TE,direct
team_spread_line,1132.6568607445522,0.34693521321123316,TE,direct
season_pass_attempts_prior,1122.296845887967,0.3437619185553581,TE,direct
def_sack_rate_roll4,1112.2941336769463,0.34069806646220085,TE,direct
def_rush_epa_allowed_roll4,1109.0408423115016,0.33970157637537357,TE,direct
season_to_date_catch_rate,1094.690295873783,0.33530597338154644,TE,direct
wr_redzone_matchup,1091.6160653329769,0.3343643300073705,TE,direct
preseason_middle_target_rate,1085.38551438097,0.33245589895656047,TE,direct
games_played_prior,1066.2135310474318,0.32658347955397904,TE,direct
roll3_ypt,1056.5067903419751,0.32361028416449444,TE,direct
def_rush_epa_allowed_roll8,1054.0419778328746,0.32285530683375335,TE,direct
favorite_points,1049.4440741706746,0.3214469591314126,TE,direct
te_redzone_matchup,1046.4150969591406,0.32051917694855026,TE,direct
roll3_pass_attempt_share,1037.9865864141525,0.31793750618459415,TE,direct
def_redzone_pass_td_rate_roll4,1027.479431797768,0.31471914230633846,TE,direct
def_middle_epa_allowed_roll4,1013.9066367260181,0.31056176621540604,TE,direct
prior_catch_rate,1012.7640951547749,0.31021180329427794,TE,direct
season_to_date_rush_ypc,1010.9567395920194,0.3096582064290271,TE,direct
season_week,1003.8240211222869,0.3074734395425707,TE,direct
roll3_ngs_yac_oe,1002.821554348132,0.30716638183067024,TE,direct
roll3_rec_td_rate,999.2116435411509,0.3060606584479767,TE,direct
prior_yards_per_carry,998.8125629182891,0.3059384192016704,TE,direct
te_middle_matchup,978.610693320525,0.2997505434388744,TE,direct
season_to_date_pass_ypa,959.7095420828392,0.29396108048513064,TE,direct
rest_days,920.2643996268143,0.2818789491862193,TE,direct
roll3_ngs_time_to_throw,918.4698988091717,0.2813292897568248,TE,direct
prior_rush_td_rate,873.3190498526208,0.2674994883824596,TE,direct
preseason_redzone_target_rate,840.358401008153,0.25740357131281943,TE,direct
target_trend,823.7188428111217,0.2523068391330196,TE,direct
roll3_ngs_air_yards,788.3546038720011,0.24147469728881477,TE,direct
roll3_catch_rate,783.6183015870041,0.24002395779300828,TE,direct
def_rush_success_allowed_roll4,776.3054936967682,0.23778402913279245,TE,direct
qb_pass_matchup,768.7471463908555,0.2354688912256441,TE,direct
season_to_date_pass_td_rate,708.9616995122303,0.21715648128170914,TE,direct
wr_deep_matchup,702.2422672630232,0.21509830484643408,TE,direct
def_middle_pass_rate_roll4,643.2129945923175,0.19701751267584394,TE,direct
underdog_target_interaction,639.4744090289495,0.195872375940714,TE,direct
prior_yards_per_attempt,621.4147032598803,0.19034064952941104,TE,direct
team_skill_questionable_count,571.6823552660896,0.1751075252243332,TE,direct
underdog_points,552.3313728444281,0.1691802780191268,TE,direct
team_skill_out_count,496.4745487795899,0.15207121362561016,TE,direct
season_to_date_interception_rate,475.50144096599985,0.14564710595170532,TE,direct
carry_trend,390.48517185323146,0.11960644132210758,TE,direct
roll3_ngs_aggressiveness,325.6494838949951,0.09974713175972043,TE,direct
is_home,305.9245316660588,0.09370533680460139,TE,direct
prior_pass_td_rate,280.7634755244761,0.08599845162195073,TE,direct
roll3_ngs_cpoe,278.80627921372763,0.08539895821587239,TE,direct
season_to_date_rush_td_rate,231.87089590617694,0.07102255016211101,TE,direct
practice_risk,122.13558266858264,0.0374103895737222,TE,direct
injury_risk,99.7081993821409,0.03054083421947575,TE,direct
structured_neutral_fppg,2774.7554371142,5.201247586597552,TE,matchup
wr_volume_matchup,2499.434186682184,4.68516102624906,TE,matchup
baseline_weekly_fppg,2088.6137107182485,3.9150827049125425,TE,matchup
rb_receiving_matchup,1795.4514508994687,3.3655533748791377,TE,matchup
def_pass_epa_allowed_roll8,1694.8001262691043,3.176883608773195,TE,matchup
roll3_ngs_air_yard_share,1667.1221008334624,3.1250014641079917,TE,matchup
def_rush_epa_allowed_roll4,1609.9031111389932,3.017745117089017,TE,matchup
matchup_role_interaction,1562.1942447211322,2.9283153882573907,TE,matchup
def_pass_success_allowed_roll4,1524.1884355322115,2.857073930117876,TE,matchup
def_pass_epa_allowed_roll4,1321.4190834061023,2.4769850800249347,TE,matchup
roll3_ypt,1283.715026101815,2.406309252369717,TE,matchup
def_rush_epa_allowed_roll8,1280.7021797921414,2.4006617061437057,TE,matchup
def_qb_hit_rate_roll4,1265.9134694759014,2.3729404364374167,TE,matchup
def_rush_success_allowed_roll4,1233.9682579447006,2.313059499848349,TE,matchup
roll3_ngs_cushion,1197.1940892895884,2.2441267379161984,TE,matchup
implied_team_total,1171.015228300505,2.195054759997685,TE,matchup
def_explosive_pass_rate_roll4,1110.56964170597,2.081750193696061,TE,matchup
opp_pos_residual_roll4,1088.250794981123,2.039913768723061,TE,matchup
opp_pos_fppg_allowed_roll4,1083.4106877240822,2.0308410425819283,TE,matchup
def_te_residual_roll4,1067.620209427691,2.001241970162147,TE,matchup
roll3_ngs_separation,1058.5717533139127,1.9842807418337973,TE,matchup
def_sack_rate_roll4,1038.4926692658519,1.9466427265877828,TE,matchup
te_middle_matchup,1029.1633262625664,1.929154978971782,TE,matchup
wr_deep_matchup,981.7180780500141,1.840219399475194,TE,matchup
underdog_target_interaction,967.8505977971769,1.8142249650711755,TE,matchup
def_redzone_pass_td_rate_roll4,960.8164827892257,1.8010395962925108,TE,matchup
def_middle_pass_rate_roll4,956.6142116003093,1.7931624866246723,TE,matchup
preseason_middle_target_rate,940.0103312561478,1.7620387012945886,TE,matchup
wr_redzone_matchup,935.8821612925294,1.754300493532875,TE,matchup
te_redzone_matchup,923.351973277393,1.7308127982565218,TE,matchup
preseason_redzone_target_rate,912.9826018087234,1.7113755290815336,TE,matchup
opp_pos_residual_roll8,887.0790653747666,1.6628196439179812,TE,matchup
team_spread_line,884.5060944170981,1.6579966390488108,TE,matchup
roll3_ngs_yac_oe,872.3379898419831,1.6351876650728536,TE,matchup
rb_rush_matchup,859.1918534553656,1.610545381562243,TE,matchup
roll3_rec_td_rate,804.837499512043,1.5086587617588054,TE,matchup
def_middle_epa_allowed_roll4,782.8575565313746,1.4674576080093233,TE,matchup
def_redzone_rush_td_rate_roll4,775.2518832258803,1.4532008596863815,TE,matchup
roll3_catch_rate,715.1339056305391,1.3405103927369424,TE,matchup
qb_pressure_matchup,689.3917481102494,1.2922570105161764,TE,matchup
team_skill_questionable_count,669.5016542093558,1.2549732551568875,TE,matchup
favorite_points,596.1903831777033,1.1175521093421952,TE,matchup
underdog_points,584.0720330046979,1.0948363994285164,TE,matchup
season_week,580.4802927879998,1.0881037231414794,TE,matchup
ngs_available,576.7131399751071,1.0810422379329738,TE,matchup
rest_days,568.6546862371489,1.0659367578262822,TE,matchup
favorite_rush_interaction,429.237028118167,0.8045999394093758,TE,matchup
qb_pass_matchup,386.87699794000105,0.7251965434252139,TE,matchup
is_home,238.26720803182798,0.446629178256432,TE,matchup
team_skill_out_count,225.26975209658488,0.4222655945651069,TE,matchup
injury_risk,139.12638371710085,0.26079082785515895,TE,matchup
practice_risk,57.20941824389495,0.10723840544346393,TE,matchup
roll5_targets,18386.304900106246,14.967152303679352,TE,opportunity_targets
roll3_targets,15533.153828562157,12.644578688958127,TE,opportunity_targets
roll3_target_share,14100.423459016833,11.478281612541878,TE,opportunity_targets
roll3_ngs_air_yard_share,11411.227364728175,9.289173592395565,TE,opportunity_targets
roll3_ngs_cushion,11309.386127759302,9.206270947585221,TE,opportunity_targets
roll3_ngs_separation,11017.703408669913,8.968830107531657,TE,opportunity_targets
ngs_available,8976.51438455572,7.30722451736551,TE,opportunity_targets
roll5_fppg,6419.042544159122,5.225345055692609,TE,opportunity_targets
season_to_date_fppg,3826.8774561674436,3.1152239694254256,TE,opportunity_targets
roll5_offense_pct,3675.243479801444,2.9917881387344356,TE,opportunity_targets
preseason_prior_fppg,2663.1833440913183,2.167932650970371,TE,opportunity_targets
roll3_fppg,1660.1336078401127,1.3514119714644826,TE,opportunity_targets
roll3_offense_pct,1215.9252124159677,0.9898094229911466,TE,opportunity_targets
roll3_offense_snaps,1008.8981021099598,0.821281472009395,TE,opportunity_targets
season_targets_prior,739.768099416385,0.6021994018659214,TE,opportunity_targets
prior_game_fppg,715.5415415652759,0.5824780612745689,TE,opportunity_targets
opportunity_per_snap,637.3283979367001,0.5188095841554019,TE,opportunity_targets
season_to_date_rec_td_rate,601.373555144643,0.48954097303167055,TE,opportunity_targets
roll3_fppg_sd,464.92209523989544,0.37846428886105443,TE,opportunity_targets
season_week,401.92315144867024,0.32718074973684724,TE,opportunity_targets
prior_yards_per_target,372.84550093846,0.30351043500074376,TE,opportunity_targets
games_played_prior,372.4567258781434,0.3031939572978423,TE,opportunity_targets
roll3_team_pass_attempts,371.9127866178342,0.3027511700277938,TE,opportunity_targets
roll3_team_carries,366.7496899444999,0.2985482127349465,TE,opportunity_targets
preseason_middle_target_rate,319.60283816318474,0.26016888012386474,TE,opportunity_targets
prior_rec_td_rate,307.39851588264196,0.2502340970704729,TE,opportunity_targets
prior_catch_rate,296.7880942794802,0.24159680986112972,TE,opportunity_targets
expected_team_plays,296.1969118150154,0.2411155648239685,TE,opportunity_targets
snap_trend,284.7126086099208,0.23176690471492772,TE,opportunity_targets
season_to_date_ypt,268.01101021334625,0.21817116765549424,TE,opportunity_targets
season_to_date_catch_rate,258.8302048113687,0.21069764247093983,TE,opportunity_targets
preseason_redzone_target_rate,223.392660173955,0.1818501317428032,TE,opportunity_targets
roll3_rec_td_rate,202.52119055128804,0.1648599607246848,TE,opportunity_targets
role_fppg_trend,198.06138207149064,0.16122950680123319,TE,opportunity_targets
target_trend,193.86627550426368,0.1578145303139517,TE,opportunity_targets
prior_rush_td_rate,190.15196568936526,0.1547909406908777,TE,opportunity_targets
roll3_carry_share,189.76681149645782,0.15447741051192299,TE,opportunity_targets
season_to_date_rush_ypc,173.54675064202104,0.14127366334780955,TE,opportunity_targets
expected_team_pass_rate,172.03374118257074,0.1400420160353379,TE,opportunity_targets
roll3_catch_rate,169.61742052046057,0.13807503900755452,TE,opportunity_targets
prior_yards_per_carry,155.15220642952352,0.1262998039301066,TE,opportunity_targets
roll3_pass_attempts,151.10890897593802,0.12300840584192721,TE,opportunity_targets
roll3_carries,148.39081949759438,0.12079577750695586,TE,opportunity_targets
roll3_ngs_yac_oe,145.55039537358292,0.1184835641121438,TE,opportunity_targets
roll3_pass_attempt_share,142.5507409236689,0.11604173116886364,TE,opportunity_targets
prior_pass_td_rate,134.48047699658642,0.10947222903214911,TE,opportunity_targets
team_skill_questionable_count,131.89882195947914,0.10737066352750427,TE,opportunity_targets
roll5_carries,130.1980312594144,0.10598615513482534,TE,opportunity_targets
roll3_ypt,124.26247786086125,0.10115438865398922,TE,opportunity_targets
implied_team_total,119.42648097208098,0.09721770304109723,TE,opportunity_targets
season_to_date_pass_ypa,119.24976581495079,0.09707385017422125,TE,opportunity_targets
season_carries_prior,118.43180080546738,0.09640799550997341,TE,opportunity_targets
rest_days,114.4534483002951,0.09316946508278062,TE,opportunity_targets
team_spread_line,106.19401993936269,0.08644597589389583,TE,opportunity_targets
season_pass_attempts_prior,101.5612797732537,0.08267474899288182,TE,opportunity_targets
season_to_date_rush_td_rate,100.94136394918092,0.08217011390688886,TE,opportunity_targets
roll5_pass_attempts,99.72352189075079,0.08117874409825238,TE,opportunity_targets
prior_yards_per_attempt,88.68355441973121,0.0721917901961956,TE,opportunity_targets
season_to_date_pass_td_rate,84.37774178104688,0.06868669475127433,TE,opportunity_targets
underdog_points,81.8522753073889,0.06663086887682923,TE,opportunity_targets
carry_trend,80.67017563841709,0.06566859473421303,TE,opportunity_targets
team_skill_out_count,80.01261646261528,0.06513331652652647,TE,opportunity_targets
favorite_points,79.01809386444798,0.06432373726211782,TE,opportunity_targets
underdog_target_interaction,77.35193737421582,0.06296742243504648,TE,opportunity_targets
injury_risk,62.218617013503646,0.050648323413804756,TE,opportunity_targets
favorite_rush_interaction,39.035569565175884,0.031776440025177745,TE,opportunity_targets
practice_risk,34.2440307061926,0.02787594494141644,TE,opportunity_targets
