season,week,defense,def_games,def_dropbacks,def_rushes,def_pass_epa_allowed,def_rush_epa_allowed,def_pass_success_allowed,def_rush_success_allowed,def_explosive_pass_rate,def_deep_pass_rate,def_middle_pass_rate,def_deep_epa_allowed,def_middle_epa_allowed,def_sack_rate,def_qb_hit_rate,def_redzone_pass_td_rate,def_redzone_rush_td_rate
2020,1,ARI,1,37,24,0.022257172512738992,-0.15234048863688548,0.4594594594594595,0.5,0.1388888888888889,0.16666666666666666,0.2222222222222222,-0.3810606592160172,1.1109918445323954,0.08108108108108109,0.16216216216216217,0.125,0
2020,1,ATL,1,39,19,0.4870153042663423,-0.031151377131831467,0.5384615384615384,0.3157894736842105,0.13157894736842105,0.15789473684210525,0.05263157894736842,1.7795326585570996,0.9414786598645132,0.07692307692307693,0.23076923076923078,0.6,0.3333333333333333
2020,1,BAL,1,42,26,-0.2542374542674316,-0.2212064804692863,0.35714285714285715,0.38461538461538464,0.0975609756097561,0.24390243902439024,0.34146341463414637,0.518231143226148,-0.14630402994425973,0.047619047619047616,0.14285714285714285,1,0
2020,1,BUF,1,39,14,-0.21423102679561906,-0.006107952032055728,0.38461538461538464,0.42857142857142855,0.07894736842105263,0.23684210526315788,0.15789473684210525,-0.48873526705817033,-0.3471184931404412,0.07692307692307693,0.10256410256410256,0,1
2020,1,CAR,1,30,31,0.35924912698815087,0.13865174612522346,0.5666666666666667,0.5483870967741935,0.16666666666666666,0.13333333333333333,0.13333333333333333,1.3794852756909677,0.13169696622935725,0,0,0,0.42857142857142855
2020,1,CHI,1,47,25,0.03950230476379764,-0.11434968287707276,0.44680851063829785,0.32,0.13953488372093023,0.23255813953488372,0.3023255813953488,0.5847736852389059,0.4780430779573181,0.02127659574468085,0.1276595744680851,0.14285714285714285,0.2
2020,1,CIN,1,34,37,0.009173035070724886,-0.17650572262418301,0.4117647058823529,0.32432432432432434,0.15625,0.3125,0.125,0.01613579036493288,0.090721963060787,0.058823529411764705,0.11764705882352941,0,0.14285714285714285
2020,1,CLE,1,30,28,0.5619271220024417,-0.1865551267941814,0.5666666666666667,0.35714285714285715,0.17857142857142858,0.25,0.39285714285714285,1.5067793567764713,0.9461667526576845,0.06666666666666667,0.13333333333333333,0.3,0.3333333333333333
2020,1,DAL,1,34,38,0.13699911375242488,-0.07800965507141712,0.47058823529411764,0.39473684210526316,0.21875,0.125,0.09375,0.8018988709809498,0.37322827944687226,0.029411764705882353,0.08823529411764706,0,0.2857142857142857
2020,1,DEN,1,45,33,0.23748361280243666,-0.07620024000502648,0.6,0.42424242424242425,0.09090909090909091,0.06818181818181818,0.20454545454545456,-0.05588040108947797,-0.02040018656060046,0.022222222222222223,0.15555555555555556,0.3333333333333333,0
2020,1,DET,1,39,26,0.12367158641541666,0.09288445675114279,0.48717948717948717,0.5384615384615384,0.16216216216216217,0.32432432432432434,0.1891891891891892,0.1039742641103511,0.06840194352636374,0.02564102564102564,0.1282051282051282,0.16666666666666666,0
2020,1,GB,1,32,20,0.2949823384585232,0.3339788615805559,0.625,0.65,0.21428571428571427,0.2857142857142857,0.2857142857142857,0.9023023825946348,0.8973657884132887,0.0625,0.125,0.5,0.2857142857142857
2020,1,HOU,1,33,34,0.4238736034427406,0.009846436257476963,0.6363636363636364,0.4117647058823529,0.18181818181818182,0.09090909090909091,0.15151515151515152,-0.12058778433129169,1.1817122120875871,0.030303030303030304,0.09090909090909091,0.375,0
2020,1,IND,1,28,19,0.27152087715748696,-0.07623773680901845,0.5357142857142857,0.42105263157894735,0.25,0.08333333333333333,0.20833333333333334,1.82728966444847,1.221774185949473,0.14285714285714285,0.14285714285714285,1,0
2020,1,JAX,1,48,21,0.15827677164457582,-0.277079438589724,0.5416666666666666,0.3333333333333333,0.1276595744680851,0.1276595744680851,0.2127659574468085,0.1882479327032344,0.1133164259304364,0.020833333333333332,0.125,0.125,0.16666666666666666
2020,1,KC,1,41,18,0.08694364718526774,0.29290571097064666,0.5121951219512195,0.5,0.13513513513513514,0.21621621621621623,0.24324324324324326,-0.673161233344722,0.7501040058430389,0.0975609756097561,0.14634146341463414,0.25,1
2020,1,LA,1,45,24,-0.04226416713702065,0.022214467159452873,0.4888888888888889,0.4166666666666667,0.07142857142857142,0.09523809523809523,0.21428571428571427,-0.22956952094682626,0.09625643470714358,0.06666666666666667,0.15555555555555556,0.14285714285714285,0.2
2020,1,LAC,1,43,24,-0.17920015313975088,-0.2966511596944958,0.4186046511627907,0.4166666666666667,0.07692307692307693,0.15384615384615385,0.1794871794871795,-0.6715091237548864,0.4629043822381707,0.06976744186046512,0.13953488372093023,0,0
2020,1,LV,1,40,26,0.17300385502612012,0.04210893587039122,0.45,0.46153846153846156,0.1388888888888889,0.2777777777777778,0.2222222222222222,0.6314780521992357,-0.04164077387395139,0.025,0.075,0,0.2857142857142857
2020,1,MIA,1,22,41,-0.12388363144815506,0.31434959522042627,0.5909090909090909,0.6097560975609756,0.09523809523809523,0.047619047619047616,0.23809523809523808,-0.515282382257283,0.7297726881923164,0.09090909090909091,0.13636363636363635,0,0.3333333333333333
2020,1,MIN,1,44,32,0.40836256700960055,0.1731917144061299,0.5454545454545454,0.5,0.1590909090909091,0.20454545454545456,0.13636363636363635,1.853527567310569,0.9682875879031299,0,0.045454545454545456,0.16666666666666666,0.16666666666666666
2020,1,NE,1,34,25,-0.25099866141667493,-0.05858448960992478,0.47058823529411764,0.52,0.06451612903225806,0.1935483870967742,0.25806451612903225,0.5475056057815285,0.18266808114276442,0.029411764705882353,0.14705882352941177,0,0.14285714285714285
2020,1,NO,1,41,25,-0.2609931226587048,0.013854833820368865,0.3902439024390244,0.48,0.15,0.2,0.175,-0.4426849781521018,0.31267067917256847,0.07317073170731707,0.14634146341463414,0.25,0.2
2020,1,NYG,1,35,29,0.439850508865836,-0.19563733847964365,0.5142857142857142,0.2413793103448276,0.2647058823529412,0.17647058823529413,0.23529411764705882,0.561511111891983,0.6735202836352973,0.05714285714285714,0.14285714285714285,0.5,0
2020,1,NYJ,1,52,29,0.313559393422585,-0.5389313904950118,0.5576923076923077,0.27586206896551724,0.14285714285714285,0.08163265306122448,0.1836734693877551,0.8929579918185471,0.05538746982347264,0.057692307692307696,0.07692307692307693,0.13333333333333333,0.09090909090909091
2020,1,PHI,1,36,34,-0.04913721155117823,-0.35557116498924213,0.3333333333333333,0.20588235294117646,0.11764705882352941,0.17647058823529413,0.2647058823529412,-0.3021326681191572,0.17542958906518968,0.08333333333333333,0.2222222222222222,0.14285714285714285,0.13333333333333333
2020,1,PIT,1,48,17,0.017293815487591367,-0.5889817286241692,0.4583333333333333,0.17647058823529413,0.13333333333333333,0.08888888888888889,0.28888888888888886,1.7374273781169896,0.6343837141339749,0.0625,0.16666666666666666,0.09090909090909091,0
2020,1,SEA,1,57,21,0.10690940844750631,-0.3335744766134375,0.47368421052631576,0.42857142857142855,0.17543859649122806,0.22807017543859648,0.19298245614035087,0.8008328556853276,0.1591181812426919,0.03508771929824561,0.14035087719298245,0.2,0.16666666666666666
2020,1,SF,1,50,28,0.15458381967215862,-0.06472472237510393,0.48,0.42857142857142855,0.09523809523809523,0.11904761904761904,0.047619047619047616,-0.666238096961752,1.4916485367575651,0.04,0.06,1,1
2020,1,TB,1,34,32,-0.003216966482307706,-0.44083559574573894,0.35294117647058826,0.25,0.15625,0.15625,0.15625,1.4305169281898993,-0.3170485485228718,0.029411764705882353,0.08823529411764706,0.18181818181818182,0.08333333333333333
2020,1,TEN,1,34,25,-0.17869016350853043,0.04274328947183697,0.4411764705882353,0.36,0.12121212121212122,0.24242424242424243,0.2727272727272727,-1.019624308792118,0.1900601396919223,0,0.14705882352941177,0.2,0.14285714285714285
2020,1,WAS,1,50,17,-0.3915191140364894,-0.05381838338079794,0.34,0.47058823529411764,0.14,0.3,0.38,0.1799005032342394,0.29560935436012664,0.16,0.26,0.25,0
2020,2,ARI,1,39,23,-0.21205617913046734,0.16617408285674679,0.41025641025641024,0.5217391304347826,0.18421052631578946,0.18421052631578946,0.3157894736842105,-0.39392068973808914,0.1112768517756496,0.10256410256410256,0.20512820512820512,0,0.2
2020,2,ATL,1,51,31,0.17716479402208904,-0.1038745044765303,0.5882352941176471,0.45161290322580644,0.14,0.2,0.16,1.0873252534191125,0.7476933283105608,0.0196078431372549,0.0784313725490196,0.14285714285714285,0.3333333333333333
2020,2,BAL,1,45,12,-0.1801449688579899,-0.26085547803086223,0.4666666666666667,0.25,0.125,0.175,0.225,0.3794085720770201,0.43299805862373314,0.08888888888888889,0.24444444444444444,0.3333333333333333,0
2020,2,BUF,1,53,20,0.14586438770435706,0.1798093936231455,0.5094339622641509,0.5,0.11764705882352941,0.11764705882352941,0.35294117647058826,0.7771397160830856,0.7967897652431731,0.05660377358490566,0.18867924528301888,0.2222222222222222,0.16666666666666666
2020,2,CAR,1,35,22,0.014982278375678164,-0.07494490006766633,0.4,0.4090909090909091,0.22857142857142856,0.2,0.22857142857142856,-0.1150441254781438,0.8869353097034052,0,0.02857142857142857,0,0.5
2020,2,CHI,1,47,15,-0.15584716356206993,0.06078550830328159,0.5106382978723404,0.4666666666666667,0.045454545454545456,0.06818181818181818,0.45454545454545453,1.035854223940988,0.12992575908251747,0.0851063829787234,0.0851063829787234,0,1
2020,2,CIN,1,24,34,0.5251988868343084,0.1514661101168982,0.5833333333333334,0.47058823529411764,0.2608695652173913,0.21739130434782608,0.21739130434782608,0.16856221721973158,-0.24601590414531488,0,0,0.25,0.3
2020,2,CLE,1,68,20,0.2255039609062028,-0.4475644756748808,0.5,0.35,0.109375,0.171875,0.171875,0.17785209587382722,0.4585433453568123,0.04411764705882353,0.10294117647058823,0.14285714285714285,0
2020,2,DAL,1,43,30,0.2899857313708898,-0.14208585462183715,0.4418604651162791,0.4,0.28205128205128205,0.2564102564102564,0.23076923076923078,0.2428831536788487,0.008063811390879107,0.023255813953488372,0.09302325581395349,0.2222222222222222,0
2020,2,DEN,1,42,22,0.02637922148624942,-0.5020550761539134,0.4523809523809524,0.3181818181818182,0.09523809523809523,0.14285714285714285,0.38095238095238093,0.46523419067185967,-0.017008837567117754,0.023809523809523808,0.07142857142857142,0,0.16666666666666666
2020,2,DET,1,33,34,0.4616525538680403,0.23929977119577067,0.5151515151515151,0.5,0.25806451612903225,0.22580645161290322,0.12903225806451613,0.05663219487473732,2.1615397333953323,0.030303030303030304,0.09090909090909091,0.3333333333333333,0.25
2020,2,GB,1,38,20,-0.13331886475651525,0.15017880199884515,0.47368421052631576,0.45,0.13513513513513514,0.1891891891891892,0.2972972972972973,-0.16063891638935246,0.06227024670542161,0.10526315789473684,0.15789473684210525,0.3333333333333333,0.25
2020,2,HOU,1,31,34,0.16378462717320064,0.1539807088413212,0.4838709677419355,0.38235294117647056,0.17857142857142858,0.21428571428571427,0.21428571428571427,0.12965583818925597,0.6946690740750393,0.12903225806451613,0.16129032258064516,0.16666666666666666,0
2020,2,IND,1,29,19,-0.4496170426818766,-0.016668652443938375,0.27586206896551724,0.42105263157894735,0.13793103448275862,0.3448275862068966,0.1724137931034483,-0.03920615962124411,0.013572407339513199,0.10344827586206896,0.20689655172413793,0,0.25
2020,2,JAX,1,27,32,0.7086133384071418,-0.16680070488291684,0.7037037037037037,0.40625,0.32,0.16,0.28,2.008550961196305,1.471226678680854,0.037037037037037035,0.14814814814814814,1,0
2020,2,KC,1,38,41,0.062142971339656634,0.017712256211003776,0.5,0.4634146341463415,0.2,0.22857142857142856,0.2857142857142857,-0.46465833878755736,0.3968499778013208,0.05263157894736842,0.18421052631578946,0.16666666666666666,0.16666666666666666
2020,2,LA,1,44,26,-0.2057978826871937,0.09891861858229643,0.4090909090909091,0.6153846153846154,0.11627906976744186,0.11627906976744186,0.27906976744186046,-1.1564019092522964,-0.5977623224898704,0,0.06818181818181818,0,0.2857142857142857
2020,2,LAC,1,55,16,0.16673507898134607,-0.04874365734576685,0.4727272727272727,0.25,0.08163265306122448,0.08163265306122448,0.16326530612244897,0.5904109606926803,-0.08173203613114309,0.01818181818181818,0.14545454545454545,0.3333333333333333,0
2020,2,LV,1,38,19,0.10121941162450303,0.33474992078845417,0.47368421052631576,0.7368421052631579,0.10526315789473684,0.13157894736842105,0.42105263157894735,0.1838835178874438,-0.06185203677365006,0,0.18421052631578946,0.2,0.3333333333333333
2020,2,MIA,1,37,22,0.6192064636515253,-0.0852816606347912,0.5675675675675675,0.3181818181818182,0.3333333333333333,0.3333333333333333,0.1111111111111111,2.138901701003003,0.27409477332548604,0.02702702702702703,0.08108108108108109,0.4,0
2020,2,MIN,1,27,40,0.10596823327138195,-0.07770470765558087,0.48148148148148145,0.475,0.18518518518518517,0.2222222222222222,0.2962962962962963,1.126428862184791,0.4879322692224084,0.07407407407407407,0.07407407407407407,0.2,0.1
2020,2,NE,1,34,26,0.3985730068953298,-0.020134069179990867,0.7058823529411765,0.4230769230769231,0.16666666666666666,0.16666666666666666,0.16666666666666666,1.9203603319125253,0.8942685216781682,0.058823529411764705,0.20588235294117646,0.6666666666666666,0
2020,2,NO,1,42,34,0.33935752387769147,-0.1599809120779386,0.5714285714285714,0.38235294117647056,0.17073170731707318,0.21951219512195122,0.1951219512195122,0.5958817354726822,0.859063652365877,0.07142857142857142,0.09523809523809523,0.375,0.125
2020,2,NYG,1,33,31,0.09965622144368771,-0.1377115527903964,0.5151515151515151,0.25806451612903225,0.15625,0.25,0.3125,0.38837868902822914,0.17817969928728364,0.12121212121212122,0.15151515151515152,0.3333333333333333,0
2020,2,NYJ,1,30,29,0.25172136988454324,0.09695560336795433,0.5333333333333333,0.2413793103448276,0.26666666666666666,0.13333333333333333,0.26666666666666666,0.4930707402529042,0.8627408104875932,0.1,0.36666666666666664,0.4,0.3333333333333333
2020,2,PHI,1,30,37,0.7008667628622387,0.12739231828458605,0.6333333333333333,0.4594594594594595,0.2857142857142857,0.17857142857142858,0.07142857142857142,1.1680364499625266,1.0198397301719504,0.03333333333333333,0.1,0.5,0.2857142857142857
2020,2,PIT,1,48,25,-0.2344625397182856,-0.09553032951662319,0.3541666666666667,0.36,0.19148936170212766,0.3191489361702128,0.3191489361702128,0.2842882861713105,-0.08563667409424035,0.14583333333333334,0.375,0.25,0
2020,2,SEA,1,47,24,0.4779673364855092,-0.3771511894392411,0.574468085106383,0.2916666666666667,0.24444444444444444,0.2,0.3333333333333333,1.2252990261121235,1.0227341318024465,0.02127659574468085,0.10638297872340426,0.14285714285714285,0.2222222222222222
2020,2,SF,1,34,28,-0.03596431754663327,-0.38923727437636685,0.4117647058823529,0.32142857142857145,0.09090909090909091,0.09090909090909091,0.06060606060606061,2.031483051619337,0.035544590296922,0.029411764705882353,0.17647058823529413,0,0
2020,2,TB,1,47,24,-0.1753369868898083,-0.0854699969434782,0.5319148936170213,0.3333333333333333,0.1276595744680851,0.1702127659574468,0.23404255319148937,0.759958513335733,0.5420865471108092,0.10638297872340426,0.14893617021276595,0,0.3333333333333333
2020,2,TEN,1,50,24,0.29348262734463465,0.17304811951665516,0.62,0.4166666666666667,0.19148936170212766,0.1702127659574468,0.2127659574468085,0.9978723186204457,0.47459230562090077,0.04,0.1,0.25,0.5
2020,2,WAS,1,43,30,0.07805796188442884,0.1637556993533281,0.4418604651162791,0.3333333333333333,0.12195121951219512,0.21951219512195122,0.17073170731707318,0.34099704647410956,-0.15065796116167474,0.06976744186046512,0.046511627906976744,0.16666666666666666,0.1111111111111111
2020,3,ARI,1,35,27,0.17866330854282284,-0.15817406500225673,0.5142857142857142,0.2962962962962963,0.14285714285714285,0.14285714285714285,0.2,0.6913863257272151,0.5028275905601091,0.11428571428571428,0.17142857142857143,0.25,0
2020,3,ATL,1,55,24,0.04440797096501159,-0.11086611078402062,0.41818181818181815,0.4583333333333333,0.16666666666666666,0.2777777777777778,0.09259259259259259,-0.249704875723303,-0.371722212980568,0.03636363636363636,0.16363636363636364,0.2,0
2020,3,BAL,1,46,27,0.7663571855084731,-0.43505967386644645,0.6956521739130435,0.2962962962962963,0.2857142857142857,0.19047619047619047,0.4523809523809524,1.3759371019841629,0.8852844763488472,0,0.08695652173913043,0.42857142857142855,0.5
2020,3,BUF,1,36,31,0.35060416864283667,0.3102769813051584,0.5555555555555556,0.6451612903225806,0.22857142857142856,0.17142857142857143,0.17142857142857143,1.662227629868235,0.9975314800200663,0.05555555555555555,0.16666666666666666,0.25,0.2222222222222222
2020,3,CAR,1,54,21,-0.008492054078238194,-0.4006771030614064,0.5,0.38095238095238093,0.1346153846153846,0.15384615384615385,0.17307692307692307,0.4381825734999446,0.8302874231659286,0.037037037037037035,0.14814814814814814,0.14285714285714285,0.3333333333333333
2020,3,CHI,1,40,25,-0.17688816608185112,0.20611659824848227,0.4,0.36,0.05,0.3,0.275,-0.3166097833008418,-0.30151505105260934,0.05,0.175,0.16666666666666666,0.25
2020,3,CIN,1,56,30,-0.0018581898726029481,-0.10804604168515645,0.375,0.3333333333333333,0.1,0.22,0.26,-0.2429816704296326,0.021128815504757488,0.05357142857142857,0.08928571428571429,0,0.25
2020,3,CLE,1,41,21,-0.17121578520447844,-0.0064575505842055705,0.36585365853658536,0.47619047619047616,0.2,0.15,0.1,-1.367697658754574,-2.585868271227809,0.07317073170731707,0.07317073170731707,0.3333333333333333,0.25
2020,3,DAL,1,49,22,0.1323620326106095,-0.06324557392376451,0.42857142857142855,0.2727272727272727,0.17777777777777778,0.2222222222222222,0.2,0.7526525176013821,0.7716761070510587,0.08163265306122448,0.16326530612244897,0.5,0
2020,3,DEN,1,41,24,0.27177290073290805,-0.08096497763229593,0.5121951219512195,0.375,0.125,0.225,0.175,0.7473432668484741,0.24848515727457413,0.04878048780487805,0.14634146341463414,0.3,0
2020,3,DET,1,37,26,-0.08627596430518218,0.11461217688898075,0.5675675675675675,0.5,0.1111111111111111,0.16666666666666666,0.16666666666666666,-1.4332890372994984,-1.0828361910243984,0.02702702702702703,0.05405405405405406,0.4,0.2
2020,3,GB,1,39,19,0.28419561629869805,-0.22277601034454012,0.48717948717948717,0.3684210526315789,0.15789473684210525,0.07894736842105263,0.2631578947368421,1.3465172256248232,0.4504597585107626,0.05128205128205128,0.05128205128205128,0.3333333333333333,0
2020,3,HOU,1,40,37,0.21647659780880266,-0.07270422195940397,0.525,0.43243243243243246,0.1794871794871795,0.20512820512820512,0.3333333333333333,-0.6767815771745518,0.3881103814810254,0.05,0.125,0.16666666666666666,0.1111111111111111
2020,3,IND,1,36,24,-0.6146862366197935,-0.13919053392601205,0.3611111111111111,0.3333333333333333,0.12903225806451613,0.22580645161290322,0.1935483870967742,-1.0890140503511891,0.2970149594281496,0.05555555555555555,0.19444444444444445,0.5,0
2020,3,JAX,1,24,33,0.43196100355999095,-0.012088813617014109,0.625,0.30303030303030304,0.19047619047619047,0.14285714285714285,0.38095238095238093,0.46976675981810995,0.18600762377900565,0.041666666666666664,0.20833333333333334,1,0.15384615384615385
2020,3,KC,1,35,18,-0.3492756113786726,0.3373582607988884,0.34285714285714286,0.5,0.0625,0.15625,0.5,-0.9944501081481572,0.10087259691863454,0.11428571428571428,0.14285714285714285,0.16666666666666666,0
2020,3,LA,1,37,21,0.22851525773955025,0.13605300606910287,0.5675675675675675,0.42857142857142855,0.2702702702702703,0.21621621621621623,0.1891891891891892,0.620062719779527,1.2841556970587198,0.10810810810810811,0.1891891891891892,0.4,0.1
2020,3,LAC,1,31,20,0.06278682950297858,-0.3550571673378719,0.4838709677419355,0.25,0.16666666666666666,0.13333333333333333,0.23333333333333334,0.5963118582585597,0.388964301313432,0.06451612903225806,0.06451612903225806,0.125,0
2020,3,LV,1,31,37,-0.08729303610344577,0.26668070858384546,0.45161290322580644,0.4864864864864865,0.13333333333333333,0.13333333333333333,0.16666666666666666,-0.32526876370138047,-0.861644665047061,0.06451612903225806,0.12903225806451613,0.1111111111111111,0.2222222222222222
2020,3,MIA,1,49,14,-0.17347830242230272,-0.10921833876428924,0.5102040816326531,0.2857142857142857,0.043478260869565216,0.13043478260869565,0.2826086956521739,-1.1232898631909243,0.4241756198685979,0.08163265306122448,0.1836734693877551,0,1
2020,3,MIN,1,41,33,-0.023757574215766724,0.04475276150994692,0.4634146341463415,0.5151515151515151,0.1,0.15,0.3,0.997419368272418,0.803556400880058,0.04878048780487805,0.17073170731707318,0,0.25
2020,3,NE,1,36,20,-0.05780527030812124,-0.10554489680216635,0.5555555555555556,0.45,0.14705882352941177,0.14705882352941177,0.23529411764705882,0.98522306117229,0.43088773029739863,0.05555555555555555,0.1388888888888889,0.3333333333333333,0
2020,3,NO,1,34,25,0.39105617611082383,-0.15986524949781594,0.5882352941176471,0.4,0.12121212121212122,0.2727272727272727,0.06060606060606061,1.0637048259542023,-0.732714749057777,0.029411764705882353,0.08823529411764706,0.42857142857142855,0.14285714285714285
2020,3,NYG,1,39,35,0.6154436730758105,-0.047160756874031366,0.6153846153846154,0.3142857142857143,0.3333333333333333,0.15384615384615385,0.358974358974359,0.6968387582407248,0.9541111446007667,0.05128205128205128,0.23076923076923078,0.1111111111111111,0.3333333333333333
2020,3,NYJ,1,25,31,0.3812309177592467,-0.1977915562447758,0.6,0.2903225806451613,0.2,0.2,0.24,1.6306652897968885,0.6766509724063312,0,0.04,0.5,0.14285714285714285
2020,3,PHI,1,52,18,0.07227857887212656,-0.21409272956629546,0.4423076923076923,0.3888888888888889,0.09615384615384616,0.21153846153846154,0.057692307692307696,0.4935713390639801,0.6400750361305353,0.15384615384615385,0.3269230769230769,0.2222222222222222,0
2020,3,PIT,1,33,14,0.2148138271515946,-0.3591131201974349,0.45454545454545453,0.14285714285714285,0.25,0.28125,0.34375,1.2954742024497439,0.633599284816723,0.15151515151515152,0.3333333333333333,0.3333333333333333,0.5
2020,3,SEA,1,63,18,0.13537761414485042,0.12287123838258528,0.4603174603174603,0.4444444444444444,0.16666666666666666,0.2,0.26666666666666666,1.0530044177994977,1.018796436044062,0.031746031746031744,0.15873015873015872,0,0.3333333333333333
2020,3,SF,1,35,14,-0.183596001821588,-0.6671704135452666,0.34285714285714286,0.2857142857142857,0.11764705882352941,0.20588235294117646,0.29411764705882354,0.30030231843701316,-0.4221595147381755,0.05714285714285714,0.17142857142857143,0,0
2020,3,TB,1,47,12,-0.25444887332578886,-0.35775749682215985,0.3191489361702128,0.25,0.08888888888888889,0.08888888888888889,0.24444444444444444,0.27122415424674,0.11475055982590295,0.1276595744680851,0.2127659574468085,0.2,0
2020,3,TEN,1,31,32,0.14808591910807667,-0.05801473976498503,0.45161290322580644,0.4375,0.13333333333333333,0.2,0.13333333333333333,1.5480066024425883,0.2856032339186647,0.06451612903225806,0.3548387096774194,0.6666666666666666,0
2020,3,WAS,1,26,36,0.29717709207254683,-0.08756912393335213,0.5769230769230769,0.3055555555555556,0.2,0.16,0.2,0.6324626052082757,0.5964635501499278,0.07692307692307693,0.15384615384615385,1,0.18181818181818182
2020,4,ARI,1,40,32,0.48240876412824246,-0.039519305002613594,0.575,0.3125,0.1891891891891892,0.13513513513513514,0.10810810810810811,0.10969770725350936,0.6179739625222275,0,0.075,0.25,0.3333333333333333
2020,4,ATL,1,35,25,0.7410777302137698,-0.35887705988017793,0.6857142857142857,0.36,0.2647058823529412,0.29411764705882354,0.20588235294117646,1.1720526854856859,1.5704434606486757,0.02857142857142857,0.02857142857142857,0.6,0
2020,4,BAL,1,48,22,-0.09610384982737377,0.11167722781035336,0.4375,0.5,0.08333333333333333,0.08333333333333333,0.3125,0.7419622370289277,0.38282272209869145,0.0625,0.1875,0,0.2857142857142857
2020,4,BUF,1,50,19,0.12348857180066948,-0.425327090837971,0.54,0.3684210526315789,0.15217391304347827,0.08695652173913043,0.2608695652173913,1.2078147248539608,0.6067523132756122,0.04,0.08,0.16666666666666666,0
2020,4,CAR,1,35,20,0.13499354874781735,-0.017412517828779537,0.5142857142857142,0.45,0.125,0.15625,0.21875,-0.44921708243200537,0.6062742194044412,0.02857142857142857,0.08571428571428572,0.42857142857142855,0
2020,4,CHI,1,30,38,0.22396710867657507,-0.20714142362331361,0.43333333333333335,0.2631578947368421,0.2,0.16666666666666666,0.3,0.8283669726341046,0.5246782722252937,0.03333333333333333,0.1,0.14285714285714285,0
2020,4,CIN,1,46,18,0.1929724903133021,0.01661502890056018,0.5,0.3888888888888889,0.1590909090909091,0.13636363636363635,0.3181818181818182,1.239268792327492,0.3477894571467659,0.06521739130434782,0.08695652173913043,0.2222222222222222,0
2020,4,CLE,1,63,19,0.1688200057590943,0.0922768893789646,0.6031746031746031,0.5263157894736842,0.11290322580645161,0.1774193548387097,0.27419354838709675,0.6407161928231792,0.31394993182552494,0.047619047619047616,0.031746031746031744,0.25,0.16666666666666666
2020,4,DAL,1,34,40,0.3696833398460344,0.38959487906941237,0.5294117647058824,0.6,0.18181818181818182,0.15151515151515152,0.12121212121212122,0.4635908631025818,0.7842041359544948,0.058823529411764705,0.058823529411764705,0.4,0.2857142857142857
2020,4,DEN,1,56,19,-0.12926491289604264,-0.3133717446747287,0.375,0.2631578947368421,0.0784313725490196,0.21568627450980393,0.11764705882352941,0.05129881634465528,-0.15254190762061604,0.10714285714285714,0.16071428571428573,0,0
2020,4,DET,1,27,42,0.3909187616232823,0.1599928982503203,0.5555555555555556,0.5714285714285714,0.2962962962962963,0.3333333333333333,0.3333333333333333,1.1969379470942345,-0.28659833608738405,0.07407407407407407,0.2222222222222222,0.5,0.2727272727272727
2020,4,GB,1,45,23,0.07106896414332191,-0.025468644544319977,0.5111111111111111,0.43478260869565216,0.06976744186046512,0.23255813953488372,0.32558139534883723,-0.27962215751176644,0.012999462059854153,0.08888888888888889,0.15555555555555556,0,0.25
2020,4,HOU,1,26,39,0.3384941561355033,0.1860471717067039,0.5,0.5641025641025641,0.32,0.48,0.12,1.166517397223895,0.20535106941023434,0.11538461538461539,0.3076923076923077,0.3333333333333333,0.23076923076923078
2020,4,IND,1,43,17,-0.10612369819173696,-0.2542095035836646,0.37209302325581395,0.17647058823529413,0.11627906976744186,0.23255813953488372,0.4186046511627907,0.17228738093981494,-0.0635265104550247,0.023255813953488372,0.11627906976744186,0.3333333333333333,0
2020,4,JAX,1,39,32,0.23943760971665248,0.21755119315941027,0.5384615384615384,0.46875,0.16216216216216217,0.2972972972972973,0.24324324324324326,-0.1575052215635762,1.0313690719647433,0.02564102564102564,0.1282051282051282,0.16666666666666666,0
2020,4,KC,1,41,33,-0.44877642112598565,0.08464725682543654,0.36585365853658536,0.45454545454545453,0.1794871794871795,0.20512820512820512,0.10256410256410256,-1.1876240909768978,0.5463180529768581,0.04878048780487805,0.14634146341463414,0.2,0
2020,4,LA,1,45,21,-0.2174863559744326,-0.08667555435316746,0.4222222222222222,0.23809523809523808,0.0975609756097561,0.07317073170731707,0.21951219512195122,0.48614069155883,0.7751393872650985,0.1111111111111111,0.17777777777777778,0,0
2020,4,LAC,1,46,27,0.27577470248384733,-0.06181935086648012,0.5652173913043478,0.4074074074074074,0.2391304347826087,0.2391304347826087,0.21739130434782608,1.3375789257285897,-0.02206079213345761,0,0.13043478260869565,0.5,0
2020,4,LV,1,35,24,0.530676375957915,-0.21102450715261503,0.6,0.25,0.22857142857142856,0.08571428571428572,0.3142857142857143,2.99256299668923,0.9334774939819566,0.02857142857142857,0.17142857142857143,0.2,0.6666666666666666
2020,4,MIA,1,37,25,0.3443449857385814,-0.012472722702659781,0.5945945945945946,0.48,0.2222222222222222,0.25,0.2777777777777778,0.9100062456176004,0.3227788774529471,0.05405405405405406,0.13513513513513514,0.2222222222222222,0.4
2020,4,MIN,1,40,22,0.12243238395619575,-0.1536027799685886,0.475,0.5,0.16666666666666666,0.16666666666666666,0.16666666666666666,1.9626745417820834,0.934640251919822,0.075,0.1,0,0
2020,4,NE,1,35,20,0.14104120789179828,-0.10405494534643378,0.45714285714285713,0.35,0.1,0.23333333333333334,0.16666666666666666,0.8253938186680906,0.6256720351055253,0.02857142857142857,0.02857142857142857,0.2857142857142857,0
2020,4,NO,1,37,20,0.13474508076143493,-0.0642057035351175,0.4594594594594595,0.35,0.2,0.2,0.22857142857142856,0.40803765578727613,0.5632621316472057,0.08108108108108109,0.1891891891891892,0.375,0.25
2020,4,NYG,1,34,23,-0.17049502779872708,0.016511663878032753,0.4411764705882353,0.34782608695652173,0.08823529411764706,0.17647058823529413,0.29411764705882354,0.44460499818281546,0.07723551691742558,0.058823529411764705,0.14705882352941177,0,0.16666666666666666
2020,4,NYJ,1,31,32,0.03884092633069599,-0.10284502778449699,0.4838709677419355,0.28125,0.22580645161290322,0.16129032258064516,0.16129032258064516,2.573649147362449,0.6552703774650588,0,0.16129032258064516,0.2,0.2
2020,4,PHI,1,51,20,-0.18669127451807005,0.17285605862998643,0.47058823529411764,0.35,0.09803921568627451,0.058823529411764705,0.21568627450980393,1.3146202169591532,0.6992013380169576,0.09803921568627451,0.27450980392156865,0.125,0.3333333333333333
2020,4,SEA,1,51,18,0.12823544371831466,-0.10998209869458098,0.5882352941176471,0.4444444444444444,0.10638297872340426,0.19148936170212766,0.2765957446808511,-0.1465340025863581,0.377145717371395,0.0196078431372549,0.09803921568627451,0,0.2
2020,4,SF,1,35,25,-0.013832327179810899,-0.16227182610426094,0.45714285714285713,0.4,0.125,0.0625,0.15625,2.19732463080436,-0.5844826120766815,0.08571428571428572,0.2571428571428571,0,0.5
2020,4,TB,1,29,21,0.5458570440401593,-0.4742486380966425,0.4827586206896552,0.14285714285714285,0.18518518518518517,0.2222222222222222,0.1111111111111111,2.2272551525481217,-0.16125133954782406,0.06896551724137931,0.20689655172413793,1,0
2020,4,WAS,1,27,29,0.36692128577818145,0.08809524364889909,0.4074074074074074,0.4482758620689655,0.2916666666666667,0.4166666666666667,0.375,0.5757017884054221,0.6948233350952594,0.037037037037037035,0.1111111111111111,0,1
2020,5,ARI,1,40,24,-0.053945253200339056,-0.2688223354828856,0.375,0.4166666666666667,0.08333333333333333,0.16666666666666666,0.19444444444444445,-0.09276871630572865,0.0048122498556048806,0.075,0.15,0.2,0
2020,5,ATL,1,38,25,0.39454870902402095,0.006614329930162036,0.5789473684210527,0.48,0.19444444444444445,0.16666666666666666,0.16666666666666666,1.069138200531597,-0.12581722719672334,0,0.10526315789473684,0.3333333333333333,0
2020,5,BAL,1,39,26,-0.6519584540659804,-0.2639165968647911,0.28205128205128205,0.2692307692307692,0.13513513513513514,0.13513513513513514,0.35135135135135137,-1.126884056022392,-0.22727601137907755,0.1794871794871795,0.38461538461538464,0,0
2020,5,BUF,1,31,31,0.6211286252458392,-0.04670593557567632,0.6451612903225806,0.3548387096774194,0.17857142857142858,0.07142857142857142,0.17857142857142858,0.9611965569201846,1.0899236695491712,0,0.06451612903225806,0.5,0.23076923076923078
2020,5,CAR,1,39,24,-0.09598665638574051,0.298462254317807,0.41025641025641024,0.5833333333333334,0.1794871794871795,0.20512820512820512,0.23076923076923078,0.8003263760037951,-0.19515072224472355,0.05128205128205128,0.10256410256410256,0,0
2020,5,CHI,1,44,20,-0.05962742123261739,0.08962392383546146,0.3409090909090909,0.35,0.1590909090909091,0.20454545454545456,0.4772727272727273,-0.08811591768371214,0.04653089641402788,0.06818181818181818,0.18181818181818182,0.2,0
2020,5,CIN,1,38,24,-0.13347873742584002,0.03511863115757742,0.39473684210526316,0.375,0.13157894736842105,0.18421052631578946,0.47368421052631576,-1.0950631236855912,-0.1537505932789309,0.02631578947368421,0.15789473684210525,0.6666666666666666,0
2020,5,CLE,1,34,18,-0.2018475662111707,0.25497272994834963,0.4411764705882353,0.5,0.058823529411764705,0.17647058823529413,0.11764705882352941,0.5934795049154983,0.281818065399422,0.029411764705882353,0.14705882352941177,0,0.5
2020,5,DAL,1,36,27,-0.02578302227015997,0.04004691818435868,0.4166666666666667,0.4444444444444444,0.16666666666666666,0.08333333333333333,0.027777777777777776,1.4780073039000843,0.603664848487824,0.05555555555555555,0.25,0,0.4
2020,5,HOU,1,56,17,-0.018506167994898272,-0.16325032903799117,0.42857142857142855,0.35294117647058826,0.09433962264150944,0.1509433962264151,0.11320754716981132,0.2830414597774494,-0.13046648272817635,0.07142857142857142,0.08928571428571429,0.2,0
2020,5,IND,1,40,32,0.15580590147123066,-0.11180524180531166,0.55,0.3125,0.20512820512820512,0.28205128205128205,0.20512820512820512,0.3723102094822514,-1.0020259882876419,0.025,0.075,0.2857142857142857,0
2020,5,JAX,1,38,20,0.36577190551166905,-0.11269200356327928,0.5789473684210527,0.35,0.2222222222222222,0.3055555555555556,0.2222222222222222,0.3594150968497648,0.13063358236104283,0.02631578947368421,0.13157894736842105,0.3333333333333333,0
2020,5,KC,1,32,35,0.5290915581135042,0.05681538289978342,0.46875,0.45714285714285713,0.21875,0.25,0.1875,2.0041733369507715,1.727336712666633,0.03125,0.125,1,0.2857142857142857
2020,5,LA,1,40,12,-0.5539196044932783,-0.061315767733807036,0.225,0.3333333333333333,0.02631578947368421,0.10526315789473684,0.23684210526315788,-0.620683082845062,-0.38595199408397735,0.2,0.2,0,1
2020,5,LAC,1,50,25,-0.01419060033383968,-0.09084648157924613,0.5,0.36,0.06,0.14,0.24,0.5216173221914291,0.5337675550933156,0.04,0.14,0,1
2020,5,LV,1,51,16,0.2049903503299985,0.03840283071804166,0.37254901960784315,0.5,0.23404255319148937,0.2127659574468085,0.2127659574468085,-0.1037102641712403,-0.3505105141317471,0.058823529411764705,0.09803921568627451,0.25,0.5
2020,5,MIA,1,40,19,-0.5133615070190084,0.1369952037930487,0.325,0.6842105263157895,0.075,0.175,0.225,-1.510660886722952,-0.2740930753061547,0.125,0.225,0.3333333333333333,0.5
2020,5,MIN,1,42,11,0.07915520140592366,0.024762520317876978,0.40476190476190477,0.45454545454545453,0.16216216216216217,0.2702702702702703,0.13513513513513514,-0.16167934688856045,0.5428216614411205,0.09523809523809523,0.21428571428571427,0.375,0
2020,5,NO,1,38,31,0.14429088518670347,-0.14357509931376702,0.47368421052631576,0.2903225806451613,0.16216216216216217,0.2702702702702703,0.16216216216216217,0.8717499865277206,0.1762079934317917,0.07894736842105263,0.2894736842105263,0.6,0
2020,5,NYG,1,35,29,0.10827328484401509,-0.06620979999244261,0.6285714285714286,0.5172413793103449,0.11428571428571428,0.2,0.2,1.4982209776043791,1.3592230619147538,0.05714285714285714,0.11428571428571428,0.2,0.3333333333333333
2020,5,NYJ,1,39,30,0.3218431226578278,0.05097535696210473,0.5641025641025641,0.4,0.15384615384615385,0.20512820512820512,0.10256410256410256,1.156293548076064,0.3865109546095485,0.02564102564102564,0.02564102564102564,0,0.3333333333333333
2020,5,PHI,1,35,32,0.37576046216737596,0.027403674593187852,0.45714285714285713,0.3125,0.2,0.14285714285714285,0.37142857142857144,0.8580417711986232,0.5580403618022015,0.02857142857142857,0.05714285714285714,0.3333333333333333,0.3333333333333333
2020,5,PIT,1,44,14,0.13357761770754986,0.17403709166891132,0.45454545454545453,0.2857142857142857,0.14285714285714285,0.19047619047619047,0.42857142857142855,0.6725035600320548,0.48139653059155907,0.11363636363636363,0.22727272727272727,0.2857142857142857,0.25
2020,5,SEA,1,42,42,0.27866957558128547,-0.09224277011629957,0.5476190476190477,0.40476190476190477,0.19047619047619047,0.14285714285714285,0.19047619047619047,0.677859398547412,-0.041191934673406365,0.07142857142857142,0.09523809523809523,0.4,0.09090909090909091
2020,5,SF,1,31,32,0.7987254336475837,-0.25203538198334613,0.6451612903225806,0.3125,0.26666666666666666,0.26666666666666666,0.23333333333333334,2.4590023072440155,0.8214362600462656,0.06451612903225806,0.1935483870967742,0.1111111111111111,0.16666666666666666
2020,5,TB,1,45,14,-0.10281780844111586,-0.3093506959204595,0.4444444444444444,0.21428571428571427,0.1111111111111111,0.15555555555555556,0.24444444444444444,-1.0244398394050742,-0.10110957112465352,0.06666666666666667,0.15555555555555556,0.2,1
2020,5,TEN,1,50,20,0.016024970596343772,0.03186905539769193,0.56,0.35,0.14583333333333334,0.1875,0.25,0.28430971960511275,0.2177308742684545,0.02,0.06,0.25,0
2020,5,WAS,1,32,34,0.4546564347952736,-0.22932361585759162,0.46875,0.35294117647058826,0.25806451612903225,0.16129032258064516,0.2903225806451613,0.5225895132403839,1.0656522916286626,0.03125,0.03125,0.2,0.3333333333333333
2020,6,ARI,1,59,25,-0.15170699529380438,-0.23549792206031295,0.4067796610169492,0.36,0.08771929824561403,0.14035087719298245,0.12280701754385964,-1.0658052409036525,-0.6166280025998797,0.05084745762711865,0.13559322033898305,0.09090909090909091,0
2020,6,ATL,1,39,13,0.034125003168210294,-0.5410165181383494,0.5128205128205128,0.38461538461538464,0.23076923076923078,0.28205128205128205,0.23076923076923078,0.6423374873173261,-0.3565785854556856,0.02564102564102564,0.20512820512820512,0.2,0
2020,6,BAL,1,49,19,-0.04370010316155269,-0.23871279877799206,0.3673469387755102,0.3684210526315789,0.125,0.1875,0.08333333333333333,0.7096616814831377,0.6526060714677453,0.12244897959183673,0.3469387755102041,0.16666666666666666,0.16666666666666666
2020,6,BUF,1,33,40,0.5073923444210118,0.1302395305927988,0.6666666666666666,0.55,0.2222222222222222,0.1111111111111111,0.18518518518518517,1.769668872701004,1.0135114711767523,0.030303030303030304,0.12121212121212122,0.4,0.16666666666666666
2020,6,CAR,1,40,24,0.06257267928478608,-0.2124664496659532,0.45,0.25,0.10256410256410256,0.10256410256410256,0.07692307692307693,0.9501282162527782,2.2839493346982658,0,0.225,0.2,0.125
2020,6,CHI,1,40,22,-0.2167312474307859,-0.3999729422860336,0.3,0.3181818181818182,0.18181818181818182,0.24242424242424243,0.12121212121212122,-0.26917006993608045,-0.15991849092825022,0.1,0.125,0,0.16666666666666666
2020,6,CIN,1,45,15,0.29844732350471015,-0.03953879103646647,0.5333333333333333,0.4,0.28888888888888886,0.17777777777777778,0.17777777777777778,0.939837572594115,0.4778939059287954,0.022222222222222223,0.06666666666666667,0.5,0.5
2020,6,CLE,1,25,37,0.01974730870955421,0.12478271925843937,0.36,0.5135135135135135,0.16,0.24,0.32,1.01309580317713,-0.5365864663933835,0.08,0.08,0,0.42857142857142855
2020,6,DAL,1,27,33,0.14782356919606718,0.4589589002399326,0.37037037037037035,0.5151515151515151,0.2,0.2,0.12,0.3526745791081354,-0.10280655248789232,0.037037037037037035,0.037037037037037035,0.25,0.2857142857142857
2020,6,DEN,1,34,23,-0.3866785642971722,-0.1052098675794168,0.4411764705882353,0.391304347826087,0.12903225806451613,0.06451612903225806,0.1935483870967742,0.44936979949125,-0.451228420444143,0.11764705882352941,0.23529411764705882,0,0.2
2020,6,DET,1,48,14,-0.06571098781309126,-0.3290584905272616,0.3541666666666667,0.21428571428571427,0.06521739130434782,0.17391304347826086,0.1956521739130435,0.3001426004921078,-0.18762187419795553,0.020833333333333332,0.08333333333333333,0.09090909090909091,0.16666666666666666
2020,6,GB,1,29,34,0.24343150684240053,-0.11082124767862686,0.4482758620689655,0.35294117647058826,0.21428571428571427,0.21428571428571427,0.07142857142857142,0.56602350176156635,-1.2620866679353624,0,0.13793103448275862,0.3333333333333333,0.4
2020,6,HOU,1,44,27,0.3954205107588162,0.43912648862728537,0.5909090909090909,0.4074074074074074,0.22727272727272727,0.11363636363636363,0.2727272727272727,0.909390669770074,0.902635805745376,0.045454545454545456,0.13636363636363635,0.3333333333333333,0.2
2020,6,IND,1,42,31,0.30652664031668303,0.0542755760786506,0.47619047619047616,0.41935483870967744,0.2682926829268293,0.17073170731707318,0.34146341463414637,0.9620664618310656,0.13830778132692256,0.047619047619047616,0.11904761904761904,0,0.5
2020,6,JAX,1,32,38,0.20651912839311634,0.04484572752813906,0.46875,0.39473684210526316,0.1935483870967742,0.25806451612903225,0.2903225806451613,0.39541999666399663,0.013683057881684021,0,0.125,0.1111111111111111,0.3333333333333333
2020,6,KC,1,31,19,0.02748146698005483,-0.11688054380877126,0.45161290322580644,0.3684210526315789,0.037037037037037035,0.14814814814814814,0.18518518518518517,-0.8723417818837345,0.2242930637323296,0,0.16129032258064516,1,0
2020,6,LA,1,34,36,0.36436946147830357,-0.12836039562777535,0.5,0.3055555555555556,0.18181818181818182,0.09090909090909091,0.2727272727272727,0.25770457738932734,1.4709863219177348,0,0.08823529411764706,0.6666666666666666,0
2020,6,MIA,1,47,22,-0.38632959907657977,-0.1980154566593807,0.2978723404255319,0.4090909090909091,0.10638297872340426,0.1702127659574468,0.2127659574468085,-0.770901344658342,0.5050871872052087,0.06382978723404255,0.2127659574468085,0,0
2020,6,MIN,1,44,35,0.6877979092684383,-0.5056506414690923,0.5681818181818182,0.3142857142857143,0.2619047619047619,0.14285714285714285,0.14285714285714285,1.7032825046141324,0.4869747582997672,0.045454545454545456,0.11363636363636363,0.3333333333333333,0
2020,6,NE,1,27,36,-0.2338119724600665,-0.04913565767905287,0.3333333333333333,0.3611111111111111,0.15384615384615385,0.46153846153846156,0.23076923076923078,0.09938640602200617,0.5075047283510992,0.07407407407407407,0.14814814814814814,0,0
2020,6,NYG,1,48,22,0.008058076398315569,-0.03531062956211517,0.5,0.3181818181818182,0.13043478260869565,0.17391304347826086,0.17391304347826086,0.34981546014751047,0.38912745436391444,0.0625,0.1875,0.2,0
2020,6,NYJ,1,32,24,-0.09511455023065976,-0.04599937146122111,0.5,0.4166666666666667,0.06451612903225806,0.16129032258064516,0.25806451612903225,0.620769902213942,-0.44885236453153826,0.0625,0.09375,0.5,0
2020,6,PHI,1,33,34,0.179527548527792,-0.11240500621566113,0.45454545454545453,0.3235294117647059,0.16666666666666666,0.06666666666666667,0.2,0.44844880222808503,0.5923008509562355,0.09090909090909091,0.09090909090909091,1,0.14285714285714285
2020,6,PIT,1,33,21,-0.5306044111723286,-0.4902673707637449,0.36363636363636365,0.38095238095238093,0.09375,0.09375,0.21875,-0.81893029228862,-0.8021621332902994,0.12121212121212122,0.21212121212121213,0.3333333333333333,0
2020,6,SF,1,39,18,-0.0346907053849892,0.13429243948000183,0.358974358974359,0.5555555555555556,0.10526315789473684,0.3157894736842105,0.21052631578947367,-0.16937736489333352,1.023601817490999,0,0.05128205128205128,0.25,0
2020,6,TB,1,42,19,-0.3640436661834296,-0.1557343191540751,0.35714285714285715,0.3157894736842105,0.1,0.2,0.175,0.03513730573545399,-0.5153869757237507,0.11904761904761904,0.2857142857142857,0,1
2020,6,TEN,1,44,24,0.48602281174328316,-0.0993438648923375,0.5681818181818182,0.3333333333333333,0.21951219512195122,0.17073170731707318,0.34146341463414637,1.2426903074873354,0.4136967270294144,0.045454545454545456,0.11363636363636363,0.3,0.125
2020,6,WAS,1,21,25,0.10240360991225449,-0.21057291240307818,0.47619047619047616,0.32,0.15,0.25,0.25,0.7660850404994568,0.1617348268511694,0.047619047619047616,0.23809523809523808,0,0
2020,7,ARI,1,57,25,0.03339797063197252,0.29677053681574767,0.5614035087719298,0.64,0.17307692307692307,0.17307692307692307,0.23076923076923078,0.5896882584137431,0.7612496564761385,0.03508771929824561,0.15789473684210525,0.2857142857142857,0
2020,7,ATL,1,39,20,0.320353217337246,-0.29892352533061095,0.48717948717948717,0.3,0.15789473684210525,0.2894736842105263,0.23684210526315788,1.4502286192199052,0.5227561868960049,0.05128205128205128,0.15384615384615385,0.2,0.25
2020,7,BUF,1,29,22,-0.4262650125018802,-0.03778207693407731,0.3793103448275862,0.5,0.034482758620689655,0.13793103448275862,0.1724137931034483,0.23925363292801155,0.01323494785465299,0.20689655172413793,0.2413793103448276,0,0.3333333333333333
2020,7,CAR,1,38,29,0.3734088560712275,-0.009555049487469837,0.5526315789473685,0.4482758620689655,0.21052631578947367,0.13157894736842105,0.3684210526315789,1.3800472923321658,0.24613420768694538,0.02631578947368421,0.07894736842105263,0.4,0.1111111111111111
2020,7,CHI,1,35,33,0.10414409835756407,-0.37522266036069213,0.5142857142857142,0.3939393939393939,0.14705882352941177,0.17647058823529413,0.23529411764705882,0.11706225723416044,0.08218134554336173,0.02857142857142857,0.14285714285714285,0.5,0.2
2020,7,CIN,1,29,22,0.7835632808188827,-0.0673875498733567,0.6896551724137931,0.36363636363636365,0.3103448275862069,0.3793103448275862,0.27586206896551724,0.9979014488900158,0.7578868649490579,0,0.20689655172413793,0.8,0
2020,7,CLE,1,53,20,0.3667847643390747,-0.035420508273818964,0.6037735849056604,0.5,0.23076923076923078,0.17307692307692307,0.25,0.4679114837716849,0.08956787293517156,0.07547169811320754,0.11320754716981132,0.21428571428571427,0.125
2020,7,DAL,1,29,38,0.32595157341032815,-0.056443597371208354,0.41379310344827586,0.3684210526315789,0.21428571428571427,0.17857142857142858,0.03571428571428571,1.3369815120822741,-0.119958834955469,0.06896551724137931,0.13793103448275862,0.16666666666666666,0.16666666666666666
2020,7,DEN,1,29,22,-0.007249544492153913,0.1487655709431486,0.4827586206896552,0.36363636363636365,0.1724137931034483,0.1724137931034483,0.13793103448275862,0.7013281423365688,0.6267680912278603,0.13793103448275862,0.2413793103448276,0.1111111111111111,0.25
2020,7,DET,1,45,26,0.23855379608996824,-0.1974474578298843,0.6222222222222222,0.23076923076923078,0.13333333333333333,0.1111111111111111,0.2222222222222222,1.403837808838579,0.5038663003564576,0.044444444444444446,0.13333333333333333,0.14285714285714285,0.25
2020,7,GB,1,48,16,0.16847862806583103,-0.5955862648952457,0.5625,0.125,0.11904761904761904,0.07142857142857142,0.35714285714285715,1.3798623142841564,0.17559188316032892,0.0625,0.08333333333333333,0.14285714285714285,0
2020,7,HOU,1,34,27,0.5291869247765344,-0.02513023002043028,0.5882352941176471,0.48148148148148145,0.23529411764705882,0.23529411764705882,0.11764705882352941,1.4576672386756402,0.4329181767534457,0,0.029411764705882353,0.6,0.2
2020,7,JAX,1,48,30,0.3805344546415163,-0.2612835476917061,0.5416666666666666,0.36666666666666664,0.2,0.26666666666666666,0.13333333333333333,0.529793935425417,0.6556475821909181,0.020833333333333332,0.10416666666666667,0,0.25
2020,7,KC,1,44,32,-0.42257183538775017,-0.01861336736146796,0.38636363636363635,0.53125,0.09302325581395349,0.13953488372093023,0.09302325581395349,-0.06112140245765211,-0.4570047588786119,0.06818181818181818,0.13636363636363635,0,0.6666666666666666
2020,7,LA,1,44,17,-0.4074165182022117,-0.32744495038915533,0.3409090909090909,0.23529411764705882,0.09090909090909091,0.25,0.22727272727272727,-0.37212655332405165,-0.06438036533683164,0.09090909090909091,0.1590909090909091,0,0
2020,7,LAC,1,38,24,-0.06722048858844817,-0.0887842343660496,0.34210526315789475,0.4583333333333333,0.17647058823529413,0.17647058823529413,0.14705882352941177,0.4222221930685928,-0.14411503807641762,0.13157894736842105,0.18421052631578946,0.2,0.3333333333333333
2020,7,LV,1,45,25,0.5933355506262733,-0.11558662052615534,0.5777777777777777,0.4,0.24444444444444444,0.28888888888888886,0.24444444444444444,1.0128888887792034,0.8072631356798484,0,0.022222222222222223,0.3333333333333333,0.2857142857142857
2020,7,NE,1,27,36,0.6249776225201726,0.21628745641910627,0.6666666666666666,0.5833333333333334,0.2692307692307692,0.15384615384615385,0.2692307692307692,0.3643316298839614,0.5636977852471826,0.037037037037037035,0.07407407407407407,0,0.4444444444444444
2020,7,NO,1,31,12,0.46991763315976,-0.14849345493712482,0.6451612903225806,0.4166666666666667,0.20689655172413793,0.20689655172413793,0.3103448275862069,1.6655666300794119,1.5391667131787283,0.03225806451612903,0.06451612903225806,0.25,1
2020,7,NYG,1,49,25,0.14135980409271945,-0.2910897681984309,0.5102040816326531,0.32,0.1276595744680851,0.19148936170212766,0.10638297872340426,1.028531673183252,0.1850185268325732,0.061224489795918366,0.20408163265306123,0.15384615384615385,0.1111111111111111
2020,7,NYJ,1,48,24,0.2076599513450959,-0.19431639855313312,0.6041666666666666,0.4583333333333333,0.1111111111111111,0.15555555555555556,0.13333333333333333,-0.35597403544425416,0.21924490290499915,0.041666666666666664,0.0625,0,0
2020,7,PHI,1,34,21,-0.1115275152243324,0.04169614313148165,0.38235294117647056,0.38095238095238093,0.18181818181818182,0.15151515151515152,0.12121212121212122,0.997510059806516,-0.22989578531996774,0.08823529411764706,0.23529411764705882,0.16666666666666666,0.3333333333333333
2020,7,PIT,1,34,22,0.13771704458798878,-0.11210529415984635,0.38235294117647056,0.36363636363636365,0.15151515151515152,0.18181818181818182,0.24242424242424243,0.18508550973226917,1.1025243572075853,0.058823529411764705,0.20588235294117646,0.25,0.25
2020,7,SEA,1,52,29,0.17850671114980102,-0.1291481881932791,0.5769230769230769,0.41379310344827586,0.20833333333333334,0.1875,0.25,0.18780977845613916,0.2170248611097731,0,0,0.4,0.16666666666666666
2020,7,SF,1,30,19,-0.5244006598425558,-0.028348271483800525,0.43333333333333335,0.47368421052631576,0,0.14814814814814814,0.2222222222222222,0.20998451604100443,-1.0321056793823817,0.06666666666666667,0.06666666666666667,0,0
2020,7,TB,1,41,22,-0.07602554215245622,-0.16577997722197313,0.5121951219512195,0.22727272727272727,0.15384615384615385,0.2564102564102564,0.38461538461538464,-0.5197466191835698,-0.03587321065909501,0.07317073170731707,0.12195121951219512,0.5,0
2020,7,TEN,1,49,25,0.123880323345842,0.11144765397883002,0.4489795918367347,0.6,0.16326530612244897,0.14285714285714285,0.12244897959183673,0.19913656439750058,-0.910229912440949,0,0.10204081632653061,0.18181818181818182,0.1
2020,7,WAS,1,31,23,-0.32699816912269963,-0.2601528506654219,0.3548387096774194,0.391304347826087,0.07142857142857142,0.14285714285714285,0.2857142857142857,0.19315840266062995,-0.8539174507604913,0.1935483870967742,0.25806451612903225,0,0
2020,8,ATL,1,34,18,-0.06718649590538316,-0.01822528892403707,0.38235294117647056,0.5,0.13333333333333333,0.2,0.16666666666666666,0.02375177941170063,-0.6952022240022018,0.08823529411764706,0.17647058823529413,0,1
2020,8,BAL,1,34,16,0.008084033555967268,-0.06551332796516408,0.5,0.3125,0.17647058823529413,0.11764705882352941,0.5,-0.8381064063287345,0.22236419704003105,0.058823529411764705,0.14705882352941177,0.4,0.5
2020,8,BUF,1,29,33,0.11247154820392252,0.08481087458930332,0.4827586206896552,0.5454545454545454,0.03571428571428571,0.07142857142857142,0.21428571428571427,1.22118525800761,0.37624495249474416,0.06896551724137931,0.1724137931034483,0,0.2
2020,8,CAR,1,36,32,0.4423266061287809,-0.07767042359010319,0.6111111111111112,0.375,0.1875,0.25,0.1875,1.0062626010330857,1.1385829669431722,0.05555555555555555,0.1388888888888889,0,0.2857142857142857
2020,8,CHI,1,43,29,0.17102922871151185,-0.09396678737990928,0.46511627906976744,0.2413793103448276,0.11904761904761904,0.11904761904761904,0.38095238095238093,0.22474869616741522,0.7381677014305078,0.023255813953488372,0.046511627906976744,0.2857142857142857,0
2020,8,CIN,1,34,27,0.05767563252439626,0.4599663636698909,0.47058823529411764,0.7407407407407407,0.21875,0.1875,0.25,1.2640138887848789,-0.5898775427158409,0.029411764705882353,0.14705882352941177,0.3333333333333333,0.2
2020,8,CLE,1,30,41,0.10552275332613209,0.1646891745366728,0.5,0.5365853658536586,0.07692307692307693,0.07692307692307693,0.11538461538461539,-0.642701833945466,0.8174062095543693,0.06666666666666667,0.06666666666666667,0.14285714285714285,0
2020,8,DAL,1,35,25,-0.44760567533126316,-0.10052333436964082,0.4,0.36,0.09090909090909091,0.18181818181818182,0.09090909090909091,-0.7412689337361354,-1.8281833647633907,0.11428571428571428,0.17142857142857143,0.4,0
2020,8,DEN,1,48,36,0.08999385392005135,-0.03509279584816079,0.4583333333333333,0.4166666666666667,0.21739130434782608,0.1956521739130435,0.1956521739130435,-0.33295790147667664,0.046472487874174455,0.041666666666666664,0.08333333333333333,0.4,0
2020,8,DET,1,36,40,0.4756150495490554,-0.11079230311333682,0.5555555555555556,0.35,0.25,0.19444444444444445,0.16666666666666666,1.1755488105617207,0.786359369929416,0.05555555555555555,0.1111111111111111,0.3333333333333333,0.3333333333333333
2020,8,GB,1,15,34,0.8009028131685529,0.201917720374802,0.6666666666666666,0.47058823529411764,0.2,0,0.2,0,1.2523570629806895,0.06666666666666667,0.06666666666666667,0,0.25
2020,8,IND,1,48,12,-0.12240168187410702,-0.5620702712913047,0.4166666666666667,0.25,0.1276595744680851,0.23404255319148937,0.3617021276595745,0.8210713589532213,0.7489450593027019,0.10416666666666667,0.16666666666666666,0.3333333333333333,0
2020,8,KC,1,35,21,-0.27992547467828666,-0.16825849935966747,0.45714285714285713,0.38095238095238093,0.03225806451612903,0.16129032258064516,0.12903225806451613,-0.12866714892443176,-0.9850906416540975,0.02857142857142857,0.14285714285714285,0,0
2020,8,LA,1,24,24,-0.44518485237252486,-0.5208797171302042,0.4166666666666667,0.25,0.043478260869565216,0.13043478260869565,0.13043478260869565,-0.38043592561734835,-0.1784691221158333,0.041666666666666664,0.08333333333333333,0.5,0.5
2020,8,LAC,1,44,15,0.059015431659020394,0.1229593707714237,0.38636363636363635,0.26666666666666666,0.13953488372093023,0.20930232558139536,0.18604651162790697,0.2305895808159328,1.2077296959907655,0.045454545454545456,0.11363636363636363,0.4,0
2020,8,LV,1,29,18,-0.17706983264316734,0.20940985286789382,0.3448275862068966,0.3888888888888889,0.12,0.2,0.08,-0.233903271030044,-0.6460219296004355,0,0.034482758620689655,0,0
2020,8,MIA,1,63,29,-0.4052889392931256,0.07763916394544813,0.4603174603174603,0.4827586206896552,0.07936507936507936,0.12698412698412698,0.1111111111111111,-0.7901787879639731,-0.3713185941284911,0.031746031746031744,0.14285714285714285,0.16666666666666666,0.2
2020,8,MIN,1,44,23,0.22684397667233677,0.11184160178717538,0.5,0.391304347826087,0.21428571428571427,0.2857142857142857,0.23809523809523808,0.2879256488279986,0.49254864514805313,0.022727272727272728,0.045454545454545456,0.6,0
2020,8,NE,1,22,35,-0.0626482537392046,0.29920472241439183,0.45454545454545453,0.5142857142857142,0.15789473684210525,0.21052631578947367,0.15789473684210525,-1.0074185605044483,0.9992874124824691,0.045454545454545456,0.18181818181818182,0,0.3333333333333333
2020,8,NO,1,46,23,-0.04167797827847802,-0.15827629574113897,0.41304347826086957,0.2608695652173913,0.17391304347826086,0.1956521739130435,0.34782608695652173,0.644214683205494,0.48559647427596914,0.10869565217391304,0.15217391304347827,0.25,0
2020,8,NYG,1,43,24,0.12805558597136632,-0.2098425286648604,0.5348837209302325,0.25,0.13953488372093023,0.2558139534883721,0.3023255813953488,0.20579187197809198,0.3917371770635675,0.046511627906976744,0.09302325581395349,0.5,0
2020,8,NYJ,1,47,20,0.6385978731931138,-0.507256026589312,0.6382978723404256,0.15,0.3191489361702128,0.23404255319148937,0.0851063829787234,0.9196350661857831,0.6539506587287193,0,0.06382978723404255,0.5,0
2020,8,PHI,1,45,34,-0.5466595976918558,-0.07117931089733741,0.4,0.4117647058823529,0.045454545454545456,0.1590909090909091,0.13636363636363635,-0.5831710512457225,0.3849018314601087,0.08888888888888889,0.15555555555555556,0,0
2020,8,PIT,1,37,42,-0.19400740554047216,0.03111790351353399,0.43243243243243246,0.40476190476190477,0.21875,0.125,0.53125,0.9237236387925797,0.3153637293092776,0.10810810810810811,0.24324324324324326,0.2857142857142857,0.1
2020,8,SEA,1,46,21,0.24375040112689944,0.0814283182290163,0.5,0.47619047619047616,0.2222222222222222,0.1111111111111111,0.28888888888888886,1.4771297540166433,0.6291882129712926,0.06521739130434782,0.17391304347826086,0.18181818181818182,0.4
2020,8,SF,1,40,27,0.4504789485296319,-0.07207426226792746,0.525,0.2962962962962963,0.20512820512820512,0.10256410256410256,0.20512820512820512,0.3746716479566765,0.5971279919031092,0.05,0.075,0.3,0.1111111111111111
2020,8,TB,1,47,23,0.07410223694994773,-0.04795681347098692,0.46808510638297873,0.34782608695652173,0.1956521739130435,0.17391304347826086,0.1956521739130435,-0.07407273730495906,0.6991616472498421,0.06382978723404255,0.23404255319148937,0.2,0.5
2020,8,TEN,1,38,31,0.45684651112564567,0.03455057769878601,0.5526315789473685,0.45161290322580644,0.1891891891891892,0.10810810810810811,0.24324324324324326,1.470910811040085,1.2472197275168986,0,0.05263157894736842,0.4,0.3333333333333333
2020,9,ARI,1,34,22,0.3813700116744469,-0.210735047500665,0.5588235294117647,0.2727272727272727,0.16129032258064516,0.1935483870967742,0.12903225806451613,0.8429441654492005,0.5843493372303784,0.08823529411764706,0.08823529411764706,0.5,0.5
2020,9,ATL,1,55,16,0.06698479046053922,-0.3779270814084155,0.36363636363636365,0.25,0.20408163265306123,0.22448979591836735,0.22448979591836735,-0.5651338115192865,0.27178698508280574,0.01818181818181818,0.18181818181818182,0.3333333333333333,0
2020,9,BAL,1,44,21,-0.3197277104908137,-0.44498514739513695,0.3409090909090909,0.38095238095238093,0.09090909090909091,0.18181818181818182,0.29545454545454547,-0.6445006023350296,-0.28276980640993404,0,0.045454545454545456,0,0.3333333333333333
2020,9,BUF,1,47,16,0.04721874637253958,-0.04334788755659241,0.48936170212765956,0.5,0.21739130434782608,0.15217391304347827,0.2608695652173913,0.3843358783259031,0.8230092558660544,0.10638297872340426,0.23404255319148937,0.1,0.3333333333333333
2020,9,CAR,1,48,10,0.31199949326201765,-0.06245919126668017,0.5416666666666666,0.4,0.14893617021276595,0.23404255319148937,0.1702127659574468,0.7402276938203125,-0.03155243049871075,0.041666666666666664,0.16666666666666666,0.375,0
2020,9,CHI,1,25,30,-0.0405405734787676,-0.17952022138439727,0.36,0.23333333333333334,0.20833333333333334,0.125,0.3333333333333333,0.8075288313363376,1.0491204663267124,0.12,0.24,1,0
2020,9,DAL,1,47,17,0.24519099096900795,-0.5862181988880313,0.5319148936170213,0.23529411764705882,0.10869565217391304,0.13043478260869565,0.1956521739130435,0.2597775429603631,0.822978628126698,0,0.0425531914893617,0.5,0
2020,9,DEN,1,38,31,0.3125785301366208,-0.3364149657652653,0.5789473684210527,0.1935483870967742,0.21621621621621623,0.24324324324324326,0.2972972972972973,0.89292066477679,-0.09093653801147344,0.05263157894736842,0.23684210526315788,0.2,0.25
2020,9,DET,1,21,34,0.3016909213620251,0.26136359280858723,0.5238095238095238,0.5294117647058824,0.3333333333333333,0.23809523809523808,0.14285714285714285,0.44466554049868146,0.5152333883646243,0.047619047619047616,0.09523809523809523,0.6666666666666666,0.125
2020,9,GB,1,36,17,-0.08204389841298625,-0.05375589841209794,0.4444444444444444,0.47058823529411764,0.1111111111111111,0.16666666666666666,0.3333333333333333,1.6857386292928518,0.03981872182096898,0.027777777777777776,0.1388888888888889,0,0.25
2020,9,HOU,1,42,26,0.10911340833746376,-0.15385998138495202,0.4523809523809524,0.38461538461538464,0.0975609756097561,0.24390243902439024,0.12195121951219512,0.31071366965770786,0.23841416502987992,0.047619047619047616,0.09523809523809523,0,0.3333333333333333
2020,9,IND,1,29,34,0.21737902901729467,-0.18598393295276025,0.5862068965517241,0.4117647058823529,0.08,0.08,0.36,1.70194955606712,0.7181205716398025,0.06896551724137931,0.06896551724137931,0,0.18181818181818182
2020,9,JAX,1,40,22,0.3669615728442035,-0.4640413763805885,0.525,0.3181818181818182,0.058823529411764705,0.3235294117647059,0.17647058823529413,0.19184236733285262,0.21389952260228914,0.05,0.1,0,0.5
2020,9,KC,1,53,23,0.42635458505312596,0.06643829196872399,0.5283018867924528,0.43478260869565216,0.15384615384615385,0.17307692307692307,0.09615384615384616,0.8050343964197156,1.0921855191700154,0.03773584905660377,0.16981132075471697,0.25,0.5
2020,9,LAC,1,26,24,0.11972808947475053,0.24529371876269584,0.3076923076923077,0.5833333333333334,0.125,0.2916666666666667,0.125,0.7027314784770303,-0.146101011273763,0.038461538461538464,0.11538461538461539,0.25,0.25
2020,9,LV,1,47,29,0.1827502001887929,0.009539550873629685,0.46808510638297873,0.3793103448275862,0.20454545454545456,0.13636363636363635,0.29545454545454547,1.57521328982936,0.37531104904617396,0.0425531914893617,0.14893617021276595,0.09090909090909091,0.2
2020,9,MIA,1,32,32,0.3414249429777091,-0.0385775669874416,0.59375,0.3125,0.2222222222222222,0.18518518518518517,0.2222222222222222,2.3595115056261413,1.5797815500506351,0.03125,0.125,0.25,0.25
2020,9,MIN,1,48,26,-0.12603353483876534,-0.03674429229479016,0.5833333333333334,0.4230769230769231,0.14893617021276595,0.06382978723404255,0.2553191489361702,-1.1464390551360926,-0.1139849462779238,0.041666666666666664,0.10416666666666667,0.2,0
2020,9,NE,1,26,18,0.5475928173333637,-0.05003377585348462,0.6153846153846154,0.4444444444444444,0.2692307692307692,0.3076923076923077,0.23076923076923078,0.7743102245586875,0.18907532076506484,0.038461538461538464,0.15384615384615385,0.6666666666666666,0
2020,9,NO,1,41,5,-0.5688621332408983,-0.2491615907289088,0.34146341463414637,0.2,0.024390243902439025,0.1951219512195122,0.14634146341463414,-0.9091389232562512,-0.46058195010799863,0.07317073170731707,0.21951219512195122,0,0
2020,9,NYG,1,41,9,0.01098605739696955,-0.10514442966733435,0.5609756097560976,0.3333333333333333,0.12195121951219512,0.07317073170731707,0.36585365853658536,3.5751909715472734,-0.777247632939058,0.04878048780487805,0.14634146341463414,0,0.3333333333333333
2020,9,NYJ,1,36,40,0.3750244197587647,0.08038605612382502,0.5,0.475,0.17142857142857143,0.2571428571428571,0.37142857142857144,0.6827298821573262,0.12723260478952253,0,0.1111111111111111,0,0.3
2020,9,PIT,1,42,29,-0.16600555628378838,-0.06974997640672045,0.4523809523809524,0.3793103448275862,0.075,0.225,0.2,0.6763550403346821,-0.45890315913857255,0.047619047619047616,0.19047619047619047,0.16666666666666666,0
2020,9,SEA,1,48,16,0.35717283793238663,-0.19808780718449273,0.6041666666666666,0.3125,0.1111111111111111,0.15555555555555556,0.13333333333333333,0.9327107417214262,0.7091277580572464,0.14583333333333334,0.1875,0.2222222222222222,0.4
2020,9,SF,1,33,30,0.6349353117760854,-0.10929743391512846,0.5757575757575758,0.26666666666666666,0.1875,0.1875,0.0625,2.4813581681325245,2.448132977558997,0.030303030303030304,0.030303030303030304,0.2857142857142857,0
2020,9,TB,1,37,36,0.3672647457330694,-0.04183377930571136,0.5945945945945946,0.3888888888888889,0.2777777777777778,0.08333333333333333,0.19444444444444445,2.0441788902389817,-0.09564604280915791,0.02702702702702703,0.08108108108108109,0.4,0.1
2020,9,TEN,1,56,19,-0.11702204202584718,-0.29504945268548166,0.42857142857142855,0.2631578947368421,0.14545454545454545,0.14545454545454545,0.10909090909090909,1.27731869573472,-0.2208634617854842,0.05357142857142857,0.16071428571428573,0.25,0
2020,9,WAS,1,39,35,0.06677171299989824,-0.07432052812904939,0.358974358974359,0.5142857142857142,0.10256410256410256,0.10256410256410256,0.23076923076923078,1.2665782813498219,-0.25307258912412767,0.1282051282051282,0.20512820512820512,0.16666666666666666,0.3333333333333333
2020,10,ARI,1,51,17,0.05087025071500917,-0.1901458247537649,0.5490196078431373,0.35294117647058826,0.12,0.2,0.26,-0.16995425952340204,-0.27435205931249557,0,0.0784313725490196,1,0
2020,10,BAL,1,19,39,0.35676248192639026,0.052010200723695055,0.5263157894736842,0.48717948717948717,0.2631578947368421,0.15789473684210525,0.2631578947368421,1.7129779258199638,-0.147897015781648,0.05263157894736842,0.15789473684210525,0.5,0.3333333333333333
2020,10,BUF,1,39,32,0.11860260839029867,-0.02247468308950932,0.46153846153846156,0.53125,0.14285714285714285,0.17142857142857143,0.2571428571428571,0.7097447699731372,0.14127575930130326,0.07692307692307693,0.10256410256410256,0,0.2222222222222222
2020,10,CAR,1,41,36,0.54451411139561,0.1418697689029311,0.5121951219512195,0.3611111111111111,0.325,0.175,0.2,1.2498069774717018,-0.23137740124366146,0.024390243902439025,0.17073170731707318,0.23076923076923078,0.1
2020,10,CHI,1,38,33,0.12829075398402792,-0.2480349594720105,0.47368421052631576,0.24242424242424243,0.21052631578947367,0.13157894736842105,0.4473684210526316,1.3397593448637048,0.370158546976801,0.02631578947368421,0.13157894736842105,0.4,0
2020,10,CIN,1,47,20,0.2257594344104904,-0.36153162591508636,0.46808510638297873,0.25,0.23404255319148937,0.2127659574468085,0.2553191489361702,0.16163695807335876,0.08243202531565341,0,0.1702127659574468,0.4,0
2020,10,CLE,1,34,20,0.08737091534505034,-0.11390080573619407,0.5,0.3,0.125,0.15625,0.09375,0.65579153278377,0.5247173324848212,0.058823529411764705,0.08823529411764706,0.25,0
2020,10,DEN,1,27,39,0.12155329353085795,0.07893336129834513,0.4444444444444444,0.358974358974359,0.24,0.24,0.36,0.5738640515385982,0.27386934955586667,0,0,0,0.5
2020,10,DET,1,58,25,0.204968234482662,0.0480324406246654,0.5344827586206896,0.44,0.14035087719298245,0.17543859649122806,0.24561403508771928,1.0865031871385022,0.32302143162399144,0.034482758620689655,0.13793103448275862,0,0.5
2020,10,GB,1,38,23,-0.31968705727284763,0.010950945196268392,0.3684210526315789,0.43478260869565216,0.10526315789473684,0.13157894736842105,0.15789473684210525,0.19452391969971275,-0.3736958513812481,0.07894736842105263,0.10526315789473684,0.3333333333333333,0
2020,10,HOU,1,22,40,-0.1918759497867252,0.03558696647669453,0.45454545454545453,0.45,0.09523809523809523,0.14285714285714285,0.047619047619047616,0.06058698310516997,1.73002165288199,0.045454545454545456,0.09090909090909091,0,0.2
2020,10,IND,1,30,30,-0.1021821152196305,-0.028112547372196078,0.5333333333333333,0.4666666666666667,0.03571428571428571,0.14285714285714285,0.21428571428571427,0.19064504676498545,0.11414684803552347,0.03333333333333333,0.16666666666666666,0.2,0.2
2020,10,JAX,1,36,24,0.06149433693343881,-0.25799243672008765,0.4722222222222222,0.2916666666666667,0.17142857142857143,0.17142857142857143,0.08571428571428572,1.0188991622223222,0.4227201553294444,0.027777777777777776,0.08333333333333333,0.3333333333333333,1
2020,10,LA,1,50,15,-0.14152215744535301,-0.3261144431812381,0.46,0.4,0.09302325581395349,0.23255813953488372,0.23255813953488372,-0.7634160243731465,0.4178448590158953,0.12,0.26,0,1
2020,10,LAC,1,27,31,0.2803704546346455,-0.3598358206969265,0.5185185185185185,0.3870967741935484,0.23076923076923078,0.3076923076923077,0.19230769230769232,0.3995816959454664,0.7324314280645924,0,0.037037037037037035,0.25,0.1
2020,10,LV,1,50,19,-0.3774863294444305,-0.15773300855193875,0.38,0.3684210526315789,0.14,0.2,0.34,0.023774983110368197,-0.6693545678058668,0.04,0.14,0.1,0
2020,10,MIA,1,36,27,-0.12951287846307347,0.08560020794997086,0.4444444444444444,0.5185185185185185,0.08823529411764706,0.23529411764705882,0.058823529411764705,-0.46857131684373643,-0.04033731287927375,0.05555555555555555,0.2222222222222222,0.3333333333333333,0.1111111111111111
2020,10,MIN,1,34,16,-0.4756983848979855,-0.3294198554467583,0.3235294117647059,0.25,0.06060606060606061,0.21212121212121213,0.2727272727272727,-1.1656081755274141,-0.7761715056710988,0.058823529411764705,0.3235294117647059,0,0
2020,10,NE,1,40,24,0.14450927425279145,-0.11460889912026118,0.55,0.5416666666666666,0.1111111111111111,0.16666666666666666,0.3055555555555556,-0.5210740978654932,0.3633962022696744,0.05,0.05,0.3333333333333333,0
2020,10,NO,1,42,24,-0.025146456806380776,-0.48582089784516314,0.42857142857142855,0.3333333333333333,0.12195121951219512,0.17073170731707318,0.1951219512195122,-0.25340502978568663,-0.6351619879278585,0.047619047619047616,0.19047619047619047,0.25,0
2020,10,NYG,1,42,23,-0.12906498313587603,0.4297165517036033,0.4523809523809524,0.5652173913043478,0.07317073170731707,0.1951219512195122,0.2926829268292683,-0.7288107034255505,0.06708063348681549,0.07142857142857142,0.2857142857142857,0,0.3333333333333333
2020,10,PHI,1,33,34,0.26116409513142114,0.06172253216683981,0.48484848484848486,0.47058823529411764,0.16129032258064516,0.1935483870967742,0.16129032258064516,1.8532242314152727,0.6514887590659784,0.09090909090909091,0.21212121212121213,0,0.2857142857142857
2020,10,PIT,1,44,21,-0.3728440488556249,0.13450827272996949,0.29545454545454547,0.42857142857142855,0.045454545454545456,0.18181818181818182,0.29545454545454547,-0.30772843593149457,-0.33107346747371275,0.09090909090909091,0.20454545454545456,0.16666666666666666,0
2020,10,SEA,1,42,27,0.11483619751380736,-0.020924873703970257,0.47619047619047616,0.48148148148148145,0.125,0.2,0.225,0.6544661412917773,0.40426323485250243,0.07142857142857142,0.09523809523809523,0,0.375
2020,10,SF,1,27,29,-0.1045641577860835,-0.10933633166333198,0.4444444444444444,0.3793103448275862,0.11538461538461539,0.038461538461538464,0.15384615384615385,-0.706085776910186,-0.3546248619968553,0.1111111111111111,0.18518518518518517,0.09090909090909091,0.4
2020,10,TB,1,35,13,-0.3026964731730369,-0.06068043050786046,0.42857142857142855,0.46153846153846156,0.09375,0.125,0.03125,0.6793110547296246,0.125476448563859,0.08571428571428572,0.22857142857142856,0.3333333333333333,0.3333333333333333
2020,10,TEN,1,40,29,0.37458242203369035,-0.03507577220242911,0.575,0.4482758620689655,0.125,0.1,0.125,0.8056842461519408,0.5275402437546289,0.025,0.05,0.07692307692307693,0.25
2020,10,WAS,1,34,21,0.32856411017005144,-0.0348034022331591,0.5294117647058824,0.38095238095238093,0.11764705882352941,0.17647058823529413,0.058823529411764705,0.9918436275911515,0.454488465416941,0.029411764705882353,0.029411764705882353,0.3333333333333333,0
2020,11,ARI,1,38,24,0.28689948222948747,0.0678511386601414,0.6052631578947368,0.5,0.16129032258064516,0.0967741935483871,0.0967741935483871,0.3009704115142484,0.1584643758419893,0.07894736842105263,0.21052631578947367,0.3333333333333333,0.3333333333333333
2020,11,ATL,1,30,32,0.08737844688442753,-0.008794055781436112,0.5,0.4375,0.15384615384615385,0.15384615384615385,0.07692307692307693,1.869199889857555,1.14933842746541,0.1,0.16666666666666666,0,0.6
2020,11,BAL,1,36,33,0.3430423348860175,-0.03979048175184826,0.5833333333333334,0.36363636363636365,0.20588235294117646,0.08823529411764706,0.3235294117647059,1.248401437983072,0.027528596850878315,0.05555555555555555,0.19444444444444445,0.2222222222222222,0
2020,11,CAR,1,39,16,-0.2752347670166006,-0.6086068257682203,0.358974358974359,0.125,0.07894736842105263,0.15789473684210525,0.13157894736842105,-0.08933386999221272,0.5033216150361118,0.1282051282051282,0.20512820512820512,0,0
2020,11,CIN,1,27,34,-0.13090879088710874,-0.0019165793215075975,0.37037037037037035,0.4411764705882353,0.07407407407407407,0.07407407407407407,0.2222222222222222,0.72397695487598,0.18562322223229633,0.07407407407407407,0.18518518518518517,0.25,0.125
2020,11,CLE,1,40,25,-0.23980747320102289,-0.2370970816304908,0.35,0.52,0.175,0.25,0.175,0.7180838504220227,-0.40775060272842156,0.125,0.25,0.3333333333333333,0
2020,11,DAL,1,33,28,0.1304673484110307,0.03962986720060674,0.5757575757575758,0.39285714285714285,0.28125,0.21875,0.15625,0.9620972198234614,-0.4429954685852858,0.06060606060606061,0.21212121212121213,0.3333333333333333,0.1111111111111111
2020,11,DEN,1,45,16,-0.21697979680024396,-0.013177772438211624,0.35555555555555557,0.3125,0.06818181818181818,0.18181818181818182,0.11363636363636363,-0.420475303893909,-1.0669256587629197,0.13333333333333333,0.15555555555555556,0.14285714285714285,0
2020,11,DET,1,36,34,-0.026485873590315703,-0.1173782878288287,0.4722222222222222,0.2647058823529412,0.1111111111111111,0.1388888888888889,0.1111111111111111,1.2683396026142877,0.2438311051373605,0.027777777777777776,0.027777777777777776,0.2,0.1
2020,11,GB,1,37,38,0.0908647266043706,-0.042046794535580356,0.4864864864864865,0.4473684210526316,0.21621621621621623,0.21621621621621623,0.4594594594594595,0.7674927517368951,0.24574972190299915,0.02702702702702703,0.13513513513513514,0.2857142857142857,0
2020,11,HOU,1,42,24,0.2624129056885832,-0.0157124481120265,0.5,0.4166666666666667,0.21428571428571427,0.16666666666666666,0.3333333333333333,1.7955900675983048,0.3200480418870162,0.047619047619047616,0.19047619047619047,0,0.2
2020,11,IND,1,41,16,0.045212654101335445,-0.30896616980680813,0.5365853658536586,0.5,0.15384615384615385,0.15384615384615385,0.28205128205128205,0.3860236205218828,0.6451402504621491,0.024390243902439025,0.024390243902439025,0.3333333333333333,1
2020,11,JAX,1,46,27,0.14525413448429444,-0.15678910161929072,0.45652173913043476,0.2962962962962963,0.17391304347826086,0.2608695652173913,0.21739130434782608,0.5660539528616936,-0.36119409676175507,0,0.06521739130434782,1,1
2020,11,KC,1,33,24,0.4789644922011002,-0.09619795738278,0.6363636363636364,0.4166666666666667,0.25806451612903225,0.22580645161290322,0.22580645161290322,0.6292642737223225,1.1340527462224201,0,0.030303030303030304,0.42857142857142855,0.14285714285714285
2020,11,LA,1,49,18,-0.1964928621449205,-0.2152967217682292,0.3673469387755102,0.2777777777777778,0.10204081632653061,0.1836734693877551,0.16326530612244897,-1.195397303349131,-0.33451830752164796,0.02040816326530612,0.10204081632653061,0.3333333333333333,0.5
2020,11,LAC,1,32,23,-0.06492531249023155,-0.00956220960538104,0.34375,0.43478260869565216,0.22580645161290322,0.3870967741935484,0.06451612903225806,0.9971378590465363,-0.10987312527140602,0.03125,0.25,1,0.2857142857142857
2020,11,LV,1,48,25,0.47046657349346777,0.04865643142024054,0.6666666666666666,0.48,0.13043478260869565,0.1956521739130435,0.30434782608695654,0.5983771615428852,1.0178132108121647,0,0.10416666666666667,0.16666666666666666,0.6
2020,11,MIA,1,31,32,0.14379323874070796,-0.22161088027056638,0.45161290322580644,0.34375,0.16666666666666666,0.26666666666666666,0.13333333333333333,0.11695544414396873,0.051284732675414085,0,0.12903225806451613,0,0.3333333333333333
2020,11,MIN,1,34,31,0.04541212519068225,0.16236508907816374,0.5588235294117647,0.45161290322580644,0.18181818181818182,0.09090909090909091,0.12121212121212122,1.0039923105505333,-1.757588863736603,0.029411764705882353,0.058823529411764705,0.42857142857142855,0
2020,11,NE,1,43,13,0.5234389941279901,-0.5056131601226158,0.5813953488372093,0,0.2702702702702703,0.21621621621621623,0.1891891891891892,0.09069189463630464,0.2846393984775968,0,0.046511627906976744,0.25,0
2020,11,NO,1,45,14,-0.3464950408843209,-0.20161863786051987,0.24444444444444444,0.2857142857142857,0.08888888888888889,0.24444444444444444,0.2,0.5060984650573859,0.9389292753152806,0.17777777777777778,0.26666666666666666,0,0
2020,11,NYJ,1,54,24,0.23953849377409522,-0.40178307825408394,0.48148148148148145,0.16666666666666666,0.19230769230769232,0.11538461538461539,0.17307692307692307,0.6447558997800417,0.8737860859319981,0.05555555555555555,0.12962962962962962,0.15384615384615385,0
2020,11,PHI,1,25,40,0.00404204082970744,-0.33073347256123686,0.4,0.275,0.2,0.28,0.08,0.6898277168760877,2.288973173184785,0.12,0.08,0,0.1111111111111111
2020,11,PIT,1,39,17,-0.6732854108583125,0.09286034739446182,0.28205128205128205,0.35294117647058826,0.10256410256410256,0.3076923076923077,0.15384615384615385,-0.7115553163754448,-0.5446244536433358,0.05128205128205128,0.1794871794871795,0,0
2020,11,SEA,1,47,16,0.2417168816424002,-0.184845244826647,0.5106382978723404,0.375,0.17777777777777778,0.13333333333333333,0.08888888888888889,-0.30518382149845447,0.5765518740226978,0.06382978723404255,0.14893617021276595,0.5,0.25
2020,11,TB,1,51,20,0.20525125116655846,-0.4486263165211365,0.5882352941176471,0.15,0.19607843137254902,0.0784313725490196,0.2549019607843137,0.7997862200427326,0.35387496500669996,0,0.058823529411764705,0.3333333333333333,0
2020,11,TEN,1,34,30,0.16552721362612696,0.056591121543897185,0.47058823529411764,0.36666666666666664,0.16129032258064516,0.25806451612903225,0.3870967741935484,-0.10013790480297903,0.5459047899203134,0.029411764705882353,0.058823529411764705,0,0.2
2020,11,WAS,1,50,16,-0.1761446966341613,-0.21199510564474644,0.46,0.3125,0.08333333333333333,0.25,0.2708333333333333,-0.558507228066992,0.05287318456864221,0.08,0.22,0.25,0
2020,12,ARI,1,21,30,-0.5469144326691328,0.013475998865518446,0.38095238095238093,0.4,0.14285714285714285,0.09523809523809523,0.14285714285714285,-0.5481067871442065,0.4987412089249122,0.14285714285714285,0.19047619047619047,0,0.2222222222222222
2020,12,ATL,1,45,13,-0.6326586327631469,-1.035761489326922,0.3333333333333333,0,0.06818181818181818,0.13636363636363635,0.1590909090909091,1.0563866005977616,-0.8688562336278092,0.1111111111111111,0.13333333333333333,0,0
2020,12,BAL,1,51,20,-0.09254047304361603,-0.18475008450768676,0.5294117647058824,0.3,0.058823529411764705,0.11764705882352941,0.21568627450980393,0.5834874818683586,-0.39525258608310637,0,0.11764705882352941,0.08333333333333333,0
2020,12,BUF,1,56,24,0.11039421601084982,-0.47777807108306225,0.44642857142857145,0.2916666666666667,0.125,0.10714285714285714,0.375,0.40328865232974415,0.12924191570934981,0.05357142857142857,0.125,0.16666666666666666,0.125
2020,12,CAR,1,50,22,0.1761936603235661,-0.42077767748146117,0.56,0.36363636363636365,0.14583333333333334,0.20833333333333334,0.16666666666666666,0.6045239030558153,0.8951150600187248,0.04,0.18,0.375,0
2020,12,CHI,1,31,37,0.5087882255658416,0.093808891459343,0.5161290322580645,0.4594594594594595,0.1724137931034483,0.20689655172413793,0.3793103448275862,0.052221762666401994,0.9117214661991139,0,0,0.6,0.09090909090909091
2020,12,CIN,1,43,37,0.03196664811286263,-0.02048743948399438,0.4418604651162791,0.3783783783783784,0.15789473684210525,0.21052631578947367,0.2894736842105263,0.18782865897810602,-0.4394740392309489,0,0.06976744186046512,0,0.125
2020,12,CLE,1,38,24,0.08821355769916547,0.24049307531095102,0.47368421052631576,0.5,0.08108108108108109,0.24324324324324326,0.35135135135135137,0.4032814630255506,-0.11607962739321054,0,0.05263157894736842,0.14285714285714285,0.16666666666666666
2020,12,DAL,1,31,35,-0.1776996945986369,0.2225724155823367,0.5161290322580645,0.4857142857142857,0.13333333333333333,0.1,0.06666666666666667,0.8657550802842396,0.11395889762206948,0.0967741935483871,0.1935483870967742,0.1111111111111111,0.25
2020,12,DEN,1,21,42,-0.4806815027745224,0.3125510696277376,0.19047619047619047,0.5476190476190477,0.10526315789473684,0.2631578947368421,0.10526315789473684,-0.27563263218071776,0.4333598318471475,0.14285714285714285,0.14285714285714285,0,0.3
2020,12,DET,1,31,20,0.642238950757255,-0.4086796744028103,0.6129032258064516,0.35,0.25,0.2857142857142857,0.14285714285714285,1.804354556518801,1.2698865906131698,0.06451612903225806,0.0967741935483871,0.14285714285714285,0
2020,12,GB,1,51,15,-0.03554727534792039,0.28972947909108693,0.5098039215686274,0.4,0.08,0.18,0.28,-1.0309629021665176,0.14001933743046363,0.058823529411764705,0.11764705882352941,0.23076923076923078,0
2020,12,HOU,1,49,28,-0.0035582002244433815,-0.4845614038702999,0.5102040816326531,0.42857142857142855,0.10416666666666667,0.1875,0.25,-0.17706704878300134,-0.06659972414338648,0.08163265306122448,0.16326530612244897,0.16666666666666666,0.4
2020,12,IND,1,23,45,0.4590943774598163,0.15955791086437093,0.4782608695652174,0.5111111111111111,0.21739130434782608,0.08695652173913043,0.2608695652173913,2.3430139394768044,1.926299296823951,0.043478260869565216,0.08695652173913043,0,0.4
2020,12,JAX,1,32,32,0.22473734417050464,0.174546961110536,0.46875,0.53125,0.25806451612903225,0.16129032258064516,0.25806451612903225,0.37904439307050103,1.2534371022775308,0.0625,0.03125,0.25,0.2
2020,12,KC,1,42,13,0.17216913987796495,0.05935837882750027,0.5476190476190477,0.3076923076923077,0.16666666666666666,0.19047619047619047,0.3333333333333333,1.1129793420768694,0.5092883239985002,0.023809523809523808,0.16666666666666666,0.25,0
2020,12,LA,1,37,33,-0.13184282435251737,-0.5215024307500712,0.3783783783783784,0.3939393939393939,0.16216216216216217,0.13513513513513514,0.40540540540540543,0.691249769844582,-0.10064387415957977,0.05405405405405406,0.1891891891891892,0,1
2020,12,LAC,1,29,29,0.14531817120507368,-0.21757809192761146,0.41379310344827586,0.4827586206896552,0.17857142857142858,0.10714285714285714,0.14285714285714285,0.7878443980201468,0.32806857905234227,0.10344827586206896,0.27586206896551724,0.3333333333333333,0.3333333333333333
2020,12,LV,1,41,31,-0.08332805336175399,-0.07779920696802312,0.4146341463414634,0.25806451612903225,0.15,0.125,0.075,-0.6797901230839816,-0.649712184909731,0.024390243902439025,0.1951219512195122,0.14285714285714285,0.2
2020,12,MIA,1,32,21,-0.3322414015171097,-0.35822503659264415,0.375,0.19047619047619047,0.13333333333333333,0.3333333333333333,0.16666666666666666,0.022227788734018622,0.24761792486533662,0.09375,0.15625,0,0
2020,12,MIN,1,38,26,0.11453745640912566,-0.07401957658629967,0.5,0.5,0.1388888888888889,0.25,0.2222222222222222,0.3281940218940791,-0.08011244034515773,0,0.07894736842105263,0,0
2020,12,NE,1,39,31,-0.03541552575341631,-0.09791914707866262,0.4358974358974359,0.41935483870967744,0.05555555555555555,0.1388888888888889,0.19444444444444445,-0.3208259364301904,0.5854477907830317,0.05128205128205128,0.10256410256410256,0,0.2222222222222222
2020,12,NO,1,11,32,-1.1741312091630376,-0.5644893386851686,0.09090909090909091,0.21875,0.1,0.5,0,-0.9684313641977494,0,0.09090909090909091,0.45454545454545453,0,0
2020,12,NYG,1,33,13,-0.5759271773783637,0.12628579247169755,0.30303030303030304,0.38461538461538464,0.0967741935483871,0.16129032258064516,0.3225806451612903,-0.2216843418078498,0.04680745734523654,0.06060606060606061,0.24242424242424243,0.3333333333333333,0
2020,12,NYJ,1,43,25,0.14132353880781992,-0.5597759984573352,0.4883720930232558,0.28,0.13953488372093023,0.11627906976744186,0.18604651162790697,0.6341299089021047,0.710742323994055,0.09302325581395349,0.18604651162790697,1,0
2020,12,PHI,1,35,28,-0.037994429827703007,-0.08311888211430715,0.45714285714285713,0.35714285714285715,0.12121212121212122,0.15151515151515152,0.18181818181818182,1.6112970073707393,0.9302655205635035,0.05714285714285714,0.2,0.2,0.16666666666666666
2020,12,PIT,1,22,27,-0.6559207990649156,-0.1557283208757227,0.22727272727272727,0.37037037037037035,0.047619047619047616,0.19047619047619047,0.23809523809523808,0.9797132712847088,-0.4301843170076598,0.13636363636363635,0.22727272727272727,0,0.2
2020,12,SEA,1,55,12,-0.21713241265043143,0.087309887687307,0.32727272727272727,0.5,0.07692307692307693,0.15384615384615385,0.11538461538461539,-0.6567374821024711,0.7537838858649297,0.10909090909090909,0.21818181818181817,0.14285714285714285,0
2020,12,SF,1,37,24,-0.7111334231193669,-0.09157759883722315,0.43243243243243246,0.3333333333333333,0.09090909090909091,0.21212121212121213,0.12121212121212122,-1.1522301958583612,-0.8297630114102524,0.05405405405405406,0.1891891891891892,0,0.5
2020,12,TB,1,54,18,0.4017528305981923,-0.23278029155335428,0.5185185185185185,0.3888888888888889,0.21153846153846154,0.21153846153846154,0.21153846153846154,1.8348633492026816,0.6371607078683814,0.037037037037037035,0.12962962962962962,0.1111111111111111,0
2020,12,TEN,1,48,21,0.04348098508944827,-0.14280965997091305,0.4375,0.3333333333333333,0.0851063829787234,0.14893617021276595,0.2765957446808511,0.4489375116370093,0.03712493689426345,0.041666666666666664,0.125,0.5,0.3333333333333333
2020,12,WAS,1,41,16,-0.4818105059883846,-0.5256026192291764,0.43902439024390244,0.4375,0.07692307692307693,0.10256410256410256,0.28205128205128205,0.9360740313511142,-0.17023240897899763,0.0975609756097561,0.14634146341463414,0,0
2020,13,ARI,1,48,31,0.37917104614085395,-0.15706048116734986,0.625,0.3870967741935484,0.125,0.08333333333333333,0.16666666666666666,0.21973240339139025,0.4479378778341924,0.020833333333333332,0.14583333333333334,0.3333333333333333,0.18181818181818182
2020,13,ATL,1,43,32,0.12958350650381348,0.002727470680838023,0.5116279069767442,0.4375,0.20512820512820512,0.23076923076923078,0.15384615384615385,1.379647951437315,0.4466898425016544,0.046511627906976744,0.09302325581395349,0.4,0.16666666666666666
2020,13,BAL,1,49,28,0.16459590029090207,-0.20073920808395726,0.4897959183673469,0.25,0.10204081632653061,0.16326530612244897,0.30612244897959184,-0.17454080888673723,0.4687246120884084,0.02040816326530612,0.10204081632653061,0.3333333333333333,0
2020,13,BUF,1,39,21,0.2842142794045376,-0.2812162823933508,0.5897435897435898,0.3333333333333333,0.20512820512820512,0.10256410256410256,0.3076923076923077,1.2994409733510124,-0.6035235567129958,0,0.1794871794871795,0.375,0
2020,13,CHI,1,44,22,0.3945868696682737,-0.12348680903431374,0.5227272727272727,0.22727272727272727,0.20454545454545456,0.3181818181818182,0.36363636363636365,0.927834575509353,0.4628334502522194,0.045454545454545456,0.06818181818181818,0.3333333333333333,0.3333333333333333
2020,13,CIN,1,40,27,0.17596481235035882,-0.2903466016286986,0.575,0.2962962962962963,0.07692307692307693,0.15384615384615385,0.28205128205128205,0.543295699763499,0.21438149735745962,0,0.05,0.16666666666666666,0
2020,13,CLE,1,48,20,0.25360611662047966,-0.47229535992663624,0.4791666666666667,0.45,0.22916666666666666,0.25,0.3125,0.9506559662744019,0.6666193516381709,0.0625,0.10416666666666667,0.2222222222222222,0.3333333333333333
2020,13,DAL,1,22,32,0.048213125795514636,0.4253428239208006,0.45454545454545453,0.5625,0.11764705882352941,0.11764705882352941,0.4117647058823529,2.869254556077065,-1.0683563182043072,0,0,0.2,0.1111111111111111
2020,13,DEN,1,44,19,0.18528312973809224,0.07104155457866591,0.5227272727272727,0.42105263157894735,0.12195121951219512,0.21951219512195122,0.21951219512195122,-0.23534727006659165,-0.44477642611437074,0.022727272727272728,0.09090909090909091,0.1,0
2020,13,DET,1,37,30,0.17000381490357297,-0.0032940184033696087,0.5135135135135135,0.4666666666666667,0.16666666666666666,0.19444444444444445,0.4166666666666667,0.6774508574661542,0.980259703600314,0.05405405405405406,0.05405405405405406,0.3333333333333333,0.42857142857142855
2020,13,GB,1,41,18,-0.10579975993498597,-0.10178119557288802,0.2926829268292683,0.5,0.14705882352941177,0.20588235294117646,0.14705882352941177,1.3986717200052385,0.44507205702830116,0.17073170731707318,0.21951219512195122,0,0
2020,13,HOU,1,38,29,0.26307634943262687,-0.14568251792887443,0.5,0.4482758620689655,0.10526315789473684,0.13157894736842105,0.07894736842105263,0.8046781341079614,0.12454602533640968,0.07894736842105263,0.13157894736842105,0,0.25
2020,13,IND,1,48,14,0.06172273518619681,-0.31986708261579905,0.4583333333333333,0.2857142857142857,0.11627906976744186,0.27906976744186046,0.3488372093023256,0.8742020429239633,0.23268591212316217,0.10416666666666667,0.16666666666666666,0,0.5
2020,13,JAX,1,48,37,-0.025470425211157062,-0.2343163467751741,0.5833333333333334,0.2702702702702703,0.14893617021276595,0.14893617021276595,0.1276595744680851,0.1800872198152202,-0.7758656882360812,0.08333333333333333,0.2916666666666667,1,0
2020,13,KC,1,30,32,0.08523727816167859,0.09670982686657228,0.4,0.40625,0.1724137931034483,0.2413793103448276,0.06896551724137931,-0.07095769875117412,0.156546082929708,0,0.13333333333333333,0.4,0
2020,13,LA,1,42,20,-0.2773000055453679,0.015107244285172652,0.38095238095238093,0.35,0.0975609756097561,0.0975609756097561,0.21951219512195122,0.5978091265133119,-0.07676239754073276,0.047619047619047616,0.11904761904761904,0.6666666666666666,0.16666666666666666
2020,13,LAC,1,26,40,0.12071665848354607,-0.03629168225724525,0.38461538461538464,0.45,0.17391304347826086,0.21739130434782608,0.08695652173913043,-0.3386800189968198,1.8036960102035648,0.038461538461538464,0.07692307692307693,0.25,0.10526315789473684
2020,13,LV,1,29,32,-0.03806876071782609,0.2246168058709376,0.4827586206896552,0.53125,0.2222222222222222,0.14814814814814814,0.18518518518518517,-0.3533367413183463,0.4954226037254546,0.10344827586206896,0.2413793103448276,0.4,0.2222222222222222
2020,13,MIA,1,34,16,-0.30449715878191574,-0.11305582700515497,0.3235294117647059,0.3125,0.09090909090909091,0.12121212121212122,0.18181818181818182,-1.5997335650026796,-0.6388682447044023,0.17647058823529413,0.3235294117647059,0,0
2020,13,MIN,1,48,22,-0.13350707574066206,0.034083725242949274,0.5208333333333334,0.4090909090909091,0.13333333333333333,0.24444444444444444,0.15555555555555556,0.6044791475314109,-0.39763464741242516,0.041666666666666664,0.10416666666666667,0,0.3333333333333333
2020,13,NE,1,56,15,-0.48991091076487153,0.0756368920323442,0.30357142857142855,0.4,0.03571428571428571,0.16071428571428573,0.19642857142857142,-0.345656359814004,-0.6230360626624046,0.05357142857142857,0.19642857142857142,0,0
2020,13,NO,1,42,21,-0.2557019747955898,-0.09431384989459571,0.3333333333333333,0.38095238095238093,0.11904761904761904,0.30952380952380953,0.14285714285714285,0.3004498229487449,0.6316612677280027,0.07142857142857142,0.19047619047619047,0.16666666666666666,0
2020,13,NYG,1,54,16,-0.22862840913711607,-0.2922446847805991,0.3888888888888889,0.5625,0.10416666666666667,0.22916666666666666,0.25,0.38198116152885925,-0.11118523620340562,0.09259259259259259,0.16666666666666666,0,0
2020,13,NYJ,1,51,23,0.12952455382962333,-0.16851946335974274,0.45098039215686275,0.2608695652173913,0.20408163265306123,0.24489795918367346,0.20408163265306123,0.42056989515235876,-0.1698222623439506,0.0392156862745098,0.11764705882352941,0.2,0.16666666666666666
2020,13,PHI,1,36,25,0.42899407386735333,0.11404222226236017,0.5277777777777778,0.36,0.2222222222222222,0.2222222222222222,0.08333333333333333,0.6927235582340304,-0.22608807236732498,0.05555555555555555,0.16666666666666666,0.3333333333333333,0
2020,13,PIT,1,49,21,0.007096772789158954,-0.29105421317700764,0.3673469387755102,0.2857142857142857,0.14285714285714285,0.14285714285714285,0.2857142857142857,0.9953788459201208,-0.19678939210384028,0.061224489795918366,0.20408163265306123,0.2,0.5
2020,13,SEA,1,26,30,-0.28649030240195617,0.11529650313314055,0.34615384615384615,0.36666666666666664,0.16,0.16,0.32,-0.18483385730360102,0.21469018381134475,0.07692307692307693,0.15384615384615385,0.25,0.25
2020,13,SF,1,43,25,0.5346935531061344,-0.454600045938414,0.6976744186046512,0.44,0.1951219512195122,0.1951219512195122,0.17073170731707318,1.785421120490356,-0.08120019951489024,0.023255813953488372,0.06976744186046512,0.25,0
2020,13,TEN,1,36,34,0.740913991060241,-0.282466696129311,0.6666666666666666,0.2647058823529412,0.2647058823529412,0.14705882352941177,0.11764705882352941,2.8459382244385787,-0.017682209072520508,0,0.027777777777777776,0.25,0.14285714285714285
2020,13,WAS,1,53,14,-0.04432358567011886,-0.5763441469171087,0.39622641509433965,0.2857142857142857,0.1320754716981132,0.18867924528301888,0.3584905660377358,0.04645050638646335,-0.2289529618482403,0,0.03773584905660377,0.16666666666666666,0
2020,14,ARI,1,32,17,-0.5426154819615475,-0.05020914455149877,0.25,0.4117647058823529,0.09375,0.21875,0.1875,0.2610531853861186,1.1631195694984269,0.25,0.34375,0,1
2020,14,ATL,1,45,26,0.11575402467244479,-0.060521366990049744,0.5333333333333333,0.4230769230769231,0.044444444444444446,0.08888888888888889,0.15555555555555556,-0.13266015073168025,-0.3212355711064964,0.022222222222222223,0.06666666666666667,0.25,0
2020,14,BAL,1,54,23,0.27093885366532783,0.19118911671482586,0.5,0.43478260869565216,0.16326530612244897,0.24489795918367346,0.10204081632653061,0.48537889673025303,-0.058587975770933984,0,0.09259259259259259,0,0.8
2020,14,BUF,1,39,17,-0.32902037453850846,-0.1898428734343992,0.41025641025641024,0.29411764705882354,0.05128205128205128,0.15384615384615385,0.20512820512820512,-0.6144645304205671,-0.11281277202942835,0.02564102564102564,0.1282051282051282,0.4,0
2020,14,CAR,1,31,28,0.2956866599528354,-0.10751893921717842,0.5161290322580645,0.4642857142857143,0.20689655172413793,0.1724137931034483,0.034482758620689655,2.5076391995768046,4.77372042759089,0.03225806451612903,0.16129032258064516,0.5,0
2020,14,CHI,1,43,21,-0.08084881447152745,-0.3297277361548152,0.4883720930232558,0.38095238095238093,0.13513513513513514,0.08108108108108109,0.32432432432432434,0.22922777617350235,0.37498268691706527,0.16279069767441862,0.2558139534883721,0.14285714285714285,0
2020,14,CIN,1,25,25,0.505241549934313,-0.1829767506732606,0.56,0.28,0.32,0.16,0.2,-0.15984124438545977,0.6369375155656603,0.08,0.16,0.2857142857142857,0
2020,14,CLE,1,30,28,0.4074664544453238,0.3613595991477572,0.4666666666666667,0.4642857142857143,0.2,0.2,0.16,1.4018860837910325,0.8871202779992007,0.13333333333333333,0.13333333333333333,0,0.7142857142857143
2020,14,DAL,1,42,28,0.12733905943986484,-0.8386477069891826,0.5238095238095238,0.39285714285714285,0.125,0.1,0.35,-0.016373834485422498,0.659357679342585,0.047619047619047616,0.09523809523809523,0.125,0
2020,14,DEN,1,46,19,-0.017746577311386767,0.24343697980389375,0.3695652173913043,0.5263157894736842,0.06818181818181818,0.18181818181818182,0.06818181818181818,0.27530182714184387,-0.2419896560410657,0.08695652173913043,0.13043478260869565,0,0.5
2020,14,DET,1,37,27,0.5796993805985975,-0.0696378485536791,0.6216216216216216,0.48148148148148145,0.15151515151515152,0.12121212121212122,0.09090909090909091,0.8704543186468068,2.0463809397382047,0,0.02702702702702703,0.4,0.2
2020,14,GB,1,45,14,0.17528913534551788,0.05799214328622564,0.4888888888888889,0.35714285714285715,0.11363636363636363,0.11363636363636363,0.29545454545454547,0.7395175974408628,0.5017155665804034,0.08888888888888889,0.13333333333333333,0.1,0.5
2020,14,HOU,1,39,20,0.2579499065765671,0.26736673451960075,0.6153846153846154,0.45,0.1388888888888889,0.08333333333333333,0.19444444444444445,-0.13786420555940362,1.0973169536279914,0.07692307692307693,0.1282051282051282,0.5,0
2020,14,IND,1,48,20,0.06254339018492915,-0.1403879531630082,0.5208333333333334,0.4,0.15217391304347827,0.15217391304347827,0.2391304347826087,1.5057649216115745,0.8621673337289728,0,0.041666666666666664,0,0.2
2020,14,JAX,1,25,40,0.19915439174107766,0.20452008864594962,0.52,0.55,0.2,0.16,0.24,1.3212799222019405,1.0199827987891823,0.04,0.28,0.25,0.5
2020,14,KC,1,59,18,0.004034855066411541,-0.05009326047891401,0.4576271186440678,0.5,0.1320754716981132,0.2641509433962264,0.3584905660377358,0.09918933574642486,0.15200890568750372,0.06779661016949153,0.13559322033898305,0.16666666666666666,0.3333333333333333
2020,14,LA,1,31,27,-0.8086387535269144,-0.25201396581596125,0.3225806451612903,0.37037037037037035,0.13793103448275862,0.13793103448275862,0.27586206896551724,1.2967487945716152,-0.5325236423294833,0.1935483870967742,0.2903225806451613,0,0
2020,14,LAC,1,36,19,0.03719568726184267,-0.0523636577050447,0.5,0.47368421052631576,0.22857142857142856,0.2571428571428571,0.17142857142857143,0.3608411941030583,2.074467934338223,0.05555555555555555,0.16666666666666666,0.25,0
2020,14,LV,1,28,31,0.5824858485251576,0.1983647931660268,0.4642857142857143,0.3870967741935484,0.32142857142857145,0.35714285714285715,0.21428571428571427,0.8163744430756196,0.7326233421820992,0,0.03571428571428571,0.16666666666666666,0.14285714285714285
2020,14,MIA,1,39,22,0.09234631407941739,-0.1397226967462553,0.5384615384615384,0.36363636363636365,0.2972972972972973,0.21621621621621623,0.21621621621621623,0.7761210302560362,1.458985116038092,0.07692307692307693,0.15384615384615385,0.5,0
2020,14,MIN,1,23,26,0.37868197839687995,-0.05616285102867289,0.5217391304347826,0.34615384615384615,0.13043478260869565,0.21739130434782608,0.30434782608695654,1.05431349563878,0.7493471545832487,0,0.13043478260869565,1,0.3333333333333333
2020,14,NE,1,27,35,-0.14439984768615607,0.06106507182453827,0.4074074074074074,0.4,0.07692307692307693,0.07692307692307693,0.19230769230769232,0.840635880478658,-0.1965213051531462,0.037037037037037035,0.1111111111111111,0.3333333333333333,0.16666666666666666
2020,14,NO,1,34,32,0.1630601264743429,-0.1508647627451866,0.4411764705882353,0.4375,0.06666666666666667,0.1,0.1,0.9277113217006744,0.1379334277977857,0,0.08823529411764706,1,0.25
2020,14,NYG,1,44,35,0.16314980626787481,-0.16647188213610967,0.5227272727272727,0.2571428571428571,0.1388888888888889,0.1111111111111111,0.3055555555555556,0.518721234591795,0.8353904125502929,0.022727272727272728,0.09090909090909091,0.14285714285714285,0.09090909090909091
2020,14,NYJ,1,33,36,0.44835270710631675,-0.018699656940539437,0.6666666666666666,0.4166666666666667,0.21212121212121213,0.18181818181818182,0.2727272727272727,0.455920820570705,0.8419689716732441,0.030303030303030304,0.09090909090909091,0.5714285714285714,0.1111111111111111
2020,14,PHI,1,46,17,0.09681702498790978,-0.05422447667018835,0.4782608695652174,0.35294117647058826,0.11627906976744186,0.16279069767441862,0.09302325581395349,1.498102809560284,1.8072875379584716,0.10869565217391304,0.2608695652173913,0.3333333333333333,0.5
2020,14,PIT,1,46,25,-0.09593745805277432,-0.22362945508677531,0.3695652173913043,0.32,0.11363636363636363,0.20454545454545456,0.25,-1.0183858747151444,0.05936832365114302,0.021739130434782608,0.10869565217391304,0.2857142857142857,0
2020,14,SEA,1,30,22,-0.1999219152735537,-0.5198676227856514,0.36666666666666664,0.22727272727272727,0.06896551724137931,0.2413793103448276,0.1724137931034483,-0.22945691261719772,-0.4461621023248888,0.1,0.2,0,0
2020,14,SF,1,34,28,-0.5076230617552013,-0.02270625073911766,0.2647058823529412,0.35714285714285715,0.029411764705882353,0.11764705882352941,0.14705882352941177,-1.4646896049962383,-0.5376256167184607,0.058823529411764705,0.14705882352941177,0,0
2020,14,TB,1,48,29,0.13712849799986634,0.19625242756165834,0.4583333333333333,0.5862068965517241,0.1590909090909091,0.13636363636363635,0.18181818181818182,-0.042504612712734015,0.3026217163205726,0.125,0.25,0.125,0.2
2020,14,TEN,1,56,13,-0.1094462484666498,-0.21455438712683406,0.375,0.07692307692307693,0.09259259259259259,0.24074074074074073,0.2962962962962963,-0.4175084136972704,-0.159339950860157,0,0.017857142857142856,0.1111111111111111,0
2020,14,WAS,1,50,27,-0.4669453948087162,-0.1468053459043231,0.4,0.5185185185185185,0.1,0.14,0.3,0.465300010617024,0.15991782162648888,0.08,0.24,0.3333333333333333,0.25
2020,15,ARI,1,55,26,0.1811033912193539,-0.3259500297449011,0.4,0.3076923076923077,0.18,0.32,0.18,0.1567871415500118,-0.6168687719295526,0.10909090909090909,0.12727272727272726,0.25,0.14285714285714285
2020,15,ATL,1,48,18,0.2983377775125656,-0.22271708668106108,0.5,0.4444444444444444,0.14583333333333334,0.16666666666666666,0.1875,0.9910708042116319,0.9828429050620696,0.0625,0.14583333333333334,0.14285714285714285,0.3333333333333333
2020,15,BAL,1,35,21,0.18645244996462582,-0.39567951577261,0.45714285714285713,0.19047619047619047,0.20588235294117646,0.17647058823529413,0.2647058823529412,0.6339294240072679,0.5576624555138153,0.14285714285714285,0.17142857142857143,0.3333333333333333,0
2020,15,BUF,1,39,24,-0.3212194917487337,0.17470021046998851,0.46153846153846156,0.375,0.02857142857142857,0.05714285714285714,0.22857142857142856,0.0768519617849951,0.21280053582449915,0.07692307692307693,0.10256410256410256,0.5,0.5
2020,15,CAR,1,37,24,-0.11214812668570807,0.2889159384624994,0.3783783783783784,0.5833333333333334,0.029411764705882353,0.08823529411764706,0.11764705882352941,-0.6739072402900383,-0.12729879909602526,0.13513513513513514,0.13513513513513514,0.25,0.5
2020,15,CHI,1,41,25,0.10858955370235693,-0.11737797176931056,0.5121951219512195,0.56,0.18421052631578946,0.10526315789473684,0.18421052631578946,0.8031744906475076,0.483560138340441,0.07317073170731707,0.21951219512195122,0.2222222222222222,0.14285714285714285
2020,15,CIN,1,39,23,-0.32234081420989485,-0.3413627511383863,0.3333333333333333,0.4782608695652174,0.07692307692307693,0.20512820512820512,0.3076923076923077,-0.5753070557257164,-0.6039595431163131,0.02564102564102564,0.23076923076923078,0,0.3333333333333333
2020,15,CLE,1,34,20,0.04100709158572991,-0.23453170710999988,0.38235294117647056,0.35,0.18181818181818182,0.2727272727272727,0.18181818181818182,0.5770301267492478,-0.18275250959171388,0.029411764705882353,0.11764705882352941,0,0
2020,15,DAL,1,46,35,0.14431214782062565,0.006170376655826628,0.43478260869565216,0.4857142857142857,0.24444444444444444,0.17777777777777778,0.2222222222222222,1.4606483628886073,0.5332138142120029,0.043478260869565216,0.13043478260869565,0.3333333333333333,0.1111111111111111
2020,15,DEN,1,43,22,0.6938632253278588,0.11640019323677829,0.5813953488372093,0.45454545454545453,0.24390243902439024,0.2926829268292683,0.24390243902439024,1.249343066515091,1.0838293395732768,0.023255813953488372,0.11627906976744186,0.09090909090909091,0.1111111111111111
2020,15,DET,1,29,38,0.8007244789223908,0.22187042016096686,0.6896551724137931,0.5526315789473685,0.21428571428571427,0.21428571428571427,0.17857142857142858,0.7583838754605186,1.4186777711380256,0.034482758620689655,0.034482758620689655,0.6666666666666666,0.2727272727272727
2020,15,GB,1,42,23,0.1396216957766389,-0.3107129934714586,0.5,0.5217391304347826,0.07894736842105263,0.10526315789473684,0.34210526315789475,0.592726291397413,-0.20054008587217256,0.07142857142857142,0.14285714285714285,0,0.16666666666666666
2020,15,HOU,1,30,23,0.3073771640758086,0.2416127056450294,0.5333333333333333,0.5652173913043478,0.16666666666666666,0.23333333333333334,0.23333333333333334,1.0620659906791319,1.1255688395841779,0.03333333333333333,0.1,0.3333333333333333,0.25
2020,15,IND,1,49,18,0.19694157163074752,0.029000312979203857,0.5918367346938775,0.5,0.13043478260869565,0.21739130434782608,0.1956521739130435,1.7698115302948279,0.2930593628358723,0.10204081632653061,0.14285714285714285,0.1,0
2020,15,JAX,1,28,36,0.3854494219229255,0.20671216352558203,0.5,0.4722222222222222,0.25925925925925924,0.25925925925925924,0.48148148148148145,0.4593362183493014,-0.04524006741273679,0.03571428571428571,0.07142857142857142,0.75,0.25
2020,15,KC,1,36,17,-0.11158216818754578,-0.17927879626821602,0.3611111111111111,0.35294117647058826,0.16666666666666666,0.2777777777777778,0.2222222222222222,0.5574270040146067,0.8314642983023081,0.027777777777777776,0.19444444444444445,0.6666666666666666,0.3333333333333333
2020,15,LA,1,35,29,0.14711100258497875,-0.22575419326714277,0.5142857142857142,0.27586206896551724,0.15151515151515152,0.09090909090909091,0.18181818181818182,0.6990190619917133,0.5272801720614851,0.05714285714285714,0.05714285714285714,0.16666666666666666,0.2
2020,15,LAC,1,38,37,0.3806038001924709,-0.1477585709496478,0.5789473684210527,0.3783783783783784,0.2647058823529412,0.29411764705882354,0.20588235294117646,0.8906458038021808,-0.7577902463381193,0.02631578947368421,0.07894736842105263,0,0.15384615384615385
2020,15,LV,1,34,28,0.6259373204904795,-0.21070098527187434,0.5588235294117647,0.32142857142857145,0.3333333333333333,0.30303030303030304,0.3333333333333333,1.363965979299974,1.1164584593839089,0.029411764705882353,0.14705882352941177,0.2,0.2857142857142857
2020,15,MIA,1,32,20,-0.18086553081872853,0.03157555043580943,0.4375,0.4,0.1,0.23333333333333334,0.4,-0.5484837280307555,0.3516649312126289,0.09375,0.09375,0,0
2020,15,MIN,1,26,38,0.27334319609832525,0.04214345876167747,0.6538461538461539,0.5263157894736842,0.22727272727272727,0.22727272727272727,0.045454545454545456,1.0449783149873821,-1.85841742153954,0.038461538461538464,0.07692307692307693,0.16666666666666666,0.18181818181818182
2020,15,NE,1,31,40,0.03216608543300277,0.3146262906964693,0.45161290322580644,0.525,0.034482758620689655,0.034482758620689655,0.1724137931034483,-0.389060868008528,0.2834542040363882,0.06451612903225806,0.0967741935483871,0,0.25
2020,15,NO,1,55,38,0.06880186800655191,-0.019483984944312475,0.4727272727272727,0.4473684210526316,0.15384615384615385,0.17307692307692307,0.17307692307692307,-0.3256573209720133,-0.04657564764945847,0.07272727272727272,0.2,0.375,0.125
2020,15,NYG,1,35,28,0.6200053839819577,-0.1867647312995228,0.7428571428571429,0.2857142857142857,0.24242424242424243,0.30303030303030304,0.30303030303030304,1.0744041257130454,0.7636239726853097,0.02857142857142857,0.02857142857142857,0.25,0.14285714285714285
2020,15,NYJ,1,38,18,-0.2993057730592439,-0.18960696945820638,0.34210526315789475,0.3333333333333333,0.08108108108108109,0.08108108108108109,0.24324324324324326,-0.5818334685754966,0.4091641750128469,0.07894736842105263,0.21052631578947367,0.6666666666666666,0
2020,15,PHI,1,40,28,0.1633326997537673,-0.1924617767051263,0.6,0.32142857142857145,0.2631578947368421,0.3157894736842105,0.23684210526315788,0.4898070884907306,-0.5201286996857047,0.025,0.025,0.5,0.2
2020,15,PIT,1,16,40,-0.053504242378297956,-0.13787347163625094,0.375,0.4,0.26666666666666666,0.26666666666666666,0.26666666666666666,-0.399427951429971,0.235486222110921,0.125,0.375,0.2,0.125
2020,15,SEA,1,62,18,0.03197738931597018,-0.09558347656678691,0.46774193548387094,0.3333333333333333,0.15254237288135594,0.15254237288135594,0.3220338983050847,-0.5997930532774061,0.6254170186523542,0.06451612903225806,0.11290322580645161,0.16666666666666666,0.3333333333333333
2020,15,SF,1,38,20,-4.2576581618956194e-4,0.013954551998176353,0.3684210526315789,0.25,0.1388888888888889,0.1388888888888889,0.1388888888888889,0.6083630319451888,0.2733886184950688,0.05263157894736842,0.07894736842105263,0.5,0.2
2020,15,TB,1,53,12,0.12928713052279536,-0.41897603022031676,0.4528301886792453,0.16666666666666666,0.1346153846153846,0.15384615384615385,0.21153846153846154,0.7760227068501988,0.6243618924424738,0.05660377358490566,0.07547169811320754,0.5,0
2020,15,TEN,1,40,25,0.45482893393845486,-0.38202386600896754,0.6,0.52,0.15789473684210525,0.23684210526315788,0.21052631578947367,0.5853366122335301,0.5862930225079869,0,0.125,0.25,0.2222222222222222
2020,15,WAS,1,30,23,-0.04079231886565158,0.21710105687784775,0.43333333333333335,0.4782608695652174,0.07407407407407407,0.07407407407407407,0.2962962962962963,0.12932608707342447,0.8664550347020845,0,0.1,0.5,0
2020,16,ARI,1,25,30,0.09128301472275671,0.20853161987753474,0.44,0.5666666666666667,0.24,0.16,0.28,0.89086615567794,-0.25110521281892584,0.12,0.16,0.5,0
2020,16,ATL,1,47,19,-0.004281014511195256,0.05435146401654696,0.48936170212765956,0.42105263157894735,0.08888888888888889,0.17777777777777778,0.15555555555555556,0.2599228062244949,-0.5857190210954276,0,0.10638297872340426,0.16666666666666666,0
2020,16,BAL,1,48,11,-0.11786269324886062,0.22577960279092912,0.4166666666666667,0.5454545454545454,0.06382978723404255,0.19148936170212766,0.425531914893617,-0.3315194245466654,0.04209184200127962,0.125,0.22916666666666666,0.2,0
2020,16,BUF,1,26,22,-0.28835833292448665,0.004375381879403096,0.3076923076923077,0.36363636363636365,0.08333333333333333,0.16666666666666666,0.2916666666666667,-0.8069344368850577,-0.274865854390165,0.11538461538461539,0.19230769230769232,0,1
2020,16,CAR,1,53,16,-0.20275370876330784,0.07864402536870346,0.33962264150943394,0.6875,0.1,0.28,0.4,-0.10968792225642705,0.0881891939046903,0.05660377358490566,0.1320754716981132,0,0
2020,16,CHI,1,38,16,-0.13224259941372749,-0.11987421764933939,0.39473684210526316,0.25,0.15789473684210525,0.21052631578947367,0.21052631578947367,0.8880153300851815,-0.3014099945430647,0.02631578947368421,0.10526315789473684,0.25,0
2020,16,CIN,1,37,14,0.21206660930451768,0.3277252468022713,0.5945945945945946,0.42857142857142855,0.14705882352941177,0.14705882352941177,0.14705882352941177,0.8536509746569212,-0.408004667016212,0.02702702702702703,0.16216216216216217,0.125,0.3333333333333333
2020,16,CLE,1,38,31,0.0892578612784932,-0.14511434568257459,0.39473684210526316,0.3548387096774194,0.22857142857142856,0.2,0.2,0.5622588461431276,0.27598234053176407,0.05263157894736842,0.13157894736842105,0.3333333333333333,0
2020,16,DAL,1,48,23,-0.1635680955122865,0.1354793498429231,0.375,0.5652173913043478,0.11904761904761904,0.2857142857142857,0.19047619047619047,0.5013848206886865,0.14606530829987027,0.0625,0.08333333333333333,0,0.25
2020,16,DEN,1,38,17,0.058664784322288735,-0.20082165466566745,0.4473684210526316,0.23529411764705882,0.11428571428571428,0.17142857142857143,0.11428571428571428,0.8658805528878135,-0.355156538396841,0.05263157894736842,0.18421052631578946,0.14285714285714285,0
2020,16,DET,1,45,25,0.6094427207811753,-0.10741950739873561,0.6,0.4,0.29545454545454547,0.2727272727272727,0.2727272727272727,1.7008029859425733,1.3383288821108494,0.044444444444444446,0.044444444444444446,0.6666666666666666,0.5
2020,16,GB,1,30,25,-0.3184509702046251,0.1451038493099621,0.36666666666666664,0.44,0.17857142857142858,0.14285714285714285,0.32142857142857145,-0.20430483148084105,0.02900681314834601,0.06666666666666667,0.16666666666666666,0.16666666666666666,0
2020,16,HOU,1,38,33,0.5856923413852835,0.06867946344313791,0.6842105263157895,0.3939393939393939,0.3157894736842105,0.23684210526315788,0.2631578947368421,0.7158896423190728,0.5877489205138628,0,0.10526315789473684,0.4,0.16666666666666666
2020,16,IND,1,50,14,0.05932082311250295,-0.2492859805310475,0.52,0.2857142857142857,0.06,0.18,0.32,0.6176184449319002,0.04875897115925968,0.02,0.04,0.16666666666666666,0.3333333333333333
2020,16,JAX,1,39,31,0.36999671812841084,0.09952635226880165,0.5897435897435898,0.3225806451612903,0.21621621621621623,0.16216216216216217,0.2972972972972973,-0.11977368230388198,0.4083836430666181,0.02564102564102564,0.15384615384615385,0.2,0.375
2020,16,KC,1,39,23,0.12666191041667685,-0.06486997365415038,0.5384615384615384,0.391304347826087,0.1282051282051282,0.1794871794871795,0.15384615384615385,0.6991310993542731,0.21862060383621784,0.10256410256410256,0.3076923076923077,0.5,0
2020,16,LA,1,39,22,0.10522109071560302,-0.23315785391870064,0.38461538461538464,0.22727272727272727,0.16216216216216217,0.13513513513513514,0.24324324324324326,0.8379440767806946,0.3154656556240899,0.1282051282051282,0.20512820512820512,0.5,0.25
2020,16,LAC,1,51,26,0.003053219817936649,0.05072687521505253,0.4117647058823529,0.5,0.14285714285714285,0.30612244897959184,0.24489795918367346,-0.3415652883345206,0.7328535221264858,0.0392156862745098,0.09803921568627451,0,0.3333333333333333
2020,16,LV,1,40,23,0.16938115356511982,0.008604156154020126,0.45,0.43478260869565216,0.18421052631578946,0.13157894736842105,0.42105263157894735,0.6480752341168258,0.13989640758069002,0.075,0.15,0.25,0
2020,16,MIA,1,37,24,-0.0032273358173355664,-0.06366072254593122,0.43243243243243246,0.4583333333333333,0.10810810810810811,0.24324324324324326,0.1891891891891892,1.3153306053459843,0.11910044433482442,0.08108108108108109,0.10810810810810811,0,0.1
2020,16,MIN,1,28,45,0.3855469532224129,0.34170167545606933,0.6785714285714286,0.6,0.17857142857142858,0.2857142857142857,0.14285714285714285,1.330314103768614,1.1291375447690364,0,0.07142857142857142,0,0.46153846153846156
2020,16,NE,1,41,30,0.5651001602698051,0.11857856183445664,0.5609756097560976,0.36666666666666664,0.15,0.275,0.175,0.22804689126364364,0.424511241177763,0,0,0.42857142857142855,0.5
2020,16,NO,1,44,17,0.13583759523350344,0.2277153663008532,0.4772727272727273,0.5882352941176471,0.1590909090909091,0.11363636363636363,0.18181818181818182,0.45364803991978964,0.28923580929040404,0.045454545454545456,0.18181818181818182,0.375,0.4
2020,16,NYG,1,29,37,0.39185543839529313,0.10631982193759512,0.5517241379310345,0.5675675675675675,0.23076923076923078,0.11538461538461539,0.5384615384615384,0.24971222767877863,0.38769115770978124,0,0.13793103448275862,0.2222222222222222,0.09090909090909091
2020,16,NYJ,1,57,18,-0.16090121093525142,-0.059539191550963114,0.43859649122807015,0.5,0.05263157894736842,0.17543859649122806,0.17543859649122806,0.1074091149120559,-0.1710532807919662,0.07017543859649122,0.12280701754385964,0,0.3333333333333333
2020,16,PHI,1,33,33,0.36438137903746154,-0.053958057963005616,0.5757575757575758,0.3939393939393939,0.25,0.21875,0.1875,0.5371027693046568,-0.8928308175915528,0.06060606060606061,0.21212121212121213,0.2,0.14285714285714285
2020,16,PIT,1,39,28,-0.16417914696742214,0.23618913655185927,0.38461538461538464,0.6428571428571429,0.20512820512820512,0.28205128205128205,0.23076923076923078,0.12512503224636654,0.3829888479732392,0.1282051282051282,0.20512820512820512,0,0.2857142857142857
2020,16,SEA,1,52,23,-0.0760513729566277,-0.26627570759583724,0.34615384615384615,0.30434782608695654,0.13043478260869565,0.06521739130434782,0.32608695652173914,-1.414718821838808,0.3534349339772018,0.057692307692307696,0.17307692307692307,0,0
2020,16,SF,1,59,22,-0.271259955067947,0.0680153378621483,0.3389830508474576,0.36363636363636365,0.07407407407407407,0.18518518518518517,0.2962962962962963,0.3983953856827847,0.09689948905825334,0.05084745762711865,0.0847457627118644,0,0.2
2020,16,TB,1,36,14,-0.5995206165567244,-0.5688789746408082,0.2777777777777778,0.2857142857142857,0.02857142857142857,0.08571428571428572,0.22857142857142856,-1.1194593136897302,0.09327643336291701,0.1111111111111111,0.3055555555555556,0,0
2020,16,TEN,1,28,36,0.39668143085041974,0.25693738346510664,0.6785714285714286,0.5,0.19230769230769232,0.19230769230769232,0.15384615384615385,1.1904327042226226,-0.007763492889351123,0.03571428571428571,0.07142857142857142,0.375,0.125
2020,16,WAS,1,34,33,-0.09492115274598982,-0.11571271040046462,0.4411764705882353,0.2727272727272727,0.0625,0.1875,0.34375,0.021232080354820475,0.6211117184879682,0.11764705882352941,0.14705882352941177,0.3333333333333333,0.16666666666666666
2020,17,ARI,1,42,28,-0.007969270704147107,-0.3316644959911525,0.35714285714285715,0.21428571428571427,0.175,0.225,0.075,0.37361195653728724,0.2535955452670667,0.047619047619047616,0.11904761904761904,0,0
2020,17,ATL,1,43,21,0.5030280014175087,-0.02066670942336494,0.5348837209302325,0.6190476190476191,0.19047619047619047,0.3333333333333333,0.21428571428571427,0.744396417335209,0.3214678991547171,0.023255813953488372,0.046511627906976744,0.1,0.2
2020,17,BAL,1,21,19,-1.1574314208244476,0.04905913844949696,0.19047619047619047,0.42105263157894735,0,0.2857142857142857,0.14285714285714285,-1.2557058758781467,-0.19541614853854702,0,0.09523809523809523,0,0
2020,17,BUF,1,63,18,-0.1963710066025624,-0.0667065426888361,0.4603174603174603,0.3888888888888889,0.13114754098360656,0.21311475409836064,0.2786885245901639,-0.21897129747622573,-0.30409411628223826,0.015873015873015872,0.06349206349206349,0,0.4
2020,17,CAR,1,35,29,0.17964039556340228,0.1393237601431764,0.5714285714285714,0.41379310344827586,0.17647058823529413,0.17647058823529413,0.2647058823529412,0.59658430427199,0.5083575118333102,0.05714285714285714,0.11428571428571428,0.6,0.3333333333333333
2020,17,CHI,1,26,18,0.7993601372738616,0.02353003117605124,0.6923076923076923,0.4444444444444444,0.28,0.16,0.4,1.1030868074740294,1.9630084636679386,0.038461538461538464,0.23076923076923078,0.6,0.16666666666666666
2020,17,CIN,1,24,49,0.433290372200039,0.307830715142869,0.5416666666666666,0.46938775510204084,0.21052631578947367,0.3157894736842105,0.3157894736842105,0.8721529686105594,0.33242888805883364,0,0.08333333333333333,0.3333333333333333,0.25
2020,17,CLE,1,47,19,0.15370480819473437,0.006828811864459172,0.3617021276595745,0.42105263157894735,0.21739130434782608,0.21739130434782608,0.2391304347826087,1.274861120199785,-0.1992591140130162,0.02127659574468085,0.10638297872340426,0.16666666666666666,0
2020,17,DAL,1,29,26,0.09637908915343923,-0.16308612734428596,0.5517241379310345,0.34615384615384615,0.07407407407407407,0.2962962962962963,0.2222222222222222,0.18110755966336034,0.22953281217875596,0.06896551724137931,0.20689655172413793,1,0
2020,17,DEN,1,42,23,0.08102364370625954,0.03732732445021865,0.5,0.43478260869565216,0.14285714285714285,0.21428571428571427,0.2857142857142857,1.7087006676722194,-0.14000780433222376,0.07142857142857142,0.11904761904761904,0,0.5
2020,17,DET,1,43,31,0.4343046182463018,0.022765257615491245,0.5581395348837209,0.4838709677419355,0.18604651162790697,0.11627906976744186,0.20930232558139536,1.7954168690484955,0.543565700988337,0.06976744186046512,0.11627906976744186,0.14285714285714285,0.14285714285714285
2020,17,GB,1,45,29,-0.15239178173652254,-0.06079374015103564,0.4888888888888889,0.5172413793103449,0.11627906976744186,0.13953488372093023,0.27906976744186046,0.03855194380351611,0.14038959309497492,0.022222222222222223,0.06666666666666667,0,0.2
2020,17,HOU,1,31,39,0.34692708019719776,0.23219810643220906,0.5161290322580645,0.5128205128205128,0.2413793103448276,0.20689655172413793,0.20689655172413793,0.0916241128717763,-0.31819836442203503,0.06451612903225806,0.25806451612903225,0.25,0.42857142857142855
2020,17,IND,1,48,17,-0.2625004964647811,-0.2504191937418109,0.4166666666666667,0.29411764705882354,0.14583333333333334,0.08333333333333333,0.3541666666666667,0.18479514199134203,0.4820467521443359,0.125,0.20833333333333334,1,0
2020,17,JAX,1,28,37,0.03488176849475378,0.13137063550475855,0.5357142857142857,0.4594594594594595,0.14285714285714285,0.17857142857142858,0.21428571428571427,-0.9057882854947816,-0.23022667025603946,0,0.03571428571428571,0.25,0.1111111111111111
2020,17,KC,1,36,34,0.5771709919277407,-0.09808719341869153,0.5833333333333334,0.4411764705882353,0.3142857142857143,0.14285714285714285,0.08571428571428572,1.2250736477784818,0.9337598917772963,0.08333333333333333,0.1388888888888889,0.25,0.13333333333333333
2020,17,LA,1,31,18,-0.3422254754912942,-0.26042589248067427,0.3870967741935484,0.3333333333333333,0.0967741935483871,0.22580645161290322,0.1935483870967742,-0.9420685776654991,1.4074729963899169,0.12903225806451613,0.16129032258064516,0.2,0
2020,17,LAC,1,33,17,0.39189350391406486,-0.2717067769981978,0.5454545454545454,0.4117647058823529,0.15151515151515152,0.09090909090909091,0.15151515151515152,-0.544104610802606,0.9852478110813527,0.030303030303030304,0.15151515151515152,0.25,0.25
2020,17,LV,1,45,31,0.11013828259180343,-0.1683696870759667,0.4222222222222222,0.3225806451612903,0.1590909090909091,0.18181818181818182,0.09090909090909091,1.4762476949988095,2.969140891756978,0.044444444444444446,0.06666666666666667,0.125,0.16666666666666666
2020,17,MIA,1,40,24,0.4098085982273912,-0.11499383790699808,0.575,0.3333333333333333,0.23076923076923078,0.3076923076923077,0.20512820512820512,0.7017484232540767,1.3594258220837223,0.025,0.05,0.4,0.5
2020,17,MIN,1,36,20,0.256072386894358,0.31594499955390337,0.4722222222222222,0.6,0.29411764705882354,0.4117647058823529,0.23529411764705882,1.1093352554598819,-0.6507920286657056,0.027777777777777776,0.027777777777777776,0.16666666666666666,0.6666666666666666
2020,17,NE,1,37,25,-0.010752062122903912,0.10428706194972616,0.5135135135135135,0.68,0.13513513513513514,0.24324324324324326,0.21621621621621623,-0.4495473080961454,0.9850392110311075,0.08108108108108109,0.16216216216216217,0,0.2
2020,17,NO,1,41,19,-0.575577890539468,-0.027638828469207524,0.36585365853658536,0.5789473684210527,0.125,0.35,0.275,-0.45304962635522555,-1.3965935288579203,0.07317073170731707,0.14634146341463414,0,1
2020,17,NYG,1,57,23,-0.15380097682554117,0.029983360140840177,0.43859649122807015,0.4782608695652174,0.018867924528301886,0.07547169811320754,0.24528301886792453,-0.09895419668464395,-0.05195395331471599,0.10526315789473684,0.15789473684210525,0,0.25
2020,17,NYJ,1,34,29,0.37284710087388867,0.10507409732812895,0.5588235294117647,0.4482758620689655,0.2647058823529412,0.11764705882352941,0.2647058823529412,0.7844393350824237,0.679576142115466,0.08823529411764706,0.17647058823529413,1,0
2020,17,PHI,1,35,27,-0.23564930981932275,-0.18134630773069868,0.4,0.2962962962962963,0.11428571428571428,0,0.08571428571428572,0,1.302345595759106,0.08571428571428572,0.14285714285714285,0.4,0
2020,17,PIT,1,35,27,0.2238837823892059,0.029349158692639096,0.5428571428571428,0.4444444444444444,0.12903225806451613,0.16129032258064516,0.3225806451612903,0.6994550319970596,0.5766234085720493,0.11428571428571428,0.11428571428571428,0.16666666666666666,0.16666666666666666
2020,17,SEA,1,41,23,0.17138325109561306,-0.24264902098397956,0.4878048780487805,0.34782608695652173,0.2,0.125,0.15,1.1810127111384652,0.34818367818328216,0.07317073170731707,0.17073170731707318,0.14285714285714285,0.3333333333333333
2020,17,SF,1,42,23,0.05448506560073155,0.06608362418078072,0.47619047619047616,0.4782608695652174,0.13157894736842105,0.13157894736842105,0.10526315789473684,-0.8147650287603025,1.0837359618599296,0.047619047619047616,0.09523809523809523,0.2,0.125
2020,17,TB,1,45,26,0.19017336061488835,-0.14648849595463512,0.4888888888888889,0.34615384615384615,0.2,0.08888888888888889,0.3333333333333333,0.5608517828368336,-0.005709522966451201,0.022222222222222223,0.13333333333333333,0.2222222222222222,0.09090909090909091
2020,17,TEN,1,48,14,0.2595986749404967,0.21100798459208095,0.5,0.5,0.2,0.2,0.17777777777777778,1.7188175967571102,0.33208639667949563,0.08333333333333333,0.125,0.125,0.5
2020,17,WAS,1,42,23,-0.3136896342129192,-0.2801406220343145,0.30952380952380953,0.391304347826087,0.05555555555555555,0.2222222222222222,0.08333333333333333,0.2166846384825467,1.0764047224559654,0.07142857142857142,0.21428571428571427,0,0.3333333333333333
