season,week,defense,def_games,def_dropbacks,def_rushes,def_pass_epa_allowed,def_rush_epa_allowed,def_pass_success_allowed,def_rush_success_allowed,def_explosive_pass_rate,def_deep_pass_rate,def_middle_pass_rate,def_deep_epa_allowed,def_middle_epa_allowed,def_sack_rate,def_qb_hit_rate,def_redzone_pass_td_rate,def_redzone_rush_td_rate
2022,1,ARI,1,41,25,0.6981480976162869,-0.031017473830142563,0.7073170731707317,0.36,0.28205128205128205,0.15384615384615385,0.1794871794871795,0.9146925213572104,0.641178771770293,0,0.14634146341463414,0.38461538461538464,0.3333333333333333
2022,1,ATL,1,41,18,-0.04890998616179224,0.3800965038268938,0.4634146341463415,0.5555555555555556,0.1794871794871795,0.2564102564102564,0.1282051282051282,1.31930212797015,0.9281888560275554,0.0975609756097561,0.17073170731707318,0.5,0.5
2022,1,BAL,1,62,17,-0.19196886798088564,-0.23527759442325016,0.4032258064516129,0.29411764705882354,0.08064516129032258,0.11290322580645161,0.1774193548387097,0.8235272424603222,-1.0443405672532131,0.04838709677419355,0.14516129032258066,0.08333333333333333,0
2022,1,BUF,1,49,17,-0.33850295750963033,-0.08393605328028045,0.42857142857142855,0.29411764705882354,0.10416666666666667,0.125,0.1875,-0.6844999970538399,-1.2520604227126262,0.14285714285714285,0.30612244897959184,0.25,0
2022,1,CAR,1,38,36,-0.21384161214234604,0.25614102161483754,0.34210526315789475,0.5,0.11428571428571428,0.11428571428571428,0.08571428571428572,-0.5126901813782763,0.4094782597967427,0.02631578947368421,0.13157894736842105,0.25,0
2022,1,CHI,1,34,33,-0.2604938738519703,-0.06559244047490563,0.35294117647058826,0.48484848484848486,0.16666666666666666,0.16666666666666666,0.36666666666666664,0.9620972804143103,-0.6397074142693208,0.058823529411764705,0.08823529411764706,0,0.1
2022,1,CIN,1,41,20,-0.10720544656883259,-0.17673585936863725,0.36585365853658536,0.25,0.05128205128205128,0.23076923076923078,0.20512820512820512,-0.058513025903833796,-0.04704023514416549,0.024390243902439025,0.12195121951219512,0.3333333333333333,0
2022,1,CLE,1,32,18,0.031316147637880765,-0.012727858343835304,0.34375,0.3333333333333333,0.12903225806451613,0.12903225806451613,0.12903225806451613,1.6352231215933,0.8502697404765066,0.125,0.125,0,0.4
2022,1,DAL,1,29,33,0.036236329474974065,-0.05052437510319019,0.5517241379310345,0.42424242424242425,0.1724137931034483,0.3103448275862069,0.20689655172413793,0.165349757606198,-0.6641200247395312,0.06896551724137931,0.13793103448275862,0.2,0
2022,1,DEN,1,31,18,0.10805707045521458,-0.19287085126658582,0.4838709677419355,0.2222222222222222,0.2,0.1,0.16666666666666666,2.4250659392758567,1.3207260869167827,0.06451612903225806,0.12903225806451613,0,0
2022,1,DET,1,44,28,0.3247177873729836,0.13861181711711512,0.5227272727272727,0.5357142857142857,0.21212121212121213,0.06060606060606061,0.21212121212121213,2.7785930283716898,0.716641013618625,0.022727272727272728,0.11363636363636363,0,0.5714285714285714
2022,1,GB,1,33,28,0.28097571384113873,-0.05104640618706717,0.45454545454545453,0.39285714285714285,0.18181818181818182,0.12121212121212122,0.18181818181818182,3.01826652296586,0.2777040250075523,0.030303030303030304,0.24242424242424243,0.125,0
2022,1,HOU,1,54,36,0.08531029313426533,-0.15047738608942976,0.48148148148148145,0.5,0.17307692307692307,0.11538461538461539,0.25,0.1580396145000132,0.4919592708147971,0.037037037037037035,0.12962962962962962,0.1111111111111111,0.125
2022,1,IND,1,41,27,-0.13238758537541317,-0.23480587217879176,0.4634146341463415,0.4074074074074074,0.1,0.175,0.075,0.5936835482383934,0.9114099792010758,0.07317073170731707,0.12195121951219512,1,0
2022,1,JAX,1,47,25,0.19072843527364886,-0.22721860907739075,0.44680851063829785,0.28,0.22727272727272727,0.20454545454545456,0.22727272727272727,0.8191449788994045,-0.40916983327479056,0.02127659574468085,0.0851063829787234,0.4,0
2022,1,KC,1,46,19,0.025349857763306307,-0.037629908826936925,0.41304347826086957,0.3684210526315789,0.11627906976744186,0.16279069767441862,0.18604651162790697,-0.34245003109598215,0.09930067782988775,0.06521739130434782,0.13043478260869565,0.2857142857142857,0.3333333333333333
2022,1,LA,1,38,20,0.5296341536589433,-0.5065644894988509,0.631578947368421,0.3,0.18181818181818182,0.12121212121212122,0.18181818181818182,2.8849543582777475,0.2468750561432294,0.05263157894736842,0.05263157894736842,0.25,0.5
2022,1,LAC,1,44,13,-0.1658527942892162,-0.050536642760002845,0.4090909090909091,0.46153846153846156,0.1590909090909091,0.20454545454545456,0.1590909090909091,0.535321096006858,0.5799997495570495,0.13636363636363635,0.20454545454545456,0.2857142857142857,0
2022,1,LV,1,35,30,0.48257349987136744,-0.4834398648313562,0.5714285714285714,0.3,0.17647058823529413,0.17647058823529413,0.17647058823529413,1.0864368257428234,1.1808696166678017,0,0.08571428571428572,0.2857142857142857,0
2022,1,MIA,1,33,21,-0.2837357906391845,-0.1765320239411227,0.45454545454545453,0.42857142857142855,0.15625,0.21875,0.21875,-0.7774046729817733,-0.8402871087226755,0.06060606060606061,0.09090909090909091,0.3333333333333333,0
2022,1,MIN,1,43,18,-0.27760806448790165,0.03595868138492972,0.4418604651162791,0.5,0.09302325581395349,0.11627906976744186,0.18604651162790697,-0.8910734115750539,-0.35571499154320907,0.09302325581395349,0.11627906976744186,0,0.25
2022,1,NE,1,36,23,0.1626758674563404,-0.3456650164368076,0.5,0.391304347826087,0.08333333333333333,0.19444444444444445,0.2777777777777778,-0.13790020449752172,0.7428025237633847,0.08333333333333333,0.19444444444444445,0,0
2022,1,NO,1,38,33,-0.04951350475263576,0.009087546451623869,0.5526315789473685,0.48484848484848486,0.09090909090909091,0.21212121212121213,0.2727272727272727,-0.6789616634211209,0.46748645652809856,0,0.02631578947368421,0,0.4
2022,1,NYG,1,35,25,0.274424456018014,-0.30958975187968474,0.5428571428571428,0.28,0.08823529411764706,0.17647058823529413,0.14705882352941177,-0.004377852681502166,1.2489421880804,0.02857142857142857,0.14285714285714285,0.3333333333333333,0
2022,1,NYJ,1,34,19,0.16795155600124168,-0.28038356719097424,0.4117647058823529,0.3157894736842105,0.15625,0.25,0.21875,0.8686258759771592,0.6630338089467384,0.058823529411764705,0.08823529411764706,0.25,0
2022,1,PHI,1,39,27,-0.014439683275458534,0.32081299214473,0.358974358974359,0.5185185185185185,0.23684210526315788,0.21052631578947367,0.13157894736842105,0.6120302742419877,0.05955221441108738,0.02564102564102564,0.1282051282051282,0.16666666666666666,0.375
2022,1,PIT,1,66,29,-0.21335206168866797,-0.22747147328657863,0.45454545454545453,0.1724137931034483,0.13114754098360656,0.14754098360655737,0.26229508196721313,0.39756042497982963,0.23914036698079175,0.10606060606060606,0.16666666666666666,0.13333333333333333,0
2022,1,SEA,1,45,19,0.3273259811879183,-0.4922002778192487,0.4666666666666667,0.5263157894736842,0.18181818181818182,0.22727272727272727,0.11363636363636363,1.2263056609604979,0.15630704217091423,0.044444444444444446,0.17777777777777778,0,0
2022,1,SF,1,23,33,0.08583011122865851,-0.22415311227968862,0.34782608695652173,0.24242424242424243,0.15789473684210525,0.3157894736842105,0.21052631578947367,1.2958687189869431,0.3553805999254125,0.08695652173913043,0.13043478260869565,1,0.16666666666666666
2022,1,TB,1,46,18,-0.4357245552813112,-0.08615426167509418,0.30434782608695654,0.5555555555555556,0.10869565217391304,0.15217391304347827,0.21739130434782608,-0.17540378064482812,0.13473158865817864,0.08695652173913043,0.17391304347826086,0,0
2022,1,TEN,1,31,29,-0.2093544041352017,0.2628609185736336,0.41935483870967744,0.4827586206896552,0.037037037037037035,0.1111111111111111,0.2222222222222222,1.5546282263239863,0.5449977278476574,0.16129032258064516,0.25806451612903225,0.25,0.1111111111111111
2022,1,WAS,1,46,17,-0.005639554051099175,0.2196136458009917,0.45652173913043476,0.47058823529411764,0.1111111111111111,0.2,0.2222222222222222,0.019807134722066175,0.2281812514297793,0.043478260869565216,0.21739130434782608,0.08333333333333333,0.3333333333333333
2022,2,ARI,1,41,20,-0.09220464615244676,-0.05506546015967636,0.4634146341463415,0.45,0.1,0.15,0.25,0.8494113216875114,0.46980722542470954,0.024390243902439025,0.17073170731707318,0.2857142857142857,0
2022,2,ATL,1,37,26,0.03727598727077041,-0.02546323691002231,0.6486486486486487,0.4230769230769231,0.10810810810810811,0.13513513513513514,0.16216216216216217,-0.9427578593255025,-1.4201482966115393,0.02702702702702703,0.05405405405405406,0.2727272727272727,0.16666666666666666
2022,2,BAL,1,51,18,0.5273229019498387,0.22441225244579627,0.5686274509803921,0.4444444444444444,0.21568627450980393,0.13725490196078433,0.45098039215686275,2.6884951614442136,1.143287872823471,0.0196078431372549,0.0392156862745098,0.4,0
2022,2,BUF,1,28,25,-0.4246670349592535,-0.3304961021151392,0.39285714285714285,0.4,0.11538461538461539,0.15384615384615385,0.15384615384615385,-1.5032788845273874,0.9604142916505225,0.07142857142857142,0.10714285714285714,0,0.5
2022,2,CAR,1,43,27,-0.031786702281287875,-0.33631029111522875,0.32558139534883723,0.2962962962962963,0.10810810810810811,0.13513513513513514,0.24324324324324326,0.8457335428451204,0.5957432668332733,0.06976744186046512,0.20930232558139536,0.16666666666666666,0
2022,2,CHI,1,29,37,0.4412785951349325,-0.03700273240070054,0.5517241379310345,0.5405405405405406,0.21428571428571427,0.10714285714285714,0.35714285714285715,1.59960946725914,0.9561150408652895,0.10344827586206896,0.13793103448275862,0.25,0.25
2022,2,CIN,1,33,26,0.071067433152559,-0.09113388437701658,0.42424242424242425,0.38461538461538464,0.1875,0.125,0.21875,1.6275660996179788,0.0960875083193467,0.030303030303030304,0.15151515151515152,1,0.3333333333333333
2022,2,CLE,1,48,19,0.36633017455314687,0.011181692856266306,0.4791666666666667,0.3684210526315789,0.2127659574468085,0.1702127659574468,0.2127659574468085,1.0248642080332508,0.6673606882558518,0.041666666666666664,0.10416666666666667,0.3333333333333333,0
2022,2,DAL,1,46,22,0.1559479235622507,-0.19162367752340448,0.43478260869565216,0.2727272727272727,0.13953488372093023,0.09302325581395349,0.13953488372093023,0.679003829485735,0.22285680108082803,0.13043478260869565,0.1956521739130435,0.3333333333333333,0
2022,2,DEN,1,41,18,-0.27938851133787057,0.050640385733761756,0.2682926829268293,0.5555555555555556,0.07317073170731707,0.2682926829268293,0.21951219512195122,-0.2548568661921313,0.23461913573555665,0.07317073170731707,0.14634146341463414,0,0
2022,2,DET,1,55,19,0.09487268883597774,-0.07753426905133205,0.43636363636363634,0.3157894736842105,0.1509433962264151,0.22641509433962265,0.18867924528301888,0.19188764543893344,-0.11331188003532702,0.09090909090909091,0.2,0.25,0.3333333333333333
2022,2,GB,1,16,25,-0.47132278765639024,0.176130948569748,0.1875,0.56,0.07142857142857142,0.2857142857142857,0.21428571428571427,0.24592568186926594,0.07800648210104603,0.1875,0.3125,0,0.14285714285714285
2022,2,HOU,1,35,30,-9.787114955957601e-4,-0.10483952737413359,0.34285714285714286,0.36666666666666664,0.17647058823529413,0.20588235294117646,0.23529411764705882,0.9215713147755835,-0.549919030733671,0.08571428571428572,0.17142857142857143,0,0
2022,2,IND,1,30,37,0.5852366048153694,-0.2766537943790429,0.6333333333333333,0.2702702702702703,0.23333333333333334,0.1,0.23333333333333334,0.05861757691794267,0.6085933890260222,0,0.06666666666666667,0.6666666666666666,0
2022,2,JAX,1,35,13,-0.5814055306387931,-0.04856315676722906,0.3142857142857143,0.15384615384615385,0.08571428571428572,0.14285714285714285,0.22857142857142856,-0.3580927094910288,0.5760369476120099,0.14285714285714285,0.3142857142857143,0,0
2022,2,KC,1,50,24,-0.018437967855598036,0.06607811127711716,0.48,0.5,0.14,0.14,0.1,1.2456090522630667,1.28679046074394,0.04,0.16,0.42857142857142855,0
2022,2,LA,1,33,24,0.004062025338374884,-0.36469177014563087,0.5151515151515151,0.3333333333333333,0.13333333333333333,0.13333333333333333,0.13333333333333333,-0.04400908101524628,-0.4566977468057298,0.09090909090909091,0.18181818181818182,0.2222222222222222,0
2022,2,LAC,1,36,18,0.13452731268118562,-0.14589046711140913,0.4722222222222222,0.3333333333333333,0.19444444444444445,0.1388888888888889,0.08333333333333333,0.908430958969983,-1.2146920293791366,0.027777777777777776,0.1111111111111111,0.2,0
2022,2,LV,1,53,27,-0.034758982875432325,0.16162282602023337,0.4528301886792453,0.5925925925925926,0.09803921568627451,0.09803921568627451,0.1568627450980392,-0.8690966935828328,0.6369510043368795,0.018867924528301886,0.09433962264150944,0.08333333333333333,0.4
2022,2,MIA,1,31,23,0.6743661217548,-0.2812168271237803,0.6129032258064516,0.21739130434782608,0.13793103448275862,0.2413793103448276,0.41379310344827586,0.5764121128423754,1.2070378305794798,0,0,0.5,0
2022,2,MIN,1,38,30,0.3199047655678015,0.1542373220533288,0.5,0.5333333333333333,0.14705882352941177,0.20588235294117646,0.20588235294117646,1.0554590009567315,1.107863813435658,0.07894736842105263,0.13157894736842105,0,1
2022,2,NE,1,38,21,-0.12041583745335267,0.04202160963212122,0.39473684210526316,0.5238095238095238,0.08108108108108109,0.16216216216216217,0.16216216216216217,-0.4455857107629224,-0.6820583105921597,0.07894736842105263,0.07894736842105263,0.3333333333333333,0
2022,2,NO,1,35,30,0.06939162787030244,-0.6853220410897239,0.3142857142857143,0.23333333333333334,0.17142857142857143,0.2857142857142857,0.2,0.2487106685020128,0.38772045353874385,0.02857142857142857,0.05714285714285714,0,0
2022,2,NYG,1,36,18,-0.31093919638672096,0.4782439830693574,0.3055555555555556,0.7222222222222222,0.12903225806451613,0.25806451612903225,0.16129032258064516,0.22679214124218597,-0.03221222020835719,0.05555555555555555,0.1111111111111111,0.125,0
2022,2,NYJ,1,32,33,0.480877706190998,0.10359453693893018,0.625,0.3939393939393939,0.17857142857142858,0.10714285714285714,0.07142857142857142,1.0897209716107092,1.3288647160225107,0.03125,0.125,0.16666666666666666,0.375
2022,2,PHI,1,50,9,-0.25276251019095053,0.0036895887007835867,0.48,0.4444444444444444,0.10416666666666667,0.10416666666666667,0.1875,-0.656703402404673,-0.5243877636967225,0.04,0.14,0.1,0
2022,2,PIT,1,38,28,0.14270035490272306,-0.0038796814832105595,0.5,0.42857142857142855,0.14285714285714285,0.22857142857142856,0.45714285714285713,0.052443642736761956,0.47307058577644123,0,0.07894736842105263,0,0.2
2022,2,SEA,1,25,45,0.0644421608985848,0.008041083633816533,0.44,0.35555555555555557,0.2,0.12,0.12,-0.06917163857724325,0.47731989098247235,0.04,0.16,0,0.15384615384615385
2022,2,SF,1,33,14,-0.3874242497673328,-0.2710678133901505,0.3939393939393939,0.42857142857142855,0.030303030303030304,0.09090909090909091,0.12121212121212122,-0.15809584905703988,-0.48472464441147217,0.06060606060606061,0.2727272727272727,0,0
2022,2,TB,1,47,19,-0.4556689782208507,-0.2792861791033497,0.3829787234042553,0.42105263157894735,0.13043478260869565,0.2391304347826087,0.17391304347826086,-1.1847033278794366,0.0724310575023979,0.1276595744680851,0.1702127659574468,0.16666666666666666,0
2022,2,TEN,1,42,23,0.3882129130168062,-0.297014482461078,0.5238095238095238,0.2608695652173913,0.21951219512195122,0.1951219512195122,0.1951219512195122,1.0205910814402162,0.5425975166768218,0.023809523809523808,0.07142857142857142,0.3,0
2022,2,WAS,1,37,24,0.03298738168020756,0.00778512172304592,0.40540540540540543,0.2916666666666667,0.16216216216216217,0.16216216216216217,0.2702702702702703,0.507007010950473,0.5187159112538211,0.08108108108108109,0.2702702702702703,0.375,0
2022,3,ARI,1,27,19,0.4056915716533633,-0.1870015987997733,0.5185185185185185,0.47368421052631576,0.34615384615384615,0.19230769230769232,0.2692307692307692,-0.18893914357759076,0.6455817014544412,0.037037037037037035,0.18518518518518517,0,0.3333333333333333
2022,3,ATL,1,46,23,0.25831585319886957,0.06057603089594378,0.5869565217391305,0.5217391304347826,0.15217391304347827,0.21739130434782608,0.30434782608695654,0.889870674337726,0.31862302613169535,0.043478260869565216,0.10869565217391304,0.2222222222222222,0
2022,3,BAL,1,41,23,-0.06220077779364803,0.12286325725321891,0.4634146341463415,0.43478260869565216,0.19444444444444445,0.3611111111111111,0.2222222222222222,0.1961554802233318,-0.22877884338678317,0.07317073170731707,0.0975609756097561,0,0.6
2022,3,BUF,1,22,17,0.30928288374773455,-0.09280790853731836,0.5,0.35294117647058826,0.13636363636363635,0.18181818181818182,0.3181818181818182,1.758115356438792,0.9600380765789727,0.09090909090909091,0.09090909090909091,0.5,0.4
2022,3,CAR,1,42,22,0.18869379151057344,-0.5390423206607179,0.5238095238095238,0.36363636363636365,0.16666666666666666,0.2619047619047619,0.11904761904761904,0.981112516302594,-0.9729907545959589,0.023809523809523808,0.14285714285714285,0.16666666666666666,0.5
2022,3,CHI,1,33,24,-0.17390551109940627,0.013671314302483176,0.3939393939393939,0.4166666666666667,0.18181818181818182,0.2727272727272727,0.24242424242424243,1.0230870937618133,0.519712475659619,0.030303030303030304,0.09090909090909091,0.3333333333333333,0.1111111111111111
2022,3,CIN,1,56,20,-0.41854832004706266,-0.04845390743284959,0.375,0.35,0.05357142857142857,0.2857142857142857,0.125,-0.5503957222986947,-0.8078096940797481,0.07142857142857142,0.17857142857142858,0,0
2022,3,CLE,1,33,22,-0.2510136540150499,0.28457388841144904,0.42424242424242425,0.5909090909090909,0.06060606060606061,0.36363636363636365,0.12121212121212122,0.049401051253273584,0.15367449641052977,0.030303030303030304,0.06060606060606061,0,0.3333333333333333
2022,3,DAL,1,49,18,-0.13900559727039447,0.12418161547328851,0.46938775510204084,0.3888888888888889,0.047619047619047616,0.16666666666666666,0.23809523809523808,-0.7051458279479845,-0.42523886721908594,0.10204081632653061,0.24489795918367346,0,0
2022,3,DEN,1,33,19,-0.2798095753126483,-0.3426589888189678,0.42424242424242425,0.3684210526315789,0.12121212121212122,0.24242424242424243,0.45454545454545453,0.4929994759659155,-0.31299587252627475,0.12121212121212122,0.18181818181818182,0.3333333333333333,0
2022,3,DET,1,42,25,-0.033077348211143894,-0.014276663578348526,0.4523809523809524,0.64,0.09523809523809523,0.14285714285714285,0.14285714285714285,0.7437140864785762,-0.022844136770193816,0.023809523809523808,0.16666666666666666,0.16666666666666666,0.6666666666666666
2022,3,GB,1,46,14,-0.16881453419214837,-0.3047569613949495,0.391304347826087,0.42857142857142855,0.06521739130434782,0.08695652173913043,0.2391304347826087,0.29173396654992423,-0.10701673741183235,0.06521739130434782,0.08695652173913043,0.16666666666666666,0
2022,3,HOU,1,25,37,-0.1397671775252784,0.038353095346958785,0.36,0.43243243243243246,0.13636363636363635,0.22727272727272727,0.22727272727272727,-0.6884384340140977,-0.3164694022387281,0.2,0.28,0,0.2857142857142857
2022,3,IND,1,42,19,0.14897361033209286,-0.21564386335835703,0.47619047619047616,0.2631578947368421,0.10526315789473684,0.21052631578947367,0.23684210526315788,0.685363011711161,-0.5030509280752282,0.023809523809523808,0.11904761904761904,0.1111111111111111,0.14285714285714285
2022,3,JAX,1,47,11,-0.1614816669083515,-0.6584327986029991,0.40425531914893614,0.2727272727272727,0.13043478260869565,0.15217391304347827,0.1956521739130435,0.32833129646522713,0.686364164752576,0.02127659574468085,0.1276595744680851,0.14285714285714285,0
2022,3,KC,1,43,26,-0.09907365932007953,-0.25665723187893746,0.4418604651162791,0.38461538461538464,0.16666666666666666,0.07142857142857142,0.23809523809523808,0.14674964318207165,1.0270791612478205,0.11627906976744186,0.23255813953488372,0.6666666666666666,0
2022,3,LA,1,62,19,-0.09640532969490635,0.15798562074135258,0.3548387096774194,0.5263157894736842,0.08333333333333333,0.08333333333333333,0.11666666666666667,-0.5733597325686102,-0.03247976810338686,0.03225806451612903,0.08064516129032258,0,0
2022,3,LAC,1,41,35,0.3450722683713096,0.05510844318528803,0.6097560975609756,0.34285714285714286,0.225,0.075,0.175,-0.38383290301620226,0.5489126963429766,0,0.04878048780487805,0.25,0
2022,3,LV,1,28,27,0.4357064707603839,-0.14208130293970184,0.5714285714285714,0.4074074074074074,0.21428571428571427,0.21428571428571427,0.32142857142857145,0.20814191007714988,0.3846562443068256,0.03571428571428571,0.17857142857142858,0.3333333333333333,0.6666666666666666
2022,3,MIA,1,71,19,0.1751923082926176,-0.1521196158627341,0.5352112676056338,0.42105263157894735,0.11940298507462686,0.16417910447761194,0.31343283582089554,0.4356411268183196,0.2131225733457886,0.056338028169014086,0.14084507042253522,0.14285714285714285,0
2022,3,MIN,1,43,33,0.14532828309077248,-0.09554841030530667,0.4418604651162791,0.3939393939393939,0.14634146341463414,0.24390243902439024,0.14634146341463414,-0.07101659473846639,1.774931208075336,0,0.046511627906976744,0.5,1
2022,3,NE,1,34,25,0.08886702443019714,0.37693744865711853,0.47058823529411764,0.48,0.21212121212121213,0.24242424242424243,0.24242424242424243,-0.747879671701286,0.9122191782225838,0.11764705882352941,0.14705882352941177,0.4,0.25
2022,3,NO,1,28,32,-0.17087638356399443,-0.09981818254027147,0.25,0.375,0.14285714285714285,0.21428571428571427,0.17857142857142858,-0.5523065749051357,-0.4208449656509966,0.10714285714285714,0.17857142857142858,0,0
2022,3,NYG,1,31,30,0.10926111541496711,0.18309823932553,0.4838709677419355,0.4666666666666667,0.12903225806451613,0.1935483870967742,0.0967741935483871,0.17572999307109652,-0.021598502835520297,0,0.06451612903225806,0.14285714285714285,0.2
2022,3,NYJ,1,39,27,0.3105968341206444,-0.3100608141464601,0.4358974358974359,0.4444444444444444,0.15789473684210525,0.13157894736842105,0.10526315789473684,0.7804502966231669,1.328130770940334,0.05128205128205128,0.23076923076923078,0.2857142857142857,0
2022,3,PHI,1,56,19,-0.3608167087308412,-0.16127309504908655,0.3392857142857143,0.42105263157894735,0.11320754716981132,0.16981132075471697,0.24528301886792453,0.2964336620773089,-0.32790230208327276,0.16071428571428573,0.26785714285714285,0,0.25
2022,3,PIT,1,33,38,0.04410096751691615,0.17018778403105753,0.48484848484848486,0.47368421052631576,0.18181818181818182,0.12121212121212122,0.30303030303030304,0.2283579386712497,-0.08911080225755592,0.06060606060606061,0.09090909090909091,0.3333333333333333,0.1
2022,3,SEA,1,25,29,0.5920769238945516,0.0626054318834515,0.56,0.4482758620689655,0.391304347826087,0.391304347826087,0.17391304347826086,0.70756671932112,0.7635810668507477,0.12,0.24,0.5,0.4
2022,3,SF,1,41,30,-0.2822516535082626,-0.28185109855839946,0.2682926829268293,0.3,0.10526315789473684,0.15789473684210525,0.23684210526315788,0.708049998841791,-0.41441520238812524,0.0975609756097561,0.21951219512195122,0,0.5
2022,3,TB,1,36,25,0.020293168644356072,-0.3015401338017547,0.5,0.24,0.2222222222222222,0.1111111111111111,0.19444444444444445,0.10006668604182824,-1.0913448756826785,0.027777777777777776,0.16666666666666666,0.5,0
2022,3,TEN,1,49,17,0.15386733624534688,-0.054072469806723034,0.4489795918367347,0.35294117647058826,0.1276595744680851,0.2127659574468085,0.2553191489361702,0.9394177389751467,0.06530799801112178,0.02040816326530612,0.10204081632653061,0.11764705882352941,0
2022,3,WAS,1,41,27,0.36649722267480195,-0.5560173707210068,0.4146341463414634,0.25925925925925924,0.2894736842105263,0.23684210526315788,0.2631578947368421,0.7297619197828075,0.32264895795640214,0.07317073170731707,0.14634146341463414,0.2222222222222222,0
2022,4,ARI,1,39,13,-0.34135812759998946,-0.8572059994688832,0.38461538461538464,0.3076923076923077,0.10256410256410256,0.1282051282051282,0.20512820512820512,-0.9035700014675963,0.429725732319639,0.05128205128205128,0.07692307692307693,0.3333333333333333,0
2022,4,ATL,1,38,33,-0.0971780010680685,0.2245986870865721,0.3684210526315789,0.5454545454545454,0.05555555555555555,0.2222222222222222,0.2222222222222222,0.9020550303503104,0.4293657756788884,0.02631578947368421,0.18421052631578946,0,0.14285714285714285
2022,4,BAL,1,42,20,0.16480805034974935,-0.41540727780791237,0.5238095238095238,0.4,0.13513513513513514,0.1891891891891892,0.32432432432432434,0.334767878171987,0.06174058770339267,0.023809523809523808,0.11904761904761904,0.25,0.16666666666666666
2022,4,BUF,1,38,26,-0.17158887027192865,0.15152319291351324,0.4473684210526316,0.5,0.0967741935483871,0.06451612903225806,0.41935483870967744,0.7897684093622941,-0.1918617935466148,0.05263157894736842,0.10526315789473684,0.16666666666666666,0.14285714285714285
2022,4,CAR,1,36,35,-0.007317585949730513,-0.1809791388006746,0.5,0.37142857142857144,0.17647058823529413,0.17647058823529413,0.14705882352941177,0.6259456654467324,0.1652750401524827,0.027777777777777776,0.027777777777777776,0.16666666666666666,0.1111111111111111
2022,4,CHI,1,22,39,0.24646110558321416,-0.028013373907407334,0.5,0.358974358974359,0.11764705882352941,0.058823529411764705,0.11764705882352941,-1.41901237773709,-1.1302106021903475,0.045454545454545456,0.09090909090909091,0,0.3333333333333333
2022,4,CIN,1,39,21,0.02452162544589108,-0.1543556981958401,0.46153846153846156,0.3333333333333333,0.13157894736842105,0.2631578947368421,0.39473684210526316,-0.3551806165226771,0.2819916625611767,0.02564102564102564,0.23076923076923078,0.2,0
2022,4,CLE,1,20,35,-0.25671529046374625,0.20120705858926502,0.3,0.5142857142857142,0.25,0.4,0.25,0.5405312957591377,-0.06648756933864128,0.05,0.25,0,0.2857142857142857
2022,4,DAL,1,45,26,-0.38671671463470597,-0.05560798675287494,0.28888888888888886,0.3076923076923077,0.06818181818181818,0.1590909090909091,0.1590909090909091,-0.7813829576230736,-0.16698872295507589,0.044444444444444446,0.24444444444444444,0.16666666666666666,0
2022,4,DEN,1,39,35,-0.004742240592246952,-0.008694383893661081,0.48717948717948717,0.4,0.1111111111111111,0.1388888888888889,0.16666666666666666,-0.07561663140800767,0.304509340872754,0.05128205128205128,0.1282051282051282,0,0.2857142857142857
2022,4,DET,1,32,31,0.7349585631446041,0.34393989912519685,0.6875,0.41935483870967744,0.26666666666666666,0.3333333333333333,0.23333333333333334,1.4695982603559956,0.8393177272883016,0,0.09375,0.6666666666666666,0.25
2022,4,GB,1,25,33,-0.27542147480523094,0.24825040798697817,0.4,0.6363636363636364,0.12,0.12,0.08,2.172604454293227,-0.2163818727713075,0.16,0.2,0,0.3333333333333333
2022,4,HOU,1,40,27,0.41800487045048484,-0.18640962604937755,0.475,0.2962962962962963,0.275,0.2,0.225,1.1701278484130768,0.8955217594500737,0.025,0.025,0.2857142857142857,0.4
2022,4,IND,1,26,26,0.004804162952425742,0.021311692526348985,0.46153846153846156,0.4230769230769231,0.125,0.08333333333333333,0.125,0.28914380046171506,0.5259954990469858,0.11538461538461539,0.19230769230769232,0.6666666666666666,0.3333333333333333
2022,4,JAX,1,30,48,-0.27339144162746354,0.03935640767910333,0.43333333333333335,0.4375,0.10714285714285714,0.21428571428571427,0.2857142857142857,-1.2587890480742001,0.6288066785542327,0.06666666666666667,0.13333333333333333,0,0.25
2022,4,KC,1,53,6,0.17945913450631107,-0.20491056672957253,0.5849056603773585,0.3333333333333333,0.07547169811320754,0.1320754716981132,0.32075471698113206,0.23430298773954356,0.2629373370265754,0.018867924528301886,0.09433962264150944,0.5,0.5
2022,4,LA,1,28,21,0.41120690910543967,-0.09106119708823315,0.42857142857142855,0.23809523809523808,0.2222222222222222,0.18518518518518517,0.1111111111111111,0.03142663800390387,0.0730519317245724,0,0.03571428571428571,0,0
2022,4,LAC,1,39,14,-0.22343479382038695,0.3656427430812202,0.3076923076923077,0.35714285714285715,0.1794871794871795,0.23076923076923078,0.28205128205128205,0.12275715296369448,0.2635517257596893,0.10256410256410256,0.2564102564102564,0.6666666666666666,0
2022,4,LV,1,31,17,0.015081968116236754,-0.5671968096695991,0.2903225806451613,0.35294117647058826,0.21428571428571427,0.32142857142857145,0.35714285714285715,0.9518684156549465,0.5821987367351538,0.0967741935483871,0.12903225806451613,0.4,0.3333333333333333
2022,4,MIA,1,35,28,0.4586873495988069,-0.32936248914491545,0.45714285714285713,0.35714285714285715,0.21212121212121213,0.3333333333333333,0.18181818181818182,1.1669907510778013,0.5454203352197412,0.02857142857142857,0.08571428571428572,0.5,0.14285714285714285
2022,4,MIN,1,31,27,0.2447425158024542,0.09737811178934773,0.5806451612903226,0.6296296296296297,0.16129032258064516,0.2903225806451613,0.16129032258064516,0.34253165635617533,1.5514857948874132,0.06451612903225806,0.0967741935483871,0.2,0.4
2022,4,NE,1,37,34,-0.12948107456600405,0.16584767169139916,0.3783783783783784,0.5588235294117647,0.1388888888888889,0.3055555555555556,0.2222222222222222,0.5204507798400957,0.9517500622096132,0.02702702702702703,0.08108108108108109,0.6666666666666666,0.25
2022,4,NO,1,42,25,0.04541964600906691,-0.11792934511773032,0.4523809523809524,0.36,0.16666666666666666,0.11904761904761904,0.09523809523809523,0.4624386624433094,0.814864716681767,0.07142857142857142,0.16666666666666666,0.1111111111111111,0.2
2022,4,NYG,1,35,25,0.009095426103791313,-0.2272145506113101,0.34285714285714286,0.28,0.17857142857142858,0.21428571428571427,0.10714285714285714,0.9889317234046748,1.3073058883135067,0.17142857142857143,0.2571428571428571,0,0
2022,4,NYJ,1,33,27,-0.14640238886264204,2.8938725288911086e-4,0.3939393939393939,0.48148148148148145,0.13793103448275862,0.3793103448275862,0.3448275862068966,-0.35383533393244504,0.15619843500899142,0.09090909090909091,0.21212121212121213,0,1
2022,4,PHI,1,27,19,-0.3293429604468486,-0.33285461724306953,0.37037037037037035,0.47368421052631576,0.25925925925925924,0.18518518518518517,0.25925925925925924,1.3902788140345366,0.5864376446365251,0.14814814814814814,0.1111111111111111,0.6666666666666666,0
2022,4,PIT,1,40,27,0.05116034391434826,0.017207328604180432,0.4,0.37037037037037035,0.21052631578947367,0.23684210526315788,0.21052631578947367,0.5238617156412362,0.9360814098326955,0.025,0.15,0.5,0.125
2022,4,SEA,1,43,25,0.27291319740392805,0.252466575981239,0.4883720930232558,0.36,0.21428571428571427,0.3333333333333333,0.23809523809523808,-0.42634481623754655,1.5142285132576945,0.023255813953488372,0.06976744186046512,0.375,0.2
2022,4,SF,1,56,17,-0.23146329291845388,-0.18059382367049984,0.4642857142857143,0.29411764705882354,0.05454545454545454,0.07272727272727272,0.18181818181818182,-0.2846624737867395,0.6053318843886942,0.125,0.19642857142857142,0,0
2022,4,TB,1,43,34,0.2736437041389699,0.21982493769011127,0.4883720930232558,0.6176470588235294,0.225,0.125,0.3,-0.281254695614531,0.521727707030479,0.06976744186046512,0.13953488372093023,0.3,0.25
2022,4,TEN,1,41,22,0.2055182759903936,-0.6133224173337856,0.4878048780487805,0.13636363636363635,0.275,0.1,0.225,2.41154017169174,0.14112531850373242,0.07317073170731707,0.12195121951219512,0.3333333333333333,0
2022,4,WAS,1,29,28,0.040381536867164364,-0.414792121107374,0.3448275862068966,0.32142857142857145,0.21428571428571427,0.21428571428571427,0.21428571428571427,1.3167609616648386,1.1573464381702543,0.034482758620689655,0.13793103448275862,0.2,0
2022,5,ARI,1,40,31,0.1523676598200819,0.1253762657326014,0.575,0.6129032258064516,0.07894736842105263,0.10526315789473684,0.02631578947368421,1.1811885997303755,2.35072812321596,0.05,0.125,0,0.15384615384615385
2022,5,ATL,1,53,23,0.2649545245645675,-0.28993834083920106,0.5660377358490566,0.391304347826087,0.1320754716981132,0.18867924528301888,0.32075471698113206,0.4317421432642731,0.315678347316433,0,0.07547169811320754,0.14285714285714285,0.16666666666666666
2022,5,BAL,1,38,21,-0.18312596496888384,0.1473643400919779,0.4473684210526316,0.47619047619047616,0.07894736842105263,0.07894736842105263,0.21052631578947367,-1.5377869154132595,-0.7803611258641467,0.07894736842105263,0.13157894736842105,0.1,0.5
2022,5,BUF,1,56,16,-0.06761198825596483,-0.312565985848778,0.48214285714285715,0.1875,0.07272727272727272,0.12727272727272726,0.10909090909090909,-0.020458332146517884,-0.5411598714223745,0.05357142857142857,0.125,0,0
2022,5,CAR,1,32,29,0.4255448078405772,0.07524906746553389,0.46875,0.4827586206896552,0.34375,0.15625,0.21875,0.5488728173775597,0.36539473979168446,0.0625,0.15625,0.5,0.4
2022,5,CHI,1,45,30,0.3440434705977783,-0.024357155638669418,0.6444444444444445,0.4666666666666667,0.1590909090909091,0.06818181818181818,0.20454545454545456,1.1077986133362487,0.6342034542920169,0.022222222222222223,0.06666666666666667,0.1111111111111111,0.42857142857142855
2022,5,CIN,1,35,26,-0.20651485754929072,0.17554101943275346,0.37142857142857144,0.5769230769230769,0.09090909090909091,0.24242424242424243,0.30303030303030304,-0.7711251805740176,-0.1110807798484483,0.02857142857142857,0.11428571428571428,0.25,0
2022,5,CLE,1,38,31,0.21412548200102446,0.36977815060057695,0.5,0.3870967741935484,0.14285714285714285,0.14285714285714285,0,0.36510576461441957,0,0.02631578947368421,0.05263157894736842,0.125,0.16666666666666666
2022,5,DAL,1,49,15,-0.2496862923062048,-0.3461570679520564,0.3877551020408163,0.2,0.10204081632653061,0.12244897959183673,0.12244897959183673,-0.667046356509674,1.2815844039238684,0.10204081632653061,0.22448979591836735,0,0
2022,5,DEN,1,48,25,-0.26382733654801643,-0.09197048956062669,0.4166666666666667,0.28,0.1702127659574468,0.0851063829787234,0.23404255319148937,0.480211189744295,-0.16835640942533545,0.125,0.22916666666666666,0,0
2022,5,DET,1,22,34,0.2936278009361657,-0.06781015808558881,0.5454545454545454,0.3235294117647059,0.19047619047619047,0.19047619047619047,0.09523809523809523,0.7643449878669324,-1.4313603144837563,0,0,0,0
2022,5,GB,1,31,28,0.4903391935540191,0.014059967021421765,0.5806451612903226,0.39285714285714285,0.2857142857142857,0.10714285714285714,0.17857142857142858,0.20238724591521004,1.2915559658664275,0.03225806451612903,0.12903225806451613,0,0.375
2022,5,HOU,1,50,23,-0.10089021281138298,-0.12677276299243925,0.4,0.43478260869565216,0.10638297872340426,0.2978723404255319,0.3829787234042553,0.45709981419038,0.009701732390901264,0,0.02,0,0
2022,5,IND,1,45,26,-0.24963012728381961,-0.1274619235471337,0.4222222222222222,0.34615384615384615,0.11627906976744186,0.23255813953488372,0.3023255813953488,-0.3128670294762887,-0.28855393800126494,0.08888888888888889,0.15555555555555556,0,0
2022,5,JAX,1,25,31,-0.10075949229094153,-0.030258795780979897,0.4,0.3870967741935484,0.12,0.12,0.16,0.67072103894091,-0.654581516457257,0.04,0.2,0,0.5
2022,5,KC,1,33,24,0.19641816458885183,0.12750893265286387,0.36363636363636365,0.5,0.0625,0.25,0.09375,1.2302384121120225,2.2710976882954133,0.06060606060606061,0.18181818181818182,0,0.3333333333333333
2022,5,LA,1,19,35,-0.3509265533855152,0.01709596508174606,0.3157894736842105,0.37142857142857144,0.15789473684210525,0.10526315789473684,0.15789473684210525,1.5344311202643444,0.5795430596141761,0.15789473684210525,0.3157894736842105,0,0
2022,5,LAC,1,36,29,0.2789275281780776,0.04698250814870934,0.5277777777777778,0.4482758620689655,0.14705882352941177,0.2647058823529412,0.17647058823529413,0.5698708133222665,0.6329890479973987,0,0.08333333333333333,0.14285714285714285,0.2857142857142857
2022,5,LV,1,49,21,0.31324803209916974,-0.1218586188291998,0.5510204081632653,0.38095238095238093,0.14893617021276595,0.14893617021276595,0.1276595744680851,0.7069155031266364,0.5409397844289927,0.061224489795918366,0.12244897959183673,0.25,0
2022,5,MIA,1,24,32,0.15108320213651194,0.11262613612962032,0.5,0.40625,0.17391304347826086,0.30434782608695654,0.21739130434782608,-0.07463230118635841,-0.6167653470006507,0.08333333333333333,0.125,0,0.5555555555555556
2022,5,MIN,1,30,18,0.2358194338614864,-0.36450586039864075,0.5,0.16666666666666666,0.25,0.20833333333333334,0.20833333333333334,0.13546464127734065,1.5024437931599115,0.06666666666666667,0.1,0.25,0.5
2022,5,NE,1,39,25,-0.5522512279074784,-0.23821844769408973,0.358974358974359,0.4,0.13513513513513514,0.24324324324324326,0.16216216216216217,-0.24315383462494017,-0.016103324286329334,0.05128205128205128,0.15384615384615385,0,0
2022,5,NO,1,31,19,0.07534858286149898,-0.12953136421805514,0.45161290322580644,0.21052631578947367,0.13793103448275862,0.20689655172413793,0.1724137931034483,2.4073294102660534,2.0552288842969557,0.0967741935483871,0.12903225806451613,0,0
2022,5,NYG,1,41,20,0.06879245176806072,0.05757554295123545,0.4878048780487805,0.55,0.0975609756097561,0.21951219512195122,0.17073170731707318,0.10833911534347081,1.0528048710215714,0.04878048780487805,0.14634146341463414,0.25,0
2022,5,NYJ,1,36,26,-0.49725962162519327,0.17164998896008113,0.4166666666666667,0.6153846153846154,0.027777777777777776,0.1111111111111111,0.19444444444444445,-0.013282596482895231,0.2982859245052431,0.05555555555555555,0.4166666666666667,0,1
2022,5,PHI,1,44,25,0.14008878461667498,-0.007122036830988148,0.5,0.4,0.16279069767441862,0.16279069767441862,0.23255813953488372,-0.9493213481535874,-0.06819382729881883,0.022727272727272728,0.045454545454545456,0,1
2022,5,PIT,1,39,15,0.44782822192665694,0.20621316398804354,0.48717948717948717,0.4,0.2777777777777778,0.3888888888888889,0.3055555555555556,1.0053193095893869,1.2280565095769072,0,0.02564102564102564,0.2,0
2022,5,SEA,1,27,48,-0.017233995107196837,0.1088462122737259,0.48148148148148145,0.4166666666666667,0.11538461538461539,0.2692307692307692,0.19230769230769232,0.6378919230607742,0.060896641982254175,0.037037037037037035,0.18518518518518517,0.5,0.2857142857142857
2022,5,SF,1,48,18,-0.24733829871430862,0.01883552750466548,0.375,0.3333333333333333,0.10416666666666667,0.1875,0.125,0.5205060569828164,0.4099276264314524,0.125,0.1875,0,0.3333333333333333
2022,5,TB,1,35,27,0.0061791354090975125,0.1827027570387279,0.4,0.4444444444444444,0.16129032258064516,0.16129032258064516,0.16129032258064516,0.4656400295207282,0.7759321843041106,0.14285714285714285,0.2857142857142857,0.5,0.2
2022,5,TEN,1,43,15,0.026910288082733554,-0.25144141116920166,0.4883720930232558,0.13333333333333333,0.12195121951219512,0.21951219512195122,0.43902439024390244,0.7345144166223093,0.3886409057336599,0.06976744186046512,0.13953488372093023,0,0
2022,5,WAS,1,31,31,-0.05749001128001946,0.023392785739551576,0.41935483870967744,0.3870967741935484,0.2,0.1,0.3333333333333333,0.8939479417361618,0.08298901891102982,0.16129032258064516,0.3870967741935484,0.2,0.4
2022,6,ARI,1,38,28,-0.11577103917481817,-0.2921126926343758,0.5263157894736842,0.25,0,0.16666666666666666,0.16666666666666666,-0.023101976396259175,-0.7654482812989342,0.13157894736842105,0.18421052631578946,0,0.14285714285714285
2022,6,ATL,1,42,15,0.08172356525790819,-0.6874258496798576,0.5476190476190477,0.4666666666666667,0.12195121951219512,0.14634146341463414,0.3170731707317073,-1.3224303674942344,-0.3452253237214449,0,0.09523809523809523,0.5,0
2022,6,BAL,1,32,30,0.3172292559836983,-0.28552977948856995,0.5,0.4,0.25806451612903225,0.0967741935483871,0.1935483870967742,0.9985137723075833,0.008801262311559635,0.125,0.15625,0.2857142857142857,0.08333333333333333
2022,6,BUF,1,47,14,0.14222167157063043,-0.2718013404394566,0.40425531914893614,0.2857142857142857,0.18604651162790697,0.09302325581395349,0.16279069767441862,0.8190502261859353,1.0650133927910468,0.06382978723404255,0.19148936170212766,0.14285714285714285,0
2022,6,CAR,1,34,29,0.08971102797444593,-0.08821188465587722,0.5882352941176471,0.2413793103448276,0.14705882352941177,0.11764705882352941,0.14705882352941177,0.9641928918717892,0.7790059267543258,0.029411764705882353,0.058823529411764705,0.125,0.4
2022,6,CHI,1,26,28,-0.3430308599158597,0.10949356872059576,0.2692307692307692,0.5,0.038461538461538464,0.15384615384615385,0.2692307692307692,-0.19960580484872478,-0.10944479792250977,0.11538461538461539,0.11538461538461539,0,0.2
2022,6,CIN,1,37,34,0.10025202645142671,0.11758221833288769,0.43243243243243246,0.5,0.1891891891891892,0.21621621621621623,0.21621621621621623,-0.21912577126562863,0.6242307412830993,0.02702702702702703,0.10810810810810811,0.125,0
2022,6,CLE,1,36,29,0.23357887197905408,0.06558615240521298,0.4722222222222222,0.2413793103448276,0.25,0.1388888888888889,0.05555555555555555,1.5181014773319494,-0.983255840401396,0.05555555555555555,0.05555555555555555,0.14285714285714285,0.2
2022,6,DAL,1,30,39,0.15000871283312603,-0.17058833488118863,0.43333333333333335,0.4358974358974359,0.1724137931034483,0.06896551724137931,0.13793103448275862,-1.175934556289576,0.4142967840889472,0.13333333333333333,0.13333333333333333,0.2857142857142857,0.2
2022,6,DEN,1,61,22,-0.2599603015112381,0.1152800733636303,0.32786885245901637,0.45454545454545453,0.03389830508474576,0.13559322033898305,0.2033898305084746,-0.47780238365675387,-0.27441911485956494,0.03278688524590164,0.13114754098360656,0,0.2
2022,6,GB,1,21,32,-0.23062055957067382,0.1406806427694394,0.2857142857142857,0.4375,0.15,0.05,0.25,2.77731845941162,0.07097028609132307,0.09523809523809523,0.09523809523809523,0,0.09090909090909091
2022,6,IND,1,28,32,0.041892208330998416,0.3281307250308606,0.5,0.59375,0.14814814814814814,0.1111111111111111,0,1.5645956031900528,0,0.14285714285714285,0.14285714285714285,0.5,0.2857142857142857
2022,6,JAX,1,59,17,0.2832266951044122,-0.05912785100328794,0.5084745762711864,0.35294117647058826,0.1864406779661017,0.0847457627118644,0.3389830508474576,0.9053960475372145,0.38685850370795427,0,0.1016949152542373,0.2222222222222222,0.25
2022,6,KC,1,44,28,0.27484938140573034,-0.2520356572495076,0.4772727272727273,0.4642857142857143,0.17073170731707318,0.2682926829268293,0.14634146341463414,1.2501928997649396,-0.4470549173420298,0.022727272727272728,0.09090909090909091,0.3333333333333333,0
2022,6,LA,1,23,21,-0.562936224499519,-0.10356852122848594,0.30434782608695654,0.3333333333333333,0.043478260869565216,0.043478260869565216,0,-0.876710772747174,0,0.08695652173913043,0.13043478260869565,0,0
2022,6,LAC,1,34,21,-0.19541020154656782,-0.08485118866277244,0.35294117647058826,0.3333333333333333,0.09375,0.25,0.15625,0.8307481434749207,-0.35185855286375883,0.11764705882352941,0.17647058823529413,0,0
2022,6,MIA,1,34,17,-0.1316025349977932,-0.13883342608288993,0.4411764705882353,0.17647058823529413,0.058823529411764705,0.14705882352941177,0.17647058823529413,0.590242019397236,0.18184322991388915,0.08823529411764706,0.17647058823529413,0.4,0
2022,6,MIN,1,56,18,-0.02952222422243263,-0.43639075503839814,0.4642857142857143,0.2777777777777778,0.14814814814814814,0.16666666666666666,0.2777777777777778,-0.3368537007029062,0.10295860059947413,0.10714285714285714,0.23214285714285715,0.2857142857142857,0
2022,6,NE,1,50,18,-0.2322321781310044,-0.42177642823636263,0.3,0.3333333333333333,0.12,0.3,0.16,-0.05330569120754402,0.20278605384373732,0.08,0.16,0.25,0
2022,6,NO,1,43,12,0.3134299730593796,0.15050413318870898,0.5813953488372093,0.5833333333333334,0.17073170731707318,0.07317073170731707,0.12195121951219512,-0.17324206721969104,0.51783572693821,0.06976744186046512,0.13953488372093023,0.2222222222222222,1
2022,6,NYG,1,36,22,0.021393824269683108,0.28960565305764746,0.5,0.45454545454545453,0.17647058823529413,0.20588235294117646,0.35294117647058826,0.23974686528423028,0.7104229877950275,0.05555555555555555,0.05555555555555555,0.14285714285714285,0
2022,6,NYJ,1,49,20,-0.33387018422576836,-0.36180716168107874,0.42857142857142855,0.45,0.061224489795918366,0.1836734693877551,0.24489795918367346,-0.05268610518477426,-0.5020127604366278,0.08163265306122448,0.1836734693877551,0,0
2022,6,PHI,1,38,26,-0.2205802078521086,0.16378239527917804,0.39473684210526316,0.5,0.07894736842105263,0.18421052631578946,0.21052631578947367,-1.461357714866088,-0.8588183412066424,0,0.10526315789473684,0.25,0.3333333333333333
2022,6,PIT,1,43,26,0.180762582140704,-0.115664436669948,0.5116279069767442,0.46153846153846156,0.13953488372093023,0.18604651162790697,0.4418604651162791,0.8160614873325633,0.44483381366712593,0.046511627906976744,0.11627906976744186,0.08333333333333333,0
2022,6,SEA,1,47,24,-0.2594098184809501,-0.09338562908912296,0.3191489361702128,0.3333333333333333,0.16279069767441862,0.23255813953488372,0.13953488372093023,-0.12655487352749234,1.2529191626429863,0.1276595744680851,0.14893617021276595,0,0
2022,6,SF,1,17,39,0.4387343408752192,-0.015583428028875657,0.6470588235294118,0.4358974358974359,0.1875,0.125,0.25,2.16103187054978,1.473395613356844,0.11764705882352941,0.11764705882352941,1,0.1
2022,6,TB,1,34,27,0.24567589983072977,-0.36474367855677253,0.5,0.2962962962962963,0.25,0.03125,0.1875,2.13619551021839,1.5572625308316974,0.058823529411764705,0.058823529411764705,0.3333333333333333,0
2022,6,WAS,1,42,27,-0.2159177135216027,0.05040859557791734,0.40476190476190477,0.4444444444444444,0.125,0.1875,0.15625,0.24551349654211702,-1.226581901952158,0.11904761904761904,0.2857142857142857,0,0
2022,7,ARI,1,52,19,0.08704218428659112,-0.12289066280936818,0.5769230769230769,0.42105263157894735,0.14285714285714285,0.1836734693877551,0.2857142857142857,0.9403638455486444,-0.9260807730498772,0,0.057692307692307696,0.375,0
2022,7,ATL,1,45,21,0.600569776584679,-0.2460077718465723,0.6444444444444445,0.38095238095238093,0.2,0.13333333333333333,0.28888888888888886,2.464969534494837,1.1064524469816563,0.06666666666666667,0.13333333333333333,0,0.25
2022,7,BAL,1,34,22,0.008298053262713039,0.1813777593567714,0.4411764705882353,0.5454545454545454,0.09375,0.125,0.28125,1.401095786161023,0.6905667436464373,0.14705882352941177,0.14705882352941177,0,0.2857142857142857
2022,7,CAR,1,51,15,-0.05774734326145305,-0.4848257333350675,0.39215686274509803,0.3333333333333333,0.1,0.18,0.18,0.34374921252149093,0.04533206078405107,0.0196078431372549,0.058823529411764705,0,0
2022,7,CHI,1,32,16,-0.20516493551258447,-0.31767235838924535,0.4375,0.3125,0.10344827586206896,0.2413793103448276,0.13793103448275862,0.08510640592846587,-0.8568204293842432,0.03125,0.09375,0,0.5
2022,7,CIN,1,19,26,0.03299668578945743,0.0014214326499942891,0.3684210526315789,0.38461538461538464,0.125,0.0625,0.1875,6.6108426565188,3.2185494065245934,0.15789473684210525,0.2631578947368421,0,0.2
2022,7,CLE,1,21,42,-0.18518531913529282,-0.013983313200740491,0.42857142857142855,0.42857142857142855,0.10526315789473684,0.10526315789473684,0.3157894736842105,2.6488583504688,-0.106268935724165,0.14285714285714285,0.23809523809523808,0,0.2857142857142857
2022,7,DAL,1,32,24,-0.24269251304903947,-0.34865872617713967,0.53125,0.4166666666666667,0.0967741935483871,0.0967741935483871,0.1935483870967742,0.19882834004238004,1.212408630333802e-4,0.15625,0.15625,0,0
2022,7,DEN,1,32,21,-0.3057569407162491,0.11973192194093514,0.3125,0.3333333333333333,0.034482758620689655,0.10344827586206896,0.27586206896551724,-0.876864842915287,-0.7093049601680836,0.09375,0.125,0,0
2022,7,DET,1,28,31,0.14336367693509317,-0.13959603308691318,0.5714285714285714,0.45161290322580644,0.1111111111111111,0.25925925925925924,0.2962962962962963,0.1273665981716477,0.7548743960687715,0.07142857142857142,0.17857142857142858,0.25,0.25
2022,7,GB,1,35,37,-0.03346405104299118,-0.08156647578957905,0.42857142857142855,0.2702702702702703,0.14705882352941177,0.11764705882352941,0.38235294117647056,-0.011172427242855165,0.2310656209758194,0.02857142857142857,0.2571428571428571,0.125,0
2022,7,HOU,1,28,27,0.43535765848473873,0.1849801606321882,0.5714285714285714,0.5555555555555556,0.21428571428571427,0.14285714285714285,0.21428571428571427,1.5015446353208979,1.7057669328642078,0.03571428571428571,0.10714285714285714,0,1
2022,7,IND,1,22,35,0.1596899426243451,-0.36391651359566796,0.45454545454545453,0.3142857142857143,0.22727272727272727,0.18181818181818182,0.13636363636363635,1.0009520429011876,1.2650926727492975,0.09090909090909091,0.3181818181818182,0,0
2022,7,JAX,1,36,34,0.15891278221970584,0.18087513248432155,0.5,0.5588235294117647,0.12903225806451613,0.12903225806451613,0.22580645161290322,0.5580925933990784,0.6714151702472003,0.027777777777777776,0.08333333333333333,0,0.16666666666666666
2022,7,KC,1,52,20,0.04109617922167187,0.0862070270697585,0.4807692307692308,0.45,0.1568627450980392,0.19607843137254902,0.17647058823529413,0.6863382074807294,0.6490289745270261,0.09615384615384616,0.11538461538461539,0.2,0
2022,7,LAC,1,30,33,0.18289920981885088,-0.02670044991519382,0.5,0.36363636363636365,0.13793103448275862,0.1724137931034483,0.10344827586206896,0.9932251755730257,-2.548731131129897,0.06666666666666667,0.13333333333333333,0.14285714285714285,0.16666666666666666
2022,7,LV,1,42,23,0.07315500426059035,0.029002906893805226,0.5,0.391304347826087,0.16666666666666666,0.11904761904761904,0.19047619047619047,1.1120736308861512,-1.5936938589986485,0.023809523809523808,0.19047619047619047,0.125,0
2022,7,MIA,1,49,20,-0.10760558392869041,-0.07795714587264281,0.46938775510204084,0.25,0.08695652173913043,0.17391304347826086,0.21739130434782608,-0.8228710324037808,0.2000100032484629,0.04081632653061224,0.10204081632653061,1,0
2022,7,NE,1,26,44,0.16555053799370031,0.05054109557344595,0.5,0.5454545454545454,0.16,0.24,0.12,0.9874562359171238,-0.8111869142546014,0.15384615384615385,0.15384615384615385,0,0.2
2022,7,NO,1,33,29,0.14122641512331907,0.08698904049203841,0.5151515151515151,0.3793103448275862,0.21875,0.21875,0.1875,0.8594757502563058,0.48802984982224484,0.06060606060606061,0.06060606060606061,0.125,0.15384615384615385
2022,7,NYG,1,44,22,0.250399326540816,-0.08203014254434506,0.4318181818181818,0.5,0.18181818181818182,0.3409090909090909,0.22727272727272727,0.31521415271951486,0.16851739689882342,0,0.045454545454545456,0,0.2
2022,7,NYJ,1,48,27,-0.2740051915560587,0.03156935180218339,0.3125,0.37037037037037035,0.0851063829787234,0.2765957446808511,0.14893617021276595,-0.5327284088661929,0.11362370758018046,0.020833333333333332,0.125,0,0.5
2022,7,PIT,1,38,24,0.13045976214593827,-0.2891182025341552,0.4473684210526316,0.375,0.14285714285714285,0.2571428571428571,0.45714285714285713,0.43304759516872354,0.14754607555489344,0,0.02631578947368421,0.2,0
2022,7,SEA,1,57,12,-0.16061385448821963,-0.6386115391214847,0.40350877192982454,0.16666666666666666,0.14814814814814814,0.14814814814814814,0.2037037037037037,-0.17143257196585288,-0.01470939589622141,0.05263157894736842,0.14035087719298245,0.2222222222222222,1
2022,7,SF,1,37,21,0.7550278213740377,0.25126562935544117,0.6216216216216216,0.42857142857142855,0.2702702702702703,0.1891891891891892,0.2702702702702703,2.2256613512872714,0.66858835714811,0.02702702702702703,0.08108108108108109,0.3333333333333333,0.6666666666666666
2022,7,TB,1,23,27,0.22908150000274982,0.05612238521765322,0.43478260869565216,0.3333333333333333,0.17391304347826086,0.30434782608695654,0,1.281673342912524,0,0.043478260869565216,0.13043478260869565,1,1
2022,7,TEN,1,48,16,-0.2951770880210665,0.021571354565821984,0.4583333333333333,0.5625,0.10638297872340426,0.02127659574468085,0.1276595744680851,1.45884352794383,-0.43959343825311825,0.0625,0.20833333333333334,0.3333333333333333,0
2022,7,WAS,1,35,12,-0.08113810874970767,-0.13476903722039402,0.4,0.3333333333333333,0.05714285714285714,0.11428571428571428,0.4857142857142857,0.4800175662603575,-0.11712827429736873,0,0.02857142857142857,0.5,0
2022,8,ARI,1,42,26,-0.04145044016605174,0.09399883029758549,0.5,0.5,0.10256410256410256,0.1794871794871795,0.05128205128205128,-0.060318168784891414,1.6111261151963836,0.07142857142857142,0.21428571428571427,0.25,0.75
2022,8,ATL,1,38,36,0.03185352409498216,0.15569831299267123,0.3684210526315789,0.5277777777777778,0.1891891891891892,0.3783783783783784,0.21621621621621623,0.3444647520518621,-0.7457430288668548,0.02631578947368421,0.05263157894736842,0,0.21428571428571427
2022,8,BAL,1,48,15,0.08057573682820146,-0.013762611504830442,0.4583333333333333,0.4,0.1276595744680851,0.10638297872340426,0.2127659574468085,0.9961051472928396,-0.11523440588712461,0.0625,0.125,0.06666666666666667,0.25
2022,8,BUF,1,33,30,-0.0063177224277357995,0.13555377740995006,0.3939393939393939,0.5666666666666667,0.15625,0.28125,0.25,0.9117834786676894,-0.453481808430004,0.06060606060606061,0.12121212121212122,0.3333333333333333,0
2022,8,CAR,1,31,36,0.20232182108091726,-0.10997459275238922,0.5806451612903226,0.3333333333333333,0.16666666666666666,0.16666666666666666,0.2,-0.6873903712374163,-0.5951638602418823,0.06451612903225806,0.22580645161290322,0.3333333333333333,0
2022,8,CHI,1,28,29,0.5259174032377947,0.3394225853362827,0.6785714285714286,0.41379310344827586,0.21428571428571427,0.17857142857142858,0.25,1.320028160861696,0.36063935764832544,0.03571428571428571,0.07142857142857142,0.25,0.6
2022,8,CIN,1,26,44,0.38545733360202594,0.00424414793848573,0.6153846153846154,0.5,0.24,0.32,0.16,1.26311989405076,0.25278031987545624,0.07692307692307693,0.23076923076923078,0.3333333333333333,0.3
2022,8,CLE,1,40,10,-0.23119714039224143,0.05049313362687814,0.4,0.6,0.175,0.15,0.15,1.3655896310907942,0.3201462244323915,0.125,0.15,1,0
2022,8,DAL,1,33,40,-0.20387729273443972,0.1827150160708696,0.3939393939393939,0.425,0.13333333333333333,0.23333333333333334,0.13333333333333333,0.7861684295431971,-0.9823973819842436,0.12121212121212122,0.15151515151515152,0.2,0.25
2022,8,DEN,1,35,30,-0.4190260172582814,0.2767261790305687,0.37142857142857144,0.5666666666666667,0.12121212121212122,0.15151515151515152,0.18181818181818182,0.14215796815697218,0.4556495589786207,0.05714285714285714,0.05714285714285714,0,0.14285714285714285
2022,8,DET,1,40,24,0.52819516878407,-0.10882278857752714,0.55,0.375,0.2894736842105263,0.2631578947368421,0.18421052631578946,1.5533389283111327,-0.08844410955706243,0.05,0.05,0.3333333333333333,0.25
2022,8,GB,1,30,24,0.16765482981579954,0.06450528635953882,0.5,0.5,0.14814814814814814,0.37037037037037035,0.25925925925925924,0.4911064162646582,0.4548535073159398,0.06666666666666667,0.1,0.3333333333333333,0.16666666666666666
2022,8,HOU,1,15,43,-0.729738921710243,0.2902979599839874,0.3333333333333333,0.5116279069767442,0,0.15384615384615385,0.15384615384615385,-0.367024908802705,-3.73865294951247,0.2,0.26666666666666666,0,0.16666666666666666
2022,8,IND,1,38,23,0.04019239152775676,-0.24142063233075137,0.4473684210526316,0.43478260869565216,0.18181818181818182,0.15151515151515152,0.18181818181818182,1.3865525050263394,0.38471877170377494,0.05263157894736842,0.18421052631578946,0.3333333333333333,0.25
2022,8,JAX,1,35,26,0.12189088417632944,-0.12145173701775565,0.4857142857142857,0.38461538461538464,0.15151515151515152,0.2727272727272727,0.18181818181818182,0.39698062510837706,0.7143316231279935,0.08571428571428572,0.2,1,0.4
2022,8,LA,1,29,23,0.6317568607169125,-0.024718745462292722,0.7241379310344828,0.30434782608695654,0.20689655172413793,0.10344827586206896,0.2413793103448276,2.295557375492841,0.05822158352173144,0.10344827586206896,0.13793103448275862,0.4,0.2
2022,8,LV,1,31,32,0.30442264574740946,-0.006397114702849793,0.5806451612903226,0.46875,0.22580645161290322,0.0967741935483871,0.25806451612903225,-0.702061995611682,0.903261290385989,0,0,0.25,0.3333333333333333
2022,8,MIA,1,39,18,0.21334391364770955,0.14448791586134319,0.5384615384615384,0.5555555555555556,0.15789473684210525,0.15789473684210525,0.23684210526315788,0.8106748680002065,0.11017200581702831,0.02564102564102564,0.10256410256410256,0.25,0.5
2022,8,MIN,1,53,18,-0.04147302502677483,-0.16234026476360525,0.4528301886792453,0.3888888888888889,0.16326530612244897,0.16326530612244897,0.14285714285714285,-0.7754979050068069,-1.668911305713533,0.07547169811320754,0.11320754716981132,0.3333333333333333,0
2022,8,NE,1,43,15,-0.05372249701737332,-0.2979941002558918,0.4186046511627907,0.13333333333333333,0.2558139534883721,0.23255813953488372,0.27906976744186046,-0.5818749275640579,0.13151657862995772,0.046511627906976744,0.046511627906976744,0.3333333333333333,0
2022,8,NO,1,43,13,-0.32004509251131585,-0.5400376718652512,0.32558139534883723,0.3076923076923077,0.13953488372093023,0.2558139534883721,0.23255813953488372,-1.25837659063241,-0.32547021717764496,0.09302325581395349,0.20930232558139536,0,0
2022,8,NYG,1,41,21,-0.07796887091758473,-0.12204308993560023,0.43902439024390244,0.19047619047619047,0.08108108108108109,0.21621621621621623,0.13513513513513514,-0.17841154686758987,0.8165438211290168,0.07317073170731707,0.24390243902439024,0.14285714285714285,0.3333333333333333
2022,8,NYJ,1,44,31,-0.06101224131518195,-0.23529486021823917,0.4090909090909091,0.2903225806451613,0.12195121951219512,0.07317073170731707,0.21951219512195122,-0.34298014739761296,0.034792724477033576,0.13636363636363635,0.18181818181818182,0.2,0
2022,8,PHI,1,51,19,-0.2572978808378219,0.48664624115305055,0.37254901960784315,0.5263157894736842,0.10869565217391304,0.15217391304347827,0.15217391304347827,-0.7961227051481342,-0.2854182915928365,0.11764705882352941,0.21568627450980393,0.09090909090909091,0
2022,8,PIT,1,34,19,0.47305351192891754,0.1486310992347027,0.47058823529411764,0.5263157894736842,0.21212121212121213,0.21212121212121213,0.21212121212121213,1.774575417586936,0.6452133031478818,0.08823529411764706,0.11764705882352941,0,1
2022,8,SEA,1,39,25,-0.01896900818391459,-0.23114126293337872,0.38461538461538464,0.2,0.16666666666666666,0.2222222222222222,0.16666666666666666,0.3942235698923469,0.14239932942048952,0.1282051282051282,0.20512820512820512,0,0.3333333333333333
2022,8,SF,1,36,20,0.04120915516654783,-0.30132807594491157,0.5277777777777778,0.1,0.11428571428571428,0.14285714285714285,0.17142857142857143,1.436341774289031,0.5746203758462787,0.05555555555555555,0.1388888888888889,0.2,0.3333333333333333
2022,8,TB,1,43,31,0.03034148923660746,0.23595764106626843,0.4883720930232558,0.5161290322580645,0.12195121951219512,0.07317073170731707,0.1951219512195122,-0.7547348457155744,-0.3123899381171206,0.06976744186046512,0.06976744186046512,0.2222222222222222,0.16666666666666666
2022,8,TEN,1,35,16,-0.389034919863398,-0.23030593111616313,0.2,0.3125,0.06060606060606061,0.18181818181818182,0.09090909090909091,0.9543605838310517,-0.4819668674996743,0.08571428571428572,0.17142857142857143,0.25,0
2022,8,WAS,1,28,26,0.00103261732978598,-0.2989379907649917,0.4642857142857143,0.3076923076923077,0.2,0.2,0.16,0.6878259139484738,0.4862554692226699,0.07142857142857142,0.25,0,0.25
2022,9,ARI,1,38,32,0.04150721597367467,0.03659045169297314,0.5,0.40625,0.16666666666666666,0.05555555555555555,0.25,5.537068354899422e-4,0.025048962141024127,0.05263157894736842,0.18421052631578946,0.4,0.2222222222222222
2022,9,ATL,1,44,23,0.09683702294564044,-0.09524369846093945,0.5227272727272727,0.30434782608695654,0.16279069767441862,0.13953488372093023,0.18604651162790697,0.7173616986547127,-0.2701141867291875,0,0.045454545454545456,0.16666666666666666,0.25
2022,9,BAL,1,35,14,-0.11329610453990709,-0.274191681407891,0.45714285714285713,0.35714285714285715,0.11764705882352941,0.17647058823529413,0.14705882352941177,0.06364182917263428,-0.5963943667709823,0.11428571428571428,0.17142857142857143,0,0
2022,9,BUF,1,29,32,0.052628166834577425,-0.031395880174386166,0.6206896551724138,0.5,0.07407407407407407,0.07407407407407407,0.14814814814814814,0.2967991245677685,0.549046285901568,0.06896551724137931,0.10344827586206896,0.14285714285714285,0.14285714285714285
2022,9,CAR,1,33,39,0.30452840863453073,0.43544304850944066,0.5757575757575758,0.6666666666666666,0.12121212121212122,0.06060606060606061,0.15151515151515152,0.3528223702451235,0.05197419920004958,0.06060606060606061,0.09090909090909091,0.14285714285714285,0.4166666666666667
2022,9,CHI,1,31,22,0.6084220767891171,-0.27152080659818073,0.6129032258064516,0.22727272727272727,0.3333333333333333,0.3333333333333333,0.2,1.488896117033436,1.2148153376183475,0,0.0967741935483871,0.5,0.2
2022,9,CIN,1,31,17,-0.05341289338614439,0.020928007743992717,0.3870967741935484,0.4117647058823529,0.13333333333333333,0.13333333333333333,0.23333333333333334,-1.39152831750107,0.5660659215895326,0,0.03225806451612903,0.2,0.3333333333333333
2022,9,DET,1,48,22,-0.1201944839239775,-0.11696720053971042,0.3958333333333333,0.4090909090909091,0.2,0.35555555555555557,0.24444444444444444,0.2209223382778874,-1.1310678542411718,0.020833333333333332,0.10416666666666667,0.08333333333333333,0
2022,9,GB,1,26,32,-0.05629893135986812,-0.1769180138039667,0.46153846153846156,0.4375,0.2692307692307692,0.07692307692307693,0.23076923076923078,-2.9947621174505916,0.5975015488996485,0,0.11538461538461539,0.3333333333333333,0
2022,9,HOU,1,33,30,0.2286832761466141,0.14596718696557567,0.5757575757575758,0.5666666666666667,0.25806451612903225,0.2903225806451613,0.0967741935483871,1.1058030608886245,0.716157687575711,0.12121212121212122,0.15151515151515152,0.4,0.18181818181818182
2022,9,IND,1,34,28,-0.3772977686670448,-0.24354266071064323,0.29411764705882354,0.2857142857142857,0.11764705882352941,0.14705882352941177,0.20588235294117646,0.41832204992652455,0.30930051937632774,0.11764705882352941,0.14705882352941177,0.25,0
2022,9,JAX,1,38,19,0.20894925425815014,-0.23924919146443968,0.34210526315789475,0.42105263157894735,0.21052631578947367,0.2894736842105263,0.3157894736842105,0.304610687542645,0.9658038417789309,0.05263157894736842,0.07894736842105263,0,0
2022,9,KC,1,21,27,-0.31615838782385086,0.11034186942371407,0.19047619047619047,0.3333333333333333,0.10526315789473684,0.47368421052631576,0,-0.5123576033511203,0,0.14285714285714285,0.14285714285714285,0,0.4
2022,9,LA,1,59,20,-0.08276342856613905,-0.39230627819756697,0.4576271186440678,0.15,0.0847457627118644,0.06779661016949153,0.23728813559322035,-0.38447484410277877,-0.1385659205718957,0.01694915254237288,0.05084745762711865,0.125,0
2022,9,LAC,1,27,33,-0.3124313626198307,0.2558744917429674,0.4074074074074074,0.6363636363636364,0.12,0.28,0.16,-0.33704811440111787,0.9526490631776915,0.07407407407407407,0.1111111111111111,0,0.2222222222222222
2022,9,LV,1,33,35,0.5217287561925267,-0.20594127854498848,0.7575757575757576,0.37142857142857144,0.0967741935483871,0.12903225806451613,0.0967741935483871,1.054942749557083,0.5402387399808518,0,0.12121212121212122,0.3333333333333333,0.25
2022,9,MIA,1,38,33,0.2617670450915779,0.08261192729167464,0.4473684210526316,0.42424242424242425,0.0967741935483871,0.1935483870967742,0.06451612903225806,-0.05288086775302312,0.1576658185804265,0.05263157894736842,0.05263157894736842,0.5,0
2022,9,MIN,1,34,27,-0.34633534952901696,0.0733573165683386,0.29411764705882354,0.48148148148148145,0.0967741935483871,0.25806451612903225,0.3548387096774194,-0.0845091320370557,-0.31647375500919733,0.08823529411764706,0.20588235294117646,1,0
2022,9,NE,1,42,18,-0.6513570194085353,-0.5863216776601302,0.2857142857142857,0.1111111111111111,0.02631578947368421,0.13157894736842105,0.15789473684210525,-1.2576763855991877,-0.2778749902111795,0.21428571428571427,0.2619047619047619,0,0
2022,9,NO,1,25,40,0.17836735121499114,0.14531952113247856,0.44,0.55,0.2,0.28,0.16,-0.16617551835952213,0.2786516600026525,0.12,0.08,0,0.2222222222222222
2022,9,NYJ,1,42,19,-0.19851615504847606,0.3622444058393203,0.42857142857142855,0.5789473684210527,0.10256410256410256,0.3076923076923077,0.07692307692307693,-0.35655186525655674,-0.308620801738774,0.11904761904761904,0.16666666666666666,0,0.3333333333333333
2022,9,PHI,1,28,29,-0.25995695883961373,0.023081800194882842,0.39285714285714285,0.4827586206896552,0.2,0.2,0.08,-1.050757194182369,-2.7295238660299215,0.10714285714285714,0.14285714285714285,0.3333333333333333,0
2022,9,SEA,1,44,17,-0.1094566345345814,-0.26521091059754254,0.3409090909090909,0.29411764705882354,0.1,0.125,0.225,-0.8742491334211073,-0.6291865969704105,0.11363636363636363,0.11363636363636363,0.3333333333333333,0
2022,9,TB,1,31,24,-0.15103995663055927,-0.22932666098370563,0.22580645161290322,0.16666666666666666,0.0967741935483871,0.1935483870967742,0.16129032258064516,0.9972472683778815,1.0661908227251844,0.12903225806451613,0.25806451612903225,0,0
2022,9,TEN,1,78,14,0.1180079283234338,-0.21847034082851094,0.47435897435897434,0.14285714285714285,0.09722222222222222,0.125,0.2222222222222222,0.1384553748600393,0.3762471884105333,0.05128205128205128,0.11538461538461539,0.07692307692307693,0.25
2022,9,WAS,1,43,22,-0.0029452756300106077,-0.26754245844446667,0.37209302325581395,0.2727272727272727,0.18604651162790697,0.2558139534883721,0.4418604651162791,0.7092055254510012,-0.026091709360724517,0.046511627906976744,0.2558139534883721,0.2,0
2022,10,ARI,1,40,20,-0.3224442340215319,0.06625798938765183,0.475,0.35,0.075,0.1,0.25,-2.2409245180606403,-0.8513728558667941,0.075,0.3,0.25,0.5
2022,10,ATL,1,17,47,-0.08451880004630653,0.1423536044731954,0.35294117647058826,0.46808510638297873,0.23529411764705882,0.17647058823529413,0.058823529411764705,1.120238845547039,-1.57787086385381,0.058823529411764705,0.11764705882352941,0,0.2
2022,10,BUF,1,56,23,0.10105895020316627,-0.010678657545688364,0.44642857142857145,0.43478260869565216,0.24074074074074073,0.25925925925925924,0.2037037037037037,1.0811074573479014,-0.17547913887061725,0.07142857142857142,0.16071428571428573,0,0.2
2022,10,CAR,1,37,23,-0.09338661213921064,-0.12615900646146055,0.4594594594594595,0.34782608695652173,0.2,0.34285714285714286,0.22857142857142856,0.20552194922735598,0.4006862851820191,0.13513513513513514,0.2702702702702703,0.3333333333333333,0
2022,10,CHI,1,30,29,0.6212911293610984,-0.3866514298434624,0.5666666666666667,0.41379310344827586,0.25,0.14285714285714285,0.21428571428571427,0.6538146098901028,1.852330268535297,0.06666666666666667,0.1,0.25,0.2
2022,10,CLE,1,34,33,0.5181099951062519,0.14756429932254214,0.6176470588235294,0.5454545454545454,0.17647058823529413,0.17647058823529413,0.20588235294117646,1.3653781139582868,1.0860322566919163,0.029411764705882353,0.029411764705882353,0.6,0.14285714285714285
2022,10,DAL,1,23,38,0.3569520831175429,0.08819407298560664,0.5652173913043478,0.39473684210526316,0.22727272727272727,0.22727272727272727,0.2727272727272727,2.408656854787842,1.6138910073883974,0.08695652173913043,0.08695652173913043,0.5,0.2
2022,10,DEN,1,38,22,0.1569019550639168,-0.5016891217568296,0.47368421052631576,0.2727272727272727,0.16216216216216217,0.16216216216216217,0.2702702702702703,1.2416907055502695,0.19017897597514072,0.02631578947368421,0.10526315789473684,0.25,0
2022,10,DET,1,26,32,-0.10065137522850305,0.21654708538249887,0.5,0.5,0.17391304347826086,0.17391304347826086,0.30434782608695654,1.069328960758868,0.5875584877295688,0.11538461538461539,0.15384615384615385,0.25,0.14285714285714285
2022,10,GB,1,48,31,-0.1395267999875315,0.23516749239981086,0.4166666666666667,0.5161290322580645,0.125,0.1875,0.2708333333333333,0.5073041521342625,-0.5264992529365168,0.041666666666666664,0.125,0.2222222222222222,0.5
2022,10,HOU,1,23,44,0.5611566184442895,-0.08838013186383205,0.5217391304347826,0.36363636363636365,0.25,0.1,0.35,1.2200491201365364,1.245335773714553,0.13043478260869565,0.21739130434782608,1,0.2
2022,10,IND,1,41,24,0.04844302598567615,-0.2624652645002547,0.4146341463414634,0.3333333333333333,0.14634146341463414,0.17073170731707318,0.36585365853658536,-0.18723604611087866,0.33459725230932297,0.04878048780487805,0.0975609756097561,0.125,0.3333333333333333
2022,10,JAX,1,40,22,0.5914460683765361,-0.41348726872820446,0.65,0.3181818181818182,0.2857142857142857,0.14285714285714285,0.2,2.487137188203636,0.09894248381273799,0,0.1,0.8,0
2022,10,KC,1,48,13,0.16543139692800124,-0.19799570782253348,0.4791666666666667,0.3076923076923077,0.17777777777777778,0.17777777777777778,0.08888888888888889,0.2782472110484376,0.47695554397068973,0.10416666666666667,0.10416666666666667,0.25,0
2022,10,LA,1,40,25,0.12797851598152304,-0.08212440195719169,0.45,0.36,0.15384615384615385,0.10256410256410256,0.15384615384615385,0.8580057901272111,1.0381332100417564,0.05,0.175,0.16666666666666666,0.25
2022,10,LAC,1,30,40,0.12214134726608046,-0.028876148324914818,0.4666666666666667,0.575,0.2413793103448276,0.13793103448275862,0.2413793103448276,-1.078133338596672,0.5470503668101259,0.03333333333333333,0.03333333333333333,0,0.15384615384615385
2022,10,LV,1,32,29,0.16079023000033568,0.1330889510453662,0.53125,0.4482758620689655,0.16129032258064516,0.06451612903225806,0.2903225806451613,-0.5249811866669915,0.20492652716994691,0.03125,0.03125,0,0.25
2022,10,MIA,1,42,20,-0.0340964540087869,-0.20613189766590967,0.47619047619047616,0.4,0.07894736842105263,0.18421052631578946,0.2631578947368421,0.024402866868536384,-0.5460047364293139,0.07142857142857142,0.2619047619047619,0.3333333333333333,0
2022,10,MIN,1,50,22,0.17573288936026887,-0.5868532801105172,0.6,0.4090909090909091,0.08888888888888889,0.2,0.1111111111111111,0.4715742896466195,-0.6710711727908356,0.04,0.08,0.1,0.25
2022,10,NO,1,40,39,-0.019741990165262693,0.00470198940885699,0.4,0.46153846153846156,0.16666666666666666,0.1388888888888889,0.19444444444444445,-0.08909825632581422,0.7965489732367655,0.15,0.15,0,0.25
2022,10,NYG,1,41,19,0.12708874216914207,-0.24411008802646936,0.4634146341463415,0.42105263157894735,0.17073170731707318,0.17073170731707318,0.0975609756097561,0.10832230748409144,1.384655216490501,0.0975609756097561,0.24390243902439024,0.14285714285714285,0
2022,10,PHI,1,33,48,0.0836254333064495,0.04587798678767274,0.5151515151515151,0.5,0.21875,0.25,0.15625,0.3546805472433331,0.841128629655578,0.09090909090909091,0.12121212121212122,0,0.18181818181818182
2022,10,PIT,1,31,14,-0.09244851512082253,-0.7294258532929232,0.3548387096774194,0.07142857142857142,0.13333333333333333,0.16666666666666666,0.23333333333333334,-1.5397211201721785,-0.5209135642175421,0.06451612903225806,0.06451612903225806,1,0
2022,10,SEA,1,30,44,0.35274786291424937,-0.050807991297254086,0.6333333333333333,0.3181818181818182,0.23333333333333334,0.3,0.3333333333333333,0.2542980062717108,0.4892849201224214,0,0.03333333333333333,0.5,0.125
2022,10,SF,1,43,13,-0.1362924646954697,-0.19994301587128308,0.3023255813953488,0.23076923076923078,0.125,0.15,0.05,0.9066102763129413,0.315473144175485,0.06976744186046512,0.20930232558139536,0,0
2022,10,TB,1,41,10,0.1395294979963077,-0.5197393696289517,0.5853658536585366,0.3,0.13513513513513514,0.16216216216216217,0.13513513513513514,0.8662990122253931,0.6963119704276323,0.07317073170731707,0.14634146341463414,0.16666666666666666,0
2022,10,TEN,1,49,24,-0.08876250781906998,-0.19412811056099583,0.32653061224489793,0.3333333333333333,0.08333333333333333,0.2708333333333333,0.20833333333333334,0.3568282586773384,-0.5332025282550272,0.12244897959183673,0.3469387755102041,0,0
2022,10,WAS,1,28,19,-0.37014906140809417,0.23815312388500104,0.39285714285714285,0.6842105263157895,0.14814814814814814,0.07407407407407407,0.2222222222222222,-2.0091790324077,-0.011743306143520866,0.03571428571428571,0.03571428571428571,1,0.25
2022,11,ARI,1,29,28,0.5599508481187898,0.15041321571750016,0.5862068965517241,0.5,0.1724137931034483,0.13793103448275862,0.3448275862068966,0.444728828835651,1.252485150607355,0,0.13793103448275862,0.5,0
2022,11,ATL,1,31,35,0.14404146447133473,-0.07792034339243674,0.5483870967741935,0.34285714285714286,0.2,0.24,0.2,0.7780300192631943,-0.7389009489212192,0.12903225806451613,0.16129032258064516,0.3333333333333333,0.25
2022,11,BAL,1,39,15,-0.4360214513797229,-0.3506100009117898,0.3076923076923077,0.26666666666666666,0.05405405405405406,0.10810810810810811,0.24324324324324326,1.2705112038092905,-0.32536918261191866,0.10256410256410256,0.15384615384615385,0,0
2022,11,BUF,1,46,23,0.43453086109153594,-0.6716780691134298,0.5652173913043478,0.30434782608695654,0.23255813953488372,0.27906976744186046,0.16279069767441862,0.4254498056908512,0.7018275351857542,0.021739130434782608,0.10869565217391304,0.2222222222222222,0
2022,11,CAR,1,37,29,-0.18015422001749506,-0.034917357248246086,0.43243243243243246,0.5172413793103449,0.1111111111111111,0.05555555555555555,0.2777777777777778,1.37543662288226,-0.005445283051586031,0.08108108108108109,0.08108108108108109,0,1
2022,11,CHI,1,24,29,0.013808521807423469,-0.1913789962819809,0.5,0.41379310344827586,0.05,0.05,0.2,-1.21905736582979,0.3774114691623247,0,0.041666666666666664,1,0.14285714285714285
2022,11,CIN,1,44,24,-0.05038912040544317,-0.017056375443644443,0.38636363636363635,0.375,0.11363636363636363,0.25,0.25,0.5870856702333019,0.011234181046258892,0.045454545454545456,0.1590909090909091,0,1
2022,11,CLE,1,30,33,0.24128785582114237,-0.0029421419493473747,0.6,0.3939393939393939,0.1724137931034483,0.20689655172413793,0.20689655172413793,0.6745619835453115,0.40366559928388485,0.06666666666666667,0.13333333333333333,0.16666666666666666,0.09090909090909091
2022,11,DAL,1,37,17,-0.43513087935970757,-0.227045549144831,0.2972972972972973,0.17647058823529413,0.05405405405405406,0.16216216216216217,0.10810810810810811,-0.03231067751767049,1.0170808737748307,0.1891891891891892,0.35135135135135137,0,0
2022,11,DEN,1,38,24,0.18702916157391972,-0.027204379167466743,0.3684210526315789,0.5,0.18421052631578946,0.2631578947368421,0.3684210526315789,1.4571476224060442,0.12508426255937144,0.02631578947368421,0.10526315789473684,0,0
2022,11,DET,1,49,24,-0.031854887222999784,-0.001727867922454754,0.4897959183673469,0.375,0.1276595744680851,0.2127659574468085,0.2765957446808511,0.08574633193202263,0.04314873297698778,0.04081632653061224,0.20408163265306123,0.3333333333333333,0.5
2022,11,GB,1,32,32,0.5416445744922384,-0.23722018133776154,0.625,0.3125,0.3125,0.1875,0.3125,1.7627473440613066,0.25732666050025677,0.09375,0.125,0.2727272727272727,0.16666666666666666
2022,11,HOU,1,28,39,0.03914882530051875,-0.13779785152516977,0.5,0.358974358974359,0.1111111111111111,0.25925925925925924,0.18518518518518517,0.6550775827989634,1.1622845271136606,0,0.21428571428571427,0,0.14285714285714285
2022,11,IND,1,30,31,-0.3420832793903738,0.004745427157631811,0.4666666666666667,0.4838709677419355,0.14285714285714285,0.25,0.03571428571428571,0.8174875245562632,-1.27418407471851,0.1,0.1,0,0.1111111111111111
2022,11,KC,1,37,28,0.1110782200218731,0.05129369333319914,0.5405405405405406,0.5357142857142857,0.14285714285714285,0.2,0.14285714285714285,1.3674788154229252,-0.25082779949012074,0.13513513513513514,0.2702702702702703,0.3333333333333333,0.125
2022,11,LA,1,32,24,0.2831201821461579,-0.21118637221176562,0.5625,0.375,0.15625,0.15625,0.15625,1.3766774937277653,2.11261919247918,0.125,0.1875,0.25,0
2022,11,LAC,1,38,24,0.3798101171570226,-0.03614625315593524,0.47368421052631576,0.5416666666666666,0.2571428571428571,0.2571428571428571,0.14285714285714285,0.9192344822560681,0.5396252262638876,0.02631578947368421,0.15789473684210525,0.5,0
2022,11,LV,1,35,27,0.11116728537031177,-0.16251924975626206,0.4857142857142857,0.4074074074074074,0.08823529411764706,0.17647058823529413,0.08823529411764706,0.3947766217267291,0.15463456144789234,0.08571428571428572,0.2857142857142857,0,0.3333333333333333
2022,11,MIN,1,32,38,0.5886971230630986,0.03670083283454717,0.59375,0.39473684210526316,0.2,0.1,0.2,4.075333722321593,-0.23198348498165985,0,0.03125,0,0.3333333333333333
2022,11,NE,1,29,20,-0.3474480545927033,-0.5251759760285496,0.2413793103448276,0.15,0.038461538461538464,0.23076923076923078,0.15384615384615385,-0.07097296973612786,-0.9525664120301385,0.13793103448275862,0.1724137931034483,0,0
2022,11,NO,1,36,26,-4.520488191593566e-4,6.10137566512111e-4,0.4166666666666667,0.38461538461538464,0.125,0.25,0.125,0.5641553076347919,0.5203749866381495,0.1111111111111111,0.1388888888888889,0.25,0
2022,11,NYG,1,26,37,0.10755973961351112,0.050593972317811896,0.46153846153846156,0.40540540540540543,0.15384615384615385,0.11538461538461539,0.19230769230769232,0.057231372144694315,-0.27055376735515857,0,0.11538461538461539,0,0.5
2022,11,NYJ,1,33,26,-0.03901028637355339,-0.2475823507556923,0.45454545454545453,0.34615384615384615,0.09090909090909091,0.06060606060606061,0.12121212121212122,0.30310094414744404,0.5153912952810062,0.18181818181818182,0.18181818181818182,0,0
2022,11,PHI,1,36,26,-0.09269867646164104,-0.21946449705081697,0.3333333333333333,0.38461538461538464,0.16666666666666666,0.1388888888888889,0.2777777777777778,1.1771967756561947,0.5670508771261151,0.1111111111111111,0.19444444444444445,0,0.14285714285714285
2022,11,PIT,1,42,23,0.2930676186709189,-0.18632914152728042,0.5476190476190477,0.30434782608695654,0.24390243902439024,0.12195121951219512,0.21951219512195122,0.26689217744860827,0.009019060215602571,0.047619047619047616,0.14285714285714285,1,0
2022,11,SF,1,49,22,-0.14403503140767368,-0.21260993346037463,0.40816326530612246,0.36363636363636365,0.14893617021276595,0.14893617021276595,0.14893617021276595,0.34087868945489275,-0.8132952787896756,0.061224489795918366,0.1836734693877551,0,0.3333333333333333
2022,11,TEN,1,41,19,0.06609960167950536,-0.22428580057978775,0.36585365853658536,0.3157894736842105,0.17073170731707318,0.2926829268292683,0.2682926829268293,-0.10671562598630162,0.053565602495338545,0.024390243902439025,0.07317073170731707,0.4,0
2022,11,WAS,1,40,14,-0.367549791271211,-0.46859720249111453,0.35,0.07142857142857142,0.13157894736842105,0.21052631578947367,0.18421052631578946,-0.6749886164470816,0.6249704492511224,0.125,0.225,0,0.5
2022,12,ARI,1,54,11,0.11017158819597238,-0.13882637102241555,0.5,0.2727272727272727,0.11538461538461539,0.07692307692307693,0.09615384615384616,1.035855586291291,-0.3260777876332206,0.07407407407407407,0.24074074074074073,0.18181818181818182,0
2022,12,ATL,1,23,37,0.10288657124631367,0.13291087948396108,0.4782608695652174,0.5405405405405406,0.2608695652173913,0.21739130434782608,0.30434782608695654,0.44883729227585994,-0.27917083697060846,0,0.08695652173913043,0.4,0
2022,12,BAL,1,43,19,0.33593454258656746,-0.6027224020707715,0.5116279069767442,0.15789473684210525,0.19047619047619047,0.14285714285714285,0.11904761904761904,1.9677520275678617,1.4523948707734244,0.09302325581395349,0.13953488372093023,0.2222222222222222,0
2022,12,BUF,1,39,29,0.1451597458419851,-0.113029753619195,0.46153846153846156,0.4482758620689655,0.1282051282051282,0.20512820512820512,0.1282051282051282,-0.44021476289759137,1.03933340953663,0.05128205128205128,0.23076923076923078,0.25,0.1
2022,12,CAR,1,40,17,-0.35099330371191506,-0.0702928028912234,0.3,0.4117647058823529,0.02631578947368421,0.2894736842105263,0.15789473684210525,-0.20907981974055512,0.502099488279782,0.075,0.25,0.16666666666666666,0
2022,12,CHI,1,30,32,0.4851421655667541,0.005518046440556582,0.6,0.375,0.2,0.13333333333333333,0.16666666666666666,3.33359218307305,0.559446425864008,0.03333333333333333,0.1,0.3333333333333333,0
2022,12,CIN,1,37,19,0.21112473150711203,-0.2341772406055641,0.4594594594594595,0.3157894736842105,0.11428571428571428,0.17142857142857143,0.2,0.7072748316709514,0.5813180416385991,0.02702702702702703,0.16216216216216217,0,0
2022,12,CLE,1,46,20,-0.03712192291947371,-0.0246172872080933,0.391304347826087,0.35,0.10869565217391304,0.2608695652173913,0.10869565217391304,0.11014059520675781,0.14934629568597377,0.06521739130434782,0.10869565217391304,0.4,0
2022,12,DAL,1,39,20,-0.11732292010152942,0.015118399326456667,0.41025641025641024,0.4,0.10526315789473684,0.10526315789473684,0.15789473684210525,0.5252317887053619,-0.08123864339237663,0.07692307692307693,0.1794871794871795,0.3333333333333333,0.5
2022,12,DEN,1,20,45,0.25214963097843457,-0.057154907217641486,0.4,0.4222222222222222,0.2631578947368421,0.3684210526315789,0.05263157894736842,0.5681534978544471,-1.05970288889052,0,0.1,0.25,0.1
2022,12,DET,1,50,24,0.058660226252598605,0.18591258541681158,0.46,0.5416666666666666,0.15555555555555556,0.35555555555555557,0.08888888888888889,0.6280987383433977,0.531085010719835,0.06,0.16,0.25,0.25
2022,12,GB,1,35,44,0.061061174075229735,0.2561204130670203,0.4,0.5909090909090909,0.16666666666666666,0.16666666666666666,0.06666666666666667,0.8558926018653445,0.7758929757401345,0.05714285714285714,0.05714285714285714,0.16666666666666666,0.42857142857142855
2022,12,HOU,1,48,24,0.07265864138367259,-0.4300309754326009,0.4375,0.20833333333333334,0.10869565217391304,0.2391304347826087,0.30434782608695654,0.42910995019536335,0.3871114817261719,0.10416666666666667,0.125,0.1111111111111111,0.25
2022,12,IND,1,35,33,0.06199562593532669,0.17355582681237572,0.5142857142857142,0.5454545454545454,0.09375,0.0625,0.15625,0.8234341638162749,0.5187654093955659,0.08571428571428572,0.08571428571428572,0,0.3333333333333333
2022,12,JAX,1,38,31,0.31966873994130246,-0.1464622276572272,0.47368421052631576,0.4838709677419355,0.17647058823529413,0.23529411764705882,0.17647058823529413,0.6607741386033006,-0.016775572934420824,0.02631578947368421,0.07894736842105263,0.1111111111111111,0.08333333333333333
2022,12,KC,1,30,25,-0.21551851214996287,-0.2325885272621646,0.3333333333333333,0.28,0.18518518518518517,0.14814814814814814,0.07407407407407407,0.11740782324340998,2.1034846577968,0.1,0.16666666666666666,0.3333333333333333,0
2022,12,LA,1,46,26,0.2554942090709013,-0.09744335997094596,0.5869565217391305,0.38461538461538464,0.09523809523809523,0.16666666666666666,0.16666666666666666,0.9498451801233122,0.47777023091579646,0,0.043478260869565216,0,0.07692307692307693
2022,12,LAC,1,33,31,0.3425756521353418,-0.24481098704350096,0.48484848484848486,0.3548387096774194,0.2,0.3333333333333333,0.13333333333333333,-0.007461528915528074,0.7440278896101523,0.030303030303030304,0.030303030303030304,0.25,0.5
2022,12,LV,1,42,21,0.2517473674236049,-0.4038064895014819,0.6190476190476191,0.3333333333333333,0.15,0.15,0.325,1.0002182696480282,-0.07589916736245747,0.07142857142857142,0.19047619047619047,0.2,0.4
2022,12,MIA,1,47,13,-0.48041880293454964,-0.053871254298979133,0.2765957446808511,0.3076923076923077,0.1111111111111111,0.13333333333333333,0.17777777777777778,-0.1689654693473118,0.5057305774244019,0.10638297872340426,0.14893617021276595,0,0.3333333333333333
2022,12,MIN,1,42,13,0.13809413399498613,-0.17053749581548172,0.42857142857142855,0.38461538461538464,0.16666666666666666,0.23809523809523808,0.19047619047619047,0.812354076563497,1.1259801254709594,0.07142857142857142,0.07142857142857142,0,0
2022,12,NE,1,39,27,0.3146512981309082,-0.30044977445504645,0.6153846153846154,0.2222222222222222,0.20512820512820512,0.10256410256410256,0.1282051282051282,0.20554041030118264,1.2154439335921776,0.02564102564102564,0.10256410256410256,0.3333333333333333,0
2022,12,NO,1,38,29,0.03416766263579449,-0.13406468677768035,0.42105263157894735,0.3448275862068966,0.13157894736842105,0.10526315789473684,0.18421052631578946,-0.5409639494828358,0.22792906655065143,0.02631578947368421,0.15789473684210525,0.14285714285714285,0
2022,12,NYG,1,31,38,0.37296475941548124,-0.06694346371520449,0.5161290322580645,0.39473684210526316,0.3333333333333333,0.3,0.3,0.17893208059508048,0.2339096377383799,0,0.2903225806451613,0.4,0.6666666666666666
2022,12,NYJ,1,28,28,-0.2570797927478253,0.13285863798228087,0.35714285714285715,0.39285714285714285,0.14814814814814814,0.18518518518518517,0.14814814814814814,-0.7745731111965157,-0.1277111335512024,0.07142857142857142,0.14285714285714285,0.25,0
2022,12,PHI,1,28,21,0.26939369767669713,0.0735656032338737,0.5357142857142857,0.42857142857142855,0.21428571428571427,0.21428571428571427,0.32142857142857145,1.023608182161421,1.3579033186428437,0.10714285714285714,0.14285714285714285,0.25,0.25
2022,12,PIT,1,39,23,-0.0979416383256003,-0.27027251157889387,0.46153846153846156,0.34782608695652173,0.08108108108108109,0.05405405405405406,0.2972972972972973,0.4750521247042325,0.7001160051726091,0.07692307692307693,0.20512820512820512,0.2,0.16666666666666666
2022,12,SEA,1,39,38,0.36359970303825406,0.0480950979501084,0.5897435897435898,0.42105263157894735,0.24324324324324326,0.2702702702702703,0.2972972972972973,-0.3702025441627489,-0.758827172352045,0.02564102564102564,0.10256410256410256,0.4,0
2022,12,SF,1,35,18,-0.16239583682534972,-0.47521636138521384,0.42857142857142855,0.2222222222222222,0.12903225806451613,0.22580645161290322,0.12903225806451613,0.3578847443235895,0.7582365148991804,0.02857142857142857,0.14285714285714285,0,0
2022,12,TB,1,43,32,-0.07072231581885902,0.153590964844625,0.3488372093023256,0.40625,0.07317073170731707,0.21951219512195122,0.07317073170731707,-0.5360306474418526,1.1962226678345667,0.09302325581395349,0.20930232558139536,0.3333333333333333,0.25
2022,12,TEN,1,42,24,0.2312473739786734,-0.24348562178662791,0.47619047619047616,0.3333333333333333,0.2631578947368421,0.21052631578947367,0.13157894736842105,2.034828369683964,0.22114542552426858,0.023809523809523808,0.09523809523809523,0,0.14285714285714285
2022,12,WAS,1,26,29,-0.18154902927939306,0.1971536432985008,0.38461538461538464,0.5517241379310345,0.11538461538461539,0.19230769230769232,0.46153846153846156,0.40306813077845804,-0.43382642860551673,0.038461538461538464,0.15384615384615385,0.5,0
2022,13,ATL,1,31,34,0.3228845457138959,-0.10814100488427993,0.4838709677419355,0.5882352941176471,0.21428571428571427,0.25,0.17857142857142858,0.060357546217606126,0.48323397500812776,0,0.12903225806451613,0.5,0
2022,13,BAL,1,26,26,0.06096616687321476,-0.33123027893549845,0.4230769230769231,0.2692307692307692,0.16666666666666666,0.2916666666666667,0.20833333333333334,0.8758253769608162,1.1090072988066837,0.07692307692307693,0.15384615384615385,0,0
2022,13,BUF,1,38,13,0.014971879505550774,-0.14547205626373508,0.3684210526315789,0.46153846153846156,0.08108108108108109,0.16216216216216217,0.1891891891891892,-0.15506201992615867,0.32273263247251355,0.02631578947368421,0.10526315789473684,0,0
2022,13,CHI,1,33,31,0.14082153278442128,0.21762906734816598,0.45454545454545453,0.4838709677419355,0.125,0.21875,0.3125,-0.4727830188182582,0.4242514609598173,0,0,0.14285714285714285,0
2022,13,CIN,1,31,23,0.2229997414371885,0.2605862919906779,0.4838709677419355,0.6086956521739131,0.1724137931034483,0.20689655172413793,0.1724137931034483,0.6066909620130908,0.45975403592456243,0.06451612903225806,0.25806451612903225,0.14285714285714285,0.2857142857142857
2022,13,CLE,1,40,22,-0.47946883169407745,-0.3783110620306076,0.375,0.45454545454545453,0.025,0.275,0.175,-0.14194136069079402,-1.050195185683799,0,0.05,0.16666666666666666,0
2022,13,DAL,1,41,30,-0.4255277534863148,-0.166443105250534,0.36585365853658536,0.36666666666666664,0.1951219512195122,0.0975609756097561,0.14634146341463414,1.707680233185821,0.5778740145615305,0.07317073170731707,0.17073170731707318,0.4,0
2022,13,DEN,1,47,22,-0.21820675286441218,0.008710806588747972,0.40425531914893614,0.3181818181818182,0.07317073170731707,0.07317073170731707,0.17073170731707318,-1.5879306169808833,0.009914871504796724,0.0851063829787234,0.10638297872340426,0,0.3333333333333333
2022,13,DET,1,40,16,-0.05438622931208419,-0.17448480600796762,0.425,0.375,0.13513513513513514,0.1891891891891892,0.1891891891891892,0.37368211489292646,-0.6722952518469442,0.05,0.075,0.14285714285714285,0
2022,13,GB,1,28,22,-0.08359428063856843,0.38182363206423825,0.35714285714285715,0.5454545454545454,0.2,0.28,0.16,-0.07898627574156289,-0.9050643056064941,0,0.10714285714285714,0,0.5
2022,13,HOU,1,24,37,-0.4198091028444001,-0.15932722430345478,0.4166666666666667,0.32432432432432434,0.17391304347826086,0.08695652173913043,0.2608695652173913,0.28870964589120507,-0.7848634670081098,0.041666666666666664,0.08333333333333333,0,0
2022,13,IND,1,32,34,0.07675462229736134,0.34235359890804196,0.4375,0.47058823529411764,0.15625,0.15625,0.1875,-0.5326334979734385,0.3921434747850664,0.03125,0.03125,0.3,0.5
2022,13,JAX,1,43,31,0.5027088708873948,-0.14422516753264758,0.627906976744186,0.3870967741935484,0.16279069767441862,0.11627906976744186,0.23255813953488372,0.9591746764490382,0.8939942225763982,0.046511627906976744,0.09302325581395349,0.4,0.2857142857142857
2022,13,KC,1,36,30,0.5256420670314039,-0.1942234834190459,0.6666666666666666,0.4,0.21875,0.21875,0.34375,0.31781330511340156,0.6505265513179262,0.027777777777777776,0.027777777777777776,0.3333333333333333,0.1
2022,13,LA,1,44,21,0.2359919155833117,-0.16168982141728822,0.5681818181818182,0.42857142857142855,0.18604651162790697,0.16279069767441862,0.18604651162790697,1.6693765158498917,0.9253281752753535,0.09090909090909091,0.18181818181818182,0.2222222222222222,0
2022,13,LAC,1,30,29,-0.2630096806226241,0.09115707438342795,0.4,0.41379310344827586,0.16666666666666666,0.26666666666666666,0.16666666666666666,1.1125597495265536,1.3765554577112182,0,0.06666666666666667,0,0.3333333333333333
2022,13,LV,1,54,20,-0.19409377230463434,0.14038372436480145,0.3888888888888889,0.35,0.09615384615384616,0.19230769230769232,0.09615384615384616,0.07384863281040366,-0.8065382555942058,0.09259259259259259,0.24074074074074073,0,0
2022,13,MIA,1,45,34,0.054132302451258864,-0.1448017531589672,0.4444444444444444,0.35294117647058826,0.1111111111111111,0.08888888888888889,0.17777777777777778,0.03328464497462896,0.10783641883244849,0.08888888888888889,0.17777777777777778,0.25,0
2022,13,MIN,1,60,23,-0.1397412212835524,0.17984774627889819,0.4,0.43478260869565216,0.1016949152542373,0.23728813559322035,0.2542372881355932,0.5243172214374818,-0.5506026837357183,0.016666666666666666,0.13333333333333333,0,0.16666666666666666
2022,13,NE,1,37,35,0.33050138046942096,-0.08849930754097701,0.5405405405405406,0.3142857142857143,0.2,0.17142857142857143,0.22857142857142856,0.11906035928889887,0.4091348955011535,0.05405405405405406,0.16216216216216217,0.3333333333333333,0.125
2022,13,NO,1,55,20,-0.01698068972945593,-0.05136903818638528,0.4727272727272727,0.4,0.07272727272727272,0.10909090909090909,0.2,0.05055245580539649,-0.43666986132633384,0.01818181818181818,0.09090909090909091,0.25,0
2022,13,NYG,1,47,35,8.890073282620832e-4,0.09777285791933539,0.425531914893617,0.45714285714285713,0.13043478260869565,0.2608695652173913,0.15217391304347827,0.2952230619669757,0.441593371223591,0.10638297872340426,0.2127659574468085,0.25,0
2022,13,NYJ,1,39,27,0.011918191249058427,0.012809876561665308,0.4358974358974359,0.3333333333333333,0.13513513513513514,0.1891891891891892,0.16216216216216217,-0.061161956500394306,0.7342837351510161,0.05128205128205128,0.23076923076923078,0.3333333333333333,0.6666666666666666
2022,13,PHI,1,35,18,-0.18306087081198713,-0.3268411933192212,0.3142857142857143,0.2222222222222222,0.0625,0.125,0.125,0.8626856906194028,0.5845489627827195,0.17142857142857143,0.2,0,0
2022,13,PIT,1,25,28,-0.1996148024579124,0.1616116118675563,0.44,0.5714285714285714,0.08,0.36,0.24,-0.7987174362869047,-0.331532075135196,0.04,0.16,0.5,0
2022,13,SEA,1,35,28,-0.2730657988541236,0.23923748599501332,0.37142857142857144,0.5357142857142857,0.13333333333333333,0.4,0.13333333333333333,-0.09941778759117174,-0.586972714678269,0.11428571428571428,0.2571428571428571,0,0.5
2022,13,SF,1,37,8,-0.3868142039246368,-0.056966520540299874,0.40540540540540543,0.5,0.1891891891891892,0.35135135135135137,0.16216216216216217,0.1269878899732316,-0.11951178748859091,0.08108108108108109,0.13513513513513514,0,0
2022,13,TB,1,32,24,0.14873610380821986,-0.2681627572965226,0.5,0.25,0.1935483870967742,0.16129032258064516,0.03225806451612903,1.4223170352750458,0.00622328859753907,0.0625,0.09375,0,0
2022,13,TEN,1,43,24,0.44408684980589913,0.09869162495184966,0.5581395348837209,0.4583333333333333,0.18604651162790697,0.23255813953488372,0.20930232558139536,1.5946474597614722,0.9212660113504779,0.046511627906976744,0.06976744186046512,0,0.2857142857142857
2022,13,WAS,1,40,25,0.03650777136704875,-0.30670416691107666,0.5,0.36,0.05714285714285714,0.11428571428571428,0.22857142857142856,0.5716933724179407,0.18091063577958255,0.1,0.1,0.25,0.16666666666666666
2022,14,ARI,1,37,20,-0.07452025570224352,-0.04272739121142203,0.40540540540540543,0.35,0.1388888888888889,0.1388888888888889,0.08333333333333333,0.9379068818991072,-1.8119550703947125,0.02702702702702703,0.02702702702702703,0,0.3333333333333333
2022,14,BAL,1,35,18,0.1110233720543589,-0.16231443992000993,0.5428571428571428,0.3333333333333333,0.21212121212121213,0.18181818181818182,0.24242424242424243,0.265725659227034,-0.262362632631266,0.05714285714285714,0.14285714285714285,0.2,0.5
2022,14,BUF,1,51,22,-0.10507918977379281,-0.31605943127545844,0.39215686274509803,0.36363636363636365,0.1568627450980392,0.17647058823529413,0.1568627450980392,0.5558682987660475,0.0024623863064342152,0.0784313725490196,0.1568627450980392,0,0.5
2022,14,CAR,1,42,11,0.0068303494042723486,-0.40648842808811636,0.4523809523809524,0.09090909090909091,0.1794871794871795,0.20512820512820512,0.20512820512820512,-0.6417799550836205,0.26866302428243216,0.07142857142857142,0.09523809523809523,0.3333333333333333,0
2022,14,CIN,1,48,22,-0.07872665435545863,-0.2637966533075092,0.5208333333333334,0.2727272727272727,0.08888888888888889,0.2222222222222222,0.24444444444444444,-0.3754375061253089,0.26553721091477245,0.041666666666666664,0.16666666666666666,0.1,0
2022,14,CLE,1,37,24,-0.018716774524454256,0.06349820676162704,0.43243243243243246,0.375,0.11428571428571428,0.14285714285714285,0.2857142857142857,1.2520835404749973,0.8095697812386797,0.05405405405405406,0.10810810810810811,0.16666666666666666,0.5
2022,14,DAL,1,29,35,0.26892398050370064,-0.560343147094804,0.5517241379310345,0.2571428571428571,0.14814814814814814,0.18518518518518517,0.18518518518518517,1.4071553271962323,0.2339095475268555,0,0.034482758620689655,0,0.14285714285714285
2022,14,DEN,1,44,23,0.13106471957653262,-0.04910324318030747,0.4772727272727273,0.43478260869565216,0.1590909090909091,0.1590909090909091,0.20454545454545456,0.4601237434627758,-0.6817652438427584,0.045454545454545456,0.11363636363636363,0.5,0
2022,14,DET,1,46,17,0.3154359844552887,-0.6334444098071847,0.5434782608695652,0.11764705882352941,0.2391304347826087,0.2826086956521739,0.13043478260869565,1.1168623869978964,0.3739737858510726,0.08695652173913043,0.1956521739130435,0.1111111111111111,0.3333333333333333
2022,14,HOU,1,42,29,-0.09230110282758408,0.07472699714908862,0.4523809523809524,0.4827586206896552,0.075,0.25,0.275,0.45262549530598317,0.25423321957350764,0.023809523809523808,0.11904761904761904,0.2,0.16666666666666666
2022,14,JAX,1,45,18,-0.1464046785106678,-0.09319348566350516,0.4888888888888889,0.4444444444444444,0.13953488372093023,0.20930232558139536,0.2558139534883721,0.06557512603467312,0.6233050998469648,0.08888888888888889,0.2,0.2222222222222222,0.2
2022,14,KC,1,53,16,-0.08890812158560442,-0.12028321461366406,0.33962264150943394,0.25,0.18,0.12,0.2,-0.1370998054238338,-0.4347067534545204,0.11320754716981132,0.18867924528301888,0.375,0
2022,14,LA,1,23,35,-0.10200582533619716,0.10721195326979273,0.34782608695652173,0.5142857142857142,0.2,0.2,0.3,0.8536500475311191,-1.1867015085396504,0,0.13043478260869565,0,0.16666666666666666
2022,14,LAC,1,33,16,-0.17344001341890997,0.10471898850846642,0.3333333333333333,0.3125,0.1,0.3,0.4,-0.23397691590987307,-0.24782058358929737,0.06060606060606061,0.12121212121212122,0,0
2022,14,LV,1,41,20,0.043394953728664455,-0.45189525562309407,0.36585365853658536,0.4,0.15384615384615385,0.20512820512820512,0.10256410256410256,0.8841677657737523,1.012339739390882,0.0975609756097561,0.0975609756097561,0,0.5
2022,14,MIA,1,56,22,0.059102235266348085,-0.054587460657454775,0.42857142857142855,0.2727272727272727,0.10909090909090909,0.12727272727272726,0.07272727272727272,0.9563754838725007,0.061459066579118274,0.07142857142857142,0.125,0.06666666666666667,0.14285714285714285
2022,14,MIN,1,41,28,0.41479212310833696,-0.03640268011312123,0.5365853658536586,0.32142857142857145,0.20512820512820512,0.15384615384615385,0.23076923076923078,1.880940268446769,0.08264453426171532,0,0.07317073170731707,0.3333333333333333,0.3333333333333333
2022,14,NE,1,52,17,-0.5273964662831155,0.06268999555408442,0.38461538461538464,0.5294117647058824,0.0851063829787234,0.14893617021276595,0.19148936170212766,-1.0021583770584075,-0.6508535591451643,0.11538461538461539,0.15384615384615385,0,0.3333333333333333
2022,14,NYG,1,36,30,0.19650420268671326,0.5863609468360659,0.3888888888888889,0.6333333333333333,0.14285714285714285,0.22857142857142856,0.11428571428571428,0.8754276736475214,0.37996101217868283,0.1111111111111111,0.1388888888888889,0,0.42857142857142855
2022,14,NYJ,1,33,21,-0.05138376022611769,-0.3391016121553447,0.3939393939393939,0.23809523809523808,0.1,0.13333333333333333,0.03333333333333333,-0.1497374709288112,-1.79981807013974,0.09090909090909091,0.18181818181818182,0,1
2022,14,PHI,1,44,20,-0.016922222710653995,-0.15309458794799904,0.5227272727272727,0.4,0.075,0.075,0.2,1.4569984508173834,-0.2391851477004827,0.1590909090909091,0.2727272727272727,0.3333333333333333,0.16666666666666666
2022,14,PIT,1,23,38,0.0020993546927559658,0.0741954182194902,0.34782608695652173,0.4473684210526316,0.10526315789473684,0.10526315789473684,0.15789473684210525,0.79389186995104,-0.08296065905597065,0.08695652173913043,0.13043478260869565,0,0.2
2022,14,SEA,1,28,44,0.01822097758656147,0.23200710169048122,0.4642857142857143,0.5454545454545454,0.15384615384615385,0.11538461538461539,0.19230769230769232,-0.16674411894442834,-0.5208107785255638,0.07142857142857142,0.14285714285714285,0.09090909090909091,0.18181818181818182
2022,14,SF,1,56,18,-0.20209950763254486,-0.09728998963611242,0.39285714285714285,0.5555555555555556,0.10909090909090909,0.10909090909090909,0.2909090909090909,0.5494964436802543,0.29313788462968615,0,0.125,0.2,0
2022,14,TB,1,24,35,0.3644520572391535,-0.08208721315355205,0.5416666666666666,0.4857142857142857,0.17391304347826086,0.08695652173913043,0.08695652173913043,4.30973038636148,1.5513195215607976,0,0.16666666666666666,0,0.5
2022,14,TEN,1,44,24,0.39723540200023894,-0.2499099757381674,0.5681818181818182,0.2916666666666667,0.23255813953488372,0.13953488372093023,0.23255813953488372,1.187423840589804,0.2755030532022278,0,0.022727272727272728,0.3333333333333333,0.14285714285714285
2022,15,ARI,1,33,34,-0.1819408004584793,0.02987145100418941,0.5454545454545454,0.4411764705882353,0.06060606060606061,0.09090909090909091,0.12121212121212122,-1.1817102152078114,-0.3803712358348995,0.21212121212121213,0.2727272727272727,1,0.5
2022,15,ATL,1,21,34,0.5653816455964088,-0.26610902366262634,0.6190476190476191,0.4411764705882353,0.19047619047619047,0.19047619047619047,0.2857142857142857,1.792881312750978,1.1896493798606869,0.09523809523809523,0.09523809523809523,0.3333333333333333,0
2022,15,BAL,1,32,32,-0.012077613651461632,-0.03539663855374242,0.5,0.46875,0.06451612903225806,0.0967741935483871,0.03225806451612903,0.24042691503806565,1.80122122989269,0.09375,0.125,0.1111111111111111,0
2022,15,BUF,1,34,24,-0.050659618122756926,0.457296621321196,0.35294117647058826,0.5833333333333334,0.18181818181818182,0.21212121212121213,0.09090909090909091,1.531751255247009,0.00213492813054302,0.058823529411764705,0.08823529411764706,0.2,0.25
2022,15,CAR,1,23,45,0.45058985184321354,0.08522738288196274,0.5217391304347826,0.5111111111111111,0.2608695652173913,0.13043478260869565,0.043478260869565216,1.4067451961260933,-0.76890059420839,0.043478260869565216,0.08695652173913043,0,0.25
2022,15,CHI,1,42,30,-0.036215096418001906,0.010018993804021962,0.42857142857142855,0.4,0.21052631578947367,0.34210526315789475,0.21052631578947367,-0.053235536272912824,0.391326777862558,0.023809523809523808,0.023809523809523808,0,0.25
2022,15,CIN,1,47,24,0.05603399319739098,-0.4222807653447188,0.46808510638297873,0.375,0.17391304347826086,0.10869565217391304,0.34782608695652173,-0.10636944610939,0.31711961464861826,0.02127659574468085,0.14893617021276595,0.3,0
2022,15,CLE,1,35,26,-0.4547733550788016,0.09107420673916304,0.37142857142857144,0.6153846153846154,0.030303030303030304,0.12121212121212122,0.06060606060606061,-0.6952736289094913,-2.98806389467791,0.08571428571428572,0.14285714285714285,0,0
2022,15,DAL,1,45,25,0.15071401872393228,0.054336927253753255,0.5333333333333333,0.64,0.13953488372093023,0.27906976744186046,0.2558139534883721,0.13865119211307758,0.036340449932166174,0.022222222222222223,0.1111111111111111,0.42857142857142855,0
2022,15,DEN,1,41,19,-0.4356010610684169,-0.021768353798450657,0.2926829268292683,0.3157894736842105,0.075,0.175,0.3,-0.984178099265711,-1.1066471317317292,0.07317073170731707,0.14634146341463414,0,0.5
2022,15,DET,1,40,21,0.002369790981645008,-0.19794896721751215,0.4,0.38095238095238093,0.15384615384615385,0.358974358974359,0.10256410256410256,0.3536445427383442,-0.727907727472485,0.1,0.25,0.3333333333333333,0
2022,15,GB,1,27,16,-0.16893018739283533,-0.0065184528975805135,0.3333333333333333,0.4375,0.15384615384615385,0.15384615384615385,0.23076923076923078,0.6627073280687922,0.4121955551575715,0.18518518518518517,0.2962962962962963,0.3333333333333333,0
2022,15,HOU,1,47,30,0.32195855722955014,-0.15604712739761348,0.6808510638297872,0.5,0.11363636363636363,0.09090909090909091,0.22727272727272727,-0.5886945085076173,-0.1655521167587724,0.0425531914893617,0.06382978723404255,0.2857142857142857,0.3333333333333333
2022,15,IND,1,64,23,0.0057777015507374015,-0.49603511853923105,0.484375,0.30434782608695654,0.09523809523809523,0.14285714285714285,0.20634920634920634,0.21596169207542637,0.09696611461605734,0.109375,0.171875,0.375,0.2
2022,15,JAX,1,34,40,0.08661062659452524,0.009813843820302169,0.5882352941176471,0.525,0.15151515151515152,0.21212121212121213,0.21212121212121213,0.49011243582384384,0.705432490844813,0.08823529411764706,0.23529411764705882,0.6,0.14285714285714285
2022,15,KC,1,33,25,-0.0847848836616425,-0.2072766700852661,0.30303030303030304,0.32,0.2,0.2,0.1,-0.28250091014585066,1.2786715715386288,0.030303030303030304,0.15151515151515152,0.2222222222222222,0.2
2022,15,LA,1,33,35,0.031033291088334285,-0.08163360952166869,0.5151515151515151,0.45714285714285713,0.12121212121212122,0.06060606060606061,0.3333333333333333,-1.8347845340904294,0.46438905804164066,0.09090909090909091,0.15151515151515152,0.1111111111111111,0.18181818181818182
2022,15,LAC,1,32,25,-0.21837387417040377,0.15859166608424863,0.375,0.48,0.1,0.1,0.16666666666666666,-0.6512908802057304,0.44304110798402563,0.125,0.15625,0,0.5
2022,15,LV,1,34,30,-0.19735134750698327,-0.010744084179903619,0.23529411764705882,0.5333333333333333,0.0625,0.28125,0.1875,0.1106619014042531,1.061275288423834,0,0.14705882352941177,0,0
2022,15,MIA,1,43,29,0.2633785994454055,0.03314979918249531,0.5348837209302325,0.5172413793103449,0.19047619047619047,0.30952380952380953,0.14285714285714285,0.575896501097863,0.4124671688866013,0.046511627906976744,0.13953488372093023,0.5,0
2022,15,MIN,1,37,42,-0.07135202800823486,-0.27171702876255055,0.35135135135135137,0.4523809523809524,0.16666666666666666,0.1388888888888889,0.19444444444444445,-0.562899866914667,0.5768132398703264,0.08108108108108109,0.1891891891891892,0.25,0
2022,15,NE,1,41,23,-0.09544273978241197,-0.011912538153727038,0.34146341463414637,0.4782608695652174,0.17073170731707318,0.2682926829268293,0.4146341463414634,0.6242011575959621,0.4510449806967849,0.07317073170731707,0.0975609756097561,1,0
2022,15,NO,1,35,35,-0.32624845502736655,0.31750173675121196,0.2857142857142857,0.6285714285714286,0.06666666666666667,0.13333333333333333,0.3,-0.6161787322344028,-0.25057975297224583,0.11428571428571428,0.11428571428571428,0,0.25
2022,15,NYG,1,33,25,-0.2787934017374092,0.14571335467044236,0.3939393939393939,0.48,0.09375,0.21875,0.3125,0.5755507096930944,0.3541946740191389,0.09090909090909091,0.24242424242424243,0.14285714285714285,0
2022,15,NYJ,1,38,28,0.30839441706521065,-0.33615492594877366,0.4473684210526316,0.35714285714285715,0.13157894736842105,0.07894736842105263,0.18421052631578946,-0.767028076729427,-0.0730928565335577,0,0.13157894736842105,0,0
2022,15,PHI,1,33,25,0.021681402370714652,-0.3123962604347615,0.48484848484848486,0.4,0.14285714285714285,0.10714285714285714,0.10714285714285714,0.9426619283040063,1.1067013286519793,0.18181818181818182,0.18181818181818182,0.3333333333333333,0.25
2022,15,PIT,1,28,15,0.33429356974832236,-0.5473668270969201,0.42857142857142855,0.06666666666666667,0.2222222222222222,0.18518518518518517,0.1111111111111111,1.1693940102821214,0.8243060126163388,0.14285714285714285,0.17857142857142858,0.3333333333333333,0
2022,15,SEA,1,28,33,0.2536522809677902,-0.022124723797649737,0.42857142857142855,0.36363636363636365,0.2222222222222222,0.18518518518518517,0.37037037037037035,0.7483474655076878,0.5228936560626345,0.03571428571428571,0.10714285714285714,0,0.25
2022,15,SF,1,48,13,-0.25984036965806917,-0.17252215994701103,0.3958333333333333,0.38461538461538464,0.0425531914893617,0.06382978723404255,0.19148936170212766,-0.2317704905484176,0.07605312801783132,0.0625,0.1875,0.3333333333333333,0
2022,15,TB,1,44,20,0.08303957534704903,-0.2944053624247314,0.5681818181818182,0.3,0.13953488372093023,0.11627906976744186,0.13953488372093023,-0.4176102231605914,0.2548786280385693,0.045454545454545456,0.13636363636363635,0.3076923076923077,0
2022,15,TEN,1,45,24,-0.16737123794869246,0.12830203502380783,0.5333333333333333,0.5,0.08888888888888889,0.2222222222222222,0.15555555555555556,0.012197906683897381,-0.3922830136060445,0.06666666666666667,0.17777777777777778,0,0.25
2022,15,WAS,1,34,28,0.07174206986577222,0.06421735569892915,0.5,0.39285714285714285,0.125,0,0.28125,0,0.22430492085145975,0,0.11764705882352941,0,0.5
2022,16,ARI,1,48,30,-0.0386661621173294,-0.19036900638411022,0.4166666666666667,0.36666666666666664,0.08333333333333333,0.16666666666666666,0.22916666666666666,-1.1301035176149248,0.14173698305912255,0,0.08333333333333333,0.125,0
2022,16,ATL,1,18,34,-0.0979766369247391,0.06992779831318446,0.2777777777777778,0.5,0.17647058823529413,0.29411764705882354,0.11764705882352941,0.5986924909637308,-0.9204837024444715,0,0,0.14285714285714285,0
2022,16,BAL,1,37,31,-0.08690599077874049,-0.22253206613282361,0.40540540540540543,0.3225806451612903,0.2,0.2,0.2857142857142857,-0.13089762307936245,0.048390993324574375,0.05405405405405406,0.08108108108108109,0,0
2022,16,BUF,1,33,26,-0.3037912114580255,-0.5746355619988976,0.3333333333333333,0.23076923076923078,0.1,0.1,0.16666666666666666,0.6462993477471167,-0.3030746397678734,0.06060606060606061,0.12121212121212122,0.16666666666666666,0
2022,16,CAR,1,46,16,0.2983636933154305,-0.603190418501065,0.43478260869565216,0.125,0.18181818181818182,0.13636363636363635,0.13636363636363635,2.3424329882642843,0.994444660173544,0.043478260869565216,0.15217391304347827,0.2,0
2022,16,CHI,1,32,27,0.12073297044753435,0.3312819606939296,0.53125,0.48148148148148145,0.14285714285714285,0.2857142857142857,0.21428571428571427,-0.4590579922242024,-1.3160366843318714,0.03125,0.09375,0.25,0.2
2022,16,CIN,1,38,16,0.03885183551105523,-0.38370780891818906,0.3157894736842105,0.4375,0.13157894736842105,0.2631578947368421,0.2631578947368421,0.9226892628066713,0.14620958579471374,0.10526315789473684,0.15789473684210525,0.5,0
2022,16,CLE,1,15,39,-0.33416955749659416,-0.027402408583761306,0.4,0.358974358974359,0.26666666666666666,0.26666666666666666,0.4666666666666667,-2.740226054535015,-0.31700283634875387,0,0,0,0.2
2022,16,DAL,1,42,27,0.36765773002048885,-0.4800729015798965,0.5476190476190477,0.37037037037037035,0.275,0.275,0.25,1.0795484907522968,0.6298098030325483,0,0,0.2857142857142857,0.09090909090909091
2022,16,DEN,1,29,35,0.4675022797285597,0.1261742189517353,0.6551724137931034,0.45714285714285713,0.14285714285714285,0.03571428571428571,0.17857142857142858,1.62111840501893,0.6570194431813428,0,0.034482758620689655,0.2857142857142857,0.375
2022,16,DET,1,22,43,0.6502571991769538,0.23189561585841614,0.5909090909090909,0.5116279069767442,0.18181818181818182,0.18181818181818182,0.045454545454545456,2.6761720194382406,4.90913370792987,0,0,0.3333333333333333,0.375
2022,16,GB,1,27,18,0.0352742517289949,-0.11340004127770167,0.4444444444444444,0.4444444444444444,0.25925925925925924,0.2962962962962963,0.2222222222222222,0.6081081395080762,1.6548151816920535,0.07407407407407407,0.2222222222222222,0,0.5
2022,16,HOU,1,28,30,-0.5643056820866019,0.02112249717465609,0.2857142857142857,0.5333333333333333,0,0.1111111111111111,0.2222222222222222,-0.3103169138970167,-0.3422367612850706,0.14285714285714285,0.21428571428571427,0,0.5
2022,16,IND,1,36,31,-0.0938321844421255,0.0041466443085921185,0.4166666666666667,0.5483870967741935,0.22857142857142856,0.11428571428571428,0.3142857142857143,0.30720005197508804,0.5824569422991126,0.1111111111111111,0.19444444444444445,0,0.18181818181818182
2022,16,JAX,1,40,16,-0.29134144058734873,-0.2805841640729346,0.35,0.3125,0.08333333333333333,0.16666666666666666,0.19444444444444445,-0.14382581241079465,0.16128839294625724,0.075,0.175,0,0
2022,16,KC,1,44,29,-0.3584407173706061,-0.019978503329309963,0.29545454545454547,0.3793103448275862,0.11904761904761904,0.16666666666666666,0.16666666666666666,0.09482855438337921,-0.5232297492454688,0.045454545454545456,0.1590909090909091,0.2,0
2022,16,LA,1,42,20,-0.4054606887298907,-0.006663700802158798,0.40476190476190477,0.4,0.14634146341463414,0.1951219512195122,0.1951219512195122,-0.15781512539604553,-0.308168369760096,0.14285714285714285,0.2619047619047619,0.5,0
2022,16,LAC,1,36,14,-0.686417570275483,-0.2791696649260954,0.3333333333333333,0.35714285714285715,0.08333333333333333,0.1388888888888889,0.1388888888888889,-1.5001553324866115,0.5716516701737409,0.19444444444444445,0.25,0,0
2022,16,LV,1,40,26,0.03992266882193464,-0.11304725686085079,0.5,0.34615384615384615,0.15384615384615385,0.07692307692307693,0.20512820512820512,1.4601829160625737,0.48324153277280835,0,0.1,0.3333333333333333,0
2022,16,MIA,1,42,23,0.10599431515316789,-0.2683934816939365,0.4523809523809524,0.30434782608695654,0.175,0.2,0.25,-0.04078431973903186,-0.2610426221773918,0.047619047619047616,0.07142857142857142,0.07692307692307693,0.14285714285714285
2022,16,MIN,1,50,17,-0.044582166126025745,0.22709801478092337,0.52,0.47058823529411764,0.15217391304347827,0.10869565217391304,0.17391304347826086,0.9017038127174598,-0.47481968537613395,0.06,0.18,0.3333333333333333,0
2022,16,NE,1,55,24,0.14798715599483397,-0.134237891303802,0.5636363636363636,0.375,0.18518518518518517,0.14814814814814814,0.24074074074074073,1.4144820980199013,-0.11927695508243062,0.03636363636363636,0.03636363636363636,0.16666666666666666,0
2022,16,NO,1,33,34,-0.4688644866135856,-0.04591550943202036,0.2727272727272727,0.35294117647058826,0.12121212121212122,0.21212121212121213,0.12121212121212122,-1.224868991906987,0.2701758125916828,0.06060606060606061,0.09090909090909091,0,0.3333333333333333
2022,16,NYG,1,52,19,-0.008766323768094008,-0.0036107692469253883,0.46153846153846156,0.47368421052631576,0.07692307692307693,0.19230769230769232,0.19230769230769232,-0.016058679646811725,0.5373148746730301,0.07692307692307693,0.21153846153846154,0.3333333333333333,0
2022,16,NYJ,1,36,35,0.1571441691030573,-0.017808205842240292,0.5555555555555556,0.2571428571428571,0.1875,0.09375,0.03125,0.08188954344950632,-0.608848075964488,0.027777777777777776,0.16666666666666666,0,0.16666666666666666
2022,16,PHI,1,44,28,0.17610027395812392,-0.13046387398311984,0.5681818181818182,0.2857142857142857,0.21951219512195122,0.12195121951219512,0.24390243902439024,2.456239970718468,0.7118253476760303,0.13636363636363635,0.1590909090909091,0.18181818181818182,0.2
2022,16,PIT,1,35,17,-0.148266622950076,-0.22793693356352943,0.37142857142857144,0.35294117647058826,0.12121212121212122,0.18181818181818182,0.3333333333333333,-0.5991828134016761,-0.41540090893845777,0.08571428571428572,0.14285714285714285,0.3333333333333333,0
2022,16,SEA,1,31,20,0.1546252421697076,-0.20165614009602018,0.4838709677419355,0.35,0.20689655172413793,0.20689655172413793,0.2413793103448276,0.7527948608136901,-0.3657498815945081,0.03225806451612903,0.0967741935483871,0.5,0.25
2022,16,SF,1,37,33,0.18347436619405233,-0.49023684970752285,0.5135135135135135,0.24242424242424243,0.1891891891891892,0.1891891891891892,0.1891891891891892,0.7391819189402401,-0.3419878478577759,0.05405405405405406,0.1891891891891892,0.42857142857142855,0
2022,16,TB,1,49,25,-0.2841543778356375,-0.13362174294190465,0.24489795918367346,0.4,0.0851063829787234,0.19148936170212766,0.1276595744680851,0.07163092758532344,-0.04041490633001834,0.02040816326530612,0.14285714285714285,0,0
2022,16,TEN,1,36,28,0.10450271987419556,-0.36811734570073906,0.4444444444444444,0.32142857142857145,0.11764705882352941,0.2647058823529412,0.17647058823529413,0.7848430325134856,-0.1996946341629765,0.027777777777777776,0.16666666666666666,0.125,0
2022,16,WAS,1,26,25,0.22296861804385693,0.010377750298939932,0.38461538461538464,0.32,0.24,0.2,0.32,0.166624302149283,0.9841917755620664,0.11538461538461539,0.11538461538461539,0,0.125
2022,17,ARI,1,29,32,0.014355418358683088,-0.23516508536608596,0.4827586206896552,0.34375,0.1111111111111111,0.07407407407407407,0.1111111111111111,-0.712965795653872,0.6123518529542107,0.034482758620689655,0.10344827586206896,0,0.2222222222222222
2022,17,ATL,1,44,25,0.025342296153793357,0.007981830006465646,0.38636363636363635,0.56,0.11904761904761904,0.2619047619047619,0.19047619047619047,0.131637698311028,0.15056985522926775,0.045454545454545456,0.1590909090909091,0.16666666666666666,0
2022,17,BAL,1,29,41,0.14341833566296475,0.15298355984921777,0.41379310344827586,0.6341463414634146,0.1724137931034483,0.20689655172413793,0.20689655172413793,0.12540322069336768,0.8692020680658373,0.06896551724137931,0.3103448275862069,0.2,0
2022,17,CAR,1,50,25,0.2438253346731529,-0.12898329950287027,0.54,0.36,0.12,0.1,0.2,2.576891070907005,0.42570385449216663,0.06,0.16,0,0.25
2022,17,CHI,1,31,39,0.1565059495273864,0.19610030151820038,0.5161290322580645,0.48717948717948717,0.16129032258064516,0.16129032258064516,0.1935483870967742,1.4458759617758927,-0.315729429101338,0.06451612903225806,0.0967741935483871,0.4,0.25
2022,17,CLE,1,32,36,-0.2577622974255003,-0.10469407447574978,0.40625,0.3055555555555556,0.12903225806451613,0.1935483870967742,0.0967741935483871,0.28805134447369063,0.5801504088255266,0.09375,0.15625,0,0.16666666666666666
2022,17,DAL,1,42,23,-0.19087840499302397,-0.11488127579365885,0.3333333333333333,0.21739130434782608,0.14634146341463414,0.1951219512195122,0.1951219512195122,-0.2742846501569146,-0.5159895416218199,0.047619047619047616,0.23809523809523808,0.2,0
2022,17,DEN,1,45,14,0.17671886512897853,-0.334640372676525,0.5555555555555556,0.35714285714285715,0.16666666666666666,0.23809523809523808,0.11904761904761904,0.5256131796529245,-0.018447766860481402,0,0.06666666666666667,0.2727272727272727,0.3333333333333333
2022,17,DET,1,32,18,-0.6519241069966303,0.22233291819510578,0.25,0.5555555555555556,0.03571428571428571,0.14285714285714285,0.03571428571428571,-0.8550597589637607,-0.543080269359052,0.21875,0.28125,0.5,0
2022,17,GB,1,39,18,-0.19250977472392264,-0.1898989356942831,0.48717948717948717,0.3888888888888889,0.16216216216216217,0.21621621621621623,0.43243243243243246,-0.4260869211866519,-0.2055236556407167,0.05128205128205128,0.20512820512820512,0.2,0
2022,17,HOU,1,31,29,-0.18996874690515428,0.04574143588904187,0.45161290322580644,0.41379310344827586,0.16129032258064516,0.0967741935483871,0.22580645161290322,-1.7846183280538144,-0.43281042941918985,0.06451612903225806,0.0967741935483871,0,0.6666666666666666
2022,17,IND,1,28,33,0.3336135709527713,0.10149200018989206,0.7142857142857143,0.48484848484848486,0.25,0.16666666666666666,0.2916666666666667,0.7225926114234649,0.7973649048362849,0,0.07142857142857142,0.4,0.4
2022,17,JAX,1,49,18,-0.5341958204332085,-0.4312990534041695,0.24489795918367346,0.3333333333333333,0.10869565217391304,0.2391304347826087,0.2608695652173913,-0.7793693662388251,0.058095858044301216,0.04081632653061224,0.24489795918367346,0,0
2022,17,KC,1,43,23,-0.2622708601299706,0.019126829838015964,0.37209302325581395,0.34782608695652173,0.11904761904761904,0.14285714285714285,0.16666666666666666,-0.5908477964694606,1.4008909316617078,0.09302325581395349,0.18604651162790697,0,2
2022,17,LA,1,31,31,0.3739112443345861,0.19751645657121256,0.6129032258064516,0.5161290322580645,0.16129032258064516,0.1935483870967742,0.0967741935483871,0.27802620751453966,1.5686751267639905,0,0.06451612903225806,0.4,0.2
2022,17,LAC,1,24,24,-0.42707589738068336,0.22645829038325857,0.2916666666666667,0.5416666666666666,0.09090909090909091,0.2727272727272727,0,0.7901401264825838,0,0.125,0.16666666666666666,0,0
2022,17,LV,1,35,27,0.22416447400939996,0.27322575696334656,0.5428571428571428,0.5925925925925926,0.14285714285714285,0.17142857142857143,0.22857142857142856,-0.37714252072570964,0.22306116577713644,0,0.11428571428571428,0.4,0.25
2022,17,MIA,1,36,21,-0.08865558402247138,-0.25748905557252116,0.2777777777777778,0.23809523809523808,0.16666666666666666,0.25,0.16666666666666666,0.6532681897450769,-0.33100379440524746,0.08333333333333333,0.1388888888888889,0.5,0
2022,17,MIN,1,29,32,0.126156759747719,0.09916237483957951,0.5172413793103449,0.46875,0.17857142857142858,0.25,0.21428571428571427,0.039139921036880417,0.6841643975834195,0.034482758620689655,0.10344827586206896,0,0.3333333333333333
2022,17,NE,1,44,25,-0.027613434575617206,-0.05211107014445572,0.4318181818181818,0.32,0.23809523809523808,0.16666666666666666,0.16666666666666666,-0.5255888760023354,1.3068840265706454,0.045454545454545456,0.1590909090909091,0.6666666666666666,0.2
2022,17,NO,1,38,15,-0.29861819735981016,-0.2039543305446084,0.2631578947368421,0.4666666666666667,0.07894736842105263,0.23684210526315788,0.07894736842105263,0.5678745353555616,0.06089310712801771,0.15789473684210525,0.18421052631578946,0,0
2022,17,NYG,1,30,26,-0.2943220253372346,-0.023687968249970617,0.3,0.34615384615384615,0.13793103448275862,0.13793103448275862,0.27586206896551724,0.4151402337301981,1.4483073245137355,0.06666666666666667,0.13333333333333333,0.2,0
2022,17,NYJ,1,35,36,-0.09720887592132749,0.035048566716308606,0.42857142857142855,0.3611111111111111,0.12121212121212122,0.18181818181818182,0.15151515151515152,-0.3785679063650423,0.6445419420022545,0.11428571428571428,0.22857142857142856,0.2222222222222222,0
2022,17,PHI,1,31,35,-0.14611343944401955,-0.09169277187833355,0.45161290322580644,0.4,0.0967741935483871,0.12903225806451613,0.0967741935483871,0.9440044459042827,0.063113769302919,0.22580645161290322,0.25806451612903225,0,0.07692307692307693
2022,17,PIT,1,25,25,0.14268510529848186,-0.14323970430064925,0.48,0.36,0.18181818181818182,0.13636363636363635,0.3181818181818182,-0.189576798952961,-0.27497914917434385,0.04,0.12,0.3333333333333333,0
2022,17,SEA,1,50,17,-0.37806061398876056,-0.1610027426641489,0.34,0.35294117647058826,0.06,0.24,0.14,-0.6734006228638888,0.45717866832689713,0.08,0.18,0,0
2022,17,SF,1,38,28,0.23087532620463966,-0.16710482362915566,0.6052631578947368,0.42857142857142855,0.20588235294117646,0.3235294117647059,0.14705882352941177,0.5834164668816472,-1.0371172751161464,0,0.23684210526315788,0.125,0.16666666666666666
2022,17,TB,1,41,20,0.224722556505074,-0.50646142661426,0.5609756097560976,0.25,0.1794871794871795,0.3333333333333333,0.1794871794871795,1.0365083557755077,0.48621119855670203,0.04878048780487805,0.14634146341463414,0.6666666666666666,0
2022,17,TEN,1,44,30,0.24566372774278758,-0.3546410898637559,0.5454545454545454,0.26666666666666666,0.21428571428571427,0.11904761904761904,0.07142857142857142,-0.5593701875302954,0.830159588716923,0.022727272727272728,0.06818181818181818,0.4,0.2
2022,17,WAS,1,25,28,0.26622781830520204,0.04904986690546876,0.32,0.42857142857142855,0.2608695652173913,0.21739130434782608,0.2608695652173913,1.6135903215967113,0.3139278470347179,0.2,0.2,0.2,0
2022,18,ARI,1,26,35,0.2392599389163875,-0.08875754298891766,0.6153846153846154,0.37142857142857144,0.125,0.08333333333333333,0.20833333333333334,0.10479472336009998,1.2490896820207116,0.15384615384615385,0.23076923076923078,0.2857142857142857,0.14285714285714285
2022,18,ATL,1,34,20,-0.1919019674515928,-0.12952655655735718,0.4117647058823529,0.25,0.08823529411764706,0.20588235294117646,0.08823529411764706,-0.6767868418911726,0.34071106246362165,0,0.14705882352941177,0.5,0
2022,18,BAL,1,45,19,-0.1700660533830243,-0.2682636919627457,0.35555555555555557,0.2631578947368421,0.11363636363636363,0.22727272727272727,0.20454545454545456,0.20129549913108372,0.38235183848559634,0.044444444444444446,0.1111111111111111,0,0.5
2022,18,BUF,1,43,22,-0.05993871278237796,0.009936850703194075,0.5116279069767442,0.36363636363636365,0.11904761904761904,0.16666666666666666,0.23809523809523808,-0.73803692004211,-0.6653652500594035,0.023255813953488372,0.09302325581395349,0.25,0
2022,18,CAR,1,26,32,-0.3131026961318145,-0.07716300349238737,0.46153846153846156,0.4375,0.07692307692307693,0.23076923076923078,0.07692307692307693,-0.0030798730400910155,0.5221763731096896,0.038461538461538464,0.11538461538461539,0,0
2022,18,CHI,1,34,37,0.6474839163589714,-0.11190336850128191,0.7058823529411765,0.40540540540540543,0.24242424242424243,0.24242424242424243,0.18181818181818182,0.6432039266510404,0.7639786258417499,0,0.058823529411764705,0.125,0.18181818181818182
2022,18,CIN,1,48,27,-0.40669532436520317,-0.1472835479222274,0.2708333333333333,0.4444444444444444,0.10416666666666667,0.16666666666666666,0.3541666666666667,-0.7756810502723956,-0.4660912163877494,0.08333333333333333,0.14583333333333334,0,0.2
2022,18,CLE,1,32,36,0.30737674113897423,-0.12693764205161828,0.40625,0.3888888888888889,0.1935483870967742,0.2903225806451613,0.22580645161290322,1.1776645865627668,0.9061682562127572,0.03125,0.0625,0,0.18181818181818182
2022,18,DAL,1,25,38,-0.143312566365003,-0.22175836334318436,0.4,0.2894736842105263,0.22727272727272727,0.09090909090909091,0.2727272727272727,0.7994272640789849,0.38084864769031773,0.12,0.12,0.16666666666666666,0.08333333333333333
2022,18,DEN,1,47,21,0.25206441595698564,-0.3965138821790577,0.5319148936170213,0.23809523809523808,0.17391304347826086,0.1956521739130435,0.13043478260869565,0.48698305028229166,1.1091503994054315,0.02127659574468085,0.0425531914893617,0.3,0
2022,18,DET,1,31,26,-0.21242732018668226,-0.0839353888989605,0.41935483870967744,0.5,0.1724137931034483,0.27586206896551724,0.06896551724137931,0.14242726866359626,1.1923331489088,0.06451612903225806,0.22580645161290322,0.3333333333333333,0
2022,18,GB,1,36,24,0.21086815174652676,-0.13212488293114186,0.5833333333333334,0.4583333333333333,0.14285714285714285,0.08571428571428572,0.2571428571428571,1.534804719073386,-0.1828008357329779,0.027777777777777776,0.08333333333333333,0,0.2857142857142857
2022,18,HOU,1,41,29,-0.20836375302923626,0.09264547533179039,0.3902439024390244,0.4482758620689655,0.10810810810810811,0.13513513513513514,0.2702702702702703,0.6000291410367934,-1.5496616815449662,0.04878048780487805,0.0975609756097561,0.2222222222222222,0.1
2022,18,IND,1,43,22,0.17151855880285585,-0.5335895640018864,0.3953488372093023,0.2727272727272727,0.19047619047619047,0.21428571428571427,0.16666666666666666,1.7056765114992025,0.02425804707620765,0.023255813953488372,0.13953488372093023,0.2857142857142857,0
2022,18,JAX,1,35,37,0.017325686980689543,-0.1972784608275306,0.5142857142857142,0.35135135135135137,0.12121212121212122,0.09090909090909091,0.15151515151515152,-0.25363330096782494,0.9424343600054284,0.11428571428571428,0.3142857142857143,0,0
2022,18,KC,1,49,18,-0.13276150959726765,-0.2278394923196179,0.4489795918367347,0.2222222222222222,0.11904761904761904,0.19047619047619047,0.2619047619047619,-0.6138798170868548,0.6837301591083159,0.12244897959183673,0.2653061224489796,0.14285714285714285,0
2022,18,LA,1,38,32,-0.06798217966016429,-0.13337813705987542,0.4473684210526316,0.40625,0.11764705882352941,0.20588235294117646,0.35294117647058826,0.2301982621967378,0.18945874690645836,0.07894736842105263,0.13157894736842105,0,0
2022,18,LAC,1,29,33,0.0983527441092614,0.18948638318353458,0.3448275862068966,0.5151515151515151,0.2692307692307692,0.34615384615384615,0.11538461538461539,1.3237287421998687,0.660372475239758,0.06896551724137931,0.13793103448275862,0.6666666666666666,0.25
2022,18,LV,1,31,25,0.12881967611464376,0.1992658523423594,0.45161290322580644,0.64,0.14285714285714285,0.17857142857142858,0.10714285714285714,1.0161843441193927,0.4315352902631273,0.06451612903225806,0.12903225806451613,0.14285714285714285,0.42857142857142855
2022,18,MIA,1,33,20,0.0019299987490085347,-0.38699708581970604,0.36363636363636365,0.2,0.21212121212121213,0.18181818181818182,0.24242424242424243,-1.24872739996236e-5,0.45585955028218544,0,0.30303030303030304,0,0
2022,18,MIN,1,31,20,-0.30257202095714125,0.08470116164826304,0.3225806451612903,0.3,0.10344827586206896,0.3103448275862069,0.13793103448275862,-0.7389671641867607,-0.5168247840483675,0.03225806451612903,0.0967741935483871,0.5,0
2022,18,NE,1,36,22,0.24893728444456256,-0.33281429981897453,0.4722222222222222,0.45454545454545453,0.18181818181818182,0.30303030303030304,0.24242424242424243,0.9882106561388369,0.33054264137535977,0.05555555555555555,0.08333333333333333,0.25,0
2022,18,NO,1,20,38,-0.5608777194254797,-0.03474153861026725,0.3,0.47368421052631576,0,0.23529411764705882,0.11764705882352941,-2.2227665126556526,0.214848142233677,0.1,0.1,0,0
2022,18,NYG,1,42,30,-0.09668457309433572,0.0915707816369834,0.38095238095238093,0.4,0.10526315789473684,0.07894736842105263,0.10526315789473684,0.8928238365333543,0.5402236647787507,0.07142857142857142,0.07142857142857142,0,0.1
2022,18,NYJ,1,33,31,-0.22809148699547455,0.05892725438400846,0.2727272727272727,0.41935483870967744,0.09375,0.1875,0.09375,0.016491162157623623,-0.5231653474038477,0.030303030303030304,0.2727272727272727,0,0
2022,18,PHI,1,45,19,-0.11220535449859795,0.25996048197358623,0.35555555555555557,0.42105263157894735,0.09302325581395349,0.09302325581395349,0.18604651162790697,0.14496623932063696,-0.5119141675531866,0.044444444444444446,0.2,0,0.5
2022,18,PIT,1,41,17,-0.03411083175550891,0.030730295991387647,0.4146341463414634,0.4117647058823529,0.1388888888888889,0.19444444444444445,0.3055555555555556,0.6277622882459708,-0.2063464947171845,0.17073170731707318,0.1951219512195122,0.6666666666666666,0
2022,18,SEA,1,32,27,-0.33752635623698135,0.14274797422587146,0.28125,0.4074074074074074,0.0967741935483871,0.25806451612903225,0.0967741935483871,-0.13675106563459977,-0.34306916738084237,0.15625,0.28125,0,0.25
2022,18,SF,1,31,19,-0.446877006201014,-0.20362929758419707,0.3548387096774194,0.42105263157894735,0.13333333333333333,0.2,0.1,-0.7845677131069069,1.1588293905757967,0.0967741935483871,0.1935483870967742,0,0.25
2022,18,TB,1,34,33,0.15207969371053268,-0.05083473705418311,0.4411764705882353,0.3939393939393939,0.25,0.1875,0.21875,0.4433799682738797,0.7245341496517158,0.058823529411764705,0.14705882352941177,0.25,0.1111111111111111
2022,18,TEN,1,33,14,0.13174515417351818,-0.6524097602440246,0.45454545454545453,0.21428571428571427,0.18181818181818182,0.18181818181818182,0.2727272727272727,0.8811693414711925,0.6374020962975928,0.030303030303030304,0.12121212121212122,0,0
2022,18,WAS,1,42,24,-0.40570074772196135,-0.6150930132741148,0.3333333333333333,0.16666666666666666,0.05128205128205128,0.20512820512820512,0.41025641025641024,-0.3133737237440071,-0.0611996693405668,0.023809523809523808,0.09523809523809523,0.5,0
