season,week,player_id,ngs_separation,ngs_cushion,ngs_yac_oe,ngs_air_yard_share
2024,1,00-0036244,4.14193343500243,10.06,1.375437392414069,3.9415562351342164
2024,1,00-0038117,3.628257198628011,9.16111111111111,-0.7655429267024598,34.238906240792026
2024,1,00-0038977,2.5935666288284542,8.961428571428572,1.139903772726393,44.8425667596652
2024,1,00-0039890,3.1592405100156085,8.469999999999999,-1.797615656317575,27.471510198869986
2024,1,00-0036252,1.94633571424654,8.1525,0.5290487534699988,24.189995850225042
2024,1,00-0037545,3.589928980778211,8.1425,1.0396273230501016,41.66593367930335
2024,1,00-0038544,3.304888481566588,7.94,0.36962645032890684,30.09333571131325
2024,1,00-0037816,2.430808612098047,7.852857142857142,1.3410757985333683,23.024298183533855
2024,1,00-0031544,2.6250042091372023,7.768888888888889,0.6121809103828397,46.518793996546684
2024,1,00-0036407,2.1796587512919134,7.714285714285714,0.027241476502226192,31.329525833444016
2024,1,00-0031588,3.645639894928133,7.69,0.21743771266796186,3.7943403746512554
2024,1,00-0038124,2.407059398757008,7.580000000000001,-0.15147375338158275,21.733562497893715
2024,1,00-0034407,3.011694447054063,7.526666666666666,-0.15596434163686013,45.43518764972052
2024,1,00-0036912,3.5814769114344127,7.4487499999999995,2.2826552824828283,27.478765817299365
2024,1,00-0037838,5.008181460874578,7.369090909090909,2.8232787426356687,39.2793795430042
2024,1,00-0039146,5.316873520594945,7.356,6.836887895112639,34.07474808748695
2024,1,00-0036980,4.180084979905732,7.166666666666667,-0.9621158413370263,5.990171337495018
2024,1,00-0039342,1.7572359421222856,7.132857142857143,-0.4166140884928504,35.325703415053226
2024,1,00-0039064,4.1672963512301235,7.088571428571428,-0.22945012082915728,20.074427016311336
2024,1,00-0037247,2.66589238784871,7.03,-1.3989910013556102,75.17132729421033
2024,1,00-0033908,3.1459456045309095,6.991578947368422,-0.7138352120190619,53.25857968059802
2024,1,00-0038619,2.3550492763023674,6.914999999999999,-1.7046854445115662,29.365275376636195
2024,1,00-0037744,2.7613091142028443,6.85875,-0.7153729078243544,40.794341675734486
2024,1,00-0031236,4.268855194542746,6.8514285714285705,-2.123590234175686,32.50404279139196
2024,1,00-0033921,3.7812065942790616,6.740000000000001,2.0859000328706987,23.456542118655413
2024,1,00-0034351,5.420265708301519,6.625,-0.5043556915713907,2.1754203501473386
2024,1,00-0033885,5.954396829513489,6.535,2.301507288875843,4.879798113959358
2024,1,00-0034837,2.3440804279150753,6.467142857142856,0.8613207898463413,69.37229940064118
2024,1,00-0031381,4.394798484060066,6.463333333333334,1.0744566401166793,43.56667139010913
2024,1,00-0037740,4.30489637911961,6.4290909090909105,0.3281464515999559,47.190613760981066
2024,1,00-0033009,2.38385434224624,6.338,-1.004406301066588,17.567253635645592
2024,1,00-0036554,1.8682709708877587,6.3062499999999995,1.2917291713058532,50.45436428856117
2024,1,00-0030279,2.7100130910263527,6.27,-0.5607716928645736,53.63366292732674
2024,1,00-0039424,4.350083257645863,6.255714285714286,-0.46400180781578637,6.419801208341452
2024,1,00-0035676,2.0261445675719427,6.239,8.24751345642001,48.275264343907104
2024,1,00-0035719,1.8441731413139095,6.116250000000001,3.487140309216896,22.77256527747473
2024,1,00-0035500,2.961068881132821,6.094285714285713,-0.10918475829785379,32.07290533188248
2024,1,00-0036900,4.429102123186631,6.034000000000001,1.8165767571043396,23.59224499876512
2024,1,00-0039062,3.3190880643569116,5.7299999999999995,-0.14416327060317258,11.69954895523304
2024,1,00-0034348,2.482587983933129,5.708333333333333,-1.8063901573096448,62.393295653868655
2024,1,00-0038041,4.076531360884603,5.65,2.2676024448949845,12.824978231123277
2024,1,00-0036963,2.5816172505926915,5.614,-0.08864582776993046,14.423685877137427
2024,1,00-0033943,2.1473220286968018,5.585000000000001,0.4052245994727386,26.13135840966674
2024,1,00-0039067,3.290941418378036,5.521428571428571,4.191837068922966,28.079672426955366
2024,1,00-0039337,3.8539147069224233,5.421666666666667,0.34248759166184684,27.326300901644178
2024,1,00-0032211,3.5678114816017517,5.421428571428572,-1.6722768751302441,44.292754395311675
2024,1,00-0037240,3.6456474210915246,5.417777777777778,2.3156953191977436,68.39772007599747
2024,1,00-0031408,2.257651688219459,5.383333333333333,-0.5024686117067161,53.48198741127628
2024,1,00-0039915,3.030219126268453,5.372857142857143,0.294061264641333,25.747577432970704
2024,1,00-0033040,3.696642852625381,5.246666666666667,4.980366189164639,64.84685807410249
2024,1,00-0039338,3.746331222213984,5.114,-0.11408270987869784,26.378064333286105
2024,1,00-0036322,3.076438790939379,5.078333333333333,-0.21278500454815763,33.340586411358316
2024,1,00-0036345,2.1715029917468756,4.958,0.0791391450180563,16.74755751654585
2024,1,00-0034521,1.6388158512053017,4.925555555555556,0.698241949781357,54.13595896468368
2024,1,00-0039901,2.66302342894287,4.834,-0.32818889178787725,28.870977516514152
2024,1,00-0034827,2.34225899776826,4.74,-1.9764220902623908,23.79727752405445
2024,1,00-0036259,3.195031926051777,4.695,-0.21870540557224571,20.27420176012801
2024,1,00-0036427,2.6686185391090094,4.274285714285714,11.654443083446983,12.640163098878693
2024,1,00-0039065,3.642335615657062,4.24,1.4725838524139299,19.57990289212582
2024,1,00-0033288,4.295388100281359,4.157500000000001,0.9256537052964244,9.00429122117972
2024,1,00-0036613,2.873320552964898,3.7560000000000002,1.0087215398452738,32.44020514786944
2024,1,00-0032775,2.522201983637937,3.7514285714285713,-0.5477062608442917,27.635066258919466
2024,1,00-0036358,1.565372413775982,3.5344444444444445,5.615028372956589,41.46452709706846
2024,1,00-0035216,2.5754164872888805,3.431666666666667,-0.31311620386996086,16.45853149642539
2024,1,00-0036261,1.6384376761035835,3.2980000000000005,-0.48247247778060753,26.634664339224674
2024,1,00-0036550,3.1320878126844365,2.492,1.5490057227343783,41.92258199144436
2024,2,00-0036290,4.2178875567533165,10.483333333333334,-0.990370621591536,16.848125397161624
2024,2,00-0033858,3.851367008830927,9.087499999999999,0.9568566101052234,10.87858560346383
2024,2,00-0038547,3.338106852843612,8.855,-0.3217372297315402,3.916320566066757
2024,2,00-0037238,3.2959648093489755,8.55,-0.3927707753856289,21.214882910013078
2024,2,00-0036912,1.8314924925425273,8.405555555555555,-1.3211292909947963,62.484375
2024,2,00-0037240,2.1692164619040684,8.390909090909092,0.8718273196433532,34.63275803545784
2024,2,00-0034407,2.37106468333591,8.175,2.5462996988531454,25.082220549193647
2024,2,00-0036980,2.5426416702269865,8.115714285714287,0.2246529561492494,16.25942105515818
2024,2,00-0037239,2.438232301783638,8.053333333333333,-0.1291117173594163,57.16454159077109
2024,2,00-0039338,4.028900743893497,8.01625,-1.0492789628057357,25.242250186346293
2024,2,00-0039064,4.579558713782421,7.927777777777777,0.3181317245840267,39.78184377199157
2024,2,00-0039919,2.303267253590639,7.882,6.043797485228676,29.527642448633774
2024,2,00-0033943,3.477719048494874,7.715999999999999,1.8091996349208443,24.452056967044122
2024,2,00-0036309,2.153026798511872,7.373333333333332,3.4239023492594036,48.0524626540397
2024,2,00-0035659,3.164411250666215,7.235,-0.17159623967653026,25.22616283724281
2024,2,00-0037132,3.8277019688823963,7.1816666666666675,-0.5066196555881186,5.1979166666666705
2024,2,00-0037664,3.433635030375357,7.009999999999999,-0.2316269138622865,27.745604695250215
2024,2,00-0035640,3.8651782101923833,6.793333333333334,0.2341449574513108,45.172206131169176
2024,2,00-0035719,3.044789678638039,6.742222222222223,0.1264904706454253,33.91087526372994
2024,2,00-0036963,2.3977210054955065,6.6656249999999995,1.0775420488351009,44.47374605081072
2024,2,00-0037261,3.740035398992429,6.561999999999999,-0.6500946072751943,30.40063986039409
2024,2,00-0036900,3.6486157300640003,6.545999999999999,0.8667679679078546,9.677045507223978
2024,2,00-0033908,3.4452977607234256,6.495,0.7823278098249489,21.69634222652027
2024,2,00-0038935,2.346146781749723,6.428,0.880697815704707,24.554997717937013
2024,2,00-0036261,2.205098984282448,6.3759999999999994,-0.1343418898175308,16.501502461479443
2024,2,00-0036196,2.723877850022523,6.3428571428571425,0.9568148900059534,30.17191541153202
2024,2,00-0038544,3.136230430882596,6.291666666666667,-0.4002339294330173,49.05817174515236
2024,2,00-0035406,3.2306652950401995,6.268000000000001,4.042153261838765,7.9201953880800575
2024,2,00-0033040,4.080918224355796,6.14,-0.09420301689061361,26.55601659751038
2024,2,00-0039337,3.1114445444622865,6.1000000000000005,1.4844722905490952,73.54367121652871
2024,2,00-0033921,3.6272691363351983,6.047499999999999,0.8211037861321184,49.33520411572125
2024,2,00-0033009,1.0871655012176595,6.01,2.0246359972285255,17.981631472374886
2024,2,00-0038543,2.9245365510084773,5.799999999999999,-0.022640959509116154,47.374609274181985
2024,2,00-0037666,2.6932438958979805,5.786666666666666,-1.133532408078359,34.34240886017535
2024,2,00-0035341,1.331133823133818,5.623333333333332,-0.7311765326192106,20.555512632310894
2024,2,00-0034960,2.2231135846574266,5.608,-1.2569711017449947,15.192703994387688
2024,2,00-0036322,2.992666762502925,5.545714285714285,5.591001309182035,57.91111341596225
2024,2,00-0034827,3.0996460198612494,5.501111111111111,1.4264549212609223,41.75810209701335
2024,2,00-0035216,2.5790618854000167,5.423333333333333,-1.774579514743368,48.03847127309541
2024,2,00-0036252,2.0048658791783405,5.098333333333334,-1.172965665471267,21.822006388448845
2024,2,00-0036554,3.298452126168557,5.089,1.4998453935278446,45.274914089347085
2024,2,00-0034837,2.124382524405009,5.076666666666667,-0.17319053973579912,53.26149840902515
2024,2,00-0033090,3.286823754914972,5.075714285714286,0.1797116782921826,49.50600969102006
2024,2,00-0034829,3.0921483918896464,5.035555555555555,0.7432601140762047,22.753611991037616
2024,2,00-0031381,3.02852368696997,4.911818181818181,-0.5486981458191451,62.38435568027359
2024,2,00-0039849,1.584892047939733,4.845,3.565078686143103,69.62792169627922
2024,2,00-0034753,3.8560412127775883,4.745,-0.3334895059030334,20.760028149190713
2024,2,00-0037744,3.599118805016263,4.71,1.4983637729263988,13.57204213572042
2024,2,00-0039067,4.988209915541,4.5975,0.7261655913761018,49.223334483948904
2024,2,00-0036407,1.9911997985919248,4.5633333333333335,-1.3068129735686111,32.21160770006241
2024,2,00-0037252,3.3734644601697874,4.531428571428571,0.4130259019002751,17.347035874012757
2024,2,00-0031588,2.5381041729275133,4.446,-0.1363229681842557,22.263132056946496
2024,2,00-0037740,1.8415374782516831,4.4366666666666665,2.14184422322945,36.149383611312565
2024,2,00-0033288,3.914297618131289,4.1899999999999995,1.0345798851651749,17.092896873601436
2024,2,00-0031544,2.733677291533954,4.1762500000000005,-2.414645323217786,32.25481253900438
2024,2,00-0036358,2.256769089736878,3.6342857142857143,10.585476230708641,29.460083064143973
2024,2,00-0031408,2.65885063596224,3.1183333333333336,1.261193873620586,30.794414378298928
2024,3,00-0034960,2.6554717226679676,9.755555555555553,-0.32570999936237266,28.299072693080856
2024,3,00-0039868,3.5989880260480063,9.376000000000001,2.2949365854585366,19.585332419465384
2024,3,00-0039146,4.369467767053358,8.918000000000001,-0.21600097961051823,-6.517484897472986
2024,3,00-0037261,4.802992906380665,8.794,1.5652535307348927,-3.2913286149951078
2024,3,00-0036900,4.043028715386682,8.709999999999999,2.2165554533308036,31.60514768243667
2024,3,00-0036252,3.4378695004214874,8.658,1.6636105715960436,24.078885214926782
2024,3,00-0039067,4.430922617890078,8.578333333333333,1.4244298451309554,30.38552896035081
2024,3,00-0036849,1.8166033415476772,8.422,-1.0486415095477266,32.27932018160634
2024,3,00-0030061,4.654961069338649,8.326,-1.7590090642285943,15.170526911646778
2024,3,00-0038563,3.4498343471572017,8.126666666666667,-0.8326071146599876,35.90882562739121
2024,3,00-0031381,2.2869790519351536,8.11,0.4510789543696543,23.12106867258932
2024,3,00-0036309,5.314397241544787,8.1033333333333335,-1.6498750076917963,11.312902005297012
2024,3,00-0038977,4.024430073006812,8.071666666666667,0.6092578850703756,15.608402963363888
2024,3,00-0039893,4.147917322049561,7.956666666666667,2.468744765430272,20.945305573389582
2024,3,00-0035406,3.4101388660956014,7.937500000000001,0.5778407726331412,17.482008224811516
2024,3,00-0036894,3.5204475104433874,7.91,2.574707307257725,12.632857576677809
2024,3,00-0037239,3.3825403237301614,7.908000000000001,0.21728090174649406,36.142373501692745
2024,3,00-0036290,4.624842304953017,7.85375,0.5450623130725494,17.54888325288391
2024,3,00-0035500,2.5397082570320157,7.751666666666668,3.2414235795087225,19.50780616382806
2024,3,00-0031588,2.983241188889856,7.4025,0.1912592186046047,30.408308243970094
2024,3,00-0038589,4.765518808286293,7.236,-1.4867029239676963,13.773199538229289
2024,3,00-0036322,4.486576736834007,7.109999999999999,-1.3656331785210725,41.62646450723639
2024,3,00-0035640,2.7873136064321833,6.995,3.3110676400164607,45.046361620641
2024,3,00-0036244,2.749079784081507,6.992500000000001,-2.057424334011377,11.474948772550125
2024,3,00-0032211,3.1811155951242265,6.983750000000001,-2.556625298761006,32.90667204192703
2024,3,00-0035659,3.0657129416126376,6.88,0.34452314657510286,68.8711731685457
2024,3,00-0036410,2.584027048613873,6.858333333333333,1.3220843961668982,26.31734208488513
2024,3,00-0037837,2.6620301689054706,6.803999999999999,10.496702146374036,35.14728211357425
2024,3,00-0038997,3.841232425004187,6.776000000000001,-0.807005294476399,5.178318375059048
2024,3,00-0034827,3.1335048854135037,6.733333333333333,-0.06991142084664403,17.225721999509126
2024,3,00-0038935,3.840672464601733,6.6625,-0.14975108852751973,13.647619921122626
2024,3,00-0037545,1.0561663931587786,6.657500000000001,NA,49.6980510568213
2024,3,00-0038117,3.299508171113077,6.637500000000001,2.357676286135886,8.31501995784186
2024,3,00-0034775,3.217024091408322,6.607142857142857,-0.8237004211006473,22.412791586413515
2024,3,00-0036261,2.291592683610795,6.599000000000001,-2.291826870728925,29.024698034973863
2024,3,00-0036196,1.7543115489168937,6.482000000000001,-2.0622347600915774,20.868874010211254
2024,3,00-0036407,2.8304921101159244,6.465,-0.7209606972169826,26.041832987386233
2024,3,00-0031544,2.633187465918017,6.297499999999999,0.5140999231457024,48.14386076959923
2024,3,00-0037744,2.1454017622267094,6.296,-0.4466134515235156,17.163422546634223
2024,3,00-0034348,1.7997908954035162,6.13909090909091,-0.6491542324514714,47.79814941740919
2024,3,00-0036554,3.8170123808860494,6.110000000000001,2.933954955233121,45.681810493555695
2024,3,00-0038933,4.00673229356953,6.0975,1.7576795521653041,34.8063755106738
2024,3,00-0038621,3.9182659050654696,6.045000000000001,-0.6870643158013761,31.112607923580914
2024,3,00-0031763,3.331825358932827,6.011666666666667,1.1316281535482524,13.028716354413813
2024,3,00-0034351,3.1904003787127078,5.7875,5.46706925235031,26.10111140216293
2024,3,00-0033040,3.3631656035917197,5.758,-1.4636383925905463,16.308007612355443
2024,3,00-0030564,3.096340362527049,5.752857142857144,-0.4442005917816081,30.596749844596406
2024,3,00-0033921,2.293945497575239,5.702500000000001,0.6153404036164511,56.30259390995055
2024,3,00-0038559,2.2706239304307254,5.625,0.21669019121109612,16.97840632603406
2024,3,00-0036613,3.5612839043618267,5.604,0.90889024833512,4.840677304445414
2024,3,00-0030506,3.209338197877379,5.510000000000001,-0.625210508164102,14.044704305986958
2024,3,00-0030035,3.307095771343588,5.5040000000000004,1.1416994065788326,18.930700115648076
2024,3,00-0037247,2.6107682538975516,5.323333333333333,-2.0118696115275756,43.97206194959004
2024,3,00-0035644,3.6599653759866,5.3100000000000005,0.5336139210518231,16.372707115500912
2024,3,00-0036970,1.4192406510144229,5.2375,3.4037680309090845,42.94362466893682
2024,3,00-0036259,2.445269161741505,5.176666666666667,-0.18870665221051297,47.539210383991346
2024,3,00-0035216,2.7209315992168723,5.160714285714286,-0.1015329867693806,63.24170447469085
2024,3,00-0034270,4.054426417232894,5,2.6813468572788226,31.97428101480338
2024,3,00-0038129,2.7732135993080584,4.957142857142857,0.6863860015173548,26.850004337642048
2024,3,00-0036912,2.5975800035185976,4.914,-0.7426871196160834,50.18523369382181
2024,3,00-0038041,3.00812611489704,4.777142857142858,-0.6540315992453465,16.697599865018766
2024,3,00-0036963,2.336082189560069,4.721428571428571,-0.5565347653378327,35.9192348565356
2024,3,00-0039919,2.2998041082207163,4.707,2.038154943464742,47.98331015299028
2024,3,00-0039337,2.243739817927256,4.601666666666667,1.3908200453852162,56.922455935776114
2024,3,00-0039915,2.159907514241914,4.528333333333333,-0.19511013040991054,46.5083592247374
2024,3,00-0037666,2.0550477708822954,4.5200000000000005,-0.45718799196167004,21.052853587547983
2024,3,00-0039849,1.397722066874719,4.484545454545455,-0.7317902634727089,46.44160583941606
2024,3,00-0034829,4.148530459436406,4.3725000000000005,0.11118427946662557,16.235849404476564
2024,3,00-0036754,4.655979975150499,4.3025,0.06264183100939036,13.927264139803993
2024,3,00-0037238,3.849438060865469,4.147777777777778,1.5993258109911594,44.78136316955841
2024,3,00-0034383,2.402723905029223,3.9766666666666666,-0.5324534138720622,14.651060518926965
2024,3,00-0037740,2.170584595056065,3.8722222222222222,1.0686584684721154,37.74111548621842
2024,3,00-0034364,3.3692269255325704,3.733333333333333,-1.003807283939123,12.478045665016765
2024,3,00-0036358,2.1028621118266146,3.323333333333333,0.5097160206209166,14.004302526679885
2024,3,00-0038619,3.2036989615480316,3.285,-0.41341788968022897,21.962461742689634
2024,3,00-0031236,0.8596554705452993,2.616,-1.2008649750540386,23.134517231197538
2024,4,00-0036963,4.539666049245612,9.216666666666667,-1.1382592584864475,39.97521685254027
2024,4,00-0036849,4.028570700651949,9.215,0.6747263950267843,37.65489543027869
2024,4,00-0036894,2.943056590911086,9.200000000000001,2.9164282175006093,19.106297701786556
2024,4,00-0036196,2.83677403274947,8.7,-1.232907425212872,18.997478095832356
2024,4,00-0032385,2.1970370683452627,8.66,-0.17054167026882538,25.672077922077918
2024,4,00-0038933,3.1078382960523205,8.162,0.634936237101364,17.09720770494251
2024,4,00-0038117,3.2212351348000827,8.137777777777778,-0.6422637104301585,19.582677817338748
2024,4,00-0034407,3.4352724060852196,7.897142857142858,-0.0930214558528002,12.079708998892931
2024,4,00-0036410,2.5224647427900035,7.834999999999999,0.3367188914650794,58.06360821840698
2024,4,00-0036244,4.399864203963291,7.779999999999999,-4.36071076732577,14.874859185972477
2024,4,00-0034383,3.679148608759489,7.46,0.4221910180698849,12.388832784962698
2024,4,00-0035208,4.184475533263962,7.322,1.610374271137184,10.563616071428575
2024,4,00-0036252,2.407424343497765,7.262222222222222,3.01459272271262,38.441250164842415
2024,4,00-0035535,1.323573331941731,7.151999999999999,1.2229434149558926,25.373299108498244
2024,4,00-0038996,5.569172995433338,7.125000000000001,0.07237083305560432,8.776312341689227
2024,4,00-0039849,3.207351048988823,7.125,-0.3186302785509677,33.252376656720564
2024,4,00-0038563,4.4004026713847475,7.05,-0.06425284332053005,18.765568779407698
2024,4,00-0034351,3.085298583569928,7.026666666666667,-0.374532639101018,25.289023004271655
2024,4,00-0031408,2.865244043968221,6.809285714285714,0.514894865180838,49.66558441558441
2024,4,00-0035640,3.399365373902278,6.8075,0.7950374664112623,42.37775647171619
2024,4,00-0038559,1.882930934437422,6.805714285714286,-0.8963183385594533,58.53861633474429
2024,4,00-0038543,2.8514882567068383,6.7458333333333345,-1.1393803566154732,24.862176414189836
2024,4,00-0037545,3.953846621907202,6.727000000000001,-0.4783377770560291,56.96276183087664
2024,4,00-0037816,1.8041119103766161,6.675000000000001,-0.5551663633330393,16.375229277666172
2024,4,00-0038393,3.8846912935143334,6.607692307692308,1.8578621615266218,36.670451567822504
2024,4,00-0037239,3.002915897390096,6.607000000000001,1.0119444412698329,37.8200155159038
2024,4,00-0035659,2.5317532465374737,6.515000000000001,-0.36498528025376387,61.39508928571428
2024,4,00-0039337,3.322261258877385,6.451428571428572,-0.8001748627597931,42.2428307250697
2024,4,00-0038997,2.3299104960348496,6.446666666666666,0.6855346107298121,17.598575761571936
2024,4,00-0039751,3.6848343149588008,6.371666666666667,1.9989528728300017,27.87872851055492
2024,4,00-0033921,2.7808614972342194,6.358888888888888,4.623750139511398,10.918831168831167
2024,4,00-0037740,2.664306454915333,6.2,-3.5620618171752643,16.755651088614616
2024,4,00-0034827,2.6060935346768677,6.131666666666667,-0.29117880592112755,51.78093595766189
2024,4,00-0031588,3.5722437855249813,6.085555555555555,0.43097180795001044,21.308271166563504
2024,4,00-0034775,2.3800790744390032,6.073636363636364,-1.0884522055517398,44.200920365026136
2024,4,00-0036309,1.7069055376724265,6.0633333333333335,-0.44813460433142893,35.821603669144395
2024,4,00-0037238,1.975442779327284,6.044545454545454,0.13472750718824966,48.55290210343192
2024,4,00-0034348,3.536894491984317,6.041111111111111,0.1384004267351715,66.88816055313609
2024,4,00-0032211,2.0483014287768224,6.025,0.5170734823148679,20.72147651006711
2024,4,00-0034521,2.928584814312767,5.748571428571428,-0.9836336944255111,16.412425461101094
2024,4,00-0038129,2.928150572569953,5.721666666666667,2.3599705484398794,13.665584415584414
2024,4,00-0039342,3.052073404174495,5.678,1.7685887644815514,30.9721745104775
2024,4,00-0037247,1.6389073060044888,5.631818181818182,0.08095196806750371,63.85963416194089
2024,4,00-0036407,2.2108089586151567,5.417777777777777,-2.7764166528671907,54.243458475540386
2024,4,00-0037261,3.8638273429945804,5.3975,2.2947058688095243,17.093474690159773
2024,4,00-0033536,3.241816675707335,5.3725,-0.9517913195128038,25.045070031895712
2024,4,00-0033555,1.6458006245733785,5.265000000000001,-0.15209471426989296,26.090040316559648
2024,4,00-0033040,2.8964542273322516,5.250000000000001,-1.671755729566522,80.31887755102044
2024,4,00-0031544,3.1579172553512467,5.22625,-2.9509178863925616,49.51649601820248
2024,4,00-0039915,2.8220929649307362,5.2250000000000005,4.841824587895965,29.80394280762565
2024,4,00-0039146,4.149479719342998,5.028571428571429,1.1057504734880368,14.06935103502489
2024,4,00-0036358,2.4534161134742436,4.958,5.068245876928258,36.07410046312789
2024,4,00-0036322,3.1430986788940602,4.9575,-1.9828096701510667,38.07539235563564
2024,4,00-0036554,3.4219018104733547,4.9435714285714285,-0.4379791723716586,50.118904127439144
2024,4,00-0039893,2.4198437258354235,4.891111111111112,0.09890168458783455,34.503288875022754
2024,4,00-0030506,2.425108412020903,4.848000000000001,1.8748496069908809,40.42322300596853
2024,4,00-0036900,3.0750262557678147,4.843333333333334,18.79239029687871,32.822966507177036
2024,4,00-0034270,2.4180715095414422,4.7787500000000005,-0.4608154940117082,20.534599916793788
2024,4,00-0035216,1.849978623830285,4.763076923076922,-0.4539793055758292,58.553761593953965
2024,4,00-0036345,0.6863792551943152,4.728,-0.7194739183277079,12.934329891025278
2024,4,00-0036259,1.505566810023981,4.66,3.976108973710751,24.737539766702014
2024,4,00-0036613,4.87916064737968,4.656666666666667,0.15628162464655482,20.34438775510205
2024,4,00-0034960,2.64735879527323,4.633,1.3182299735688132,52.79269305286466
2024,4,00-0038041,3.4357712805769722,4.172,-0.7631642719975011,14.855717848236555
2024,4,00-0035719,2.401441356845955,4.109999999999999,-0.6731228135406102,16.322905620360547
2024,4,00-0039907,1.4217614534120595,4.101428571428571,-1.5907278618395053,60.02738631825184
2024,4,00-0039062,4.01820485038601,3.6675,2.732160717374322,4.637581587083482
2024,4,00-0038544,1.0478682776462964,3.4259999999999997,-0.0644122248994563,43.132582322357024
2024,4,00-0036261,1.9448346209930356,2.36,2.8099182915782883,23.433191940615057
2024,5,00-0037801,4.636629496298452,9.966666666666667,4.142325848397617,4.966634227721395
2024,5,00-0030279,2.662647204514695,9.358333333333333,0.6090930032725717,24.090439033562095
2024,5,00-0036244,2.6926277055010455,9.072222222222221,-1.0325260087001218,25.372122658135183
2024,5,00-0036849,3.554006339841397,8.758888888888889,-0.4692502616887668,34.086164357563106
2024,5,00-0038621,3.713719555967724,8.642857142857142,0.46837466743774314,30.333934685762674
2024,5,00-0034407,3.3148114583381822,8.32125,-0.8311749357821867,15.277644576580036
2024,5,00-0036550,5.071083837759307,7.99625,0.6310406621295961,22.55768098128089
2024,5,00-0039062,3.8476612358792392,7.9775,-4.9014055709310185,39.289940828402365
2024,5,00-0039064,4.5626928150659705,7.774166666666666,0.5929073761166643,34.913318480960804
2024,5,00-0039919,4.6260975551274806,7.7,-0.4044817169675934,14.788004136504654
2024,5,00-0031544,2.169558012839762,7.610000000000001,1.331534876749008,65.32552748418529
2024,5,00-0038393,3.317934163370193,7.559999999999998,-0.1912100910000376,44.388979552654284
2024,5,00-0039146,2.9255554468998657,7.4925,0.8796554167287347,34.026111164442725
2024,5,00-0039894,4.73485204356554,7.405,-0.04935014195936205,25.242718446601938
2024,5,00-0035640,2.843865370548052,7.337142857142858,1.4299158251156587,30.84505646918962
2024,5,00-0033921,4.594731826022736,7.315,-0.014982619584751333,23.432023267954367
2024,5,00-0033040,2.9542088698815094,7.267999999999999,-1.0049062104554647,44.538402636748
2024,5,00-0031588,2.327111903752605,7.22875,1.8364936200680875,29.732636754763362
2024,5,00-0039907,2.016753910932451,7.0683333333333325,-4.4675396034527495,34.0782739958028
2024,5,00-0031408,3.3748936810926446,7.058571428571429,-0.3972362403898828,52.76306958013276
2024,5,00-0037238,2.416868114964161,6.822307692307692,1.2356903903852552,27.289728589239488
2024,5,00-0039356,5.109684300681568,6.776666666666666,-3.5180049089117404,3.399306264027752
2024,5,00-0030506,5.094167500263109,6.6085714285714285,-0.5540094770101724,35.398058252427184
2024,5,00-0037666,2.596383087343959,6.591000000000001,0.6993765954778342,40.79660781315167
2024,5,00-0034753,5.121825558570679,6.590000000000001,1.2347878686166673,11.741056567053338
2024,5,00-0039893,2.7329261033845347,6.587142857142857,4.3753131367543965,47.84400907785651
2024,5,00-0032211,2.0710652360281734,6.528333333333332,-5.100368780382732,45.82425203090945
2024,5,00-0036040,3.491459086915813,6.4275,-0.6189182710399623,4.998080614203455
2024,5,00-0036358,3.2039143101499263,6.418888888888889,1.33913014324505,25.444876963714723
2024,5,00-0036309,3.1921572877786764,6.325333333333333,-0.7849443963344358,45.95521242927018
2024,5,00-0034270,4.99969178545199,6.307142857142856,0.8750927964876682,11.148890954974094
2024,5,00-0036415,2.0620171655805377,6.303333333333334,-0.7255304410100663,29.14935088816153
2024,5,00-0034827,4.862333152707454,6.2457142857142856,1.2118538346086618,45.26182194227697
2024,5,00-0034521,2.0334433293514267,6.23375,0.5973700507939697,25.437641120998794
2024,5,00-0038041,2.9261249116178454,6.2316666666666665,0.5602598305251307,9.036563325455303
2024,5,00-0038997,2.3244431548966795,6.077,-1.6964360710430255,23.437728028954208
2024,5,00-0038543,4.153184947917455,5.9971428571428564,1.0668199411797445,13.205864870219944
2024,5,00-0036252,2.0960561264013067,5.965714285714286,-0.4058754627483312,13.187005633227287
2024,5,00-0038559,4.200078096041843,5.951666666666668,0.8244475320994775,40.51011747889399
2024,5,00-0034348,1.9845135845216189,5.856,1.35352536667029,45.41905082463816
2024,5,00-0038563,1.3339573212906264,5.84,0.5473224375309318,29.828629032258064
2024,5,00-0037247,4.025180542372857,5.8116666666666665,3.9054919165370885,24.67728292449709
2024,5,00-0039849,1.4456424486255897,5.748571428571428,0.45936802041915215,39.286192879796296
2024,5,00-0030061,3.0780150677013567,5.694285714285715,-0.20537569179214188,22.07276664151439
2024,5,00-0033857,3.9689926607128307,5.671250000000001,1.7793678121237448,32.006472491909385
2024,5,00-0039901,1.5645269547747689,5.6,37.73713886570549,20.80461037886726
2024,5,00-0038117,2.7246552950225444,5.581666666666666,-0.15955020057113245,24.351529229578013
2024,5,00-0036970,5.012383588071936,5.536666666666666,-0.06292173421469194,11.299990409513766
2024,5,00-0037744,3.5275602966662283,5.486,0.35088706004403747,25.068119891008177
2024,5,00-0036613,2.9819074792254083,5.44,-2.0045293997750857,26.15440956154077
2024,5,00-0039751,4.876489196199463,5.427777777777778,-0.10804993418015307,20.863270341349672
2024,5,00-0036410,1.8483509100147675,5.4192857142857145,0.6756170570483941,43.973646412290016
2024,5,00-0033555,4.513013259353351,5.371666666666667,0.4611666819592486,33.629294656151764
2024,5,00-0039890,3.669268259294809,5.325714285714286,-1.1890649325650955,20.483932167770934
2024,5,00-0038994,3.0293197866968615,5.25,-1.3051332938821978,37.59730421608067
2024,5,00-0034960,1.9762982613015774,5.222222222222222,-0.803257410415189,30.25537634408602
2024,5,00-0035216,4.2625112844200155,5.216666666666667,-1.5767428640974068,24.239951030401958
2024,5,00-0034383,3.778026430574433,5.213333333333334,-0.9190628247122312,19.949805367752514
2024,5,00-0039338,2.708967415879329,5.206666666666667,4.670653400944062,23.21908602150538
2024,5,00-0037740,3.627457937794881,5.1075,-0.9729077619594886,51.36405897197501
2024,5,00-0036261,3.096940855825378,4.8758333333333335,4.113813666825151,51.085494716618626
2024,5,00-0036322,1.888957719271692,4.832142857142856,-2.7297857474274356,55.595318948853254
2024,5,00-0036900,2.2810066960277973,4.778181818181817,6.51317006929121,34.15037781802286
2024,5,00-0035659,2.1502159379912893,4.6850000000000005,2.170056033724471,56.02506479446213
2024,5,00-0039847,4.049446860467022,4.42,-0.6868498022237564,12.788746935088401
2024,5,00-0032775,1.9116900678196345,4.0920000000000005,-0.002502530457389185,20.226120434888703
2024,5,00-0033858,3.6023962111860137,3.9066666666666663,-0.745795036543023,20.338249492292835
2024,5,00-0033288,3.366163043692882,3.6255555555555556,0.3528109843454468,24.59814281139929
2024,5,00-0038933,3.444389316866559,3.5759999999999996,-1.3440892107291091,27.53267523300061
2024,5,00-0038996,5.93757616231894,3.5360000000000005,8.388533847897385,12.426802342325043
2024,5,00-0035535,2.5636537433003608,3.2363636363636363,0.7875533401036439,73.34494773519162
2024,5,00-0037545,2.6821792642602507,2.985714285714286,0.8316553678788488,51.21944977607167
2024,6,00-0033090,3.5025874128737136,9.995000000000001,-2.1214008677071003,16.768744443346833
2024,6,00-0035208,4.8142872309667935,9.687999999999999,-0.5303352890754827,12.087466352004135
2024,6,00-0033881,4.247728068093322,9.181666666666667,-2.2013033666419783,15.956234328698423
2024,6,00-0038129,2.9115094986881895,8.5725,0.46308119831914496,21.961221080342224
2024,6,00-0034348,2.7461391307926775,8.483333333333333,-1.1289342614454743,26.418067226890752
2024,6,00-0036309,6.054879696068296,8.195,-1.3179417940708138,16.84268207631763
2024,6,00-0030061,4.149762843942975,8.129999999999999,-2.3297150758944927,18.42988310778422
2024,6,00-0039146,6.444220693686268,7.960000000000001,-1.2767148778334123,-5.731671410344482
2024,6,00-0034383,3.1205809615327413,7.95,0.22219911008918913,23.530766573260134
2024,6,00-0032464,5.242689445933329,7.863333333333333,1.0574783341420044,23.341411693426227
2024,6,00-0031588,3.0783316858274268,7.669999999999999,-0.9973469546029332,39.28064181797242
2024,6,00-0033921,3.5347964070370086,7.550000000000001,5.472742980674915,23.171163873841955
2024,6,00-0033288,2.585753404221132,7.468333333333334,1.2272880666673935,27.03099510603589
2024,6,00-0037837,1.6796075897299556,7.4125,-0.6160970546272146,31.890756302521012
2024,6,00-0038933,3.7979245616951696,7.040000000000002,1.537932136403895,13.541033434650455
2024,6,00-0037744,4.391294453680583,6.8575,0.05165672053652415,35.533453887884264
2024,6,00-0039064,3.1973481501772705,6.851111111111113,4.250455426777499,18.125583566760046
2024,6,00-0039893,2.425269584686189,6.8,1.2081236307027279,23.312383991663683
2024,6,00-0034837,1.3843460492664135,6.75375,NA,58.922160574412516
2024,6,00-0037238,2.363274587269317,6.745714285714286,1.1226173402449589,43.74315034372821
2024,6,00-0038977,2.4930050092528497,6.676666666666666,-0.4857478204218424,27.215845840850626
2024,6,00-0034775,3.0380175581255586,6.656000000000001,1.8838301784173845,20.827770360480642
2024,6,00-0031408,1.4736273563518687,6.63,1.9608174677144845,42.62643649065964
2024,6,00-0033885,3.0208786541399015,6.558333333333333,1.163388161650178,11.952540213409781
2024,6,00-0039356,5.364158543845763,6.557499999999999,1.2150586892885,16.074867133944394
2024,6,00-0035216,2.019327698739512,6.4622222222222225,-0.03792084131896334,37.43356697219442
2024,6,00-0037545,2.3277261116591066,6.425714285714286,-1.2878322849020662,43.9061845595421
2024,6,00-0038117,3.5784696494366,6.3311111111111105,0.6826760973135393,24.9386391984871
2024,6,00-0030564,3.7584682179847735,6.236,-1.0739073313068914,32.27806788511749
2024,6,00-0036290,6.536853109718884,6.193333333333334,-2.312481709744368,25.18867924528302
2024,6,00-0037247,2.1448657802334243,6.17875,0.4275207174257525,55.83099906629319
2024,6,00-0035500,4.611816411496491,6.1659999999999995,3.2334816537918263,9.668851717902351
2024,6,00-0039338,3.0711182179118133,6.137,1.1065040224629206,27.463046757164406
2024,6,00-0039424,2.9816410498040415,5.991666666666667,0.11402449665001146,19.855859010270777
2024,6,00-0039915,2.582810235013201,5.945714285714287,-0.01331922149921283,35.45872921615203
2024,6,00-0036196,2.3446362154719615,5.73625,-0.12983436304508578,33.44947735191637
2024,6,00-0033591,1.60225472910779,5.651249999999998,-0.682697772234917,37.317010214240945
2024,6,00-0039386,2.768590179151122,5.460000000000001,-1.0593727575160026,26.291358369398303
2024,6,00-0032211,2.391529903345338,5.4375,0.20271378416669883,21.750560931940257
2024,6,00-0036259,2.8525665250525023,5.432,-0.08289646247897409,15.367047308319739
2024,6,00-0031544,3.5221690722979724,5.43,-0.2187278501444041,28.64309603440038
2024,6,00-0038543,3.08289266389345,5.39625,1.7069678146272,21.290483421344877
2024,6,00-0036252,2.323488370742255,5.384,-0.5019194286502424,15.63794123447052
2024,6,00-0034521,2.251338745580715,5.282857142857142,0.6405672396137563,39.09669074054112
2024,6,00-0034827,3.06504679219868,5.2299999999999995,-0.18452887903837567,31.500857632933112
2024,6,00-0036900,3.80113834313797,5.1675,1.124410588743035,37.593304682198585
2024,6,00-0036410,3.668545630760769,5.045714285714287,2.8932611569374402,31.93847545804117
2024,6,00-0036232,3.922222768666818,5.0249999999999995,1.7918673497136082,9.94268476621418
2024,6,00-0037801,2.6106937510913113,4.933333333333334,-2.1058367179038235,15.129576549156349
2024,6,00-0035644,7.072126905118967,4.903333333333333,-0.5562938095511489,6.12379031344197
2024,6,00-0036358,3.024456907089465,4.890769230769231,0.3499445412813058,35.76135456990042
2024,6,00-0037666,2.1621914645602507,4.886,0.5332624814266111,21.057297361189093
2024,6,00-0038621,2.7203161810733314,4.487777777777778,0.6071348975055422,34.228983502914154
2024,6,00-0035640,1.4093069192537209,4.405454545454545,1.773834999246377,40.989959884867304
2024,6,00-0035535,2.3984503011854934,4.336363636363637,0.3149788336169692,41.04937029734842
2024,6,00-0035719,3.1382513091419275,4.208,16.331349785395588,22.38172920065253
2024,6,00-0034159,2.0033517599887642,4.163333333333333,0.7833927295796883,2.2194180522565286
2024,6,00-0035659,1.6423286783957496,3.9914285714285715,-1.155453232894768,34.322799513256406
2024,6,00-0037740,3.3126039421365867,3.9177777777777782,0.5022731559578064,29.237181560130793
2024,6,00-0036970,3.4744295921776343,3.758,6.874792722984021,23.996214008169765
2024,6,00-0038640,1.819208357344882,3.748333333333333,5.479074126848282,16.967583700245267
2024,6,00-0035676,1.2650514209110324,3.155555555555556,2.541734818220033,59.45250933222729
2024,6,00-0030279,1.1042660148017203,2.9349999999999996,0.8676195986211881,33.44768439108062
2024,6,00-0038997,3.7193268343713033,2.313333333333333,0.31784869319559306,9.518175244856371
2024,7,00-0033881,6.060515349684947,9.3966666666666665,-2.0644686256861338,7.714835578612661
2024,7,00-0038543,3.2768710526528593,9.351666666666668,-2.96502005286568,14.901630129286115
2024,7,00-0036963,3.2785250654315785,8.982857142857142,1.1171693088089079,50.62166962699822
2024,7,00-0030506,2.554673186633322,8.7575,-1.4673764355089531,17.413817902862352
2024,7,00-0036252,3.3767687348013347,8.581999999999999,0.7269570326649157,32.108632882788626
2024,7,00-0036849,4.417793292779178,8.16875,-1.1036573266028382,19.168452062131767
2024,7,00-0036970,4.572693943197452,8.075,-1.0803926518433595,25.638956147430715
2024,7,00-0035659,3.1148669638586615,7.984,0.6155321455242126,32.33947791661511
2024,7,00-0036427,4.571729472896373,7.958333333333333,6.860025449179645,39.47509373326192
2024,7,00-0038393,2.4113866263400885,7.895999999999999,2.172453389450094,28.749213451723417
2024,7,00-0033858,3.243462696195692,7.826666666666665,2.070472378465551,26.260092977734278
2024,7,00-0038117,3.080386025276054,7.6,-0.6790503314191352,7.812923878248597
2024,7,00-0038979,3.5131941646170155,7.358181818181817,-0.6356549874042701,37.08735549994042
2024,7,00-0037816,2.0661200882530255,7.334999999999999,-0.23907645952727918,40.865552681255686
2024,7,00-0036527,2.0171427111202407,7.293333333333333,0.5788406348718134,24.488368025188034
2024,7,00-0036980,6.689049529297016,7.216666666666666,-0.39132085443461095,5.6846621380050015
2024,7,00-0036410,2.3510274892127683,7.11375,3.4503925842664636,51.08781127129751
2024,7,00-0032211,1.5819371593408542,7.073333333333334,-0.9479429907191541,28.34176503653737
2024,7,00-0036309,2.1225734143359367,7.07,-1.6479857143470056,27.56062877128251
2024,7,00-0037238,1.9924715207151145,6.9557142857142855,0.20855027121115777,31.565394519389674
2024,7,00-0035208,2.6334279145223545,6.9433333333333325,-0.6586493019164941,17.8852736195307
2024,7,00-0039623,3.862490461296534,6.74,0.009833312054167376,41.881154240961116
2024,7,00-0030061,2.9093378208712553,6.7299999999999995,0.06761416716047197,17.794548228792937
2024,7,00-0033885,3.6110760743983974,6.67,0.6369726248369716,21.17447264926707
2024,7,00-0035640,2.650565059492927,6.657142857142857,-0.1631117856888089,42.147273749297355
2024,7,00-0034837,4.389258773753789,6.614285714285714,5.327046799215733,56.50374729872638
2024,7,00-0036900,3.5926614131666397,6.555,1.5881925152416256,28.951507208387937
2024,7,00-0039894,2.8167490371996617,6.541428571428573,-3.619188932317874,58.57026417989165
2024,7,00-0039893,3.6138839971603387,6.480000000000001,-1.792689824114177,49.05028867877165
2024,7,00-0036407,3.2020128288975145,6.453333333333333,0.6616076100151247,27.86020736503396
2024,7,00-0039855,2.479564511868448,6.334285714285714,0.27422069220457246,29.097364978508683
2024,7,00-0033009,1.7280038096526447,6.283333333333334,0.5766374864626869,13.678789829417449
2024,7,00-0037261,3.5535662236882506,6.133333333333334,3.667188294248212,1.025231111420034
2024,7,00-0037664,3.988044242187823,6.098000000000001,0.33440351620975406,29.551826589111606
2024,7,00-0037291,3.7777744636331265,6.0525,4.360306695219734,28.097838993113278
2024,7,00-0039337,1.373851336084956,6.031428571428571,0.18114592891264358,56.258477564972054
2024,7,00-0036261,2.3221280713621244,6.023333333333333,-0.036182507328808455,22.00888768275722
2024,7,00-0036646,1.7400009302323927,5.985,-1.0210717530792124,23.18181818181818
2024,7,00-0035676,1.9890753976115494,5.95,0.9559046664830908,72.6482213438735
2024,7,00-0031381,3.700183206213679,5.87,2.098183456398553,26.007220216606484
2024,7,00-0039915,3.5764219538895916,5.744285714285714,0.37821633568855084,11.153846153846152
2024,7,00-0039338,3.111279803547089,5.741818181818181,0.6797317472815223,34.43676753542067
2024,7,00-0033246,3.935675760598806,5.6899999999999995,-0.6830399426857632,2.9209213963429117
2024,7,00-0032392,4.4951001209355805,5.653333333333333,0.2177611885318811,10.956697632604135
2024,7,00-0037740,3.415600297577905,5.633749999999999,4.2551257723175695,44.067388688327306
2024,7,00-0033090,3.0630082993086187,5.58,0.4227110809082726,37.32394366197183
2024,7,00-0031544,1.8913019007019514,5.528,-0.03747865149059493,22.20407312156808
2024,7,00-0039916,1.8571735446040207,5.452,-0.9200169137155523,13.93195155873673
2024,7,00-0033288,3.309180016509594,5.400000000000001,0.8068468155882433,25.994775942196142
2024,7,00-0034159,2.8925748133424922,5.33,1.7756859305099386,19.793388429752063
2024,7,00-0039849,1.5693830473554327,5.148333333333333,-1.063293115280589,42.22693531283137
2024,7,00-0039356,4.915747078042518,5.1066666666666665,-2.400021187762289,52.54054054054055
2024,7,00-0031588,1.9025368638725626,5.076666666666667,-0.6802111595013103,44.735565259582714
2024,7,00-0038563,2.836329680464073,4.8862499999999995,0.6021568621278588,45.08483470351582
2024,7,00-0036988,2.044745733619629,4.792,-0.3216644764001444,21.35727908455181
2024,7,00-0034418,3.1643933702441833,4.768571428571429,0.687536568636478,16.61787628787591
2024,7,00-0037744,3.6065703721702453,4.628571428571428,1.7513697746438908,26.588900671615416
2024,7,00-0036322,3.5577144624929504,4.493333333333333,-0.22694845468629055,29.712657326050817
2024,7,00-0033921,2.4443587584854196,4.365714285714286,-0.01625398296523528,16.402808553808367
2024,7,00-0038933,1.228548625172942,4.2700000000000005,-0.13761545313339485,25.467435879613536
2024,7,00-0039868,5.469260797475367,4.0520000000000005,0.49658921539600254,29.835589941972927
2024,7,00-0038129,3.213936168927899,3.9425,-0.10373896483716116,21.886429772806153
2024,7,00-0037247,2.055268224276792,3.92,3.322788424619219,68.87974478709143
2024,7,00-0039386,3.1989436122783177,2.614,3.6059898501442222,23.347146713302667
2024,7,00-0036040,2.8067016989536966,2.596,1.0465467888656859,11.7210964528761
2024,7,00-0039901,2.541243238829666,2.367142857142857,10.795307886880096,32.08452074789741
2024,8,00-0033885,2.3053382813333676,10.252500000000001,0.4388972718948332,12.897526501766784
2024,8,00-0038824,1.9052327157547975,9.7275,-0.668809568107484,17.27261048304214
2024,8,00-0036970,5.0053565828924675,9.514,6.6985049937577426,19.42293007526999
2024,8,00-0031588,3.8740040056849674,8.968571428571428,0.19426580581836816,37.9941850750259
2024,8,00-0033908,3.390090562541527,8.958749999999998,1.2154523288976815,19.27630109448291
2024,8,00-0033591,2.6076446362186037,8.790000000000001,-0.4331214308087396,27.78792118179879
2024,8,00-0034348,2.401325868933345,8.788181818181819,0.42513193363396695,36.536068103748704
2024,8,00-0034829,2.824523567199947,8.663333333333334,-1.3936730022852752,22.070483042855642
2024,8,00-0039915,2.6281531692894884,8.471666666666666,3.3654996698820754,33.19680965725371
2024,8,00-0039338,4.835191403331956,8.463333333333333,1.2126724994521876,21.303098051740655
2024,8,00-0038559,3.0786035035463755,8.379999999999999,0.2942088933492477,14.258466068799356
2024,8,00-0038935,3.2491327216189148,8.303333333333333,2.1141377449133936,9.459459459459461
2024,8,00-0037239,3.926530493691071,8.002857142857144,-0.2705308225671752,60.392393196732286
2024,8,00-0039855,3.454422796140345,7.922857142857142,-2.609345333216387,33.180241521068865
2024,8,00-0035659,3.7946047572254518,7.779999999999999,0.19035540305511844,43.39269200673417
2024,8,00-0038041,5.2664156301203935,7.637499999999999,-0.2711887902707151,2.322883739813817
2024,8,00-0032385,3.830988110499777,7.603999999999999,-0.05047650911602375,14.741778006166495
2024,8,00-0039342,3.0681346633394426,7.461428571428572,-0.24310927749506916,37.7680894451867
2024,8,00-0039065,3.537749112726322,7.4575,0.9216085509323548,13.251475043852635
2024,8,00-0036912,2.2143690585437406,7.448571428571428,-0.35104574072649797,39.219583638455916
2024,8,00-0038543,3.726102014903927,7.319999999999999,0.12791910321140065,46.894230769230774
2024,8,00-0037247,2.3537706907478904,7.316,-0.2743617955520552,21.39282139282139
2024,8,00-0034775,2.2190994935215214,7.2675,5.460847516387947,34.856808027539735
2024,8,00-0034383,2.791672209082991,7.178333333333335,1.037467641903703,17.55839989305885
2024,8,00-0039919,2.764711711156609,7.021666666666666,1.8585824353314582,38.425230637202304
2024,8,00-0039064,2.702040565630202,6.992500000000001,-1.1874516012873464,54.31318250692303
2024,8,00-0039075,4.110523679245083,6.940000000000001,2.045270399536851,38.466979376070285
2024,8,00-0034159,2.7276872213554584,6.906000000000001,-0.5874813509758035,14.839405044190556
2024,8,00-0038129,2.5149416239826308,6.8340000000000005,1.6382583321860902,14.491264131551901
2024,8,00-0037809,2.5525973507548754,6.760000000000001,-1.553520246026494,9.071274298056153
2024,8,00-0030061,3.1043357089799386,6.702727272727272,-0.5598633362942806,25.928911863040337
2024,8,00-0034960,5.2155043001552235,6.696666666666666,-0.7213838731034237,26.357393803896517
2024,8,00-0038117,4.391169708561977,6.675,-0.06602386141329042,-0.8202454377821587
2024,8,00-0036415,2.1270585299248146,6.636,-0.19861826210941302,23.226798226798223
2024,8,00-0033090,2.6463771395677327,6.59,0.791719868860602,14.3661860868195
2024,8,00-0036980,2.4954690844017082,6.586363636363635,-0.24943415627240373,28.501022875209227
2024,8,00-0035406,2.7199955683709,6.5575,-0.3729803379926455,13.929407079205456
2024,8,00-0039491,2.0503681440365624,6.550000000000001,1.8046039139409036,34.487729414246544
2024,8,00-0036252,1.0113138091468403,6.301666666666667,0.03971933781190984,25.92116365974203
2024,8,00-0033589,2.4317673208137123,6.212000000000001,1.169527174395074,14.327403136207014
2024,8,00-0035719,3.3102399262462527,6.21,2.193031803119446,25.59957739038564
2024,8,00-0033858,1.9392799249380648,6.208333333333333,-1.9860325974975002,20.58653188016638
2024,8,00-0037744,3.1954772053112177,6.138,1.3065394898049463,30.43434613840183
2024,8,00-0031549,2.5022224900657655,6.087999999999999,-1.0682968671642026,16.633575421913367
2024,8,00-0030506,3.435036818350247,6.087500000000001,-1.3946561659978252,34.30062711798387
2024,8,00-0036322,2.5423088577608266,6.037777777777778,0.7779641205699299,45.66545688427437
2024,8,00-0037261,4.699743572546757,5.675999999999999,1.5308674794236268,7.305024699366299
2024,8,00-0036358,3.7831063741912336,5.670625,0.96422867184658,47.64376649363454
2024,8,00-0038124,2.130105801633239,5.633333333333333,-0.8574987381281609,24.95852187028657
2024,8,00-0031381,2.6799557679479182,5.336666666666667,1.5839833466433486,19.144988749851972
2024,8,00-0036309,2.7396907652579365,5.286,2.304576921360235,65.09217846623758
2024,8,00-0034837,2.2979753836995203,5.265714285714286,-1.6693647790039297,45.713676239234196
2024,8,00-0036407,2.0395305436971007,5.2425,-0.9886083743265432,22.4056165147852
2024,8,00-0039337,2.745628403738115,5.14,0.21973652083774087,55.57321803268265
2024,8,00-0033288,4.7294215425605755,5.0249999999999995,6.827347086484073,38.478605388272584
2024,8,00-0030279,3.310376481403061,4.743333333333333,0.9840642508333062,40.12729743259671
2024,8,00-0038997,4.929059786153334,4.725714285714285,-0.2766716898917725,19.924056736448744
2024,8,00-0038979,2.933200741905745,4.7025,0.6743644411060106,36.112144318393156
2024,8,00-0035535,3.52857583887806,4.594285714285713,4.904458540954527,37.5119221720608
2024,8,00-0033881,3.2824658475145325,4.5200000000000005,0.7048850060798681,12.894601918992157
2024,8,00-0036900,2.4003302748412336,4.435555555555556,-2.9052540541897067,28.783486430791793
2024,8,00-0033040,3.0390379712835123,4.426666666666667,-1.1899579959100612,55.889011741167785
2024,8,00-0036613,3.5917067301467562,4.423333333333333,-0.3635289190289974,27.536460801347868
2024,8,00-0037238,3.501840740769635,4.421666666666667,0.4674113937690141,21.675575433620597
2024,8,00-0038933,3.581934453856978,4.322,-0.3610590502803319,23.4319644728307
2024,8,00-0039901,2.483501120364308,4.287142857142857,1.414322908342288,39.32937478169752
2024,8,00-0038608,2.204982095497978,4.218333333333334,-0.65691966319917106,36.26014338611833
2024,8,00-0037816,3.2743806248888307,4.216666666666667,0.7634465320344699,38.26923076923075
2024,8,00-0039894,3.3805979511630366,4.1925,-2.7664292518128057,23.13714797647334
2024,8,00-0033009,2.25963866313283,4.04,-1.513571216037396,13.030957523398131
2024,8,00-0034753,4.052620203574476,3.705,-1.1229393653710829,7.56831600397095
2024,8,00-0036550,2.8227224663551853,3.6760000000000006,3.683322390639219,21.955170071581588
2024,8,00-0037740,1.322140466255037,3.35375,0.4958378781991315,62.77977341807131
2024,8,00-0035676,2.8985529918473,3.025,2.9442816139596384,42.86536248561566
2024,8,00-0039849,1.968293317844845,2.9457142857142857,0.43190793522254145,43.347610761611556
2024,9,00-0037261,6.78653288054682,8.266666666666666,2.8599066195605447,-4.474576271186447
2024,9,00-0036182,2.969364475817652,8.241666666666667,1.248339401739885,21.17091207888249
2024,9,00-0033555,3.6135047748603797,8.228,-0.1071842595842456,23.94726930320151
2024,9,00-0039146,2.7928653787750384,7.719999999999999,1.2286650841379516,23.652338469856716
2024,9,00-0037666,2.671250509912429,7.69,-1.4870001317784654,27.23684650633843
2024,9,00-0036322,3.026628783374906,7.504444444444443,1.8623840735712847,53.353709596382515
2024,9,00-0039342,2.180432123791878,7.502,0.3172986036171084,25.887363937529585
2024,9,00-0036900,3.736355339093558,7.464545454545455,0.740889567211485,13.626382731905379
2024,9,00-0034383,2.654440118883397,7.423333333333335,1.9932360833431393,20.148910745472932
2024,9,00-0037086,5.457032692616938,7.333333333333333,0.2402683764714375,3.5867138072199505
2024,9,00-0038996,4.87024268751627,7.303999999999999,3.1487345445010657,10.375777237091109
2024,9,00-0032385,3.1208850583476972,7.3,-0.13584098182315962,34.5472972972973
2024,9,00-0039064,5.48369312931202,7.286,8.589854780163222,43.006065200909774
2024,9,00-0033591,2.744588064920672,7.167999999999999,0.0303628272043468,45.48157938212456
2024,9,00-0038640,2.086222309469324,7.148000000000001,-0.713608369552075,20.794728568083762
2024,9,00-0030279,2.9692706552155097,7.122,-0.19813532907589426,37.97298837474355
2024,9,00-0036407,2.4009529153695826,7.097272727272727,-0.6115749915431806,32.37532120849239
2024,9,00-0033858,3.4890296093897573,7.096000000000001,1.1602975982407688,22.427801464081732
2024,9,00-0033908,4.148570675997423,7.091666666666668,-0.11409498029184917,17.37562917008077
2024,9,00-0039337,2.3130505697103856,6.943636363636363,-1.7416848361718849,31.436677843693577
2024,9,00-0036980,2.173824621870573,6.898749999999999,1.7227470776151277,27.310830027692546
2024,9,00-0039356,4.598964702335054,6.808,9.336705123555651,21.796287532208016
2024,9,00-0033090,3.348816680273536,6.784285714285715,-2.0658660285082764,16.523241997623593
2024,9,00-0033357,4.189640837017743,6.7825,2.5639715960850378,4.446592556790723
2024,9,00-0036358,2.3703368235279254,6.7625,-1.3428622794581422,28.534635582165446
2024,9,00-0038979,2.197653019852287,6.722727272727272,1.313720327599291,29.04223735748323
2024,9,00-0038129,3.219106842692842,6.603333333333333,0.504946899571399,30.918918918918912
2024,9,00-0037740,3.7525487456169406,6.575999999999999,0.5727855697663511,33.721992370103706
2024,9,00-0039919,3.406183097739022,6.474285714285713,1.0055016795853788,32.31422384317301
2024,9,00-0037816,2.3018151999106804,6.458,-0.966829780421584,9.067315490673156
2024,9,00-0039338,3.6179124922062615,6.3975,-0.2914763142971779,22.074489712938117
2024,9,00-0038041,3.61607211398625,6.386000000000001,1.0487506096694164,9.656487272970535
2024,9,00-0036963,2.6936033778207764,6.352857142857142,-0.3543045474206785,51.306666666666665
2024,9,00-0038997,3.5855563681426026,6.3500000000000005,1.170881841148217,34.524169946513275
2024,9,00-0038543,2.2677752671853546,6.292307692307693,2.567431304296278,69.16711158569142
2024,9,00-0033881,2.0957029471137623,6.2524999999999995,-0.8851980129921464,27.468030690537077
2024,9,00-0039915,4.342730745994965,6.187142857142858,-0.45087919360981044,34.060271261903786
2024,9,00-0030506,3.418239261357806,5.925833333333332,-1.1306839276792786,29.931341621822227
2024,9,00-0030564,2.5277645097469374,5.8637500000000005,0.8526434751348759,26.806457598812393
2024,9,00-0038563,1.6167311009111793,5.843999999999999,-0.8157435801601274,26.290965276083593
2024,9,00-0038933,3.177166678977369,5.825555555555556,0.3496055047925344,53.77777777777777
2024,9,00-0038606,1.9301453665136667,5.726666666666667,-0.9988740435203858,35.37281133189062
2024,9,00-0034827,3.3792858780013866,5.72111111111111,-0.6587858050625304,30.829724185092317
2024,9,00-0038621,4.309037875358242,5.6925,0.3647242805654165,20.699960393187624
2024,9,00-0039793,4.864427888759694,5.612,0.3820541137651947,1.7431927389215167
2024,9,00-0034960,3.219154484687394,5.550000000000001,-0.41850428317839317,41.96145401317394
2024,9,00-0031381,2.7332842953944287,5.107272727272728,1.3955423643891107,52.79135994841759
2024,9,00-0036427,4.354942925025912,4.958,0.9660934446841836,8.633969331616527
2024,9,00-0035406,3.77113223679292,4.932499999999999,-0.6730326184344264,11.012204874995653
2024,9,00-0033040,2.6797048040282307,4.9175,0.6152685434462244,59.383798568095884
2024,9,00-0034348,3.1314070429655394,4.886,0.4604565804727754,47.105254007441154
2024,9,00-0036309,2.1252129048178854,4.86,1.2627385438310572,70.54528082986421
2024,9,00-0036912,2.710606118328414,4.82,1.3164998658585727,43.09639002605136
2024,9,00-0033307,2.630415832653348,4.7683333333333335,-0.10863324568430066,24.624635437295215
2024,9,00-0039847,2.2422677136571525,4.508333333333333,2.34105201583116,39.097240134124334
2024,9,00-0038994,3.9867370515566543,4.373333333333333,0.9846436111068213,13.63255736057612
2024,9,00-0033885,2.343986422790856,4.37,-0.12418468699064222,5.174263403437867
2024,9,00-0034837,3.4130143749502264,4.29875,0.7326212234439566,46.56943303204601
2024,9,00-0035249,4.946565753071768,4.1475,1.832123670901865,11.786132976050908
2024,9,00-0034829,2.7024059539486007,4.12,-1.600935737471712,33.98102498239218
2024,9,00-0038608,1.7362261247393054,4.080000000000001,-0.8584884640735595,38.17016526842617
2024,9,00-0039849,1.6377004450058508,3.8619999999999997,-1.9675223606261198,65.57414976478755
2024,9,00-0038124,2.4038559814775624,3.85,-1.249946666954223,38.37523655041903
2024,9,00-0038977,3.1225962673953638,3.52875,-0.026239917934260504,28.297637650519352
2024,9,00-0038544,4.791358244349032,3.372,6.819826202667034,27.212763326050215
2024,9,00-0032775,2.4628537983156225,2.37125,-1.6924849863180293,30.84162472199462
2024,10,00-0038621,5.960523079433968,9.5125,-0.21490044721503665,3.201790444870742
2024,10,00-0036963,3.6155472017030306,8.81,0.6931885311968271,10.989521868182957
2024,10,00-0034753,5.006950190115992,8.34,-0.7395039287367569,26.727959284189783
2024,10,00-0039337,1.9230370048889043,7.929,-0.5322599430633719,41.3728583483142
2024,10,00-0039847,1.98501350655559,7.884,0.17182231194410935,17.687199618446645
2024,10,00-0037666,1.0960079522099102,7.8420000000000005,-1.1787188946118714,31.099554234769688
2024,10,00-0037261,3.4901877404613004,7.795555555555556,0.8048778961554914,26.677354709418832
2024,10,00-0033282,1.9206369545915711,7.64,-0.3220499154506413,24.4689378757515
2024,10,00-0035676,2.2612088848574223,7.588571428571429,2.2630920094599096,52.64416915847927
2024,10,00-0039075,3.2647746954755053,7.493571428571428,0.34714793782745446,43.43434343434341
2024,10,00-0038977,2.9970664760891172,7.181250000000001,-0.36632013796549323,32.54761103004452
2024,10,00-0038997,3.6190469226828923,7.072222222222223,-0.13379342512016157,26.980899121214318
2024,10,00-0039916,2.1915359569236394,7.014,2.562837050015272,23.060732463357695
2024,10,00-0038117,3.2226390978808794,7,0.763039117626124,24.0451993983197
2024,10,00-0039491,2.1051406079671735,6.925,0.43369649939997856,49.84631147540984
2024,10,00-0033908,4.646458185566226,6.9242857142857135,-0.22712721214111142,21.817534317534314
2024,10,00-0034837,1.9466748892369732,6.858888888888888,-0.8720689700613469,78.04235707231427
2024,10,00-0036358,2.6581526476921566,6.789,-1.2720671581922458,30.599306587419512
2024,10,00-0036259,3.1864165448951924,6.783333333333334,3.165983690796649,34.33852512341663
2024,10,00-0039064,5.947510216550621,6.721666666666667,1.46801576690401,12.25578722705631
2024,10,00-0035229,2.0615409873196304,6.632499999999999,-0.135624136392813,18.75323778276636
2024,10,00-0037240,1.8484750431411214,6.394,1.4358220456195192,46.547223116260774
2024,10,00-0037664,2.6667932177319673,6.228571428571428,-0.6400395392467928,44.07727503812914
2024,10,00-0036550,2.4756255273668337,6.154285714285713,-0.9998713893783362,39.899031357740924
2024,10,00-0034827,2.455180219076461,6.144,-2.429137768251792,22.791831758610172
2024,10,00-0030279,2.040974667317911,5.963333333333334,-0.15605147608869885,22.541907954891798
2024,10,00-0039849,3.374010099369451,5.856,0.9568373552600038,33.4073631160844
2024,10,00-0039890,2.864558899356197,5.8133333333333335,-1.5167536630817193,19.28244607451522
2024,10,00-0031381,3.091524340852063,5.792307692307693,-0.5490493740244822,44.869089862856065
2024,10,00-0039074,4.0858482149317465,5.6899999999999995,-0.3758979201764845,4.568117068117066
2024,10,00-0038041,3.262075989220906,5.678,0.5183222017785045,5.473006438831109
2024,10,00-0037247,1.6761826301437743,5.602857142857142,3.369456691627472,40.13486176668914
2024,10,00-0038933,5.076945903576326,5.580000000000001,4.357539966508703,10.773547094188379
2024,10,00-0036309,1.4846459470151636,5.467777777777777,0.7265541448440942,34.15089877010407
2024,10,00-0030506,2.808882393966396,5.4675,-0.4222112005133445,44.001416788949044
2024,10,00-0037238,2.415773468616155,5.432727272727272,-0.06393578816427326,36.397824030274364
2024,10,00-0038129,2.1173091069401844,5.364285714285715,0.5270287537079525,19.694849756812573
2024,10,00-0037837,1.5818889769689335,5.341666666666668,2.9084769629893668,25.19217801753203
2024,10,00-0036613,5.124243195278464,5.308333333333334,0.3558721268198495,49.88951802237261
2024,10,00-0035719,2.2728901482717467,5.265000000000001,3.951015210174469,11.316061383031647
2024,10,00-0030061,3.927690121687376,5.200000000000001,-1.5697565066796564,15.37933540598377
2024,10,00-0034829,1.3575656542465127,5.188888888888889,-0.04235135918908561,17.23969763472324
2024,10,00-0035249,2.4931041203741353,5.16,-0.500157261763702,22.765210383929084
2024,10,00-0033881,4.703463991827248,5.058571428571428,-0.5219390583712098,31.640237859266602
2024,10,00-0034159,1.6619797239416692,5.029999999999999,-0.8751086200959577,25.038764916065524
2024,10,00-0037740,3.4232819225153364,4.962000000000001,1.0047736657045943,17.8958473194591
2024,10,00-0038608,2.1360028476705426,4.87,-0.09222250547156641,52.265460856855775
2024,10,00-0035659,2.3891770681153663,4.833333333333334,6.837120959742224,23.24060241450317
2024,10,00-0037614,3.4646536384963222,4.825,-1.3457934729527832,25.3601227223407
2024,10,00-0039810,1.029177521596244,4.49,0.8104335774862914,18.363407299032755
2024,10,00-0036900,2.694531536215349,4.468823529411765,4.7014108634132254,52.41201333008208
2024,10,00-0030564,2.7206853589445608,4.438,0.5771958941582067,21.29737388048373
2024,10,00-0033591,2.077934818936621,4.402857142857142,-1.3178277473622813,30.334719586546615
2024,10,00-0032775,1.5544303786493072,4.151999999999999,1.1101069998613662,29.26055426055425
2024,10,00-0038994,2.5687707039885335,3.935,-0.468767699493732,21.303171588096472
2024,10,00-0039919,2.9098698585780602,3.805,-2.280226360359288,36.54373666565071
2024,10,00-0036322,2.8132654902311938,3.643333333333334,-0.18338030424296647,22.555114257756287
2024,10,00-0034613,5.840854862589372,3.6060000000000003,0.21675637539872117,3.306104202227098
2024,10,00-0039065,3.2907336567265872,3.4,0.4579433733917333,29.020491363587595
2024,10,00-0034348,2.1638400194726977,2.7622222222222224,-0.9102215787887444,47.90821877163486
2024,10,00-0037744,3.8255455991243963,2.665,3.399388437306569,44.34099256854873
2024,10,00-0036970,3.618247964397605,2.4566666666666666,0.30057521438366663,16.267738883632926
2024,11,00-0037666,2.7957413027585307,9.101999999999999,0.13604826938929904,14.979439369683275
2024,11,00-0034159,3.2190301264454,8.790000000000001,3.3192672614352174,12.896337217399376
2024,11,00-0034407,4.551439826429953,8.76,0.2012686523054361,6.305409806404929
2024,11,00-0039530,5.600225848408806,8.36,-0.5564006651335305,6.654738362055435
2024,11,00-0033885,5.1037392929456695,8.195,1.9030589394661002,4.2957845480288395
2024,11,00-0034348,3.988890188821151,8.125714285714286,0.38320531281684334,66.02475928473177
2024,11,00-0039338,3.465727199994397,7.985384615384613,2.1203779847324737,39.91213015720463
2024,11,00-0033858,4.071840378954431,7.9319999999999995,0.9470530582428474,28.23427904380044
2024,11,00-0037238,1.36343654977966,7.9157142857142855,0.6379850314127329,41.41034919486158
2024,11,00-0034827,3.7373404688782665,7.910000000000001,1.175641082142893,3.2269071411162518
2024,11,00-0033040,3.0386062526905424,7.781428571428571,-1.5184660070354734,34.05065218494646
2024,11,00-0034383,2.5020622889213824,7.742,-0.7197883539037524,15.638236977676021
2024,11,00-0031381,3.341943678826097,7.721428571428571,3.8789289553981074,15.856079404466495
2024,11,00-0035640,1.6439426932386803,7.707777777777778,-0.6567191766319814,43.317046260540636
2024,11,00-0034837,2.9199640287859623,7.663333333333333,-1.0239121740882262,48.707671043538355
2024,11,00-0036322,2.0533104580833306,7.402857142857143,1.066773298756583,25.86351301551141
2024,11,00-0038543,3.8374309346965845,7.307272727272727,-1.3281974440780173,36.18882496650643
2024,11,00-0035689,3.5293493227150265,7.302000000000001,-1.2989546165392554,25.26848789252318
2024,11,00-0036358,2.8059182679116943,7.262727272727272,0.9767859059545652,26.54361678751923
2024,11,00-0037740,2.424738311477595,7.17125,-1.5325971700195478,56.21174524400331
2024,11,00-0035676,3.4975576938484982,7.03,0.7385059823549698,51.615836597649675
2024,11,00-0039075,3.005643831544327,7.0214285714285705,2.0900699203842397,35.84413891965857
2024,11,00-0033908,2.4551990944740276,6.962222222222222,5.743035732403319,34.45950348602333
2024,11,00-0033307,1.6120047487533484,6.9,4.21008703160097,19.271439884473835
2024,11,00-0036410,2.42600782449185,6.834615384615385,2.530052271229469,29.049405878674172
2024,11,00-0039424,2.1594736083446864,6.808,1.0087433288012555,34.637207702888595
2024,11,00-0030279,3.1677750722349467,6.6875,-0.7931079355236825,31.172312941749947
2024,11,00-0037838,4.988242083959891,6.634,3.521877127616218,14.733182569953085
2024,11,00-0036912,2.131972800714211,6.5280000000000005,0.3158439014293126,25.363738108561844
2024,11,00-0037261,4.7816562578673585,6.406363636363636,0.886257878270464,21.1931887786353
2024,11,00-0038994,2.4583984779689416,6.398750000000001,3.0572472437880673,43.368287044792126
2024,11,00-0030061,3.413353469480563,6.32,-0.5915325752072484,28.998959056210964
2024,11,00-0038621,3.9097849520583385,6.276666666666666,4.310533803134495,21.731029021288485
2024,11,00-0036182,3.0255628968770147,6.211666666666666,25.564674334840966,31.67933655839668
2024,11,00-0038547,1.7253104100413938,6.201666666666665,1.4380088292222482,25.76827698778919
2024,11,00-0035719,2.7418367439624127,6.185714285714285,-2.4556837272361705,19.023104737390447
2024,11,00-0037247,1.7356578519741184,6.165833333333334,1.21510332253958,75.11744873708062
2024,11,00-0036980,2.7318919837653572,6.018571428571428,-0.5906033030650288,31.665093487036323
2024,11,00-0036963,2.8526538583735213,6.000909090909091,0.6419671373491234,39.938354844923914
2024,11,00-0039915,2.8278105327571588,5.88,-0.049120517322689405,31.145257880321243
2024,11,00-0037240,3.5144050694242708,5.848333333333334,3.828935514248169,26.32633403968408
2024,11,00-0038977,2.7676116154754005,5.822857142857143,-1.6507512008374796,37.830566685746994
2024,11,00-0033357,3.8923512082899783,5.7057142857142855,-0.07250648229345025,11.646998460749106
2024,11,00-0036252,3.272562022844281,5.663749999999999,0.12389927190386762,37.620412387548754
2024,11,00-0036900,2.0625196950384415,5.584545454545455,0.18071978981136905,28.363315307361226
2024,11,00-0033881,3.2690256040149714,5.514285714285714,-1.0257772848401259,17.21635456489341
2024,11,00-0036637,3.7911977894883266,5.476666666666667,0.3042381730341095,11.511373370134196
2024,11,00-0036407,2.3001956605237592,5.390000000000001,5.473945011917349,32.888156969855196
2024,11,00-0036554,3.34781570666212,5.078571428571428,-1.1219107694500945,32.965082999427594
2024,11,00-0038544,1.9713846532677048,4.946250000000001,1.557386647044968,38.354765331228805
2024,11,00-0036550,3.438655599286551,4.838,0.9121890795939329,20.383434029770147
2024,11,00-0034351,5.102035947199925,4.683333333333334,-1.839924019042547,20.886961387800778
2024,11,00-0038979,1.6962751075433442,4.672857142857143,2.7164677701919566,25.5216596710381
2024,11,00-0034960,3.2011188699829742,4.654000000000001,0.8219869256184147,17.670076199629303
2024,11,00-0033090,1.4799137427549676,4.61,0.5028340439776007,27.619136348814443
2024,11,00-0033282,5.291675579563745,4.4159999999999995,1.0145637534727605,11.429621462697536
2024,11,00-0039064,3.262548382474744,4.385,1.6069995490042484,27.893475545954704
2024,11,00-0038608,2.463730949030976,4.351666666666667,0.9832010807571709,30.963804909861636
2024,11,00-0039893,3.371329884669944,4.226666666666667,2.261545366715625,28.45849802371541
2024,11,00-0039894,4.035785434619586,3.886,1.6736368457824895,34.07252307985152
2024,11,00-0039919,2.4543765614164244,3.80375,-2.128174049235391,53.03923958079455
2024,11,00-0036259,2.5638138407303654,3.5740000000000003,0.28511837013040053,48.60574860574861
2024,11,00-0038997,3.3302806888084553,3.25,-0.6600587168889329,27.243053896982723
2024,12,00-0030506,3.7797519251087284,9.686666666666666,1.3023846451909735,21.021314387211365
2024,12,00-0039064,4.07728543748809,9.551428571428572,2.556045820151579,40.4969262295082
2024,12,00-0035659,2.7273769770905965,9.018,7.42099992824258,24.236540158870255
2024,12,00-0036963,3.137707802936182,8.625714285714285,-0.677645990312747,36.57107616404563
2024,12,00-0036358,3.6059750925918497,8.618,0.06542362487784592,23.64073295283869
2024,12,00-0036182,2.509441026429205,8.551999999999998,0.2595701680612237,54.61479050009653
2024,12,00-0038976,7.110390038845092,8.13,4.872178188980422,-7.995919372427624
2024,12,00-0033009,5.535978886133829,7.946666666666668,-2.172352645905602,9.050975091716548
2024,12,00-0039894,3.0831344009479893,7.906666666666666,0.3130410574025131,27.149200710479576
2024,12,00-0037240,3.445623085581492,7.892857142857143,0.7658728563754433,33.405283174015835
2024,12,00-0036988,1.3628051987394232,7.853750000000002,-0.2073951137054022,55.324232081911276
2024,12,00-0033591,2.0714341440307096,7.772,1.350472121231879,33.63930567814062
2024,12,00-0038621,4.355326073971343,7.611428571428571,3.9320422398457353,9.317005864091064
2024,12,00-0038994,2.7365250248789144,7.4911111111111115,5.480760884835858,37.9627518053972
2024,12,00-0030061,3.835832813952853,7.442,-0.35665661076657773,20.208884966166522
2024,12,00-0033090,2.959172352422708,7.37625,0.4153698857034569,23.515005174198
2024,12,00-0034960,2.707859981776582,7.365333333333334,-0.21811366448340586,49.02488996812869
2024,12,00-0039075,2.5777244971359816,7.308333333333333,1.959838623038399,43.113371703921835
2024,12,00-0034753,2.9542477537770973,7.163333333333334,-0.020573998015746664,14.199112021857927
2024,12,00-0038997,2.7263701379967387,7.090000000000001,-0.3744656813592542,13.551945148308246
2024,12,00-0033040,3.518163184285161,7.041666666666667,-1.8286576959175518,21.18094386043391
2024,12,00-0039065,3.852705367500528,7.031999999999999,-0.3829072304439025,14.307739747147705
2024,12,00-0038117,5.088883644110351,6.912000000000001,0.36630459163514084,15.023762929829468
2024,12,00-0039919,3.79051472310098,6.836666666666667,0.09612434189188512,33.03884892086331
2024,12,00-0032385,2.916175521303098,6.711666666666667,-1.2482097055065666,10.688972274338134
2024,12,00-0039337,3.0316141978403732,6.699999999999999,-0.8940010654038808,44.87559407324575
2024,12,00-0037816,2.987889796670532,6.62,-0.8854070395070419,28.00485000195564
2024,12,00-0036259,3.5362613918205943,6.555714285714286,-0.5429350819573813,23.109265780207082
2024,12,00-0031408,1.655238679239658,6.511666666666667,0.8531204158149435,33.901396706274745
2024,12,00-0039915,3.6360650936695897,6.4079999999999995,-0.7068171573848723,18.196814562002277
2024,12,00-0034837,3.314796962603939,6.331666666666667,-2.1641343504804746,37.116238656111214
2024,12,00-0033307,2.2477094749098057,6.21,0.8993589172781071,18.16488444291135
2024,12,00-0036252,3.033580634875121,6.1571428571428575,4.725953872860803,23.183782978089138
2024,12,00-0034348,2.0972393766399704,6.061,-0.9563500094209907,39.476553980370774
2024,12,00-0038563,3.2741216996936915,6.007499999999999,0.23943645187542462,23.782061010775536
2024,12,00-0030279,2.363720687078651,5.93,-0.1540999504581917,34.466187050359714
2024,12,00-0038544,1.9678225198392219,5.914,NA,16.587030716723554
2024,12,00-0035229,2.6592029447727037,5.898000000000001,1.100335024343793,34.28734321550742
2024,12,00-0037247,1.7531157651293838,5.89,0.6435872830753517,51.29875047330557
2024,12,00-0038543,3.1998377170314702,5.859999999999999,2.43912453223205,8.770850423844683
2024,12,00-0036980,1.373340116951034,5.84,-0.3130707013837366,19.54640129599629
2024,12,00-0035676,1.2148105758232843,5.641428571428571,5.928091745954201,58.391381824072575
2024,12,00-0039338,2.8868047365669343,5.518750000000001,0.06885223074227653,19.505994839884657
2024,12,00-0039342,2.206519622208203,5.505,1.0428090935532541,29.84086529495866
2024,12,00-0030564,1.687970313762808,5.025,-0.7550921745284462,24.182948490230906
2024,12,00-0036322,1.5094410212998868,4.976000000000001,1.9633026261258983,24.49258836944128
2024,12,00-0034827,4.869648704835524,4.933333333333334,4.987090299988144,5.850359712230216
2024,12,00-0033858,3.2468493363624096,4.914444444444444,0.8270505584903196,17.10579288749721
2024,12,00-0036290,3.2536518764898674,4.834999999999999,0.7053528438892895,21.530935251798557
2024,12,00-0036407,2.4467433276329054,4.785,0.532409426093523,31.011339967600094
2024,12,00-0036554,2.816649037662446,4.772222222222222,0.03501410800372451,40.793341597308306
2024,12,00-0033908,3.999610953899173,4.77,0.25353064342919307,23.861152009994207
2024,12,00-0038977,1.3082161627980429,4.694,-0.07022724697660943,36.53621391889498
2024,12,00-0039424,3.090979709535906,4.616666666666666,-0.8316467607436437,33.25007915010378
2024,12,00-0033589,1.4228617993441448,4.517777777777777,-0.12289687285439155,46.0091999751352
2024,12,00-0039847,5.489488287950427,4.51,0.0038401402402961082,8.252725747833372
2024,12,00-0034351,3.7701666260038715,4.318,0.14321498340531136,27.595982504454874
2024,12,00-0033288,3.253684198454671,3.915,0.284380858478424,28.096914910390502
2024,12,00-0037744,4.887195226456312,3.8174999999999994,0.7637272599783484,28.787289005272665
2024,12,00-0036613,2.7413470551333154,3.636666666666667,0.9434963885335383,43.211809438604334
2024,12,00-0033885,2.742015046316818,3.48,1.386145009131667,12.205507984262901
2024,12,00-0035640,2.429171849850481,3.3120000000000003,0.5463342807373639,62.81788351107463
2024,12,00-0039849,1.9626876084839882,2.695,2.483170619440934,30.365547259280245
2024,13,00-0034270,4.8524669032050705,10.71,-2.8843075846217863,7.965405947419549
2024,13,00-0036252,4.228757351816519,9.209999999999999,0.7694303503840976,10.366977450130094
2024,13,00-0037664,1.9750203652720948,8.778333333333334,0.44687157874883354,34.32350390286209
2024,13,00-0034348,2.270346405485912,8.757499999999999,0.759778412413592,43.92934838910184
2024,13,00-0036322,3.6298620824421723,8.63857142857143,1.7661942809454327,25.909405521802658
2024,13,00-0033908,1.623786628534803,8.483999999999998,-0.3363316209562157,25.12350035285815
2024,13,00-0034383,3.469578788851567,8.355999999999998,2.4702260773302624,11.029305092122442
2024,13,00-0039868,1.3477147707475765,8.282,5.339929958324358,25.23826789599089
2024,13,00-0034407,2.0886686328721615,8.258333333333333,11.739295711341718,13.830416478201865
2024,13,00-0033881,2.7631314765948614,8.098333333333333,0.8353274665195869,6.592622329274277
2024,13,00-0031408,2.605439215414552,8.085,-0.0725308981371775,63.325105138050816
2024,13,00-0036894,4.144770494850773,8.059999999999999,1.052500498241307,24.14558847424579
2024,13,00-0037005,2.9128907988442405,7.93,1.2208293596715496,11.617562535922234
2024,13,00-0038994,3.3632913156105695,7.896000000000001,0.2839681115534738,35.38414212104899
2024,13,00-0036182,2.3431667408749286,7.831250000000001,1.8158356477133943,24.615423034661873
2024,13,00-0038393,2.5562690065193796,7.767999999999999,2.023291271913756,16.9147857638333
2024,13,00-0033357,3.214017856967826,7.6025,0.26530756572236136,13.012077688917904
2024,13,00-0033040,3.331791048642902,7.288888888888888,-0.506937242159919,36.73679320414124
2024,13,00-0039337,3.037213452368176,7.285833333333333,-0.31096199962030946,38.10599734761039
2024,13,00-0036626,6.241314316864693,7.239999999999999,2.3053828561146403,20.23582658408765
2024,13,00-0032385,2.5917555906901333,7.225714285714285,4.43887945484455,20.031084293289453
2024,13,00-0033589,2.838645802998185,7.188571428571428,-0.6261013455024842,28.637828922707843
2024,13,00-0034837,3.8738466816585704,7.15142857142857,0.035461081101932024,38.92718010188793
2024,13,00-0039847,7.959808542173474,7.016666666666666,1.4817904131094481,11.444569969055454
2024,13,00-0036358,3.377861363955209,7.014,8.364220389758657,14.799834059323794
2024,13,00-0037238,1.5306618733674047,6.994285714285714,0.8723620816231361,65.79450958560939
2024,13,00-0037801,5.517699958514001,6.9079999999999995,3.3635309581111485,1.552236742031389
2024,13,00-0036040,3.8239725310936836,6.8566666666666665,2.319036098481539,24.72661987922311
2024,13,00-0035229,4.132163449369995,6.826666666666667,2.4501473274352468,16.000153810659082
2024,13,00-0036637,4.1503535244387955,6.66,0.5257075239280038,15.891204934595343
2024,13,00-0031236,0.9949547771880322,6.658571428571428,0.1287234601735463,37.640876719905975
2024,13,00-0033090,3.8478180288040864,6.621428571428572,0.38135659950103307,32.27838052394813
2024,13,00-0038608,1.543808358118352,6.603333333333334,3.785827677023242,26.604921937020375
2024,13,00-0035535,1.6361622865669776,6.556,-0.3032432759208987,53.6961540350705
2024,13,00-0030564,2.9727940440332943,6.527777777777777,-2.0386441992655,32.85121769647985
2024,13,00-0038606,3.519909135223251,6.463333333333334,2.5874562056437043,32.56166644364155
2024,13,00-0036309,3.1882351478038733,6.376666666666668,-0.2682624792261685,16.481681221947735
2024,13,00-0038559,1.7289632319506132,6.3,0.18633223434469537,26.415694254554705
2024,13,00-0035676,2.476882240465743,6.293333333333333,0.6379857674108322,62.300581482033714
2024,13,00-0037261,3.37712297431063,6.277142857142857,-0.8640256736129235,41.28309765587929
2024,13,00-0034829,3.543929840588367,6.154,-0.9772128217000109,13.349378259125555
2024,13,00-0033858,4.001514445642515,6.0760000000000005,0.5110640528935617,23.317626758693933
2024,13,00-0037240,4.442319809055161,6.006666666666667,1.560778654276326,18.908794788273614
2024,13,00-0036407,3.4730934313534494,5.966923076923077,-0.34625232822587826,39.92671755725191
2024,13,00-0039915,2.4472783708945194,5.929090909090909,0.35822116714393815,62.63051840996522
2024,13,00-0039075,2.719764080965268,5.912857142857143,0.9012936666033351,20.329670329670332
2024,13,00-0039338,4.018288334427211,5.890000000000001,-1.2932283758662333,37.967227969493315
2024,13,00-0035659,3.7782202945615713,5.88875,-0.9452245568636961,33.21819914244878
2024,13,00-0037838,4.971648887959965,5.804285714285713,0.0981901585744227,24.853551185839596
2024,13,00-0037809,4.070127929778694,5.7875,0.5726237775277299,12.823394266307062
2024,13,00-0038129,3.173330579815833,5.771428571428571,-0.49674936766728095,3.199853720972759
2024,13,00-0039893,2.3114746376399395,5.749,8.49142629308009,45.963245461438945
2024,13,00-0036410,2.5312478044441193,5.738000000000001,0.7643100648102288,37.56518251103089
2024,13,00-0039894,4.542425452852745,5.721428571428572,-0.15800569002280973,17.901201744124215
2024,13,00-0037744,3.874780992812483,5.692727272727273,0.2771054642587165,13.608470318908777
2024,13,00-0039064,3.3440228290488667,5.659999999999999,2.8103968452694303,40.41987270827397
2024,13,00-0035719,5.305461825228306,5.6259999999999994,-0.9838533765921351,2.8809971777986867
2024,13,00-0039065,1.8119017278038025,5.586666666666667,0.0975997085626403,22.19869706840391
2024,13,00-0036980,2.2556249040158263,5.4921428571428565,0.3357462267514615,27.66412213740458
2024,13,00-0036554,4.0910931742840955,5.4745454545454555,1.3143678320151553,29.71492818801684
2024,13,00-0036259,2.136021258482284,5.39,4.189779759796545,76.22295390404516
2024,13,00-0030035,3.8352668318440166,5.335555555555555,0.06556905552124048,26.59869555438938
2024,13,00-0030279,2.4392518812035555,5.223333333333333,0.8508406602649905,25.67203642951575
2024,13,00-0036963,2.3287582724020126,5.043333333333333,0.6917298690629181,36.53501628664495
2024,13,00-0039342,2.5294627609703335,4.989999999999999,-1.406597115607795,26.083914336407027
2024,13,00-0036900,4.559090137093317,4.944444444444445,4.5078821457626495,31.977537103890896
2024,13,00-0038996,5.624605060541868,4.798571428571428,3.000531945528037,8.217277626594099
2024,13,00-0039146,2.860225349355296,4.676,3.462105543840751,29.827650605624033
2024,13,00-0035640,1.896864332603978,4.661111111111111,-1.9389623830503737,58.949182639578
2024,13,00-0039849,1.4684243046938867,4.479166666666667,-0.268137602122998,56.12222186893899
2024,13,00-0037247,3.243540223798341,4.451666666666667,7.344857903459062,37.21497048150354
2024,13,00-0031381,2.4161935325623354,4.450909090909091,-0.3119218528769041,47.25033685331995
2024,13,00-0034960,2.376229584460746,4.425454545454545,2.078566218829342,49.324171260288466
2024,13,00-0037740,3.339853902421082,4.32625,-0.8098075677326984,33.74173534296368
2024,13,00-0030506,2.9260821071599805,4.3,0.006371147948906142,18.775922577900666
2024,13,00-0037300,2.7361316785534755,4.2379999999999995,2.522301707516775,9.821882951653945
2024,13,00-0030061,3.2521156550015977,3.858333333333333,2.234157484144042,27.268937589328246
2024,13,00-0034827,2.863703090693942,3.0949999999999998,-0.09011381774055671,39.291485090339336
2024,13,00-0033885,2.4179216812550006,3.030769230769231,0.4028282140307451,19.674300254452927
2024,13,00-0039919,3.597873210643813,3.001666666666667,-4.441548915060061,26.697840669833035
2024,13,00-0034753,3.3851056841281317,2.886,0.1312432230576439,21.95940597194516
2024,13,00-0038547,3.2635924642341725,2.84,-0.3183428132742221,9.347991426398398
2024,14,00-0038115,3.192767547867404,10.108,1.5524789658659972,9.391237100944926
2024,14,00-0037231,4.86202432886194,9.906,-0.2235748952434875,26.0598146319712
2024,14,00-0031408,1.6862652704108154,9.88,2.6854248822162763,29.89972244605606
2024,14,00-0034272,3.5938903359706074,9.226666666666667,-0.07481768648391895,41.016657642449914
2024,14,00-0036988,3.4147350934965868,8.59375,-1.1424328076881218,45.360404712592945
2024,14,00-0038041,2.4794042583150424,8.405,2.1078911556358855,13.124361763530612
2024,14,00-0034407,3.4752037739850645,8.389090909090909,3.754480084460239,8.107510580506604
2024,14,00-0036410,1.3468220140594434,8.374,-0.4601772463048519,16.745274527452743
2024,14,00-0033885,2.1659905577450753,8.23,-0.4952316686883822,35.023100207105315
2024,14,00-0036963,2.195471192381832,8.168000000000001,0.3065710238642354,18.743009550030106
2024,14,00-0032385,3.383630176265264,7.956,-2.910635445524937,24.277016742770165
2024,14,00-0036309,3.836131991275756,7.945714285714287,0.5134601423000111,35.78737919272314
2024,14,00-0034270,3.348058648418545,7.69,0.7904951986129163,11.70782386318229
2024,14,00-0035229,3.5549217019906836,7.6899999999999995,0.03530196206839342,14.80045394363533
2024,14,00-0033908,3.095906267932194,7.627142857142857,-0.293058085227619,38.6446014718266
2024,14,00-0039855,3.318563351035621,7.6257142857142854,2.6147378531343577,27.8852180141463
2024,14,00-0038996,3.509766820197806,7.58,0.30236986275597566,17.18426501035196
2024,14,00-0036040,4.211614345990293,7.504,-3.8257288544985233,13.63824569226359
2024,14,00-0036637,4.038401585713012,7.466666666666666,0.5180075106766946,4.691336750958517
2024,14,00-0030506,3.832106647186492,7.462000000000001,-0.20825665355745127,19.850945590832726
2024,14,00-0039894,4.8037670114358315,7.412000000000001,-0.47350876109846407,10.82583035368113
2024,14,00-0039919,2.2352147340619717,7.41,0.20050255963422714,50.40943789035393
2024,14,00-0036912,3.713128561822893,7.37,1.7221925312600384,38.54732895970008
2024,14,00-0034960,2.9294602375823255,7.202000000000001,1.6361720714762535,31.545164553022637
2024,14,00-0037238,3.1677804922227146,7.140000000000001,0.8114093483740286,28.399974733118565
2024,14,00-0038543,5.421354349388622,6.97,1.2738476000457526,35.8889224268035
2024,14,00-0039338,3.0760817537577307,6.9375,1.587800595864354,13.218703804559247
2024,14,00-0039066,4.6910630992272715,6.837777777777777,0.6308322148431387,24.749085816540877
2024,14,00-0033589,2.585889916695527,6.7780000000000005,-1.2729426280044613,16.277001635158776
2024,14,00-0038619,3.6345572153821997,6.7475,1.1450628303538997,11.32673267326733
2024,14,00-0034827,4.130601808965558,6.731428571428571,0.94583440279294,22.879944482997917
2024,14,00-0037261,3.9499502776104993,6.720000000000001,3.5525771889703517,23.542568885927757
2024,14,00-0036970,2.905955935583989,6.691666666666666,2.994138908481979,26.08805508180153
2024,14,00-0030279,3.961050159483414,6.688000000000001,-4.881330703185641,25.12838306731436
2024,14,00-0037240,3.836621702716002,6.648750000000001,0.9241650512625927,28.095156155897786
2024,14,00-0031544,2.8364920758877727,6.496428571428571,-0.316312859713225,52.48417646219008
2024,14,00-0036322,3.5738671477459043,6.442857142857142,-0.1623476775534689,34.5123258306538
2024,14,00-0039849,1.8065304544930036,6.1425,-0.40957977525207845,49.30655664363473
2024,14,00-0036259,2.453664922551023,6.0625,-0.6227521719859825,31.715622076707213
2024,14,00-0037740,4.24595249243123,6.061999999999999,1.3757087437821998,37.009510109486136
2024,14,00-0030564,3.05152462729881,6.031111111111112,1.4531947633081588,58.72140610864602
2024,14,00-0031381,3.926189015171201,5.947,-0.04990454521713161,29.7890194198034
2024,14,00-0030035,2.418881683573621,5.872727272727274,-0.7251675145752918,37.132447861384435
2024,14,00-0038994,3.1781170531723153,5.693636363636364,0.5455441744104386,48.521530798814695
2024,14,00-0039893,2.996368170539798,5.670909090909092,0.18014652818592136,73.10650501890234
2024,14,00-0033555,3.2431226710464753,5.66,0.16812654589645604,25.312901537143677
2024,14,00-0033040,4.057989536769243,5.645714285714286,0.2752157657911769,55.939193013665424
2024,14,00-0038563,2.5187449761695655,5.5525,-0.8686111467736843,30.265307710262185
2024,14,00-0036407,3.075887509079113,5.4750000000000005,-0.5032692634441644,19.17157877967182
2024,14,00-0039075,3.2126062875165715,5.3961538461538465,1.068930714278551,35.257935781495995
2024,14,00-0039065,2.9934191632875873,5.325,0.5010417615344167,28.447905015916707
2024,14,00-0039342,2.9626135081968132,5.31625,0.599356591861163,34.47029461545081
2024,14,00-0036900,2.9381762952481405,5.311176470588235,1.7547982040373613,56.62286228622862
2024,14,00-0034837,2.5038714264275637,5.2825,-0.5072098449643865,38.56979405034326
2024,14,00-0036613,2.852793970741533,5.191999999999999,2.1857169587237553,39.993531171666525
2024,14,00-0033288,5.131063170006852,5.066666666666666,8.831842876340769,17.085126286248837
2024,14,00-0033375,3.427294357247727,5.010000000000001,0.10481346306171102,21.035877140153147
2024,14,00-0038393,2.874106459685416,4.959999999999999,2.217335456648705,27.09977057803144
2024,14,00-0038117,2.446137277969108,4.833333333333333,0.424560528720324,25.090021508494647
2024,14,00-0035535,1.3111800039262402,4.824,-0.3954674570983343,23.241257642765653
2024,14,00-0038544,3.417042819638715,4.680000000000001,0.5224536961795976,25.824194479339962
2024,14,00-0033881,4.724461432258939,4.526,0.7020620087361751,11.393560161647763
2024,14,00-0037744,2.7904540546822214,4.47,1.2230760412432744,31.43609882189194
2024,14,00-0039337,1.3633873784069945,4.004,3.7535493201452073,30.247226854201404
2024,14,00-0036358,2.1171516044472862,4.003333333333333,7.1407288267153515,23.047551391910492
2024,14,00-0038124,2.416812913592438,3.2100000000000004,1.656360715189118,51.99485199485196
2024,14,00-0035640,2.700832280214731,2.9916666666666667,1.116181266114891,35.62933896770298
2024,15,00-0037809,4.1688506340595906,9.555555555555554,1.2499202542474404,26.711861100273122
2024,15,00-0039064,4.7261297140917184,9.48857142857143,-1.0123735877030182,24.898694281855015
2024,15,00-0031236,2.8124494253745853,9.402000000000001,-0.7700283327715004,26.91226230758233
2024,15,00-0034960,2.546211016839304,9.11375,-0.19189911880313004,29.758668515950077
2024,15,00-0039146,5.816544411028595,9,1.6325894029986587,-0.612380006620332
2024,15,00-0034827,5.280006170563909,8.95142857142857,-0.5452141049279176,1.6811570316041062
2024,15,00-0039868,4.917779952764221,8.6725,0.08700751186295719,18.48306745032185
2024,15,00-0034272,2.9916655697267958,8.642857142857142,0.9673733053950855,39.655648333448354
2024,15,00-0039919,2.301369759609291,8.405714285714286,9.923817973967473,37.62825003090362
2024,15,00-0030279,3.889398270066721,8.390833333333333,-0.3946595455867463,62.0791956817339
2024,15,00-0030035,2.382769415940739,8.01,0.6583123780162339,28.62871264046254
2024,15,00-0035229,3.4010577284318098,7.958571428571429,0.7777880377540671,16.629745861793122
2024,15,00-0039855,3.5747316312685204,7.746666666666667,0.7588216915105774,32.53523053769325
2024,15,00-0036358,3.555004386108234,7.6184615384615375,2.028613621939752,38.86956107324976
2024,15,00-0036252,5.304778992630962,7.441249999999999,-1.4340131400641813,21.7598059553825
2024,15,00-0038994,2.9759536610763746,7.261111111111112,-0.5546530747236105,24.718478862839213
2024,15,00-0039075,2.999285603911937,7.232500000000001,2.304829180621033,41.77618478693748
2024,15,00-0036322,3.4328619390001824,7.167142857142857,2.2789740972814827,54.590486739277566
2024,15,00-0038589,3.963042861999715,7.11,-0.2962690748725889,18.489075302380026
2024,15,00-0035644,1.9912246413069592,7.048571428571427,-1.6249403529233188,32.05791106514994
2024,15,00-0030564,0.8971739376186102,7.035,-0.4541215475004492,19.317948567574696
2024,15,00-0033858,3.8103037306459084,7.0042857142857144,0.3053977090428188,24.052563651296488
2024,15,00-0039491,3.0768828891551148,6.948333333333333,9.258887618468181,32.759826549167705
2024,15,00-0038544,2.032986058467369,6.942,1.800192380616008,42.62039012496191
2024,15,00-0038935,2.478449318009954,6.802222222222222,-0.19517103914058342,19.08876370280146
2024,15,00-0034860,4.094691093847342,6.644000000000001,-2.317307562690992,18.494237802774133
2024,15,00-0036550,4.90484769213421,6.5840000000000005,0.23461794215223186,45.49957021816543
2024,15,00-0038997,2.738588333169623,6.517142857142858,3.7895947782294925,19.978935946127084
2024,15,00-0038933,4.271675009263826,6.384999999999999,0.6371500246178048,23.92031285422806
2024,15,00-0031408,2.6792433593148997,6.337272727272728,3.865470173150754,58.006111187120894
2024,15,00-0039880,3.559431153971607,6.195,1.8749452514904652,7.966678399624542
2024,15,00-0035659,3.339911081935984,6.186666666666667,1.076817430470282,68.55862584017923
2024,15,00-0039065,3.980242495397441,6.1825,2.9923432475147,25.971923494992943
2024,15,00-0039915,2.1773493370970685,6.171428571428572,-1.6816069079695217,20.835873209387383
2024,15,00-0036900,3.543315346234779,5.973333333333333,0.36860598175625725,26.195153896529128
2024,15,00-0039894,2.4332763471459518,5.946363636363636,0.13091418993804105,28.689558103392663
2024,15,00-0039893,4.417298972024485,5.935384615384615,-1.4107700759307438,34.028623629719846
2024,15,00-0036410,1.9553390267363553,5.921250000000001,1.7702418319962812,43.38981663392271
2024,15,00-0033375,4.1274347787073005,5.875,-0.20501579558932903,20.049029811050207
2024,15,00-0036554,2.2366867692608303,5.726666666666667,-0.20417321619861184,29.830300552034345
2024,15,00-0038606,2.5057661460394662,5.651666666666666,5.785926859554159,33.13413520097441
2024,15,00-0036407,3.7204484763993055,5.63,-0.8138408355957019,41.54662623199393
2024,15,00-0036912,4.292330587204156,5.607499999999999,-1.2621229012799802,32.64406779661017
2024,15,00-0037475,4.359800434338668,5.541666666666667,-1.1771167136610625,20.15391648887534
2024,15,00-0034348,1.7837647797046816,5.453333333333333,-0.6483296809997536,73.5740274279317
2024,15,00-0037240,2.2589484936460784,5.448,-0.90021843709818,17.204375679363533
2024,15,00-0036894,3.0700809272321052,5.421666666666667,-0.8980534346564422,34.950602246582754
2024,15,00-0039338,1.5710097167847152,5.33,2.4628732037248824,17.969486823855753
2024,15,00-0033288,1.8001695769793893,5.235714285714287,-3.241235922971182,32.64478482859227
2024,15,00-0038543,3.483595475915985,5.206666666666667,0.0899691114673633,29.550155118924508
2024,15,00-0033040,1.7705698913123142,5.167142857142857,0.5259875163087884,62.2961398568579
2024,15,00-0038124,2.697714815548011,5.155,-0.13362813462279632,49.06212071058149
2024,15,00-0036963,3.018125155178804,5.0360000000000005,2.5762443611781674,37.424547283702225
2024,15,00-0037837,3.001873753098239,4.986000000000001,-1.259516944917205,31.18825280822845
2024,15,00-0039337,3.493917943835155,4.9775,-0.11213542025191181,44.34197788760382
2024,15,00-0036980,1.2450422473494636,4.8983333333333325,-3.6158636655908616,32.016679302501885
2024,15,00-0037740,2.112377216785289,4.885000000000001,1.963011061324413,30.091931175849428
2024,15,00-0037261,3.2537773647298978,4.836666666666667,0.9277011461462692,11.298458399455907
2024,15,00-0036637,2.221778232620319,4.708,-0.26151297795794193,10.996100049848987
2024,15,00-0037744,3.3664030795843316,4.6850000000000005,0.9072400538862833,34.39611625008202
2024,15,00-0035676,2.55859212367436,4.630909090909092,2.3688070349325017,42.32445520581115
2024,15,00-0038117,1.948016180992204,4.521111111111111,-1.2955806389242195,44.98395068018546
2024,15,00-0030506,2.730230859226351,4.478,-1.2810751732343428,24.601941178195467
2024,15,00-0036244,3.382339513173464,4.35,2.1088264551926024,22.045855379188716
2024,15,00-0031381,3.7671192216317446,4.284545454545455,2.717556206333647,43.19833530032921
2024,15,00-0037816,2.639129360108059,4.214,2.107440102880124,47.42910735959395
2024,15,00-0034837,1.9874629015597982,3.9799999999999995,5.304108980280046,32.330277019118235
2024,15,00-0036259,2.2555029601074628,3.8977777777777782,0.8298891768633041,34.3603209336251
2024,15,00-0035719,2.367935208148527,3.4083333333333337,-1.0605400501541338,13.26331145149526
2024,15,00-0038608,4.055049323423125,2.9259999999999997,1.9250560464547277,54.26986328511989
2024,15,00-0039849,2.2471486048103078,2.63,-1.2140605763072045,57.0360165321787
2024,16,00-0039849,2.9718610104378445,9.02,-0.7741942087716769,44.65815334489464
2024,16,00-0035659,4.518606331319269,8.516,0.13534882208837917,20.740524355510118
2024,16,00-0039855,2.9215935087316183,8.487142857142857,-0.5930234485326942,25.1148245871201
2024,16,00-0038621,5.675316339538641,8.4825,-0.9562022410718924,0.012445034431263867
2024,16,00-0033885,3.0138483183937708,8.44142857142857,1.642948451520689,33.91316448650152
2024,16,00-0034348,3.2807906898370796,8.415000000000001,-0.1335331968400948,35.671435163820966
2024,16,00-0038606,4.834032893157475,8.39,-0.05141794486955087,18.541340936264135
2024,16,00-0038559,3.366999104415438,8.272,3.216863124017271,41.7205318198539
2024,16,00-0039065,3.341549608210316,8.088,0.577969203673093,18.394176445023902
2024,16,00-0036626,2.7021405011427713,8.058,-1.1234531948726705,28.583948002629082
2024,16,00-0031408,1.937570052442883,7.875,-0.30764918167472377,32.92778266393041
2024,16,00-0035719,4.982304362330293,7.538333333333334,5.799989616127765,12.238290524498156
2024,16,00-0037809,4.138046839302756,7.411428571428571,1.4030558318289676,29.849759880160363
2024,16,00-0030279,3.6262560610199093,7.364166666666667,0.673632735413566,41.079055173014915
2024,16,00-0035662,4.17391740068722,7.2975,-1.875913302067981,24.32939914163091
2024,16,00-0038117,2.6560487849003276,7.177272727272728,0.5880420837227947,16.547199150453217
2024,16,00-0039337,3.169568717981376,7.175000000000002,0.5591822554646422,51.96268062350665
2024,16,00-0039338,3.554439640983408,7.111249999999999,1.1291466452704553,19.377558656512747
2024,16,00-0033288,3.8462462450835684,6.967500000000001,3.506266016592564,19.544571551910206
2024,16,00-0039893,3.4560623688431997,6.869999999999998,1.0403418877188226,60.103007449645894
2024,16,00-0034860,1.8105352862869182,6.835,0.2769086592460468,37.36073926936697
2024,16,00-0039894,3.8623091886841823,6.834444444444445,0.568153528691349,29.180078683834054
2024,16,00-0039064,2.6418635263780645,6.8275,3.166368190393054,47.81465805301848
2024,16,00-0036963,3.5137289058434127,6.778571428571429,0.5235978495023375,34.18079096045197
2024,16,00-0030506,4.355066708974808,6.6875,-1.361576065997984,15.468526466380538
2024,16,00-0037261,2.743316771584476,6.683333333333333,-2.2668030550377622,31.80135718692166
2024,16,00-0034383,4.70955487488598,6.653999999999999,-0.5250129632988507,10.94471453350597
2024,16,00-0036410,3.217089439521747,6.6481818181818175,0.2664590260184916,36.59671650795019
2024,16,00-0039050,4.672575211656269,6.53,-0.0459063721270041,10.444151275285838
2024,16,00-0036980,5.123086377448359,6.522499999999999,-5.346410305775613,28.973003061508496
2024,16,00-0036309,2.99161818642339,6.516666666666666,-1.309248558812329,47.59904349512053
2024,16,00-0039075,4.541715311874222,6.51375,0.04724988311714462,5.053065103754175
2024,16,00-0036912,2.616940971616484,6.435714285714285,-0.4396363558207542,24.708426990118326
2024,16,00-0035208,5.318276013881266,6.390000000000001,2.0509115223311634,13.4375228218798
2024,16,00-0030035,2.69143225356003,6.388333333333333,-0.07643215781108514,39.85412713472486
2024,16,00-0036988,2.0481579602989455,6.218333333333334,1.7399681508343303,48.60681114551084
2024,16,00-0036900,3.1550083467305443,6.21625,5.789947481119739,34.5025207911406
2024,16,00-0038544,3.3729425048521797,6.171666666666667,-0.5070110716801914,18.310482087571874
2024,16,00-0037238,2.4493061529650997,6.1000000000000005,2.4740010472768548,34.24028953661216
2024,16,00-0036259,1.8896313327885939,6.0633333333333335,-1.6381157681259797,46.16878912151953
2024,16,00-0039491,1.4888136040144473,6.016,-0.4452215335092031,29.12120493358634
2024,16,00-0035229,3.524197322908175,5.9625,-1.9930169155312099,16.76897522929155
2024,16,00-0034827,3.407507596487728,5.815,-1.989347232371955,31.319910514541398
2024,16,00-0034837,1.883896138114166,5.72,1.8453332387151655,46.34092611358329
2024,16,00-0034270,4.473580794535786,5.676666666666666,0.027812378021918605,21.997740112994357
2024,16,00-0037240,2.62367459052234,5.634285714285714,4.442294692931341,45.37700999565406
2024,16,00-0038041,2.855018055725524,5.614444444444445,-0.5571422699460289,5.0653209451492645
2024,16,00-0038393,2.4653401281972656,5.5,-0.29390140626137884,25.471390660645277
2024,16,00-0037837,1.9614517566559997,5.482,-1.0992665091365446,50.30839791238336
2024,16,00-0033858,3.87608667009926,5.476666666666667,2.4954156858057788,6.925610228593566
2024,16,00-0037740,4.021507166035837,5.377142857142857,-1.0679194354554238,21.044067796610168
2024,16,00-0032392,3.6027903061521203,5.275,0.2080899283434805,21.359827428855876
2024,16,00-0038933,2.7628154055169074,5.1579999999999995,0.37746857047427795,20.10795805058606
2024,16,00-0034753,1.9518451925914597,5.081666666666667,-0.16749569366826833,31.677433726887937
2024,16,00-0035676,1.7629702772707898,5.046,1.1683687485748884,66.20297722549724
2024,16,00-0038976,3.7915593910545766,4.933333333333334,12.767223604459113,47.3081064451623
2024,16,00-0034521,3.725388433854602,4.854,0.39725113614633045,12.465536723163845
2024,16,00-0039915,5.457740176353648,4.753333333333333,0.5522161178103229,17.622487591527843
2024,16,00-0038543,2.4874113118325054,4.4775,1.835537945551807,44.52829026396032
2024,16,00-0031381,3.1964099542561657,4.401666666666667,0.09676094389784762,46.287005649717514
2024,16,00-0036554,2.2441388851383417,4.368,-0.4486218657961718,21.24447267485892
2024,16,00-0033090,1.3638094945965518,4.156666666666667,-0.03769227005383158,25.69484775574545
2024,16,00-0036322,3.0936890236228343,4.1499999999999995,0.12168595861184661,54.45944970029609
2024,16,00-0030431,4.444699783179822,4.1475,-1.8657690623283756,17.775389050399433
2024,16,00-0036358,3.003844475320121,4.123749999999999,3.5999282886302235,38.86714144224873
2024,16,00-0038994,3.36215710489039,4.08625,-1.2703672453364874,23.813822488625703
2024,16,00-0035644,4.144379838589775,3.8833333333333333,7.144771158219133,12.659007607724762
2024,16,00-0033040,2.1320183182769985,3.6700000000000004,0.3707014999599303,46.56141030608291
2024,16,00-0039919,1.9515122132531109,3.5383333333333336,-0.8283813368433464,23.82405066968826
2024,16,00-0038977,2.17482094761824,3.5228571428571436,0.31180344577878105,34.07275303544817
2024,16,00-0035640,2.346581642919793,3.505714285714286,-1.1224340193111384,35.503742261373084
2024,16,00-0034960,2.77929504708185,3.4459999999999993,2.0986008346218625,31.05603732887266
2024,16,00-0038608,4.36503541649949,2.686666666666666,5.542000235405205,40.54177383224092
2024,17,00-0038994,3.1694000466697414,8.8975,0.5115251245624357,32.5990777666999
2024,17,00-0039855,5.188568155183032,8.687999999999999,-0.2556414287281683,13.752103607229085
2024,17,00-0037261,4.900884338866242,8.446666666666665,-0.48140300147612436,10.732001298039036
2024,17,00-0037240,3.735820655334722,8.404285714285715,0.20947664347595785,14.46757882212969
2024,17,00-0038621,3.260605933983861,8.306000000000001,-1.5082787270971405,21.666920615572142
2024,17,00-0035662,3.4446137559451446,8.162857142857144,-0.9142432556922042,27.907618697092385
2024,17,00-0039064,1.8643002735873062,7.975999999999999,3.051273296236795,38.08665189840812
2024,17,00-0038544,3.93192119422116,7.89875,0.44487504189054317,20.36981584069471
2024,17,00-0034270,4.896237328735613,7.82,-1.2795654973771535,8.660130718954253
2024,17,00-0038608,1.4240505436149669,7.614,0.19041505113918689,29.011122962060032
2024,17,00-0037238,2.92715706317892,7.565454545454546,-0.047533434534638985,39.864772572053006
2024,17,00-0035208,3.889660343546591,7.5287500000000005,2.2656382930375285,22.670640341073714
2024,17,00-0036912,3.087938907871546,7.37,1.325674302621569,47.6151567766316
2024,17,00-0039894,5.072129914530417,7.258571428571429,2.6265151504326703,1.4308060360691923
2024,17,00-0036407,2.9556216510783115,7.1083333333333325,-0.8653501699157973,55.22600254926954
2024,17,00-0035659,2.2131759366155817,7.095714285714286,-1.9888429358224187,37.05451384577177
2024,17,00-0031408,2.813661479994622,7.08,0.5576102204292166,37.279578546864705
2024,17,00-0035644,5.217446233222955,7.045,3.00133260250867,4.882997430001343
2024,17,00-0036970,1.623215860074828,6.912000000000001,2.364042517209394,11.901834904156992
2024,17,00-0034960,1.5813092740615067,6.791111111111111,0.4582647757277032,29.950697281307225
2024,17,00-0033288,4.211235555760339,6.786000000000001,1.5766459411828526,17.752665633828492
2024,17,00-0039337,2.6384781211276556,6.77375,9.021492360170633,40.42413642326191
2024,17,00-0031941,2.30775202541298,6.72,-0.3892867145994807,16.656318556231632
2024,17,00-0036963,3.9018808531060927,6.71125,0.24268384542113708,38.88161808447353
2024,17,00-0039342,1.672125855493476,6.69125,-0.35460891406081874,44.63654223968566
2024,17,00-0030061,3.616941363653736,6.682,3.0261767659812113,22.277412144542406
2024,17,00-0030506,4.340512625685896,6.603333333333334,-0.9749628968750326,29.738682370261333
2024,17,00-0030035,2.1577113312844696,6.473333333333334,-0.06398152826152748,37.87491814014408
2024,17,00-0036252,2.957032450610323,6.452222222222222,0.9559634855837156,20.491736985415034
2024,17,00-0035676,1.0697970803100665,6.433999999999999,-0.38774464846916123,34.91982432846491
2024,17,00-0038117,5.033236276190027,6.4,4.721091316049957,30.607783121993883
2024,17,00-0034981,4.519159671988871,6.376,-1.950015508633792,22.5953831356204
2024,17,00-0035229,4.334665724765268,6.3,-0.5974791140521143,19.373130608175472
2024,17,00-0037291,4.429943634518813,6.272,-0.5143855397325923,23.021560319042877
2024,17,00-0033040,3.4164861332680263,6.162222222222223,-0.7149831526014876,64.97980336864568
2024,17,00-0031381,3.8306935574176,6.105714285714285,1.5004134389453156,17.533936651583705
2024,17,00-0036988,2.8020686491108724,6.0566666666666675,-0.7174038658048021,22.895143983630277
2024,17,00-0036894,3.797808653363769,6.005714285714285,-0.3127303710375813,23.31221937139192
2024,17,00-0039075,2.891291341880461,5.961428571428572,2.6497048754823265,39.14630436986719
2024,17,00-0037816,3.3034203352232763,5.857272727272728,0.24070425287784225,34.69049755020358
2024,17,00-0039338,3.291695786055135,5.8500000000000005,-0.7515041419096957,14.402028454711932
2024,17,00-0039915,3.9410424961677224,5.754999999999999,-0.635296181911233,28.093027898387973
2024,17,00-0037809,4.343859067322928,5.73,-0.2251113035188137,18.28787878787879
2024,17,00-0036040,3.0743818602656283,5.71875,1.2875645346814686,37.29159987175377
2024,17,00-0036322,4.068307698600382,5.698181818181819,0.7879430210658827,23.88771186440678
2024,17,00-0039065,2.50613697503505,5.696666666666666,1.4171185257048609,33.30160618679358
2024,17,00-0031236,2.543927939473985,5.633750000000001,0.1926020502302821,50.36721618876473
2024,17,00-0034383,2.953430747656307,5.62,1.5792588202837905,12.66698311520987
2024,17,00-0034827,3.4045851217596543,5.5475,2.2932397479415867,27.26008344923504
2024,17,00-0036554,2.251043385389658,5.545000000000001,1.151800108463334,40.052214009629076
2024,17,00-0038041,2.6004872080478787,5.5200000000000005,0.12198987313822585,10.321118837409173
2024,17,00-0038559,3.4042151576341033,5.515,-0.19158989158340933,19.324966078697432
2024,17,00-0038543,3.467862569172516,5.49,2.7174951059127967,53.72649803868526
2024,17,00-0038976,4.551844872772703,5.423333333333333,-0.27294521196571786,29.80532177165689
2024,17,00-0037247,2.401581846898954,5.2057142857142855,1.903366520487999,39.15169980756896
2024,17,00-0036182,1.003816430743524,5.1033333333333335,-0.4890968008336862,27.799242424242422
2024,17,00-0039916,3.096733717128166,5.036666666666665,0.6277454667343436,39.68528813147423
2024,17,00-0038563,2.13459401763615,5.03125,0.43637353852634675,42.7215100718411
2024,17,00-0036980,2.808630732498929,5.002000000000001,0.036311214502984246,18.30081380527503
2024,17,00-0034829,2.9005831250882905,4.924545454545456,0.2466818143017182,18.925046310376285
2024,17,00-0036259,2.6697386082713157,4.897,-0.15143253006370827,32.51921382788056
2024,17,00-0037614,2.5293693367308148,4.88,-1.9702431929287327,26.47657150606903
2024,17,00-0039880,3.085282090722878,4.744,2.2112965276188596,24.037801996799015
2024,17,00-0037837,4.382290353231182,4.466666666666667,-0.11261974793339302,17.60744066709429
2024,17,00-0036410,1.962067254850272,4.4158333333333335,0.4289240109878132,36.07785672813734
2024,17,00-0036900,2.688367796735889,4.36,1.0957465433418268,32.287317868893254
2024,17,00-0034364,4.187597815476242,4.2542857142857144,1.8000420114001483,14.913226786939903
2024,17,00-0030279,3.431119351748798,4.121250000000001,-0.20487130310029045,24.278889762351092
2024,17,00-0034837,2.628125304922969,4.098333333333334,1.0372648567015093,31.390151515151516
2024,17,00-0039901,2.184075766893543,4.078571428571428,-0.15514975816878973,35.70534513930739
2024,17,00-0038393,2.098927604944442,3.95,-0.05186445868877154,23.293768545994077
2024,17,00-0037664,1.708094978891437,3.8688888888888897,-0.1858551274987441,51.95859056964927
2024,17,00-0036309,5.028736717852147,3.75,-2.96848888411904,18.886308792059374
2024,17,00-0039849,2.3316169592402995,3.518,1.0033311533616018,47.730664857530535
2024,17,00-0037740,3.2212087353881493,3.41875,-1.8635381489010472,42.29512317747612
2024,17,00-0037744,3.216552300703816,3.012,0.13137237683465042,29.304613297150627
2024,17,00-0039893,2.2600658962462394,2.9670000000000005,2.6065370723573267,58.550790409197496
2024,17,00-0034348,2.121502515250558,2.902222222222222,0.26639621111533796,51.02014792144861
2024,18,00-0038976,7.4987085465577525,14.4,2.2309785351272904,-13.794689800210305
2024,18,00-0037838,3.327540360403104,10.586666666666666,-0.7386940788805152,14.088072740238902
2024,18,00-0036894,3.860131886164136,10.467142857142857,0.627763324200405,34.3070582174137
2024,18,00-0038996,3.3440555159436913,9.2425,-1.095084821429663,17.660178426601785
2024,18,00-0034407,2.6654244287536537,9.065714285714284,-1.3389328095674697,23.35394345589276
2024,18,00-0039236,2.1508145791369584,8.936,0.31643780936447063,12.757620285595872
2024,18,00-0038465,2.7410910567084414,8.878,2.148714962345513,23.185320356853207
2024,18,00-0038393,2.5404499903236064,8.865,0.5722379880076629,26.94140308191403
2024,18,00-0037238,1.9373394209709984,8.705555555555556,1.6554072353885427,61.25218294237034
2024,18,00-0033891,3.3355631772266987,8.445,-0.08226929946327566,25.610569865207527
2024,18,00-0039356,3.571702880399415,8.14,-0.006648400064264592,12.144986124910075
2024,18,00-0034860,3.100622290431032,8.123333333333333,-1.270003303210924,19.843212592569635
2024,18,00-0037741,3.013037229382741,7.932727272727272,-0.8952422873366537,42.90343242530423
2024,18,00-0037740,5.163404825302991,7.782000000000001,4.660163318637158,6.445953848229951
2024,18,00-0038543,5.576962609585981,7.68,-0.8395046138059681,-2.243545807630798
2024,18,00-0038519,2.675747389237495,7.666666666666667,2.1904559588307144,56.02662290299053
2024,18,00-0034837,2.6712332146696496,7.662000000000001,3.096939658553718,34.91612903225807
2024,18,00-0030035,3.23447216850005,7.6433333333333335,-1.2700052950163645,16.307513104251605
2024,18,00-0035208,1.8186949527755591,7.556,1.3321406587696387,37.22020122570708
2024,18,00-0034960,2.0018056360135477,7.438,-0.046117824774553506,43.056238727660265
2024,18,00-0035659,1.6352559494717849,7.403333333333333,-0.09269993042187696,39.40287746206535
2024,18,00-0039793,3.3324168798587173,7.283333333333334,2.344336801081051,2.9152387480009154
2024,18,00-0039893,2.349273353609408,7.2299999999999995,0.7744945852452494,62.17275435021163
2024,18,00-0039338,2.584424670205557,7.021249999999999,2.187409700847545,34.92375799311362
2024,18,00-0032392,1.4553305874239262,6.9799999999999995,0.3742586379552897,8.865965010106642
2024,18,00-0034159,3.6422588699486327,6.872,0.8989828217061913,9.402643171806167
2024,18,00-0038117,3.937382655441396,6.863333333333334,0.2509554627697712,11.589711806631541
2024,18,00-0037247,2.762941944946954,6.845,-3.1286321720512262,42.689335394126736
2024,18,00-0039747,2.5852544573761436,6.8116666666666665,0.901421522076959,14.10647677178705
2024,18,00-0034351,2.6681942526628837,6.8066666666666675,-0.47879889065273407,16.348291322858973
2024,18,00-0033282,5.218854952212095,6.804285714285716,1.6530937122699312,-0.8780195305807811
2024,18,00-0031236,2.3739931534191605,6.803333333333332,-1.4654064804092368,30.512109447217604
2024,18,00-0036259,2.4553385747920364,6.797999999999999,-0.13435302996856802,20.03841876453341
2024,18,00-0037801,4.084333553702918,6.758,1.9670357896562258,30.342022555000923
2024,18,00-0030061,2.076891859830647,6.712000000000001,0.571555935043492,9.851538688427883
2024,18,00-0036550,4.594495590967302,6.6375,1.4869868158267536,38.44892137635942
2024,18,00-0039849,2.852860114738128,6.628333333333334,-0.22854600073590614,33.275501579251745
2024,18,00-0036040,3.3667062658321614,6.579999999999999,0.5051033112512666,17.18774207541908
2024,18,00-0038544,4.615776229812453,6.411428571428572,0.0975811793794259,47.03083700440529
2024,18,00-0039491,3.8522562607839768,6.34857142857143,-0.6285134135157633,12.847305491794856
2024,18,00-0036427,2.259507020464727,6.271666666666667,4.694444184364853,20.647877201088342
2024,18,00-0039855,2.5194931482250524,6.178333333333334,-1.3375492381081089,28.323834803653675
2024,18,00-0039915,3.5075661557127744,6.119999999999999,4.573722916087796,25.67400881057269
2024,18,00-0039337,4.030638267786961,6.0375,0.6918797490451185,51.80249974176222
2024,18,00-0036980,3.818631786420691,6.026000000000001,2.30557032456356,16.95655827241408
2024,18,00-0039065,4.3918131913821785,5.954999999999999,0.6013262120292091,23.06953515174798
2024,18,00-0037240,4.57042498601473,5.9375,-2.1384328113763456,42.60468689973107
2024,18,00-0038589,3.97616046728627,5.854,-0.06854120064430802,9.150230414746547
2024,18,00-0037666,5.531345318945651,5.835000000000001,1.9315921187621807,18.912922906267326
2024,18,00-0036410,1.858483703636511,5.804,-0.3224551894310048,27.794469623669606
2024,18,00-0033576,1.9895350153553881,5.79,0.03485994607876375,7.174872779968321
2024,18,00-0039901,1.3193018022678042,5.7877777777777775,-0.20147455362632982,84.12712009593967
2024,18,00-0039916,1.8357318059703522,5.645,-0.9522446193210223,22.82883429380245
2024,18,00-0033858,3.0789250997577287,5.630909090909091,-0.6164469366021605,21.17857414593319
2024,18,00-0031408,2.4315443157559833,5.6207142857142856,-0.27650818665075394,55.090170973534214
2024,18,00-0038608,2.488088254886371,5.615714285714286,0.5154271052970247,30.748588555098628
2024,18,00-0038997,2.916384551881775,5.578333333333333,-1.0432170702411971,17.769741135523166
2024,18,00-0039880,4.421221179993727,5.4399999999999995,0.7443129923734997,10.60640645210378
2024,18,00-0036613,2.6459559383467064,5.433749999999999,-2.215565332523492,42.46366887316441
2024,18,00-0038994,2.4660936913439175,5.3566666666666665,-4.0706406392110495,32.70454924179303
2024,18,00-0034827,3.3096532815755695,5.274444444444445,3.8823861665318464,23.733462407228124
2024,18,00-0036407,2.653456186559798,5.2475000000000005,3.2167941143618695,44.122342660280644
2024,18,00-0034753,1.376561781688416,4.97625,-0.43097634812673746,44.11838117311464
2024,18,00-0033110,3.2984748448643577,4.930000000000001,1.7468376489219413,4.250731557061452
2024,18,00-0037744,2.5220563430537344,4.861666666666666,-0.6391006713644698,36.76764980648605
2024,18,00-0034418,4.149874026129877,4.772,2.0529246990276873,7.439655439531497
2024,18,00-0036849,2.5740939485450918,4.6925,-0.945785556326664,35.93613635196878
2024,18,00-0034829,3.3952202755680774,4.691,-0.5050820939000182,28.222233538727913
2024,18,00-0036900,1.994126324557666,4.657142857142857,0.1024170692143409,47.909558486530536
2024,18,00-0036554,3.082329132991718,4.638,-0.49793770027844486,15.154132699886622
2024,18,00-0036322,3.1887602899029903,4.615,2.855515123637729,27.762039660056658
2024,18,00-0032775,1.844901464252257,4.548333333333333,2.6514475655486613,40.91072436983418
2024,18,00-0036963,3.7776794250706334,4.511428571428572,0.571000795323978,36.0865667819183
2024,18,00-0034364,3.680652489785607,4.456666666666666,-0.4683289514441302,25.607091841021763
2024,18,00-0036182,3.4081419901983026,4.32,1.0324995836404902,23.406451612903233
2024,18,00-0031381,3.482214817643175,4.288181818181818,1.9422484136112397,59.24159956817058
2024,18,00-0034272,2.010495320803763,3.9357142857142864,-0.4732555632096762,38.403619124345425
2024,18,00-0039342,2.8371236002704343,3.8559999999999994,1.9705277981854294,14.529446024187193
2024,18,00-0035640,1.3299946570569259,3.836,1.3876625904409476,45.63856522732465
2024,18,00-0036252,2.7315657585877076,3.7580000000000005,0.025142544413857992,35.30291494452904
2024,18,00-0035644,4.259230866843413,3.718,1.3620218667909345,15.554032442312089
2024,18,00-0034348,1.4413330620536446,3.32,1.1628091465939512,78.27944269190326
2024,18,00-0035229,2.3584729471702905,3.19,-0.51623391561280485,24.14264289285119
