season,week,player_id,xfp_24,fpoe_24
2025,1,00-0023459,12.697999999999999,12.961999999999998
2025,1,00-0026158,19.5992,-3.3992000000000004
2025,1,00-0026498,17.2696,-3.669599999999999
2025,1,00-0029263,28.894,-17.773999999999997
2025,1,00-0029892,2.766,1.4340000000000002
2025,1,00-0030035,1.08,-1.08
2025,1,00-0030061,8.921,1.1790000000000003
2025,1,00-0030279,14.538999999999998,1.7610000000000028
2025,1,00-0030506,5.257,6.443
2025,1,00-0030564,3.7279999999999998,6.772
2025,1,00-0030565,15.713799999999999,3.7662000000000013
2025,1,00-0031236,4.405,-0.3050000000000006
2025,1,00-0031381,10.068000000000001,-2.968000000000001
2025,1,00-0031408,12.130999999999998,-4.530999999999998
2025,1,00-0031588,7.424000000000001,1.275999999999998
2025,1,00-0032211,1.505,-1.505
2025,1,00-0032385,8.644,-3.2439999999999998
2025,1,00-0032392,1.251,0.2490000000000001
2025,1,00-0032398,1.0940000000000003,2.806
2025,1,00-0032464,3.532,-0.9319999999999999
2025,1,00-0032764,9.972000000000001,20.728
2025,1,00-0033040,8.342,-2.3420000000000005
2025,1,00-0033077,16.3576,-8.537600000000001
2025,1,00-0033090,11.278,-2.677999999999999
2025,1,00-0033106,14.6132,-1.7132000000000005
2025,1,00-0033217,1.089,1.411
2025,1,00-0033246,1.317,-1.317
2025,1,00-0033280,23.955999999999996,-5.255999999999993
2025,1,00-0033288,6.695,3.8049999999999997
2025,1,00-0033293,8.728000000000002,5.4719999999999995
2025,1,00-0033526,1.986,-0.3859999999999999
2025,1,00-0033553,17.084000000000003,-4.684000000000003
2025,1,00-0033555,1.9920000000000002,-1.1920000000000002
2025,1,00-0033591,5.899,-2.199
2025,1,00-0033699,7.341000000000001,-0.1410000000000018
2025,1,00-0033854,3.0760000000000005,0.5239999999999996
2025,1,00-0033857,5.545000000000001,2.454999999999999
2025,1,00-0033858,8.373999999999999,1.6260000000000012
2025,1,00-0033873,21.753600000000002,4.266399999999997
2025,1,00-0033881,4.181,-0.581
2025,1,00-0033885,6.720999999999999,-1.520999999999999
2025,1,00-0033891,1.056,-0.15600000000000003
2025,1,00-0033906,8.821,3.8789999999999996
2025,1,00-0033908,3.3750000000000004,-0.8750000000000004
2025,1,00-0033923,5.017000000000001,-1.4170000000000011
2025,1,00-0033943,3.1650000000000005,-0.36500000000000066
2025,1,00-0033955,1.876,0.6240000000000001
2025,1,00-0034159,1.405,0.8949999999999998
2025,1,00-0034270,3.7689999999999997,2.4310000000000005
2025,1,00-0034348,12.350000000000001,2.75
2025,1,00-0034351,7.853000000000001,0.04699999999999971
2025,1,00-0034383,5.017,-0.7169999999999996
2025,1,00-0034386,2.279,1.4210000000000003
2025,1,00-0034407,6.009,0.5910000000000002
2025,1,00-0034487,1.213,-0.41300000000000003
2025,1,00-0034753,1.04,-0.040000000000000036
2025,1,00-0034791,6.981,-0.9809999999999999
2025,1,00-0034796,13.850400000000002,15.509599999999997
2025,1,00-0034827,9.785,-1.7850000000000001
2025,1,00-0034829,6.218,-4.318
2025,1,00-0034837,8.357000000000001,-3.657000000000001
2025,1,00-0034844,17.767,-1.3670000000000009
2025,1,00-0034854,1.909,-1.909
2025,1,00-0034855,19.324399999999997,3.255600000000001
2025,1,00-0034857,43.2856,-4.525600000000004
2025,1,00-0034869,9.2274,-1.827399999999999
2025,1,00-0034960,12.561000000000002,1.1389999999999993
2025,1,00-0034975,3.177,-3.777
2025,1,00-0034983,7.898000000000001,-5.798
2025,1,00-0035021,1.3250000000000002,0.17499999999999982
2025,1,00-0035125,1.931,-1.331
2025,1,00-0035208,8.56,-2.3600000000000003
2025,1,00-0035228,22.856,-4.536000000000001
2025,1,00-0035229,4.104,-1.104
2025,1,00-0035243,3.055,2.4450000000000007
2025,1,00-0035249,1.0410000000000001,-0.04100000000000015
2025,1,00-0035250,1.445,-0.545
2025,1,00-0035261,8.661999999999999,0.7380000000000013
2025,1,00-0035500,1.068,-0.768
2025,1,00-0035535,1.5050000000000001,-1.5050000000000001
2025,1,00-0035537,4.338,-1.9379999999999997
2025,1,00-0035602,0.992,-0.992
2025,1,00-0035631,0.617,-0.617
2025,1,00-0035640,6.757000000000001,3.543
2025,1,00-0035644,8.258,2.3420000000000005
2025,1,00-0035659,6.003000000000001,-2.303000000000001
2025,1,00-0035662,20.517000000000003,-5.617000000000003
2025,1,00-0035676,1.2890000000000001,0.010999999999999899
2025,1,00-0035685,9.456000000000003,-3.1560000000000032
2025,1,00-0035689,2.112,0.8879999999999999
2025,1,00-0035700,13.217999999999998,0.2820000000000036
2025,1,00-0035710,27.2778,2.2022000000000013
2025,1,00-0035719,14.294,4.806000000000001
2025,1,00-0036040,13.893,-2.2929999999999993
2025,1,00-0036139,4.519,-1.919
2025,1,00-0036158,10.581,3.219000000000001
2025,1,00-0036182,2.218,-1.0179999999999998
2025,1,00-0036212,11.551400000000001,-2.291400000000001
2025,1,00-0036223,17.97,-6.669999999999998
2025,1,00-0036244,3.123,-2.7230000000000003
2025,1,00-0036252,10.525,6.475
2025,1,00-0036259,9.019,-6.4190000000000005
2025,1,00-0036264,17.5658,-1.6457999999999995
2025,1,00-0036265,1.583,-0.583
2025,1,00-0036275,14.676,-6.676
2025,1,00-0036290,5.031,-1.4309999999999996
2025,1,00-0036322,11.426,1.3740000000000006
2025,1,00-0036328,1.494,-1.194
2025,1,00-0036355,24.3406,3.5793999999999997
2025,1,00-0036358,18.043,-3.5429999999999993
2025,1,00-0036389,19.1808,5.0992
2025,1,00-0036407,10.035,-0.9349999999999987
2025,1,00-0036410,5.276000000000001,-0.476
2025,1,00-0036422,1.2230000000000003,-0.2230000000000003
2025,1,00-0036427,2.132,1.9679999999999995
2025,1,00-0036442,14.435800000000002,-5.615800000000002
2025,1,00-0036550,4.9239999999999995,-2.9239999999999995
2025,1,00-0036554,5.523,-1.5229999999999997
2025,1,00-0036555,12.987,3.4129999999999985
2025,1,00-0036613,6.515000000000001,-1.5150000000000006
2025,1,00-0036620,2.374,-0.9740000000000002
2025,1,00-0036626,7.339,-0.0389999999999997
2025,1,00-0036637,0.9600000000000001,-0.16000000000000003
2025,1,00-0036727,0.927,-0.027000000000000024
2025,1,00-0036849,1.1340000000000001,-0.2340000000000001
2025,1,00-0036862,1.163,7.536999999999999
2025,1,00-0036875,7.317,-3.617
2025,1,00-0036876,1.0270000000000001,-0.42700000000000016
2025,1,00-0036887,1.181,-0.281
2025,1,00-0036893,1.7570000000000001,-0.2570000000000001
2025,1,00-0036894,3.3310000000000004,0.9690000000000003
2025,1,00-0036900,7.181,-3.581
2025,1,00-0036912,2.994,0.10599999999999987
2025,1,00-0036919,7.015,-3.2149999999999994
2025,1,00-0036945,23.117199999999997,6.402800000000006
2025,1,00-0036963,8.76,-2.26
2025,1,00-0036970,8.156,1.2439999999999998
2025,1,00-0036971,16.7982,-4.478200000000001
2025,1,00-0036973,11.447999999999999,5.652000000000003
2025,1,00-0036980,1.5019999999999998,0.09800000000000031
2025,1,00-0036988,12.677,-4.076999999999998
2025,1,00-0036997,16.048,3.3520000000000003
2025,1,00-0037004,3.693,3.4069999999999996
2025,1,00-0037005,0.911,-0.21100000000000008
2025,1,00-0037013,3.2042,-1.6242
2025,1,00-0037085,7.196,-4.596
2025,1,00-0037112,3.705,5.295
2025,1,00-0037197,5.228000000000001,-1.4280000000000008
2025,1,00-0037228,10.174999999999999,2.7250000000000014
2025,1,00-0037238,22.668000000000003,-13.168000000000003
2025,1,00-0037239,16.36,-7.459999999999999
2025,1,00-0037240,5.639,-1.0390000000000006
2025,1,00-0037247,5.659,-1.1589999999999998
2025,1,00-0037248,15.609999999999998,3.090000000000005
2025,1,00-0037256,2.136,-0.03600000000000003
2025,1,00-0037258,2.425,-1.9249999999999998
2025,1,00-0037261,11.128,-1.7279999999999998
2025,1,00-0037263,7.726,-5.326
2025,1,00-0037267,7.483,-6.483
2025,1,00-0037291,2.964,0.3360000000000003
2025,1,00-0037306,0.9660000000000001,-0.2660000000000001
2025,1,00-0037348,6.561,-3.561
2025,1,00-0037525,8.912,-0.9120000000000008
2025,1,00-0037539,2.1260000000000003,-1.0260000000000002
2025,1,00-0037545,11.173000000000002,-4.873000000000001
2025,1,00-0037594,1.6910000000000003,-1.4910000000000003
2025,1,00-0037664,7.3420000000000005,-3.242000000000001
2025,1,00-0037666,3.996,-3.496
2025,1,00-0037740,10.348,8.652
2025,1,00-0037741,3.9110000000000005,3.489
2025,1,00-0037744,11.864,-2.7639999999999993
2025,1,00-0037746,6.513000000000001,-2.3130000000000006
2025,1,00-0037801,3.3580000000000005,0.34199999999999964
2025,1,00-0037805,2.225,0.375
2025,1,00-0037809,4.037,-0.6369999999999996
2025,1,00-0037816,10.447,-2.6469999999999985
2025,1,00-0037834,23.622,-2.8420000000000023
2025,1,00-0037837,9.427,5.573
2025,1,00-0037840,14.823,-1.4229999999999983
2025,1,00-0038040,1.6190000000000002,-0.8190000000000002
2025,1,00-0038041,7.622,-2.821999999999999
2025,1,00-0038104,6.381,-1.2809999999999997
2025,1,00-0038115,1.932,-0.031999999999999806
2025,1,00-0038117,9.89,-1.3900000000000006
2025,1,00-0038120,13.418,2.0820000000000025
2025,1,00-0038129,3.556,-3.556
2025,1,00-0038134,7.851999999999999,-3.9519999999999995
2025,1,00-0038359,2.181,1.9189999999999996
2025,1,00-0038393,3.2130000000000005,0.7869999999999995
2025,1,00-0038492,2.3529999999999998,-2.3529999999999998
2025,1,00-0038542,17.075,4.324999999999999
2025,1,00-0038543,17.049000000000003,-0.14900000000000446
2025,1,00-0038544,14.971,7.4289999999999985
2025,1,00-0038547,1.455,-1.455
2025,1,00-0038551,2.2300000000000004,0.16999999999999993
2025,1,00-0038555,2.656,-1.456
2025,1,00-0038559,6.726000000000001,-5.726000000000001
2025,1,00-0038563,5.869,6.531000000000001
2025,1,00-0038573,0.661,-0.361
2025,1,00-0038597,16.264,-4.163999999999998
2025,1,00-0038608,12.285,1.0150000000000006
2025,1,00-0038618,3.3449999999999998,1.1550000000000002
2025,1,00-0038621,12.133,-4.932999999999999
2025,1,00-0038685,1.6730000000000003,-0.8730000000000002
2025,1,00-0038720,0,0
2025,1,00-0038797,0.502,-0.10199999999999998
2025,1,00-0038824,1.5879999999999999,-1.5879999999999999
2025,1,00-0038933,6.602,6.198
2025,1,00-0038935,5.626,2.274
2025,1,00-0038951,0.47100000000000003,-0.271
2025,1,00-0038976,5.359999999999999,-2.6599999999999993
2025,1,00-0038979,12.216999999999999,1.4830000000000005
2025,1,00-0038996,7.548000000000001,1.3519999999999994
2025,1,00-0038997,3.236,-1.036
2025,1,00-0039040,7.476000000000001,7.523999999999999
2025,1,00-0039041,2.1460000000000004,-1.3460000000000003
2025,1,00-0039064,14.447,10.153000000000002
2025,1,00-0039065,10.276000000000002,0.6239999999999988
2025,1,00-0039066,5.397,0.40300000000000047
2025,1,00-0039074,5.312,2.4879999999999995
2025,1,00-0039075,15.180000000000001,2.92
2025,1,00-0039139,15.510000000000002,-5.510000000000002
2025,1,00-0039144,0.93,-0.030000000000000027
2025,1,00-0039146,8.937999999999999,3.062000000000001
2025,1,00-0039150,18.0948,-3.934799999999999
2025,1,00-0039163,11.732,-1.0119999999999987
2025,1,00-0039165,11.141000000000002,-0.4410000000000025
2025,1,00-0039337,19.378999999999998,-9.778999999999996
2025,1,00-0039338,9.908999999999999,2.891000000000002
2025,1,00-0039342,10.415000000000001,-7.915000000000001
2025,1,00-0039356,4.455,-0.7549999999999999
2025,1,00-0039359,3.8270000000000004,0.3729999999999998
2025,1,00-0039361,12.604,-0.1039999999999992
2025,1,00-0039376,25.0678,-13.607799999999997
2025,1,00-0039379,1.1430000000000002,-0.04300000000000015
2025,1,00-0039384,9.033999999999999,-4.533999999999999
2025,1,00-0039394,8.069,-3.269
2025,1,00-0039424,4.656000000000001,-2.8560000000000008
2025,1,00-0039530,1.7190000000000003,-1.7190000000000003
2025,1,00-0039650,1.0710000000000002,0.22899999999999987
2025,1,00-0039732,18.2708,-5.430800000000001
2025,1,00-0039737,1.142,0.3580000000000001
2025,1,00-0039738,1.685,0.41500000000000004
2025,1,00-0039746,1.445,1.155
2025,1,00-0039751,1.4680000000000002,-0.9680000000000002
2025,1,00-0039793,2.19,-1.49
2025,1,00-0039794,3.5620000000000003,3.338
2025,1,00-0039796,0.644,-0.14400000000000002
2025,1,00-0039798,1.529,0.27100000000000013
2025,1,00-0039847,2.867,-1.867
2025,1,00-0039849,11.314,4.286000000000001
2025,1,00-0039851,23.588200000000004,-6.308200000000003
2025,1,00-0039868,7.546,-1.146
2025,1,00-0039875,1.774,-1.174
2025,1,00-0039880,6.577,-2.677
2025,1,00-0039890,2.782,0.31800000000000006
2025,1,00-0039893,11.811,-3.311
2025,1,00-0039894,1.364,-1.364
2025,1,00-0039901,16.022,5.178000000000004
2025,1,00-0039910,22.836800000000004,-2.7168000000000028
2025,1,00-0039915,13.916,-3.516
2025,1,00-0039916,12.5,0.3000000000000007
2025,1,00-0039917,24.0726,-0.052600000000001756
2025,1,00-0039918,21.2382,2.5218000000000025
2025,1,00-0039919,12.859000000000002,-0.15900000000000247
2025,1,00-0039921,5.854,2.146
2025,1,00-0039923,11.0354,11.1846
2025,1,00-0040009,1.298,-0.6980000000000001
2025,1,00-0040122,12.059999999999999,-1.0599999999999987
2025,1,00-0040124,12.056000000000001,-2.7560000000000002
2025,1,00-0040126,2.0460000000000003,0.15399999999999991
2025,1,00-0040128,13.692,-2.292
2025,1,00-0040129,10.907,10.693000000000001
2025,1,00-0040130,4.452,-0.2519999999999998
2025,1,00-0040131,1.23,0.4700000000000002
2025,1,00-0040138,2.1220000000000003,-0.9220000000000002
2025,1,00-0040142,0.509,-0.7090000000000001
2025,1,00-0040162,14.791,-1.4909999999999997
2025,1,00-0040164,2.72,-1.12
2025,1,00-0040170,8.538,-6.238
2025,1,00-0040179,9.197,-5.096999999999999
2025,1,00-0040184,2.768,-2.768
2025,1,00-0040194,2.146,1.2540000000000004
2025,1,00-0040198,2.4710000000000005,-1.6710000000000005
2025,1,00-0040202,0.8650000000000001,0.03499999999999992
2025,1,00-0040236,1.2690000000000001,0.33099999999999996
2025,1,00-0040237,1.1030000000000002,-1.1030000000000002
2025,1,00-0040238,1.674,-0.07399999999999984
2025,1,00-0040242,6.921999999999999,7.278000000000002
2025,1,00-0040466,7.8149999999999995,-1.5149999999999997
2025,1,00-0040476,0.48800000000000004,-0.48800000000000004
2025,1,00-0040581,6.649,-1.149
2025,1,00-0040583,1.405,-1.105
2025,1,00-0040584,3.3070000000000004,-1.2070000000000003
2025,1,00-0040644,0.493,-0.09299999999999997
2025,1,00-0040663,11.642000000000001,-1.5419999999999998
2025,1,00-0040666,10.685000000000002,-3.5850000000000017
2025,1,00-0040667,2.1410000000000005,0.45899999999999963
2025,1,00-0040669,2.33,5.47
2025,1,00-0040673,0.48300000000000004,-0.383
2025,1,00-0040676,9.780000000000001,-5.300000000000001
2025,1,00-0040705,2.5500000000000003,-1.6500000000000004
2025,1,00-0040715,6.449000000000001,-4.549
2025,1,00-0040718,11.173,-4.872999999999999
2025,1,00-0040719,1.302,-0.20199999999999996
2025,1,00-0040727,1.1360000000000001,0.46399999999999997
2025,1,00-0040729,1.264,1.5360000000000003
2025,1,00-0040730,4.140000000000001,3.26
2025,1,00-0040734,8.863,-0.7629999999999981
2025,1,00-0040735,0.942,-0.742
2025,1,00-0040736,1.7389999999999999,0.7610000000000001
2025,1,00-0040739,1.229,-0.028999999999999915
2025,1,00-0040782,0.901,0.09899999999999998
2025,2,00-0023459,15.7272,-3.307199999999998
2025,2,00-0026158,16.121599999999997,-3.3615999999999957
2025,2,00-0026498,22.6636,-3.3435999999999986
2025,2,00-0028118,9.3118,-0.9718
2025,2,00-0029263,24.508399999999995,7.7916000000000025
2025,2,00-0029892,1.2109999999999999,-0.21099999999999985
2025,2,00-0030035,4.928999999999999,-1.3289999999999993
2025,2,00-0030061,8.417,6.9830000000000005
2025,2,00-0030279,11.438,3.162000000000001
2025,2,00-0030506,8.757,-0.6569999999999983
2025,2,00-0030564,5.9959999999999996,7.404000000000001
2025,2,00-0030565,21.912000000000003,-12.712000000000003
2025,2,00-0031236,1.9120000000000001,1.688
2025,2,00-0031381,26.661,-7.061
2025,2,00-0031408,15.928,-7.827999999999999
2025,2,00-0031588,6.050000000000001,-0.8500000000000005
2025,2,00-0032211,2.762,-0.8620000000000001
2025,2,00-0032385,4.8580000000000005,0.5419999999999998
2025,2,00-0032392,4.525,0.7750000000000004
2025,2,00-0032464,2.345,0.4549999999999996
2025,2,00-0032764,8.467,-6.167
2025,2,00-0033040,8.881,5.019
2025,2,00-0033077,25.709,-1.5690000000000026
2025,2,00-0033090,5.5,-4.1
2025,2,00-0033106,20.5964,13.363600000000002
2025,2,00-0033110,4.680000000000001,1.0199999999999996
2025,2,00-0033119,0.207,-0.0069999999999999785
2025,2,00-0033217,1.262,0.038000000000000034
2025,2,00-0033280,16.53,3.169999999999998
2025,2,00-0033293,3.4930000000000003,-1.193
2025,2,00-0033307,3.848,0.8520000000000003
2025,2,00-0033375,3.003,-3.003
2025,2,00-0033553,10.942,0.7580000000000009
2025,2,00-0033555,4.591,2.7089999999999996
2025,2,00-0033591,5.444,-4.0440000000000005
2025,2,00-0033662,-0.30000000000000004,-0.09999999999999998
2025,2,00-0033699,7.769,-4.369
2025,2,00-0033857,3.3390000000000004,-2.3390000000000004
2025,2,00-0033858,4.201,0.49900000000000055
2025,2,00-0033869,0.5616,0.4184
2025,2,00-0033873,17.636200000000002,6.4437999999999995
2025,2,00-0033881,2.181,-0.48099999999999987
2025,2,00-0033885,5.4510000000000005,0.5489999999999995
2025,2,00-0033906,16.872000000000003,-1.8720000000000034
2025,2,00-0033908,11.122,1.3780000000000001
2025,2,00-0033923,4.512,-0.6119999999999992
2025,2,00-0034159,1.185,0.015000000000000124
2025,2,00-0034272,1.3970000000000002,-1.3970000000000002
2025,2,00-0034348,7.967,-6.866999999999999
2025,2,00-0034383,4.148,0.25200000000000067
2025,2,00-0034386,3.504,-2.7039999999999997
2025,2,00-0034407,3.0760000000000005,-3.0760000000000005
2025,2,00-0034487,1.0970000000000002,-0.29700000000000015
2025,2,00-0034753,8.971,-8.071
2025,2,00-0034771,0.4632,0.01679999999999998
2025,2,00-0034791,10.595999999999998,3.6040000000000028
2025,2,00-0034796,28.134,-1.8339999999999996
2025,2,00-0034827,7.298,-0.1979999999999995
2025,2,00-0034829,7.666,-4.3660000000000005
2025,2,00-0034837,8.978,-1.7779999999999996
2025,2,00-0034844,15.012,1.3880000000000017
2025,2,00-0034855,20.061799999999998,-0.16179999999999595
2025,2,00-0034857,17.4518,-5.631799999999998
2025,2,00-0034869,15.512,4.288
2025,2,00-0034960,16.934,-7.134
2025,2,00-0034975,5.072,-1.072
2025,2,00-0034983,15.138,5.162000000000001
2025,2,00-0035100,19.4152,4.324800000000003
2025,2,00-0035125,2.249,0.05099999999999971
2025,2,00-0035208,7.222,-4.122
2025,2,00-0035228,21.223799999999997,-5.223799999999997
2025,2,00-0035229,3.629,-1.9289999999999998
2025,2,00-0035243,5.583,3.317
2025,2,00-0035250,1.3350000000000002,-0.8350000000000002
2025,2,00-0035261,11.254,-2.0539999999999985
2025,2,00-0035500,1.5670000000000002,0.03299999999999992
2025,2,00-0035535,5.211,1.8890000000000002
2025,2,00-0035537,3.275,-2.675
2025,2,00-0035567,1.27,-0.87
2025,2,00-0035631,1.7120000000000002,-0.512
2025,2,00-0035640,9.338999999999999,0.16100000000000136
2025,2,00-0035644,4.562,-0.26199999999999957
2025,2,00-0035659,11.472999999999999,-4.172999999999998
2025,2,00-0035662,5.364,0.13600000000000012
2025,2,00-0035676,7.777,-2.577
2025,2,00-0035685,14.436,-1.8360000000000003
2025,2,00-0035689,6.478,-3.5779999999999994
2025,2,00-0035700,15.498000000000001,-1.0980000000000008
2025,2,00-0035710,31.556000000000004,-8.716000000000005
2025,2,00-0035719,7.945,5.955
2025,2,00-0036040,10.665000000000001,2.7349999999999994
2025,2,00-0036139,5.429,-3.0290000000000004
2025,2,00-0036158,13.740999999999998,1.259000000000004
2025,2,00-0036182,3.1650000000000005,-0.36500000000000066
2025,2,00-0036212,12.4276,8.172400000000001
2025,2,00-0036223,17.275,11.225000000000001
2025,2,00-0036232,1.6540000000000001,-1.6540000000000001
2025,2,00-0036252,6.22,-0.21999999999999975
2025,2,00-0036259,12.453000000000001,4.946999999999997
2025,2,00-0036264,25.6506,-4.770600000000002
2025,2,00-0036265,1.737,0.16300000000000003
2025,2,00-0036275,9.969,4.431000000000001
2025,2,00-0036290,2.443,1.4570000000000003
2025,2,00-0036309,7.808,-4.808
2025,2,00-0036322,9.905999999999999,-0.30599999999999916
2025,2,00-0036328,3.4339999999999997,-0.13399999999999945
2025,2,00-0036355,15.7404,5.039600000000002
2025,2,00-0036358,13.588000000000001,2.112
2025,2,00-0036389,15.2502,-3.7102000000000004
2025,2,00-0036407,10.222,-3.121999999999999
2025,2,00-0036410,11.701,1.399000000000001
2025,2,00-0036415,1.8080000000000003,0.19199999999999973
2025,2,00-0036422,5.951,2.5490000000000004
2025,2,00-0036427,1.482,-1.482
2025,2,00-0036442,7.3708,-0.3308
2025,2,00-0036550,4.822,-2.322
2025,2,00-0036554,18.998,-6.298000000000002
2025,2,00-0036555,12.927,3.2730000000000032
2025,2,00-0036613,9.701,5.599
2025,2,00-0036620,1.1520000000000001,0.1479999999999999
2025,2,00-0036626,13.722000000000001,1.3779999999999983
2025,2,00-0036630,4.647,4.853
2025,2,00-0036637,6.011,-5.4110000000000005
2025,2,00-0036754,5.026,5.274000000000001
2025,2,00-0036849,1.1840000000000002,-1.1840000000000002
2025,2,00-0036875,10.530999999999999,6.169000000000004
2025,2,00-0036876,0.97,0.030000000000000027
2025,2,00-0036887,3.749,4.7509999999999994
2025,2,00-0036893,5.917000000000001,-0.11699999999999999
2025,2,00-0036894,6.265000000000001,-1.665000000000001
2025,2,00-0036900,22.478,7.0219999999999985
2025,2,00-0036912,8.047,-0.7469999999999999
2025,2,00-0036919,8.577000000000002,-3.477000000000002
2025,2,00-0036945,7.134600000000001,-1.1546000000000003
2025,2,00-0036963,24.183,10.517000000000003
2025,2,00-0036970,5.885,-0.1849999999999996
2025,2,00-0036971,29.707,-6.467000000000002
2025,2,00-0036972,16.597399999999997,7.162600000000005
2025,2,00-0036973,12.212000000000002,3.6880000000000006
2025,2,00-0036980,4.958,5.241999999999999
2025,2,00-0036988,5.122,0.5780000000000003
2025,2,00-0036997,17.349,4.651000000000003
2025,2,00-0037005,3.3770000000000002,0.12299999999999978
2025,2,00-0037085,2.471,0.7290000000000001
2025,2,00-0037086,2.1580000000000004,-1.0580000000000003
2025,2,00-0037112,4.811,0.2889999999999997
2025,2,00-0037197,6.393999999999999,-2.993999999999999
2025,2,00-0037228,12.279,3.1210000000000004
2025,2,00-0037238,5.251,1.149
2025,2,00-0037239,13.779,-5.379
2025,2,00-0037240,9.496,8.304
2025,2,00-0037247,16.79,-1.4899999999999984
2025,2,00-0037248,17.004,8.996000000000002
2025,2,00-0037256,8.782,4.818
2025,2,00-0037261,2.6250000000000004,-0.9250000000000003
2025,2,00-0037263,9.701,4.799000000000001
2025,2,00-0037267,8.797,-0.8970000000000002
2025,2,00-0037291,8.440999999999999,-3.8409999999999993
2025,2,00-0037304,1.0870000000000002,0.0129999999999999
2025,2,00-0037340,4.293,-4.293
2025,2,00-0037525,7.050999999999999,-2.2509999999999994
2025,2,00-0037545,7.519000000000001,5.680999999999998
2025,2,00-0037614,0.946,-0.44599999999999995
2025,2,00-0037664,7.635,1.165000000000001
2025,2,00-0037666,4.638000000000001,-2.0380000000000007
2025,2,00-0037740,9.818,-2.8179999999999996
2025,2,00-0037741,0.8980000000000001,0.0019999999999998908
2025,2,00-0037744,9.209000000000001,1.5909999999999993
2025,2,00-0037746,4.117,-1.717
2025,2,00-0037801,8.047,5.253
2025,2,00-0037805,3.291,3.709
2025,2,00-0037809,6.172999999999999,-0.6729999999999992
2025,2,00-0037816,10.176,0.12400000000000055
2025,2,00-0037837,6.057,-3.357
2025,2,00-0037840,11.181000000000001,-2.181000000000001
2025,2,00-0038040,3.8590000000000004,-1.5590000000000006
2025,2,00-0038041,15.030000000000001,-2.7300000000000004
2025,2,00-0038104,7.59,5.3100000000000005
2025,2,00-0038117,14.235000000000001,9.965000000000002
2025,2,00-0038120,7.695,-2.8949999999999996
2025,2,00-0038129,5.075,-1.0750000000000002
2025,2,00-0038134,6.905,11.395
2025,2,00-0038393,14.021,-7.621
2025,2,00-0038416,1.8758000000000001,-0.09579999999999989
2025,2,00-0038465,1.908,2.2920000000000003
2025,2,00-0038519,1.37,1.23
2025,2,00-0038542,18.201999999999998,0.09800000000000253
2025,2,00-0038543,11.616,2.684000000000001
2025,2,00-0038544,11.223,3.1769999999999996
2025,2,00-0038547,2.625,-2.625
2025,2,00-0038551,3.781,-2.281
2025,2,00-0038558,1.834,-1.834
2025,2,00-0038559,4.1850000000000005,3.414999999999999
2025,2,00-0038563,11.095,-7.695
2025,2,00-0038597,13.244,-5.744
2025,2,00-0038606,6.873,3.227000000000001
2025,2,00-0038608,2.667,5.433
2025,2,00-0038618,4.106,-0.20599999999999952
2025,2,00-0038619,6.272,-4.572
2025,2,00-0038621,1.054,0.246
2025,2,00-0038643,0.956,-0.956
2025,2,00-0038679,2.8310000000000004,-2.8310000000000004
2025,2,00-0038685,4.326,-0.12599999999999945
2025,2,00-0038824,2.711,5.789
2025,2,00-0038839,2.114,5.686
2025,2,00-0038840,5.409,0.8910000000000009
2025,2,00-0038933,8.699000000000002,-2.9990000000000014
2025,2,00-0038935,6.569,-3.3689999999999998
2025,2,00-0038976,3.565,5.835000000000001
2025,2,00-0038979,8.908,0.2919999999999998
2025,2,00-0038996,10.990000000000002,10.409999999999997
2025,2,00-0038997,10.126,-2.025999999999998
2025,2,00-0039040,16.281000000000002,5.9190000000000005
2025,2,00-0039041,6.061,-0.5609999999999999
2025,2,00-0039050,0.873,-0.873
2025,2,00-0039064,16.236,-4.836
2025,2,00-0039065,3.803,0.2969999999999997
2025,2,00-0039066,1.8350000000000002,0.06499999999999972
2025,2,00-0039074,2.602,4.698
2025,2,00-0039075,13.257,10.343000000000002
2025,2,00-0039139,12.9,4.999999999999998
2025,2,00-0039144,3.072,1.1280000000000001
2025,2,00-0039150,29.5146,-4.194600000000001
2025,2,00-0039163,17.8506,-2.8705999999999996
2025,2,00-0039165,7.285000000000001,-6.285000000000001
2025,2,00-0039337,20.279,12.921000000000003
2025,2,00-0039338,10.321,-4.020999999999999
2025,2,00-0039342,11.950000000000001,-11.65
2025,2,00-0039355,1.496,0.9040000000000004
2025,2,00-0039356,12.529,-3.6289999999999996
2025,2,00-0039361,13.751999999999999,1.3480000000000025
2025,2,00-0039376,19.062,2.6179999999999986
2025,2,00-0039379,0.8240000000000001,0.17599999999999993
2025,2,00-0039384,7.3660000000000005,-0.2660000000000009
2025,2,00-0039407,2.018,0.6820000000000004
2025,2,00-0039424,3.055,3.7449999999999997
2025,2,00-0039530,0.9530000000000001,-0.15300000000000002
2025,2,00-0039732,18.4752,3.764800000000001
2025,2,00-0039738,5.325,5.075
2025,2,00-0039739,2.255,-1.0549999999999997
2025,2,00-0039751,2.9509999999999996,2.2490000000000006
2025,2,00-0039792,6.621,8.979
2025,2,00-0039793,5.95,3.8500000000000005
2025,2,00-0039794,4.866,-3.7659999999999996
2025,2,00-0039798,3.0070000000000006,-1.9070000000000005
2025,2,00-0039847,6.7989999999999995,-1.3989999999999991
2025,2,00-0039849,8.596,-4.896
2025,2,00-0039851,18.787399999999998,7.512600000000006
2025,2,00-0039868,13.93,6.07
2025,2,00-0039875,4.641,-2.2409999999999997
2025,2,00-0039880,4.228,-1.2279999999999993
2025,2,00-0039890,8.036000000000001,-5.036000000000001
2025,2,00-0039893,22.942,-16.042
2025,2,00-0039901,3.9840000000000004,0.11599999999999921
2025,2,00-0039910,19.259800000000002,-1.5598000000000027
2025,2,00-0039912,0.962,0.2380000000000002
2025,2,00-0039915,5.464,1.8360000000000003
2025,2,00-0039916,8.943999999999999,-1.743999999999998
2025,2,00-0039917,11.2696,-5.9696
2025,2,00-0039918,17.680400000000002,1.299599999999998
2025,2,00-0039919,19.650000000000002,8.649999999999999
2025,2,00-0039921,8.85,-2.4499999999999993
2025,2,00-0039923,13.8788,-5.0588
2025,2,00-0040009,1.3810000000000002,1.0190000000000001
2025,2,00-0040078,1.3559999999999999,-1.156
2025,2,00-0040122,9.232000000000001,-3.3320000000000016
2025,2,00-0040124,13.678,-0.6780000000000008
2025,2,00-0040126,1.574,-1.574
2025,2,00-0040128,9.568,0.33200000000000074
2025,2,00-0040129,10.243,0.657
2025,2,00-0040130,1.0790000000000002,2.221
2025,2,00-0040134,3.0460000000000003,-0.24600000000000044
2025,2,00-0040142,0.431,-0.33099999999999996
2025,2,00-0040162,6.270999999999999,3.1290000000000013
2025,2,00-0040164,4.144,-3.444
2025,2,00-0040170,7.218,6.3820000000000014
2025,2,00-0040179,0.9239999999999999,-0.9239999999999999
2025,2,00-0040187,1.0830000000000002,0.3169999999999997
2025,2,00-0040194,1.183,-0.18300000000000005
2025,2,00-0040198,1.1440000000000001,0.6559999999999999
2025,2,00-0040236,6.818000000000001,-2.718000000000001
2025,2,00-0040238,1.322,-0.02200000000000002
2025,2,00-0040242,3.1350000000000002,-1.435
2025,2,00-0040581,7.082000000000001,-4.582000000000001
2025,2,00-0040582,3.3400000000000003,-3.04
2025,2,00-0040583,2.4830000000000005,3.117
2025,2,00-0040584,1.592,0.30799999999999983
2025,2,00-0040644,0.768,-0.06800000000000006
2025,2,00-0040648,6.668,3.531999999999999
2025,2,00-0040663,5.845000000000001,1.455
2025,2,00-0040666,14.552,-11.552
2025,2,00-0040667,6.9830000000000005,-5.4830000000000005
2025,2,00-0040669,1.143,2.2570000000000006
2025,2,00-0040676,15.3774,-3.577399999999999
2025,2,00-0040691,0.7010000000000001,-1.0010000000000001
2025,2,00-0040704,1.7768,2.9832
2025,2,00-0040705,8.209,-6.409
2025,2,00-0040715,12.372,0.5280000000000005
2025,2,00-0040718,8.496,-4.796
2025,2,00-0040719,7.282000000000001,7.117999999999999
2025,2,00-0040727,3.976,0.4240000000000004
2025,2,00-0040730,4.737000000000001,-1.8370000000000006
2025,2,00-0040734,3.567,1.4329999999999998
2025,2,00-0040735,2.638,-1.638
2025,2,00-0040736,2.116,-1.116
2025,2,00-0040739,3.4290000000000003,0.6709999999999994
2025,2,00-0040782,3.5919999999999996,-1.5919999999999996
2025,2,00-0040784,7.682,0.918000000000001
2025,3,00-0023459,10.4498,3.2102000000000004
2025,3,00-0026158,13.582799999999999,-7.902799999999999
2025,3,00-0026498,16.4004,-0.5604000000000013
2025,3,00-0027973,-0.1,0
2025,3,00-0028118,21.448000000000004,-0.7680000000000042
2025,3,00-0029263,21.792,-12.692
2025,3,00-0029604,1.7116,-0.5516000000000001
2025,3,00-0029892,3.056,3.5439999999999996
2025,3,00-0030035,5.206,-5.206
2025,3,00-0030061,4.153999999999999,1.1460000000000017
2025,3,00-0030279,17.833,-1.8329999999999984
2025,3,00-0030506,8.337000000000002,-3.737000000000002
2025,3,00-0030564,2.768,-0.9679999999999997
2025,3,00-0030565,13.556600000000001,10.503400000000001
2025,3,00-0031236,5.2620000000000005,-1.362
2025,3,00-0031381,14.802,-1.7019999999999982
2025,3,00-0031408,13.093,-1.7929999999999993
2025,3,00-0031484,0.9200000000000002,0.28
2025,3,00-0031588,2.8150000000000004,0.9849999999999999
2025,3,00-0032211,4.893000000000001,0.8069999999999995
2025,3,00-0032268,20.1094,2.1706000000000003
2025,3,00-0032385,7.9190000000000005,2.0809999999999995
2025,3,00-0032392,3.936,-0.13599999999999968
2025,3,00-0032398,2.529,0.9710000000000001
2025,3,00-0032464,2.056,-1.1560000000000001
2025,3,00-0032764,15.071200000000001,-2.8712000000000018
2025,3,00-0032950,16.805600000000002,-1.4856000000000016
2025,3,00-0033040,15.763000000000002,-2.3630000000000013
2025,3,00-0033077,21.567999999999998,-7.527999999999997
2025,3,00-0033090,17.166,7.834
2025,3,00-0033106,15.561000000000002,-2.881000000000002
2025,3,00-0033110,3.574,-3.574
2025,3,00-0033246,1.002,0.19800000000000018
2025,3,00-0033280,32.394000000000005,-13.394000000000005
2025,3,00-0033307,6.799,-0.9989999999999997
2025,3,00-0033375,0.9650000000000001,1.135
2025,3,00-0033526,2.307,-0.20699999999999985
2025,3,00-0033553,8.855,-3.6550000000000002
2025,3,00-0033555,4.667000000000001,0.032999999999999474
2025,3,00-0033576,2.035,-0.33499999999999996
2025,3,00-0033589,1.042,-0.04200000000000004
2025,3,00-0033857,5.388,2.112
2025,3,00-0033858,3.74,0.06000000000000005
2025,3,00-0033873,18.8928,-5.732800000000001
2025,3,00-0033885,7.191,-0.6909999999999998
2025,3,00-0033891,4.3020000000000005,-0.8020000000000005
2025,3,00-0033906,9.786999999999999,-3.6869999999999985
2025,3,00-0033908,4.388,-0.28800000000000026
2025,3,00-0033923,8.879999999999999,2.0200000000000014
2025,3,00-0033955,2.117,11.683
2025,3,00-0034270,1.9609999999999999,-1.9609999999999999
2025,3,00-0034272,1.242,0.15799999999999992
2025,3,00-0034348,11.895999999999999,8.904000000000002
2025,3,00-0034351,3.219,6.581000000000001
2025,3,00-0034383,7.898000000000001,-1.4980000000000002
2025,3,00-0034407,6.032000000000001,-3.032000000000001
2025,3,00-0034521,6.7170000000000005,1.5830000000000002
2025,3,00-0034753,9.833000000000002,14.267
2025,3,00-0034775,9.835,-5.835000000000001
2025,3,00-0034791,8.097,-2.5969999999999986
2025,3,00-0034796,20.121800000000004,6.898199999999996
2025,3,00-0034827,10.767,0.03300000000000125
2025,3,00-0034829,3.3310000000000004,-2.2310000000000003
2025,3,00-0034837,8.374,-5.174
2025,3,00-0034844,17.59,-10.09
2025,3,00-0034855,16.3934,1.3265999999999991
2025,3,00-0034857,16.113200000000003,6.906799999999997
2025,3,00-0034869,12.270800000000001,4.449199999999998
2025,3,00-0034960,5.507000000000001,2.293
2025,3,00-0034975,4.995,1.005
2025,3,00-0034983,4.907,-3.307
2025,3,00-0035100,9.0774,0.8226000000000013
2025,3,00-0035208,6.226,-1.1259999999999994
2025,3,00-0035228,20.2198,-6.159800000000001
2025,3,00-0035229,11.128,2.2720000000000002
2025,3,00-0035243,9.096,-2.2959999999999994
2025,3,00-0035249,1.7200000000000002,5.98
2025,3,00-0035250,2.179,-1.0789999999999997
2025,3,00-0035261,15.937,-3.036999999999999
2025,3,00-0035359,3.225,-1.8250000000000002
2025,3,00-0035500,3.027,-1.227
2025,3,00-0035535,4.721,0.2789999999999999
2025,3,00-0035537,3.7610000000000006,-1.1610000000000005
2025,3,00-0035631,4.297000000000001,4.702999999999999
2025,3,00-0035640,6.02,4.68
2025,3,00-0035644,4.656,0.44399999999999995
2025,3,00-0035659,5.454,3.4460000000000006
2025,3,00-0035662,8.376999999999999,-2.1769999999999987
2025,3,00-0035676,15.794999999999998,4.105
2025,3,00-0035685,9.429,19.471000000000004
2025,3,00-0035700,19.483999999999998,-9.583999999999998
2025,3,00-0035704,0.9660000000000001,-0.4660000000000001
2025,3,00-0035710,14.670600000000002,1.1493999999999982
2025,3,00-0035719,5.2749999999999995,-1.3749999999999996
2025,3,00-0036040,8.052,0.04800000000000182
2025,3,00-0036139,10.235999999999999,0.06400000000000183
2025,3,00-0036158,7.458,7.3420000000000005
2025,3,00-0036212,15.842200000000002,-1.2822000000000013
2025,3,00-0036223,22.407,8.893000000000004
2025,3,00-0036252,8.281,8.019
2025,3,00-0036264,10.871400000000003,2.248599999999998
2025,3,00-0036275,11.048,-1.7479999999999993
2025,3,00-0036290,3.298,4.202
2025,3,00-0036309,13.761000000000001,-7.361000000000001
2025,3,00-0036322,9.142000000000001,0.8579999999999988
2025,3,00-0036328,2.9730000000000003,-0.17300000000000004
2025,3,00-0036355,29.187,-12.587
2025,3,00-0036389,26.685000000000002,4.354999999999997
2025,3,00-0036407,5.797000000000001,-3.5970000000000004
2025,3,00-0036410,2.801,-0.8010000000000002
2025,3,00-0036414,3.138,-1.2379999999999998
2025,3,00-0036415,0.869,0.43100000000000005
2025,3,00-0036427,3.4930000000000003,0.7069999999999999
2025,3,00-0036429,0.8500000000000001,-0.8500000000000001
2025,3,00-0036550,11.737000000000002,3.062999999999999
2025,3,00-0036554,14.071,6.328999999999999
2025,3,00-0036555,15.131,-6.530999999999999
2025,3,00-0036613,8.004000000000001,4.395999999999999
2025,3,00-0036626,5.088,-3.388
2025,3,00-0036630,3.0130000000000003,-3.0130000000000003
2025,3,00-0036637,5.766,-2.566
2025,3,00-0036741,4.595,4.505
2025,3,00-0036849,0.982,-0.982
2025,3,00-0036875,7.283,-0.18300000000000072
2025,3,00-0036893,2.5240000000000005,0.2759999999999998
2025,3,00-0036894,3.0110000000000006,-1.9110000000000005
2025,3,00-0036900,6.791,1.609
2025,3,00-0036912,12.401,3.599
2025,3,00-0036919,7.1049999999999995,1.995
2025,3,00-0036963,13.456,3.7439999999999998
2025,3,00-0036970,6.495,-0.5949999999999998
2025,3,00-0036971,16.7256,-6.945599999999999
2025,3,00-0036972,18.3768,-3.1167999999999996
2025,3,00-0036973,9.497000000000002,2.1029999999999998
2025,3,00-0036980,4.28,0.8199999999999994
2025,3,00-0036988,1.153,-0.15300000000000002
2025,3,00-0036997,11.973,-0.2729999999999997
2025,3,00-0037004,2.934,-0.734
2025,3,00-0037005,2.931,-0.33099999999999996
2025,3,00-0037093,1.4530000000000003,0.2469999999999999
2025,3,00-0037112,3.4330000000000003,-0.3330000000000002
2025,3,00-0037120,0.722,-0.12199999999999989
2025,3,00-0037197,6.757000000000001,-1.4570000000000007
2025,3,00-0037228,20.991,-10.390999999999998
2025,3,00-0037231,1.2040000000000002,-1.2040000000000002
2025,3,00-0037238,10.675,-2.6750000000000007
2025,3,00-0037239,15.677,-4.977
2025,3,00-0037240,4.533,0.7669999999999995
2025,3,00-0037247,16.311,-1.0109999999999992
2025,3,00-0037248,14.825,4.475000000000001
2025,3,00-0037256,3.8310000000000004,-1.9310000000000003
2025,3,00-0037261,4.531000000000001,7.968999999999999
2025,3,00-0037263,2.402,-1.5020000000000002
2025,3,00-0037267,3.8430000000000004,-0.8430000000000004
2025,3,00-0037291,7.9479999999999995,-2.7479999999999993
2025,3,00-0037306,4.931,3.2689999999999992
2025,3,00-0037348,1.76,0.040000000000000036
2025,3,00-0037525,12.376000000000001,11.224
2025,3,00-0037539,2.3930000000000002,-0.9930000000000003
2025,3,00-0037545,7.209,-1.0089999999999995
2025,3,00-0037594,2.0170000000000003,0.5829999999999997
2025,3,00-0037614,1.019,0.28100000000000014
2025,3,00-0037654,1.617,-1.617
2025,3,00-0037664,9.732999999999999,-1.0329999999999995
2025,3,00-0037666,9.838000000000001,-5.938000000000001
2025,3,00-0037740,14.137,5.262999999999998
2025,3,00-0037741,3.205,-2.005
2025,3,00-0037744,12.945,-0.14499999999999957
2025,3,00-0037746,1.498,0.7020000000000002
2025,3,00-0037801,6.251000000000001,1.5489999999999995
2025,3,00-0037809,7.0280000000000005,2.072000000000001
2025,3,00-0037816,2.019,1.4809999999999999
2025,3,00-0037837,7.848,3.0520000000000005
2025,3,00-0037840,15.257000000000003,2.9429999999999996
2025,3,00-0038040,4.742,-1.9419999999999997
2025,3,00-0038041,17.274,-2.574
2025,3,00-0038046,4.835999999999999,-1.6359999999999992
2025,3,00-0038090,1.2970000000000002,0.20299999999999985
2025,3,00-0038104,17.189999999999998,-1.5899999999999963
2025,3,00-0038115,0.7370000000000001,0.363
2025,3,00-0038117,5.654,-2.554
2025,3,00-0038120,13.23,-6.030000000000001
2025,3,00-0038134,14.949,2.551
2025,3,00-0038393,4.591,-1.491
2025,3,00-0038440,5.559000000000001,-0.05900000000000105
2025,3,00-0038519,0.8010000000000002,0.29899999999999993
2025,3,00-0038542,12.296,1.3040000000000003
2025,3,00-0038543,11.563,6.537000000000001
2025,3,00-0038544,15.811,-3.9109999999999996
2025,3,00-0038547,1.141,-0.14100000000000001
2025,3,00-0038551,5.06,-0.4599999999999991
2025,3,00-0038559,2.387,-1.387
2025,3,00-0038563,14.601999999999999,22.298000000000002
2025,3,00-0038573,0.6910000000000001,-0.49100000000000005
2025,3,00-0038597,12.245000000000001,-8.245000000000001
2025,3,00-0038606,16.085,-10.685
2025,3,00-0038608,5.962,-2.1619999999999995
2025,3,00-0038609,3.304,-3.304
2025,3,00-0038611,7.3740000000000006,-3.474
2025,3,00-0038618,2.9979999999999998,0.10200000000000031
2025,3,00-0038621,5.649,-3.949
2025,3,00-0038679,2.468,0.9320000000000004
2025,3,00-0038705,3.156,-3.156
2025,3,00-0038720,0.885,0.015000000000000013
2025,3,00-0038797,3.117,-0.617
2025,3,00-0038824,1.607,-1.607
2025,3,00-0038839,0.883,-0.883
2025,3,00-0038840,1.9520000000000002,0.5479999999999998
2025,3,00-0038933,9.6,5.500000000000002
2025,3,00-0038935,8.418999999999999,0.6810000000000027
2025,3,00-0038976,6.2669999999999995,-5.366999999999999
2025,3,00-0038979,3.3110000000000004,0.7889999999999993
2025,3,00-0038996,3.928,0.4720000000000004
2025,3,00-0038997,4.287,0.11300000000000043
2025,3,00-0039040,16.044,-4.144000000000002
2025,3,00-0039041,1.1380000000000001,0.062000000000000055
2025,3,00-0039064,3.25,-0.9500000000000002
2025,3,00-0039065,5.753,-0.4529999999999994
2025,3,00-0039066,0.605,-0.605
2025,3,00-0039074,0.972,-0.17199999999999993
2025,3,00-0039075,18.217,-0.916999999999998
2025,3,00-0039139,24.753,-0.35300000000000153
2025,3,00-0039150,18.1352,-6.4952000000000005
2025,3,00-0039163,16.483999999999998,-2.1239999999999988
2025,3,00-0039164,0.0049999999999999906,-0.105
2025,3,00-0039299,7.244000000000001,-2.0440000000000005
2025,3,00-0039337,10.389,-8.088999999999999
2025,3,00-0039338,6.228,-0.42799999999999905
2025,3,00-0039355,3.61,9.490000000000002
2025,3,00-0039356,2.423,-0.32299999999999995
2025,3,00-0039361,17.768,-5.8679999999999986
2025,3,00-0039376,16.4082,-2.6882
2025,3,00-0039379,3.008,-1.3079999999999998
2025,3,00-0039384,6.472,-1.8719999999999999
2025,3,00-0039398,4.1292,-2.4892
2025,3,00-0039407,2.224,-2.024
2025,3,00-0039410,3.462,-0.3620000000000001
2025,3,00-0039631,0.966,0.13400000000000012
2025,3,00-0039732,18.4298,-5.0097999999999985
2025,3,00-0039737,3.2760000000000002,-1.4760000000000002
2025,3,00-0039738,3.6950000000000003,1.6050000000000004
2025,3,00-0039751,4.572,-2.1719999999999997
2025,3,00-0039792,2.252,1.6480000000000006
2025,3,00-0039793,2.0290000000000004,0.7709999999999999
2025,3,00-0039794,5.423,0.27700000000000014
2025,3,00-0039847,2.863,-1.363
2025,3,00-0039849,7.9350000000000005,-2.035
2025,3,00-0039851,22.240399999999998,0.9796000000000014
2025,3,00-0039868,5.574,-3.774
2025,3,00-0039875,1.4360000000000002,-1.4360000000000002
2025,3,00-0039880,7.715,-3.0149999999999997
2025,3,00-0039890,1.9560000000000004,-1.9560000000000004
2025,3,00-0039893,7.649,-1.149
2025,3,00-0039901,5.721,-2.221
2025,3,00-0039915,9.262,-3.162
2025,3,00-0039916,16.272,-0.5719999999999974
2025,3,00-0039917,15.0938,-7.3138
2025,3,00-0039918,19.857599999999998,9.262400000000003
2025,3,00-0039919,10.908999999999999,2.7910000000000004
2025,3,00-0039921,10.673,-4.0729999999999995
2025,3,00-0040009,1.5390000000000001,-1.6390000000000002
2025,3,00-0040067,2.2170000000000005,-0.21700000000000053
2025,3,00-0040078,2.29,-0.99
2025,3,00-0040122,7.866,-1.565999999999999
2025,3,00-0040124,13.362,-7.061999999999999
2025,3,00-0040126,5.642,-2.0420000000000003
2025,3,00-0040128,5.414000000000001,-0.11399999999999988
2025,3,00-0040129,10.155000000000001,1.3449999999999989
2025,3,00-0040130,1.008,-0.008000000000000007
2025,3,00-0040131,1.175,0.125
2025,3,00-0040138,0.935,-0.03500000000000003
2025,3,00-0040154,1.252,0.1479999999999999
2025,3,00-0040162,0.6720000000000002,-0.47200000000000014
2025,3,00-0040164,3.805,-3.5050000000000003
2025,3,00-0040170,8.818999999999999,2.9810000000000016
2025,3,00-0040179,0.393,-0.09299999999999997
2025,3,00-0040187,1.3840000000000001,0.015999999999999792
2025,3,00-0040189,12.958,-5.858
2025,3,00-0040194,3.801,3.199
2025,3,00-0040198,8.044,1.7560000000000002
2025,3,00-0040208,2.5540000000000003,-0.8540000000000001
2025,3,00-0040236,4.198,-1.6980000000000004
2025,3,00-0040237,2.1660000000000004,-2.1660000000000004
2025,3,00-0040238,0.7230000000000001,0.6769999999999998
2025,3,00-0040242,11.584,-1.984
2025,3,00-0040494,1.5559999999999998,-0.3959999999999999
2025,3,00-0040547,3.86,0.7400000000000007
2025,3,00-0040581,5.1579999999999995,-1.2579999999999991
2025,3,00-0040582,1.8970000000000002,-0.6970000000000003
2025,3,00-0040583,5.049,-0.9489999999999998
2025,3,00-0040584,3.0180000000000002,1.182
2025,3,00-0040648,6.63,4.069999999999999
2025,3,00-0040663,3.106,0.8940000000000001
2025,3,00-0040666,18.927,2.972999999999999
2025,3,00-0040667,5.814,2.2859999999999996
2025,3,00-0040669,2.7830000000000004,-2.7830000000000004
2025,3,00-0040673,0.685,-0.385
2025,3,00-0040676,17.816200000000002,-3.856200000000001
2025,3,00-0040691,0.7030000000000001,-0.403
2025,3,00-0040705,8.081,-6.0809999999999995
2025,3,00-0040715,13.122000000000002,7.978
2025,3,00-0040718,2.5250000000000004,0.07499999999999973
2025,3,00-0040719,6.856999999999999,1.2430000000000003
2025,3,00-0040727,1.276,-1.276
2025,3,00-0040729,1.009,0.4910000000000001
2025,3,00-0040730,4.272,-1.1720000000000002
2025,3,00-0040734,8.906,-2.7059999999999995
2025,3,00-0040735,6.906000000000001,11.394
2025,3,00-0040736,5.532000000000001,-1.732000000000001
2025,3,00-0040739,1.124,-1.124
2025,3,00-0040743,0.7804,-0.7804
2025,3,00-0040782,5.516,-2.916
2025,3,00-0040784,13.715000000000002,2.2849999999999984
2025,4,00-0023459,10.5302,2.2698
2025,4,00-0026158,21.910600000000002,-14.6506
2025,4,00-0026498,17.031800000000004,10.368199999999995
2025,4,00-0027973,4.2256,2.0944000000000003
2025,4,00-0029263,0.2488,0.07120000000000001
2025,4,00-0029892,3.585,1.1150000000000002
2025,4,00-0030035,2.005,0.0950000000000002
2025,4,00-0030061,4.965,-1.8649999999999998
2025,4,00-0030279,6.5600000000000005,-0.3600000000000003
2025,4,00-0030506,5.305000000000001,1.995
2025,4,00-0030564,1.2770000000000001,-1.2770000000000001
2025,4,00-0030565,12.0522,3.7278000000000002
2025,4,00-0031236,5.790000000000001,-2.0900000000000007
2025,4,00-0031381,8.678,4.922000000000001
2025,4,00-0031588,11.826999999999998,1.2730000000000032
2025,4,00-0031610,9.803,6.3969999999999985
2025,4,00-0031687,3.3130000000000006,4.487
2025,4,00-0032211,3.435,-3.435
2025,4,00-0032268,14.731000000000002,1.5090000000000003
2025,4,00-0032385,4.862,-1.862
2025,4,00-0032392,0.948,1.9520000000000004
2025,4,00-0032398,4.505000000000001,-3.605000000000001
2025,4,00-0032464,4.867,-2.567
2025,4,00-0032764,7.328,-0.5279999999999996
2025,4,00-0032775,3.364,-0.8639999999999999
2025,4,00-0032950,21.8922,1.3078000000000003
2025,4,00-0033040,6.759,2.940999999999999
2025,4,00-0033077,24.503,6.456999999999997
2025,4,00-0033090,4.393,6.507000000000001
2025,4,00-0033106,15.492799999999999,-0.7728000000000002
2025,4,00-0033110,6.494000000000001,-2.9940000000000007
2025,4,00-0033246,1.5100000000000002,-1.5100000000000002
2025,4,00-0033280,24.653999999999996,-3.553999999999995
2025,4,00-0033282,2.611,-1.2110000000000003
2025,4,00-0033307,4.605,-2.4050000000000002
2025,4,00-0033375,0.942,-0.5419999999999999
2025,4,00-0033526,1.495,-1.0950000000000002
2025,4,00-0033555,3.601,3.2990000000000004
2025,4,00-0033589,0.7000000000000001,0.5000000000000001
2025,4,00-0033662,3.192,-1.112
2025,4,00-0033857,11.768,-0.16800000000000104
2025,4,00-0033858,2.854,-1.254
2025,4,00-0033873,31.106999999999996,-3.806999999999995
2025,4,00-0033881,10.165,-5.264999999999999
2025,4,00-0033885,3.1340000000000003,-1.0340000000000003
2025,4,00-0033906,12.129,-2.9290000000000003
2025,4,00-0033908,5.6450000000000005,-1.0450000000000008
2025,4,00-0033921,14.003000000000002,-9.903000000000002
2025,4,00-0033923,7.385,-2.1849999999999996
2025,4,00-0033943,2.404,-2.404
2025,4,00-0033949,0.34319999999999995,-0.5431999999999999
2025,4,00-0033955,3.4830000000000005,-2.6830000000000007
2025,4,00-0034270,0.8999999999999999,-0.09999999999999987
2025,4,00-0034348,8.108,8.492
2025,4,00-0034351,10.189,7.510999999999999
2025,4,00-0034383,8.892,-3.3919999999999995
2025,4,00-0034407,1.845,-2.045
2025,4,00-0034521,0.96,0.3400000000000001
2025,4,00-0034577,-0.2,0
2025,4,00-0034753,8.287,-1.7870000000000008
2025,4,00-0034775,4.406,-0.9059999999999997
2025,4,00-0034791,8.736,-1.5360000000000005
2025,4,00-0034796,13.683200000000001,0.9967999999999986
2025,4,00-0034827,5.85,-0.049999999999998934
2025,4,00-0034829,1.0310000000000001,0.2689999999999999
2025,4,00-0034837,3.621,0.379
2025,4,00-0034844,14.402999999999999,0.9970000000000017
2025,4,00-0034855,16.519999999999996,4.340000000000007
2025,4,00-0034857,13.900199999999998,12.959800000000001
2025,4,00-0034869,15.606200000000001,0.4737999999999971
2025,4,00-0034960,9.023000000000001,-4.0230000000000015
2025,4,00-0034975,8.788,17.412000000000003
2025,4,00-0034983,1.77,0.22999999999999998
2025,4,00-0035021,3.041,-0.7409999999999997
2025,4,00-0035100,10.603399999999999,-5.2033999999999985
2025,4,00-0035208,6.682,-0.08199999999999985
2025,4,00-0035228,20.1704,-0.07039999999999935
2025,4,00-0035229,5.59,0.3100000000000005
2025,4,00-0035243,3.242,0.258
2025,4,00-0035249,0.9990000000000001,-0.9990000000000001
2025,4,00-0035250,3.462,-0.6619999999999999
2025,4,00-0035261,9.191,-0.0909999999999993
2025,4,00-0035289,-0.2,-0.10000000000000003
2025,4,00-0035298,1.614,-1.614
2025,4,00-0035500,5.877000000000001,0.022999999999999687
2025,4,00-0035535,5.282000000000001,0.6179999999999994
2025,4,00-0035537,0.282,-0.282
2025,4,00-0035640,6.3870000000000005,14.713000000000001
2025,4,00-0035662,8.499,2.801
2025,4,00-0035676,12.191,-10.491
2025,4,00-0035685,8.682,-7.482
2025,4,00-0035689,1.5990000000000002,-1.5990000000000002
2025,4,00-0035700,24.672,5.028000000000002
2025,4,00-0035710,14.8836,-0.5035999999999987
2025,4,00-0035719,10.665,6.435000000000002
2025,4,00-0036040,3.0190000000000006,1.2810000000000001
2025,4,00-0036139,5.640999999999999,-2.140999999999999
2025,4,00-0036158,9.193000000000001,1.8070000000000004
2025,4,00-0036182,0.913,-0.31300000000000006
2025,4,00-0036212,15.714,-0.034000000000000696
2025,4,00-0036223,14.931000000000001,-2.8309999999999995
2025,4,00-0036244,2.109,0.5910000000000002
2025,4,00-0036252,16.810000000000002,-4.210000000000001
2025,4,00-0036259,7.532,-4.132
2025,4,00-0036264,24.025199999999998,4.254800000000003
2025,4,00-0036265,1.597,0.1030000000000002
2025,4,00-0036275,17.301,-3.3009999999999984
2025,4,00-0036290,14.39,-8.29
2025,4,00-0036309,1.42,0.5800000000000001
2025,4,00-0036313,0.5720000000000001,-3.9720000000000004
2025,4,00-0036322,13.729000000000001,3.8710000000000004
2025,4,00-0036328,7.522,1.177999999999999
2025,4,00-0036355,13.130600000000001,1.3894000000000002
2025,4,00-0036389,18.489400000000003,0.9105999999999952
2025,4,00-0036407,11.669,-5.369
2025,4,00-0036410,9.435,-4.735
2025,4,00-0036415,0.866,0.2340000000000001
2025,4,00-0036422,3.321,0.879
2025,4,00-0036550,2.636,0.26400000000000023
2025,4,00-0036554,7.276,2.6240000000000006
2025,4,00-0036555,7.348,1.0520000000000005
2025,4,00-0036613,8.584,-2.283999999999999
2025,4,00-0036630,2.4250000000000003,-0.5250000000000001
2025,4,00-0036637,1.0250000000000001,-0.42500000000000016
2025,4,00-0036727,0.5760000000000001,-0.17600000000000005
2025,4,00-0036741,0.992,0.20800000000000018
2025,4,00-0036849,2.523,12.777000000000001
2025,4,00-0036862,2.899,-2.899
2025,4,00-0036875,6.135,-1.5349999999999993
2025,4,00-0036887,2.039,0.9609999999999999
2025,4,00-0036900,8.553,-3.753
2025,4,00-0036912,2.738,1.1620000000000004
2025,4,00-0036919,23.174000000000003,5.2259999999999955
2025,4,00-0036924,0.45999999999999996,-0.36
2025,4,00-0036945,13.8508,12.8492
2025,4,00-0036963,12.487,10.013
2025,4,00-0036970,6.801,8.699
2025,4,00-0036971,15.1694,-3.5093999999999994
2025,4,00-0036973,11.577000000000002,7.422999999999998
2025,4,00-0036980,0.687,-0.687
2025,4,00-0036988,3.855,-0.355
2025,4,00-0036997,21.109,-3.6090000000000018
2025,4,00-0037004,7.428,2.3720000000000008
2025,4,00-0037005,10.983,1.7169999999999987
2025,4,00-0037085,1.775,-0.17499999999999982
2025,4,00-0037086,2.1330000000000005,-0.03300000000000036
2025,4,00-0037112,6.926000000000001,6.374
2025,4,00-0037120,1.124,-0.6240000000000001
2025,4,00-0037197,8.296,3.5040000000000013
2025,4,00-0037238,15.879000000000001,5.120999999999999
2025,4,00-0037239,10.1614,-0.6614000000000004
2025,4,00-0037240,13.847999999999999,-9.148
2025,4,00-0037247,18.793,10.607
2025,4,00-0037248,18.528000000000002,2.4720000000000013
2025,4,00-0037256,7.970999999999999,-1.3709999999999987
2025,4,00-0037261,5.461,9.939
2025,4,00-0037263,10.711000000000002,0.38899999999999935
2025,4,00-0037267,2.31,-1.51
2025,4,00-0037282,2.1580000000000004,0.5419999999999998
2025,4,00-0037291,10.765999999999998,-4.065999999999998
2025,4,00-0037304,0.23399999999999999,-0.033999999999999975
2025,4,00-0037524,1.3800000000000001,0.52
2025,4,00-0037525,13.358,-4.658000000000001
2025,4,00-0037545,9.557,-2.357
2025,4,00-0037594,1.77,-1.77
2025,4,00-0037614,1.9140000000000001,0.08599999999999985
2025,4,00-0037654,0.8740000000000001,-0.8740000000000001
2025,4,00-0037666,8.917,-0.8169999999999984
2025,4,00-0037740,10.141,7.059000000000003
2025,4,00-0037744,13.691,-4.991000000000001
2025,4,00-0037746,2.446,-0.3460000000000001
2025,4,00-0037801,5.604,-0.7039999999999997
2025,4,00-0037805,0.926,0.7740000000000001
2025,4,00-0037809,2.832,-1.932
2025,4,00-0037816,18.02,8.780000000000001
2025,4,00-0037834,19.9542,0.9058000000000028
2025,4,00-0037837,1.9780000000000002,0.3219999999999996
2025,4,00-0037840,10.262,0.6379999999999981
2025,4,00-0038041,9.556000000000001,3.943999999999999
2025,4,00-0038090,1.149,-1.149
2025,4,00-0038104,6.51,1.0899999999999999
2025,4,00-0038115,1.399,0.401
2025,4,00-0038117,7.5169999999999995,-4.616999999999999
2025,4,00-0038120,13.094,0.5060000000000002
2025,4,00-0038129,4.031,-1.6309999999999998
2025,4,00-0038134,12.517000000000001,-1.0170000000000012
2025,4,00-0038393,5.275,-2.375
2025,4,00-0038440,10.019,3.3810000000000002
2025,4,00-0038465,0.771,0.6289999999999999
2025,4,00-0038542,16.254,9.846
2025,4,00-0038543,9.036999999999999,1.963000000000001
2025,4,00-0038544,14.990000000000002,4.809999999999999
2025,4,00-0038547,2.291,-0.4909999999999999
2025,4,00-0038551,5.0680000000000005,7.4319999999999995
2025,4,00-0038558,3.556,-0.05600000000000005
2025,4,00-0038559,6.959000000000001,-3.9590000000000014
2025,4,00-0038563,3.573,-0.3729999999999998
2025,4,00-0038597,7.641,0.9589999999999996
2025,4,00-0038606,3.704,-3.8040000000000003
2025,4,00-0038608,4.897,-2.5970000000000004
2025,4,00-0038611,3.442,2.458
2025,4,00-0038614,0.919,-0.31900000000000006
2025,4,00-0038618,2.995,-0.29499999999999993
2025,4,00-0038619,2.1270000000000002,1.073
2025,4,00-0038685,1.0859999999999999,-0.4859999999999999
2025,4,00-0038705,4.416,4.683999999999999
2025,4,00-0038710,1.8920000000000001,-1.8920000000000001
2025,4,00-0038720,2.1239999999999997,0.2760000000000007
2025,4,00-0038738,1.403,-0.8029999999999999
2025,4,00-0038752,1.62,0.5800000000000001
2025,4,00-0038783,3.142,-1.642
2025,4,00-0038797,7.791,1.809000000000001
2025,4,00-0038839,2.5180000000000002,-1.1180000000000003
2025,4,00-0038840,4.539,0.5609999999999999
2025,4,00-0038896,0.837,0.2630000000000001
2025,4,00-0038933,3.475,5.825000000000001
2025,4,00-0038935,7.820000000000001,-0.3200000000000012
2025,4,00-0038976,7.643,9.857
2025,4,00-0038979,2.9110000000000005,-1.8110000000000004
2025,4,00-0038994,9.447999999999999,3.9520000000000017
2025,4,00-0038996,6.098000000000001,2.0020000000000007
2025,4,00-0038997,4.929,-0.5289999999999999
2025,4,00-0039040,14.563000000000002,2.0369999999999955
2025,4,00-0039064,9.059999999999999,1.8400000000000016
2025,4,00-0039065,5.107,0.29300000000000015
2025,4,00-0039074,1.131,-0.631
2025,4,00-0039075,20.541,8.959
2025,4,00-0039139,11.836000000000002,4.864000000000001
2025,4,00-0039144,1.2800000000000002,-0.18000000000000016
2025,4,00-0039150,10.936200000000001,-0.6362000000000005
2025,4,00-0039163,13.791,4.629000000000001
2025,4,00-0039165,14.950000000000001,-3.5500000000000007
2025,4,00-0039337,3.8500000000000005,-0.8500000000000005
2025,4,00-0039338,7.926,-0.8259999999999996
2025,4,00-0039355,6.239000000000001,2.860999999999999
2025,4,00-0039361,12.279,12.721
2025,4,00-0039376,19.171799999999998,-5.231799999999998
2025,4,00-0039394,5.704000000000001,-3.3040000000000003
2025,4,00-0039410,2.9280000000000004,0.6720000000000002
2025,4,00-0039521,2.17,-2.17
2025,4,00-0039732,25.166400000000003,2.5735999999999954
2025,4,00-0039738,8.497,-5.897
2025,4,00-0039746,1.112,-1.112
2025,4,00-0039751,1.118,0.08200000000000007
2025,4,00-0039793,6.2620000000000005,4.437999999999999
2025,4,00-0039794,2.191,0.40900000000000025
2025,4,00-0039798,4.505,-0.8049999999999997
2025,4,00-0039847,8.43,0.7699999999999996
2025,4,00-0039849,12.872,2.7280000000000015
2025,4,00-0039851,17.7698,5.450200000000002
2025,4,00-0039868,15.121,-7.621
2025,4,00-0039875,0.532,-0.23199999999999998
2025,4,00-0039880,4.926,-1.826
2025,4,00-0039890,6.404999999999999,4.695000000000002
2025,4,00-0039893,9.651,-1.5509999999999984
2025,4,00-0039894,14.424,0.17600000000000193
2025,4,00-0039901,5.861,0.13900000000000023
2025,4,00-0039915,6.303,-4.702999999999999
2025,4,00-0039916,6.492,0.10800000000000054
2025,4,00-0039917,13.774400000000002,6.945599999999997
2025,4,00-0039918,24.051,-10.270999999999997
2025,4,00-0039919,13.402999999999999,1.4970000000000017
2025,4,00-0039921,8.969999999999999,-1.0699999999999985
2025,4,00-0040009,3.9000000000000004,-0.10000000000000009
2025,4,00-0040078,7.284000000000001,-2.184000000000001
2025,4,00-0040122,16.733,17.767
2025,4,00-0040124,10.192000000000002,-1.9920000000000027
2025,4,00-0040128,12.723999999999998,3.0760000000000023
2025,4,00-0040129,14.081,4.019000000000002
2025,4,00-0040130,2.671,6.229000000000001
2025,4,00-0040131,0.6839999999999999,-0.8839999999999999
2025,4,00-0040134,3.332,-3.332
2025,4,00-0040138,1.4990000000000003,-0.9990000000000003
2025,4,00-0040142,4.619,-2.4189999999999996
2025,4,00-0040162,1.4220000000000002,-1.622
2025,4,00-0040164,4.724,-1.9240000000000004
2025,4,00-0040170,8.262,-2.862
2025,4,00-0040187,5.917999999999999,3.8820000000000014
2025,4,00-0040189,3.103,-0.5030000000000001
2025,4,00-0040194,1.181,0.819
2025,4,00-0040198,4.6610000000000005,-3.6610000000000005
2025,4,00-0040236,1.9269999999999998,-0.12699999999999978
2025,4,00-0040237,1.535,0.2650000000000001
2025,4,00-0040238,0.9410000000000001,0.2590000000000001
2025,4,00-0040242,5.625,1.0750000000000002
2025,4,00-0040581,3.4690000000000003,-3.4690000000000003
2025,4,00-0040583,14.842,11.057999999999998
2025,4,00-0040584,1.218,0.4820000000000002
2025,4,00-0040644,7.191000000000001,-3.8910000000000005
2025,4,00-0040648,3.8000000000000003,-2.3000000000000003
2025,4,00-0040663,6.587,-3.0869999999999993
2025,4,00-0040666,11.148,13.852
2025,4,00-0040667,10.77,-1.9699999999999989
2025,4,00-0040676,9.072400000000002,-2.5524000000000013
2025,4,00-0040691,20.5178,-0.6777999999999977
2025,4,00-0040704,0.38280000000000003,-0.38280000000000003
2025,4,00-0040705,0.634,-1.034
2025,4,00-0040715,20.635,-10.635000000000002
2025,4,00-0040718,6.409000000000001,-0.7090000000000005
2025,4,00-0040719,2.6270000000000007,0.07299999999999951
2025,4,00-0040727,0.797,-0.797
2025,4,00-0040730,16.466,1.3339999999999996
2025,4,00-0040734,6.140000000000001,5.459999999999999
2025,4,00-0040735,2.0300000000000002,-1.4300000000000002
2025,4,00-0040736,7.6899999999999995,1.3100000000000005
2025,4,00-0040739,8.909,-3.5090000000000003
2025,4,00-0040782,7.441000000000001,-0.14100000000000001
2025,4,00-0040784,20.697999999999997,-1.1979999999999933
2025,5,00-0026498,24.5932,2.9668000000000028
2025,5,00-0029892,8.488999999999999,-4.988999999999999
2025,5,00-0030061,1.3080000000000003,-1.3080000000000003
2025,5,00-0030279,14.829,-6.529
2025,5,00-0030506,11.956000000000001,3.644
2025,5,00-0030564,2.17,3.4300000000000006
2025,5,00-0030565,17.3272,-7.4072
2025,5,00-0031236,0.971,0.029000000000000026
2025,5,00-0031381,16.685000000000002,-5.385000000000002
2025,5,00-0031588,15.653,3.947000000000001
2025,5,00-0031610,10.103,6.197000000000001
2025,5,00-0031687,3.7800000000000002,-1.58
2025,5,00-0032104,4.657,1.9429999999999996
2025,5,00-0032211,4.38,-3.28
2025,5,00-0032385,8.249,1.6509999999999998
2025,5,00-0032398,3.346,-3.346
2025,5,00-0032764,12.625,-3.3249999999999993
2025,5,00-0032775,11.678,-6.2780000000000005
2025,5,00-0032950,16.571599999999997,-1.8315999999999963
2025,5,00-0033077,21.395799999999998,6.884200000000003
2025,5,00-0033090,9.196000000000002,-3.596000000000001
2025,5,00-0033106,10.4876,11.6324
2025,5,00-0033119,0.3872,-0.3872
2025,5,00-0033246,1.158,0.04200000000000026
2025,5,00-0033280,26.131999999999998,-2.2319999999999993
2025,5,00-0033282,4.1129999999999995,5.487
2025,5,00-0033307,13.605000000000002,5.595000000000001
2025,5,00-0033357,5.2426,-4.5826
2025,5,00-0033375,1.788,-1.788
2025,5,00-0033526,4.2,-0.2999999999999998
2025,5,00-0033662,7.0760000000000005,0.08399999999999963
2025,5,00-0033857,5.391,-2.691
2025,5,00-0033873,29.3388,-0.6188000000000002
2025,5,00-0033881,7.4670000000000005,3.833
2025,5,00-0033885,12.004,3.6959999999999997
2025,5,00-0033891,3.7809999999999997,-1.9809999999999997
2025,5,00-0033906,11.312,-3.8119999999999994
2025,5,00-0033908,9.925,-1.0250000000000004
2025,5,00-0033921,3.9070000000000005,0.19299999999999917
2025,5,00-0033923,8.761,9.439
2025,5,00-0033943,5.555000000000001,-1.1550000000000002
2025,5,00-0033955,2.416,-0.11599999999999966
2025,5,00-0034270,3.1820000000000004,0.8179999999999996
2025,5,00-0034272,3.843,-2.443
2025,5,00-0034348,11.741999999999999,2.1580000000000013
2025,5,00-0034351,13.259,-3.859
2025,5,00-0034365,2.94,0.56
2025,5,00-0034383,7.61,0.8899999999999997
2025,5,00-0034487,3.565,-1.565
2025,5,00-0034521,3.0069999999999997,-2.207
2025,5,00-0034753,4.037,-0.8369999999999997
2025,5,00-0034775,6.125,2.2750000000000004
2025,5,00-0034791,10.408,1.692000000000002
2025,5,00-0034829,5.970999999999999,-3.470999999999999
2025,5,00-0034837,12.889,2.711000000000002
2025,5,00-0034844,6.769000000000001,9.530999999999999
2025,5,00-0034855,18.339399999999998,6.320600000000002
2025,5,00-0034857,24.644000000000002,-1.2240000000000002
2025,5,00-0034867,0.9040000000000001,-0.9040000000000001
2025,5,00-0034869,17.6736,11.9664
2025,5,00-0034959,3.2239999999999998,3.376
2025,5,00-0034960,9.239,-4.039000000000001
2025,5,00-0034975,2.334,-0.6339999999999999
2025,5,00-0034983,2.816,-1.6159999999999997
2025,5,00-0035021,9.875,-3.375
2025,5,00-0035100,21.9584,3.1815999999999995
2025,5,00-0035125,1.2069999999999999,-1.2069999999999999
2025,5,00-0035228,17.7326,-0.43260000000000076
2025,5,00-0035229,5.466,1.3340000000000005
2025,5,00-0035249,4.939,5.561
2025,5,00-0035250,4.698,-1.7980000000000005
2025,5,00-0035261,11.996000000000002,3.3039999999999967
2025,5,00-0035500,2.125,0.07500000000000018
2025,5,00-0035535,8.974,-4.3740000000000006
2025,5,00-0035537,1.088,-0.08800000000000008
2025,5,00-0035602,1.234,0.16599999999999993
2025,5,00-0035631,1.0230000000000001,-0.6230000000000001
2025,5,00-0035662,11.498000000000001,-4.698
2025,5,00-0035676,10.363000000000001,-3.5630000000000015
2025,5,00-0035685,18.549200000000003,-0.8292000000000002
2025,5,00-0035689,2.218,0.28200000000000003
2025,5,00-0035710,16.897000000000002,-0.2170000000000023
2025,5,00-0035719,19.014,0.5860000000000021
2025,5,00-0036040,7.382,-4.6819999999999995
2025,5,00-0036139,18.136,12.764000000000003
2025,5,00-0036158,11.997999999999998,2.902000000000003
2025,5,00-0036212,20.255599999999998,2.4844000000000044
2025,5,00-0036223,26.763999999999996,1.3360000000000056
2025,5,00-0036232,2.088,-1.088
2025,5,00-0036244,2.99,-2.99
2025,5,00-0036252,9.007000000000001,3.392999999999999
2025,5,00-0036265,1.1340000000000001,0.06600000000000006
2025,5,00-0036322,14.881000000000002,0.9189999999999987
2025,5,00-0036328,3.5620000000000007,-0.46200000000000063
2025,5,00-0036355,17.231199999999998,-0.5911999999999971
2025,5,00-0036389,18.7188,0.7812000000000019
2025,5,00-0036407,5.655,-3.1550000000000002
2025,5,00-0036410,11.42,-1.7200000000000006
2025,5,00-0036414,0.4944,4.7856000000000005
2025,5,00-0036422,1.113,0.4870000000000001
2025,5,00-0036423,7.573,-1.4730000000000008
2025,5,00-0036550,4.238,-4.238
2025,5,00-0036554,9.206,4.7940000000000005
2025,5,00-0036613,13.013,6.987
2025,5,00-0036626,6.321,-3.8209999999999997
2025,5,00-0036628,1.07,0.32999999999999985
2025,5,00-0036727,0.399,0.401
2025,5,00-0036754,6.235,1.665
2025,5,00-0036849,8.582,-0.38200000000000145
2025,5,00-0036875,7.842,7.858000000000001
2025,5,00-0036887,2.5770000000000004,-1.2770000000000004
2025,5,00-0036898,2.216,-0.996
2025,5,00-0036900,13.055,12.945
2025,5,00-0036912,12.850999999999999,2.5490000000000013
2025,5,00-0036924,18.108,-2.308
2025,5,00-0036945,23.9212,-2.001199999999997
2025,5,00-0036963,12.052,1.9480000000000004
2025,5,00-0036971,30.714800000000004,-0.4748000000000019
2025,5,00-0036972,24.055999999999997,-1.8759999999999977
2025,5,00-0036973,11.053,-3.753
2025,5,00-0036988,3.1050000000000004,1.4949999999999992
2025,5,00-0036997,15.193000000000001,11.206999999999997
2025,5,00-0037004,1.025,-0.22499999999999987
2025,5,00-0037005,2.4370000000000003,-1.237
2025,5,00-0037012,1.7551999999999999,1.1048000000000004
2025,5,00-0037085,2.004,0.09600000000000009
2025,5,00-0037086,2.093,0.7069999999999999
2025,5,00-0037093,1.514,2.5859999999999994
2025,5,00-0037112,13.794999999999998,-0.19499999999999673
2025,5,00-0037157,7.544999999999999,1.3550000000000013
2025,5,00-0037197,6.492,0.6079999999999997
2025,5,00-0037239,13.144000000000002,-3.7440000000000015
2025,5,00-0037240,2.076,-0.5760000000000001
2025,5,00-0037247,8.379000000000001,4.320999999999998
2025,5,00-0037248,8.559000000000001,-3.6590000000000007
2025,5,00-0037256,16.983,4.117000000000001
2025,5,00-0037258,2.9090000000000007,-0.8090000000000006
2025,5,00-0037261,10.828999999999999,-2.828999999999999
2025,5,00-0037267,6.279,-1.479
2025,5,00-0037282,0.923,0.677
2025,5,00-0037291,5.126,0.5739999999999998
2025,5,00-0037340,1.036,-0.236
2025,5,00-0037348,2.394,0.20599999999999996
2025,5,00-0037524,1.053,0.347
2025,5,00-0037525,11.414,1.686
2025,5,00-0037545,6.78,12.619999999999997
2025,5,00-0037594,1.037,-0.7369999999999999
2025,5,00-0037617,3.507,-1.5070000000000001
2025,5,00-0037666,1.7590000000000001,-1.7590000000000001
2025,5,00-0037740,13.768,2.3320000000000007
2025,5,00-0037741,5.124,-2.2239999999999993
2025,5,00-0037744,10.607,-4.006999999999999
2025,5,00-0037746,2.216,-1.016
2025,5,00-0037757,4.026999999999999,-4.026999999999999
2025,5,00-0037805,4.397,0.40300000000000047
2025,5,00-0037809,5.098999999999999,1.7010000000000014
2025,5,00-0037838,1.26,0.44000000000000017
2025,5,00-0037840,21.349,7.751000000000001
2025,5,00-0038041,15.882000000000001,4.517999999999997
2025,5,00-0038046,1.2590000000000001,0.24099999999999988
2025,5,00-0038090,0.66,-0.56
2025,5,00-0038104,10.406,0.09399999999999942
2025,5,00-0038115,6.94,0.2599999999999998
2025,5,00-0038117,8.373000000000001,-2.673000000000001
2025,5,00-0038120,15.246999999999998,2.253000000000002
2025,5,00-0038129,6.852,3.2479999999999993
2025,5,00-0038134,7.8069999999999995,1.2930000000000001
2025,5,00-0038440,2.258,-0.45799999999999996
2025,5,00-0038454,2.6050000000000004,-0.8050000000000004
2025,5,00-0038543,13.653,9.547000000000002
2025,5,00-0038544,6.1370000000000005,0.7629999999999999
2025,5,00-0038547,2.894,-2.0940000000000003
2025,5,00-0038551,6.085,-0.6849999999999996
2025,5,00-0038559,5.697000000000001,-3.097000000000001
2025,5,00-0038563,9.467,-0.3670000000000009
2025,5,00-0038597,11.891,-3.5909999999999993
2025,5,00-0038606,4.74,3.8599999999999994
2025,5,00-0038608,3.7030000000000003,2.0969999999999995
2025,5,00-0038611,3.734,-3.034
2025,5,00-0038618,7.108,8.192
2025,5,00-0038619,10.770000000000001,-0.07000000000000028
2025,5,00-0038621,4.9190000000000005,-2.2190000000000003
2025,5,00-0038679,1.6580000000000001,-1.6580000000000001
2025,5,00-0038705,1.5990000000000002,6.5009999999999994
2025,5,00-0038720,7.341,-3.141
2025,5,00-0038738,1.0350000000000001,0.46499999999999986
2025,5,00-0038783,0.98,-0.98
2025,5,00-0038840,1.235,0.1649999999999998
2025,5,00-0038933,9.375,4.425000000000001
2025,5,00-0038935,1.003,1.6970000000000003
2025,5,00-0038938,4.5760000000000005,-4.5760000000000005
2025,5,00-0038951,4.705,-3.305
2025,5,00-0038976,6.644,-3.744
2025,5,00-0038994,7.7540000000000004,4.846000000000001
2025,5,00-0038997,9.372,-0.9719999999999995
2025,5,00-0039032,1.7530000000000001,-0.353
2025,5,00-0039040,14.574,-0.9740000000000002
2025,5,00-0039041,2.1410000000000005,-0.14100000000000046
2025,5,00-0039064,5.912,3.7879999999999994
2025,5,00-0039065,8.395000000000001,9.305000000000001
2025,5,00-0039074,2.106,1.2940000000000005
2025,5,00-0039075,17.042,2.4579999999999984
2025,5,00-0039139,9.727,5.973000000000001
2025,5,00-0039150,15.105999999999998,0.9140000000000015
2025,5,00-0039163,17.701600000000003,11.058399999999995
2025,5,00-0039164,2.3694,-0.6094000000000002
2025,5,00-0039165,7.495000000000001,3.8049999999999997
2025,5,00-0039342,6.2989999999999995,3.801
2025,5,00-0039355,5.227,0.2729999999999997
2025,5,00-0039376,16.9224,-1.3224
2025,5,00-0039379,1.064,1.6360000000000001
2025,5,00-0039391,5.553999999999999,-3.1539999999999995
2025,5,00-0039410,12.200999999999999,3.1990000000000016
2025,5,00-0039424,1.889,0.4109999999999998
2025,5,00-0039458,2.835,0.4650000000000003
2025,5,00-0039589,0.7750000000000001,-0.5750000000000002
2025,5,00-0039603,0.6930000000000001,0.8069999999999999
2025,5,00-0039732,15.764800000000001,0.11519999999999797
2025,5,00-0039737,1.308,-1.308
2025,5,00-0039738,3.1340000000000003,-1.8340000000000003
2025,5,00-0039746,2.5160000000000005,-1.6160000000000005
2025,5,00-0039751,3.785,0.5150000000000006
2025,5,00-0039793,11.169,9.631
2025,5,00-0039798,4.984,-0.18399999999999928
2025,5,00-0039847,13.673000000000002,4.626999999999999
2025,5,00-0039849,10.369,1.431000000000001
2025,5,00-0039851,19.111,-6.991
2025,5,00-0039868,5.926,-0.9260000000000002
2025,5,00-0039875,1.391,-1.291
2025,5,00-0039880,7.090999999999999,-5.090999999999999
2025,5,00-0039890,2.003,-2.003
2025,5,00-0039893,9.155000000000001,0.8449999999999989
2025,5,00-0039894,15.438000000000002,-7.338000000000003
2025,5,00-0039901,12.023,-1.722999999999999
2025,5,00-0039910,22.002399999999998,-4.862399999999997
2025,5,00-0039915,12.347000000000001,0.05299999999999905
2025,5,00-0039920,0.633,0.4670000000000001
2025,5,00-0040078,4.7170000000000005,0.3829999999999991
2025,5,00-0040122,14.058,-0.6580000000000013
2025,5,00-0040124,9.461,0.8390000000000004
2025,5,00-0040128,7.8454,4.554600000000001
2025,5,00-0040129,11.556000000000001,14.244
2025,5,00-0040130,5.014000000000001,0.18599999999999905
2025,5,00-0040138,7.183,1.6170000000000009
2025,5,00-0040162,2.213,-1.513
2025,5,00-0040164,2.844,-0.7439999999999998
2025,5,00-0040170,4.315,-1.5150000000000006
2025,5,00-0040179,3.1860000000000004,-0.9860000000000002
2025,5,00-0040187,3.497,3.4030000000000005
2025,5,00-0040189,1.092,0.808
2025,5,00-0040198,1.6470000000000002,-1.8470000000000002
2025,5,00-0040218,4.604,-0.5040000000000004
2025,5,00-0040237,5.609000000000001,2.2909999999999995
2025,5,00-0040242,10.847,17.153
2025,5,00-0040432,2.706,-1.5059999999999998
2025,5,00-0040494,-0.1,0
2025,5,00-0040581,2.358,-2.358
2025,5,00-0040582,0.9600000000000001,0.9400000000000001
2025,5,00-0040583,6.172,-3.7719999999999994
2025,5,00-0040584,5.177,0.22300000000000075
2025,5,00-0040586,1.8310000000000002,-1.1310000000000002
2025,5,00-0040644,2.914,0.4860000000000002
2025,5,00-0040648,7.069000000000001,4.3309999999999995
2025,5,00-0040663,6.5,2.8000000000000007
2025,5,00-0040666,13.213999999999999,-3.2139999999999986
2025,5,00-0040669,3.183,4.517
2025,5,00-0040673,0,0
2025,5,00-0040676,13.926799999999998,-3.9267999999999983
2025,5,00-0040691,24.5108,-2.9308000000000014
2025,5,00-0040704,18.7718,-2.6717999999999975
2025,5,00-0040705,6.619,-3.9189999999999996
2025,5,00-0040715,14.666,-1.266
2025,5,00-0040718,4.119,3.7810000000000006
2025,5,00-0040719,2.884,-1.2839999999999998
2025,5,00-0040729,5.962000000000001,-1.7620000000000005
2025,5,00-0040730,5.293000000000001,-0.793000000000001
2025,5,00-0040734,6.226000000000001,-2.5260000000000007
2025,5,00-0040736,14.151,-2.9510000000000005
2025,5,00-0040737,1.3359999999999999,1.2640000000000002
2025,5,00-0040739,1.023,0.4770000000000001
2025,5,00-0040782,12.503,-8.603
2025,5,00-0040784,14.8,-1.5
2025,6,00-0023459,13.426000000000002,4.073999999999998
2025,6,00-0026158,14.589199999999998,2.1708
2025,6,00-0026498,18.2754,-6.935400000000001
2025,6,00-0029263,0.346,-0.346
2025,6,00-0029892,1.345,0.05499999999999994
2025,6,00-0030061,9.223,4.077
2025,6,00-0030279,10.164000000000001,-5.464000000000001
2025,6,00-0030506,8.907,1.8930000000000007
2025,6,00-0030564,4.5040000000000004,-1.5040000000000004
2025,6,00-0030565,10.790200000000002,-0.1302000000000021
2025,6,00-0031236,1.6310000000000002,0.9689999999999999
2025,6,00-0031381,16.381,-10.481
2025,6,00-0031588,4.234,0.06600000000000072
2025,6,00-0031610,5.402000000000001,2.7979999999999983
2025,6,00-0031687,2.808,-3.2079999999999997
2025,6,00-0032104,1.726,0.3740000000000001
2025,6,00-0032211,3.979,-3.479
2025,6,00-0032385,4.343,1.7570000000000006
2025,6,00-0032392,0.865,0.135
2025,6,00-0032398,7.274,4.826000000000001
2025,6,00-0032764,17.544,-4.043999999999999
2025,6,00-0032775,4.468000000000001,0.9319999999999995
2025,6,00-0033077,22.1312,0.20879999999999654
2025,6,00-0033090,3.4890000000000003,0.7109999999999999
2025,6,00-0033106,12.288,4.411999999999999
2025,6,00-0033110,6.26,5.74
2025,6,00-0033119,26.2582,-3.5581999999999994
2025,6,00-0033217,2.593,-0.4929999999999999
2025,6,00-0033246,2.294,-0.3939999999999999
2025,6,00-0033280,21.516,-0.9159999999999968
2025,6,00-0033307,13.808,2.892000000000003
2025,6,00-0033357,4.499999999999999,1.6000000000000005
2025,6,00-0033375,1.4720000000000002,7.627999999999999
2025,6,00-0033526,5.289000000000001,-1.0890000000000004
2025,6,00-0033555,4.538000000000001,-0.7380000000000009
2025,6,00-0033662,6.0308,-3.1508000000000003
2025,6,00-0033857,3.3400000000000003,3.86
2025,6,00-0033858,4.967,-0.6669999999999998
2025,6,00-0033873,27.4664,4.0136
2025,6,00-0033881,7.225,0.1750000000000007
2025,6,00-0033885,6.574999999999999,-2.2749999999999986
2025,6,00-0033891,11.221,-0.8209999999999997
2025,6,00-0033906,10.562,-0.46199999999999974
2025,6,00-0033908,5.955,5.045
2025,6,00-0033923,4.035,-0.1349999999999998
2025,6,00-0033943,3.2580000000000005,0.7419999999999995
2025,6,00-0033955,5.43,-0.4299999999999997
2025,6,00-0034159,2.018,0.782
2025,6,00-0034272,3.3810000000000002,-0.18100000000000005
2025,6,00-0034348,5.0809999999999995,-2.8809999999999993
2025,6,00-0034351,16.195999999999998,5.304000000000002
2025,6,00-0034365,0.7770000000000001,0.12299999999999989
2025,6,00-0034613,7.084,1.9160000000000004
2025,6,00-0034678,3.814,-3.814
2025,6,00-0034753,13.356,-8.756
2025,6,00-0034771,-0.30000000000000004,0.30000000000000004
2025,6,00-0034827,8.015,-1.3150000000000004
2025,6,00-0034837,1.213,1.0869999999999997
2025,6,00-0034844,12.710999999999999,-5.0109999999999975
2025,6,00-0034855,11.5558,8.084200000000001
2025,6,00-0034857,15.809800000000001,3.1502
2025,6,00-0034869,14.7654,5.2346
2025,6,00-0034959,1.0270000000000001,0.07299999999999995
2025,6,00-0034960,5.2170000000000005,0.6829999999999998
2025,6,00-0034975,9.145000000000001,-2.245000000000001
2025,6,00-0034981,0.9910000000000001,0.4089999999999998
2025,6,00-0034983,2.2640000000000002,-1.064
2025,6,00-0035125,1.904,1.096
2025,6,00-0035208,7.7749999999999995,-3.974999999999999
2025,6,00-0035250,1.431,-0.43100000000000005
2025,6,00-0035261,6.389,-0.6890000000000001
2025,6,00-0035406,13.702000000000002,-6.202000000000002
2025,6,00-0035500,4.2090000000000005,4.191
2025,6,00-0035537,2.8510000000000004,-1.8510000000000004
2025,6,00-0035631,1.7790000000000001,-1.479
2025,6,00-0035640,12.957,4.542999999999999
2025,6,00-0035644,3.5600000000000005,1.1399999999999997
2025,6,00-0035662,8.657,9.843
2025,6,00-0035676,13.504000000000001,-2.5040000000000013
2025,6,00-0035685,4.261,2.8390000000000004
2025,6,00-0035689,4.844,3.556
2025,6,00-0035700,16.096999999999998,13.403000000000002
2025,6,00-0035710,19.563200000000002,4.9167999999999985
2025,6,00-0035719,8.22,-4.82
2025,6,00-0035993,7.155800000000001,-0.5358
2025,6,00-0036040,2.3310000000000004,0.1689999999999996
2025,6,00-0036139,20.392000000000003,11.508
2025,6,00-0036158,8.442000000000002,-4.442000000000002
2025,6,00-0036182,1.042,-1.042
2025,6,00-0036212,14.026400000000002,-1.4264000000000028
2025,6,00-0036223,22.095,-0.3949999999999996
2025,6,00-0036252,3.741,-0.7410000000000001
2025,6,00-0036259,4.055,-2.8549999999999995
2025,6,00-0036264,14.2914,2.6686000000000014
2025,6,00-0036265,2.693,0.30699999999999994
2025,6,00-0036275,10.177999999999999,14.322000000000001
2025,6,00-0036290,2.6,-2.1
2025,6,00-0036355,20.085,-1.3249999999999993
2025,6,00-0036389,31.571199999999997,-8.951199999999996
2025,6,00-0036407,14.323,-7.523000000000001
2025,6,00-0036410,8.996000000000002,-0.2960000000000029
2025,6,00-0036415,9.005,0.4949999999999992
2025,6,00-0036425,0.686,-0.686
2025,6,00-0036427,0.9289999999999999,-0.9289999999999999
2025,6,00-0036550,0.6320000000000001,0.6679999999999999
2025,6,00-0036613,11.6232,1.1967999999999996
2025,6,00-0036620,0.995,-0.995
2025,6,00-0036626,7.150000000000001,-4.150000000000001
2025,6,00-0036637,2.1700000000000004,1.3299999999999996
2025,6,00-0036727,0.65,-0.35
2025,6,00-0036825,0.281,-0.08100000000000002
2025,6,00-0036875,12.267,-10.466999999999999
2025,6,00-0036894,1,0.6000000000000001
2025,6,00-0036900,14.028000000000002,6.071999999999999
2025,6,00-0036912,5.4670000000000005,1.4329999999999998
2025,6,00-0036919,8.457,-1.8570000000000002
2025,6,00-0036924,11.632000000000001,-4.232000000000001
2025,6,00-0036945,8.5982,-3.6982
2025,6,00-0036963,11.942000000000002,-2.7420000000000027
2025,6,00-0036970,5.348999999999999,-2.0489999999999995
2025,6,00-0036971,16.4766,2.7433999999999976
2025,6,00-0036972,20.7106,-5.530599999999998
2025,6,00-0036973,10.677,-3.1769999999999996
2025,6,00-0036980,2.527,-2.527
2025,6,00-0036988,4.322000000000001,2.677999999999999
2025,6,00-0036997,18.18,-12.28
2025,6,00-0037004,2.818,0.0820000000000003
2025,6,00-0037005,4.202999999999999,1.697000000000001
2025,6,00-0037091,0.7010000000000001,-0.401
2025,6,00-0037112,8.368,0.4320000000000004
2025,6,00-0037157,11.326,0.5739999999999998
2025,6,00-0037197,10.690000000000001,-5.090000000000001
2025,6,00-0037228,8.044,-0.7439999999999998
2025,6,00-0037238,23.715000000000003,3.0849999999999973
2025,6,00-0037239,13.274,-0.4739999999999984
2025,6,00-0037240,8.875,6.725000000000001
2025,6,00-0037247,15.339000000000002,11.960999999999999
2025,6,00-0037248,7.975000000000001,0.7249999999999996
2025,6,00-0037256,13.805000000000003,2.294999999999998
2025,6,00-0037261,6.415,-1.6149999999999993
2025,6,00-0037263,6.677,3.6229999999999993
2025,6,00-0037267,6.025,-0.5250000000000004
2025,6,00-0037304,3.46,4.24
2025,6,00-0037348,1.2920000000000003,0.007999999999999785
2025,6,00-0037545,7.294,-2.493999999999999
2025,6,00-0037617,3.8330000000000006,-1.0330000000000004
2025,6,00-0037664,6.8500000000000005,-1.0499999999999998
2025,6,00-0037666,0.9390000000000001,0.361
2025,6,00-0037740,8.014000000000001,-5.214000000000001
2025,6,00-0037741,2.603,-0.403
2025,6,00-0037744,20.245,-3.0450000000000017
2025,6,00-0037746,4.352,-2.0520000000000005
2025,6,00-0037809,6.1579999999999995,1.442000000000001
2025,6,00-0037816,11.527,-3.5269999999999992
2025,6,00-0037838,1.967,-0.367
2025,6,00-0037840,12.026,3.6739999999999995
2025,6,00-0038041,6.664,4.136000000000001
2025,6,00-0038046,0.687,-0.687
2025,6,00-0038117,8.704,8.695999999999998
2025,6,00-0038120,10.636000000000001,-4.736000000000001
2025,6,00-0038129,6.493,1.1070000000000002
2025,6,00-0038134,6.23,-2.0300000000000002
2025,6,00-0038393,2.154,0.3460000000000001
2025,6,00-0038542,19.274,13.525999999999996
2025,6,00-0038543,18.923,7.277000000000001
2025,6,00-0038547,4.268,-2.968
2025,6,00-0038551,4.727,-1.0270000000000001
2025,6,00-0038558,6.147,1.553
2025,6,00-0038559,7.849,-1.4489999999999998
2025,6,00-0038563,6.242,3.258
2025,6,00-0038597,6.769,-0.8689999999999998
2025,6,00-0038606,5.204000000000001,-1.3040000000000003
2025,6,00-0038608,9.585,14.215
2025,6,00-0038619,3.646,-2.646
2025,6,00-0038621,5.966,8.634
2025,6,00-0038679,6.093,-1.8929999999999998
2025,6,00-0038685,0.489,-0.389
2025,6,00-0038705,1.834,-1.734
2025,6,00-0038710,0.78,-0.28
2025,6,00-0038720,3.431,1.1689999999999996
2025,6,00-0038738,5.256,2.444
2025,6,00-0038783,3.21,6.090000000000001
2025,6,00-0038794,1.524,-1.524
2025,6,00-0038797,2.5050000000000003,-1.3050000000000002
2025,6,00-0038938,5.197,-1.9969999999999999
2025,6,00-0038951,3.5340000000000007,4.965999999999999
2025,6,00-0038976,6.1499999999999995,-2.3499999999999996
2025,6,00-0038996,2.904,8.396
2025,6,00-0038997,9.167000000000002,4.032999999999998
2025,6,00-0039021,0.427,0.1730000000000001
2025,6,00-0039032,6.8100000000000005,0.1899999999999995
2025,6,00-0039040,17.051,11.949000000000002
2025,6,00-0039041,2.176,2.224
2025,6,00-0039064,11.359000000000002,-3.7590000000000012
2025,6,00-0039065,9.101,4.898999999999999
2025,6,00-0039066,9.47,4.029999999999999
2025,6,00-0039074,2.157,-0.9569999999999999
2025,6,00-0039075,5.491,-1.6909999999999994
2025,6,00-0039139,12.892000000000001,-6.192000000000001
2025,6,00-0039144,2.9980000000000007,-1.7980000000000005
2025,6,00-0039150,12.891,7.569000000000001
2025,6,00-0039165,9.236,-5.0360000000000005
2025,6,00-0039342,1.915,0.18500000000000005
2025,6,00-0039355,1.623,8.177000000000001
2025,6,00-0039376,12.3714,-1.2913999999999994
2025,6,00-0039379,2.434,-0.13400000000000034
2025,6,00-0039384,2.117,-1.517
2025,6,00-0039391,17.223000000000003,4.076999999999998
2025,6,00-0039394,3.537,-3.537
2025,6,00-0039410,9.191,-4.391000000000001
2025,6,00-0039530,1.0350000000000001,-0.3350000000000002
2025,6,00-0039589,5.807,8.593
2025,6,00-0039648,3.761,2.8389999999999995
2025,6,00-0039732,15.0182,-1.658199999999999
2025,6,00-0039738,2.7760000000000002,-0.476
2025,6,00-0039739,0.9930000000000001,0.7070000000000001
2025,6,00-0039751,4.445,-0.645
2025,6,00-0039793,4.378000000000001,4.222
2025,6,00-0039798,1.846,-1.246
2025,6,00-0039847,4.547000000000001,-0.8470000000000004
2025,6,00-0039849,2.378,1.822
2025,6,00-0039851,16.366000000000003,8.873999999999995
2025,6,00-0039868,4.962,-1.3619999999999997
2025,6,00-0039875,2.013,6.8870000000000005
2025,6,00-0039880,6.461,-2.1609999999999996
2025,6,00-0039893,12.911,6.089
2025,6,00-0039894,7.728,1.8719999999999999
2025,6,00-0039901,7.019,-4.4190000000000005
2025,6,00-0039910,19.857999999999997,5.782
2025,6,00-0039915,12.759,6.741
2025,6,00-0039917,15.377999999999998,-0.7779999999999987
2025,6,00-0039918,16.8132,3.566800000000004
2025,6,00-0039919,7.553000000000001,-3.3530000000000006
2025,6,00-0040009,0.755,-0.45499999999999996
2025,6,00-0040078,4.966,-1.366
2025,6,00-0040122,21.489,-5.889000000000001
2025,6,00-0040124,9.341000000000001,7.0589999999999975
2025,6,00-0040126,4.061,-1.9609999999999999
2025,6,00-0040128,15.543,-0.24299999999999855
2025,6,00-0040129,5.755000000000001,-2.3550000000000004
2025,6,00-0040131,3.24,-3.24
2025,6,00-0040134,2.1610000000000005,1.0389999999999997
2025,6,00-0040142,2.7400000000000007,-1.2400000000000007
2025,6,00-0040162,3.0910000000000006,0.3089999999999997
2025,6,00-0040164,3.561,1.3390000000000004
2025,6,00-0040170,5.420999999999999,-1.2209999999999992
2025,6,00-0040184,2.854,-2.254
2025,6,00-0040187,2.003,0.597
2025,6,00-0040189,10.346,-0.045999999999999375
2025,6,00-0040198,1.9420000000000002,-1.2420000000000002
2025,6,00-0040218,2.7780000000000005,2.9219999999999997
2025,6,00-0040236,3.4560000000000004,1.444
2025,6,00-0040237,6.201,4.799
2025,6,00-0040238,2.204,-0.5040000000000002
2025,6,00-0040242,9.623,-2.3229999999999986
2025,6,00-0040259,3.4470000000000005,-0.24700000000000033
2025,6,00-0040582,0.903,-0.903
2025,6,00-0040584,4.404,-1.904
2025,6,00-0040586,1.32,-1.32
2025,6,00-0040590,2.6879999999999997,-1.4879999999999995
2025,6,00-0040644,1.9740000000000002,-0.274
2025,6,00-0040648,2.0949999999999998,-2.0949999999999998
2025,6,00-0040663,9.719000000000001,1.8809999999999985
2025,6,00-0040667,7.911000000000001,3.788999999999998
2025,6,00-0040676,15.370000000000001,-2.49
2025,6,00-0040691,19.65,3.950000000000003
2025,6,00-0040704,17.180799999999998,-8.340799999999998
2025,6,00-0040705,2.998,-1.1980000000000002
2025,6,00-0040715,16.87,13.129999999999999
2025,6,00-0040718,8.036,-4.536
2025,6,00-0040719,4.0649999999999995,-0.2649999999999988
2025,6,00-0040727,6.452,-1.7519999999999998
2025,6,00-0040729,0.674,-0.674
2025,6,00-0040730,4.987,-0.4870000000000001
2025,6,00-0040734,6.6610000000000005,-2.561
2025,6,00-0040735,4.318,2.782000000000001
2025,6,00-0040736,0.916,-0.21600000000000008
2025,6,00-0040737,2.451,-2.451
2025,6,00-0040739,2.668,-1.568
2025,6,00-0040782,5.591,-3.6910000000000003
2025,6,00-0040784,6.441,-2.8409999999999997
2025,7,00-0023459,20.0212,6.538800000000002
2025,7,00-0026158,26.503999999999998,-0.5239999999999974
2025,7,00-0026498,25.1302,2.249800000000004
2025,7,00-0027973,2.8728,-0.6728000000000001
2025,7,00-0028118,11.775400000000001,-5.635400000000001
2025,7,00-0029892,1.499,-0.19900000000000007
2025,7,00-0030035,2.0780000000000003,-0.5780000000000003
2025,7,00-0030061,11.521,-0.3210000000000015
2025,7,00-0030279,20.147,3.253
2025,7,00-0030506,3.724,3.176
2025,7,00-0030565,4.5498,-1.7698
2025,7,00-0031236,0.9550000000000001,-0.15500000000000003
2025,7,00-0031237,-0.1,0
2025,7,00-0031345,-0.30000000000000004,0
2025,7,00-0031381,19.002,4.998000000000001
2025,7,00-0031408,7.671,-7.671
2025,7,00-0031588,7.9830000000000005,2.417
2025,7,00-0031687,0.884,-0.18400000000000005
2025,7,00-0032104,2.771,0.42900000000000027
2025,7,00-0032211,2.015,0.7849999999999997
2025,7,00-0032268,7.769,-1.8490000000000002
2025,7,00-0032385,7.215,-1.2149999999999999
2025,7,00-0032392,4.369999999999999,3.7300000000000004
2025,7,00-0032398,6.464,0.43599999999999994
2025,7,00-0032464,3.6000000000000005,-0.40000000000000036
2025,7,00-0032688,4.568,1.032
2025,7,00-0032775,2.0519999999999996,-2.0519999999999996
2025,7,00-0032918,1.177,-0.17700000000000005
2025,7,00-0032950,26.153000000000002,-10.833000000000002
2025,7,00-0033077,19.8874,3.372600000000002
2025,7,00-0033090,5.472,-0.1719999999999997
2025,7,00-0033106,13.9458,0.39419999999999966
2025,7,00-0033110,7.625,-4.225
2025,7,00-0033119,21.352800000000002,0.40719999999999956
2025,7,00-0033217,2.673,-1.573
2025,7,00-0033246,4.118,-2.7180000000000004
2025,7,00-0033280,25.598000000000003,10.001999999999999
2025,7,00-0033288,2.5940000000000003,-2.5940000000000003
2025,7,00-0033307,2.3850000000000002,0.015000000000000124
2025,7,00-0033357,3.303,-1.5029999999999997
2025,7,00-0033375,1.7340000000000002,0.966
2025,7,00-0033526,4.042,-0.9419999999999997
2025,7,00-0033538,2.524,-2.524
2025,7,00-0033555,3.652,2.6480000000000006
2025,7,00-0033854,1.027,-1.027
2025,7,00-0033857,3.785,1.2149999999999999
2025,7,00-0033858,8.824,1.4760000000000009
2025,7,00-0033873,26.797600000000003,-0.5576000000000043
2025,7,00-0033881,6.845000000000001,-0.14500000000000046
2025,7,00-0033891,3.4640000000000004,4.236
2025,7,00-0033906,8.500000000000002,-4.100000000000001
2025,7,00-0033908,2.1828000000000003,1.5171999999999999
2025,7,00-0033923,1.665,0.135
2025,7,00-0033943,12.021,-7.621
2025,7,00-0033949,0.262,0.01799999999999996
2025,7,00-0033955,4.296,1.2039999999999997
2025,7,00-0034159,1.347,-1.347
2025,7,00-0034348,14.801,-3.100999999999999
2025,7,00-0034351,3.5650000000000004,-0.26500000000000057
2025,7,00-0034383,9.950000000000001,4.35
2025,7,00-0034419,2.673,-2.273
2025,7,00-0034521,3.5560000000000005,-0.9560000000000004
2025,7,00-0034791,5.515000000000001,-3.9150000000000005
2025,7,00-0034827,7.984,-1.2840000000000007
2025,7,00-0034844,10.659,-5.9590000000000005
2025,7,00-0034855,24.308,-11.187999999999999
2025,7,00-0034869,19.159799999999997,-6.539799999999998
2025,7,00-0035208,4.91,-3.0100000000000002
2025,7,00-0035229,11.184999999999999,-3.884999999999999
2025,7,00-0035249,1.203,0.19699999999999984
2025,7,00-0035250,0.747,-0.5469999999999999
2025,7,00-0035261,8.709000000000001,0.39099999999999824
2025,7,00-0035289,-0.30000000000000004,0
2025,7,00-0035298,1.186,0.21399999999999997
2025,7,00-0035406,1.833,-1.833
2025,7,00-0035500,2.168,-0.6680000000000001
2025,7,00-0035628,0.896,-0.896
2025,7,00-0035640,7.508000000000001,-1.008000000000001
2025,7,00-0035644,6.603,5.797000000000001
2025,7,00-0035662,6.963,1.4370000000000003
2025,7,00-0035676,10.549,15.551000000000002
2025,7,00-0035685,9.65,-4.75
2025,7,00-0035700,11.036,7.264000000000001
2025,7,00-0035710,21.7968,-1.876800000000003
2025,7,00-0036040,8.418999999999999,1.9810000000000016
2025,7,00-0036139,9.939000000000002,0.1609999999999996
2025,7,00-0036158,8.816,-0.3160000000000007
2025,7,00-0036182,3.4540000000000006,-0.35400000000000054
2025,7,00-0036212,8.332600000000001,-3.7326000000000015
2025,7,00-0036223,12.496000000000002,20.203999999999994
2025,7,00-0036244,4.085,2.115
2025,7,00-0036252,14.161,1.1390000000000011
2025,7,00-0036259,8.318000000000001,-3.2180000000000017
2025,7,00-0036264,15.6058,-2.245800000000001
2025,7,00-0036275,14.369,5.930999999999997
2025,7,00-0036290,1.7140000000000002,0.3859999999999999
2025,7,00-0036309,7.385000000000002,0.9149999999999991
2025,7,00-0036322,15.808,-5.4079999999999995
2025,7,00-0036355,33.7638,-1.8638000000000012
2025,7,00-0036358,11.456,8.044
2025,7,00-0036389,12.563399999999998,11.476600000000001
2025,7,00-0036407,4.277,-1.577
2025,7,00-0036410,14.723000000000003,3.876999999999999
2025,7,00-0036415,4.127,1.9730000000000008
2025,7,00-0036427,3.419,4.0809999999999995
2025,7,00-0036429,1.0270000000000001,-1.0270000000000001
2025,7,00-0036554,12.299000000000001,-7.599000000000001
2025,7,00-0036555,8.722000000000001,-2.2220000000000013
2025,7,00-0036613,5.974,-3.974
2025,7,00-0036620,1.5420000000000003,3.9579999999999997
2025,7,00-0036626,5.473,0.5270000000000001
2025,7,00-0036628,3.8419999999999996,-2.8419999999999996
2025,7,00-0036637,1.4600000000000002,1.84
2025,7,00-0036727,2.8620000000000005,-2.8620000000000005
2025,7,00-0036741,1.1440000000000001,-1.1440000000000001
2025,7,00-0036754,3.8430000000000004,-0.04300000000000015
2025,7,00-0036875,12.672,3.128
2025,7,00-0036887,1.2650000000000001,0.33499999999999996
2025,7,00-0036894,8.358,17.242
2025,7,00-0036900,31.28,-1.1799999999999997
2025,7,00-0036912,16.466,12.334
2025,7,00-0036919,3.691,-1.1909999999999994
2025,7,00-0036924,5.893999999999999,-1.2939999999999996
2025,7,00-0036945,6.6854000000000005,-2.6454000000000004
2025,7,00-0036963,13.515,4.085000000000001
2025,7,00-0036970,11.477,-1.777000000000001
2025,7,00-0036971,22.4548,-4.814799999999998
2025,7,00-0036972,10.768400000000002,-3.588400000000002
2025,7,00-0036973,6.974,-0.9740000000000002
2025,7,00-0036997,18.358,-0.05799999999999983
2025,7,00-0037004,2.911,-0.31099999999999994
2025,7,00-0037005,0.653,-0.15300000000000002
2025,7,00-0037085,1.5490000000000002,1.3510000000000002
2025,7,00-0037157,11.817,-3.917
2025,7,00-0037197,11.533000000000001,0.36699999999999733
2025,7,00-0037228,15.424000000000001,2.3759999999999994
2025,7,00-0037238,11.220000000000002,-5.020000000000002
2025,7,00-0037239,10.768,13.532
2025,7,00-0037240,4.32,-4.32
2025,7,00-0037247,10.114,0.0860000000000003
2025,7,00-0037256,11.83,-5.43
2025,7,00-0037263,1.869,-0.2689999999999999
2025,7,00-0037267,2.8950000000000005,-0.8950000000000005
2025,7,00-0037291,8.381,-3.681
2025,7,00-0037304,3.4080000000000004,-3.4080000000000004
2025,7,00-0037306,0.9400000000000001,0.16000000000000003
2025,7,00-0037348,3.8640000000000003,-0.5640000000000001
2025,7,00-0037525,11.465,0.23499999999999943
2025,7,00-0037545,10.044,-4.0440000000000005
2025,7,00-0037617,2.229,-0.7290000000000001
2025,7,00-0037664,19.586,-7.285999999999998
2025,7,00-0037666,3.737,-1.637
2025,7,00-0037744,18.379,6.020999999999997
2025,7,00-0037746,4.056,-0.45599999999999996
2025,7,00-0037801,1.079,1.1210000000000002
2025,7,00-0037805,0.688,-0.688
2025,7,00-0037809,2.5530000000000004,-2.5530000000000004
2025,7,00-0037816,13.495,-3.295
2025,7,00-0037840,12.904,-5.404
2025,7,00-0038041,13.785,4.614999999999998
2025,7,00-0038090,1.0650000000000002,0.9349999999999998
2025,7,00-0038102,0.5324,-0.21239999999999998
2025,7,00-0038104,3.705,0.6950000000000003
2025,7,00-0038115,7.939,8.361
2025,7,00-0038117,12.622,-0.12199999999999989
2025,7,00-0038120,8.474000000000002,-2.274000000000001
2025,7,00-0038129,10.225,-0.22499999999999964
2025,7,00-0038134,9.688,-3.088
2025,7,00-0038359,4.628,-2.128
2025,7,00-0038393,3.084,-2.084
2025,7,00-0038440,3.959,-2.859
2025,7,00-0038542,15.991,2.2089999999999996
2025,7,00-0038543,19.786,2.5139999999999993
2025,7,00-0038544,10.801,-0.8010000000000002
2025,7,00-0038551,0.47500000000000003,0.22500000000000003
2025,7,00-0038555,1.335,0.16500000000000004
2025,7,00-0038558,9.333,-1.633
2025,7,00-0038559,4.822000000000001,0.677999999999999
2025,7,00-0038563,5.83,-0.02999999999999936
2025,7,00-0038597,10.647,0.35299999999999976
2025,7,00-0038606,15.764,-7.564
2025,7,00-0038608,3.5890000000000004,8.911
2025,7,00-0038611,3.3709999999999996,3.8290000000000006
2025,7,00-0038618,7.696,-5.896
2025,7,00-0038619,5.824,0.5760000000000005
2025,7,00-0038621,4.371,-1.1710000000000003
2025,7,00-0038685,1.875,-1.875
2025,7,00-0038710,0.956,-0.05599999999999994
2025,7,00-0038720,1.5260000000000002,-0.9260000000000003
2025,7,00-0038738,1.328,-0.528
2025,7,00-0038752,0.899,-0.09899999999999998
2025,7,00-0038783,2.8409999999999997,0.15900000000000025
2025,7,00-0038797,4.3260000000000005,-2.3260000000000005
2025,7,00-0038824,1.2750000000000001,0.625
2025,7,00-0038938,1.581,-1.581
2025,7,00-0038951,1.6729999999999998,-0.5729999999999997
2025,7,00-0038976,9.597000000000001,3.2029999999999994
2025,7,00-0038994,18.224,-0.9239999999999995
2025,7,00-0038996,12.604,1.6960000000000015
2025,7,00-0039021,0.5509999999999999,0.5490000000000002
2025,7,00-0039032,6.294,-0.7939999999999996
2025,7,00-0039040,10.620000000000001,0.6799999999999997
2025,7,00-0039041,1.062,-0.262
2025,7,00-0039065,3.4890000000000003,-0.4890000000000003
2025,7,00-0039066,1.7930000000000001,-0.29300000000000015
2025,7,00-0039067,18.444000000000003,1.2559999999999967
2025,7,00-0039074,1.105,-0.20499999999999996
2025,7,00-0039139,13.891,21.409000000000006
2025,7,00-0039150,13.1976,-2.6776
2025,7,00-0039163,25.8962,-10.2362
2025,7,00-0039165,16.476,2.024000000000001
2025,7,00-0039342,16.174,3.5260000000000034
2025,7,00-0039355,3.263,-3.263
2025,7,00-0039356,3.861,-3.861
2025,7,00-0039376,15.045,3.4749999999999996
2025,7,00-0039379,2.637,0.16300000000000026
2025,7,00-0039384,4.2860000000000005,6.314000000000001
2025,7,00-0039391,10.906,-5.406000000000001
2025,7,00-0039394,2.9080000000000004,-0.7080000000000002
2025,7,00-0039407,2.116,-1.2160000000000002
2025,7,00-0039491,2.828,-2.828
2025,7,00-0039589,1.174,-1.174
2025,7,00-0039623,1.416,-1.416
2025,7,00-0039732,32.6908,3.269199999999998
2025,7,00-0039738,8.488,-3.687999999999999
2025,7,00-0039739,1.9330000000000003,0.7669999999999999
2025,7,00-0039746,1.026,0.17400000000000015
2025,7,00-0039751,5.12,-3.22
2025,7,00-0039757,1.806,-0.006000000000000005
2025,7,00-0039793,3.8030000000000004,-2.4030000000000005
2025,7,00-0039798,4.46,-0.2599999999999998
2025,7,00-0039816,0.8610000000000001,-0.061000000000000054
2025,7,00-0039847,7.268,6.832000000000002
2025,7,00-0039849,8.612,-1.8119999999999994
2025,7,00-0039851,18.4176,4.662400000000002
2025,7,00-0039868,17.013,-7.613000000000001
2025,7,00-0039880,7.246,-1.7460000000000004
2025,7,00-0039890,1.072,0.22799999999999998
2025,7,00-0039893,8.666,-4.066000000000001
2025,7,00-0039894,6.541,-0.24100000000000055
2025,7,00-0039910,18.3268,1.4132000000000033
2025,7,00-0039915,20.337000000000003,-9.137000000000004
2025,7,00-0039917,15.082,-0.8420000000000005
2025,7,00-0039918,12.4392,-5.7592
2025,7,00-0039919,7.066000000000001,-2.966000000000001
2025,7,00-0039920,1.838,0.8620000000000001
2025,7,00-0040078,16.938000000000002,-6.338000000000001
2025,7,00-0040122,3.7200000000000006,0.17999999999999972
2025,7,00-0040124,5.255000000000001,-0.45500000000000007
2025,7,00-0040126,5.1770000000000005,-1.2770000000000001
2025,7,00-0040128,10.236,4.664
2025,7,00-0040129,20.832,-13.032
2025,7,00-0040130,4.659,-4.659
2025,7,00-0040131,1.302,-1.302
2025,7,00-0040134,4.58,-3.48
2025,7,00-0040138,7.978,1.7219999999999995
2025,7,00-0040162,2.7140000000000004,-0.5140000000000002
2025,7,00-0040164,9.112000000000002,-1.6120000000000019
2025,7,00-0040170,5.335,-1.4349999999999996
2025,7,00-0040187,4.234,-0.8339999999999996
2025,7,00-0040189,11.881,14.019000000000002
2025,7,00-0040198,3.837,-2.037
2025,7,00-0040202,0.463,-0.363
2025,7,00-0040218,3.2150000000000003,-1.2150000000000003
2025,7,00-0040234,2.0168,0.10320000000000018
2025,7,00-0040236,13.553,2.8469999999999978
2025,7,00-0040237,12.392,1.4080000000000013
2025,7,00-0040238,1.279,-0.3789999999999999
2025,7,00-0040242,8.554,-4.854
2025,7,00-0040245,0.6460000000000001,-0.2460000000000001
2025,7,00-0040259,1.235,-1.235
2025,7,00-0040432,1.6789999999999998,-1.6789999999999998
2025,7,00-0040488,0.931,-0.131
2025,7,00-0040581,3.4250000000000003,-3.4250000000000003
2025,7,00-0040582,4.390000000000001,-3.8900000000000006
2025,7,00-0040583,16.171,-5.170999999999999
2025,7,00-0040584,6.071000000000001,-0.471000000000001
2025,7,00-0040586,4.375000000000001,-0.47500000000000053
2025,7,00-0040590,3.793,3.207
2025,7,00-0040648,6.245,-6.245
2025,7,00-0040663,5.661,-0.06099999999999994
2025,7,00-0040667,4.459999999999999,1.240000000000001
2025,7,00-0040669,3.6210000000000004,-3.6210000000000004
2025,7,00-0040676,10.7652,3.434800000000001
2025,7,00-0040691,19.450400000000002,10.9696
2025,7,00-0040704,8.0104,-2.1704000000000008
2025,7,00-0040705,5.913,8.987
2025,7,00-0040715,13.577000000000002,3.322999999999997
2025,7,00-0040718,18.534,1.5660000000000025
2025,7,00-0040719,2.447,-0.2469999999999999
2025,7,00-0040727,2.8020000000000005,0.4979999999999998
2025,7,00-0040729,1.9129999999999998,0.387
2025,7,00-0040730,6.724,-0.02400000000000002
2025,7,00-0040734,0.879,-0.379
2025,7,00-0040735,4.364,-1.7639999999999998
2025,7,00-0040736,4.9559999999999995,-0.35599999999999987
2025,7,00-0040737,7.551000000000001,2.0489999999999986
2025,7,00-0040739,8.541,-2.341
2025,7,00-0040784,15.682,10.717999999999998
2025,8,00-0023459,15.012799999999999,1.7471999999999994
2025,8,00-0026158,19.1628,5.1572
2025,8,00-0027973,10.849,-3.7490000000000006
2025,8,00-0029604,11.170000000000002,-4.050000000000002
2025,8,00-0029892,1.7750000000000001,-0.8750000000000001
2025,8,00-0030035,1.7160000000000002,-1.7160000000000002
2025,8,00-0030061,5.949,-2.3489999999999998
2025,8,00-0030279,7.2010000000000005,-0.8010000000000002
2025,8,00-0030506,11.259,7.640999999999998
2025,8,00-0030564,1.362,0.538
2025,8,00-0031236,4.1209999999999996,-0.4209999999999994
2025,8,00-0031588,10.21,-1.3100000000000005
2025,8,00-0032104,2.2150000000000003,-0.9150000000000003
2025,8,00-0032268,18.022000000000002,-2.7020000000000017
2025,8,00-0032385,4.952999999999999,-3.6529999999999996
2025,8,00-0032392,2.809,1.9910000000000005
2025,8,00-0032764,18.268,0.8320000000000007
2025,8,00-0032775,3.519,-2.019
2025,8,00-0032950,10.0292,-0.26919999999999966
2025,8,00-0033077,23.8484,-13.2284
2025,8,00-0033090,1.9500000000000002,5.25
2025,8,00-0033280,9.774000000000001,-1.4740000000000002
2025,8,00-0033288,6.452,5.848000000000001
2025,8,00-0033293,8.085,-4.085000000000001
2025,8,00-0033307,5.339,0.5609999999999999
2025,8,00-0033357,2.198,-0.4979999999999998
2025,8,00-0033526,6.505,9.995000000000001
2025,8,00-0033555,8.716000000000001,3.6839999999999993
2025,8,00-0033854,1.903,0.29700000000000015
2025,8,00-0033857,2.495,1.4050000000000002
2025,8,00-0033858,3.6460000000000004,-0.9460000000000002
2025,8,00-0033869,1.8668,-0.9868
2025,8,00-0033873,20.992,5.968
2025,8,00-0033881,4.968000000000001,0.6319999999999988
2025,8,00-0033885,6.848,4.851999999999999
2025,8,00-0033906,4.891,0.609
2025,8,00-0033923,10.692,6.007999999999999
2025,8,00-0033955,6.604000000000001,2.6959999999999997
2025,8,00-0034348,9.739,-1.0390000000000015
2025,8,00-0034351,4.661,11.639000000000001
2025,8,00-0034367,0.903,-1.103
2025,8,00-0034383,3.7420000000000004,-0.3420000000000001
2025,8,00-0034418,1.063,-0.363
2025,8,00-0034419,5.810999999999999,0.48900000000000166
2025,8,00-0034521,3.753,-2.753
2025,8,00-0034613,2.9680000000000004,-1.5680000000000005
2025,8,00-0034753,4.2010000000000005,0.6989999999999998
2025,8,00-0034791,11.003,-3.1029999999999998
2025,8,00-0034827,12.022,-2.421999999999999
2025,8,00-0034844,14.021,17.378999999999998
2025,8,00-0034854,10.326,-5.726000000000001
2025,8,00-0034855,14.648,-8.568
2025,8,00-0034857,17.232799999999997,5.987200000000001
2025,8,00-0034959,1.165,0.23499999999999988
2025,8,00-0034975,0.41600000000000004,-0.21600000000000003
2025,8,00-0034981,0.755,-0.755
2025,8,00-0035021,0.9970000000000001,-1.2970000000000002
2025,8,00-0035125,0.9159999999999999,-0.4159999999999999
2025,8,00-0035208,7.4,-0.5999999999999996
2025,8,00-0035229,2.6790000000000003,0.9209999999999998
2025,8,00-0035250,2.319,0.9810000000000003
2025,8,00-0035261,6.952999999999999,-1.1529999999999987
2025,8,00-0035264,-0.1,0
2025,8,00-0035359,3.5460000000000003,-1.146
2025,8,00-0035535,6.167999999999999,-2.567999999999999
2025,8,00-0035537,2.1310000000000002,-1.5310000000000001
2025,8,00-0035640,12.082,1.9179999999999993
2025,8,00-0035644,3.795,1.8050000000000006
2025,8,00-0035659,6.971,5.929
2025,8,00-0035662,2.027,-2.027
2025,8,00-0035689,1.552,0.44799999999999995
2025,8,00-0035700,11.684000000000001,0.31599999999999895
2025,8,00-0035710,17.6826,5.4974000000000025
2025,8,00-0035719,8.263,-5.563
2025,8,00-0035993,19.366,-2.6259999999999977
2025,8,00-0036040,10.185,-2.385
2025,8,00-0036139,4.2379999999999995,1.1620000000000008
2025,8,00-0036158,14.542000000000002,-1.4420000000000002
2025,8,00-0036182,4.921,-2.6210000000000004
2025,8,00-0036212,12.0472,12.1528
2025,8,00-0036223,9.943000000000001,26.457000000000004
2025,8,00-0036232,2.5250000000000004,-2.5250000000000004
2025,8,00-0036252,12.573,6.927
2025,8,00-0036259,10.764,-4.263999999999999
2025,8,00-0036264,16.767599999999998,9.532399999999999
2025,8,00-0036275,13.263,0.8369999999999997
2025,8,00-0036309,5.785,-4.1850000000000005
2025,8,00-0036322,11.758000000000001,-0.8580000000000005
2025,8,00-0036331,5.981,-5.281
2025,8,00-0036355,23.5054,3.774599999999996
2025,8,00-0036358,17.985,-6.884999999999998
2025,8,00-0036389,14.0828,11.277199999999999
2025,8,00-0036407,4.433,-4.433
2025,8,00-0036410,4.699,6.2010000000000005
2025,8,00-0036415,10.947,-9.847
2025,8,00-0036427,8.105,5.795
2025,8,00-0036550,6.945,-0.8449999999999998
2025,8,00-0036555,8.242,1.1579999999999995
2025,8,00-0036613,8.527000000000001,9.872999999999998
2025,8,00-0036628,1.2489999999999999,1.4510000000000003
2025,8,00-0036630,1.212,-0.11199999999999988
2025,8,00-0036637,8.4,-5.1
2025,8,00-0036741,0.985,-0.985
2025,8,00-0036755,5.112,-2.112
2025,8,00-0036862,1.135,0.665
2025,8,00-0036875,12.236999999999998,-6.836999999999998
2025,8,00-0036894,4.0360000000000005,-1.2360000000000007
2025,8,00-0036900,22.965,-7.865
2025,8,00-0036912,14.1,-2.6999999999999993
2025,8,00-0036919,4.772,-0.27200000000000024
2025,8,00-0036945,24.060400000000005,-7.2004000000000055
2025,8,00-0036970,9.54,0.8600000000000012
2025,8,00-0036972,16.7856,1.2344000000000008
2025,8,00-0036980,6.459,-4.558999999999999
2025,8,00-0036997,17.718,-0.31799999999999784
2025,8,00-0037005,0.9740000000000001,-0.07400000000000007
2025,8,00-0037013,0.4272,-0.4272
2025,8,00-0037085,0.439,0.1610000000000001
2025,8,00-0037112,3.395,3.305
2025,8,00-0037120,0.913,-0.7130000000000001
2025,8,00-0037197,7.026000000000001,-1.226
2025,8,00-0037228,9.387,-1.0869999999999997
2025,8,00-0037239,15.126999999999999,-5.126999999999999
2025,8,00-0037247,13.38,-2.08
2025,8,00-0037248,10.956999999999999,22.643
2025,8,00-0037256,18.224999999999998,-11.124999999999998
2025,8,00-0037261,7.64,10.16
2025,8,00-0037263,6.312000000000001,2.087999999999999
2025,8,00-0037267,1.979,-1.5790000000000002
2025,8,00-0037291,1.014,-1.014
2025,8,00-0037292,1.201,-1.201
2025,8,00-0037306,1.033,-0.1329999999999999
2025,8,00-0037348,2.216,-0.6160000000000001
2025,8,00-0037525,2.904000000000001,-1.8040000000000007
2025,8,00-0037545,13.632000000000001,-1.6320000000000014
2025,8,00-0037563,1.06,-0.76
2025,8,00-0037594,0.9580000000000002,-0.4580000000000002
2025,8,00-0037664,10.31,-2.41
2025,8,00-0037666,3.14,8.559999999999999
2025,8,00-0037741,3.693,6.807
2025,8,00-0037801,4.994000000000001,-4.694000000000001
2025,8,00-0037805,1.1560000000000001,1.7440000000000002
2025,8,00-0037809,5.894,1.4060000000000006
2025,8,00-0037816,9.269,-3.3689999999999998
2025,8,00-0037837,6.323,-1.5229999999999997
2025,8,00-0037838,2.24,-0.44000000000000017
2025,8,00-0038041,1.6019999999999999,-1.6019999999999999
2025,8,00-0038046,1.929,5.571
2025,8,00-0038090,1.8530000000000002,-1.8530000000000002
2025,8,00-0038115,1.6780000000000002,0.9219999999999999
2025,8,00-0038117,4.8020000000000005,1.4980000000000002
2025,8,00-0038120,15.513200000000003,16.346799999999995
2025,8,00-0038124,6.608,3.8920000000000003
2025,8,00-0038129,5.817,0.18299999999999983
2025,8,00-0038400,-0.30000000000000004,0.10000000000000003
2025,8,00-0038440,3.1230000000000007,0.2769999999999997
2025,8,00-0038454,2.489,1.811
2025,8,00-0038465,3.0150000000000006,1.3849999999999998
2025,8,00-0038496,0.913,-0.11299999999999999
2025,8,00-0038542,7.788,-1.4879999999999995
2025,8,00-0038547,3.041,0.4590000000000001
2025,8,00-0038555,4.782,5.618
2025,8,00-0038597,13.636000000000001,10.363999999999999
2025,8,00-0038608,8.416,6.584
2025,8,00-0038611,0.511,-0.311
2025,8,00-0038618,7.969,7.431
2025,8,00-0038619,4.166,-4.166
2025,8,00-0038621,2.978,2.222
2025,8,00-0038645,0.9750000000000001,-0.07500000000000007
2025,8,00-0038728,2.7790000000000004,0.22099999999999964
2025,8,00-0038738,0.251,-0.05099999999999999
2025,8,00-0038783,3.841,-3.841
2025,8,00-0038797,11.657,-1.456999999999999
2025,8,00-0038933,4.24,-1.44
2025,8,00-0038951,15.001999999999999,-4.802
2025,8,00-0038976,3.278,-1.478
2025,8,00-0038994,6.633,3.4669999999999996
2025,8,00-0038996,8.751999999999999,21.048000000000002
2025,8,00-0038997,5.765000000000001,5.635
2025,8,00-0039032,9.421000000000001,6.279
2025,8,00-0039040,20.003999999999998,-2.4039999999999964
2025,8,00-0039064,13.978000000000002,-3.378
2025,8,00-0039067,12.626000000000001,8.373999999999999
2025,8,00-0039144,1.0910000000000002,-0.09100000000000019
2025,8,00-0039163,22.205199999999998,1.514800000000001
2025,8,00-0039342,3.6029999999999998,-0.9029999999999996
2025,8,00-0039355,3.482,0.41800000000000015
2025,8,00-0039356,3.071,0.3290000000000002
2025,8,00-0039376,8.698599999999999,-2.0585999999999984
2025,8,00-0039379,2.8560000000000003,1.2439999999999993
2025,8,00-0039384,8.026,-1.725999999999999
2025,8,00-0039391,20.529,-1.328999999999997
2025,8,00-0039394,1.193,1.807
2025,8,00-0039398,1.8428,4.4772
2025,8,00-0039410,2.055,-0.855
2025,8,00-0039424,5.909999999999999,-4.409999999999999
2025,8,00-0039451,4.664,2.436
2025,8,00-0039491,3.7220000000000004,1.3779999999999992
2025,8,00-0039530,1.1340000000000001,0.2659999999999998
2025,8,00-0039623,2.149,-2.149
2025,8,00-0039732,25.7064,0.07360000000000255
2025,8,00-0039739,6.962000000000001,8.437999999999999
2025,8,00-0039746,1.7269999999999999,-1.527
2025,8,00-0039757,0.669,0.831
2025,8,00-0039798,9.184000000000001,4.215999999999999
2025,8,00-0039847,4.913,-1.4130000000000003
2025,8,00-0039851,18.6726,9.607400000000002
2025,8,00-0039868,16.576,7.323999999999998
2025,8,00-0039874,5.453,-2.153
2025,8,00-0039875,9.598,-7.998000000000001
2025,8,00-0039880,6.236,5.364
2025,8,00-0039890,1.1520000000000001,-1.1520000000000001
2025,8,00-0039894,9.437000000000001,-1.6370000000000005
2025,8,00-0039901,5.259,-0.7590000000000003
2025,8,00-0039912,0.911,1.7890000000000001
2025,8,00-0039915,14.474,3.3260000000000005
2025,8,00-0039918,26.7894,-12.9894
2025,8,00-0039919,15.129999999999999,-0.22999999999999865
2025,8,00-0039920,0.7040000000000002,2.396
2025,8,00-0040009,1.8490000000000002,5.551
2025,8,00-0040078,1.725,-0.925
2025,8,00-0040124,14.189,-0.7889999999999997
2025,8,00-0040126,7.932,-2.6319999999999997
2025,8,00-0040128,7.403,-0.10299999999999887
2025,8,00-0040129,16.872,-11.872
2025,8,00-0040130,13.858,-2.458
2025,8,00-0040134,7.8660000000000005,3.1339999999999995
2025,8,00-0040138,7.997,0.8030000000000008
2025,8,00-0040162,7.664000000000001,-2.2640000000000002
2025,8,00-0040164,2.159,-1.6589999999999998
2025,8,00-0040170,12.355,-5.155
2025,8,00-0040172,2.475,-1.275
2025,8,00-0040189,7.758,8.442
2025,8,00-0040194,4.641,-2.141
2025,8,00-0040198,7.053,6.0470000000000015
2025,8,00-0040202,3.0290000000000004,-0.42900000000000027
2025,8,00-0040206,1.0872000000000002,-0.9872000000000002
2025,8,00-0040218,2.7820000000000005,-1.8820000000000006
2025,8,00-0040236,5.952,-3.5519999999999996
2025,8,00-0040237,8.7,-1.8999999999999995
2025,8,00-0040242,4.7970000000000015,-2.2970000000000015
2025,8,00-0040259,0.791,-0.491
2025,8,00-0040429,1.9909999999999999,-0.8909999999999998
2025,8,00-0040432,4.456,-2.1560000000000006
2025,8,00-0040494,0.8732,-0.35319999999999996
2025,8,00-0040509,2.109,-1.109
2025,8,00-0040547,0.923,0.4770000000000001
2025,8,00-0040582,1.552,1.2480000000000002
2025,8,00-0040583,10.277000000000001,2.8229999999999986
2025,8,00-0040584,7.784000000000001,1.516
2025,8,00-0040586,3.8420000000000005,-0.9420000000000002
2025,8,00-0040644,2.225,-0.625
2025,8,00-0040663,9.605,5.795
2025,8,00-0040667,2.9170000000000003,-1.0170000000000003
2025,8,00-0040676,21.0488,-6.2888
2025,8,00-0040691,18.8854,0.5345999999999975
2025,8,00-0040704,15.466199999999999,0.07380000000000209
2025,8,00-0040705,10.371000000000002,2.528999999999998
2025,8,00-0040715,4.24,5.26
2025,8,00-0040727,4.9110000000000005,2.8889999999999993
2025,8,00-0040730,9.607,13.993000000000002
2025,8,00-0040734,6.26,1.2400000000000002
2025,8,00-0040735,0.8840000000000001,-0.4840000000000001
2025,8,00-0040736,14.646,-2.7460000000000004
2025,8,00-0040743,13.606,-7.286
2025,8,00-0040782,5.873,-5.873
2025,8,00-0040784,6.855,-3.6550000000000002
2025,9,00-0023459,24.967399999999998,-12.847399999999997
2025,9,00-0026158,26.205999999999996,8.494
2025,9,00-0026498,27.1396,-0.2995999999999981
2025,9,00-0029892,2.2680000000000002,-0.5680000000000001
2025,9,00-0030061,4.927,1.673000000000001
2025,9,00-0030279,5.704000000000001,-0.6040000000000001
2025,9,00-0030506,8.393,0.20700000000000074
2025,9,00-0030564,2.42,-2.42
2025,9,00-0030565,22.9084,5.351599999999998
2025,9,00-0031236,3.408,-0.8079999999999998
2025,9,00-0031381,16.042,4.457999999999998
2025,9,00-0031588,5.754,5.546000000000001
2025,9,00-0031687,1.039,0.8610000000000002
2025,9,00-0032104,1.6969999999999998,-0.6969999999999998
2025,9,00-0032211,3.109,-3.109
2025,9,00-0032392,1.569,0.931
2025,9,00-0032464,1.12,-1.12
2025,9,00-0032764,14.94,-2.34
2025,9,00-0032775,1.135,-1.135
2025,9,00-0033077,24.0994,-6.699400000000001
2025,9,00-0033090,7.619,-0.5189999999999992
2025,9,00-0033106,17.3548,2.0051999999999985
2025,9,00-0033110,7.919,0.8810000000000011
2025,9,00-0033119,23.2626,1.5773999999999972
2025,9,00-0033217,4.232,-4.232
2025,9,00-0033280,25.843,5.957000000000001
2025,9,00-0033282,0.9750000000000001,0.125
2025,9,00-0033288,6.385000000000001,-1.4850000000000003
2025,9,00-0033293,5.971000000000001,4.829
2025,9,00-0033307,3.261,1.1390000000000002
2025,9,00-0033357,3.886,-0.8860000000000001
2025,9,00-0033526,0.43600000000000005,0.06399999999999995
2025,9,00-0033555,2.173,-0.27300000000000013
2025,9,00-0033854,1.016,-0.31600000000000006
2025,9,00-0033857,1.0390000000000001,-0.3390000000000002
2025,9,00-0033858,6.226000000000001,-2.226000000000001
2025,9,00-0033873,19.8262,-9.3262
2025,9,00-0033881,3.743,-3.743
2025,9,00-0033906,5.196000000000001,-2.9960000000000004
2025,9,00-0033923,14.682,-2.6820000000000004
2025,9,00-0033955,0.397,-0.397
2025,9,00-0034348,7.5920000000000005,1.9079999999999995
2025,9,00-0034365,0.933,0.46699999999999986
2025,9,00-0034383,8.831000000000001,1.868999999999998
2025,9,00-0034407,1.0790000000000002,-0.07900000000000018
2025,9,00-0034418,1.008,0.19200000000000017
2025,9,00-0034613,2.6310000000000002,2.569
2025,9,00-0034753,9.701,5.898999999999999
2025,9,00-0034775,8.697,-4.0969999999999995
2025,9,00-0034791,9.2,-5.799999999999999
2025,9,00-0034796,20.8984,4.6616
2025,9,00-0034827,12.1856,8.7944
2025,9,00-0034857,19.4758,9.3442
2025,9,00-0034869,15.57,13.630000000000003
2025,9,00-0034960,6.835999999999999,-2.5359999999999987
2025,9,00-0034975,2.7670000000000003,-0.26700000000000035
2025,9,00-0035208,9.268,5.532
2025,9,00-0035229,5.558,2.542
2025,9,00-0035250,8.376000000000001,-2.2760000000000016
2025,9,00-0035261,13.043,-5.7429999999999986
2025,9,00-0035359,1.41,-1.41
2025,9,00-0035500,0.836,0.06400000000000006
2025,9,00-0035535,10.774,-2.074
2025,9,00-0035537,4.78,4.22
2025,9,00-0035640,9.374,-7.774000000000001
2025,9,00-0035644,4.01,5.790000000000001
2025,9,00-0035645,2.1050000000000004,6.795
2025,9,00-0035662,5.669,2.631000000000001
2025,9,00-0035685,14.912000000000003,-2.9120000000000026
2025,9,00-0035689,2.1510000000000002,1.3489999999999998
2025,9,00-0035700,18.799,-0.7989999999999959
2025,9,00-0035710,34.5974,-10.797400000000003
2025,9,00-0035719,6.809,0.09100000000000019
2025,9,00-0035891,3.2870000000000004,9.213
2025,9,00-0036040,4.647,5.952999999999999
2025,9,00-0036139,17.329,9.771
2025,9,00-0036158,8.158999999999999,-1.7589999999999986
2025,9,00-0036182,4.78,-1.58
2025,9,00-0036212,16.2322,-5.6922
2025,9,00-0036223,10.358000000000002,-3.658000000000002
2025,9,00-0036232,2.0740000000000003,-1.3740000000000003
2025,9,00-0036244,3.322,-1.322
2025,9,00-0036252,15.774000000000001,0.2259999999999991
2025,9,00-0036259,8.097,4.003000000000002
2025,9,00-0036264,15.292,-4.272
2025,9,00-0036290,3.0978000000000003,-1.5978000000000003
2025,9,00-0036309,2.379,-0.379
2025,9,00-0036322,15.753,-2.053000000000001
2025,9,00-0036355,27.8792,1.8207999999999984
2025,9,00-0036358,18.322,-6.321999999999999
2025,9,00-0036360,1.0979999999999999,-0.5979999999999999
2025,9,00-0036410,14.359,13.241000000000001
2025,9,00-0036415,6.4670000000000005,-3.8670000000000004
2025,9,00-0036422,2.1290000000000004,1.3709999999999996
2025,9,00-0036497,1.04,0.96
2025,9,00-0036550,6.729000000000001,1.5709999999999997
2025,9,00-0036554,15.747,-4.747
2025,9,00-0036555,4.726000000000001,-3.0260000000000007
2025,9,00-0036613,12.152000000000001,-0.952
2025,9,00-0036620,1.0670000000000002,-1.0670000000000002
2025,9,00-0036626,14.477,-10.077
2025,9,00-0036628,4.624,-1.6239999999999997
2025,9,00-0036637,1.4329999999999998,-1.4329999999999998
2025,9,00-0036727,0.36600000000000005,-0.16600000000000004
2025,9,00-0036754,0.949,0.6510000000000001
2025,9,00-0036755,5.184000000000001,-0.7840000000000007
2025,9,00-0036841,1.8930000000000002,-1.8930000000000002
2025,9,00-0036887,1.3210000000000002,0.07899999999999974
2025,9,00-0036894,6.743,3.456999999999999
2025,9,00-0036898,15.333600000000002,-9.1536
2025,9,00-0036900,12.69,1.410000000000002
2025,9,00-0036919,7.775,-2.375
2025,9,00-0036959,0.9630000000000001,1.137
2025,9,00-0036963,20.437,-6.237
2025,9,00-0036970,8.886,-3.0859999999999985
2025,9,00-0036971,32.8026,-9.602599999999995
2025,9,00-0036972,16.4526,1.3473999999999968
2025,9,00-0036973,26.235,-12.235
2025,9,00-0036980,1.8070000000000004,1.4929999999999999
2025,9,00-0036997,10.429,-1.6289999999999996
2025,9,00-0037004,4.7330000000000005,-3.6330000000000005
2025,9,00-0037005,1.086,-1.086
2025,9,00-0037085,2.7660000000000005,-1.1660000000000004
2025,9,00-0037120,4.861,-3.561
2025,9,00-0037157,11.987000000000002,-6.287000000000002
2025,9,00-0037228,18.84,-2.9399999999999977
2025,9,00-0037238,22.671999999999997,11.628
2025,9,00-0037239,4.593,2.607
2025,9,00-0037240,8.318,6.282000000000002
2025,9,00-0037247,11.196,-0.2959999999999994
2025,9,00-0037248,16.692999999999998,-3.692999999999998
2025,9,00-0037252,6.032,1.3680000000000003
2025,9,00-0037261,8.933,-1.133
2025,9,00-0037263,0.98,-0.3799999999999999
2025,9,00-0037291,6.4190000000000005,-4.319000000000001
2025,9,00-0037304,0.256,0.14400000000000002
2025,9,00-0037323,0.34600000000000003,-0.045999999999999985
2025,9,00-0037329,3.919,5.780999999999999
2025,9,00-0037348,1.667,-1.667
2025,9,00-0037525,9.027,-4.827
2025,9,00-0037545,10.679,-1.3789999999999996
2025,9,00-0037563,0.418,-0.11799999999999994
2025,9,00-0037654,1.036,0.6640000000000001
2025,9,00-0037664,19.651,-5.151
2025,9,00-0037742,1.4529999999999998,0.4470000000000003
2025,9,00-0037744,17.996000000000002,-3.996000000000002
2025,9,00-0037746,2.286,9.014000000000001
2025,9,00-0037801,3.971,-1.6710000000000003
2025,9,00-0037809,1.9800000000000002,0.019999999999999796
2025,9,00-0037816,14.06,-1.4600000000000009
2025,9,00-0037837,7.707000000000001,0.3930000000000007
2025,9,00-0037838,8.715,-1.2149999999999999
2025,9,00-0037840,22,-4.600000000000001
2025,9,00-0038041,13.226,-5.726000000000001
2025,9,00-0038046,5.8100000000000005,3.49
2025,9,00-0038090,1.5780000000000003,1.0219999999999998
2025,9,00-0038104,2.008,-2.008
2025,9,00-0038117,11.415000000000001,-2.3149999999999995
2025,9,00-0038124,5.649,1.1510000000000007
2025,9,00-0038134,11.483,-4.383
2025,9,00-0038359,4.84,-2.6399999999999997
2025,9,00-0038416,0.154,0.646
2025,9,00-0038454,4.307,-2.007
2025,9,00-0038465,0.9100000000000001,0.69
2025,9,00-0038542,16.227,-2.626999999999999
2025,9,00-0038543,13.462999999999997,4.537000000000003
2025,9,00-0038544,11.001999999999999,2.298000000000002
2025,9,00-0038547,2.471,-0.571
2025,9,00-0038558,13.094,-6.794
2025,9,00-0038559,6.075000000000001,1.5249999999999995
2025,9,00-0038563,4.511,0.7890000000000006
2025,9,00-0038597,24.063,-8.863
2025,9,00-0038606,11.584999999999999,1.415000000000001
2025,9,00-0038608,1.5620000000000003,-1.5620000000000003
2025,9,00-0038611,8.461,4.039
2025,9,00-0038614,3.8120000000000003,2.888
2025,9,00-0038618,6.372000000000001,-1.8720000000000008
2025,9,00-0038619,12.788,2.7119999999999997
2025,9,00-0038621,11.664,6.336
2025,9,00-0038658,-0.1,0
2025,9,00-0038679,0.98,0.2200000000000002
2025,9,00-0038685,1.8250000000000002,1.5750000000000002
2025,9,00-0038705,8.534,-0.23399999999999999
2025,9,00-0038797,6.899,-4.699
2025,9,00-0038839,3.634,-0.4339999999999997
2025,9,00-0038840,1.1059999999999999,0.19400000000000017
2025,9,00-0038933,8.965,10.135000000000002
2025,9,00-0038994,8.945,-1.545
2025,9,00-0038996,2.757,0.24299999999999988
2025,9,00-0038997,12.276,1.7240000000000002
2025,9,00-0039032,6.754000000000001,0.945999999999998
2025,9,00-0039040,20.930000000000003,-7.330000000000004
2025,9,00-0039041,3.1710000000000003,1.3289999999999997
2025,9,00-0039064,7.3180000000000005,1.5819999999999999
2025,9,00-0039065,10.731,7.969000000000003
2025,9,00-0039066,8.813,-4.713000000000001
2025,9,00-0039067,12.193000000000001,4.407
2025,9,00-0039074,8.297,-3.0970000000000004
2025,9,00-0039075,16.112000000000002,3.187999999999999
2025,9,00-0039139,8.575000000000001,-4.275000000000001
2025,9,00-0039144,2.735,2.1650000000000005
2025,9,00-0039150,10.5212,-5.5412
2025,9,00-0039163,6.9424,-2.5824
2025,9,00-0039165,5.158,-0.05800000000000072
2025,9,00-0039299,1.3530000000000002,-0.4530000000000002
2025,9,00-0039338,23.859,13.440999999999995
2025,9,00-0039342,4.476000000000001,-1.7760000000000007
2025,9,00-0039356,1.108,-0.1080000000000001
2025,9,00-0039384,6.723000000000001,-1.5230000000000006
2025,9,00-0039391,9.722,-6.7219999999999995
2025,9,00-0039410,4.466,3.733999999999999
2025,9,00-0039491,1.242,0.15799999999999992
2025,9,00-0039603,8.142000000000001,-8.142000000000001
2025,9,00-0039732,17.5958,0.924199999999999
2025,9,00-0039738,7.772,-1.9719999999999995
2025,9,00-0039739,2.4250000000000007,-1.5250000000000008
2025,9,00-0039757,7.939999999999999,2.9600000000000017
2025,9,00-0039793,10.633,-0.6329999999999991
2025,9,00-0039847,7.711,2.488999999999999
2025,9,00-0039849,16.459,2.641000000000002
2025,9,00-0039851,20.2922,0.0677999999999983
2025,9,00-0039868,15.641000000000002,-11.341000000000001
2025,9,00-0039880,5.3839999999999995,2.216000000000001
2025,9,00-0039884,2.819,-1.2189999999999999
2025,9,00-0039890,1.1400000000000001,0.06000000000000005
2025,9,00-0039893,8.268,-1.2680000000000007
2025,9,00-0039894,9.530999999999999,-5.030999999999999
2025,9,00-0039901,2.3270000000000004,0.3729999999999998
2025,9,00-0039910,18.2386,-1.0186000000000028
2025,9,00-0039915,7.5440000000000005,0.05600000000000005
2025,9,00-0039917,21.742600000000003,0.9973999999999954
2025,9,00-0039918,29.598800000000004,8.101199999999999
2025,9,00-0039919,7.16,-7.16
2025,9,00-0039923,20.308200000000003,0.6117999999999952
2025,9,00-0040009,3.4709999999999996,-1.2709999999999995
2025,9,00-0040078,2.721,-2.021
2025,9,00-0040122,16.322,1.0779999999999994
2025,9,00-0040124,8.849,-2.2489999999999997
2025,9,00-0040126,12.340000000000002,14.459999999999999
2025,9,00-0040128,14.892,-9.792
2025,9,00-0040130,0.984,-0.08399999999999996
2025,9,00-0040131,1.31,-1.31
2025,9,00-0040134,4.551,-1.5510000000000002
2025,9,00-0040138,1.1,-1.4000000000000001
2025,9,00-0040142,1.8300000000000003,-0.03000000000000025
2025,9,00-0040164,5.329000000000001,-0.9290000000000003
2025,9,00-0040170,7.558,-1.4579999999999993
2025,9,00-0040172,1.8889999999999998,0.5110000000000006
2025,9,00-0040184,2.64,-2.64
2025,9,00-0040189,6.986,2.314000000000001
2025,9,00-0040194,2.8209999999999997,-0.5209999999999999
2025,9,00-0040198,2.179,-0.7789999999999997
2025,9,00-0040202,2.8530000000000006,-1.1530000000000005
2025,9,00-0040208,0.5730000000000001,-0.4730000000000001
2025,9,00-0040218,2.4590000000000005,-1.1590000000000003
2025,9,00-0040236,24.073,-2.7729999999999997
2025,9,00-0040238,1.5810000000000004,0.018999999999999684
2025,9,00-0040242,7.123000000000001,-2.5230000000000006
2025,9,00-0040583,8.577,-5.877
2025,9,00-0040584,1.2910000000000001,0.7089999999999999
2025,9,00-0040648,8.247,10.553
2025,9,00-0040667,3.9000000000000004,-2.0000000000000004
2025,9,00-0040676,9.219,-2.818999999999999
2025,9,00-0040691,23.076999999999998,4.163000000000004
2025,9,00-0040705,4.42,-3.42
2025,9,00-0040719,13.554,-4.454000000000001
2025,9,00-0040727,2.361,0.4389999999999996
2025,9,00-0040730,7.072000000000001,7.0280000000000005
2025,9,00-0040734,14.088000000000001,-3.3880000000000017
2025,9,00-0040737,6.07,0.33000000000000007
2025,9,00-0040739,5.058,4.8420000000000005
2025,9,00-0040743,8.6646,2.5753999999999984
2025,10,00-0023459,13.012,-2.571999999999999
2025,10,00-0026498,23.6572,3.2428000000000026
2025,10,00-0029263,5.8226,-2.8226000000000004
2025,10,00-0029892,5.096,-3.2960000000000003
2025,10,00-0030035,2.916,-0.31599999999999984
2025,10,00-0030061,6.496,0.9039999999999999
2025,10,00-0030279,5.419000000000001,-2.519000000000001
2025,10,00-0030564,6.57,-3.97
2025,10,00-0030565,8.677200000000001,-2.257200000000001
2025,10,00-0031381,16.757,-0.05700000000000216
2025,10,00-0031588,13.168000000000001,-0.06799999999999962
2025,10,00-0031687,1.5050000000000001,0.4949999999999999
2025,10,00-0032104,1.092,0.20799999999999996
2025,10,00-0032211,5.495,1.4050000000000002
2025,10,00-0032268,17.689200000000003,1.0307999999999957
2025,10,00-0032385,5.69,-1.0900000000000007
2025,10,00-0032392,1.5090000000000001,-1.5090000000000001
2025,10,00-0032464,5.563000000000001,2.3369999999999997
2025,10,00-0032688,7.599,-5.399
2025,10,00-0032764,15.913000000000002,-6.013000000000002
2025,10,00-0032775,5.755,-0.8549999999999995
2025,10,00-0033090,5.282,-3.882
2025,10,00-0033106,17.8252,6.974800000000002
2025,10,00-0033110,2.954,1.8460000000000005
2025,10,00-0033119,33.1872,-11.767199999999995
2025,10,00-0033217,2.12,-2.12
2025,10,00-0033246,2.482,0.11799999999999988
2025,10,00-0033280,18.312,-4.712
2025,10,00-0033282,1.385,1.215
2025,10,00-0033288,11.209000000000001,7.690999999999997
2025,10,00-0033293,12.028,2.371999999999998
2025,10,00-0033307,1.657,0.7430000000000003
2025,10,00-0033357,6.3408,-4.3408
2025,10,00-0033376,0.29900000000000004,0.0010000000000000009
2025,10,00-0033555,16.204,-2.603999999999999
2025,10,00-0033858,2.797,-1.8970000000000002
2025,10,00-0033869,0.851,-0.45099999999999996
2025,10,00-0033881,6.975,-4.7749999999999995
2025,10,00-0033885,2.773,6.327
2025,10,00-0033891,2.766,-2.766
2025,10,00-0033906,14.840000000000002,-1.8400000000000016
2025,10,00-0033908,2.406,5.994
2025,10,00-0033955,5.114999999999999,-1.7149999999999994
2025,10,00-0034073,1.194,-1.194
2025,10,00-0034270,1.278,0.42200000000000015
2025,10,00-0034348,4.535,-0.6349999999999998
2025,10,00-0034351,8.248000000000001,-1.9480000000000013
2025,10,00-0034383,13.116,1.684000000000001
2025,10,00-0034577,0.6772,-0.7772
2025,10,00-0034753,9.732,-0.831999999999999
2025,10,00-0034775,3.4140000000000006,-2.6140000000000008
2025,10,00-0034791,3.1110000000000007,2.5889999999999995
2025,10,00-0034796,25.3838,-10.743800000000002
2025,10,00-0034827,5.667,-5.667
2025,10,00-0034844,12.949000000000002,-1.3490000000000002
2025,10,00-0034855,19.4004,3.5196000000000005
2025,10,00-0034857,23.296400000000002,0.043600000000001415
2025,10,00-0034869,8.151600000000002,2.7683999999999997
2025,10,00-0034960,3.78,1.8200000000000007
2025,10,00-0034975,5.997999999999999,1.8020000000000005
2025,10,00-0034981,3.6320000000000006,-1.0320000000000005
2025,10,00-0035021,1.135,1.0650000000000002
2025,10,00-0035125,0.335,0.26500000000000007
2025,10,00-0035208,5.634,-4.634
2025,10,00-0035229,1.703,0.09699999999999998
2025,10,00-0035250,11.885,-3.084999999999999
2025,10,00-0035359,1.7760000000000002,-1.7760000000000002
2025,10,00-0035500,3.378,2.822
2025,10,00-0035535,5.68,5.220000000000001
2025,10,00-0035537,2.672,0.9280000000000004
2025,10,00-0035628,1.8070000000000002,-1.707
2025,10,00-0035640,11.593,-6.593
2025,10,00-0035645,4.478,-4.478
2025,10,00-0035676,3.9850000000000003,-1.6850000000000005
2025,10,00-0035685,11.465,-3.8649999999999993
2025,10,00-0035689,6.617000000000001,-1.4170000000000007
2025,10,00-0035700,17.352999999999998,1.8470000000000013
2025,10,00-0035704,-0.30000000000000004,-0.09999999999999998
2025,10,00-0035710,18.3256,1.1743999999999986
2025,10,00-0035719,9.923000000000002,0.9769999999999985
2025,10,00-0036040,4.362,12.838000000000003
2025,10,00-0036139,12.342,1.4580000000000002
2025,10,00-0036158,9.868,-0.9680000000000017
2025,10,00-0036182,1.177,0.02300000000000013
2025,10,00-0036212,10.684800000000001,4.135199999999999
2025,10,00-0036223,24.382,23.718000000000007
2025,10,00-0036244,8.827,3.2730000000000015
2025,10,00-0036252,2.347,0.5530000000000004
2025,10,00-0036259,13.275000000000002,2.8249999999999993
2025,10,00-0036264,15.2366,-5.396599999999999
2025,10,00-0036275,16.275000000000002,-3.9750000000000014
2025,10,00-0036290,2.7560000000000002,-1.7560000000000002
2025,10,00-0036309,10.678000000000003,-8.478000000000002
2025,10,00-0036322,24.499000000000002,-18.799000000000003
2025,10,00-0036355,14.448200000000002,0.25179999999999936
2025,10,00-0036389,14.8846,-0.8646000000000011
2025,10,00-0036407,14.227,2.5730000000000004
2025,10,00-0036422,0.972,-0.272
2025,10,00-0036427,0.841,-0.841
2025,10,00-0036429,1.131,0.7690000000000001
2025,10,00-0036550,4.875,-3.375
2025,10,00-0036554,24.904000000000003,-7.804000000000002
2025,10,00-0036555,2.5940000000000003,-0.5940000000000003
2025,10,00-0036613,12.088000000000001,4.811999999999998
2025,10,00-0036626,3.748,-3.748
2025,10,00-0036628,2.168,-1.068
2025,10,00-0036727,1.0070000000000001,0.7929999999999999
2025,10,00-0036754,1.135,-1.135
2025,10,00-0036755,0.42300000000000004,-0.32300000000000006
2025,10,00-0036841,4.313,-0.012999999999999012
2025,10,00-0036887,2.7960000000000003,5.704
2025,10,00-0036894,3.1420000000000003,1.6580000000000004
2025,10,00-0036898,26.386000000000003,1.293999999999997
2025,10,00-0036912,9.771,5.129
2025,10,00-0036919,3.222,-1.822
2025,10,00-0036924,1.9850000000000003,-1.5850000000000004
2025,10,00-0036945,6.8516,2.1084000000000005
2025,10,00-0036963,14.806000000000001,-0.5060000000000002
2025,10,00-0036970,10.146,-5.346
2025,10,00-0036971,15.823000000000002,-2.003000000000002
2025,10,00-0036972,19.6666,5.3934
2025,10,00-0036973,16.369000000000003,-1.6690000000000023
2025,10,00-0036980,2.7310000000000003,-0.9310000000000003
2025,10,00-0037085,1.042,-1.042
2025,10,00-0037086,2.2110000000000003,-2.2110000000000003
2025,10,00-0037091,6.709999999999999,-2.909999999999999
2025,10,00-0037120,0.5890000000000001,-0.18900000000000006
2025,10,00-0037157,12.977000000000002,-9.177000000000001
2025,10,00-0037228,8.366000000000001,1.7339999999999982
2025,10,00-0037238,11.919,7.480999999999998
2025,10,00-0037239,10.973,7.926999999999998
2025,10,00-0037240,11.091000000000001,9.8089999999999975
2025,10,00-0037248,12.799000000000001,-2.599
2025,10,00-0037252,4.122,-1.4219999999999997
2025,10,00-0037256,9.541,-1.641
2025,10,00-0037261,10.428,-1.1280000000000001
2025,10,00-0037263,11.343,6.356999999999999
2025,10,00-0037267,1.581,-1.4809999999999999
2025,10,00-0037291,8.282,12.617999999999999
2025,10,00-0037340,1.014,0.8860000000000001
2025,10,00-0037525,3.02,0.5800000000000001
2025,10,00-0037545,2.6420000000000003,0.15799999999999947
2025,10,00-0037614,1.4860000000000002,-1.3860000000000001
2025,10,00-0037654,1.1580000000000001,0.04200000000000004
2025,10,00-0037664,11.099000000000002,5.300999999999997
2025,10,00-0037740,3.8300000000000005,-3.8300000000000005
2025,10,00-0037741,0.9299999999999999,-0.9299999999999999
2025,10,00-0037742,3.7430000000000003,3.5570000000000004
2025,10,00-0037744,18.367,4.833000000000002
2025,10,00-0037746,7.982000000000001,3.0180000000000007
2025,10,00-0037805,0.9969999999999999,-0.4969999999999999
2025,10,00-0037816,5.451,-4.451
2025,10,00-0037837,8.452,-6.052
2025,10,00-0037838,4.649,-1.9489999999999998
2025,10,00-0037840,12.604000000000001,8.796000000000001
2025,10,00-0038046,2.491,0.30900000000000016
2025,10,00-0038090,1.5290000000000001,0.7709999999999997
2025,10,00-0038102,0.2168,-0.2168
2025,10,00-0038115,5.3020000000000005,-4.002000000000001
2025,10,00-0038117,11.416,-2.216000000000001
2025,10,00-0038120,10.722,8.278
2025,10,00-0038124,6.0680000000000005,-0.5680000000000005
2025,10,00-0038129,14.084000000000001,-1.3840000000000003
2025,10,00-0038134,11.346000000000002,-3.846000000000002
2025,10,00-0038359,1.19,0.7100000000000002
2025,10,00-0038393,8.779,-2.978999999999999
2025,10,00-0038454,2.7230000000000003,0.3769999999999998
2025,10,00-0038542,10.31,-0.5099999999999998
2025,10,00-0038543,11.465,6.335000000000001
2025,10,00-0038544,11.546,-4.845999999999999
2025,10,00-0038555,1.609,-0.9089999999999999
2025,10,00-0038558,1.6010000000000002,0.3989999999999998
2025,10,00-0038559,9.221,-3.8209999999999997
2025,10,00-0038563,3.937,0.5630000000000002
2025,10,00-0038573,0.921,-0.121
2025,10,00-0038606,13.627,-3.2270000000000003
2025,10,00-0038611,5.933,1.6669999999999998
2025,10,00-0038621,2.918,1.4820000000000002
2025,10,00-0038679,1.444,1.4560000000000004
2025,10,00-0038705,8.581,3.319000000000001
2025,10,00-0038797,1.224,-0.32400000000000007
2025,10,00-0038933,4.947,-0.2469999999999999
2025,10,00-0038951,5.716,-0.11599999999999966
2025,10,00-0038979,5.0920000000000005,-2.9920000000000004
2025,10,00-0038994,15.427000000000001,-10.427000000000001
2025,10,00-0038997,2.008,-1.208
2025,10,00-0039040,18.363,19.137000000000008
2025,10,00-0039041,3.662,-0.7619999999999996
2025,10,00-0039050,0.796,-0.796
2025,10,00-0039064,6.867000000000001,3.2329999999999988
2025,10,00-0039065,5.920999999999999,1.8790000000000013
2025,10,00-0039066,5.532,-1.8319999999999999
2025,10,00-0039074,4.559,3.2409999999999997
2025,10,00-0039075,6.651999999999999,8.248000000000001
2025,10,00-0039139,15.256,21.444000000000003
2025,10,00-0039144,3.2700000000000005,0.5299999999999998
2025,10,00-0039150,8.762400000000001,-3.202400000000001
2025,10,00-0039165,11.373000000000001,2.9269999999999996
2025,10,00-0039299,4.634,4.465999999999999
2025,10,00-0039305,0.752,-0.752
2025,10,00-0039338,3.7550000000000003,-0.5550000000000002
2025,10,00-0039342,1.5270000000000001,-1.5270000000000001
2025,10,00-0039356,5.01,0.6900000000000004
2025,10,00-0039364,0.565,-0.16499999999999992
2025,10,00-0039379,0.8320000000000001,-0.8320000000000001
2025,10,00-0039384,9.508000000000001,-1.9080000000000004
2025,10,00-0039391,17.312,-0.012000000000000455
2025,10,00-0039424,3.8970000000000002,-1.8970000000000002
2025,10,00-0039451,0.845,0.05500000000000005
2025,10,00-0039491,3.7310000000000003,-0.13100000000000023
2025,10,00-0039577,0.23600000000000002,-0.23600000000000002
2025,10,00-0039589,2.2370000000000005,-1.1370000000000005
2025,10,00-0039732,14.3522,-4.552199999999999
2025,10,00-0039738,10.081,-4.480999999999999
2025,10,00-0039739,3.354,7.146
2025,10,00-0039746,4.632000000000001,-0.2320000000000002
2025,10,00-0039757,1.5900000000000003,-1.0900000000000003
2025,10,00-0039793,0.595,-0.29499999999999993
2025,10,00-0039798,2.066,-0.46599999999999975
2025,10,00-0039847,10.906000000000002,0.09399999999999764
2025,10,00-0039849,20.109,-9.309000000000001
2025,10,00-0039851,26.7768,-6.6768
2025,10,00-0039868,14.633000000000003,-2.1330000000000027
2025,10,00-0039874,2.566,-0.8659999999999997
2025,10,00-0039875,5.814,-5.514
2025,10,00-0039880,6.712999999999999,1.5870000000000015
2025,10,00-0039901,12.779,-0.6789999999999985
2025,10,00-0039912,2.324,4.5760000000000005
2025,10,00-0039915,8.521,10.179000000000002
2025,10,00-0039917,13.864400000000002,-2.884400000000001
2025,10,00-0039918,23.8256,1.2744
2025,10,00-0039919,17.509,0.09100000000000108
2025,10,00-0039920,1.7530000000000001,1.447
2025,10,00-0039923,29.762,-11.042000000000002
2025,10,00-0040009,1.9050000000000002,-0.7050000000000003
2025,10,00-0040058,3.855,-3.855
2025,10,00-0040122,13.943999999999997,-0.14399999999999658
2025,10,00-0040124,9.260000000000002,-0.7600000000000016
2025,10,00-0040126,4.982,2.518
2025,10,00-0040128,12.285000000000002,1.6149999999999984
2025,10,00-0040129,20.480999999999998,0.019000000000001904
2025,10,00-0040130,10.022,2.677999999999999
2025,10,00-0040131,3.5410000000000004,10.158999999999999
2025,10,00-0040134,2.4230000000000005,2.3769999999999993
2025,10,00-0040138,4.295,1.205
2025,10,00-0040142,0.869,-0.569
2025,10,00-0040162,1.8119999999999998,-1.412
2025,10,00-0040164,2.2030000000000003,2.3970000000000002
2025,10,00-0040187,1.3250000000000002,-1.3250000000000002
2025,10,00-0040189,8.485,-5.685
2025,10,00-0040194,4.976,4.124
2025,10,00-0040198,0.462,-0.762
2025,10,00-0040202,4.625,-0.024999999999999467
2025,10,00-0040236,5.114,3.686000000000001
2025,10,00-0040237,8.379999999999999,9.82
2025,10,00-0040238,1.089,0.01100000000000012
2025,10,00-0040242,6.593999999999999,-3.5939999999999994
2025,10,00-0040581,1.1920000000000002,-0.29200000000000015
2025,10,00-0040582,0.659,0.641
2025,10,00-0040583,16.17,-1.0700000000000003
2025,10,00-0040590,2.299,-2.299
2025,10,00-0040663,7.345,-0.9449999999999994
2025,10,00-0040669,1.4020000000000001,0.19799999999999995
2025,10,00-0040691,21.8976,6.3824000000000005
2025,10,00-0040704,15.8024,4.277599999999998
2025,10,00-0040719,4.163,-2.6630000000000003
2025,10,00-0040727,1.991,-0.5910000000000002
2025,10,00-0040729,0.8820000000000001,-0.8820000000000001
2025,10,00-0040730,6.261,-3.4610000000000003
2025,10,00-0040734,13.785,13.715000000000003
2025,10,00-0040735,4.257,2.343000000000001
2025,10,00-0040736,1.646,-0.7459999999999999
2025,10,00-0040737,7.36,-3.66
2025,10,00-0040739,1.1,-0.10000000000000009
2025,10,00-0040743,10.6336,8.346400000000001
2025,10,00-0040784,12.643,-3.1430000000000007
2025,11,00-0023459,7.2028,2.2372000000000014
2025,11,00-0026158,14.6336,-2.7735999999999983
2025,11,00-0026498,17.9396,-4.739599999999999
2025,11,00-0029604,5.633399999999999,-3.513399999999999
2025,11,00-0029892,2.717,0.883
2025,11,00-0030035,2.251,-1.1509999999999998
2025,11,00-0030061,14.149000000000001,-7.949000000000001
2025,11,00-0030279,6.05,1.2500000000000009
2025,11,00-0030506,14.56,5.040000000000001
2025,11,00-0030564,5.144,-3.544
2025,11,00-0030565,20.3808,-5.460800000000001
2025,11,00-0031237,-0.1,0
2025,11,00-0031381,17.647,-11.046999999999999
2025,11,00-0031503,14.801000000000002,0.238999999999999
2025,11,00-0031588,13.645,1.3550000000000004
2025,11,00-0031687,3.0050000000000003,-0.7050000000000001
2025,11,00-0032211,3.362,1.4380000000000006
2025,11,00-0032268,20.880399999999998,-3.4603999999999964
2025,11,00-0032385,6.7379999999999995,1.3620000000000019
2025,11,00-0032398,9.307,-5.507
2025,11,00-0032688,0.8460000000000001,-0.8460000000000001
2025,11,00-0032764,16.138,3.0619999999999976
2025,11,00-0032775,3.9210000000000003,-2.1210000000000004
2025,11,00-0033077,23.7104,2.6096000000000004
2025,11,00-0033090,9.537,-3.037000000000001
2025,11,00-0033106,14.127600000000001,-0.027599999999999625
2025,11,00-0033110,4.327999999999999,-1.5279999999999991
2025,11,00-0033119,27.278,-1.3979999999999961
2025,11,00-0033246,3.1639999999999997,0.3360000000000003
2025,11,00-0033280,21.802000000000003,10.797999999999998
2025,11,00-0033282,4.545000000000001,-1.6450000000000005
2025,11,00-0033288,12.432000000000002,9.267999999999997
2025,11,00-0033293,16.306,-6.706000000000001
2025,11,00-0033375,8.14,1.3599999999999994
2025,11,00-0033555,7.735000000000001,0.6649999999999991
2025,11,00-0033757,1.008,-0.40800000000000003
2025,11,00-0033854,1.063,0.33699999999999997
2025,11,00-0033858,2.9290000000000003,-2.9290000000000003
2025,11,00-0033873,18.9386,-3.5985999999999994
2025,11,00-0033881,5.101000000000001,0.19899999999999984
2025,11,00-0033885,1.478,-0.2779999999999998
2025,11,00-0033908,10.454,-6.654
2025,11,00-0033923,10.497,2.203000000000001
2025,11,00-0033955,5.497000000000001,-1.5970000000000009
2025,11,00-0034348,10.187,-2.286999999999999
2025,11,00-0034351,6.328000000000001,-2.928000000000001
2025,11,00-0034365,2.0090000000000003,0.49099999999999966
2025,11,00-0034383,9.911000000000001,-1.811
2025,11,00-0034613,3.071,0.629
2025,11,00-0034753,9.717,4.482999999999999
2025,11,00-0034771,7.640000000000001,1.3399999999999999
2025,11,00-0034775,6.427,-5.327
2025,11,00-0034791,3.031,-1.331
2025,11,00-0034796,13.4242,-4.704200000000002
2025,11,00-0034798,4.029,-2.729
2025,11,00-0034827,5.554,-2.954
2025,11,00-0034837,1.062,0.738
2025,11,00-0034844,18.551000000000002,-9.051000000000002
2025,11,00-0034854,1.701,-1.701
2025,11,00-0034855,19.1444,1.6755999999999993
2025,11,00-0034857,27.3212,19.3588
2025,11,00-0034869,23.1544,-10.8944
2025,11,00-0034960,7.891000000000001,1.0089999999999995
2025,11,00-0035140,2.563,-2.563
2025,11,00-0035229,7.202000000000001,-1.8020000000000005
2025,11,00-0035249,0.786,-0.5860000000000001
2025,11,00-0035250,16.732,0.46799999999999997
2025,11,00-0035261,7.343999999999999,-3.243999999999999
2025,11,00-0035291,2.354,-1.9540000000000002
2025,11,00-0035359,2.1260000000000003,-0.5260000000000002
2025,11,00-0035500,7.816000000000001,7.784000000000001
2025,11,00-0035537,2.8230000000000004,11.177
2025,11,00-0035594,0.688,-0.8879999999999999
2025,11,00-0035628,1.951,-1.351
2025,11,00-0035640,10.332,-2.9320000000000004
2025,11,00-0035644,5.747000000000001,0.35299999999999887
2025,11,00-0035662,4.7,1.2999999999999998
2025,11,00-0035676,14.173000000000002,-5.7730000000000015
2025,11,00-0035685,3.9780000000000006,0.22199999999999953
2025,11,00-0035689,4.612,-1.8119999999999998
2025,11,00-0035700,9.01,-5.01
2025,11,00-0035719,11.019000000000002,6.180999999999997
2025,11,00-0035876,1.225,-0.2250000000000001
2025,11,00-0036139,17.516000000000002,-5.016000000000002
2025,11,00-0036165,7,1.1999999999999993
2025,11,00-0036176,4.231999999999999,-2.331999999999999
2025,11,00-0036187,0,0
2025,11,00-0036196,7.834,-2.3339999999999996
2025,11,00-0036212,12.5216,-5.6815999999999995
2025,11,00-0036244,3.721,4.679
2025,11,00-0036259,9.934000000000001,-2.5340000000000007
2025,11,00-0036264,13.160400000000001,2.499599999999999
2025,11,00-0036275,12.362,-3.362
2025,11,00-0036290,6.3020000000000005,0.6979999999999995
2025,11,00-0036309,9.995,-5.094999999999999
2025,11,00-0036322,10.831,-2.230999999999998
2025,11,00-0036355,7.0908,-1.7508
2025,11,00-0036358,14.076,1.024000000000001
2025,11,00-0036389,21.4066,-6.906600000000001
2025,11,00-0036407,7.056,-3.456
2025,11,00-0036410,10.789000000000001,3.0109999999999992
2025,11,00-0036415,9.337,0.36299999999999955
2025,11,00-0036422,0.892,0.40800000000000003
2025,11,00-0036554,14.319,5.381000000000002
2025,11,00-0036555,5.65,-2.35
2025,11,00-0036567,1.5790000000000002,-1.5790000000000002
2025,11,00-0036590,4.317,-2.717
2025,11,00-0036613,12.370000000000001,-5.670000000000001
2025,11,00-0036626,2.5220000000000002,-2.5220000000000002
2025,11,00-0036630,1.638,-1.638
2025,11,00-0036637,3.528,-1.6280000000000001
2025,11,00-0036672,0.388,-0.388
2025,11,00-0036727,2.403,-0.5029999999999999
2025,11,00-0036754,6.878,-5.078
2025,11,00-0036841,1.396,0.40400000000000014
2025,11,00-0036876,2.5130000000000003,-1.6130000000000004
2025,11,00-0036894,0.891,1.5090000000000003
2025,11,00-0036898,20.57,-4.210000000000001
2025,11,00-0036900,13.511000000000003,-9.011000000000003
2025,11,00-0036912,8.105,-6.805000000000001
2025,11,00-0036919,19.490000000000002,6.509999999999998
2025,11,00-0036924,8.916,-3.6159999999999997
2025,11,00-0036945,20.201799999999995,1.1382000000000048
2025,11,00-0036963,17.264000000000003,-12.064000000000004
2025,11,00-0036970,3.154,-0.7539999999999996
2025,11,00-0036971,17.7316,-0.7115999999999971
2025,11,00-0036972,-0.30000000000000004,0
2025,11,00-0036973,18.776,0.5240000000000009
2025,11,00-0036988,6.846,-4.146
2025,11,00-0036997,13.246,-3.4459999999999997
2025,11,00-0037005,1.9519999999999997,3.9480000000000004
2025,11,00-0037012,5.593999999999999,-4.013999999999999
2025,11,00-0037085,1.031,-0.5309999999999999
2025,11,00-0037091,0.776,0.9240000000000002
2025,11,00-0037157,6.896999999999999,5.603000000000001
2025,11,00-0037228,6.7780000000000005,0.9219999999999997
2025,11,00-0037238,12.038,3.362
2025,11,00-0037240,10.938000000000002,6.7620000000000005
2025,11,00-0037247,18.207,6.692999999999998
2025,11,00-0037248,12.83,6.070000000000002
2025,11,00-0037252,8.589,-5.789000000000001
2025,11,00-0037256,7.936000000000001,-0.7359999999999998
2025,11,00-0037261,3.378,-3.178
2025,11,00-0037263,7.023000000000001,1.576999999999999
2025,11,00-0037267,0.599,-0.39899999999999997
2025,11,00-0037291,1.3719999999999999,0.7280000000000002
2025,11,00-0037304,0.609,-0.30899999999999994
2025,11,00-0037306,2.0200000000000005,-1.0200000000000005
2025,11,00-0037525,3.082,7.418
2025,11,00-0037545,8.27,-4.369999999999999
2025,11,00-0037563,4.579000000000001,-2.5790000000000006
2025,11,00-0037614,3.9340000000000006,8.065999999999999
2025,11,00-0037666,1.054,-1.054
2025,11,00-0037741,2.4090000000000003,2.8909999999999996
2025,11,00-0037744,15.524000000000001,6.975999999999999
2025,11,00-0037746,5.648000000000001,-3.248
2025,11,00-0037801,2.553,-2.053
2025,11,00-0037805,4.7860000000000005,-0.48599999999999977
2025,11,00-0037809,3.218,3.8820000000000006
2025,11,00-0037816,9.071000000000002,-1.7710000000000008
2025,11,00-0037834,20.2282,-0.9282000000000004
2025,11,00-0037837,0.9420000000000001,0.05799999999999994
2025,11,00-0037838,3.319,-0.819
2025,11,00-0037840,11.614,4.486000000000001
2025,11,00-0038041,8.818999999999999,0.7810000000000006
2025,11,00-0038046,1.097,-1.097
2025,11,00-0038104,3.8470000000000004,2.753
2025,11,00-0038115,0.889,-0.889
2025,11,00-0038117,9.725999999999999,-4.1259999999999994
2025,11,00-0038120,9.061000000000002,-1.6610000000000014
2025,11,00-0038124,10.318,8.282000000000002
2025,11,00-0038128,3.6868000000000003,2.1531999999999996
2025,11,00-0038129,7.871,-4.071
2025,11,00-0038134,13.865,4.735000000000001
2025,11,00-0038359,2.297,-0.9970000000000001
2025,11,00-0038393,2.113,-0.7130000000000001
2025,11,00-0038454,6.560999999999999,-0.1609999999999987
2025,11,00-0038542,26.897000000000002,1.4029999999999951
2025,11,00-0038543,17.686,-1.5859999999999985
2025,11,00-0038544,4.317,-4.317
2025,11,00-0038555,2.047,1.3530000000000002
2025,11,00-0038558,5.305,3.3949999999999996
2025,11,00-0038559,23.064999999999998,2.9350000000000023
2025,11,00-0038563,12.494,0.20599999999999952
2025,11,00-0038573,1.729,-1.729
2025,11,00-0038589,3.7410000000000005,2.9589999999999996
2025,11,00-0038597,16.804000000000002,-1.104000000000001
2025,11,00-0038606,2.4210000000000003,0.5789999999999997
2025,11,00-0038611,11.532000000000002,-2.532000000000002
2025,11,00-0038618,6.813000000000001,-1.1130000000000004
2025,11,00-0038619,3.8490000000000006,-0.34900000000000064
2025,11,00-0038621,3.7720000000000002,0.8279999999999994
2025,11,00-0038679,7.734,9.266
2025,11,00-0038685,0.49000000000000005,0.31
2025,11,00-0038705,5.22,-2.2199999999999998
2025,11,00-0038720,1.041,0.8590000000000002
2025,11,00-0038738,4.177,1.423
2025,11,00-0038794,4.992,2.9080000000000004
2025,11,00-0038797,7.668000000000001,3.7319999999999993
2025,11,00-0038840,2.172,0.528
2025,11,00-0038938,6.811,-4.011
2025,11,00-0038951,13.678,19.322
2025,11,00-0038976,0.5940000000000001,-0.3940000000000001
2025,11,00-0038979,4.779,1.9210000000000003
2025,11,00-0038994,11.768,-2.7680000000000007
2025,11,00-0039032,6.29,-0.3899999999999997
2025,11,00-0039040,22.124,-3.1239999999999988
2025,11,00-0039041,3.127,-1.0269999999999997
2025,11,00-0039064,6.484,3.3160000000000007
2025,11,00-0039066,3.9539999999999997,-1.154
2025,11,00-0039067,10.700999999999999,-3.900999999999998
2025,11,00-0039075,10.983,1.8170000000000002
2025,11,00-0039139,15.358,1.7420000000000009
2025,11,00-0039144,1.6880000000000002,-1.2880000000000003
2025,11,00-0039150,20.4996,9.3204
2025,11,00-0039165,8.409,-2.7090000000000005
2025,11,00-0039266,0.897,-0.6970000000000001
2025,11,00-0039299,0.879,-0.2789999999999999
2025,11,00-0039338,17.39,-6.690000000000001
2025,11,00-0039342,11.501000000000001,4.7989999999999995
2025,11,00-0039356,4.063000000000001,0.13699999999999957
2025,11,00-0039384,12.274,3.626000000000003
2025,11,00-0039391,4.065,-1.8650000000000007
2025,11,00-0039410,4.023,2.6770000000000005
2025,11,00-0039451,5.085399999999999,-3.985399999999999
2025,11,00-0039491,5.035,2.165
2025,11,00-0039521,3.7990000000000004,-1.2990000000000004
2025,11,00-0039530,2.319,-1.419
2025,11,00-0039686,1.1260000000000001,-0.2260000000000001
2025,11,00-0039732,16.740000000000002,-4.140000000000001
2025,11,00-0039738,13.065000000000003,-12.065000000000003
2025,11,00-0039739,3.1080000000000005,-0.9080000000000004
2025,11,00-0039751,1.2440000000000002,0.1559999999999997
2025,11,00-0039793,13.326,-1.2260000000000009
2025,11,00-0039796,0.907,1.093
2025,11,00-0039798,2.382,-1.282
2025,11,00-0039847,3.976,1.1239999999999997
2025,11,00-0039851,19.266,-3.8259999999999987
2025,11,00-0039868,11.762999999999998,-1.3629999999999978
2025,11,00-0039874,0.48400000000000004,-0.08400000000000002
2025,11,00-0039880,3.293,2.407
2025,11,00-0039890,7.688,-6.188
2025,11,00-0039894,7.306,-3.306
2025,11,00-0039915,4.445,-1.6450000000000005
2025,11,00-0039916,2.6879999999999997,-2.1879999999999997
2025,11,00-0039917,7.252000000000001,0.6479999999999997
2025,11,00-0039918,19.2896,-8.9696
2025,11,00-0039919,12.64,-7.54
2025,11,00-0039920,1.815,0.08499999999999996
2025,11,00-0039923,14.9152,-4.9152000000000005
2025,11,00-0040009,1.064,2.736
2025,11,00-0040039,1.912,-1.1119999999999999
2025,11,00-0040078,4.49,-2.6900000000000004
2025,11,00-0040122,10.427999999999999,-4.027999999999999
2025,11,00-0040124,18.262999999999998,10.737000000000002
2025,11,00-0040126,6.631,-1.1310000000000002
2025,11,00-0040129,11.519,-5.019
2025,11,00-0040130,10.571,-3.0709999999999997
2025,11,00-0040131,4.995,-4.995
2025,11,00-0040134,7.430000000000001,3.2700000000000005
2025,11,00-0040138,0.859,0.8410000000000002
2025,11,00-0040142,2.943,-1.443
2025,11,00-0040162,1.5710000000000002,0.32899999999999996
2025,11,00-0040164,1.5100000000000002,0.2899999999999998
2025,11,00-0040170,6.574,-4.474
2025,11,00-0040187,2.721,1.0790000000000002
2025,11,00-0040189,6.248,-1.1479999999999997
2025,11,00-0040198,11.146999999999998,-0.6469999999999985
2025,11,00-0040208,0.418,0.08200000000000002
2025,11,00-0040236,10.265,-0.0649999999999995
2025,11,00-0040237,6.534000000000001,-5.434000000000001
2025,11,00-0040238,2.895,0.7050000000000001
2025,11,00-0040242,5.993,-2.193
2025,11,00-0040259,1.339,-1.339
2025,11,00-0040317,0.9430000000000001,2.057
2025,11,00-0040363,1.0010000000000001,-0.10100000000000009
2025,11,00-0040583,13.759,-8.158999999999999
2025,11,00-0040584,4.93,-0.02999999999999936
2025,11,00-0040644,0.47100000000000003,-0.271
2025,11,00-0040663,4.6770000000000005,-1.0770000000000004
2025,11,00-0040667,4.087000000000001,-1.1870000000000003
2025,11,00-0040668,7.138600000000001,-3.6586000000000007
2025,11,00-0040669,1.171,-1.171
2025,11,00-0040676,15.3428,-0.28279999999999994
2025,11,00-0040704,5.0402,-2.120199999999999
2025,11,00-0040705,2.921,-0.5209999999999995
2025,11,00-0040719,8.9,4.5
2025,11,00-0040727,0.931,0.7690000000000001
2025,11,00-0040729,1.014,1.3860000000000003
2025,11,00-0040730,9.362,-2.862
2025,11,00-0040734,19.776,10.024000000000001
2025,11,00-0040735,6.123,-1.923
2025,11,00-0040736,3.855,1.145
2025,11,00-0040739,2.8300000000000005,-2.8300000000000005
2025,11,00-0040782,2.13,-1.3299999999999998
2025,11,00-0040784,11.544,-5.644
2025,12,00-0026158,14.357200000000002,-3.417200000000001
2025,12,00-0026498,24.156800000000004,-1.2368000000000023
2025,12,00-0028118,14.3614,0.4186000000000014
2025,12,00-0029604,10.984599999999999,5.475400000000002
2025,12,00-0030035,0.557,-0.557
2025,12,00-0030506,10.49,-4.09
2025,12,00-0030564,5,-2.7
2025,12,00-0030565,18.911800000000003,-2.7118000000000038
2025,12,00-0031237,7.529799999999999,-4.449799999999999
2025,12,00-0031381,18.375,2.3249999999999993
2025,12,00-0031503,28.758000000000003,4.981999999999999
2025,12,00-0031588,3.9970000000000003,-0.9970000000000003
2025,12,00-0031687,3.354,0.1459999999999999
2025,12,00-0032104,1.256,-1.256
2025,12,00-0032211,4.8660000000000005,3.3339999999999987
2025,12,00-0032385,6.633000000000001,-3.9330000000000007
2025,12,00-0032392,8.899000000000001,-3.4990000000000006
2025,12,00-0032464,2.931,1.7690000000000001
2025,12,00-0032764,22.943,-1.1430000000000042
2025,12,00-0032775,1.2750000000000001,0.02499999999999991
2025,12,00-0033077,29.114399999999996,-0.05439999999999756
2025,12,00-0033090,17.502000000000002,3.4979999999999976
2025,12,00-0033106,19.9432,-0.7832000000000008
2025,12,00-0033119,24.042799999999996,-5.3627999999999965
2025,12,00-0033217,1.1280000000000001,0.2719999999999998
2025,12,00-0033246,2.289,-0.589
2025,12,00-0033280,22.823000000000004,0.8769999999999953
2025,12,00-0033288,13.829,-3.029
2025,12,00-0033293,7.667,-0.46699999999999875
2025,12,00-0033357,11.9312,-10.231200000000001
2025,12,00-0033375,8.514000000000001,-8.514000000000001
2025,12,00-0033555,8.198,-4.198
2025,12,00-0033857,3.962,-2.662
2025,12,00-0033858,5.363,-1.0629999999999997
2025,12,00-0033873,28.2792,-11.199200000000001
2025,12,00-0033906,3.4800000000000004,-0.9800000000000004
2025,12,00-0033908,5.5200000000000005,-2.12
2025,12,00-0033921,4.678000000000001,-2.778000000000001
2025,12,00-0033923,21.497000000000003,-0.9970000000000034
2025,12,00-0034351,2.447,0.5529999999999999
2025,12,00-0034365,3.5970000000000004,2.0029999999999992
2025,12,00-0034383,8.608,-7.308000000000001
2025,12,00-0034521,2.483,-1.0830000000000002
2025,12,00-0034613,1.1280000000000001,0.2719999999999998
2025,12,00-0034753,7.3549999999999995,-5.754999999999999
2025,12,00-0034771,13.875800000000002,-2.3358000000000025
2025,12,00-0034775,10.318,3.5820000000000007
2025,12,00-0034791,5.165,-3.165
2025,12,00-0034796,18.5544,-11.3344
2025,12,00-0034798,1.273,-0.3729999999999999
2025,12,00-0034827,12.471,8.428999999999998
2025,12,00-0034829,6.859,-1.359
2025,12,00-0034844,15.678,-4.7780000000000005
2025,12,00-0034855,11.347600000000002,-3.8076000000000008
2025,12,00-0034857,14.4464,-3.6464
2025,12,00-0034860,1.278,0.6220000000000001
2025,12,00-0034869,16.948,0.7119999999999962
2025,12,00-0034959,1.118,0.3819999999999999
2025,12,00-0034960,11.17,1.83
2025,12,00-0034981,0.718,-0.718
2025,12,00-0035021,1.342,3.9580000000000006
2025,12,00-0035100,0.3272,0.23280000000000006
2025,12,00-0035208,1.177,-0.07699999999999996
2025,12,00-0035229,3.3260000000000005,0.5739999999999998
2025,12,00-0035249,1.069,-0.16899999999999993
2025,12,00-0035250,9.238,-4.537999999999999
2025,12,00-0035261,9.978,-3.878
2025,12,00-0035359,5.3580000000000005,3.241999999999999
2025,12,00-0035500,11.431,2.3690000000000015
2025,12,00-0035535,4.624,-1.8239999999999994
2025,12,00-0035537,5.162000000000001,1.5379999999999994
2025,12,00-0035631,0.9670000000000001,-0.4670000000000001
2025,12,00-0035640,11.242000000000003,0.6579999999999959
2025,12,00-0035644,1.028,0.3719999999999999
2025,12,00-0035645,0.5279999999999999,4.792000000000001
2025,12,00-0035662,0.988,0.512
2025,12,00-0035676,16.278,4.722000000000001
2025,12,00-0035685,9.68,-4.4799999999999995
2025,12,00-0035689,4.662,-1.4619999999999997
2025,12,00-0035710,18.9554,-2.115400000000001
2025,12,00-0036040,7.6259999999999994,-0.025999999999998913
2025,12,00-0036133,3.843,1.8570000000000002
2025,12,00-0036139,6.307,3.093
2025,12,00-0036165,11.024000000000001,0.17599999999999838
2025,12,00-0036187,0.9440000000000001,-0.2440000000000001
2025,12,00-0036196,3.466,-0.766
2025,12,00-0036223,14.414000000000001,-6.814000000000001
2025,12,00-0036244,8.02,4.080000000000002
2025,12,00-0036252,13.337,-2.1370000000000005
2025,12,00-0036259,9.838000000000001,2.7620000000000005
2025,12,00-0036264,9.602200000000002,-2.542200000000001
2025,12,00-0036275,7.083,-3.683
2025,12,00-0036290,1.044,-0.244
2025,12,00-0036309,5.965,8.935
2025,12,00-0036322,7.157,-0.3569999999999993
2025,12,00-0036332,1.1219999999999999,-0.021999999999999797
2025,12,00-0036358,19.921,-10.421
2025,12,00-0036360,4.277,-1.577
2025,12,00-0036389,29.1736,1.686399999999999
2025,12,00-0036407,2.9800000000000004,1.42
2025,12,00-0036410,6.747000000000001,-1.1470000000000011
2025,12,00-0036415,0.9670000000000001,0.633
2025,12,00-0036429,3.359,0.5410000000000004
2025,12,00-0036554,4.137,2.8630000000000004
2025,12,00-0036555,6.837,-0.536999999999999
2025,12,00-0036630,1.4900000000000002,-1.4900000000000002
2025,12,00-0036637,4.757000000000001,-0.7570000000000006
2025,12,00-0036741,0.657,0.5430000000000001
2025,12,00-0036754,4.809,-0.4089999999999998
2025,12,00-0036825,0.35000000000000003,-0.15000000000000002
2025,12,00-0036841,1.21,-1.21
2025,12,00-0036862,1.151,1.449
2025,12,00-0036875,11.172,-9.672
2025,12,00-0036887,0.7969999999999999,0.0030000000000001137
2025,12,00-0036894,5.318,4.082000000000001
2025,12,00-0036898,18.9952,-4.475199999999999
2025,12,00-0036912,17.847,-5.947000000000001
2025,12,00-0036919,13.116,2.0840000000000014
2025,12,00-0036924,7.028,0.27200000000000113
2025,12,00-0036963,20.312,5.087999999999997
2025,12,00-0036970,6.940000000000001,-3.4400000000000013
2025,12,00-0036971,22.655799999999996,2.484200000000005
2025,12,00-0036973,11.950000000000001,7.15
2025,12,00-0036980,3.9180000000000006,-3.718000000000001
2025,12,00-0036988,5.815,-2.7150000000000003
2025,12,00-0036997,16.404999999999998,-5.304999999999996
2025,12,00-0037086,1.182,0.1180000000000001
2025,12,00-0037157,15.847999999999999,-4.648
2025,12,00-0037228,11.815,0.9850000000000012
2025,12,00-0037239,16.246,-4.745999999999999
2025,12,00-0037240,3.4600000000000004,-3.4600000000000004
2025,12,00-0037247,14.827,10.273000000000001
2025,12,00-0037248,11.160000000000002,9.24
2025,12,00-0037256,4.14,0.5600000000000014
2025,12,00-0037261,10.276000000000002,1.4239999999999977
2025,12,00-0037263,6.639,-1.2389999999999999
2025,12,00-0037267,0.645,-0.9450000000000001
2025,12,00-0037291,1.454,-1.454
2025,12,00-0037292,4.056,3.7439999999999998
2025,12,00-0037304,0.24100000000000002,-0.24100000000000002
2025,12,00-0037306,0.9830000000000001,0.617
2025,12,00-0037525,3.168,1.032
2025,12,00-0037545,4.315,-3.8150000000000004
2025,12,00-0037563,1.4320000000000002,0.9680000000000002
2025,12,00-0037594,0.871,-0.571
2025,12,00-0037614,7.167999999999999,8.332
2025,12,00-0037664,5.132,-2.0319999999999996
2025,12,00-0037741,1.302,-1.302
2025,12,00-0037744,11.751,0.6490000000000009
2025,12,00-0037746,6.601999999999999,-1.701999999999999
2025,12,00-0037801,3.927000000000001,1.7730000000000001
2025,12,00-0037809,3.8390000000000004,1.6609999999999996
2025,12,00-0037816,3.2540000000000004,0.04599999999999982
2025,12,00-0037834,15.2216,-1.901600000000002
2025,12,00-0037837,5.075,0.5249999999999995
2025,12,00-0037838,3.5770000000000004,-2.0770000000000004
2025,12,00-0037840,6.583000000000001,-1.2830000000000004
2025,12,00-0038041,10.471,-1.8710000000000004
2025,12,00-0038104,1.993,-1.993
2025,12,00-0038115,2.901,-2.901
2025,12,00-0038117,20.198999999999998,5.901000000000003
2025,12,00-0038120,10.829,3.0709999999999997
2025,12,00-0038124,8.373,-0.972999999999999
2025,12,00-0038128,0.3252,0.2548000000000001
2025,12,00-0038129,7.3790000000000004,-3.279000000000001
2025,12,00-0038134,15.002,-3.4019999999999992
2025,12,00-0038393,4.592,-0.39199999999999946
2025,12,00-0038454,2.304,0.09600000000000009
2025,12,00-0038458,1.6670000000000003,-1.0670000000000002
2025,12,00-0038496,1.133,-0.33299999999999996
2025,12,00-0038542,9.706999999999999,1.9930000000000003
2025,12,00-0038543,18.79,14.310000000000002
2025,12,00-0038547,1.569,-1.569
2025,12,00-0038555,0.515,0.28500000000000003
2025,12,00-0038558,2.291,0.9090000000000003
2025,12,00-0038559,19.86,-3.0599999999999987
2025,12,00-0038563,12.846,-8.546
2025,12,00-0038576,2.573,-2.573
2025,12,00-0038589,1.145,-0.545
2025,12,00-0038597,12.926999999999998,-0.6269999999999971
2025,12,00-0038606,12.711,2.889000000000001
2025,12,00-0038608,2.345,0.1549999999999998
2025,12,00-0038618,1.4050000000000002,-0.5050000000000002
2025,12,00-0038619,10.318000000000001,-1.718
2025,12,00-0038621,2.4650000000000003,3.1350000000000002
2025,12,00-0038685,4.949,-1.8489999999999998
2025,12,00-0038738,1.109,0.09100000000000019
2025,12,00-0038797,24.636,0.8640000000000043
2025,12,00-0038839,8.65,1.25
2025,12,00-0038935,7.497000000000001,4.303
2025,12,00-0038951,7.158,-2.058
2025,12,00-0038953,3.267,0.03299999999999992
2025,12,00-0038979,4.947000000000001,-3.947000000000001
2025,12,00-0038994,0.9770000000000001,-0.9770000000000001
2025,12,00-0038997,6.83,-4.83
2025,12,00-0039032,7.673,-3.173
2025,12,00-0039064,9.565,-0.16499999999999915
2025,12,00-0039066,0.9720000000000001,0.928
2025,12,00-0039067,18.691,-0.5909999999999975
2025,12,00-0039074,5.037999999999999,-0.637999999999999
2025,12,00-0039075,18.043,-4.842999999999998
2025,12,00-0039139,24.399000000000004,25.501
2025,12,00-0039144,2.307,-1.1069999999999998
2025,12,00-0039150,19.9052,-7.645200000000001
2025,12,00-0039165,6.432,3.0679999999999996
2025,12,00-0039338,10.211,-1.7110000000000003
2025,12,00-0039342,6.083,-2.383
2025,12,00-0039356,1.108,-0.008000000000000007
2025,12,00-0039359,2.199,-2.199
2025,12,00-0039384,16.765,-2.2650000000000006
2025,12,00-0039410,1.185,-1.185
2025,12,00-0039424,11.204,-6.0040000000000004
2025,12,00-0039491,5.724,-1.024
2025,12,00-0039521,7.4239999999999995,-6.023999999999999
2025,12,00-0039530,2.4149999999999996,4.485000000000001
2025,12,00-0039577,0.2712,-0.3512
2025,12,00-0039623,5.168,-0.36799999999999944
2025,12,00-0039738,3.6630000000000003,-1.263
2025,12,00-0039739,5.2909999999999995,-5.2909999999999995
2025,12,00-0039751,3.3850000000000002,-0.18500000000000005
2025,12,00-0039757,3.048,-3.048
2025,12,00-0039792,1.56,1.94
2025,12,00-0039793,7.24,-4.44
2025,12,00-0039798,2.088,-1.388
2025,12,00-0039847,12.633,-3.433
2025,12,00-0039851,29.6596,-11.6996
2025,12,00-0039890,10.67,-5.47
2025,12,00-0039894,10.412,-2.5120000000000005
2025,12,00-0039916,7.17,-5.37
2025,12,00-0039918,18.6348,5.025200000000005
2025,12,00-0039919,12.82,-6.02
2025,12,00-0039920,1.7240000000000002,-1.0240000000000002
2025,12,00-0039923,5.883000000000001,-1.4030000000000005
2025,12,00-0040009,0.736,-0.736
2025,12,00-0040024,2.02,-0.31999999999999984
2025,12,00-0040078,5.757,-0.657
2025,12,00-0040122,17.236000000000004,3.5639999999999965
2025,12,00-0040124,10.123999999999999,0.3760000000000012
2025,12,00-0040126,7.023000000000001,5.877
2025,12,00-0040128,9.350000000000001,-2.3500000000000014
2025,12,00-0040129,13.065999999999999,-8.366
2025,12,00-0040130,13.73,-1.9299999999999997
2025,12,00-0040131,1.0819999999999999,1.218
2025,12,00-0040138,3.4250000000000003,-2.0250000000000004
2025,12,00-0040162,5.586,9.614
2025,12,00-0040187,3.7210000000000005,-3.7210000000000005
2025,12,00-0040194,2.14,1.46
2025,12,00-0040202,9.745000000000001,-1.1450000000000014
2025,12,00-0040208,1.995,-1.495
2025,12,00-0040218,0.8640000000000001,0.736
2025,12,00-0040236,8.961,1.8390000000000004
2025,12,00-0040237,8.198,2.6020000000000003
2025,12,00-0040238,0.593,-0.39299999999999996
2025,12,00-0040522,8.437000000000001,-4.8370000000000015
2025,12,00-0040581,2.905,-1.0049999999999997
2025,12,00-0040582,0.726,0.07400000000000007
2025,12,00-0040583,12.604000000000001,-5.204000000000001
2025,12,00-0040584,7.895,0.20500000000000185
2025,12,00-0040590,3.16,0.33999999999999986
2025,12,00-0040663,6.367999999999999,0.03200000000000092
2025,12,00-0040668,6.9768,5.2832
2025,12,00-0040669,1.1390000000000002,-1.1390000000000002
2025,12,00-0040676,22.834600000000002,1.1053999999999995
2025,12,00-0040705,10.665,2.235000000000001
2025,12,00-0040719,4.431,-2.731
2025,12,00-0040734,18.32,-8.719999999999999
2025,12,00-0040735,6.869,0.7310000000000008
2025,12,00-0040736,5.1690000000000005,-1.5690000000000004
2025,12,00-0040737,1.837,-1.837
2025,12,00-0040739,1.04,-0.040000000000000036
2025,12,00-0040743,27.8782,-15.958199999999998
2025,12,00-0040782,2.2060000000000004,4.594
2025,12,00-0040784,10.391,6.308999999999999
2025,13,00-0023459,10.049199999999999,-5.369199999999999
2025,13,00-0026498,20.026,-2.4060000000000024
2025,13,00-0028118,19.4422,1.8378000000000014
2025,13,00-0029604,11.0036,2.356399999999999
2025,13,00-0029892,1.584,2.116
2025,13,00-0030061,17.406,-1.8059999999999974
2025,13,00-0030279,7.455,-2.455
2025,13,00-0030506,11.658,1.3420000000000005
2025,13,00-0030564,3.979,-0.4790000000000001
2025,13,00-0030565,13.607800000000001,0.39220000000000077
2025,13,00-0031236,0.782,1.018
2025,13,00-0031381,11.632,8.168000000000001
2025,13,00-0031588,6.466,-2.3660000000000005
2025,13,00-0031610,5.79,-0.08999999999999986
2025,13,00-0031687,0.5860000000000001,0.014000000000000012
2025,13,00-0032211,0.802,0.798
2025,13,00-0032268,36.6438,-11.3838
2025,13,00-0032385,4.328,-3.3280000000000003
2025,13,00-0032764,5.836,11.063999999999998
2025,13,00-0032775,1.8710000000000002,-1.2710000000000001
2025,13,00-0033077,21,-0.3999999999999986
2025,13,00-0033090,12.012,-2.7119999999999997
2025,13,00-0033106,14.0208,6.619200000000001
2025,13,00-0033119,20.774399999999996,0.8656000000000041
2025,13,00-0033280,27.6108,-12.2108
2025,13,00-0033288,5.458,3.241999999999999
2025,13,00-0033293,6.034999999999999,-1.5349999999999993
2025,13,00-0033307,1.108,-1.108
2025,13,00-0033319,-0.30000000000000004,0
2025,13,00-0033357,1.553,-0.353
2025,13,00-0033375,1.254,0.3460000000000001
2025,13,00-0033455,1.187,-0.28700000000000003
2025,13,00-0033526,11.255,-4.855
2025,13,00-0033555,5.8100000000000005,-2.0100000000000002
2025,13,00-0033857,0.714,-0.714
2025,13,00-0033858,3.792,-2.6919999999999997
2025,13,00-0033873,24.3352,5.104799999999997
2025,13,00-0033881,11.119,-0.21899999999999942
2025,13,00-0033885,1.9820000000000002,-0.5820000000000003
2025,13,00-0033908,4.156,-0.25599999999999934
2025,13,00-0033921,9.693,-0.3929999999999989
2025,13,00-0033923,12.783,-4.2829999999999995
2025,13,00-0033955,5.0200000000000005,-1.0200000000000005
2025,13,00-0034073,7.355,-6.555000000000001
2025,13,00-0034348,7.922,6.778
2025,13,00-0034351,4.399,-0.6989999999999998
2025,13,00-0034365,0.9530000000000001,0.347
2025,13,00-0034383,10.55,-1.5500000000000007
2025,13,00-0034418,2.402,-0.30200000000000005
2025,13,00-0034521,0.5850000000000001,0.9149999999999999
2025,13,00-0034613,5.744,2.1560000000000006
2025,13,00-0034753,7.997000000000002,-1.2970000000000015
2025,13,00-0034771,0.9584000000000001,-0.9584000000000001
2025,13,00-0034791,6.532,2.8680000000000003
2025,13,00-0034796,17.7942,-5.254200000000001
2025,13,00-0034827,7.663,-3.963
2025,13,00-0034829,8.357,-5.456999999999999
2025,13,00-0034844,8.786,-3.185999999999999
2025,13,00-0034855,18.6912,-4.231199999999998
2025,13,00-0034857,17.5992,1.1207999999999991
2025,13,00-0034869,8.114,-2.9940000000000007
2025,13,00-0034960,11.004999999999999,7.295000000000002
2025,13,00-0034981,1.614,0.6859999999999997
2025,13,00-0035042,0.625,-1.925
2025,13,00-0035208,4.745,-1.8449999999999998
2025,13,00-0035229,6.287,2.6130000000000004
2025,13,00-0035250,8.836,8.864000000000003
2025,13,00-0035261,6.578,0.22199999999999953
2025,13,00-0035311,1.538,-0.938
2025,13,00-0035359,5.727,2.7729999999999997
2025,13,00-0035406,0.702,-0.702
2025,13,00-0035500,1.674,0.7260000000000004
2025,13,00-0035535,3.466,7.634000000000001
2025,13,00-0035537,5.73,-1.7300000000000004
2025,13,00-0035544,4.6610000000000005,0.9389999999999992
2025,13,00-0035631,2.7180000000000004,-0.5180000000000002
2025,13,00-0035640,5.196,-0.49599999999999955
2025,13,00-0035644,2.185,-1.385
2025,13,00-0035659,26.268,-7.167999999999999
2025,13,00-0035662,3.63,5.37
2025,13,00-0035676,17.079,13.121000000000002
2025,13,00-0035685,8.745000000000001,3.054999999999998
2025,13,00-0035689,5.445,-1.1449999999999996
2025,13,00-0035700,10.439,-0.8389999999999986
2025,13,00-0035710,12.2184,3.9215999999999998
2025,13,00-0035719,10.004000000000001,-1.404
2025,13,00-0035891,1.089,1.5110000000000001
2025,13,00-0036040,8.17,-1.7699999999999996
2025,13,00-0036133,1.2240000000000002,0.5759999999999998
2025,13,00-0036139,10.690000000000001,-1.790000000000001
2025,13,00-0036165,0.673,0.22699999999999998
2025,13,00-0036196,2.4160000000000004,-1.4160000000000004
2025,13,00-0036212,13.4616,-6.7816
2025,13,00-0036223,15.908,-2.308
2025,13,00-0036244,7.823,-3.123
2025,13,00-0036252,5.082000000000001,-3.282000000000001
2025,13,00-0036259,8.557,3.343
2025,13,00-0036264,25.862399999999997,-0.10239999999999938
2025,13,00-0036275,12.356000000000002,7.943999999999999
2025,13,00-0036290,4.457000000000001,6.642999999999999
2025,13,00-0036309,6.706,-3.2060000000000004
2025,13,00-0036322,6.659000000000001,-5.259
2025,13,00-0036355,17.218600000000002,-2.3786000000000023
2025,13,00-0036358,14.808,5.892000000000003
2025,13,00-0036389,15.7084,4.591600000000005
2025,13,00-0036406,4.052,2.6480000000000006
2025,13,00-0036407,4.632000000000001,-0.5320000000000009
2025,13,00-0036415,4.56,-1.0599999999999996
2025,13,00-0036422,4.785,1.415
2025,13,00-0036442,31.872,-12.632000000000001
2025,13,00-0036550,1.7210000000000003,-1.7210000000000003
2025,13,00-0036554,19.299,-0.2989999999999995
2025,13,00-0036555,10.636,8.764000000000003
2025,13,00-0036590,2.865,-0.9650000000000001
2025,13,00-0036613,8.744,-3.2439999999999998
2025,13,00-0036628,1.7880000000000003,0.11199999999999966
2025,13,00-0036727,1.374,0.526
2025,13,00-0036755,11.388,0.012000000000000455
2025,13,00-0036841,7.476000000000001,-7.476000000000001
2025,13,00-0036862,0.949,-0.949
2025,13,00-0036875,9.973,-0.47300000000000075
2025,13,00-0036887,3.942,-3.942
2025,13,00-0036900,19.608000000000004,-5.108000000000004
2025,13,00-0036912,8.611,-1.311
2025,13,00-0036919,6.614,-1.1139999999999999
2025,13,00-0036924,8.124,0.7759999999999998
2025,13,00-0036963,0.698,-0.698
2025,13,00-0036970,7.696999999999999,4.003000000000002
2025,13,00-0036971,19.198800000000002,0.46119999999999806
2025,13,00-0036972,0.064,0.136
2025,13,00-0036973,7.632,-3.031999999999999
2025,13,00-0036997,15.295000000000002,0.2049999999999983
2025,13,00-0037005,2.004,-1.304
2025,13,00-0037012,1.5146000000000002,-0.7546000000000002
2025,13,00-0037085,5.89,-2.59
2025,13,00-0037091,2.7500000000000004,-1.2500000000000004
2025,13,00-0037157,10.125,7.175000000000001
2025,13,00-0037197,3.6849999999999996,0.6150000000000011
2025,13,00-0037228,12.493,-1.093
2025,13,00-0037239,8.921,3.779
2025,13,00-0037240,13.706999999999999,9.693
2025,13,00-0037247,17.538,-5.7379999999999995
2025,13,00-0037248,23.186,-3.9860000000000007
2025,13,00-0037252,2.734,0.6660000000000004
2025,13,00-0037256,4.923,-0.5229999999999997
2025,13,00-0037261,6.307,-5.307
2025,13,00-0037263,9.549,2.9510000000000005
2025,13,00-0037267,2.807,0.39300000000000024
2025,13,00-0037291,1.499,-1.499
2025,13,00-0037292,1.426,-0.1259999999999999
2025,13,00-0037306,3.899,-3.899
2025,13,00-0037487,3.0050000000000003,0.7949999999999999
2025,13,00-0037525,3.407,1.8929999999999998
2025,13,00-0037545,3.6100000000000003,-1.5100000000000002
2025,13,00-0037563,1.45,9.25
2025,13,00-0037614,9.659,-5.9590000000000005
2025,13,00-0037664,10.001000000000001,5.7989999999999995
2025,13,00-0037741,3.591,-1.891
2025,13,00-0037742,7.452999999999999,-0.4529999999999994
2025,13,00-0037744,13.535,4.665000000000003
2025,13,00-0037746,3.973,-1.3729999999999998
2025,13,00-0037801,3.9850000000000003,3.115000000000001
2025,13,00-0037805,1.933,0.2670000000000001
2025,13,00-0037809,6.044,-1.1439999999999992
2025,13,00-0037816,8.535,1.4649999999999999
2025,13,00-0037834,20.1398,-3.0198000000000036
2025,13,00-0037837,2.5700000000000003,-2.5700000000000003
2025,13,00-0037838,8.074,3.926
2025,13,00-0037840,9.279,3.9209999999999994
2025,13,00-0038041,9.429,-3.3290000000000006
2025,13,00-0038046,1.7840000000000003,0.4159999999999999
2025,13,00-0038117,7.757000000000001,-0.8570000000000002
2025,13,00-0038120,13.783,0.817000000000002
2025,13,00-0038124,20.2,-3.8999999999999986
2025,13,00-0038129,2.2380000000000004,-0.3380000000000005
2025,13,00-0038134,11.693,-2.7929999999999993
2025,13,00-0038359,4.564,5.136000000000001
2025,13,00-0038393,14.422,10.578
2025,13,00-0038397,2.213,-0.7130000000000001
2025,13,00-0038440,2.299,0.30100000000000016
2025,13,00-0038454,4.227,5.873000000000001
2025,13,00-0038465,0.919,-0.919
2025,13,00-0038542,22.974,4.826000000000004
2025,13,00-0038543,4.257000000000001,-0.9570000000000003
2025,13,00-0038544,4.094,5.706
2025,13,00-0038547,1.221,-0.6210000000000001
2025,13,00-0038558,5.414000000000001,0.08599999999999941
2025,13,00-0038559,10.683,-5.583
2025,13,00-0038563,2.8920000000000003,0.6079999999999997
2025,13,00-0038589,1.2040000000000002,-1.2040000000000002
2025,13,00-0038597,15.594000000000001,-0.7940000000000005
2025,13,00-0038606,3.5010000000000003,-0.40100000000000025
2025,13,00-0038608,9.982000000000001,1.517999999999999
2025,13,00-0038611,8.976,1.1240000000000006
2025,13,00-0038618,9.778,-4.878
2025,13,00-0038619,6.28,3.12
2025,13,00-0038621,3.8339999999999996,0.9660000000000011
2025,13,00-0038685,2.181,-0.28100000000000014
2025,13,00-0038720,1.459,-1.459
2025,13,00-0038794,4.468000000000001,-0.9680000000000004
2025,13,00-0038797,1.794,-0.3939999999999999
2025,13,00-0038839,14.527,-11.326999999999998
2025,13,00-0038935,6.99,5.01
2025,13,00-0038951,0.796,-0.796
2025,13,00-0038953,2.867,-2.067
2025,13,00-0038976,2.498,0.20199999999999996
2025,13,00-0038979,0.779,-0.779
2025,13,00-0038994,12.007,-5.907
2025,13,00-0038997,5.688000000000001,-0.28800000000000026
2025,13,00-0039032,6.608,-1.2079999999999993
2025,13,00-0039040,14.399000000000001,5.000999999999998
2025,13,00-0039041,1.863,0.8370000000000002
2025,13,00-0039050,1,0.6000000000000001
2025,13,00-0039064,9.775,-8.175
2025,13,00-0039067,24.542,0.8580000000000005
2025,13,00-0039074,1.262,-0.362
2025,13,00-0039075,13.306,-3.106
2025,13,00-0039139,15.239,-5.138999999999999
2025,13,00-0039144,1.9089999999999998,0.8910000000000005
2025,13,00-0039150,9.330400000000001,13.209600000000002
2025,13,00-0039163,21.151600000000002,-10.111600000000001
2025,13,00-0039165,10.103000000000002,1.0969999999999978
2025,13,00-0039338,8.882000000000001,11.418
2025,13,00-0039342,2.3600000000000003,-1.7600000000000002
2025,13,00-0039359,5.269,-2.3689999999999998
2025,13,00-0039361,11.056000000000001,4.0440000000000005
2025,13,00-0039384,5.766,-1.9660000000000002
2025,13,00-0039391,21.528000000000002,-1.3279999999999994
2025,13,00-0039410,4.022,0.8780000000000001
2025,13,00-0039424,10.035,9.265
2025,13,00-0039451,1.026,-1.026
2025,13,00-0039491,8.713000000000001,6.686999999999999
2025,13,00-0039521,1.2360000000000002,-1.2360000000000002
2025,13,00-0039623,4.576,-1.1759999999999997
2025,13,00-0039686,1.0910000000000002,0.8089999999999999
2025,13,00-0039732,18.61,-0.16999999999999815
2025,13,00-0039738,6.331,7.768999999999999
2025,13,00-0039739,1.201,-1.201
2025,13,00-0039746,1.1560000000000001,0.44399999999999995
2025,13,00-0039751,1.7790000000000001,-1.7790000000000001
2025,13,00-0039792,3.7290000000000005,-3.7290000000000005
2025,13,00-0039793,5.918,-0.21799999999999997
2025,13,00-0039796,2.4640000000000004,-0.7640000000000002
2025,13,00-0039798,0.6819999999999999,-0.6819999999999999
2025,13,00-0039824,1.102,-0.20200000000000007
2025,13,00-0039847,9.711,-5.311
2025,13,00-0039849,9.452,0.4480000000000004
2025,13,00-0039851,24.482599999999998,-4.0025999999999975
2025,13,00-0039868,3.87,-0.77
2025,13,00-0039874,1.661,-0.06099999999999994
2025,13,00-0039875,4.022,2.178
2025,13,00-0039880,6.319,-1.319
2025,13,00-0039890,15.8,4.400000000000002
2025,13,00-0039893,3.543,0.2570000000000001
2025,13,00-0039894,10.401,-1.0009999999999994
2025,13,00-0039901,5.925,1.9750000000000005
2025,13,00-0039915,11.589,0.31099999999999994
2025,13,00-0039916,3.823,-1.4229999999999996
2025,13,00-0039918,18.605800000000002,-7.145800000000001
2025,13,00-0039919,8.07,-6.2700000000000005
2025,13,00-0039920,0.6240000000000001,0.2759999999999999
2025,13,00-0040122,16.971,-7.871
2025,13,00-0040124,3.455,7.345000000000001
2025,13,00-0040126,7.302,-3.001999999999999
2025,13,00-0040128,6.413,3.286999999999999
2025,13,00-0040129,11.438,-5.238
2025,13,00-0040130,5.893000000000001,3.1069999999999993
2025,13,00-0040131,2.093,7.707000000000001
2025,13,00-0040134,8.343,-2.643
2025,13,00-0040138,1.4180000000000001,-1.4180000000000001
2025,13,00-0040142,1.2680000000000002,-0.9680000000000002
2025,13,00-0040162,1.8520000000000003,0.44799999999999995
2025,13,00-0040164,1.3030000000000002,-1.3030000000000002
2025,13,00-0040170,5.99,-4.99
2025,13,00-0040187,2.8930000000000002,0.6069999999999998
2025,13,00-0040189,3.709,-0.5089999999999999
2025,13,00-0040194,1.0020000000000002,0.4979999999999998
2025,13,00-0040198,1.294,-0.29400000000000004
2025,13,00-0040202,9.066,-0.6660000000000004
2025,13,00-0040236,12.302000000000001,6.697999999999999
2025,13,00-0040237,2.9330000000000003,-1.9330000000000003
2025,13,00-0040242,1.8650000000000002,0.1349999999999998
2025,13,00-0040259,3.0160000000000005,0.2839999999999998
2025,13,00-0040494,9.663200000000002,-4.723200000000001
2025,13,00-0040522,1.274,0.726
2025,13,00-0040581,2.122,-0.5219999999999998
2025,13,00-0040583,9.834,-2.6339999999999995
2025,13,00-0040584,8.830000000000002,-3.530000000000001
2025,13,00-0040644,0.935,-0.03500000000000003
2025,13,00-0040663,4.619,7.181000000000001
2025,13,00-0040668,7.849,2.7110000000000003
2025,13,00-0040669,5.148,5.352
2025,13,00-0040676,14.273200000000001,-7.933200000000001
2025,13,00-0040691,10.603800000000001,0.956199999999999
2025,13,00-0040704,0.1984,-0.1984
2025,13,00-0040705,5.915000000000001,-4.515000000000001
2025,13,00-0040719,9.344000000000001,-0.9440000000000026
2025,13,00-0040727,5.035,-0.5350000000000001
2025,13,00-0040729,3.261,-0.06099999999999994
2025,13,00-0040730,16.296999999999997,3.4030000000000022
2025,13,00-0040734,12.657,-2.5570000000000004
2025,13,00-0040735,7.721000000000001,-2.1210000000000013
2025,13,00-0040736,4.699,-1.5989999999999998
2025,13,00-0040737,5.061,-5.061
2025,13,00-0040739,3.0250000000000004,-3.0250000000000004
2025,13,00-0040743,16.320200000000003,3.0397999999999996
2025,13,00-0040782,3.16,0.040000000000000036
2025,13,00-0040784,13.438,-1.0380000000000003
2025,14,00-0023459,25.095,-4.134999999999998
2025,14,00-0026498,22.095599999999997,1.1444000000000045
2025,14,00-0028118,1.0412000000000001,-0.8012000000000001
2025,14,00-0029604,14.834800000000001,-8.354800000000001
2025,14,00-0030035,0.941,-0.040999999999999925
2025,14,00-0030061,2.6360000000000006,-1.0360000000000005
2025,14,00-0030279,3.067,0.633
2025,14,00-0030506,5.431,-4.131
2025,14,00-0030564,1.359,-1.359
2025,14,00-0030565,9.2652,-0.22519999999999918
2025,14,00-0031345,-0.30000000000000004,-0.09999999999999998
2025,14,00-0031381,11.923,-7.023
2025,14,00-0031610,5.311000000000001,-3.1110000000000007
2025,14,00-0031687,1,-0.30000000000000004
2025,14,00-0032104,2.38,-0.48
2025,14,00-0032211,4.265,1.3350000000000009
2025,14,00-0032268,3.4070000000000005,-1.5070000000000006
2025,14,00-0032385,0.883,0.11699999999999999
2025,14,00-0032764,18.508000000000003,-7.808000000000002
2025,14,00-0033077,30.0232,-9.583200000000001
2025,14,00-0033106,16.2152,-0.05519999999999925
2025,14,00-0033119,23.871,-2.8309999999999995
2025,14,00-0033217,2.192,-2.192
2025,14,00-0033293,8.47,-0.8700000000000001
2025,14,00-0033319,0.05519999999999997,-0.03519999999999998
2025,14,00-0033357,2.869,-2.9690000000000003
2025,14,00-0033375,11.456,4.844000000000001
2025,14,00-0033376,0.6040000000000001,-0.6040000000000001
2025,14,00-0033455,1.034,0.16600000000000015
2025,14,00-0033526,3.891,0.4089999999999998
2025,14,00-0033591,2.5850000000000004,-0.18500000000000005
2025,14,00-0033854,1.3690000000000002,5.131
2025,14,00-0033857,2.294,-1.294
2025,14,00-0033858,0.974,-0.974
2025,14,00-0033873,19.141000000000002,-7.341000000000001
2025,14,00-0033881,1.975,-0.17500000000000004
2025,14,00-0033885,3.767,2.8329999999999997
2025,14,00-0033908,6.6979999999999995,3.8020000000000005
2025,14,00-0033921,7.888000000000001,0.11199999999999921
2025,14,00-0033923,10.038000000000002,-1.038000000000002
2025,14,00-0033955,0.984,-0.28400000000000003
2025,14,00-0034073,1.881,-0.981
2025,14,00-0034159,0.877,-0.277
2025,14,00-0034272,1.041,-1.041
2025,14,00-0034348,14.853000000000002,-5.653000000000002
2025,14,00-0034351,10.418000000000001,1.3819999999999997
2025,14,00-0034365,1.9140000000000001,0.786
2025,14,00-0034383,4.283,-0.5830000000000002
2025,14,00-0034487,1.162,-1.162
2025,14,00-0034521,1.072,-1.072
2025,14,00-0034613,1.113,0.4870000000000001
2025,14,00-0034753,8.655999999999999,-7.2559999999999985
2025,14,00-0034775,3.776,-2.6759999999999997
2025,14,00-0034791,0.41100000000000003,-0.11099999999999999
2025,14,00-0034796,25.6456,-2.585600000000003
2025,14,00-0034798,1.031,-0.33099999999999996
2025,14,00-0034827,3.4539999999999997,-3.3539999999999996
2025,14,00-0034829,8.776,8.824000000000002
2025,14,00-0034844,13.089000000000002,5.111000000000001
2025,14,00-0034855,16.955,-3.875
2025,14,00-0034857,25.6418,10.198200000000003
2025,14,00-0034869,24.3064,-0.04639999999999844
2025,14,00-0034959,1.221,0.9790000000000001
2025,14,00-0034960,21.316000000000003,-8.516000000000002
2025,14,00-0034981,1.169,0.931
2025,14,00-0035208,4.452999999999999,3.2470000000000008
2025,14,00-0035229,6.276999999999999,1.923
2025,14,00-0035249,5.996,9.404
2025,14,00-0035261,12.343,15.757000000000001
2025,14,00-0035359,5.345000000000001,-5.345000000000001
2025,14,00-0035406,3.611,0.589
2025,14,00-0035537,4.494,0.4060000000000006
2025,14,00-0035640,23.234,-4.934000000000001
2025,14,00-0035644,2.7020000000000004,-0.7020000000000004
2025,14,00-0035659,6.095000000000001,-0.4950000000000001
2025,14,00-0035662,3.1689999999999996,0.8310000000000004
2025,14,00-0035676,18.749000000000002,-5.749000000000002
2025,14,00-0035685,4.122,9.678
2025,14,00-0035689,10.653,1.6470000000000002
2025,14,00-0035700,16.985999999999997,-0.7859999999999978
2025,14,00-0035704,0,0
2025,14,00-0035710,3.8908000000000005,-1.0908000000000007
2025,14,00-0035719,8.793,-4.092999999999999
2025,14,00-0035876,3.208,-2.4080000000000004
2025,14,00-0035891,1.2770000000000001,0.12299999999999978
2025,14,00-0036040,4.07,1.7300000000000004
2025,14,00-0036133,1.012,-1.012
2025,14,00-0036196,3.645,-0.5449999999999999
2025,14,00-0036212,9.576,-0.49600000000000044
2025,14,00-0036223,13.335,0.0649999999999995
2025,14,00-0036244,11.381,-0.6810000000000009
2025,14,00-0036252,14.138000000000002,-1.7380000000000013
2025,14,00-0036264,12.3536,8.906399999999998
2025,14,00-0036275,14.296999999999999,-4.596999999999998
2025,14,00-0036290,5.6610000000000005,-0.4610000000000003
2025,14,00-0036309,6.856,-5.756
2025,14,00-0036322,6.03,-3.93
2025,14,00-0036331,1.4949999999999999,1.4050000000000005
2025,14,00-0036332,1.117,-1.117
2025,14,00-0036355,20.1618,-4.001799999999999
2025,14,00-0036358,12.479,2.621000000000002
2025,14,00-0036389,19.450599999999998,-9.050599999999998
2025,14,00-0036407,6.2,8.900000000000002
2025,14,00-0036410,17.806,6.394000000000002
2025,14,00-0036415,3.2790000000000004,-0.5790000000000002
2025,14,00-0036422,2.479,0.22100000000000009
2025,14,00-0036442,17.9728,9.3872
2025,14,00-0036550,4.408,-1.108
2025,14,00-0036554,11.077,3.0230000000000015
2025,14,00-0036613,11.061,4.539
2025,14,00-0036637,3.305,-1.405
2025,14,00-0036727,4.524,-0.2239999999999993
2025,14,00-0036741,0.756,-0.756
2025,14,00-0036862,1.344,0.45599999999999996
2025,14,00-0036894,4.073,-2.1730000000000005
2025,14,00-0036900,9.760000000000002,-2.0600000000000014
2025,14,00-0036912,9.764,-4.063999999999999
2025,14,00-0036919,16.665,-3.465
2025,14,00-0036924,6.811,-2.7110000000000003
2025,14,00-0036963,11.532,0.668000000000001
2025,14,00-0036970,12.211,-0.2110000000000003
2025,14,00-0036971,24.2476,-4.887599999999999
2025,14,00-0036973,12.790999999999999,7.909000000000001
2025,14,00-0036997,18.878999999999998,-5.1789999999999985
2025,14,00-0037013,-0.2,0
2025,14,00-0037085,3.092,-0.492
2025,14,00-0037091,3.742,7.258
2025,14,00-0037157,9.36,-4.459999999999999
2025,14,00-0037197,4.4670000000000005,-1.4670000000000005
2025,14,00-0037228,8.316999999999998,5.383000000000001
2025,14,00-0037239,7.145000000000001,-2.6450000000000014
2025,14,00-0037240,16.311,-2.5109999999999992
2025,14,00-0037247,13.606,-7.406
2025,14,00-0037248,14.458999999999998,-2.358999999999998
2025,14,00-0037252,3.056,2.5440000000000005
2025,14,00-0037256,7.914,-1.9139999999999988
2025,14,00-0037261,4.195,4.404999999999999
2025,14,00-0037263,11.001,-3.3009999999999984
2025,14,00-0037267,2.614,-0.6139999999999999
2025,14,00-0037291,3.5680000000000005,0.9319999999999995
2025,14,00-0037304,1.3650000000000002,-1.1650000000000003
2025,14,00-0037306,2.0100000000000002,0.3900000000000001
2025,14,00-0037475,1.355,-1.355
2025,14,00-0037487,0.956,-0.05599999999999994
2025,14,00-0037525,8.664,2.5359999999999996
2025,14,00-0037545,6.704000000000001,1.9959999999999987
2025,14,00-0037557,3.936,0.1640000000000006
2025,14,00-0037563,1.4829999999999999,-0.8829999999999998
2025,14,00-0037614,9.511000000000001,-4.111000000000001
2025,14,00-0037664,10.717,-0.21700000000000053
2025,14,00-0037741,5.5329999999999995,-4.733
2025,14,00-0037742,1.236,-1.236
2025,14,00-0037744,12.432,-4.132
2025,14,00-0037745,2.089,1.1110000000000002
2025,14,00-0037801,2.902,1.0979999999999999
2025,14,00-0037805,2.88,0.020000000000000462
2025,14,00-0037809,1.8110000000000002,1.1889999999999998
2025,14,00-0037816,3.3569999999999998,-3.3569999999999998
2025,14,00-0037837,2.2630000000000003,1.3369999999999997
2025,14,00-0037838,10.599,-0.0990000000000002
2025,14,00-0037840,12.871,3.828999999999999
2025,14,00-0038041,10.902000000000001,-2.6020000000000003
2025,14,00-0038046,1.499,0.9010000000000002
2025,14,00-0038102,6.5326,1.9474
2025,14,00-0038104,4.258000000000001,-1.3580000000000005
2025,14,00-0038120,8.791000000000002,-4.491000000000002
2025,14,00-0038124,6.95,15.95
2025,14,00-0038129,5.220000000000001,-1.8200000000000003
2025,14,00-0038134,11.473000000000003,-8.173000000000002
2025,14,00-0038359,1.195,-0.09499999999999997
2025,14,00-0038397,1.314,0.18599999999999994
2025,14,00-0038440,2.2880000000000003,0.21199999999999974
2025,14,00-0038454,3.162,4.438000000000001
2025,14,00-0038542,11.713000000000001,-1.3130000000000006
2025,14,00-0038543,19.346,5.254000000000001
2025,14,00-0038544,3.2880000000000003,-1.4880000000000002
2025,14,00-0038547,1.959,-0.2589999999999999
2025,14,00-0038555,0.41600000000000004,-0.016000000000000014
2025,14,00-0038558,0.772,0.9280000000000002
2025,14,00-0038559,24.218,7.482000000000003
2025,14,00-0038563,6.4190000000000005,-3.019
2025,14,00-0038589,1.548,1.052
2025,14,00-0038597,12.34,4.66
2025,14,00-0038611,5.792,-0.5919999999999996
2025,14,00-0038618,1.661,-1.661
2025,14,00-0038619,3.273,-0.573
2025,14,00-0038640,3.5930000000000004,0.6069999999999998
2025,14,00-0038679,1.499,0.601
2025,14,00-0038685,1.028,0.07200000000000006
2025,14,00-0038710,1.032,-1.032
2025,14,00-0038794,3.06,0.54
2025,14,00-0038797,2.672,-1.6720000000000002
2025,14,00-0038809,0.9800000000000001,0.4199999999999998
2025,14,00-0038891,2.1630000000000003,6.837
2025,14,00-0038911,0.714,-0.614
2025,14,00-0038933,7.911,4.189000000000002
2025,14,00-0038935,8.44,-4.239999999999999
2025,14,00-0038951,7.224,1.6760000000000002
2025,14,00-0038953,8.246,-4.646000000000001
2025,14,00-0038976,2.174,-0.974
2025,14,00-0038979,3.3609999999999998,-0.5609999999999995
2025,14,00-0038994,12.916999999999998,-4.716999999999999
2025,14,00-0038997,4.542,-0.2419999999999991
2025,14,00-0039032,8.137,-2.4369999999999994
2025,14,00-0039040,5.151999999999999,11.848
2025,14,00-0039041,1.005,-0.5049999999999999
2025,14,00-0039062,1.7940000000000003,-1.7940000000000003
2025,14,00-0039064,14.921,1.679000000000002
2025,14,00-0039067,7.327,-1.9269999999999996
2025,14,00-0039074,2.338,0.762
2025,14,00-0039075,16.969,15.231000000000002
2025,14,00-0039139,19.651,13.849
2025,14,00-0039144,5.340999999999999,-2.140999999999999
2025,14,00-0039146,6.507000000000001,0.7930000000000001
2025,14,00-0039163,12.982400000000002,-0.36240000000000094
2025,14,00-0039165,9.078,-1.4779999999999989
2025,14,00-0039338,8.868,3.732000000000001
2025,14,00-0039361,10.621,4.478999999999999
2025,14,00-0039373,1.52,-0.41999999999999993
2025,14,00-0039391,11.235999999999999,-0.3359999999999985
2025,14,00-0039410,22.728,-0.7280000000000015
2025,14,00-0039424,5.672000000000001,-0.1720000000000006
2025,14,00-0039451,3.0410000000000004,0.359
2025,14,00-0039530,1.563,-0.36299999999999977
2025,14,00-0039589,1.6600000000000001,-1.6600000000000001
2025,14,00-0039648,0.5920000000000001,0.508
2025,14,00-0039686,1.028,-1.028
2025,14,00-0039732,22.5382,-6.558199999999999
2025,14,00-0039738,9.833,15.767000000000001
2025,14,00-0039746,0.9640000000000001,-0.16400000000000003
2025,14,00-0039751,1.05,-0.050000000000000044
2025,14,00-0039793,8.190000000000001,-3.990000000000001
2025,14,00-0039796,4.063000000000001,-1.7630000000000008
2025,14,00-0039798,0.494,1.7060000000000002
2025,14,00-0039816,0.9109999999999999,-0.11099999999999988
2025,14,00-0039868,4.307,-1.7070000000000003
2025,14,00-0039874,18.005000000000006,-1.3050000000000033
2025,14,00-0039880,6.372000000000001,-3.8720000000000008
2025,14,00-0039890,8.019,-5.119
2025,14,00-0039893,11.962,-1.7619999999999987
2025,14,00-0039894,4.943,2.0570000000000004
2025,14,00-0039901,5.088000000000001,-2.488000000000001
2025,14,00-0039910,13.739199999999999,-9.019199999999998
2025,14,00-0039912,0.892,0.40800000000000003
2025,14,00-0039915,6.990000000000001,-5.290000000000001
2025,14,00-0039918,22.3248,-5.3847999999999985
2025,14,00-0039920,3.561,-3.3609999999999998
2025,14,00-0039923,17.416999999999998,3.003
2025,14,00-0040024,1.423,0.9770000000000003
2025,14,00-0040078,0.7510000000000001,-0.051000000000000045
2025,14,00-0040122,8.696,-3.896
2025,14,00-0040126,8.858,2.042
2025,14,00-0040128,12.532,-9.832
2025,14,00-0040129,12.172,-9.672
2025,14,00-0040130,6.574000000000001,-1.6740000000000004
2025,14,00-0040134,4.861000000000001,0.3389999999999995
2025,14,00-0040138,2.5650000000000004,-0.2650000000000001
2025,14,00-0040142,0.875,-0.475
2025,14,00-0040154,1.29,0.20999999999999996
2025,14,00-0040162,7.439,1.8610000000000007
2025,14,00-0040170,3.362,4.538
2025,14,00-0040189,4.7490000000000006,-3.5490000000000004
2025,14,00-0040194,3.9959999999999996,2.8040000000000003
2025,14,00-0040198,2.491,5.209
2025,14,00-0040202,11.322999999999999,3.5770000000000017
2025,14,00-0040206,15.3782,-3.078199999999999
2025,14,00-0040236,9.040000000000001,-2.8400000000000007
2025,14,00-0040238,2.148,-0.3480000000000001
2025,14,00-0040242,3.4659999999999997,-0.26599999999999957
2025,14,00-0040259,2.841,-0.04100000000000037
2025,14,00-0040398,11.776399999999999,-5.256399999999998
2025,14,00-0040583,17.032,-2.4319999999999986
2025,14,00-0040584,1.975,-0.675
2025,14,00-0040590,1.096,-0.09600000000000009
2025,14,00-0040663,11.936,9.463999999999999
2025,14,00-0040666,12.373,1.3270000000000017
2025,14,00-0040667,1.6820000000000002,-1.6820000000000002
2025,14,00-0040668,19.9894,15.470600000000001
2025,14,00-0040669,6.545,2.455
2025,14,00-0040676,10.7878,2.2921999999999993
2025,14,00-0040705,10.094999999999999,0.8050000000000015
2025,14,00-0040719,1.158,-0.6579999999999999
2025,14,00-0040727,3.3150000000000004,-0.7150000000000003
2025,14,00-0040729,7.156000000000001,0.8439999999999994
2025,14,00-0040730,17.958000000000002,1.041999999999998
2025,14,00-0040735,7.806000000000001,1.193999999999999
2025,14,00-0040736,8.1,-0.4999999999999991
2025,14,00-0040737,3.923,-3.923
2025,14,00-0040739,1.927,-1.927
2025,14,00-0040743,11.5582,11.701799999999999
2025,14,00-0040782,2.895,-2.895
2025,14,00-0040784,11.732000000000001,-2.8320000000000007
2025,15,00-0022942,7.6692,1.1308000000000007
2025,15,00-0023459,10.6912,6.268800000000001
2025,15,00-0026498,26.4106,-3.4906000000000006
2025,15,00-0029604,19.448800000000002,7.4712
2025,15,00-0029892,1.354,-0.15399999999999991
2025,15,00-0030035,1.1460000000000001,0.05400000000000005
2025,15,00-0030279,7.021,-0.9210000000000003
2025,15,00-0030506,9.595,0.9049999999999994
2025,15,00-0030564,1.353,2.3470000000000004
2025,15,00-0031236,6.013,-6.013
2025,15,00-0031381,18.855,-9.754999999999999
2025,15,00-0031408,18.974000000000004,-2.774000000000001
2025,15,00-0031503,1.1656000000000002,-1.1656000000000002
2025,15,00-0031588,4.596,-0.49600000000000044
2025,15,00-0031610,11.704,10.396
2025,15,00-0031687,0.43,0.26999999999999996
2025,15,00-0032104,6.394000000000001,0.8059999999999992
2025,15,00-0032211,3.4800000000000004,-1.4800000000000004
2025,15,00-0032268,14.7228,2.017199999999999
2025,15,00-0032464,1.982,0.518
2025,15,00-0032764,6.173,3.827
2025,15,00-0032775,2.963,1.6369999999999996
2025,15,00-0032918,3.5229999999999997,2.577
2025,15,00-0033077,21.118399999999998,-9.158399999999999
2025,15,00-0033090,4.232,-1.9320000000000004
2025,15,00-0033106,26.2528,-1.0527999999999977
2025,15,00-0033119,20.6394,1.9206000000000039
2025,15,00-0033280,24.219,-9.019
2025,15,00-0033288,13.162,5.638
2025,15,00-0033293,7.893,0.1070000000000002
2025,15,00-0033307,3.8939999999999997,-1.1939999999999995
2025,15,00-0033319,-0.30000000000000004,0.10000000000000003
2025,15,00-0033357,2.247,-2.0469999999999997
2025,15,00-0033439,4.788,-3.688
2025,15,00-0033526,8.084999999999999,-3.2849999999999993
2025,15,00-0033555,12.422,-6.322
2025,15,00-0033576,1.092,0.30799999999999983
2025,15,00-0033591,1.1960000000000002,2.104
2025,15,00-0033854,15.468,-10.568
2025,15,00-0033857,1.294,-1.294
2025,15,00-0033858,3.6929999999999996,5.907000000000002
2025,15,00-0033873,14.013,1.0470000000000006
2025,15,00-0033881,2.932,-1.2319999999999998
2025,15,00-0033908,8.719,-1.6189999999999989
2025,15,00-0033921,7.655,2.3449999999999998
2025,15,00-0033923,6.4559999999999995,-3.9559999999999995
2025,15,00-0033955,5.944,-3.2439999999999998
2025,15,00-0034272,3.037,5.363
2025,15,00-0034348,15.206000000000003,5.593999999999998
2025,15,00-0034351,13.495,8.505
2025,15,00-0034383,15.064,2.5360000000000014
2025,15,00-0034521,3.159,-2.0589999999999997
2025,15,00-0034613,5.715,-2.6149999999999998
2025,15,00-0034753,4.295000000000001,-1.495000000000001
2025,15,00-0034796,8.919200000000002,7.6808
2025,15,00-0034827,11.862000000000002,8.637999999999998
2025,15,00-0034829,3.7110000000000003,-2.111
2025,15,00-0034844,24.745,-8.545000000000002
2025,15,00-0034855,23.1516,-3.9715999999999987
2025,15,00-0034857,22.808999999999997,1.711000000000002
2025,15,00-0034869,15.200800000000001,-3.860800000000001
2025,15,00-0034959,2.345,-1.8450000000000002
2025,15,00-0034960,9.869,-0.26899999999999835
2025,15,00-0035125,0.92,-0.020000000000000018
2025,15,00-0035208,3.597,-3.597
2025,15,00-0035229,10.065000000000001,-1.4649999999999999
2025,15,00-0035249,1.3800000000000001,0.9199999999999997
2025,15,00-0035250,5.951,-4.050999999999999
2025,15,00-0035261,9.392,8.308
2025,15,00-0035289,1.4771999999999998,-0.5971999999999998
2025,15,00-0035291,2.241,-0.5409999999999999
2025,15,00-0035359,13.66,-2.8599999999999994
2025,15,00-0035406,7.104,4.595999999999999
2025,15,00-0035535,12.528,-5.228
2025,15,00-0035537,5.444,-1.1440000000000001
2025,15,00-0035631,2.1590000000000003,0.040999999999999925
2025,15,00-0035640,4.253,8.747
2025,15,00-0035643,3.6370000000000005,2.962999999999999
2025,15,00-0035659,5.281000000000001,9.119
2025,15,00-0035676,4.0840000000000005,7.016000000000001
2025,15,00-0035685,7.1610000000000005,2.038999999999999
2025,15,00-0035689,10.263,6.936999999999999
2025,15,00-0035700,10.056000000000001,12.143999999999998
2025,15,00-0035719,6.819000000000001,-1.019000000000001
2025,15,00-0035993,-0.30000000000000004,0
2025,15,00-0036040,4.369,0.6310000000000002
2025,15,00-0036133,0.868,-0.868
2025,15,00-0036139,11.087,0.8130000000000006
2025,15,00-0036165,2.8390000000000004,-1.9390000000000005
2025,15,00-0036182,0.946,-0.946
2025,15,00-0036212,12.8222,5.397800000000002
2025,15,00-0036223,15.109,-3.5089999999999986
2025,15,00-0036244,15.821000000000002,6.1789999999999985
2025,15,00-0036252,5.172000000000001,-1.072000000000001
2025,15,00-0036259,13.001,4.199
2025,15,00-0036264,22.505200000000002,-4.565200000000001
2025,15,00-0036275,12.983,9.117
2025,15,00-0036290,5.287000000000001,-1.4870000000000005
2025,15,00-0036309,8.427,-3.4269999999999996
2025,15,00-0036322,16.425,-13.225000000000001
2025,15,00-0036355,11.7416,0.6584000000000003
2025,15,00-0036358,18.001,-3.901
2025,15,00-0036389,17.715600000000002,5.184399999999997
2025,15,00-0036407,4.469,-1.2690000000000001
2025,15,00-0036415,7.002,-2.202
2025,15,00-0036429,2.2830000000000004,-0.08300000000000018
2025,15,00-0036442,18.442199999999996,-8.942199999999996
2025,15,00-0036554,10.283000000000001,11.716999999999999
2025,15,00-0036555,5.5680000000000005,-1.2679999999999998
2025,15,00-0036590,2.3590000000000004,0.6409999999999996
2025,15,00-0036613,5.267,-1.6670000000000003
2025,15,00-0036626,0.681,-0.281
2025,15,00-0036628,1.5550000000000002,0.8450000000000002
2025,15,00-0036727,0.217,-0.317
2025,15,00-0036741,0.916,0.28400000000000014
2025,15,00-0036849,2.8480000000000003,-1.4480000000000004
2025,15,00-0036875,7.034000000000001,2.1659999999999986
2025,15,00-0036894,7.029999999999999,-1.0299999999999994
2025,15,00-0036900,20.92,-2.719999999999999
2025,15,00-0036906,1.8030000000000002,-1.3030000000000002
2025,15,00-0036912,3.062,2.938
2025,15,00-0036919,14.861000000000002,1.238999999999999
2025,15,00-0036924,12.882000000000003,-1.4820000000000029
2025,15,00-0036959,1.1179999999999999,7.382
2025,15,00-0036963,31.583000000000002,3.3170000000000037
2025,15,00-0036970,17.470000000000002,22.63
2025,15,00-0036971,27.7166,16.583400000000005
2025,15,00-0036973,17.961,12.039000000000001
2025,15,00-0036988,2.9440000000000004,-0.8440000000000003
2025,15,00-0036997,13.598,1.501999999999999
2025,15,00-0037005,5.012,-2.7119999999999997
2025,15,00-0037085,0.7989999999999999,-0.19899999999999995
2025,15,00-0037086,1.009,-0.10899999999999987
2025,15,00-0037091,1.5230000000000001,-1.5230000000000001
2025,15,00-0037157,0.42400000000000004,-0.6240000000000001
2025,15,00-0037197,6.972,-4.872
2025,15,00-0037228,14.461,-8.161
2025,15,00-0037231,6.125000000000001,-1.3250000000000002
2025,15,00-0037239,13.751,3.7490000000000006
2025,15,00-0037240,17.842,4.258000000000003
2025,15,00-0037241,3.216,-3.216
2025,15,00-0037247,6.517,-1.7169999999999996
2025,15,00-0037248,19.154,10.946000000000002
2025,15,00-0037252,2.466,3.1340000000000003
2025,15,00-0037256,1.5710000000000002,1.529
2025,15,00-0037261,6.495000000000001,2.504999999999999
2025,15,00-0037263,0.996,0.804
2025,15,00-0037291,11.48,6.52
2025,15,00-0037304,4.692,1.7080000000000002
2025,15,00-0037306,4.208,-0.9080000000000004
2025,15,00-0037525,5.36,-2.46
2025,15,00-0037545,11.335,-1.7349999999999994
2025,15,00-0037563,12.331999999999999,-1.6319999999999997
2025,15,00-0037614,5.373,-0.47299999999999986
2025,15,00-0037664,1.1830000000000003,0.9169999999999998
2025,15,00-0037692,0.7440000000000001,-0.14400000000000002
2025,15,00-0037742,3.0820000000000003,-3.0820000000000003
2025,15,00-0037744,17.934,13.465999999999998
2025,15,00-0037746,4.518000000000001,-2.4180000000000006
2025,15,00-0037801,3.29,-1.0899999999999999
2025,15,00-0037805,1.745,0.5549999999999997
2025,15,00-0037809,7.369,-2.068999999999999
2025,15,00-0037816,5.678000000000001,-1.0780000000000012
2025,15,00-0037834,24.415599999999998,3.784400000000005
2025,15,00-0037837,1.0870000000000002,-1.0870000000000002
2025,15,00-0037840,12.041,9.259
2025,15,00-0038041,5.723,-3.1229999999999998
2025,15,00-0038102,6.3904,-3.1303999999999994
2025,15,00-0038104,5.093,0.6070000000000002
2025,15,00-0038115,4.843,0.15700000000000003
2025,15,00-0038117,13.689,0.2110000000000003
2025,15,00-0038120,7.627,-2.9269999999999996
2025,15,00-0038124,9.686,-5.286
2025,15,00-0038134,5.651999999999999,-3.251999999999999
2025,15,00-0038393,2.395,-1.295
2025,15,00-0038397,2.245,-1.045
2025,15,00-0038400,2.0500000000000003,0.16999999999999993
2025,15,00-0038454,5.606999999999999,0.9930000000000012
2025,15,00-0038488,1,-1
2025,15,00-0038542,22.311,5.189
2025,15,00-0038543,10.669,4.131
2025,15,00-0038547,0.8980000000000001,2.5020000000000002
2025,15,00-0038555,18.027000000000005,-12.327000000000005
2025,15,00-0038558,3.767,0.2330000000000001
2025,15,00-0038559,15.953,-2.052999999999999
2025,15,00-0038563,2.4670000000000005,-2.4670000000000005
2025,15,00-0038597,13.828000000000001,-1.3280000000000012
2025,15,00-0038606,3.921,2.879000000000001
2025,15,00-0038608,1.401,2.099
2025,15,00-0038614,2.1320000000000006,-0.23200000000000065
2025,15,00-0038618,2.164,-0.06400000000000006
2025,15,00-0038619,1.5710000000000002,-1.5710000000000002
2025,15,00-0038621,0.99,-0.49
2025,15,00-0038640,3.3640000000000003,-0.964
2025,15,00-0038685,2.8890000000000002,-0.7890000000000001
2025,15,00-0038705,3.638000000000001,-2.5380000000000007
2025,15,00-0038720,1.9540000000000002,1.5459999999999998
2025,15,00-0038738,3.952,0.04800000000000004
2025,15,00-0038794,0.877,-0.477
2025,15,00-0038797,1.113,-0.813
2025,15,00-0038839,4.329000000000001,-2.2290000000000005
2025,15,00-0038933,7.381,-2.481
2025,15,00-0038935,4.191000000000001,-1.0910000000000006
2025,15,00-0038938,1.4080000000000001,-1.4080000000000001
2025,15,00-0038951,8.568000000000001,-1.8680000000000012
2025,15,00-0038953,0,0
2025,15,00-0038976,8.811,-3.1109999999999998
2025,15,00-0038994,2.893,4.707000000000001
2025,15,00-0038997,5.536000000000001,3.2639999999999993
2025,15,00-0039032,4.492000000000001,0.10799999999999965
2025,15,00-0039040,12.315,3.385
2025,15,00-0039041,2.157,-1.357
2025,15,00-0039062,1.665,1.335
2025,15,00-0039064,10.006,4.2940000000000005
2025,15,00-0039067,11.262,-2.661999999999999
2025,15,00-0039074,4.493,-1.3930000000000002
2025,15,00-0039075,17.629,5.771000000000001
2025,15,00-0039139,14.378,-6.577999999999999
2025,15,00-0039144,6.952,0.24800000000000022
2025,15,00-0039146,6.072,1.928
2025,15,00-0039150,15.026800000000001,0.39319999999999844
2025,15,00-0039163,24.2172,-0.8171999999999997
2025,15,00-0039165,5.465000000000001,-2.3650000000000007
2025,15,00-0039338,6.399,-0.5989999999999993
2025,15,00-0039342,3.3,1.6000000000000005
2025,15,00-0039356,2.1630000000000003,-0.6630000000000003
2025,15,00-0039359,4.481,-0.7809999999999997
2025,15,00-0039361,11.780000000000001,-4.1800000000000015
2025,15,00-0039373,4.35,2.1500000000000004
2025,15,00-0039376,0.2688,-0.2688
2025,15,00-0039384,12.792,10.408
2025,15,00-0039391,6.454000000000001,-1.154
2025,15,00-0039405,12.801000000000002,-0.0010000000000012221
2025,15,00-0039407,1.105,-0.705
2025,15,00-0039410,5.718,0.28200000000000003
2025,15,00-0039424,8.137,1.263
2025,15,00-0039451,6.526,1.774000000000001
2025,15,00-0039491,6.290000000000001,7.709999999999999
2025,15,00-0039530,1.306,-1.306
2025,15,00-0039623,3.1630000000000003,-2.563
2025,15,00-0039732,19.2364,9.843599999999999
2025,15,00-0039738,7.055999999999999,6.044000000000002
2025,15,00-0039751,0.7050000000000001,-0.7050000000000001
2025,15,00-0039754,3.613,3.4869999999999997
2025,15,00-0039793,5.007000000000001,-0.8070000000000004
2025,15,00-0039796,2.1430000000000002,8.056999999999999
2025,15,00-0039798,5.300000000000001,7.699999999999999
2025,15,00-0039847,4.676,4.023999999999999
2025,15,00-0039851,16.0126,6.487400000000001
2025,15,00-0039855,4.785,0.015000000000000568
2025,15,00-0039868,9.21,8.59
2025,15,00-0039874,1.3210000000000002,0.2789999999999999
2025,15,00-0039875,0.8730000000000001,0.9269999999999999
2025,15,00-0039880,0.877,0.623
2025,15,00-0039890,11.036,3.3640000000000008
2025,15,00-0039893,16.273000000000003,-1.1730000000000018
2025,15,00-0039894,5.414999999999999,-0.9149999999999991
2025,15,00-0039912,1.7680000000000002,2.3319999999999994
2025,15,00-0039915,2.599,0.4009999999999998
2025,15,00-0039916,10.098,2.5020000000000007
2025,15,00-0039918,15.2734,3.5465999999999998
2025,15,00-0039920,0.809,0.691
2025,15,00-0039923,26.8926,-1.3926000000000016
2025,15,00-0040024,2.7960000000000003,1.104
2025,15,00-0040078,1.949,-1.849
2025,15,00-0040122,9.241000000000001,-3.0410000000000013
2025,15,00-0040124,5.344,-1.8440000000000003
2025,15,00-0040126,8.427,-0.3269999999999982
2025,15,00-0040128,5.664,-2.2639999999999993
2025,15,00-0040129,11.931999999999999,-3.5319999999999983
2025,15,00-0040130,0.7130000000000001,0.18699999999999994
2025,15,00-0040142,1.161,-0.761
2025,15,00-0040164,2.088,-2.088
2025,15,00-0040170,1.4409999999999998,0.7590000000000003
2025,15,00-0040184,1.927,6.173
2025,15,00-0040189,7.444000000000001,0.6560000000000006
2025,15,00-0040194,1.0510000000000002,0.34899999999999975
2025,15,00-0040198,0.8320000000000001,-0.8320000000000001
2025,15,00-0040202,5.4990000000000014,4.201
2025,15,00-0040205,0.337,-0.03699999999999998
2025,15,00-0040218,0.607,0.5930000000000002
2025,15,00-0040236,10.808,-7.507999999999999
2025,15,00-0040237,1.474,-1.474
2025,15,00-0040238,3.175,-1.0749999999999997
2025,15,00-0040242,8.737,6.863000000000001
2025,15,00-0040259,1.7560000000000002,-0.4560000000000002
2025,15,00-0040398,15.2218,-0.2818000000000005
2025,15,00-0040556,0.854,0.2460000000000001
2025,15,00-0040582,1.9700000000000002,-1.9700000000000002
2025,15,00-0040583,9.601,-5.301000000000001
2025,15,00-0040584,4.809,8.091000000000001
2025,15,00-0040590,1.877,-1.877
2025,15,00-0040663,15.826,-7.3260000000000005
2025,15,00-0040666,8.985000000000001,-1.9850000000000003
2025,15,00-0040667,5.195,1.8049999999999997
2025,15,00-0040668,14.1944,-4.7143999999999995
2025,15,00-0040669,3.093,-3.093
2025,15,00-0040676,14.2774,0.7225999999999999
2025,15,00-0040691,27.7996,-3.659600000000001
2025,15,00-0040705,7.6160000000000005,-4.6160000000000005
2025,15,00-0040719,2.816,5.984000000000001
2025,15,00-0040727,5.3759999999999994,1.024000000000001
2025,15,00-0040729,2.66,0.040000000000000036
2025,15,00-0040730,12.197000000000001,0.30299999999999905
2025,15,00-0040734,12.256,16.844
2025,15,00-0040735,7.880000000000001,3.5199999999999996
2025,15,00-0040737,3.4130000000000003,-2.313
2025,15,00-0040743,17.240000000000002,0.8399999999999999
2025,15,00-0040782,4.586,5.314
2025,15,00-0040784,9.177,-5.976999999999999
2025,16,00-0022942,15.8888,3.1911999999999985
2025,16,00-0023459,22.065800000000003,-6.525800000000002
2025,16,00-0026158,0.3728,-0.21280000000000002
2025,16,00-0026300,2.2076000000000002,-0.48760000000000026
2025,16,00-0026498,26.6984,4.181600000000003
2025,16,00-0029604,24.5304,-2.950400000000002
2025,16,00-0030035,5.7170000000000005,1.1829999999999998
2025,16,00-0030279,6.385,0.5150000000000006
2025,16,00-0030506,4.077999999999999,-2.9779999999999993
2025,16,00-0030564,5.659,0.4410000000000007
2025,16,00-0030565,8.5096,7.530399999999998
2025,16,00-0031236,1.533,-1.533
2025,16,00-0031279,3.5260000000000002,-3.5260000000000002
2025,16,00-0031408,16.25,-4.65
2025,16,00-0031588,12.041,6.259
2025,16,00-0031610,5.662,-0.16199999999999992
2025,16,00-0031687,1.743,-0.34299999999999997
2025,16,00-0032104,1.017,-0.11699999999999988
2025,16,00-0032211,2.208,-1.108
2025,16,00-0032268,8.7708,-5.070799999999999
2025,16,00-0032392,6.606,-2.2059999999999995
2025,16,00-0032464,5.518,8.681999999999999
2025,16,00-0032764,13.663,11.137
2025,16,00-0032775,4.112,5.188000000000001
2025,16,00-0032918,0.43300000000000005,-0.133
2025,16,00-0033077,20.091400000000004,-0.9314000000000071
2025,16,00-0033090,12.539000000000001,-0.03900000000000148
2025,16,00-0033106,33.7824,-7.322400000000002
2025,16,00-0033119,16.2932,-3.673199999999998
2025,16,00-0033217,2.6130000000000004,-0.013000000000000345
2025,16,00-0033280,29.723,-0.12299999999999756
2025,16,00-0033288,16.645000000000003,4.354999999999997
2025,16,00-0033293,13.607000000000001,-3.3070000000000004
2025,16,00-0033307,7.284000000000001,-3.0840000000000005
2025,16,00-0033357,15.532599999999999,-0.21260000000000012
2025,16,00-0033375,1.198,0.40200000000000014
2025,16,00-0033455,5.960000000000001,0.03999999999999915
2025,16,00-0033526,8.539,2.561
2025,16,00-0033555,11.713000000000001,-1.3130000000000006
2025,16,00-0033576,0,0
2025,16,00-0033854,1.3090000000000002,-0.9090000000000003
2025,16,00-0033857,3.3190000000000004,-1.6190000000000002
2025,16,00-0033858,2.447,0.3530000000000002
2025,16,00-0033881,4.517,0.0829999999999993
2025,16,00-0033908,6.8740000000000006,-1.4740000000000002
2025,16,00-0033921,7.7829999999999995,-2.2829999999999995
2025,16,00-0033923,1.213,-1.0130000000000001
2025,16,00-0033955,3.459,-1.259
2025,16,00-0034159,3.759,0.5410000000000008
2025,16,00-0034272,5.718,-4.618
2025,16,00-0034348,23.088,-5.4879999999999995
2025,16,00-0034351,4.545,6.154999999999999
2025,16,00-0034383,8.713000000000001,3.286999999999999
2025,16,00-0034418,1.2389999999999999,0.3610000000000002
2025,16,00-0034613,1.2970000000000002,-0.39700000000000013
2025,16,00-0034721,0.4108,-0.4108
2025,16,00-0034753,4.1770000000000005,-0.7770000000000001
2025,16,00-0034775,5.914000000000001,-0.7140000000000004
2025,16,00-0034791,4.245,0.45500000000000007
2025,16,00-0034796,5.3732,-0.6331999999999995
2025,16,00-0034827,10.955,8.445000000000002
2025,16,00-0034829,7.469000000000001,3.530999999999999
2025,16,00-0034844,16.121,3.079000000000004
2025,16,00-0034855,15.5912,-0.8911999999999995
2025,16,00-0034857,11.024999999999999,-4.124999999999998
2025,16,00-0034860,1.72,-1.72
2025,16,00-0034869,19.3608,0.13919999999999888
2025,16,00-0034928,1.072,-1.072
2025,16,00-0034960,12.122000000000002,-5.522000000000002
2025,16,00-0034981,0.905,0.09499999999999997
2025,16,00-0035125,1.1480000000000001,0.2519999999999998
2025,16,00-0035208,8.908999999999999,-4.608999999999998
2025,16,00-0035229,0.991,-0.29100000000000004
2025,16,00-0035249,2.983,-0.08299999999999974
2025,16,00-0035250,6.345999999999999,-1.2459999999999987
2025,16,00-0035261,10.511000000000001,-0.31099999999999994
2025,16,00-0035289,2.6842,-1.2842000000000002
2025,16,00-0035291,4.715000000000001,2.7849999999999993
2025,16,00-0035298,3.823,-0.4229999999999996
2025,16,00-0035359,1.012,-1.012
2025,16,00-0035406,2.9459999999999997,-1.5459999999999998
2025,16,00-0035535,2.541,-1.2409999999999999
2025,16,00-0035537,4.033,3.5669999999999993
2025,16,00-0035602,0.833,-0.03299999999999992
2025,16,00-0035631,1.775,2.3249999999999997
2025,16,00-0035640,12.725999999999999,-6.525999999999999
2025,16,00-0035659,4.979,1.8210000000000006
2025,16,00-0035662,2.675,1.0250000000000004
2025,16,00-0035676,13.931,0.06900000000000084
2025,16,00-0035685,1.844,-0.44399999999999995
2025,16,00-0035689,4.287,-2.787
2025,16,00-0035700,12.143,-6.343000000000001
2025,16,00-0035719,4.3660000000000005,0.6339999999999995
2025,16,00-0035993,3.7986000000000004,-0.9986000000000002
2025,16,00-0036040,9.999,2.901
2025,16,00-0036139,11.94,-5.639999999999999
2025,16,00-0036223,14.76,0.6400000000000023
2025,16,00-0036244,4.114,-1.0139999999999998
2025,16,00-0036252,6.446,-1.2459999999999996
2025,16,00-0036259,11.558,4.042000000000002
2025,16,00-0036264,9.681799999999999,-5.901799999999999
2025,16,00-0036275,10.679,-2.6790000000000003
2025,16,00-0036290,3.0050000000000003,-0.605
2025,16,00-0036309,2.902,0.4980000000000002
2025,16,00-0036322,8.614,2.8859999999999992
2025,16,00-0036332,1.118,-1.118
2025,16,00-0036355,23.951,6.248999999999999
2025,16,00-0036358,9.309,-1.2089999999999979
2025,16,00-0036389,22.8656,-3.465600000000002
2025,16,00-0036407,4.316,-1.6159999999999997
2025,16,00-0036410,5.582000000000001,7.218
2025,16,00-0036415,2.232,1.1680000000000001
2025,16,00-0036422,3.1700000000000004,-0.77
2025,16,00-0036427,0.881,0.3190000000000002
2025,16,00-0036429,1.0659999999999998,-0.2659999999999998
2025,16,00-0036442,18.522,10.438000000000002
2025,16,00-0036534,9.05,-5.550000000000001
2025,16,00-0036550,2.2910000000000004,-2.2910000000000004
2025,16,00-0036554,12.889000000000001,-4.989000000000001
2025,16,00-0036555,5.928000000000001,-2.0280000000000005
2025,16,00-0036590,0.914,0.08599999999999997
2025,16,00-0036613,12.282,-2.5820000000000007
2025,16,00-0036628,1.302,-1.302
2025,16,00-0036741,2.0690000000000004,-1.1690000000000005
2025,16,00-0036875,8.679,6.121
2025,16,00-0036894,4.204999999999999,-0.20499999999999918
2025,16,00-0036900,14.007,1.3930000000000007
2025,16,00-0036912,13.129000000000001,0.07099999999999795
2025,16,00-0036919,12.802,8.498000000000001
2025,16,00-0036924,7.101,-0.601
2025,16,00-0036963,16.94,-9.540000000000001
2025,16,00-0036970,14.466999999999999,0.7330000000000005
2025,16,00-0036971,29.419200000000004,1.7407999999999966
2025,16,00-0036972,-0.30000000000000004,0
2025,16,00-0036973,13.386000000000001,1.2139999999999986
2025,16,00-0036988,0.9550000000000001,-0.2550000000000001
2025,16,00-0036997,7.836,-2.5359999999999996
2025,16,00-0037005,0.631,0.4690000000000001
2025,16,00-0037085,2.995,-2.295
2025,16,00-0037112,4.252000000000001,-3.0520000000000005
2025,16,00-0037120,1.602,-0.7020000000000001
2025,16,00-0037197,12.358,-1.8580000000000005
2025,16,00-0037228,10.292000000000002,17.808
2025,16,00-0037231,3.3840000000000003,-0.5840000000000005
2025,16,00-0037238,12.854000000000001,-8.654
2025,16,00-0037239,27.058,4.742000000000001
2025,16,00-0037240,13.965,-4.465
2025,16,00-0037247,15.995000000000001,6.504999999999999
2025,16,00-0037248,11.878,14.022000000000002
2025,16,00-0037252,3.3540000000000005,2.746
2025,16,00-0037256,5.824000000000001,1.1759999999999993
2025,16,00-0037261,4.581,0.819
2025,16,00-0037263,10.976,-3.176
2025,16,00-0037291,2.3720000000000003,-2.3720000000000003
2025,16,00-0037292,2.882,-1.282
2025,16,00-0037306,0.716,-0.716
2025,16,00-0037324,7.1386,-1.9985999999999997
2025,16,00-0037475,4.476999999999999,1.423000000000001
2025,16,00-0037525,1.582,0.018000000000000016
2025,16,00-0037545,1.5370000000000001,1.563
2025,16,00-0037563,3.918,-1.6179999999999999
2025,16,00-0037594,0.22200000000000003,-0.12200000000000003
2025,16,00-0037614,5.6770000000000005,-4.777
2025,16,00-0037617,2.005,-0.6049999999999998
2025,16,00-0037664,8.887,13.713000000000001
2025,16,00-0037741,3.197,-0.39700000000000024
2025,16,00-0037742,8.213000000000001,-4.213000000000001
2025,16,00-0037744,11.305,-6.6049999999999995
2025,16,00-0037746,5.663,-3.6630000000000003
2025,16,00-0037755,2.0860000000000003,-2.0860000000000003
2025,16,00-0037801,9.742,-6.042000000000001
2025,16,00-0037805,3.182,-0.7819999999999996
2025,16,00-0037809,8.741999999999999,4.658000000000001
2025,16,00-0037816,10.9,5.999999999999998
2025,16,00-0037834,30.5776,2.3223999999999982
2025,16,00-0037837,1.143,0.15700000000000003
2025,16,00-0037840,18.801999999999996,-8.801999999999996
2025,16,00-0038041,4.779,-1.3789999999999996
2025,16,00-0038046,1.465,0.8349999999999997
2025,16,00-0038090,1.6330000000000002,1.167
2025,16,00-0038117,7.353000000000001,-3.6530000000000005
2025,16,00-0038120,9.917000000000002,-2.617000000000001
2025,16,00-0038124,14.043,-11.343
2025,16,00-0038128,14.834800000000001,-1.594800000000001
2025,16,00-0038129,2.2070000000000003,0.2929999999999997
2025,16,00-0038134,8.791,15.108999999999998
2025,16,00-0038359,3.157,3.543
2025,16,00-0038393,1.9809999999999999,0.2190000000000003
2025,16,00-0038397,2.715,-2.415
2025,16,00-0038400,-0.2,0
2025,16,00-0038440,1.887,-0.18699999999999983
2025,16,00-0038454,5.034000000000001,-3.734000000000001
2025,16,00-0038542,24.820999999999998,1.4790000000000063
2025,16,00-0038543,19.490000000000002,0.10999999999999943
2025,16,00-0038544,10.721,7.6789999999999985
2025,16,00-0038555,2.186,7.513999999999999
2025,16,00-0038558,5.811,-0.7110000000000003
2025,16,00-0038559,4.861000000000001,7.338999999999999
2025,16,00-0038563,7.183000000000001,0.21699999999999964
2025,16,00-0038597,13.972,16.928000000000004
2025,16,00-0038606,15.639,7.861000000000001
2025,16,00-0038608,5.2170000000000005,-3.1170000000000004
2025,16,00-0038611,14.321000000000002,-0.9210000000000012
2025,16,00-0038618,2.313,-1.4130000000000003
2025,16,00-0038619,1.542,1.058
2025,16,00-0038621,2.196,-1.096
2025,16,00-0038679,3.0570000000000004,-0.4570000000000003
2025,16,00-0038685,0.379,0.02100000000000002
2025,16,00-0038705,4.234,-1.234
2025,16,00-0038738,2.448,-0.5479999999999998
2025,16,00-0038783,1.202,-1.202
2025,16,00-0038794,2.4010000000000002,1.299
2025,16,00-0038797,6.796,1.4040000000000008
2025,16,00-0038839,1.6640000000000001,-1.6640000000000001
2025,16,00-0038933,2.1260000000000003,-2.1260000000000003
2025,16,00-0038935,10.607000000000001,1.7929999999999993
2025,16,00-0038951,9.415999999999999,-3.1159999999999988
2025,16,00-0038976,3.957,0.4430000000000005
2025,16,00-0038979,0.948,0.3520000000000001
2025,16,00-0038994,4.552,-0.9519999999999995
2025,16,00-0038997,10.792,-1.491999999999999
2025,16,00-0039032,14.134,4.866
2025,16,00-0039040,10.450000000000003,6.049999999999997
2025,16,00-0039041,9.486,3.113999999999999
2025,16,00-0039062,1.472,-1.472
2025,16,00-0039064,10.246000000000002,9.454
2025,16,00-0039066,3.4299999999999997,-1.9299999999999997
2025,16,00-0039074,7.604,-3.2039999999999997
2025,16,00-0039075,24.308,16.192
2025,16,00-0039139,24.668999999999997,-6.868999999999996
2025,16,00-0039144,4.115,1.1850000000000005
2025,16,00-0039146,4.554,1.0459999999999994
2025,16,00-0039150,17.492400000000004,0.14759999999999707
2025,16,00-0039163,14.771,-3.2910000000000004
2025,16,00-0039165,10.279,3.1209999999999987
2025,16,00-0039338,6.516,5.284000000000001
2025,16,00-0039342,2.8030000000000004,-1.1030000000000002
2025,16,00-0039356,4.183,3.7170000000000005
2025,16,00-0039359,2.967,-1.267
2025,16,00-0039361,9.201,-2.101
2025,16,00-0039373,7.090000000000001,-1.9900000000000002
2025,16,00-0039384,10.647,-1.8469999999999995
2025,16,00-0039391,2.191,-1.0909999999999997
2025,16,00-0039398,1.2292,-0.08919999999999995
2025,16,00-0039405,13.03,-3.5299999999999994
2025,16,00-0039410,3.984,4.816000000000001
2025,16,00-0039451,3.615,0.8849999999999998
2025,16,00-0039458,2.2439999999999998,-2.2439999999999998
2025,16,00-0039491,7.914,-1.7139999999999995
2025,16,00-0039521,2.2680000000000002,0.6320000000000001
2025,16,00-0039623,6.67,-0.5699999999999994
2025,16,00-0039631,1.344,-0.7440000000000001
2025,16,00-0039732,25.201200000000004,-6.021200000000004
2025,16,00-0039738,13.495,-0.8949999999999978
2025,16,00-0039746,0.9950000000000001,-0.19500000000000006
2025,16,00-0039751,1.064,1.3360000000000003
2025,16,00-0039793,7.97,5.03
2025,16,00-0039796,1.9919999999999998,-0.7919999999999998
2025,16,00-0039798,5.247,2.753
2025,16,00-0039847,2.422,-2.422
2025,16,00-0039849,7.263,-5.3629999999999995
2025,16,00-0039851,26.0064,-0.30639999999999645
2025,16,00-0039855,4.067,-1.467
2025,16,00-0039868,6.548000000000001,2.0520000000000005
2025,16,00-0039874,9.378000000000002,2.421999999999999
2025,16,00-0039875,3.7180000000000004,0.6819999999999999
2025,16,00-0039880,1.8700000000000003,7.830000000000001
2025,16,00-0039890,6.200000000000001,-0.40000000000000124
2025,16,00-0039893,2.754,0.04599999999999982
2025,16,00-0039894,4.159,0.9410000000000007
2025,16,00-0039912,1.961,-0.9610000000000001
2025,16,00-0039915,10.437000000000001,1.8629999999999995
2025,16,00-0039918,20.319599999999998,0.6804000000000023
2025,16,00-0039920,5.7589999999999995,-0.6589999999999998
2025,16,00-0039923,7.1728000000000005,5.1472
2025,16,00-0040009,1.33,-0.43000000000000005
2025,16,00-0040078,0.9490000000000001,-0.049000000000000044
2025,16,00-0040122,13.148000000000001,18.152
2025,16,00-0040124,12.48,3.8200000000000003
2025,16,00-0040126,7.763,-3.263
2025,16,00-0040128,11.495000000000001,-6.995000000000001
2025,16,00-0040129,2.801,1.6989999999999998
2025,16,00-0040130,3.37,-1.17
2025,16,00-0040131,3.888,7.7120000000000015
2025,16,00-0040134,9.775,-3.075
2025,16,00-0040154,1.0430000000000001,0.05699999999999994
2025,16,00-0040170,5.663,1.6370000000000005
2025,16,00-0040184,0.722,0.778
2025,16,00-0040187,3.4219999999999997,0.37800000000000056
2025,16,00-0040189,1.133,0.06700000000000017
2025,16,00-0040194,1.9080000000000001,1.692
2025,16,00-0040198,0.37200000000000005,-0.4720000000000001
2025,16,00-0040205,0.29100000000000004,-0.29100000000000004
2025,16,00-0040206,0.21280000000000002,-0.21280000000000002
2025,16,00-0040208,1.768,-1.068
2025,16,00-0040218,0.784,1.716
2025,16,00-0040234,12.093600000000002,-1.1936000000000018
2025,16,00-0040236,8.324,2.476000000000001
2025,16,00-0040237,1.027,-0.6269999999999999
2025,16,00-0040238,3.529,-2.529
2025,16,00-0040242,11.363,-2.8629999999999995
2025,16,00-0040277,5.911,3.189
2025,16,00-0040311,5.75,-1.5499999999999998
2025,16,00-0040352,0.907,-0.907
2025,16,00-0040398,10.7284,-3.0084
2025,16,00-0040466,11.494000000000002,-6.394000000000001
2025,16,00-0040494,2.6955999999999998,-0.9155999999999997
2025,16,00-0040534,0.476,-0.376
2025,16,00-0040556,3.061,0.13900000000000023
2025,16,00-0040582,1.477,-1.477
2025,16,00-0040584,3.4560000000000004,-1.5560000000000005
2025,16,00-0040590,10.313000000000002,-4.813000000000002
2025,16,00-0040663,10,7.5
2025,16,00-0040666,12.674000000000001,3.3259999999999987
2025,16,00-0040667,3.007,-2.607
2025,16,00-0040668,11.701600000000001,2.6384000000000007
2025,16,00-0040669,13.81,-0.6100000000000012
2025,16,00-0040676,13.425600000000001,4.5943999999999985
2025,16,00-0040691,5.3064,-3.2864
2025,16,00-0040705,8.23,3.2699999999999996
2025,16,00-0040727,6.158,1.242
2025,16,00-0040729,3.4610000000000003,1.8389999999999995
2025,16,00-0040730,8.686000000000002,11.414
2025,16,00-0040734,3.6,-1.9
2025,16,00-0040737,7.417000000000001,3.383
2025,16,00-0040743,22.2908,-5.1708
2025,16,00-0040782,0.602,-0.702
2025,16,00-0040784,10.724,-3.1239999999999997
2025,17,00-0022942,14.7384,-4.958400000000001
2025,17,00-0023459,15.0316,-7.711599999999999
2025,17,00-0026158,2.3358,-1.1758
2025,17,00-0026300,11.741,-2.8209999999999997
2025,17,00-0026498,19.4996,-0.7396000000000029
2025,17,00-0029604,9.2348,-0.0948000000000011
2025,17,00-0029892,4.21,4.19
2025,17,00-0030035,5.095000000000001,-2.6950000000000003
2025,17,00-0030279,4.754,-2.5539999999999994
2025,17,00-0030506,5.46,0.6399999999999997
2025,17,00-0030564,1.5290000000000001,-1.5290000000000001
2025,17,00-0030565,13.889399999999998,-2.7493999999999996
2025,17,00-0031236,9.114,2.9860000000000007
2025,17,00-0031408,12.088000000000001,-1.4880000000000013
2025,17,00-0031588,10.493,8.607000000000001
2025,17,00-0031610,3.4170000000000003,-2.9170000000000003
2025,17,00-0032104,1.024,-0.124
2025,17,00-0032211,5.144,2.7560000000000002
2025,17,00-0032392,5.2299999999999995,2.87
2025,17,00-0032398,1.139,0.861
2025,17,00-0032464,1.7880000000000003,-0.7880000000000003
2025,17,00-0032764,30.059,15.541
2025,17,00-0032775,5.813000000000001,-1.8130000000000006
2025,17,00-0033077,23.873799999999996,-1.193799999999996
2025,17,00-0033090,6.3870000000000005,6.013
2025,17,00-0033106,14.3928,-2.312800000000001
2025,17,00-0033119,13.711199999999998,2.7688000000000024
2025,17,00-0033217,5.988,3.5119999999999996
2025,17,00-0033246,1.9010000000000002,-1.9010000000000002
2025,17,00-0033280,22.430999999999997,3.669000000000004
2025,17,00-0033293,16.459,-2.658999999999999
2025,17,00-0033307,1.722,1.278
2025,17,00-0033357,1.1760000000000002,-1.1760000000000002
2025,17,00-0033375,1.4560000000000002,-1.4560000000000002
2025,17,00-0033455,0.891,-0.891
2025,17,00-0033526,7.196000000000001,0.6039999999999992
2025,17,00-0033576,5.242,-5.242
2025,17,00-0033857,2.9210000000000003,0.17899999999999983
2025,17,00-0033858,6.147,-0.9470000000000001
2025,17,00-0033881,3.607,0.49299999999999944
2025,17,00-0033908,5.193,-4.093
2025,17,00-0033921,11.039,9.261000000000001
2025,17,00-0033923,3.544,0.2560000000000002
2025,17,00-0033949,1.216,-0.1160000000000001
2025,17,00-0033955,3.458,-0.9580000000000002
2025,17,00-0034159,1.807,1.0930000000000004
2025,17,00-0034272,12.585,-8.985000000000001
2025,17,00-0034348,15.074000000000002,-9.074000000000002
2025,17,00-0034351,11.317,-3.0169999999999995
2025,17,00-0034383,3.908,-0.5079999999999996
2025,17,00-0034418,3.896,-2.596
2025,17,00-0034613,2.1710000000000003,1.9289999999999994
2025,17,00-0034753,3.921,0.8790000000000009
2025,17,00-0034775,5.1259999999999994,-4.026
2025,17,00-0034791,0.4650000000000001,-0.3650000000000001
2025,17,00-0034798,1.197,0.403
2025,17,00-0034827,7.003,-5.803
2025,17,00-0034829,3.2609999999999997,2.4390000000000005
2025,17,00-0034844,12.453,-5.652999999999999
2025,17,00-0034855,24.7556,-1.3155999999999999
2025,17,00-0034857,26.262800000000002,-1.9228000000000023
2025,17,00-0034860,4.851,1.9490000000000007
2025,17,00-0034869,15.8936,-5.813600000000001
2025,17,00-0034960,12.295000000000002,-5.395000000000001
2025,17,00-0035238,1.1800000000000002,1.42
2025,17,00-0035249,2.2800000000000002,-0.9800000000000002
2025,17,00-0035250,12.091000000000001,2.908999999999999
2025,17,00-0035261,10.874,-0.37400000000000055
2025,17,00-0035291,1.174,-0.17399999999999993
2025,17,00-0035298,8.424,-4.4239999999999995
2025,17,00-0035359,6.147,-0.9470000000000001
2025,17,00-0035406,5.73,-2.43
2025,17,00-0035535,4.869,-0.26900000000000013
2025,17,00-0035537,8.735,-4.534999999999999
2025,17,00-0035628,2.068,-1.568
2025,17,00-0035631,1.211,0.08899999999999997
2025,17,00-0035644,4.63,-4.63
2025,17,00-0035645,0.748,1.6520000000000004
2025,17,00-0035659,8.054,0.7460000000000004
2025,17,00-0035662,3.3560000000000003,-2.156
2025,17,00-0035676,10.181999999999999,-0.8819999999999979
2025,17,00-0035685,11.908999999999999,-6.908999999999999
2025,17,00-0035689,7.2540000000000004,-1.7540000000000004
2025,17,00-0035700,3.868,-3.0679999999999996
2025,17,00-0035719,5.7909999999999995,4.509000000000001
2025,17,00-0035956,3.603,-3.603
2025,17,00-0035993,14.0916,0.18840000000000146
2025,17,00-0036040,5.503,5.997
2025,17,00-0036133,5.32,-4.32
2025,17,00-0036139,9.746,-1.9459999999999997
2025,17,00-0036165,2.5010000000000003,-1.2010000000000003
2025,17,00-0036176,2.258,1.6420000000000003
2025,17,00-0036196,1.992,-1.992
2025,17,00-0036223,21.022000000000002,-5.122000000000002
2025,17,00-0036244,9.186,-0.8859999999999992
2025,17,00-0036252,5.248,-2.648
2025,17,00-0036259,5.5840000000000005,5.615999999999999
2025,17,00-0036275,9.802000000000001,10.197999999999999
2025,17,00-0036290,3.472,-0.8719999999999999
2025,17,00-0036309,4.498,0.0019999999999997797
2025,17,00-0036322,7.785,-2.785
2025,17,00-0036331,0.9240000000000002,-0.9240000000000002
2025,17,00-0036355,23.148,-6.007999999999999
2025,17,00-0036358,16.987000000000002,-9.887
2025,17,00-0036389,15.7418,-6.841799999999999
2025,17,00-0036407,8.809000000000001,-0.9090000000000007
2025,17,00-0036410,8.559000000000001,-0.6590000000000007
2025,17,00-0036415,3.6540000000000004,2.446
2025,17,00-0036422,2.5140000000000007,0.8859999999999997
2025,17,00-0036425,2.1510000000000002,-0.051000000000000156
2025,17,00-0036427,0.8470000000000001,-0.04700000000000004
2025,17,00-0036442,21.226,-0.825999999999997
2025,17,00-0036550,1.01,0.19000000000000017
2025,17,00-0036554,5.536,1.6640000000000006
2025,17,00-0036555,4.748,-1.448
2025,17,00-0036613,2.036,-1.3359999999999999
2025,17,00-0036637,0.8520000000000001,-0.15200000000000014
2025,17,00-0036727,3.1700000000000004,-2.87
2025,17,00-0036755,0.505,-0.405
2025,17,00-0036842,7.617000000000001,-4.517000000000001
2025,17,00-0036849,1.631,-1.631
2025,17,00-0036875,14.390000000000002,10.309999999999997
2025,17,00-0036894,5.053999999999999,2.7460000000000013
2025,17,00-0036900,14.042000000000002,7.457999999999998
2025,17,00-0036906,2.404,-1.904
2025,17,00-0036912,6.656,-3.1559999999999997
2025,17,00-0036919,6.99,-1.6900000000000004
2025,17,00-0036924,7.52,-2.219999999999999
2025,17,00-0036959,2.116,0.28400000000000025
2025,17,00-0036963,15.992999999999999,-5.192999999999998
2025,17,00-0036970,3.4410000000000007,-0.8410000000000006
2025,17,00-0036971,26.995999999999995,-1.8759999999999977
2025,17,00-0036973,11.91,-1.709999999999999
2025,17,00-0036988,2.7520000000000007,-1.0520000000000005
2025,17,00-0036997,10.566,0.8339999999999996
2025,17,00-0037005,1.15,-0.04999999999999982
2025,17,00-0037015,3.5470000000000006,-1.4470000000000005
2025,17,00-0037086,1.229,-0.42900000000000005
2025,17,00-0037091,3.3779999999999997,0.5220000000000007
2025,17,00-0037093,1.031,-1.031
2025,17,00-0037112,14.575,0.9250000000000007
2025,17,00-0037197,4.485,-1.2850000000000001
2025,17,00-0037228,5.567,0.8330000000000002
2025,17,00-0037231,7.115,6.084999999999999
2025,17,00-0037238,2.0460000000000003,-1.1460000000000004
2025,17,00-0037239,12.222000000000001,9.677999999999997
2025,17,00-0037240,4.233,0.4670000000000005
2025,17,00-0037247,7.268000000000001,2.532
2025,17,00-0037248,17.906,-9.705999999999998
2025,17,00-0037252,11.86,1.740000000000002
2025,17,00-0037256,3.934,-1.234
2025,17,00-0037261,7.389000000000001,-0.8890000000000011
2025,17,00-0037263,5.497999999999999,-3.197999999999999
2025,17,00-0037276,3.176,-0.7759999999999998
2025,17,00-0037291,0.7990000000000002,-0.7990000000000002
2025,17,00-0037304,1.3860000000000001,1.214
2025,17,00-0037324,9.3236,-1.5836000000000006
2025,17,00-0037475,2.7600000000000002,0.03999999999999959
2025,17,00-0037545,1.141,0.15900000000000003
2025,17,00-0037557,0.45,0.04999999999999999
2025,17,00-0037563,13.785,-3.4849999999999994
2025,17,00-0037614,2.751,2.8490000000000006
2025,17,00-0037664,8.188,-8.188
2025,17,00-0037666,12.852,-7.752000000000001
2025,17,00-0037741,1.9700000000000002,-1.9700000000000002
2025,17,00-0037742,3.8600000000000003,-2.2600000000000002
2025,17,00-0037744,17.19,1.4100000000000001
2025,17,00-0037746,3.5869999999999997,-0.2869999999999995
2025,17,00-0037755,0.8780000000000001,0.02199999999999991
2025,17,00-0037801,1.942,13.158
2025,17,00-0037805,3.569,-2.8689999999999998
2025,17,00-0037809,7.716,5.284
2025,17,00-0037816,3.5920000000000005,4.108
2025,17,00-0037834,28.690200000000004,10.229799999999997
2025,17,00-0037838,3.087,1.113
2025,17,00-0037840,10.314000000000002,4.186
2025,17,00-0038040,0.45,-0.25
2025,17,00-0038041,6.59,0.5099999999999998
2025,17,00-0038046,1.081,-1.081
2025,17,00-0038090,0.637,0.363
2025,17,00-0038102,0.6156,0.024399999999999977
2025,17,00-0038115,4.372,-2.272
2025,17,00-0038117,17.055999999999997,-0.2559999999999967
2025,17,00-0038120,10.376,9.524000000000003
2025,17,00-0038124,7.5040000000000004,12.296
2025,17,00-0038128,16.885600000000004,16.634399999999992
2025,17,00-0038129,4.297,1.003000000000001
2025,17,00-0038134,10.756000000000002,-4.056000000000001
2025,17,00-0038359,8.75,-0.05000000000000071
2025,17,00-0038393,1.124,0.07600000000000007
2025,17,00-0038394,1.786,0.31400000000000006
2025,17,00-0038397,0.938,-0.6379999999999999
2025,17,00-0038454,7.982,-3.1820000000000004
2025,17,00-0038542,24.576,12.823999999999998
2025,17,00-0038543,16.003,-4.303000000000001
2025,17,00-0038544,10.387,1.9130000000000003
2025,17,00-0038547,2.069,0.43100000000000005
2025,17,00-0038555,2.4379999999999997,-1.0379999999999996
2025,17,00-0038558,1.698,0.802
2025,17,00-0038559,11.178999999999998,6.221
2025,17,00-0038563,7.051,0.3490000000000002
2025,17,00-0038582,1.6072000000000002,-1.2872000000000001
2025,17,00-0038589,1.022,0.278
2025,17,00-0038597,22.743,4.857000000000003
2025,17,00-0038606,15.912,-0.9120000000000008
2025,17,00-0038618,4.432,-0.532
2025,17,00-0038619,8.614,-2.5140000000000002
2025,17,00-0038621,3.228,-1.7280000000000002
2025,17,00-0038679,3.927,0.6729999999999996
2025,17,00-0038685,1.945,-0.345
2025,17,00-0038705,6.398000000000001,-3.3980000000000006
2025,17,00-0038710,0.918,-0.918
2025,17,00-0038720,2.192,-0.09200000000000008
2025,17,00-0038738,5.3309999999999995,-0.43099999999999916
2025,17,00-0038794,3.7690000000000006,0.23099999999999943
2025,17,00-0038797,2.31,0.5900000000000003
2025,17,00-0038809,0.809,-0.009000000000000008
2025,17,00-0038840,1.4580000000000002,-1.4580000000000002
2025,17,00-0038891,3.42,-0.41999999999999993
2025,17,00-0038935,5.751000000000001,1.1489999999999991
2025,17,00-0038951,5.1930000000000005,-4.393000000000001
2025,17,00-0038976,4.2620000000000005,-1.7620000000000005
2025,17,00-0038979,1.155,3.545
2025,17,00-0038994,2.4430000000000005,10.056999999999999
2025,17,00-0038997,6.8420000000000005,-2.442
2025,17,00-0039032,4.587,-3.9869999999999997
2025,17,00-0039040,12.488,0.21200000000000152
2025,17,00-0039041,1.4089999999999998,-1.4089999999999998
2025,17,00-0039062,1.459,-1.459
2025,17,00-0039064,7.446999999999999,3.553000000000001
2025,17,00-0039066,10.121,3.279
2025,17,00-0039075,14.967,-1.7670000000000012
2025,17,00-0039139,12.071000000000002,-4.671000000000001
2025,17,00-0039146,4.084,2.016000000000001
2025,17,00-0039150,12.754999999999999,-1.8949999999999996
2025,17,00-0039163,10.8246,6.935399999999998
2025,17,00-0039165,21.594,3.605999999999998
2025,17,00-0039342,0.904,-0.10399999999999998
2025,17,00-0039361,10.576,-4.776
2025,17,00-0039373,7.279,9.021
2025,17,00-0039384,13.133000000000001,-6.933000000000001
2025,17,00-0039405,4.019,-0.41900000000000004
2025,17,00-0039451,5.611999999999999,-0.11199999999999921
2025,17,00-0039458,1.2160000000000002,1.1840000000000002
2025,17,00-0039491,1.921,0.679
2025,17,00-0039521,3.6310000000000002,-0.23099999999999987
2025,17,00-0039530,2.7370000000000005,0.8629999999999995
2025,17,00-0039634,0.2644,-0.14440000000000003
2025,17,00-0039648,1.2120000000000002,0.18799999999999972
2025,17,00-0039732,22.4844,-1.0044000000000004
2025,17,00-0039738,2.9810000000000003,-1.1810000000000003
2025,17,00-0039746,1.249,-1.0490000000000002
2025,17,00-0039793,2.971,8.829
2025,17,00-0039796,2.799,-0.9989999999999999
2025,17,00-0039798,2.8409999999999997,-0.34099999999999975
2025,17,00-0039849,1.207,-1.207
2025,17,00-0039851,18.8122,13.627800000000004
2025,17,00-0039855,11.801000000000002,3.0989999999999984
2025,17,00-0039868,3.6060000000000003,0.09399999999999986
2025,17,00-0039874,2.491,3.1090000000000004
2025,17,00-0039875,1.404,0.6960000000000002
2025,17,00-0039880,5.5329999999999995,-4.5329999999999995
2025,17,00-0039890,9.493,-5.793
2025,17,00-0039893,11.426000000000002,-5.526000000000002
2025,17,00-0039894,3.3690000000000007,-3.2690000000000006
2025,17,00-0039912,4.827,-0.4269999999999996
2025,17,00-0039915,4.244,-0.6439999999999997
2025,17,00-0039916,11.755,-0.7550000000000008
2025,17,00-0039918,25.293400000000002,-2.6534000000000013
2025,17,00-0039920,0.89,0.010000000000000009
2025,17,00-0040024,0.928,-0.028000000000000025
2025,17,00-0040078,4.763999999999999,3.2360000000000007
2025,17,00-0040122,11.046000000000001,-2.7460000000000004
2025,17,00-0040124,4.867999999999999,-3.8679999999999994
2025,17,00-0040126,14.974,3.4259999999999984
2025,17,00-0040128,6.186,0.6139999999999999
2025,17,00-0040129,6.393,-2.893
2025,17,00-0040130,6.198,9.602
2025,17,00-0040131,6.122,-2.622
2025,17,00-0040138,7.03,6.070000000000001
2025,17,00-0040162,8.228,-4.028
2025,17,00-0040165,1.0310000000000001,-0.2310000000000001
2025,17,00-0040170,11.818,-0.11800000000000033
2025,17,00-0040184,1.266,-1.266
2025,17,00-0040187,1.77,-0.6699999999999999
2025,17,00-0040189,12.001,-1.3010000000000002
2025,17,00-0040205,0.281,0.119
2025,17,00-0040206,0.8936,-0.8936
2025,17,00-0040208,2.5940000000000003,-0.1940000000000004
2025,17,00-0040218,1.9480000000000002,-0.048000000000000265
2025,17,00-0040234,15.4218,-0.14179999999999993
2025,17,00-0040236,11.8,-5.6
2025,17,00-0040237,2.5820000000000003,0.31800000000000006
2025,17,00-0040238,0.42300000000000004,-0.123
2025,17,00-0040242,7.558,14.942
2025,17,00-0040244,1.9769999999999999,0.02300000000000013
2025,17,00-0040277,6.6450000000000005,-2.6450000000000005
2025,17,00-0040311,1.2740000000000002,11.526
2025,17,00-0040398,10.009,-3.8290000000000006
2025,17,00-0040466,5.896,-2.296
2025,17,00-0040494,7.9350000000000005,-4.295
2025,17,00-0040534,1.355,-0.355
2025,17,00-0040556,0.43600000000000005,-0.23600000000000004
2025,17,00-0040563,3.7890000000000006,7.210999999999999
2025,17,00-0040581,6.513,-4.313
2025,17,00-0040582,0.708,0.29200000000000004
2025,17,00-0040583,11.113999999999999,-3.113999999999999
2025,17,00-0040584,1.737,-1.137
2025,17,00-0040590,7.327999999999999,-5.327999999999999
2025,17,00-0040663,3.2769999999999997,6.723000000000001
2025,17,00-0040666,16.934,-0.934000000000001
2025,17,00-0040667,3.7910000000000004,-2.091
2025,17,00-0040668,10.6438,2.7962000000000007
2025,17,00-0040669,7.412000000000001,4.9879999999999995
2025,17,00-0040676,17.311999999999998,1.7280000000000015
2025,17,00-0040691,20.279200000000003,4.800799999999995
2025,17,00-0040705,6.686000000000001,1.5139999999999985
2025,17,00-0040727,1.934,0.06600000000000006
2025,17,00-0040730,16.299,-0.19899999999999807
2025,17,00-0040734,16.408,-8.208
2025,17,00-0040735,11.408000000000001,12.392
2025,17,00-0040737,6.966,5.434
2025,17,00-0040743,14.345200000000002,7.5748
2025,17,00-0040782,1.142,0.9580000000000002
2025,18,00-0023459,21.729800000000004,-3.9698000000000064
2025,18,00-0026158,0.262,-0.062
2025,18,00-0026300,18.7162,1.0238000000000014
2025,18,00-0026498,28.229600000000005,-1.5696000000000048
2025,18,00-0029604,15.7558,-4.555800000000001
2025,18,00-0029892,1.935,-0.935
2025,18,00-0030035,7.47,-1.67
2025,18,00-0030279,11.457,-4.357000000000001
2025,18,00-0030506,6.54,-3.84
2025,18,00-0030564,1.9200000000000002,-1.9200000000000002
2025,18,00-0031345,-0.30000000000000004,0
2025,18,00-0031408,2.854,1.5460000000000003
2025,18,00-0031484,1.9540000000000002,-1.9540000000000002
2025,18,00-0031588,3.519,2.2809999999999997
2025,18,00-0032104,2.189,1.3110000000000004
2025,18,00-0032211,4.614,-3.614
2025,18,00-0032392,0.922,0.07799999999999996
2025,18,00-0032434,8.0436,-5.1636
2025,18,00-0032464,3.8620000000000005,2.8379999999999996
2025,18,00-0032764,11.232999999999999,1.3670000000000027
2025,18,00-0032775,4.476,-0.5759999999999996
2025,18,00-0032918,4.983,2.2169999999999996
2025,18,00-0033077,9.7764,-7.0764000000000005
2025,18,00-0033090,6.331999999999999,1.7680000000000025
2025,18,00-0033106,21.2024,-3.962399999999999
2025,18,00-0033110,10.935,6.665000000000001
2025,18,00-0033119,15.518600000000001,4.101399999999996
2025,18,00-0033217,4.109,-0.4089999999999998
2025,18,00-0033246,1.2100000000000002,0.8899999999999999
2025,18,00-0033269,0.34159999999999996,0.29840000000000005
2025,18,00-0033280,12.612000000000002,-3.912000000000001
2025,18,00-0033288,7.146,-1.7459999999999996
2025,18,00-0033307,0.755,-0.755
2025,18,00-0033319,1.2895999999999999,-0.8495999999999999
2025,18,00-0033357,2.992,1.7080000000000002
2025,18,00-0033375,1.236,-0.33599999999999997
2025,18,00-0033376,1.2000000000000002,0.09999999999999987
2025,18,00-0033400,0.6260000000000001,0.494
2025,18,00-0033455,3.5010000000000003,-2.301
2025,18,00-0033526,8.961,-2.261
2025,18,00-0033576,3.12,-1.12
2025,18,00-0033854,2.388,-0.9879999999999998
2025,18,00-0033857,1.9200000000000002,0.37999999999999967
2025,18,00-0033858,5.106999999999999,-4.206999999999999
2025,18,00-0033869,24.1234,2.7365999999999993
2025,18,00-0033881,4.632,1.3680000000000003
2025,18,00-0033908,5.582000000000001,-1.6820000000000004
2025,18,00-0033921,1.0670000000000002,0.23299999999999987
2025,18,00-0033923,5.802,-0.8019999999999996
2025,18,00-0033949,2.5586,-1.6386000000000003
2025,18,00-0033955,1.093,0.5070000000000001
2025,18,00-0034159,4.639,-3.539
2025,18,00-0034270,0.831,0.26900000000000013
2025,18,00-0034272,9.075000000000001,-3.1750000000000007
2025,18,00-0034348,2.099,-1.0990000000000002
2025,18,00-0034383,5.207,4.093000000000001
2025,18,00-0034418,3.44,-3.44
2025,18,00-0034753,2.834,-0.4339999999999997
2025,18,00-0034775,1.771,-1.571
2025,18,00-0034796,8.4422,13.977799999999998
2025,18,00-0034827,5.372,-3.772
2025,18,00-0034829,2.2,0.09999999999999964
2025,18,00-0034855,14.863400000000002,0.3565999999999985
2025,18,00-0034860,4.92,3.58
2025,18,00-0034869,13.2174,-4.397399999999999
2025,18,00-0034959,3.5,3.2
2025,18,00-0034960,7.9430000000000005,-1.0430000000000001
2025,18,00-0035021,2.9699999999999998,-2.9699999999999998
2025,18,00-0035125,1.8530000000000002,-1.0530000000000002
2025,18,00-0035249,1.509,2.3910000000000005
2025,18,00-0035250,6.73,1.8699999999999992
2025,18,00-0035261,9.386,-1.3859999999999992
2025,18,00-0035291,2.7510000000000003,-0.25100000000000033
2025,18,00-0035298,2.0660000000000003,-0.16600000000000037
2025,18,00-0035359,1.1300000000000001,0.47
2025,18,00-0035535,12.901,-7.5009999999999994
2025,18,00-0035537,21.144,-2.543999999999997
2025,18,00-0035628,2.414,-1.114
2025,18,00-0035631,2.9920000000000004,0.20799999999999974
2025,18,00-0035644,1.045,-0.04499999999999993
2025,18,00-0035645,12.254600000000002,1.9453999999999994
2025,18,00-0035659,3.982,3.718
2025,18,00-0035662,7.367,0.5330000000000004
2025,18,00-0035685,5.716000000000001,0.2839999999999989
2025,18,00-0035689,4.397,5.003
2025,18,00-0035719,6.1370000000000005,-3.0370000000000004
2025,18,00-0036040,7.22,0.3800000000000008
2025,18,00-0036133,0.9860000000000001,0.013999999999999901
2025,18,00-0036139,4.07,-0.07000000000000028
2025,18,00-0036165,4.906,-4.906
2025,18,00-0036187,5.929000000000001,-2.829000000000001
2025,18,00-0036196,10.974,1.6260000000000012
2025,18,00-0036223,8.609,-3.7089999999999996
2025,18,00-0036244,15.939,1.6610000000000014
2025,18,00-0036252,6.523000000000001,-3.5230000000000006
2025,18,00-0036259,6.376000000000001,-0.8760000000000012
2025,18,00-0036265,1.82,-1.02
2025,18,00-0036275,8.394,-3.0940000000000003
2025,18,00-0036290,2.867,-0.2669999999999999
2025,18,00-0036309,10.833000000000002,-7.333000000000002
2025,18,00-0036322,14.104000000000001,0.29600000000000115
2025,18,00-0036332,3.264,5.236000000000001
2025,18,00-0036358,0.987,-0.08699999999999997
2025,18,00-0036407,9.188000000000002,-5.988000000000002
2025,18,00-0036410,14.641,1.0589999999999993
2025,18,00-0036442,19.5022,3.3978000000000037
2025,18,00-0036555,4.893999999999999,-2.193999999999999
2025,18,00-0036590,4.545,2.455
2025,18,00-0036626,2.396,-1.0959999999999999
2025,18,00-0036628,4.220000000000001,4.08
2025,18,00-0036637,5.205,-0.7050000000000001
2025,18,00-0036679,5.216600000000001,-1.2966000000000006
2025,18,00-0036755,7.05,-1.8499999999999996
2025,18,00-0036842,4.048,-2.248
2025,18,00-0036849,5.035,-2.635
2025,18,00-0036875,9.555,24.744999999999997
2025,18,00-0036876,5.522,-0.5220000000000002
2025,18,00-0036894,7.145,-0.544999999999999
2025,18,00-0036898,3.46,-0.8199999999999998
2025,18,00-0036900,13.756999999999998,5.8430000000000035
2025,18,00-0036906,8.306000000000001,-3.2060000000000004
2025,18,00-0036912,5.1930000000000005,1.5069999999999997
2025,18,00-0036919,16.919,0.4809999999999981
2025,18,00-0036924,6.157,-0.7569999999999997
2025,18,00-0036963,22.463,-3.0630000000000024
2025,18,00-0036970,11.008000000000001,-2.208
2025,18,00-0036971,19.3784,3.921600000000005
2025,18,00-0036973,10.823,-6.523
2025,18,00-0036988,6.808999999999999,-6.209
2025,18,00-0037005,4.683,6.617000000000001
2025,18,00-0037012,18.471800000000002,-6.131800000000002
2025,18,00-0037013,0.1524,-0.1524
2025,18,00-0037015,2.4050000000000002,-2.4050000000000002
2025,18,00-0037085,5.316000000000001,-1.7160000000000002
2025,18,00-0037086,6.21,2.8899999999999997
2025,18,00-0037091,0.787,-0.787
2025,18,00-0037098,3.5490000000000004,-2.7490000000000006
2025,18,00-0037120,0.459,-0.15899999999999997
2025,18,00-0037132,3.6350000000000002,-0.6350000000000002
2025,18,00-0037228,16.329,-3.9289999999999985
2025,18,00-0037231,10.701,-5.001
2025,18,00-0037238,14.004,1.7960000000000012
2025,18,00-0037240,10.069,0.3309999999999995
2025,18,00-0037247,7.727,-6.327
2025,18,00-0037248,1.112,0.3879999999999999
2025,18,00-0037252,4.372000000000001,0.22799999999999887
2025,18,00-0037256,6.122999999999999,-1.0229999999999988
2025,18,00-0037258,1.8520000000000003,-0.8520000000000003
2025,18,00-0037263,5.276999999999999,-2.876999999999999
2025,18,00-0037276,13.216000000000001,-8.316
2025,18,00-0037291,3.7980000000000005,2.602
2025,18,00-0037304,7.679,-0.6790000000000003
2025,18,00-0037324,6.3964,-4.0764
2025,18,00-0037512,0.459,-0.15899999999999997
2025,18,00-0037525,7.533,1.867
2025,18,00-0037545,0.893,-0.19300000000000006
2025,18,00-0037614,3.436,0.06400000000000006
2025,18,00-0037617,0.559,-0.259
2025,18,00-0037664,10.899000000000001,16.301000000000002
2025,18,00-0037666,1.173,-1.173
2025,18,00-0037741,12.423,-6.923
2025,18,00-0037742,6.002000000000001,-3.8020000000000005
2025,18,00-0037744,9.311,0.6890000000000001
2025,18,00-0037746,0.878,0.02200000000000002
2025,18,00-0037801,2.4280000000000004,-1.7280000000000002
2025,18,00-0037809,4.54,-3.34
2025,18,00-0037834,10.5558,-3.3758
2025,18,00-0037837,9.597999999999999,3.402000000000001
2025,18,00-0037838,1.71,2.49
2025,18,00-0037840,15.351,-5.751000000000001
2025,18,00-0038040,1.73,-0.22999999999999998
2025,18,00-0038041,4.835000000000001,-3.835000000000001
2025,18,00-0038102,2.0309999999999997,-1.0109999999999997
2025,18,00-0038115,1.643,9.157
2025,18,00-0038129,12.15,6.749999999999998
2025,18,00-0038134,12.503,2.7970000000000006
2025,18,00-0038359,3.7160000000000006,-2.6160000000000005
2025,18,00-0038397,0.9239999999999999,0.17600000000000016
2025,18,00-0038400,23.0322,-9.092199999999998
2025,18,00-0038440,3.9090000000000003,-1.709
2025,18,00-0038454,1.2,-1
2025,18,00-0038542,11.708,-5.9079999999999995
2025,18,00-0038543,12.920000000000002,-1.5200000000000014
2025,18,00-0038547,0.772,0.9280000000000002
2025,18,00-0038555,16.042,1.0579999999999998
2025,18,00-0038559,13.536000000000001,4.863999999999997
2025,18,00-0038563,9.547,-5.147
2025,18,00-0038573,1.012,0.18800000000000017
2025,18,00-0038579,9.079600000000003,-4.2996000000000025
2025,18,00-0038582,4.904399999999999,-1.2443999999999988
2025,18,00-0038589,0.933,-0.03300000000000003
2025,18,00-0038597,15.507000000000001,0.8929999999999971
2025,18,00-0038606,15.172,2.0280000000000022
2025,18,00-0038608,6.022,-2.622
2025,18,00-0038611,18.465,-3.664999999999999
2025,18,00-0038618,11.139000000000001,-0.23900000000000077
2025,18,00-0038619,3.3560000000000003,-1.3560000000000003
2025,18,00-0038621,4.290000000000001,-0.39000000000000057
2025,18,00-0038647,7.257,2.043000000000001
2025,18,00-0038685,6.503,-0.4029999999999996
2025,18,00-0038705,2.967,3.233000000000001
2025,18,00-0038710,1.0170000000000001,-1.0170000000000001
2025,18,00-0038720,1.0550000000000002,0.24499999999999988
2025,18,00-0038738,3.412,-1.3119999999999998
2025,18,00-0038794,5.472,0.8280000000000003
2025,18,00-0038797,10.075,-4.774999999999999
2025,18,00-0038809,6.4879999999999995,-4.188
2025,18,00-0038840,2.266,1.4340000000000002
2025,18,00-0038891,1.745,0.15500000000000003
2025,18,00-0038933,4.114,2.186000000000001
2025,18,00-0038935,8.731,5.468999999999999
2025,18,00-0038951,2.111,-2.511
2025,18,00-0038976,2.5309999999999997,-0.5309999999999997
2025,18,00-0038979,2.859,-0.05899999999999972
2025,18,00-0038994,6.182,-4.882000000000001
2025,18,00-0038997,4.820999999999999,2.7790000000000017
2025,18,00-0039032,7.7589999999999995,-1.5589999999999993
2025,18,00-0039041,3.4390000000000005,0.8610000000000002
2025,18,00-0039050,3.543,-3.543
2025,18,00-0039062,1.069,-1.069
2025,18,00-0039064,8.864,18.936
2025,18,00-0039066,5.617000000000001,0.5829999999999993
2025,18,00-0039074,2.164,-2.164
2025,18,00-0039075,19.689999999999998,1.3100000000000023
2025,18,00-0039139,17.195,1.6050000000000004
2025,18,00-0039150,14.2376,4.2623999999999995
2025,18,00-0039163,13.326400000000001,3.9335999999999967
2025,18,00-0039165,15.207000000000003,1.9929999999999968
2025,18,00-0039305,1.125,-0.625
2025,18,00-0039342,5.047,-1.3469999999999995
2025,18,00-0039359,2.0020000000000002,-0.6020000000000003
2025,18,00-0039361,15.788000000000002,-5.488000000000001
2025,18,00-0039373,22.441,-9.340999999999998
2025,18,00-0039384,23.724000000000004,2.1759999999999984
2025,18,00-0039391,2.3220000000000005,-0.8220000000000003
2025,18,00-0039398,10.7468,-3.5268000000000006
2025,18,00-0039405,3.1660000000000004,-2.8660000000000005
2025,18,00-0039410,8.155,1.1450000000000014
2025,18,00-0039451,5.539000000000001,-0.6390000000000002
2025,18,00-0039458,1.118,-0.018000000000000016
2025,18,00-0039491,9.626000000000001,4.073999999999998
2025,18,00-0039530,4.724000000000001,-0.7240000000000011
2025,18,00-0039603,6.767,-0.46699999999999964
2025,18,00-0039648,3.3710000000000004,-1.4710000000000003
2025,18,00-0039732,14.2672,-3.7272000000000016
2025,18,00-0039738,8.609,-1.2089999999999996
2025,18,00-0039746,3.671,-1.371
2025,18,00-0039792,2.4290000000000003,9.171000000000001
2025,18,00-0039793,3.0740000000000003,-0.6739999999999999
2025,18,00-0039796,0.522,-0.522
2025,18,00-0039851,14.5042,1.2358000000000011
2025,18,00-0039855,0.9430000000000001,0.657
2025,18,00-0039868,2.967,-2.967
2025,18,00-0039874,12.597000000000003,-7.597000000000003
2025,18,00-0039875,17.065,7.335000000000001
2025,18,00-0039880,7.343,2.9570000000000007
2025,18,00-0039884,4.494999999999999,-0.8949999999999991
2025,18,00-0039890,2.923,-2.923
2025,18,00-0039893,7.679,-1.279
2025,18,00-0039901,10.163,-4.263
2025,18,00-0039912,1.8470000000000002,-0.5470000000000002
2025,18,00-0039918,17.8752,-1.2951999999999977
2025,18,00-0039920,4.626,0.1739999999999995
2025,18,00-0039923,13.5304,-5.5504
2025,18,00-0040021,7.563,2.3370000000000006
2025,18,00-0040024,7.0040000000000004,-2.2039999999999997
2025,18,00-0040078,9.655000000000001,-2.8550000000000004
2025,18,00-0040122,18.234,-7.334000000000001
2025,18,00-0040124,8.478,1.9220000000000006
2025,18,00-0040126,20.177,-0.07699999999999818
2025,18,00-0040128,9.588000000000001,-4.488000000000001
2025,18,00-0040129,5.3100000000000005,-4.010000000000001
2025,18,00-0040130,7.639,1.6610000000000005
2025,18,00-0040131,0.8980000000000001,-0.39800000000000013
2025,18,00-0040134,6.835,-1.7350000000000003
2025,18,00-0040138,1.229,0.571
2025,18,00-0040162,8.497000000000002,-3.0970000000000013
2025,18,00-0040170,11.195,-4.695
2025,18,00-0040179,3.880000000000001,-0.8800000000000008
2025,18,00-0040184,5.0600000000000005,-1.6600000000000001
2025,18,00-0040187,2.046,-1.0459999999999998
2025,18,00-0040189,2.04,1.2600000000000002
2025,18,00-0040194,1.0090000000000001,-0.5090000000000001
2025,18,00-0040198,6.719,-5.119000000000001
2025,18,00-0040206,23.2384,4.141600000000004
2025,18,00-0040218,1.5110000000000001,0.4889999999999999
2025,18,00-0040234,11.790400000000002,-1.410400000000001
2025,18,00-0040236,4.213,-0.8129999999999997
2025,18,00-0040237,2.5450000000000004,0.1549999999999998
2025,18,00-0040242,12.774,-9.873999999999999
2025,18,00-0040277,5.639,4.960999999999999
2025,18,00-0040311,7.492000000000001,-1.5920000000000005
2025,18,00-0040363,3.2150000000000003,1.3849999999999993
2025,18,00-0040388,1.9440000000000002,0.5559999999999998
2025,18,00-0040398,7.042799999999999,0.057200000000001694
2025,18,00-0040406,0.754,0.746
2025,18,00-0040466,3.641,0.15900000000000025
2025,18,00-0040494,3.4619999999999997,-1.1819999999999995
2025,18,00-0040509,1.022,0.3779999999999999
2025,18,00-0040534,1.104,-0.20400000000000007
2025,18,00-0040556,4.501,-0.7010000000000005
2025,18,00-0040563,1.677,2.323
2025,18,00-0040581,1.94,-1.94
2025,18,00-0040582,2.244,-2.044
2025,18,00-0040583,8.075000000000001,-2.2750000000000004
2025,18,00-0040586,12.059000000000001,0.3409999999999993
2025,18,00-0040590,1.0030000000000001,-1.0030000000000001
2025,18,00-0040628,2.676,-1.8760000000000001
2025,18,00-0040646,4.495,-3.095
2025,18,00-0040667,2.399,-1.099
2025,18,00-0040668,11.839400000000003,-4.799400000000002
2025,18,00-0040669,1.7080000000000002,0.5919999999999996
2025,18,00-0040676,4.1974,4.9826
2025,18,00-0040691,22.547199999999997,-2.1471999999999944
2025,18,00-0040705,3.7570000000000006,0.4429999999999996
2025,18,00-0040719,4.101,4.199000000000001
2025,18,00-0040727,6.997,-3.1969999999999996
2025,18,00-0040729,2.2380000000000004,-2.2380000000000004
2025,18,00-0040730,15.345,-11.545
2025,18,00-0040734,11.394,5.906000000000001
2025,18,00-0040735,4.931,1.069
2025,18,00-0040743,20.3592,3.4007999999999967
2025,18,00-0040782,3.9650000000000003,-1.7650000000000001
2025,19,00-0023459,13.169599999999999,-7.329599999999999
2025,19,00-0026498,21.371799999999997,2.7882000000000033
2025,19,00-0029892,5.4750000000000005,1.4249999999999998
2025,19,00-0030035,2.774,0.726
2025,19,00-0030279,11.081,-7.0809999999999995
2025,19,00-0031236,8.615,-1.3149999999999995
2025,19,00-0031381,17.308,-7.6080000000000005
2025,19,00-0031588,5.981,-3.381
2025,19,00-0032392,3.992,-3.992
2025,19,00-0032775,11.3,8.8
2025,19,00-0033090,10.008,3.8920000000000012
2025,19,00-0033110,3.722,1.778
2025,19,00-0033280,20.902,5.498000000000001
2025,19,00-0033288,2.239,-1.1389999999999998
2025,19,00-0033375,1.3730000000000002,-1.3730000000000002
2025,19,00-0033858,3.8960000000000004,-2.9960000000000004
2025,19,00-0034272,4.828,-0.7280000000000006
2025,19,00-0034351,16.110999999999997,1.2890000000000015
2025,19,00-0034383,4.426,-1.726
2025,19,00-0034771,0.18600000000000003,-0.10600000000000002
2025,19,00-0034775,9.502,14.897999999999998
2025,19,00-0034791,4.4959999999999996,0.30400000000000116
2025,19,00-0034798,3.1770000000000005,-2.0770000000000004
2025,19,00-0034827,9.943999999999999,4.956000000000001
2025,19,00-0034844,23.543000000000003,-8.943000000000001
2025,19,00-0034857,24.543799999999997,5.6762000000000015
2025,19,00-0034867,0.982,-0.982
2025,19,00-0034960,5.625,-3.925
2025,19,00-0035208,3.3500000000000005,3.9499999999999993
2025,19,00-0035640,5.986,-0.7859999999999996
2025,19,00-0035676,10.251000000000001,-6.251000000000001
2025,19,00-0035689,4.207,0.29300000000000015
2025,19,00-0035700,18.817000000000004,-12.517000000000003
2025,19,00-0036139,4.886,-2.886
2025,19,00-0036196,4.158,-1.758
2025,19,00-0036244,4.37,6.03
2025,19,00-0036259,7.5672,2.5928000000000004
2025,19,00-0036264,27.6144,2.4056000000000033
2025,19,00-0036275,10.618999999999998,5.581000000000001
2025,19,00-0036290,4.83,-4.73
2025,19,00-0036355,23.193600000000004,-11.133600000000003
2025,19,00-0036389,18.6676,-6.547600000000001
2025,19,00-0036554,7.581,-3.9810000000000003
2025,19,00-0036555,14.314,4.586000000000002
2025,19,00-0036875,9.5,4.800000000000001
2025,19,00-0036887,0.915,-0.915
2025,19,00-0036894,4.239,-1.939
2025,19,00-0036912,11.444999999999999,-0.4449999999999985
2025,19,00-0036919,8.476,-1.8760000000000012
2025,19,00-0036971,27.462799999999998,-4.082799999999995
2025,19,00-0036973,11.299,8.801000000000002
2025,19,00-0037005,2.099,1.601
2025,19,00-0037112,3.783,-1.8829999999999998
2025,19,00-0037194,0.766,0.3340000000000001
2025,19,00-0037228,7.2940000000000005,-2.0940000000000003
2025,19,00-0037248,12.351999999999999,-6.251999999999998
2025,19,00-0037261,13.220999999999998,0.9790000000000028
2025,19,00-0037282,1.1390000000000002,-1.1390000000000002
2025,19,00-0037654,3.748,-1.048
2025,19,00-0037741,2.581,-2.581
2025,19,00-0037816,20.549,1.850999999999999
2025,19,00-0037834,19.9162,0.9638000000000027
2025,19,00-0037837,7.419,-5.119
2025,19,00-0037840,10.908999999999999,3.591000000000001
2025,19,00-0038090,2.027,-1.727
2025,19,00-0038124,10.785,0.3149999999999995
2025,19,00-0038544,6.875,-3.375
2025,19,00-0038555,2.25,-0.34999999999999987
2025,19,00-0038589,0.9440000000000001,0.2560000000000001
2025,19,00-0038606,21.9,-1.4999999999999964
2025,19,00-0038608,4.694,3.9060000000000015
2025,19,00-0038618,4.946,-1.8459999999999996
2025,19,00-0038621,2.001,-1.2009999999999998
2025,19,00-0038679,2.1,-0.19999999999999996
2025,19,00-0038685,2.0330000000000004,1.1669999999999998
2025,19,00-0038797,0.495,-0.19499999999999995
2025,19,00-0038840,2.7310000000000003,-2.7310000000000003
2025,19,00-0038933,7.1290000000000004,3.1710000000000003
2025,19,00-0038935,10.74,-8.84
2025,19,00-0039075,31.543999999999997,-2.043999999999997
2025,19,00-0039144,3.822,-2.422
2025,19,00-0039146,11.789000000000001,1.9109999999999978
2025,19,00-0039150,20.802,2.1580000000000013
2025,19,00-0039163,11.0576,2.9423999999999992
2025,19,00-0039305,1.173,0.127
2025,19,00-0039342,5.882000000000001,-4.582000000000001
2025,19,00-0039359,2.091,0.609
2025,19,00-0039391,9.039,-2.939
2025,19,00-0039471,1.1520000000000001,-0.052000000000000046
2025,19,00-0039491,16.819,7.0809999999999995
2025,19,00-0039738,8.491,-1.6909999999999998
2025,19,00-0039746,1.25,-0.1499999999999999
2025,19,00-0039851,24.0818,-2.761800000000001
2025,19,00-0039893,4.803000000000001,4.296999999999999
2025,19,00-0039901,1.6790000000000003,2.4209999999999994
2025,19,00-0039915,4.511,0.18900000000000006
2025,19,00-0039918,30.458,-6.018000000000001
2025,19,00-0039919,10.932,-5.532
2025,19,00-0040024,1.19,0.20999999999999996
2025,19,00-0040124,9.323,1.2769999999999992
2025,19,00-0040126,20.523,-2.822999999999997
2025,19,00-0040130,5.1370000000000005,0.2629999999999999
2025,19,00-0040131,1.1310000000000002,0.06899999999999995
2025,19,00-0040138,1.4380000000000002,-1.4380000000000002
2025,19,00-0040187,2.7199999999999998,-2.7199999999999998
2025,19,00-0040189,3.064,1.436
2025,19,00-0040218,2.862,-2.862
2025,19,00-0040236,7.864,-2.4639999999999995
2025,19,00-0040238,1.726,-0.0259999999999998
2025,19,00-0040563,2.0672,0.43279999999999985
2025,19,00-0040583,10.277000000000001,6.923000000000002
2025,19,00-0040590,0.924,0.676
2025,19,00-0040644,0.454,-0.05399999999999999
2025,19,00-0040666,0.43300000000000005,-0.533
2025,19,00-0040667,6.639000000000001,9.760999999999997
2025,19,00-0040719,1.9889999999999999,3.1110000000000007
2025,19,00-0040727,2.8600000000000003,0.13999999999999968
2025,19,00-0040734,5.218000000000001,-1.1180000000000003
2025,19,00-0040735,9.474,-4.1739999999999995
2025,20,00-0026498,26.3284,-16.108399999999996
2025,20,00-0029892,1.568,-0.268
2025,20,00-0031236,8.497,-5.497
2025,20,00-0031381,9.913,-6.513
2025,20,00-0031588,8.806000000000001,3.193999999999999
2025,20,00-0032392,2.9320000000000004,-1.0320000000000003
2025,20,00-0032775,0.694,-0.09399999999999997
2025,20,00-0033090,1.998,-0.998
2025,20,00-0033110,3.8810000000000002,-0.681
2025,20,00-0033280,11.312999999999999,-1.4129999999999985
2025,20,00-0033282,4.8740000000000006,-4.174
2025,20,00-0033307,2.745,-2.745
2025,20,00-0033881,4.811999999999999,-3.611999999999999
2025,20,00-0033908,6.8100000000000005,1.6899999999999995
2025,20,00-0034348,11.700999999999999,-4.400999999999998
2025,20,00-0034383,3.097,2.603
2025,20,00-0034775,8.051,0.9489999999999998
2025,20,00-0034791,2.741,-1.341
2025,20,00-0034798,1.096,-0.09600000000000009
2025,20,00-0034827,14.095,0.40499999999999936
2025,20,00-0034857,29.159000000000002,-0.19900000000000162
2025,20,00-0034869,9.409199999999998,-0.4491999999999976
2025,20,00-0035140,4.05,2.8500000000000005
2025,20,00-0035208,3.191,-1.791
2025,20,00-0035406,7.421,2.8790000000000004
2025,20,00-0035689,5.376,-0.6760000000000002
2025,20,00-0036232,5.815,-2.2150000000000003
2025,20,00-0036244,11.112000000000002,-4.012000000000001
2025,20,00-0036259,6.235000000000001,-2.935000000000001
2025,20,00-0036275,15.375,-7.7749999999999995
2025,20,00-0036290,3.359,7.241
2025,20,00-0036422,2.677,-2.677
2025,20,00-0036727,0.9890000000000001,-0.9890000000000001
2025,20,00-0036875,12.006000000000002,-1.9060000000000024
2025,20,00-0036887,2.0340000000000003,-1.4340000000000002
2025,20,00-0036972,2.0408000000000004,-1.1808000000000003
2025,20,00-0037085,1.6630000000000003,-0.4630000000000001
2025,20,00-0037112,6.659,1.7410000000000005
2025,20,00-0037248,18.582,-3.4819999999999993
2025,20,00-0037261,10.306999999999999,0.6930000000000014
2025,20,00-0037545,6.526,-3.8259999999999996
2025,20,00-0037745,2.5260000000000002,-1.5260000000000002
2025,20,00-0037746,2.441,-1.2409999999999997
2025,20,00-0037834,12.220799999999999,-2.920799999999998
2025,20,00-0037840,22.358,3.3420000000000023
2025,20,00-0038134,19.303000000000004,14.696999999999996
2025,20,00-0038543,7.275,2.125
2025,20,00-0038608,7.271000000000001,7.728999999999999
2025,20,00-0038618,14.419,-8.019
2025,20,00-0038621,2.362,8.238
2025,20,00-0038752,1.125,0.9750000000000001
2025,20,00-0038783,0.9,-0.30000000000000004
2025,20,00-0038794,4.079,-1.9789999999999996
2025,20,00-0038933,8.004999999999999,9.295000000000002
2025,20,00-0038976,10.452,8.848
2025,20,00-0039075,13.977000000000002,-5.277000000000001
2025,20,00-0039163,19.777800000000006,-6.197800000000006
2025,20,00-0039165,3.277,-1.2770000000000001
2025,20,00-0039359,3.71,-2.41
2025,20,00-0039459,1.061,-1.061
2025,20,00-0039568,2.545,4.655
2025,20,00-0039732,29.002200000000002,-2.9421999999999997
2025,20,00-0039738,3.269,-1.369
2025,20,00-0039751,2.829,1.6709999999999998
2025,20,00-0039793,0.333,-0.133
2025,20,00-0039851,13.457999999999998,6.702000000000002
2025,20,00-0039875,1.923,-0.02300000000000013
2025,20,00-0039901,4.638,2.862
2025,20,00-0039916,2.229,-2.229
2025,20,00-0039918,26.856599999999997,-4.576599999999996
2025,20,00-0039919,10.051,-4.651
2025,20,00-0040126,14.987000000000002,-7.387000000000001
2025,20,00-0040130,11.915000000000001,-3.0150000000000006
2025,20,00-0040131,3.906,-3.906
2025,20,00-0040134,3.668,1.032
2025,20,00-0040138,1.2770000000000001,-1.2770000000000001
2025,20,00-0040177,3.971000000000001,0.028999999999999027
2025,20,00-0040236,13.424999999999999,-4.225
2025,20,00-0040583,12.086000000000002,-7.4860000000000015
2025,20,00-0040590,5.033,-2.9330000000000003
2025,20,00-0040649,1.042,-1.042
2025,20,00-0040730,10.33,-1.2299999999999986
2025,20,00-0040734,7.961,-5.1610000000000005
2025,20,00-0040735,10.948,-7.048
2025,20,00-0040737,8.053,-5.6530000000000005
2025,21,00-0026498,23.860599999999998,4.699400000000004
2025,21,00-0031381,11.016,5.883999999999999
2025,21,00-0031588,5.857,-1.657
2025,21,00-0033090,2.9590000000000005,-0.7590000000000003
2025,21,00-0033110,0.9830000000000001,0.7170000000000001
2025,21,00-0033555,2.7030000000000003,3.3970000000000002
2025,21,00-0033881,2.846,0.05400000000000027
2025,21,00-0033908,7.24,4.359999999999999
2025,21,00-0034348,7.494,1.7059999999999995
2025,21,00-0034869,20.2254,6.514599999999998
2025,21,00-0035264,13.9796,-2.3595999999999986
2025,21,00-0035406,3.7350000000000003,-2.7350000000000003
2025,21,00-0036244,5.719000000000001,1.980999999999999
2025,21,00-0036727,0.388,-0.08799999999999997
2025,21,00-0036875,18.016000000000002,-10.916
2025,21,00-0036980,1.014,-0.11399999999999999
2025,21,00-0037085,0.36200000000000004,0.03799999999999998
2025,21,00-0037545,4.955,0.6450000000000005
2025,21,00-0037557,1.034,-1.034
2025,21,00-0037840,7.671000000000001,5.429
2025,21,00-0038134,18.366000000000003,0.7339999999999982
2025,21,00-0038543,18.039,8.261
2025,21,00-0038608,8.786000000000001,-7.686000000000002
2025,21,00-0038621,1.193,-1.193
2025,21,00-0038752,4.591,3.608999999999999
2025,21,00-0038794,3.77,-1.97
2025,21,00-0038976,6.0680000000000005,2.131999999999999
2025,21,00-0039075,20.186,7.213999999999999
2025,21,00-0039299,6.935,-2.335
2025,21,00-0039738,7.367000000000001,2.0329999999999995
2025,21,00-0039793,5.0969999999999995,-2.7969999999999997
2025,21,00-0039851,13.8158,2.1242
2025,21,00-0040134,2.729,-1.929
2025,21,00-0040590,5.656000000000001,-5.656000000000001
2025,21,00-0040730,12.205,-4.305
2025,21,00-0040734,1.4320000000000002,-0.9320000000000002
2025,21,00-0040737,3.4859999999999998,-3.4859999999999998
2025,22,00-0031588,4.335,0.8650000000000002
2025,22,00-0032392,3.419,-1.419
2025,22,00-0033090,5.497,-0.8970000000000002
2025,22,00-0033555,13.229000000000003,2.570999999999998
2025,22,00-0033908,15.401,-6.300999999999998
2025,22,00-0034869,21.261200000000002,-8.681200000000002
2025,22,00-0036875,8.895,5.905000000000001
2025,22,00-0037545,11.145,-7.944999999999999
2025,22,00-0038134,18.371000000000002,-1.2710000000000008
2025,22,00-0038543,13.221,-8.521
2025,22,00-0038608,6.267000000000001,-3.667000000000001
2025,22,00-0038621,8.381,-1.3810000000000002
2025,22,00-0039299,2.279,-0.47899999999999965
2025,22,00-0039793,6.396000000000001,7.004
2025,22,00-0039851,21.8086,1.6914000000000016
2025,22,00-0040131,3.1,-1.9
2025,22,00-0040734,5.7459999999999996,0.25400000000000045
