season,player_id,team,qb_dropbacks,qb_attempts,qb_deep_attempts,qb_left_attempts,qb_middle_attempts,qb_right_attempts,qb_redzone_dropbacks,qb_avg_air_yards,qb_deep_throw_rate,qb_left_throw_rate,qb_middle_throw_rate,qb_right_throw_rate,qb_redzone_throw_rate,qb_target_pos_RB,qb_target_pos_TE,qb_target_pos_WR,qb_target_pos_OTHER,qb_route_in_break,qb_route_other,qb_route_screen,qb_route_vertical,qb_route_out_break,qb_route_hitch,qb_ngs_time_to_throw,qb_ngs_avg_depth,qb_ngs_aggressiveness,qb_ngs_cpoe
2018,00-0019596,NE,592,592,110,222,148,198,94,7.871929824561404,0.1858108108108108,0.375,0.25,0.3344594594594595,0.15878378378378377,0.3616636528028933,0.14647377938517178,0.4918625678119349,0,0.06521739130434782,0.6467391304347826,0.09963768115942029,0.18840579710144928,0,0,2.615713028169014,7.653932980599647,13.859649122807017,-1.5629724798756683
2018,00-0020531,NO,508,508,90,189,86,214,97,7.161554192229039,0.17716535433070865,0.3720472440944882,0.16929133858267717,0.421259842519685,0.19094488188976377,0.2892561983471074,0.18181818181818182,0.5268595041322314,0.002066115702479339,0.06444906444906445,0.6715176715176715,0.08731808731808732,0.17671517671517672,0,0,2.5861881390593044,7.113394683026585,15.541922290388548,7.159069046408604
2018,00-0021206,NYJ,117,117,20,39,26,44,13,7.318181818181818,0.17094017094017094,0.3333333333333333,0.2222222222222222,0.37606837606837606,0.1111111111111111,0.26666666666666666,0.24761904761904763,0.4857142857142857,0,0.047619047619047616,0.7238095238095238,0.09523809523809523,0.13333333333333333,0,0,0,0,0,0
2018,00-0022787,ATL,7,7,0,1,3,3,0,4.571428571428571,0,0.14285714285714285,0.42857142857142855,0.42857142857142855,0,0.14285714285714285,0.42857142857142855,0.2857142857142857,0.14285714285714285,0,0.8333333333333334,0,0.16666666666666666,0,0,0,0,0,0
2018,00-0022803,NYG,628,628,115,209,118,248,95,7.342013888888889,0.18312101910828024,0.3328025477707006,0.18789808917197454,0.39490445859872614,0.15127388535031847,0.263986013986014,0.19755244755244755,0.5367132867132867,0.0017482517482517483,0.06537102473498234,0.6731448763250883,0.0706713780918728,0.19081272084805653,0,0,2.646937391304348,7.197756521739132,18.75,-1.4492557026743356
2018,00-0022921,ARI,1,1,1,0,0,1,0,28,1,0,0,1,0,1,0,0,0,0,0,0,1,0,0,0,0,0,0
2018,00-0022924,PIT,704,704,133,224,216,232,100,7.783703703703703,0.18892045454545456,0.3181818181818182,0.3068181818181818,0.32954545454545453,0.14204545454545456,0.1631736526946108,0.1781437125748503,0.657185628742515,0.0014970059880239522,0.07401812688821752,0.6042296072507553,0.13897280966767372,0.18277945619335348,0,0,2.552903273809524,7.670119047619047,16.88888888888889,0.5292071600755008
2018,00-0022942,LAC,547,547,104,177,139,192,82,7.771653543307087,0.19012797074954296,0.3235831809872029,0.25411334552102377,0.3510054844606947,0.14990859232175502,0.27647058823529413,0.14705882352941177,0.5764705882352941,0,0.06560636182902585,0.6322067594433399,0.06958250497017893,0.23260437375745527,0,0,2.617966535433071,7.9059251968503945,15.748031496062993,2.5163754454161165
2018,00-0023436,WAS,351,351,64,125,95,105,37,8.103975535168196,0.18233618233618235,0.3561253561253561,0.2706552706552707,0.29914529914529914,0.10541310541310542,0.2310126582278481,0.29430379746835444,0.47468354430379744,0,0.09206349206349207,0.6412698412698413,0.08571428571428572,0.18095238095238095,0,0,2.7897638036809815,8.068707692307692,17.682926829268293,0.6149468392633395
2018,00-0023459,GB,649,649,140,251,108,236,79,8.77889447236181,0.21571648690292758,0.386748844375963,0.16640986132511557,0.36363636363636365,0.12172573189522343,0.13321799307958476,0.20242214532871972,0.6643598615916955,0,0.0817391304347826,0.6052173913043478,0.10956521739130434,0.20347826086956522,0,0,2.9496672268907567,8.795344537815126,13.735343383584588,-1.0418312262175817
2018,00-0023645,BUF,75,75,18,28,14,28,4,8.82857142857143,0.24,0.37333333333333335,0.18666666666666668,0.37333333333333335,0.05333333333333334,0.3188405797101449,0.21739130434782608,0.463768115942029,0,0.043478260869565216,0.6376811594202898,0.07246376811594203,0.2463768115942029,0,0,0,0,0,0
2018,00-0023662,DET,18,18,2,4,5,8,0,7.294117647058823,0.1111111111111111,0.2222222222222222,0.2777777777777778,0.4444444444444444,0,0.1875,0.1875,0.625,0,0.125,0.75,0,0.125,0,0,0,0,0,0
2018,00-0023682,TB,261,261,71,100,58,88,43,10.34959349593496,0.2720306513409962,0.3831417624521073,0.2222222222222222,0.3371647509578544,0.16475095785440613,0.17073170731707318,0.18699186991869918,0.6422764227642277,0,0.05714285714285714,0.6285714285714286,0.061224489795918366,0.2530612244897959,0,0,2.645369918699187,10.194227642276424,20.32520325203252,4.202117684592551
2018,00-0023853,DET,1,1,0,1,0,0,1,8,0,1,0,0,1,0,1,0,0,0,0,0,0,0,0,0,0,0,0
2018,00-0024417,BAL,1,1,1,0,1,0,0,19,1,0,1,0,0,0,0,1,0,0,0,0,0,0,0,0,0,0,0
2018,00-0026035,MIA,1,1,1,0,0,1,0,25,1,0,0,1,0,1,0,0,0,0,0,0,1,0,0,0,0,0,0
2018,00-0026143,ATL,656,656,127,248,144,215,92,8.554276315789474,0.19359756097560976,0.3780487804878049,0.21951219512195122,0.3277439024390244,0.1402439024390244,0.14666666666666667,0.175,0.6783333333333333,0,0.0907563025210084,0.6571428571428571,0.08907563025210084,0.16302521008403362,0,0,2.6803855024711694,8.50196046128501,16.776315789473685,4.670736469683774
2018,00-0026158,BAL,397,397,79,93,139,144,49,8.54089709762533,0.19899244332493704,0.23425692695214106,0.3501259445843829,0.36272040302267,0.12342569269521411,0.18059299191374664,0.21293800539083557,0.601078167115903,0.005390835579514825,0.08152173913043478,0.6195652173913043,0.07336956521739131,0.22554347826086957,0,0,2.7133590425531913,8.402906666666667,16.886543535620053,-2.7092036601254676
2018,00-0026197,KC,3,3,0,0,2,1,0,6,0,0,0.6666666666666666,0.3333333333333333,0,0.3333333333333333,0,0.6666666666666666,0,0.6666666666666666,0.3333333333333333,0,0,0,0,0,0,0,0
2018,00-0026300,WAS,102,102,22,32,23,35,12,9.322222222222223,0.21568627450980393,0.3137254901960784,0.22549019607843138,0.3431372549019608,0.11764705882352941,0.25842696629213485,0.15730337078651685,0.5842696629213483,0,0.034482758620689655,0.6896551724137931,0.06896551724137931,0.20689655172413793,0,0,0,0,0,0
2018,00-0026498,DET,598,598,88,197,131,226,80,6.911711711711711,0.14715719063545152,0.3294314381270903,0.21906354515050167,0.3779264214046823,0.13377926421404682,0.25045703839122485,0.11517367458866545,0.6252285191956124,0.009140767824497258,0.04604051565377532,0.6832412523020258,0.09760589318600368,0.17311233885819521,0,0,2.6367870036101078,7.003182640144667,16.036036036036037,0.33447467428338484
2018,00-0026544,CHI,86,86,15,17,11,48,12,8.526315789473685,0.1744186046511628,0.19767441860465115,0.12790697674418605,0.5581395348837209,0.13953488372093023,0.38961038961038963,0.14285714285714285,0.4675324675324675,0,0.039473684210526314,0.5789473684210527,0.11842105263157894,0.2631578947368421,0,0,0,0,0,0
2018,00-0026625,NE,2,2,0,1,1,0,0,2,0,0.5,0.5,0,0,0,0,1,0,0.5,0,0.5,0,0,0,0,0,0,0
2018,00-0026898,WAS,42,42,4,17,9,9,0,6.285714285714286,0.09523809523809523,0.40476190476190477,0.21428571428571427,0.21428571428571427,0,0.23529411764705882,0.2647058823529412,0.5,0,0.058823529411764705,0.6470588235294118,0.14705882352941177,0.14705882352941177,0,0,0,0,0,0
2018,00-0027150,NE,2,2,0,1,0,1,0,-1,0,0.5,0,0.5,0,0.5,0,0,0.5,0,1,0,0,0,0,0,0,0,0
2018,00-0027685,DEN,1,1,1,0,0,1,0,28,1,0,0,1,0,0,0,1,0,0,0,0,1,0,0,0,0,0,0
2018,00-0027688,WAS,60,60,15,22,15,15,8,8.87037037037037,0.25,0.36666666666666664,0.25,0.25,0.13333333333333333,0.11538461538461539,0.28846153846153844,0.5961538461538461,0,0.11538461538461539,0.5192307692307693,0.11538461538461539,0.25,0,0,0,0,0,0
2018,00-0027793,PIT,1,1,0,1,0,0,0,12,0,1,0,0,0,1,0,0,0,0,0,0,1,0,0,0,0,0,0
2018,00-0027854,ARI,87,87,13,33,16,31,7,6.4,0.14942528735632185,0.3793103448275862,0.1839080459770115,0.3563218390804598,0.08045977011494253,0.30864197530864196,0.19753086419753085,0.49382716049382713,0,0.075,0.725,0.0625,0.1375,0,0,0,0,0,0
2018,00-0027939,CAR,504,504,88,183,106,179,65,7.176220806794055,0.1746031746031746,0.3630952380952381,0.21031746031746032,0.3551587301587302,0.12896825396825398,0.24890829694323144,0.1703056768558952,0.5807860262008734,0,0.07488986784140969,0.698237885462555,0.0881057268722467,0.13876651982378854,0,0,2.693275641025641,7.100942184154176,17.197452229299362,2.9816739537976673
2018,00-0027948,TEN,106,106,17,36,24,41,9,7.02970297029703,0.16037735849056603,0.33962264150943394,0.22641509433962265,0.3867924528301887,0.08490566037735849,0.15151515151515152,0.29292929292929293,0.5555555555555556,0,0.030303030303030304,0.6262626262626263,0.12121212121212122,0.2222222222222222,0,0,0,0,0,0
2018,00-0027973,CIN,387,387,73,124,87,151,50,8.073972602739726,0.18863049095607234,0.32041343669250644,0.2248062015503876,0.39018087855297157,0.12919896640826872,0.2011173184357542,0.18435754189944134,0.6145251396648045,0,0.08123249299719888,0.6190476190476191,0.0700280112044818,0.22969187675070027,0,0,2.608201657458564,8.367611111111112,17.26027397260274,-0.5741770167465035
2018,00-0028118,CLE,98,98,27,26,18,40,3,9.952941176470588,0.2755102040816326,0.2653061224489796,0.1836734693877551,0.40816326530612246,0.030612244897959183,0.15853658536585366,0.21951219512195122,0.6219512195121951,0,0.04878048780487805,0.5487804878048781,0.13414634146341464,0.2682926829268293,0,0,0,0,0,0
2018,00-0028872,LA,4,4,1,0,0,4,0,12.75,0.25,0,0,1,0,0,0.25,0.5,0.25,0,0,0,0,0,0,0,0,0,0
2018,00-0028986,DEN,622,622,101,211,114,259,74,7.455631399317406,0.16237942122186494,0.3392282958199357,0.1832797427652733,0.41639871382636656,0.1189710610932476,0.225177304964539,0.19148936170212766,0.5833333333333334,0,0.0693950177935943,0.6903914590747331,0.06405693950177936,0.17615658362989323,0,0,2.6845205479452052,7.453825042881647,16.040955631399317,-1.5079217091991026
2018,00-0029000,DAL,1,1,0,1,0,0,1,11,0,1,0,0,1,0,0,0,1,0,1,0,0,0,0,0,0,0,0
2018,00-0029263,SEA,479,479,105,167,87,165,72,8.976580796252927,0.21920668058455114,0.348643006263048,0.18162839248434237,0.3444676409185804,0.15031315240083507,0.2119700748129676,0.17955112219451372,0.6034912718204489,0.004987531172069825,0.05025125628140704,0.5954773869346733,0.06281407035175879,0.2914572864321608,0,0,3.016260143198091,9.242511961722487,14.285714285714285,4.046339977017887
2018,00-0029567,PHI,205,205,34,56,42,95,29,6.769230769230769,0.16585365853658537,0.2731707317073171,0.2048780487804878,0.4634146341463415,0.14146341463414633,0.22279792746113988,0.3626943005181347,0.41450777202072536,0,0.031088082901554404,0.6994818652849741,0.10362694300518134,0.16580310880829016,0,0,2.6806217616580312,6.655181347150259,14.871794871794872,5.167992344269379
2018,00-0029604,MIN,651,651,101,213,120,270,84,7.254125412541254,0.15514592933947774,0.3271889400921659,0.18433179723502305,0.4147465437788018,0.12903225806451613,0.16750418760469013,0.1624790619765494,0.6683417085427136,0.0016750418760469012,0.08460236886632826,0.6835871404399323,0.0727580372250423,0.15905245346869712,0,0,2.7371227197346597,7.435688225538974,12.871287128712872,4.955344125566995
2018,00-0029632,ATL,2,2,1,1,0,1,1,18.5,0.5,0.5,0,0.5,0.5,0,0,0.5,0.5,0,0.5,0,0.5,0,0,0,0,0,0
2018,00-0029665,BAL,6,6,3,2,0,4,0,12,0.5,0.3333333333333333,0,0.6666666666666666,0,0,0.2,0.8,0,0,0.6,0.2,0.2,0,0,0,0,0,0
2018,00-0029668,IND,660,660,120,230,156,251,106,7.464788732394366,0.18181818181818182,0.3484848484848485,0.23636363636363636,0.3803030303030303,0.1606060606060606,0.20094936708860758,0.26582278481012656,0.5316455696202531,0.0015822784810126582,0.07802547770700637,0.64171974522293,0.10031847133757962,0.17993630573248406,0,0,2.631750392464678,7.600377358490568,17.996870109546165,1.2769655378445037
2018,00-0029682,MIA,196,196,32,62,48,67,17,8,0.16326530612244897,0.3163265306122449,0.24489795918367346,0.34183673469387754,0.08673469387755102,0.21686746987951808,0.13855421686746988,0.6445783132530121,0,0.048484848484848485,0.6909090909090909,0.09696969696969697,0.16363636363636364,0,0,2.770401129943503,7.801931818181817,8.98876404494382,-0.6480198479100494
2018,00-0029692,TB,1,1,0,0,0,1,0,10,0,0,0,1,0,0,1,0,0,0,0,0,0,0,0,0,0,0,0
2018,00-0029701,MIA,309,309,51,100,54,119,27,8.135036496350365,0.1650485436893204,0.32362459546925565,0.17475728155339806,0.3851132686084142,0.08737864077669903,0.24719101123595505,0.13108614232209737,0.6217228464419475,0,0.04119850187265917,0.6816479400749064,0.10861423220973783,0.16853932584269662,0,0,2.6485531135531133,7.900732600732601,13.503649635036496,-1.0170066321309434
2018,00-0030085,MIA,1,1,0,0,0,1,1,2,0,0,0,1,1,0,0,0,1,0,1,0,0,0,0,0,0,0,0
2018,00-0030092,DET,1,1,0,0,0,0,1,0,0,0,0,0,1,0,0,0,0,0,0,0,0,0,0,0,0,0,0
2018,00-0030140,WAS,1,1,0,1,0,0,0,7,0,1,0,0,0,0,0,1,0,0,0,0,0,0,0,0,0,0,0
2018,00-0030279,LAC,1,1,0,0,0,0,0,0,0,0,0,0,0,0,0,0,0,0,0,0,0,0,0,0,0,0,0
2018,00-0030520,ARI,22,22,4,9,4,8,6,8.428571428571429,0.18181818181818182,0.4090909090909091,0.18181818181818182,0.36363636363636365,0.2727272727272727,0.23809523809523808,0.23809523809523808,0.5238095238095238,0,0.09523809523809523,0.7619047619047619,0,0.14285714285714285,0,0,0,0,0,0
2018,00-0030533,BUF,26,26,8,11,4,10,7,12.4,0.3076923076923077,0.4230769230769231,0.15384615384615385,0.38461538461538464,0.2692307692307692,0.04,0.04,0.88,0.04,0,0.625,0.08333333333333333,0.2916666666666667,0,0,0,0,0,0
2018,00-0030564,HOU,1,1,1,0,0,1,0,17,1,0,0,1,0,1,0,0,0,0,0,0,1,0,0,0,0,0,0
2018,00-0030565,LAC,5,5,0,1,1,2,1,2.75,0,0.2,0.2,0.4,0.2,0.3333333333333333,0.3333333333333333,0.3333333333333333,0,0,0.6666666666666666,0.3333333333333333,0,0,0,0,0,0,0
2018,00-0030669,MIA,1,1,1,0,0,1,0,19,1,0,0,1,0,0,0,1,0,0,0,0,1,0,0,0,0,0,0
2018,00-0031136,PIT,1,1,0,0,0,1,1,2,0,0,0,1,1,0,0,0,1,0,0,0,0,0,0,0,0,0,0
2018,00-0031235,NYG,2,2,2,0,1,1,0,34,1,0,0.5,0.5,0,0.5,0,0.5,0,0,0,0,1,0,0,0,0,0,0
2018,00-0031237,NO,25,25,3,8,3,12,3,6.130434782608695,0.12,0.32,0.12,0.48,0.12,0.13636363636363635,0.2727272727272727,0.5909090909090909,0,0.13636363636363635,0.7727272727272727,0.045454545454545456,0.045454545454545456,0,0,0,0,0,0
2018,00-0031260,BUF,1,1,0,0,0,1,0,8,0,0,0,1,0,0,0,1,0,0,0,0,0,0,0,0,0,0,0
2018,00-0031280,LV,605,605,87,203,135,208,68,6.831826401446655,0.14380165289256197,0.33553719008264465,0.2231404958677686,0.343801652892562,0.11239669421487604,0.2509433962264151,0.24339622641509434,0.5037735849056604,0.0018867924528301887,0.08901515151515152,0.6666666666666666,0.0946969696969697,0.14962121212121213,0,0,2.5574212454212457,6.731724770642201,13.200723327305605,1.1813348135616195
2018,00-0031288,LV,4,4,0,0,1,2,0,2.3333333333333335,0,0,0.25,0.5,0,0,1,0,0,0,1,0,0,0,0,0,0,0,0
2018,00-0031326,DET,1,1,0,1,0,0,0,10,0,1,0,0,0,0,0,0,0,0,0,0,0,0,0,0,0,0,0
2018,00-0031345,SF,103,103,18,36,22,31,23,8.898876404494382,0.17475728155339806,0.34951456310679613,0.21359223300970873,0.30097087378640774,0.22330097087378642,0.25,0.2727272727272727,0.4772727272727273,0,0.11494252873563218,0.6781609195402298,0.06896551724137931,0.13793103448275862,0,0,0,0,0,0
2018,00-0031382,CLE,3,3,2,1,0,1,1,38.5,0.6666666666666666,0.3333333333333333,0,0.3333333333333333,0.3333333333333333,0.3333333333333333,0,0.3333333333333333,0.3333333333333333,0,0.5,0,0.5,0,0,0,0,0,0
2018,00-0031387,IND,1,1,0,0,0,1,1,4,0,0,0,1,1,0,0,0,1,0,1,0,0,0,0,0,0,0,0
2018,00-0031395,CAR,4,4,0,2,0,1,0,5.666666666666667,0,0.5,0,0.25,0,0,0.3333333333333333,0.6666666666666666,0,0,1,0,0,0,0,0,0,0,0
2018,00-0031407,JAX,436,436,73,121,123,159,45,7.168734491315137,0.16743119266055045,0.2775229357798165,0.28211009174311924,0.3646788990825688,0.10321100917431193,0.2512437810945274,0.1890547263681592,0.5597014925373134,0,0.0325,0.7275,0.075,0.165,0,0,2.7661215880893297,6.9758312655086865,16.87344913151365,-6.9278182207650545
2018,00-0031503,TB,408,408,102,141,114,122,56,10.80952380952381,0.25,0.34558823529411764,0.27941176470588236,0.29901960784313725,0.13725490196078433,0.12234042553191489,0.1675531914893617,0.7101063829787234,0,0.03753351206434316,0.67828418230563,0.05630026809651475,0.22788203753351208,0,0,2.8013740053050395,10.855305039787797,20.37037037037037,2.1646645265044953
2018,00-0031549,PHI,1,1,0,0,0,1,0,8,0,0,0,1,0,0,0,0,1,0,1,0,0,0,0,0,0,0,0
2018,00-0031716,BUF,1,1,0,0,0,0,1,0,0,0,0,0,1,0,0,0,0,0,0,0,0,0,0,0,0,0,0
2018,00-0031800,CAR,59,59,12,24,3,29,8,8.912280701754385,0.2033898305084746,0.4067796610169492,0.05084745762711865,0.4915254237288136,0.13559322033898305,0.2545454545454545,0.10909090909090909,0.6363636363636364,0,0.03636363636363636,0.6363636363636364,0.09090909090909091,0.23636363636363636,0,0,0,0,0,0
2018,00-0031972,TEN,1,1,0,1,0,0,0,10,0,1,0,0,0,0,0,0,1,0,1,0,0,0,0,0,0,0,0
2018,00-0032245,LA,3,3,0,1,0,2,0,-3.3333333333333335,0,0.3333333333333333,0,0.6666666666666666,0,0.6666666666666666,0.3333333333333333,0,0,0,0.3333333333333333,0.6666666666666666,0,0,0,0,0,0,0
2018,00-0032268,TEN,374,374,69,133,89,109,56,7.601208459214502,0.18449197860962566,0.35561497326203206,0.23796791443850268,0.2914438502673797,0.1497326203208556,0.21739130434782608,0.18322981366459629,0.5993788819875776,0,0.0529595015576324,0.6573208722741433,0.13395638629283488,0.1557632398753894,0,0,2.683184290030212,7.475438066465257,12.084592145015106,0.14830926303775982
2018,00-0032436,CIN,195,195,41,59,48,69,25,7.829545454545454,0.21025641025641026,0.30256410256410254,0.24615384615384617,0.35384615384615387,0.1282051282051282,0.23121387283236994,0.19653179190751446,0.5664739884393064,0.005780346820809248,0.04678362573099415,0.5730994152046783,0.13450292397660818,0.24561403508771928,0,0,2.5575454545454543,7.768750000000001,21.022727272727273,-2.9000720771198942
2018,00-0032764,TEN,3,3,1,0,2,1,0,4,0.3333333333333333,0,0.6666666666666666,0.3333333333333333,0,0,0.3333333333333333,0.6666666666666666,0,0,0.6666666666666666,0,0.3333333333333333,0,0,0,0,0,0
2018,00-0032792,PHI,2,2,0,1,0,1,0,4.5,0,0.5,0,0.5,0,0,0.5,0.5,0,0,1,0,0,0,0,0,0,0,0
2018,00-0032950,PHI,433,433,71,151,69,179,63,7.780548628428928,0.16397228637413394,0.34872979214780603,0.15935334872979215,0.4133949191685912,0.14549653579676675,0.1486146095717884,0.4256926952141058,0.42317380352644834,0.0025188916876574307,0.11195928753180662,0.58269720101781175,0.13486005089058525,0.17048346055979643,0,0,2.663390977443609,7.786256281407034,15.96009975062344,3.3522174916917606
2018,00-0033009,CIN,1,1,1,0,0,1,0,34,1,0,0,1,0,0,0,1,0,0,0,0,1,0,0,0,0,0,0
2018,00-0033077,DAL,583,583,83,208,98,220,79,7.553231939163498,0.1423670668953688,0.3567753001715266,0.1680960548885077,0.37735849056603776,0.13550600343053174,0.21663442940038685,0.17794970986460348,0.6034816247582205,0.0019342359767891683,0.07782101167315175,0.7023346303501945,0.08365758754863813,0.13618677042801555,0,0,2.8239980988593154,7.573047619047619,17.680608365019012,2.276723526644844
2018,00-0033104,JAX,153,153,21,41,20,70,13,6.717557251908397,0.13725490196078433,0.2679738562091503,0.13071895424836602,0.45751633986928103,0.08496732026143791,0.2786885245901639,0.09836065573770492,0.6229508196721312,0,0.01639344262295082,0.7704918032786885,0.08196721311475409,0.13114754098360656,0,0,2.9151679389312983,6.6806106870229005,12.213740458015266,1.9670853035823015
2018,00-0033106,LA,597,597,128,218,138,203,109,8.672014260249554,0.21440536013400335,0.36515912897822445,0.23115577889447236,0.34003350083752093,0.18257956448911222,0.17929759704251386,0.15526802218114602,0.6654343807763401,0,0.026022304832713755,0.7063197026022305,0.08550185873605948,0.18215613382899629,0,0,0,0,0,0
2018,00-0033119,IND,4,4,2,3,0,1,0,20.5,0.5,0.75,0,0.25,0,0,0,0.75,0.25,0,0.25,0.25,0.5,0,0,0,0,0,0
2018,00-0033132,TEN,1,1,1,0,0,1,0,17,1,0,0,1,0,0,0,0,1,0,0,0,0,0,0,0,0,0,0
2018,00-0033280,CAR,1,1,0,0,0,1,0,13,0,0,0,1,0,0,1,0,0,0,0,0,1,0,0,0,0,0,0
2018,00-0033319,SF,292,292,49,90,82,98,43,6.934306569343065,0.1678082191780822,0.3082191780821918,0.2808219178082192,0.3356164383561644,0.14726027397260275,0.19083969465648856,0.32061068702290074,0.4847328244274809,0.003816793893129771,0.1,0.7115384615384616,0.06538461538461539,0.12307692307692308,0,0,2.697492592592592,7.414609665427509,12.043795620437956,-0.3365785216600017
2018,00-0033357,NO,8,8,3,0,3,4,2,18,0.375,0,0.375,0.5,0.25,0.14285714285714285,0.2857142857142857,0.42857142857142855,0.14285714285714285,0.16666666666666666,0.3333333333333333,0.16666666666666666,0.3333333333333333,0,0,0,0,0,0
2018,00-0033537,HOU,568,568,98,184,121,194,95,8.554455445544555,0.17253521126760563,0.323943661971831,0.2130281690140845,0.3415492957746479,0.16725352112676056,0.13562753036437247,0.13765182186234817,0.6659919028340081,0.06072874493927125,0.08316430020283976,0.6592292089249493,0.08924949290060852,0.16835699797160245,0,0,3.011364729458918,8.765230460921844,14.455445544554454,3.60114705084942
2018,00-0033556,CHI,1,1,0,0,0,1,1,1,0,0,0,1,1,0,0,1,0,0,1,0,0,0,0,0,0,0,0
2018,00-0033839,JAX,1,1,0,0,0,1,1,12,0,0,0,1,1,0,0,1,0,0,1,0,0,0,0,0,0,0,0
2018,00-0033869,CHI,462,462,104,147,109,177,71,8.891705069124423,0.22510822510822512,0.3181818181818182,0.23593073593073594,0.38311688311688313,0.15367965367965367,0.23488372093023255,0.19534883720930232,0.5674418604651162,0.002325581395348837,0.04245283018867924,0.6132075471698113,0.13443396226415094,0.2099056603773585,0,0,2.6597251732101617,8.781131639722863,17.741935483870968,1.2473537736842673
2018,00-0033873,KC,607,607,141,195,133,251,111,9.060344827586206,0.23228995057660626,0.3212520593080725,0.21911037891268534,0.4135090609555189,0.1828665568369028,0.1708185053380783,0.31316725978647686,0.5160142348754448,0,0.0784313725490196,0.5846702317290553,0.12477718360071301,0.21212121212121213,0,0,2.9096027633851467,9.153217391304349,12.241379310344827,1.5126480666342559
2018,00-0033891,BUF,1,1,0,0,0,1,1,13,0,0,0,1,1,0,0,0,1,0,1,0,0,0,0,0,0,0,0
2018,00-0033899,GB,46,46,10,11,17,13,2,10.19047619047619,0.21739130434782608,0.2391304347826087,0.3695652173913043,0.2826086956521739,0.043478260869565216,0.1794871794871795,0.1794871794871795,0.6410256410256411,0,0.07692307692307693,0.7948717948717948,0,0.1282051282051282,0,0,0,0,0,0
2018,00-0033936,SF,189,189,27,77,42,50,22,6.597633136094674,0.14285714285714285,0.4074074074074074,0.2222222222222222,0.26455026455026454,0.1164021164021164,0.20710059171597633,0.24260355029585798,0.5502958579881657,0,0.1377245508982036,0.6347305389221557,0.11377245508982035,0.11377245508982035,0,0,2.6115147928994085,6.806568047337278,14.792899408284024,-7.511586916340875
2018,00-0033949,PIT,12,12,2,3,5,4,0,4.916666666666667,0.16666666666666666,0.25,0.4166666666666667,0.3333333333333333,0,0.18181818181818182,0.09090909090909091,0.7272727272727273,0,0,0.5454545454545454,0.36363636363636365,0.09090909090909091,0,0,0,0,0,0
2018,00-0033958,BUF,89,89,12,28,12,41,5,6.08641975308642,0.1348314606741573,0.3146067415730337,0.1348314606741573,0.4606741573033708,0.056179775280898875,0.2625,0.2125,0.525,0,0.0379746835443038,0.7341772151898734,0.08860759493670886,0.13924050632911392,0,0,0,0,0,0
2018,00-0034064,DEN,1,1,0,1,0,0,0,-1,0,1,0,0,0,1,0,0,0,0,0,0,0,0,0,0,0,0,0
2018,00-0034162,GB,1,1,0,0,0,1,0,-2,0,0,0,1,0,0,0,0,1,0,0,0,0,0,0,0,0,0,0
2018,00-0034253,CLE,1,1,0,1,0,0,0,12,0,1,0,0,0,0,0,0,1,0,1,0,0,0,0,0,0,0,0
2018,00-0034343,ARI,439,439,87,141,88,163,39,8.30025445292621,0.19817767653758542,0.3211845102505695,0.20045558086560364,0.3712984054669704,0.0888382687927107,0.20967741935483872,0.17204301075268819,0.6182795698924731,0,0.03773584905660377,0.6091644204851752,0.14555256064690028,0.20754716981132076,0,0,2.7658469387755096,8.37413881748072,21.62849872773537,-3.3089858207273366
2018,00-0034353,CHI,1,1,0,1,0,0,0,-6,0,1,0,0,0,0,0,0,1,0,1,0,0,0,0,0,0,0,0
2018,00-0034369,NYG,5,5,2,1,2,2,0,15.2,0.4,0.2,0.4,0.4,0,0.2,0.2,0.6,0,0,0.6,0,0.4,0,0,0,0,0,0
2018,00-0034437,JAX,1,1,0,1,0,0,0,-4,0,1,0,0,0,0,1,0,0,0,0,0,0,0,0,0,0,0,0
2018,00-0034577,CAR,31,31,6,10,4,17,5,7.838709677419355,0.1935483870967742,0.3225806451612903,0.12903225806451613,0.5483870967741935,0.16129032258064516,0.22580645161290322,0.1935483870967742,0.5806451612903226,0,0.06451612903225806,0.5806451612903226,0.0967741935483871,0.25806451612903225,0,0,0,0,0,0
2018,00-0034721,BUF,1,1,0,0,1,0,1,-8,0,0,1,0,1,0,0,0,1,0,0,0,0,0,0,0,0,0,0
2018,00-0034796,BAL,186,186,28,43,59,68,28,8.676470588235293,0.15053763440860216,0.23118279569892472,0.3172043010752688,0.3655913978494624,0.15053763440860216,0.054878048780487805,0.2865853658536585,0.6585365853658537,0,0.13414634146341464,0.6829268292682927,0.054878048780487805,0.12804878048780488,0,0,3.101252941176471,8.323392857142858,17.647058823529413,-5.405323347624602
2018,00-0034855,CLE,518,518,136,165,96,222,66,9.290123456790123,0.2625482625482625,0.3185328185328185,0.18532818532818532,0.42857142857142855,0.1274131274131274,0.200836820083682,0.19874476987447698,0.600418410041841,0,0.06991525423728813,0.5550847457627118,0.09957627118644068,0.2754237288135593,0,0,2.7918861283643888,9.044615384615385,15.637860082304528,-0.34981690416181976
2018,00-0034857,BUF,348,348,104,122,55,142,31,11,0.2988505747126437,0.3505747126436782,0.15804597701149425,0.40804597701149425,0.08908045977011494,0.17105263157894737,0.18421052631578946,0.6414473684210527,0.003289473684210526,0.0429042904290429,0.6336633663366337,0.07260726072607261,0.2508250825082508,0,0,3.2177843749999995,11.02934375,13.750000000000002,-8.106693360023215
2018,00-0034869,NYJ,445,445,94,156,79,178,51,9.256038647342995,0.21123595505617979,0.350561797752809,0.17752808988764046,0.4,0.1146067415730337,0.18453865336658354,0.19201995012468828,0.6234413965087282,0,0.07537688442211055,0.6306532663316583,0.09296482412060302,0.20100502512562815,0,0,2.907946731234867,9.350217917675545,19.565217391304348,-1.9741404225716792
2019,00-0019596,NE,642,642,107,239,140,234,106,7.525285481239805,0.16666666666666666,0.37227414330218067,0.21806853582554517,0.3644859813084112,0.16510903426791276,0.2800687285223368,0.1323024054982818,0.5859106529209622,0.001718213058419244,0.05199306759098787,0.6741767764298093,0.09705372616984402,0.17677642980935876,0,0,2.745391517128874,7.577750865051904,15.171288743882544,-2.997041299079818
2019,00-0020531,NO,391,391,60,152,71,150,66,6.415343915343915,0.1534526854219949,0.3887468030690537,0.1815856777493606,0.3836317135549872,0.16879795396419436,0.27595628415300544,0.22131147540983606,0.5027322404371585,0,0.07123287671232877,0.6547945205479452,0.09315068493150686,0.18082191780821918,0,0,2.5701313672922255,6.661424657534247,13.756613756613756,6.680589916292959
2019,00-0021206,PHI,5,5,0,2,0,3,1,4.4,0,0.4,0,0.6,0.2,0.4,0.6,0,0,0,1,0,0,0,0,0,0,0,0
2019,00-0022787,ATL,72,72,12,31,12,22,12,7.2835820895522385,0.16666666666666666,0.4305555555555556,0.16666666666666666,0.3055555555555556,0.16666666666666666,0.14925373134328357,0.19402985074626866,0.6567164179104478,0,0.109375,0.734375,0.015625,0.140625,0,0,0,0,0,0
2019,00-0022803,NYG,152,152,28,58,37,52,14,8.156462585034014,0.18421052631578946,0.3815789473684211,0.24342105263157895,0.34210526315789475,0.09210526315789473,0.1702127659574468,0.2198581560283688,0.6099290780141844,0,0.07801418439716312,0.6666666666666666,0.05673758865248227,0.19858156028368795,0,0,2.6575510204081634,8.505985915492957,19.047619047619047,-2.809955433112428
2019,00-0022824,ARI,1,1,1,1,0,0,0,26,1,1,0,0,0,0,0,1,0,0,0,0,0,0,0,0,0,0,0
2019,00-0022924,PIT,64,64,14,25,13,24,4,9.290322580645162,0.21875,0.390625,0.203125,0.375,0.0625,0.12903225806451613,0.11290322580645161,0.7580645161290323,0,0.08064516129032258,0.6290322580645161,0.08064516129032258,0.20967741935483872,0,0,0,0,0,0
2019,00-0022942,LAC,626,626,146,211,162,215,92,8.539763113367174,0.23322683706070288,0.33706070287539935,0.25878594249201275,0.34345047923322686,0.14696485623003194,0.31348511383537653,0.17162872154115585,0.5131348511383538,0.0017513134851138354,0.042105263157894736,0.6789473684210526,0.05964912280701754,0.21929824561403508,0,0,2.6278214285714285,8.593368421052633,17.089678510998308,2.2242818910206097
2019,00-0023459,GB,607,607,139,232,110,226,88,8.797891036906854,0.22899505766062603,0.38220757825370677,0.1812191103789127,0.3723228995057661,0.14497528830313014,0.2462962962962963,0.17222222222222222,0.5814814814814815,0,0.04275092936802974,0.6431226765799256,0.10223048327137546,0.21189591078066913,0,0,2.882102112676056,8.946493506493505,14.235500878734623,-2.1492017100782874
2019,00-0023534,KC,2,2,0,1,0,0,1,4,0,0.5,0,0,0.5,1,0,0,0,0,0,0,0,0,0,0,0,0,0
2019,00-0023682,MIA,546,546,105,186,146,167,77,8.99003984063745,0.19230769230769232,0.34065934065934067,0.2673992673992674,0.3058608058608059,0.14102564102564102,0.18346774193548387,0.20161290322580644,0.6108870967741935,0.004032258064516129,0.0975609756097561,0.6239837398373984,0.0508130081300813,0.22764227642276422,0,0,2.6088597194388776,9.025050709939148,20.916334661354583,-0.6231963972141727
2019,00-0024417,BAL,1,1,0,0,1,0,0,-5,0,0,1,0,0,0,1,0,0,0,0,0,0,0,0,0,0,0,0
2019,00-0025708,KC,99,99,16,34,15,41,11,6.923076923076923,0.16161616161616163,0.3434343434343434,0.15151515151515152,0.41414141414141414,0.1111111111111111,0.13636363636363635,0.2840909090909091,0.5795454545454546,0,0.045454545454545456,0.75,0.07954545454545454,0.125,0,0,0,0,0,0
2019,00-0025825,TEN,2,2,1,1,0,1,0,16.5,0.5,0.5,0,0.5,0,0,0,0,1,0,0,0,0,0,0,0,0,0,0
2019,00-0026035,DET,1,1,0,1,0,0,1,14,0,1,0,0,1,0,0,0,1,0,1,0,0,0,0,0,0,0,0
2019,00-0026143,ATL,669,669,114,257,156,202,98,8.199675324675324,0.17040358744394618,0.3841554559043348,0.23318385650224216,0.30194319880418535,0.14648729446935724,0.17003367003367004,0.18518518518518517,0.6414141414141414,0.003367003367003367,0.0663265306122449,0.7159863945578231,0.06462585034013606,0.15306122448979592,0,0,2.77389918699187,8.283915254237288,16.558441558441558,2.2284058639295807
2019,00-0026158,DEN,289,289,41,80,60,121,42,6.782442748091603,0.14186851211072665,0.2768166089965398,0.20761245674740483,0.4186851211072664,0.1453287197231834,0.2868525896414343,0.17928286852589642,0.5338645418326693,0,0.076,0.696,0.044,0.184,0,0,2.624540229885057,6.7566,12.213740458015266,-0.09632091827063505
2019,00-0026498,DET,310,310,80,99,70,120,46,10.683848797250858,0.25806451612903225,0.3193548387096774,0.22580645161290322,0.3870967741935484,0.14838709677419354,0.1824561403508772,0.21403508771929824,0.6035087719298246,0,0.056338028169014086,0.6197183098591549,0.045774647887323945,0.27816901408450706,0,0,2.6852076124567468,10.896013986013987,23.367697594501717,3.60299990195589
2019,00-0026544,CHI,71,71,10,21,12,31,9,6.71875,0.14084507042253522,0.29577464788732394,0.16901408450704225,0.43661971830985913,0.1267605633802817,0.28125,0.1875,0.53125,0,0.046875,0.65625,0.125,0.171875,0,0,0,0,0,0
2019,00-0026625,IND,71,71,17,18,16,31,20,8.6,0.23943661971830985,0.2535211267605634,0.22535211267605634,0.43661971830985913,0.28169014084507044,0.16923076923076924,0.38461538461538464,0.4461538461538462,0,0.015625,0.71875,0.03125,0.234375,0,0,0,0,0,0
2019,00-0027150,NE,2,2,1,1,0,1,1,4.5,0.5,0.5,0,0.5,0.5,0.5,0,0.5,0,0,0.5,0,0.5,0,0,0,0,0,0
2019,00-0027685,SF,1,1,1,0,0,1,0,22,1,0,0,1,0,1,0,0,0,0,0,0,1,0,0,0,0,0,0
2019,00-0027688,WAS,33,33,3,8,12,7,0,6.555555555555555,0.09090909090909091,0.24242424242424243,0.36363636363636365,0.21212121212121213,0,0.25925925925925924,0.1111111111111111,0.6296296296296297,0,0.037037037037037035,0.7407407407407407,0.1111111111111111,0.1111111111111111,0,0,0,0,0,0
2019,00-0027939,CAR,95,95,15,33,11,44,6,8.910112359550562,0.15789473684210525,0.3473684210526316,0.11578947368421053,0.4631578947368421,0.06315789473684211,0.19767441860465115,0.22093023255813954,0.5813953488372093,0,0.08139534883720931,0.7209302325581395,0.046511627906976744,0.1511627906976744,0,0,0,0,0,0
2019,00-0027973,CIN,567,567,100,179,125,217,81,8.102272727272727,0.1763668430335097,0.31569664902998235,0.2204585537918871,0.38271604938271603,0.14285714285714285,0.14624505928853754,0.19367588932806323,0.658102766798419,0.001976284584980237,0.073558648111332,0.679920477137177,0.06759443339960239,0.17892644135188868,0,0,2.510345489443378,8.093611111111112,20.833333333333336,-2.1264180452845096
2019,00-0028002,DAL,1,1,0,1,0,0,0,0,0,1,0,0,0,0,0,0,0,0,0,0,0,0,0,0,0,0,0
2019,00-0028064,NYJ,1,1,0,1,0,0,0,13,0,1,0,0,0,0,0,1,0,0,0,0,1,0,0,0,0,0,0
2019,00-0028118,LAC,6,6,1,1,1,4,2,5.333333333333333,0.16666666666666666,0.16666666666666666,0.16666666666666666,0.6666666666666666,0.3333333333333333,0.5,0.16666666666666666,0.3333333333333333,0,0,0.6666666666666666,0,0.3333333333333333,0,0,0,0,0,0
2019,00-0028872,LA,3,3,0,1,1,1,0,4,0,0.3333333333333333,0.3333333333333333,0.3333333333333333,0,0,0,0.3333333333333333,0.6666666666666666,0,0,0,0,0,0,0,0,0,0
2019,00-0028986,WAS,264,264,40,72,78,95,47,6.882591093117409,0.15151515151515152,0.2727272727272727,0.29545454545454547,0.35984848484848486,0.17803030303030304,0.23553719008264462,0.19008264462809918,0.5743801652892562,0,0.09166666666666666,0.6708333333333333,0.1,0.1375,0,0,2.754848979591836,6.914666666666667,17.408906882591094,0.8632672762098537
2019,00-0029263,SEA,566,566,124,244,96,173,96,9.36046511627907,0.21908127208480566,0.43109540636042404,0.1696113074204947,0.30565371024734983,0.1696113074204947,0.16767676767676767,0.20606060606060606,0.6202020202020202,0.006060606060606061,0.052845528455284556,0.5955284552845529,0.08536585365853659,0.266260162601626,0,0,2.8504385964912284,9.439107505070993,18.6046511627907,4.602308113979845
2019,00-0029567,JAX,128,128,26,36,21,60,10,8.461538461538462,0.203125,0.28125,0.1640625,0.46875,0.078125,0.24778761061946902,0.10619469026548672,0.6460176991150443,0,0.02727272727272727,0.7090909090909091,0.11818181818181818,0.14545454545454545,0,0,0,0,0,0
2019,00-0029604,MIN,475,475,86,161,105,178,59,7.637387387387387,0.18105263157894738,0.3389473684210526,0.22105263157894736,0.37473684210526315,0.12421052631578948,0.2806603773584906,0.2429245283018868,0.4740566037735849,0.0023584905660377358,0.0380952380952381,0.6761904761904762,0.10714285714285714,0.17857142857142858,0,0,3.0060225225225223,8.005545023696683,13.063063063063062,6.161020110940207
2019,00-0029623,NYG,1,1,0,0,1,0,0,1,0,0,1,0,0,0,1,0,0,0,1,0,0,0,0,0,0,0,0
2019,00-0029664,SEA,1,1,1,0,0,1,0,33,1,0,0,1,0,0,0,1,0,0,0,0,1,0,0,0,0,0,0
2019,00-0029665,BAL,43,43,5,10,18,10,7,7.421052631578948,0.11627906976744186,0.23255813953488372,0.4186046511627907,0.23255813953488372,0.16279069767441862,0.13513513513513514,0.32432432432432434,0.5405405405405406,0,0.10810810810810811,0.6756756756756757,0.05405405405405406,0.16216216216216217,0,0,0,0,0,0
2019,00-0029701,TEN,318,318,65,100,74,109,42,9.576923076923077,0.20440251572327045,0.31446540880503143,0.23270440251572327,0.34276729559748426,0.1320754716981132,0.12544802867383512,0.25089605734767023,0.6200716845878136,0.0035842293906810036,0.06498194945848375,0.6967509025270758,0.07581227436823104,0.1624548736462094,0,0,2.9031236749116607,9.649892086330935,19.58041958041958,8.529632655786465
2019,00-0029857,TB,4,4,0,1,1,2,0,3,0,0.25,0.25,0.5,0,0.3333333333333333,0.3333333333333333,0.3333333333333333,0,0,1,0,0,0,0,0,0,0,0
2019,00-0030465,ATL,1,1,0,0,1,0,0,-4,0,0,1,0,0,0,0,1,0,0,0,1,0,0,0,0,0,0,0
2019,00-0030520,LV,10,10,4,5,0,5,1,11.2,0.4,0.5,0,0.5,0.1,0.2,0.3,0.5,0,0.2,0.6,0,0.2,0,0,0,0,0,0
2019,00-0030533,BUF,53,53,10,16,16,18,7,7.901960784313726,0.18867924528301888,0.3018867924528302,0.3018867924528302,0.33962264150943394,0.1320754716981132,0.2,0.2,0.6,0,0.08,0.68,0.04,0.2,0,0,0,0,0,0
2019,00-0030564,HOU,2,2,0,0,0,2,2,4.5,0,0,0,1,1,0.5,0,0,0.5,0,0.5,0,0.5,0,0,0,0,0,0
2019,00-0030669,MIA,3,3,1,1,0,1,0,10,0.3333333333333333,0.3333333333333333,0,0.3333333333333333,0,0.5,0.5,0,0,0,0.5,0,0.5,0,0,0,0,0,0
2019,00-0031051,BUF,1,1,1,0,0,1,0,21,1,0,0,1,0,1,0,0,0,0,0,0,1,0,0,0,0,0,0
2019,00-0031062,NE,1,1,0,0,0,1,0,8,0,0,0,1,0,0,0,1,0,0,1,0,0,0,0,0,0,0,0
2019,00-0031076,NYJ,1,1,0,0,0,0,0,0,0,0,0,0,0,0,0,0,0,0,0,0,0,0,0,0,0,0,0
2019,00-0031235,CLE,2,2,2,0,0,2,0,32.5,1,0,0,1,0,0,0,1,0,0,0.5,0,0.5,0,0,0,0,0,0
2019,00-0031237,NO,208,208,29,72,42,82,30,6.183673469387755,0.13942307692307693,0.34615384615384615,0.20192307692307693,0.3942307692307692,0.14423076923076922,0.28342245989304815,0.22994652406417113,0.48663101604278075,0,0.0748663101604278,0.7219251336898396,0.0962566844919786,0.10695187165775401,0,0,2.8167908163265305,6.16860962566845,13.77551020408163,0.8827268849222065
2019,00-0031280,LV,543,543,86,179,146,186,81,6.539961013645224,0.15837937384898712,0.3296500920810313,0.26887661141804786,0.3425414364640884,0.14917127071823205,0.23858921161825727,0.3278008298755187,0.4336099585062241,0,0.06860706860706861,0.7193347193347194,0.06652806652806653,0.14553014553014554,0,0,2.8157103718199616,6.487246376811593,11.695906432748536,2.2690203541900615
2019,00-0031288,HOU,42,42,9,11,4,22,4,8.45945945945946,0.21428571428571427,0.2619047619047619,0.09523809523809523,0.5238095238095238,0.09523809523809523,0.21212121212121213,0.24242424242424243,0.45454545454545453,0.09090909090909091,0.030303030303030304,0.7272727272727273,0.06060606060606061,0.18181818181818182,0,0,0,0,0,0
2019,00-0031345,SF,516,516,78,148,131,195,85,6.529411764705882,0.1511627906976744,0.2868217054263566,0.25387596899224807,0.37790697674418605,0.16472868217054262,0.21581196581196582,0.2799145299145299,0.5042735042735043,0,0.11612903225806452,0.6365591397849463,0.11612903225806452,0.13118279569892474,0,0,2.6529662447257385,6.509225806451614,15.336134453781513,2.026948530105642
2019,00-0031363,CAR,1,1,0,0,0,1,0,10,0,0,0,1,0,0,0,1,0,0,0,0,0,0,0,0,0,0,0
2019,00-0031395,CLE,3,3,1,1,1,1,0,15.666666666666666,0.3333333333333333,0.3333333333333333,0.3333333333333333,0.3333333333333333,0,0,0,1,0,0,1,0,0,0,0,0,0,0,0
2019,00-0031407,LA,2,2,0,1,0,1,0,-1.5,0,0.5,0,0.5,0,0,0,1,0,0,0,1,0,0,0,0,0,0,0
2019,00-0031503,TB,676,676,164,231,152,241,84,10.353035143769969,0.24260355029585798,0.34171597633136097,0.22485207100591717,0.35650887573964496,0.1242603550295858,0.18451400329489293,0.19110378912685339,0.6227347611202636,0.0016474464579901153,0.057947019867549666,0.6043046357615894,0.09271523178807947,0.24503311258278146,0,0,2.7714278846153846,10.534148760330579,16.773162939297126,0.33328044987000993
2019,00-0031588,MIN,1,1,0,0,0,1,0,12,0,0,0,1,0,0,0,0,1,0,1,0,0,0,0,0,0,0,0
2019,00-0031589,ARI,13,13,4,4,2,5,1,10.363636363636363,0.3076923076923077,0.3076923076923077,0.15384615384615385,0.38461538461538464,0.07692307692307693,0.2727272727272727,0.2727272727272727,0.45454545454545453,0,0.09090909090909091,0.36363636363636365,0.2727272727272727,0.2727272727272727,0,0,0,0,0,0
2019,00-0032156,NYJ,8,8,2,4,0,2,0,6.833333333333333,0.25,0.5,0,0.25,0,0.4,0,0.6,0,0,0.4,0.4,0.2,0,0,0,0,0,0
2019,00-0032245,MIN,21,21,2,9,4,8,4,6.285714285714286,0.09523809523809523,0.42857142857142855,0.19047619047619047,0.38095238095238093,0.19047619047619047,0.4,0.15,0.45,0,0.05,0.65,0.25,0.05,0,0,0,0,0,0
2019,00-0032268,TEN,185,185,25,53,39,66,17,7.04375,0.13513513513513514,0.2864864864864865,0.21081081081081082,0.3567567567567568,0.0918918918918919,0.18243243243243243,0.25,0.5608108108108109,0.006756756756756757,0.07482993197278912,0.6666666666666666,0.10884353741496598,0.14965986394557823,0,0,2.837386075949367,7.4841891891891885,15,-2.461103838868439
2019,00-0032434,DEN,93,93,20,25,17,42,12,7.690476190476191,0.21505376344086022,0.26881720430107525,0.1827956989247312,0.45161290322580644,0.12903225806451613,0.18181818181818182,0.2987012987012987,0.5194805194805194,0,0.12987012987012986,0.5584415584415584,0.09090909090909091,0.22077922077922077,0,0,0,0,0,0
2019,00-0032436,DET,117,117,21,28,39,36,10,8.104761904761904,0.1794871794871795,0.23931623931623933,0.3333333333333333,0.3076923076923077,0.08547008547008547,0.21428571428571427,0.17346938775510204,0.6020408163265306,0.01020408163265306,0.07291666666666667,0.6979166666666666,0.052083333333333336,0.17708333333333334,0,0,0,0,0,0
2019,00-0032543,CIN,1,1,1,0,0,1,0,23,1,0,0,1,0,1,0,0,0,0,0,0,1,0,0,0,0,0,0
2019,00-0032943,NYG,1,1,0,0,0,0,1,0,0,0,0,0,1,0,1,0,0,0,0,0,0,0,0,0,0,0,0
2019,00-0032950,PHI,647,647,118,226,133,246,86,8.067656765676567,0.18238021638330756,0.34930448222565685,0.20556414219474498,0.3802163833075734,0.13292117465224113,0.18635607321131448,0.4059900166389351,0.40765391014975044,0,0.07692307692307693,0.6354515050167224,0.10702341137123746,0.1806020066889632,0,0,2.709925742574258,8.089266666666665,15.980230642504118,-0.84331425388621994
2019,00-0033077,DAL,621,621,130,203,147,245,67,9.417785234899329,0.20933977455716588,0.32689210950080516,0.23671497584541062,0.394524959742351,0.10789049919484701,0.16089965397923875,0.22145328719723184,0.6176470588235294,0,0.08506944444444445,0.6909722222222222,0.046875,0.17708333333333334,0,0,2.876715966386555,9.420258620689655,17.953020134228186,2.8586201979184835
2019,00-0033106,LA,650,650,126,230,139,256,79,7.733226837060703,0.19384615384615383,0.35384615384615387,0.21384615384615385,0.39384615384615385,0.12153846153846154,0.10016420361247948,0.2545155993431856,0.645320197044335,0,0.029654036243822075,0.7380560131795717,0.08896210873146623,0.14332784184514002,0,0,0,0,0,0
2019,00-0033119,IND,475,475,91,173,80,191,63,7.930648769574944,0.19157894736842104,0.3642105263157895,0.16842105263157894,0.40210526315789474,0.13263157894736843,0.18632075471698112,0.2759433962264151,0.535377358490566,0.0023584905660377358,0.04739336492890995,0.7109004739336493,0.0971563981042654,0.14454976303317535,0,0,2.9272837837837833,7.889716312056738,17.002237136465325,-3.5899973664041056
2019,00-0033251,IND,1,1,1,0,0,1,0,21,1,0,0,1,0,1,0,0,0,0,0,0,1,0,0,0,0,0,0
2019,00-0033280,CAR,2,2,1,0,0,2,1,8,0.5,0,0,1,0.5,0,0,1,0,0,1,0,0,0,0,0,0,0,0
2019,00-0033357,NO,7,7,3,2,1,3,0,15.666666666666666,0.42857142857142855,0.2857142857142857,0.14285714285714285,0.42857142857142855,0,0,0.16666666666666666,0.6666666666666666,0.16666666666666666,0,0.75,0,0.25,0,0,0,0,0,0
2019,00-0033400,MIA,2,2,1,0,1,1,1,15.5,0.5,0,0.5,0.5,0.5,0,0,0,1,0,0,0,0,0,0,0,0,0,0
2019,00-0033537,HOU,540,540,107,187,139,167,67,8.929292929292929,0.19814814814814816,0.34629629629629627,0.2574074074074074,0.30925925925925923,0.12407407407407407,0.14669421487603307,0.1962809917355372,0.6570247933884298,0,0.10559006211180125,0.6356107660455487,0.060041407867494824,0.19875776397515527,0,0,2.8163874239350912,8.82078512396694,15.757575757575756,0.7070810931047902
2019,00-0033787,PHI,1,1,0,1,0,0,0,6,0,1,0,0,0,0,1,0,0,0,0,0,0,0,0,0,0,0,0
2019,00-0033869,CHI,555,555,110,157,148,208,65,7.961240310077519,0.1981981981981982,0.2828828828828829,0.26666666666666666,0.3747747747747748,0.11711711711711711,0.29025844930417494,0.11530815109343936,0.5944333996023857,0,0.0658682634730539,0.6127744510978044,0.1217564870259481,0.1996007984031936,0,0,2.6393138401559453,8.014314115308151,17.829457364341085,-0.7519286587087635
2019,00-0033873,KC,502,502,122,201,98,185,62,8.84504132231405,0.24302788844621515,0.40039840637450197,0.1952191235059761,0.36852589641434264,0.12350597609561753,0.208067940552017,0.2760084925690021,0.5159235668789809,0,0.059574468085106386,0.648936170212766,0.08723404255319149,0.20425531914893616,0,0,2.8167644628099175,8.637680851063832,12.190082644628099,-1.1544744618822023
2019,00-0033906,NO,1,1,0,0,0,1,0,11,0,0,0,1,0,0,1,0,0,0,1,0,0,0,0,0,0,0,0
2019,00-0033908,LA,1,1,1,0,1,0,1,19,1,0,1,0,1,0,1,0,0,0,0,0,1,0,0,0,0,0,0
2019,00-0033923,CLE,1,1,0,0,0,0,0,0,0,0,0,0,0,0,0,0,0,0,0,0,0,0,0,0,0,0,0
2019,00-0034064,DEN,1,1,0,0,0,0,0,0,0,0,0,0,0,0,0,0,0,0,0,0,0,0,0,0,0,0,0
2019,00-0034177,GB,4,4,0,1,0,3,0,2.5,0,0.25,0,0.75,0,0,0.5,0.5,0,0,0.75,0.25,0,0,0,0,0,0,0
2019,00-0034331,PIT,5,5,0,0,4,1,1,-2.2,0,0,0.8,0.2,0.2,0.6,0,0.4,0,0,1,0,0,0,0,0,0,0,0
2019,00-0034343,MIA,125,125,24,47,22,40,7,8.247706422018348,0.192,0.376,0.176,0.32,0.056,0.27522935779816515,0.13761467889908258,0.5871559633027523,0,0.045871559633027525,0.6422018348623854,0.13761467889908258,0.1743119266055046,0,0,0,0,0,0
2019,00-0034348,DEN,1,1,1,0,0,1,0,37,1,0,0,1,0,0,0,1,0,0,0,0,1,0,0,0,0,0,0
2019,00-0034412,NYJ,90,90,10,28,10,35,4,5.534246575342466,0.1111111111111111,0.3111111111111111,0.1111111111111111,0.3888888888888889,0.044444444444444446,0.2876712328767123,0.0547945205479452,0.6575342465753424,0,0,0.7638888888888888,0.1111111111111111,0.125,0,0,0,0,0,0
2019,00-0034437,JAX,3,3,0,1,0,1,0,4,0,0.3333333333333333,0,0.3333333333333333,0,0,0,0.5,0.5,0,0,0,0,0,0,0,0,0,0
2019,00-0034577,CAR,537,537,104,185,82,221,69,8.157464212678937,0.19366852886405958,0.34450651769087526,0.1527001862197393,0.41154562383612664,0.12849162011173185,0.2537634408602151,0.18064516129032257,0.5655913978494623,0,0.09719222462203024,0.6652267818574514,0.06479481641468683,0.17278617710583152,0,0,2.7104610655737704,8.283088552915768,16.56441717791411,-1.348181332867206
2019,00-0034771,PIT,299,299,63,116,76,91,33,8.07773851590106,0.21070234113712374,0.3879598662207358,0.25418060200668896,0.30434782608695654,0.11036789297658862,0.2581818181818182,0.16727272727272727,0.5745454545454546,0,0.051094890510948905,0.6788321167883211,0.08394160583941605,0.18613138686131386,0,0,2.799120141342756,8.027299270072993,18.021201413427562,0.23252423128685962
2019,00-0034796,BAL,425,425,86,116,135,148,67,8.840399002493765,0.2023529411764706,0.27294117647058824,0.3176470588235294,0.34823529411764703,0.15764705882352942,0.14728682170542637,0.43410852713178294,0.4186046511627907,0,0.06233766233766234,0.7168831168831169,0.023376623376623377,0.1974025974025974,0,0,2.918694235588972,8.786917098445596,14.713216957605985,0.16590108387660507
2019,00-0034855,CLE,577,577,119,198,111,223,88,8.46629213483146,0.20623916811091855,0.3431542461005199,0.1923743500866551,0.38648180242634317,0.15251299826689774,0.2248062015503876,0.1375968992248062,0.6356589147286822,0.001937984496124031,0.099609375,0.5703125,0.1015625,0.228515625,0,0,2.7849041353383455,8.723696498054476,18.91385767790262,-2.7567001680533068
2019,00-0034857,BUF,501,501,115,166,109,183,61,9.245119305856832,0.22954091816367264,0.3313373253493014,0.21756487025948104,0.3652694610778443,0.1217564870259481,0.15825688073394495,0.1651376146788991,0.6743119266055045,0.0022935779816513763,0.06697459584295612,0.6720554272517321,0.07159353348729793,0.18937644341801385,0,0,2.856982532751091,9.397603686635946,15.40130151843818,-4.083569752711021
2019,00-0034860,SF,1,1,0,1,0,0,0,-4,0,1,0,0,0,1,0,0,0,0,1,0,0,0,0,0,0,0,0
2019,00-0034869,NYJ,477,477,108,151,96,192,63,8.514739229024944,0.22641509433962265,0.3165618448637317,0.20125786163522014,0.4025157232704403,0.1320754716981132,0.1630695443645084,0.13189448441247004,0.7050359712230215,0,0.024213075060532687,0.7094430992736077,0.09200968523002422,0.17433414043583534,0,0,2.920507972665148,8.585966183574879,17.913832199546487,0.5753085388888621
2019,00-0034928,WAS,1,1,0,1,0,0,0,5,0,1,0,0,0,0,0,0,0,0,0,0,0,0,0,0,0,0,0
2019,00-0034941,SF,1,1,0,0,0,0,1,0,0,0,0,0,1,0,0,0,0,0,0,0,0,0,0,0,0,0,0
2019,00-0034959,DEN,1,1,0,0,0,1,0,-3,0,0,0,1,0,1,0,0,0,0,1,0,0,0,0,0,0,0,0
2019,00-0035040,DET,188,188,34,65,34,75,17,8.528735632183908,0.18085106382978725,0.34574468085106386,0.18085106382978725,0.39893617021276595,0.09042553191489362,0.17261904761904762,0.23214285714285715,0.5952380952380952,0,0.047619047619047616,0.7142857142857143,0.07142857142857142,0.16666666666666666,0,0,2.8757126436781606,8.528690476190476,19.54022988505747,-7.961214800504429
2019,00-0035228,ARI,593,593,107,204,106,228,84,7.481549815498155,0.18043844856661045,0.3440134907251265,0.178752107925801,0.3844856661045531,0.14165261382799327,0.19615384615384615,0.10192307692307692,0.7019230769230769,0,0.07930367504835589,0.586073500967118,0.15860735009671179,0.1760154738878143,0,0,2.7276765799256504,7.116808510638299,14.022140221402212,-2.7723785173628954
2019,00-0035232,WAS,235,235,44,80,62,60,31,8.625615763546797,0.18723404255319148,0.3404255319148936,0.26382978723404255,0.2553191489361702,0.13191489361702127,0.20100502512562815,0.1306532663316583,0.6683417085427136,0,0.061224489795918366,0.6428571428571429,0.08673469387755102,0.20918367346938777,0,0,2.8733960396039606,8.731785714285715,22.660098522167488,-4.3937437089499625
2019,00-0035251,CAR,58,58,14,11,10,31,7,9.442307692307692,0.2413793103448276,0.1896551724137931,0.1724137931034483,0.5344827586206896,0.1206896551724138,0.3673469387755102,0.22448979591836735,0.40816326530612246,0,0.02040816326530612,0.6530612244897959,0.10204081632653061,0.22448979591836735,0,0,0,0,0,0
2019,00-0035264,NE,5,5,0,0,1,3,0,5.25,0,0,0.2,0.6,0,0.5,0,0.5,0,0,1,0,0,0,0,0,0,0,0
2019,00-0035289,JAX,508,508,81,189,96,184,76,7.3872340425531915,0.1594488188976378,0.3720472440944882,0.1889763779527559,0.36220472440944884,0.14960629921259844,0.22149122807017543,0.14473684210526316,0.6337719298245614,0,0.06430155210643015,0.7339246119733924,0.06208425720620843,0.13968957871396895,0,0,2.851820895522388,7.513849557522122,15.53191489361702,-4.759830299051515
2019,00-0035297,WAS,1,1,0,0,0,1,1,6,0,0,0,1,1,1,0,0,0,0,0,0,1,0,0,0,0,0,0
2019,00-0035350,MIA,1,1,0,0,0,0,0,0,0,0,0,0,0,0,0,0,0,0,0,0,0,0,0,0,0,0,0
2019,00-0035577,PIT,175,175,31,63,25,72,14,7.34375,0.17714285714285713,0.36,0.14285714285714285,0.4114285714285714,0.08,0.19444444444444445,0.1597222222222222,0.6458333333333334,0,0.0625,0.6111111111111112,0.1388888888888889,0.1875,0,0,2.8417375,7.220694444444446,10.625,0.2647613454610038
2019,00-0035652,CIN,98,98,18,30,22,35,7,8.28735632183908,0.1836734693877551,0.30612244897959184,0.22448979591836735,0.35714285714285715,0.07142857142857142,0.15476190476190477,0.19047619047619047,0.6547619047619048,0,0.05952380952380952,0.7142857142857143,0.047619047619047616,0.17857142857142858,0,0,0,0,0,0
2019,00-0035704,DEN,161,161,25,66,29,61,27,6.826923076923077,0.15527950310559005,0.40993788819875776,0.18012422360248448,0.37888198757763975,0.16770186335403728,0.24342105263157895,0.17763157894736842,0.5789473684210527,0,0.06578947368421052,0.6907894736842105,0.07236842105263158,0.17105263157894737,0,0,2.829083333333333,6.945065789473685,14.102564102564102,-2.357368276287346
2019,00-0035710,NYG,500,500,90,140,125,194,69,8.037037037037036,0.18,0.28,0.25,0.388,0.138,0.16481069042316257,0.24053452115812918,0.5946547884187082,0,0.053811659192825115,0.6838565022421524,0.08071748878923767,0.18161434977578475,0,0,2.843729847494554,8.194330357142857,22.440087145969496,0.6018977825304574
2020,00-0019596,TB,633,633,141,238,151,216,101,9.068852459016393,0.22274881516587677,0.37598736176935227,0.23854660347551343,0.3412322274881517,0.15955766192733017,0.19763513513513514,0.23141891891891891,0.5709459459459459,0,0.05593220338983051,0.6220338983050847,0.10508474576271186,0.21694915254237288,0,0,2.5707062706270625,9.304830508474577,14.754098360655737,1.626994895947277
2020,00-0020531,NO,404,404,66,117,111,160,71,6.069408740359897,0.16336633663366337,0.2896039603960396,0.2747524752475248,0.39603960396039606,0.17574257425742573,0.28421052631578947,0.22631578947368422,0.48947368421052634,0,0.06596306068601583,0.683377308707124,0.10817941952506596,0.1424802110817942,0,0,2.6612706185567014,6.3014511873350925,12.307692307692308,1.4712671209604338
2020,00-0022824,ARI,1,1,0,0,0,1,0,14,0,0,0,1,0,0,0,0,1,0,0,0,0,0,0,0,0,0,0
2020,00-0022924,PIT,625,625,109,224,176,208,85,6.949013157894737,0.1744,0.3584,0.2816,0.3328,0.136,0.11475409836065574,0.1721311475409836,0.7114754098360656,0.001639344262295082,0.1256198347107438,0.5685950413223141,0.10909090909090909,0.19669421487603306,0,0,2.3001052631578944,7.139933993399341,17.269736842105264,-1.3016151319453968
2020,00-0022942,IND,564,564,106,207,130,203,87,7.1602209944751385,0.1879432624113475,0.3670212765957447,0.23049645390070922,0.3599290780141844,0.15425531914893617,0.2514177693761815,0.22495274102079396,0.5236294896030246,0,0.056925996204933584,0.683111954459203,0.09487666034155598,0.1650853889943074,0,0,2.520629629629629,7.414402277039849,15.837937384898712,1.6487448721520366
2020,00-0023436,WAS,274,274,31,77,60,115,36,5.103174603174603,0.11313868613138686,0.28102189781021897,0.21897810218978103,0.4197080291970803,0.13138686131386862,0.3277310924369748,0.17647058823529413,0.4957983193277311,0,0.058823529411764705,0.7016806722689075,0.13025210084033614,0.1092436974789916,0,0,2.63011507936508,5.049495798319327,13.492063492063492,-0.7010478230696009
2020,00-0023459,GB,546,546,111,200,91,232,86,7.861216730038023,0.2032967032967033,0.3663003663003663,0.16666666666666666,0.4249084249084249,0.1575091575091575,0.22954091816367264,0.18962075848303392,0.5788423153692615,0.001996007984031936,0.04,0.642,0.128,0.19,0,0,2.7242447418738047,8.075329341317365,11.216730038022813,3.352154937250532
2020,00-0023682,MIA,283,283,50,100,79,87,38,7.790262172284645,0.17667844522968199,0.35335689045936397,0.2791519434628975,0.30742049469964666,0.13427561837455831,0.22180451127819548,0.22180451127819548,0.5526315789473685,0.0037593984962406013,0.12927756653992395,0.6159695817490495,0.034220532319391636,0.22053231939163498,0,0,2.380627819548872,7.887234848484849,21.34831460674157,4.853629786870002
2020,00-0024417,BAL,1,1,0,0,0,1,0,9,0,0,0,1,0,0,0,1,0,0,0,0,0,0,0,0,0,0,0
2020,00-0025825,TEN,2,2,1,1,0,0,1,18,0.5,0.5,0,0,0.5,0,0.5,0,0.5,0,0,0,0,0,0,0,0,0,0
2020,00-0026143,ATL,670,670,136,243,142,239,101,8.5472,0.20298507462686566,0.36268656716417913,0.21194029850746268,0.3567164179104478,0.15074626865671642,0.17491749174917492,0.17326732673267325,0.6518151815181518,0,0.07131011608623548,0.6849087893864013,0.06301824212271974,0.18076285240464346,0,0,2.8736848,8.909620462046204,14.696485623003195,0.9736670032381625
2020,00-0026158,NYJ,141,141,34,48,26,60,12,10.634328358208956,0.24113475177304963,0.3404255319148936,0.18439716312056736,0.425531914893617,0.0851063829787234,0.1774193548387097,0.0967741935483871,0.7258064516129032,0,0.0967741935483871,0.6209677419354839,0.024193548387096774,0.25806451612903225,0,0,2.877111940298507,10.912741935483872,19.402985074626866,-2.098444832572291
2020,00-0026197,KC,40,40,3,21,5,12,10,4.157894736842105,0.075,0.525,0.125,0.3,0.25,0.2702702702702703,0.16216216216216217,0.5675675675675675,0,0.02702702702702703,0.6756756756756757,0.1891891891891892,0.10810810810810811,0,0,0,0,0,0
2020,00-0026498,DET,570,570,119,179,146,195,78,8.762357414448669,0.20877192982456141,0.3140350877192982,0.256140350877193,0.34210526315789475,0.1368421052631579,0.188715953307393,0.22762645914396887,0.5836575875486382,0,0.06274509803921569,0.6470588235294118,0.08627450980392157,0.20392156862745098,0,0,2.654399232245681,9.045166340508807,16.856060606060606,-1.2210366640691461
2020,00-0026516,MIN,1,1,0,0,0,0,1,0,0,0,0,0,1,0,1,0,0,0,0,0,0,0,0,0,0,0,0
2020,00-0026544,DET,46,46,5,14,7,21,5,6.395348837209302,0.10869565217391304,0.30434782608695654,0.15217391304347827,0.45652173913043476,0.10869565217391304,0.1951219512195122,0.21951219512195122,0.5853658536585366,0,0.0975609756097561,0.7073170731707317,0.0975609756097561,0.0975609756097561,0,0,0,0,0,0
2020,00-0026625,NE,26,26,5,12,3,9,3,8.166666666666666,0.19230769230769232,0.46153846153846156,0.11538461538461539,0.34615384615384615,0.11538461538461539,0.30434782608695654,0.2608695652173913,0.43478260869565216,0,0.2608695652173913,0.391304347826087,0.043478260869565216,0.30434782608695654,0,0,0,0,0,0
2020,00-0027150,NE,2,2,0,1,0,1,0,-1,0,0.5,0,0.5,0,0.5,0,0,0.5,0,1,0,0,0,0,0,0,0,0
2020,00-0027688,NYG,72,72,17,26,15,25,11,8.93939393939394,0.2361111111111111,0.3611111111111111,0.20833333333333334,0.3472222222222222,0.1527777777777778,0.08955223880597014,0.31343283582089554,0.5970149253731343,0,0.045454545454545456,0.696969696969697,0.045454545454545456,0.21212121212121213,0,0,0,0,0,0
2020,00-0027891,NYG,2,2,0,2,0,0,0,-4.5,0,1,0,0,0,1,0,0,0,0,0,1,0,0,0,0,0,0,0
2020,00-0027939,NE,400,400,63,144,107,115,39,6.782608695652174,0.1575,0.36,0.2675,0.2875,0.0975,0.28651685393258425,0.21067415730337077,0.5,0.0028089887640449437,0.056338028169014086,0.7126760563380282,0.12394366197183099,0.10704225352112676,0,0,2.8388989071038253,7.022760563380284,12.771739130434783,-1.993388052948788
2020,00-0027948,TB,17,17,4,11,1,4,0,6.75,0.23529411764705882,0.6470588235294118,0.058823529411764705,0.23529411764705882,0,0.125,0.0625,0.8125,0,0.0625,0.5,0.25,0.1875,0,0,0,0,0,0
2020,00-0027973,DAL,357,357,48,117,76,140,59,6.873873873873874,0.13445378151260504,0.3277310924369748,0.21288515406162464,0.39215686274509803,0.16526610644257703,0.1918238993710692,0.1540880503144654,0.6509433962264151,0.0031446540880503146,0.10725552050473186,0.6593059936908517,0.07886435331230283,0.15457413249211358,0,0,2.4992672672672676,6.975566037735848,15.015015015015015,0.26467464327275536
2020,00-0028002,HOU,1,1,0,1,0,0,1,7,0,1,0,0,1,0,0,1,0,0,0,0,1,0,0,0,0,0,0
2020,00-0028118,LAC,32,32,10,16,4,10,4,11.166666666666666,0.3125,0.5,0.125,0.3125,0.125,0.034482758620689655,0.3448275862068966,0.6206896551724138,0,0.06896551724137931,0.6551724137931034,0,0.27586206896551724,0,0,0,0,0,0
2020,00-0028664,DAL,1,1,0,1,0,0,0,9,0,1,0,0,0,0,0,0,1,0,0,0,0,0,0,0,0,0,0
2020,00-0028986,CLE,10,10,0,4,4,2,0,2.7,0,0.4,0.4,0.2,0,0.1111111111111111,0.4444444444444444,0.4444444444444444,0,0,0.7777777777777778,0.1111111111111111,0.1111111111111111,0,0,0,0,0,0
2020,00-0029000,BUF,1,1,1,0,0,1,1,20,1,0,0,1,1,0,0,1,0,0,0,0,1,0,0,0,0,0,0
2020,00-0029263,SEA,607,607,107,220,122,215,89,8.618279569892474,0.17627677100494235,0.3624382207578254,0.20098846787479407,0.3542009884678748,0.14662273476112025,0.1853932584269663,0.20037453183520598,0.6123595505617978,0.0018726591760299626,0.05451127819548872,0.693609022556391,0.08270676691729323,0.16917293233082706,0,0,2.9731490125673252,8.618348968105066,11.29032258064516,3.963711575728496
2020,00-0029567,CHI,331,331,65,112,75,123,43,8.070967741935483,0.19637462235649547,0.338368580060423,0.22658610271903323,0.3716012084592145,0.1299093655589124,0.21333333333333335,0.21666666666666667,0.57,0,0.08361204013377926,0.6321070234113713,0.07357859531772576,0.21070234113712374,0,0,2.514331189710611,7.814866666666667,20.833333333333336,2.3859962522506066
2020,00-0029604,MIN,562,562,107,188,111,214,80,7.9515503875969,0.1903914590747331,0.33451957295373663,0.19750889679715303,0.3807829181494662,0.1423487544483986,0.18902439024390244,0.21951219512195122,0.5914634146341463,0,0.07628865979381444,0.7030927835051546,0.06597938144329897,0.15463917525773196,0,0,2.8840701754385965,8.288090349075976,16.27906976744186,5.4804661831017185
2020,00-0029665,BAL,17,17,3,7,3,4,1,8.785714285714286,0.17647058823529413,0.4117647058823529,0.17647058823529413,0.23529411764705882,0.058823529411764705,0.14285714285714285,0.07142857142857142,0.7857142857142857,0,0.14285714285714285,0.5714285714285714,0,0.2857142857142857,0,0,0,0,0,0
2020,00-0029701,TEN,507,507,75,150,132,199,77,8.365904365904365,0.14792899408284024,0.2958579881656805,0.2603550295857988,0.39250493096646943,0.15187376725838264,0.1223175965665236,0.296137339055794,0.5772532188841202,0.004291845493562232,0.10606060606060606,0.696969696969697,0.049783549783549784,0.1471861471861472,0,0,2.6889168399168404,8.422586206896549,18.711018711018713,3.3052447470768485
2020,00-0030151,CHI,5,5,1,1,1,2,0,8.6,0.2,0.2,0.2,0.4,0,0.25,0.5,0.25,0,0,0.75,0,0.25,0,0,0,0,0,0
2020,00-0030279,LAC,1,1,1,0,0,1,0,15,1,0,0,1,0,1,0,0,0,0,0,0,1,0,0,0,0,0,0
2020,00-0030506,KC,2,2,0,0,1,1,2,-1,0,0,0.5,0.5,1,0,0,0.5,0.5,0,0.5,0.5,0,0,0,0,0,0,0
2020,00-0030520,JAX,191,191,36,54,57,66,16,7.955307262569832,0.18848167539267016,0.28272251308900526,0.29842931937172773,0.34554973821989526,0.08376963350785341,0.16666666666666666,0.20689655172413793,0.6264367816091954,0,0.07602339181286549,0.6666666666666666,0.07017543859649122,0.1871345029239766,0,0,2.5754858757062147,8.323099415204679,22.3463687150838,-0.5490443143764665
2020,00-0030533,BUF,22,22,7,6,6,9,2,11.952380952380953,0.3181818181818182,0.2727272727272727,0.2727272727272727,0.4090909090909091,0.09090909090909091,0.14285714285714285,0.19047619047619047,0.6666666666666666,0,0.14285714285714285,0.5714285714285714,0.09523809523809523,0.19047619047619047,0,0,0,0,0,0
2020,00-0030565,SEA,6,6,0,1,2,2,1,5,0,0.16666666666666666,0.3333333333333333,0.3333333333333333,0.16666666666666666,0,0.4,0.6,0,0,0.8,0.2,0,0,0,0,0,0,0
2020,00-0031235,CLE,1,1,1,0,0,1,0,17,1,0,0,1,0,0,1,0,0,0,0,0,1,0,0,0,0,0,0
2020,00-0031237,CAR,525,525,96,213,100,177,59,7.142566191446028,0.18285714285714286,0.4057142857142857,0.19047619047619047,0.33714285714285713,0.11238095238095239,0.2356687898089172,0.08067940552016985,0.6836518046709129,0,0.08315565031982942,0.6823027718550106,0.08742004264392324,0.14712153518123666,0,0,2.6027020408163257,7.277611940298507,12.195121951219512,2.424340874214124
2020,00-0031260,WAS,1,1,1,0,0,1,0,28,1,0,0,1,0,0,0,1,0,0,1,0,0,0,0,0,0,0,0
2020,00-0031280,LV,544,544,105,187,123,203,89,8.09284332688588,0.19301470588235295,0.34375,0.2261029411764706,0.37316176470588236,0.1636029411764706,0.21747967479674796,0.31910569105691056,0.4634146341463415,0,0.05091649694501019,0.6985743380855397,0.06313645621181263,0.18737270875763748,0,0,2.7825769980506823,8.222118126272912,16.247582205029012,3.16126593415639
2020,00-0031288,HOU,2,2,1,0,0,1,1,18,0.5,0,0,0.5,0.5,0,0,1,0,0,0,0,0,0,0,0,0,0,0
2020,00-0031325,KC,1,1,1,1,0,0,0,24,1,1,0,0,0,0,0,0,1,0,1,0,0,0,0,0,0,0,0
2020,00-0031345,SF,151,151,19,58,37,45,22,6.2785714285714285,0.12582781456953643,0.3841059602649007,0.24503311258278146,0.2980132450331126,0.1456953642384106,0.2826086956521739,0.2753623188405797,0.4420289855072464,0,0.036231884057971016,0.7681159420289855,0.06521739130434782,0.13043478260869565,0,0,2.571657142857143,6.242536231884059,13.571428571428571,-3.365910106471617
2020,00-0031382,CLE,4,4,2,4,0,0,0,14.5,0.5,1,0,0,0,0.25,0,0.5,0.25,0,0.5,0,0.5,0,0,0,0,0,0
2020,00-0031395,DAL,40,40,9,13,8,16,6,9.157894736842104,0.225,0.325,0.2,0.4,0.15,0.13513513513513514,0.24324324324324326,0.6216216216216216,0,0.05405405405405406,0.7567567567567568,0.05405405405405406,0.13513513513513514,0,0,0,0,0,0
2020,00-0031503,NO,13,13,0,7,3,1,6,4.636363636363637,0,0.5384615384615384,0.23076923076923078,0.07692307692307693,0.46153846153846156,0.36363636363636365,0,0.6363636363636364,0,0,0.5454545454545454,0.18181818181818182,0.2727272727272727,0,0,0,0,0,0
2020,00-0031800,WAS,20,20,8,5,11,3,3,13.421052631578947,0.4,0.25,0.55,0.15,0.15,0.15789473684210525,0.3157894736842105,0.5263157894736842,0,0.05263157894736842,0.5789473684210527,0.05263157894736842,0.3157894736842105,0,0,0,0,0,0
2020,00-0031941,NYJ,1,1,1,0,0,1,0,27,1,0,0,1,0,0,0,1,0,0,0,0,1,0,0,0,0,0,0
2020,00-0032009,TEN,1,1,0,0,0,0,0,0,0,0,0,0,0,0,0,0,0,0,0,0,0,0,0,0,0,0,0
2020,00-0032268,LV,28,28,9,10,6,11,3,9.75,0.32142857142857145,0.35714285714285715,0.21428571428571427,0.39285714285714285,0.10714285714285714,0.15384615384615385,0.5,0.34615384615384615,0,0.038461538461538464,0.5769230769230769,0.038461538461538464,0.34615384615384615,0,0,0,0,0,0
2020,00-0032434,CIN,149,149,26,52,39,51,19,6.619718309859155,0.174496644295302,0.348993288590604,0.26174496644295303,0.3422818791946309,0.12751677852348994,0.18705035971223022,0.15827338129496402,0.6546762589928058,0,0.10071942446043165,0.6187050359712231,0.08633093525179857,0.19424460431654678,0,0,2.5057746478873244,6.9656115107913665,19.718309859154928,-1.2528651197191607
2020,00-0032436,DEN,76,76,16,19,20,25,10,9.96875,0.21052631578947367,0.25,0.2631578947368421,0.32894736842105265,0.13157894736842105,0.14285714285714285,0.2857142857142857,0.5714285714285714,0,0.06451612903225806,0.6451612903225806,0.03225806451612903,0.25806451612903225,0,0,0,0,0,0
2020,00-0032543,CIN,1,1,1,0,0,1,0,21,1,0,0,1,0,1,0,0,0,0,0,0,1,0,0,0,0,0,0
2020,00-0032792,PHI,14,14,4,4,2,6,0,9.833333333333334,0.2857142857142857,0.2857142857142857,0.14285714285714285,0.42857142857142855,0,0.2222222222222222,0.1111111111111111,0.6666666666666666,0,0,0.6666666666666666,0.1111111111111111,0.2222222222222222,0,0,0,0,0,0
2020,00-0032943,NYG,1,1,0,0,1,0,1,8,0,0,1,0,1,0,0,0,1,0,0,0,0,0,0,0,0,0,0
2020,00-0032950,PHI,493,493,94,138,107,191,63,8.858123569794051,0.19066937119675456,0.2799188640973631,0.21703853955375255,0.38742393509127787,0.12778904665314403,0.17772511848341233,0.2985781990521327,0.5213270142180095,0.002369668246445498,0.07434052757793765,0.6402877697841727,0.09592326139088729,0.18944844124700239,0,0,2.910649082568807,9.099016786570745,18.993135011441648,-4.050303297437033
2020,00-0033009,CIN,2,2,0,1,0,1,1,1,0,0.5,0,0.5,0.5,0.5,0,0,0.5,0,0.5,0.5,0,0,0,0,0,0,0
2020,00-0033077,DAL,234,234,42,85,55,80,24,7.936936936936937,0.1794871794871795,0.36324786324786323,0.23504273504273504,0.3418803418803419,0.10256410256410256,0.18636363636363637,0.17727272727272728,0.6363636363636364,0,0.08256880733944955,0.6743119266055045,0.06422018348623854,0.17889908256880735,0,0,2.770990950226245,7.963196347031964,15.315315315315313,3.936514587284222
2020,00-0033106,LA,576,576,83,233,116,201,60,6.49546279491833,0.1440972222222222,0.4045138888888889,0.2013888888888889,0.3489583333333333,0.10416666666666667,0.12547528517110265,0.22053231939163498,0.6539923954372624,0,0.05142857142857143,0.7104761904761905,0.10476190476190476,0.13333333333333333,0,0,0,0,0,0
2020,00-0033119,IND,10,10,2,1,0,7,2,8.125,0.2,0.1,0,0.7,0.2,0,0.14285714285714285,0.8571428571428571,0,0,0.7142857142857143,0.14285714285714285,0.14285714285714285,0,0,0,0,0,0
2020,00-0033251,IND,1,1,0,0,0,1,0,13,0,0,0,1,0,1,0,0,0,0,1,0,0,0,0,0,0,0,0
2020,00-0033275,CAR,60,60,15,26,10,20,9,10.410714285714286,0.25,0.43333333333333335,0.16666666666666666,0.3333333333333333,0.15,0.07142857142857142,0.05357142857142857,0.875,0,0.08928571428571429,0.5357142857142857,0.125,0.25,0,0,0,0,0,0
2020,00-0033319,SF,347,347,49,115,100,111,48,6.2975460122699385,0.14121037463976946,0.3314121037463977,0.2881844380403458,0.31988472622478387,0.138328530259366,0.2087227414330218,0.21806853582554517,0.573208722741433,0,0.12225705329153605,0.664576802507837,0.08150470219435736,0.13166144200626959,0,0,2.6316625766871162,6.633949843260188,14.417177914110429,-2.222847552295846
2020,00-0033357,NO,135,135,26,52,14,55,18,6.966942148760331,0.1925925925925926,0.3851851851851852,0.1037037037037037,0.4074074074074074,0.13333333333333333,0.211864406779661,0.19491525423728814,0.5932203389830508,0,0.07627118644067797,0.6694915254237288,0.13559322033898305,0.11864406779661017,0,0,0,0,0,0
2020,00-0033466,BUF,1,1,0,1,0,0,1,-5,0,1,0,0,1,0,0,0,1,0,1,0,0,0,0,0,0,0,0
2020,00-0033537,HOU,597,597,121,191,141,210,101,8.900735294117647,0.20268006700167504,0.31993299832495814,0.23618090452261306,0.35175879396984927,0.16917922948073702,0.17077798861480076,0.18975332068311196,0.6394686907020873,0,0.0745697896749522,0.6673040152963671,0.06692160611854685,0.19120458891013384,0,0,2.8523247232472326,8.981166347992353,14.705882352941178,4.828952086801806
2020,00-0033572,DET,1,1,1,1,0,0,1,15,1,1,0,0,1,0,0,0,1,0,1,0,0,0,0,0,0,0,0
2020,00-0033733,PHI,1,1,1,0,0,1,0,15,1,0,0,1,0,0,0,1,0,0,0,0,1,0,0,0,0,0,0
2020,00-0033869,CHI,316,316,61,102,79,116,54,7.828282828282828,0.1930379746835443,0.3227848101265823,0.25,0.3670886075949367,0.17088607594936708,0.16326530612244897,0.23469387755102042,0.5986394557823129,0.003401360544217687,0.08904109589041095,0.6678082191780822,0.06506849315068493,0.1780821917808219,0,0,2.6610875420875417,7.932150170648465,21.21212121212121,1.9216175674108058
2020,00-0033873,KC,613,613,115,224,125,238,87,8.37649063032368,0.18760195758564438,0.36541598694942906,0.2039151712887439,0.38825448613376834,0.14192495921696574,0.17801047120418848,0.28097731239092494,0.5392670157068062,0.0017452006980802793,0.05272407732864675,0.70298769771529,0.0843585237258348,0.15992970123022848,0,0,2.888555366269165,8.506438596491227,11.394557823129253,-1.339006524051527
2020,00-0033891,LV,1,1,1,0,0,1,0,26,1,0,0,1,0,0,0,1,0,0,0,0,1,0,0,0,0,0,0
2020,00-0033936,SF,114,114,16,37,27,39,20,8.182692307692308,0.14035087719298245,0.32456140350877194,0.23684210526315788,0.34210526315789475,0.17543859649122806,0.3163265306122449,0.30612244897959184,0.37755102040816324,0,0.14432989690721648,0.6494845360824743,0.041237113402061855,0.16494845360824742,0,0,0,0,0,0
2020,00-0033949,PIT,5,5,0,0,4,1,2,0,0,0,0.8,0.2,0.4,0,0.5,0.5,0,0,0.5,0.5,0,0,0,0,0,0,0
2020,00-0033958,LV,7,7,0,1,0,4,0,1.8,0,0.14285714285714285,0,0.5714285714285714,0,0.2,0.6,0.2,0,0,1,0,0,0,0,0,0,0,0
2020,00-0034177,GB,1,1,0,0,0,0,0,0,0,0,0,0,0,0,0,0,0,0,0,0,0,0,0,0,0,0,0
2020,00-0034411,ATL,2,2,2,1,1,0,0,37.5,1,0.5,0.5,0,0,0,0,1,0,0,0,0,1,0,0,0,0,0,0
2020,00-0034418,DAL,2,2,0,0,0,2,1,1,0,0,0,1,0.5,0.5,0,0,0.5,0,1,0,0,0,0,0,0,0,0
2020,00-0034438,TEN,3,3,0,0,1,2,0,5.666666666666667,0,0,0.3333333333333333,0.6666666666666666,0,0.3333333333333333,0,0.6666666666666666,0,0,1,0,0,0,0,0,0,0,0
2020,00-0034577,WAS,96,96,14,37,14,36,11,6.011494252873563,0.14583333333333334,0.3854166666666667,0.14583333333333334,0.375,0.11458333333333333,0.2962962962962963,0.18518518518518517,0.5185185185185185,0,0.012658227848101266,0.759493670886076,0.12658227848101267,0.10126582278481013,0,0,0,0,0,0
2020,00-0034771,PIT,45,45,10,19,9,15,4,10.046511627906977,0.2222222222222222,0.4222222222222222,0.2,0.3333333333333333,0.08888888888888889,0.23255813953488372,0.13953488372093023,0.627906976744186,0,0.07142857142857142,0.5952380952380952,0.07142857142857142,0.2619047619047619,0,0,0,0,0,0
2020,00-0034796,BAL,406,406,76,84,156,133,68,8.638297872340425,0.18719211822660098,0.20689655172413793,0.3842364532019704,0.3275862068965517,0.16748768472906403,0.1620879120879121,0.28846153846153844,0.5494505494505495,0,0.09366391184573003,0.6776859504132231,0.049586776859504134,0.1790633608815427,0,0,2.9778471849865946,8.88771349862259,14.361702127659576,-1.751509337051914
2020,00-0034827,CAR,1,1,0,0,0,1,0,6,0,0,0,1,0,0,0,0,1,0,1,0,0,0,0,0,0,0,0
2020,00-0034855,CLE,513,513,108,189,99,193,76,8.525773195876289,0.21052631578947367,0.3684210526315789,0.19298245614035087,0.3762183235867446,0.14814814814814814,0.1696035242290749,0.29515418502202645,0.5330396475770925,0.0022026431718061676,0.05752212389380531,0.6637168141592921,0.059734513274336286,0.21902654867256638,0,0,3.050419958419958,9.03644591611479,13.786008230452676,0.5051192484477056
2020,00-0034857,BUF,599,599,115,227,117,228,93,8.491258741258742,0.19198664440734559,0.3789649415692821,0.19532554257095158,0.3806343906510851,0.15525876460767946,0.13479052823315119,0.11293260473588343,0.7522768670309654,0,0.04927007299270073,0.6970802919708029,0.08394160583941605,0.16970802919708028,0,0,3.0434510489510487,8.765255474452555,13.111888111888112,4.155952884600708
2020,00-0034869,NYJ,401,401,78,137,64,160,42,7.696969696969697,0.19451371571072318,0.341645885286783,0.1596009975062344,0.39900249376558605,0.10473815461346633,0.15588235294117647,0.16470588235294117,0.6794117647058824,0,0.029585798816568046,0.7071005917159763,0.10059171597633136,0.16272189349112426,0,0,2.8532825484764546,7.9267846607669625,13.461538461538462,-2.795858092728878
2020,00-0034899,LA,40,40,9,17,3,18,6,9.421052631578947,0.225,0.425,0.075,0.45,0.15,0.13513513513513514,0.2972972972972973,0.5675675675675675,0,0.05405405405405406,0.4594594594594595,0.13513513513513514,0.35135135135135137,0,0,0,0,0,0
2020,00-0034941,SF,1,1,0,0,0,0,1,0,0,0,0,0,1,0,0,0,0,0,0,0,0,0,0,0,0,0,0
2020,00-0034955,DEN,41,41,5,15,9,16,8,8.65,0.12195121951219512,0.36585365853658536,0.21951219512195122,0.3902439024390244,0.1951219512195122,0.1891891891891892,0.24324324324324326,0.5675675675675675,0,0,0.7297297297297297,0.05405405405405406,0.21621621621621623,0,0,0,0,0,0
2020,00-0034960,NE,2,2,1,0,0,2,1,18.5,0.5,0,0,1,0.5,0.5,0,0,0.5,0,0.5,0,0.5,0,0,0,0,0,0
2020,00-0035040,DET,11,11,3,2,5,3,0,8.2,0.2727272727272727,0.18181818181818182,0.45454545454545453,0.2727272727272727,0,0.4,0.3,0.3,0,0.1,0.7,0.1,0.1,0,0,0,0,0,0
2020,00-0035146,BAL,10,10,3,3,2,5,0,8.9,0.3,0.3,0.2,0.5,0,0,0.1111111111111111,0.8888888888888888,0,0.2222222222222222,0.5555555555555556,0,0.2222222222222222,0,0,0,0,0,0
2020,00-0035228,ARI,587,587,103,239,117,194,73,7.804659498207886,0.17546848381601363,0.4071550255536627,0.19931856899488926,0.33049403747870526,0.12436115843270869,0.1830188679245283,0.12641509433962264,0.6886792452830188,0.0018867924528301887,0.0625,0.6496212121212122,0.12121212121212122,0.16666666666666666,0,0,2.7374545454545456,7.987215909090909,13.261648745519713,1.9421405429320941
2020,00-0035232,WAS,262,262,38,75,71,93,27,6.758333333333334,0.1450381679389313,0.2862595419847328,0.27099236641221375,0.3549618320610687,0.10305343511450382,0.23628691983122363,0.22784810126582278,0.5358649789029536,0,0.11440677966101695,0.6440677966101694,0.08898305084745763,0.15254237288135594,0,0,2.552485477178423,6.86818565400844,17.42738589211618,-7.018519183659457
2020,00-0035264,NE,48,48,6,17,10,17,3,6.090909090909091,0.125,0.3541666666666667,0.20833333333333334,0.3541666666666667,0.0625,0.2894736842105263,0.21052631578947367,0.5,0,0.02631578947368421,0.6842105263157895,0.13157894736842105,0.15789473684210525,0,0,0,0,0,0
2020,00-0035282,LAC,1,1,0,1,0,0,0,0,0,1,0,0,0,0,0,1,0,0,1,0,0,0,0,0,0,0,0
2020,00-0035289,JAX,358,358,59,116,75,135,66,7.846625766871166,0.164804469273743,0.3240223463687151,0.20949720670391062,0.3770949720670391,0.18435754189944134,0.21725239616613418,0.16932907348242812,0.610223642172524,0.003194888178913738,0.045454545454545456,0.6883116883116883,0.06818181818181818,0.19805194805194806,0,0,2.7672607361963197,8.1884142394822,17.12538226299694,3.3588698595215476
2020,00-0035290,BUF,1,1,0,0,0,1,0,10,0,0,0,1,0,0,0,0,1,0,0,0,0,0,0,0,0,0,0
2020,00-0035510,NYJ,1,1,0,0,0,0,0,0,0,0,0,0,0,0,0,0,0,0,0,0,0,0,0,0,0,0,0
2020,00-0035652,CIN,41,41,8,9,8,15,6,10.46875,0.1951219512195122,0.21951219512195122,0.1951219512195122,0.36585365853658536,0.14634146341463414,0.09375,0.15625,0.75,0,0.03125,0.65625,0.0625,0.25,0,0,0,0,0,0
2020,00-0035704,DEN,466,466,104,135,88,218,59,8.821670428893905,0.22317596566523606,0.28969957081545067,0.1888412017167382,0.4678111587982833,0.12660944206008584,0.13023255813953488,0.27674418604651163,0.5930232558139535,0,0.04929577464788732,0.6737089201877934,0.05868544600938967,0.21830985915492956,0,0,2.872619047619048,9.224660421545668,19.63882618510158,-3.6622248262032358
2020,00-0035710,NYG,496,496,76,148,126,172,68,7.59375,0.1532258064516129,0.29838709677419356,0.2540322580645161,0.3467741935483871,0.13709677419354838,0.17701149425287357,0.26436781609195403,0.5563218390804597,0.0022988505747126436,0.10416666666666667,0.6944444444444444,0.05787037037037037,0.14351851851851852,0,0,2.758139013452915,7.703518518518519,17.633928571428573,1.148750984741909
2020,00-0035752,ARI,18,18,3,11,1,4,2,6.625,0.16666666666666666,0.6111111111111112,0.05555555555555555,0.2222222222222222,0.1111111111111111,0.1875,0.0625,0.75,0,0.0625,0.5,0.25,0.1875,0,0,0,0,0,0
2020,00-0035831,JAX,1,1,0,0,0,0,1,0,0,0,0,0,1,0,0,0,0,0,0,0,0,0,0,0,0,0,0
2020,00-0035864,DEN,10,10,5,2,0,7,0,14.88888888888889,0.5,0.2,0,0.7,0,0,0.5,0.5,0,0.125,0.125,0.125,0.625,0,0,0,0,0,0
2020,00-0035889,KC,1,1,0,1,0,0,0,6,0,1,0,0,0,0,0,1,0,0,0,0,0,0,0,0,0,0,0
2020,00-0035993,BAL,5,5,2,1,3,1,0,12.4,0.4,0.2,0.6,0.2,0,0.4,0.4,0.2,0,0,0.6,0,0.4,0,0,0,0,0,0
2020,00-0036142,WAS,1,1,0,1,0,0,0,-3,0,1,0,0,0,0,0,0,0,0,0,0,0,0,0,0,0,0,0
2020,00-0036212,MIA,313,313,55,125,76,86,43,7.552083333333333,0.1757188498402556,0.3993610223642173,0.24281150159744408,0.2747603833865815,0.13738019169329074,0.16901408450704225,0.2711267605633803,0.5598591549295775,0,0.10676156583629894,0.6690391459074733,0.03914590747330961,0.18505338078291814,0,0,2.54508362369338,7.664270462633452,20.344827586206897,-1.138714546787341
2020,00-0036312,JAX,118,118,27,36,17,57,6,7.963636363636364,0.2288135593220339,0.3050847457627119,0.1440677966101695,0.4830508474576271,0.05084745762711865,0.18867924528301888,0.19811320754716982,0.6132075471698113,0,0.02857142857142857,0.7238095238095238,0.10476190476190476,0.14285714285714285,0,0,0,0,0,0
2020,00-0036320,CAR,2,2,1,1,0,0,0,18,0.5,0.5,0,0,0,0,0,1,0,0,0,0,0,0,0,0,0,0,0
2020,00-0036355,LAC,630,630,112,203,124,264,88,7.341176470588235,0.17777777777777778,0.32222222222222224,0.19682539682539682,0.41904761904761906,0.13968253968253969,0.2658662092624357,0.2058319039451115,0.5283018867924528,0,0.06551724137931035,0.6637931034482759,0.09482758620689655,0.17586206896551723,0,0,2.6873045685279187,7.5023448275862075,17.983193277310924,2.4160689751014814
2020,00-0036358,DAL,1,1,0,0,0,0,1,0,0,0,0,0,1,0,0,0,0,0,0,0,0,0,0,0,0,0,0
2020,00-0036364,MIA,2,2,1,2,0,0,0,8.5,0.5,1,0,0,0,1,0,0,0,0,0.5,0.5,0,0,0,0,0,0,0
2020,00-0036384,DAL,50,50,8,19,6,17,4,8.116279069767442,0.16,0.38,0.12,0.34,0.08,0.0975609756097561,0.1951219512195122,0.7073170731707317,0,0.07317073170731707,0.5121951219512195,0.1951219512195122,0.21951219512195122,0,0,0,0,0,0
2020,00-0036389,PHI,162,162,38,51,23,73,19,9.141891891891891,0.2345679012345679,0.3148148148148148,0.1419753086419753,0.4506172839506173,0.11728395061728394,0.14814814814814814,0.3333333333333333,0.5185185185185185,0,0.022388059701492536,0.6940298507462687,0.07462686567164178,0.208955223880597,0,0,3.113176870748299,9.735925925925926,14.18918918918919,-3.6283291851145165
2020,00-0036442,CIN,436,436,81,116,105,179,61,8.508684863523573,0.18577981651376146,0.26605504587155965,0.2408256880733945,0.4105504587155963,0.13990825688073394,0.18112244897959184,0.11479591836734694,0.7040816326530612,0,0.09438775510204081,0.6454081632653061,0.061224489795918366,0.1989795918367347,0,0,2.648600997506234,8.78208651399491,21.534653465346533,4.488486668906447
2021,00-0019596,TB,742,742,155,272,191,254,133,8.072322670375522,0.20889487870619947,0.3665768194070081,0.2574123989218329,0.3423180592991914,0.1792452830188679,0.19432624113475178,0.23829787234042554,0.5673758865248227,0,0.07386363636363637,0.5809659090909091,0.12926136363636365,0.2159090909090909,0,0,0,0,0,0
2021,00-0022824,ARI,1,1,0,0,0,0,1,0,0,0,0,0,1,0,0,0,0,0,0,0,0,0,0,0,0,0,0
2021,00-0022924,PIT,648,648,100,227,150,226,97,6.725619834710744,0.15432098765432098,0.35030864197530864,0.23148148148148148,0.3487654320987654,0.14969135802469136,0.16805324459234608,0.18302828618968386,0.64891846921797,0,0.09395973154362416,0.6208053691275168,0.09899328859060402,0.18624161073825504,0,0,2.380759535655058,6.735553691275167,17.85123966942149,-2.8876483871424483
2021,00-0023459,GB,562,562,104,200,103,225,118,7.70566037735849,0.18505338078291814,0.35587188612099646,0.18327402135231316,0.400355871886121,0.2099644128113879,0.1917808219178082,0.1761252446183953,0.6301369863013698,0.0019569471624266144,0.09430255402750491,0.6110019646365422,0.09823182711198428,0.19646365422396855,0,0,0,0,0,0
2021,00-0023682,WAS,7,7,0,0,1,5,1,1.5,0,0,0.14285714285714285,0.7142857142857143,0.14285714285714285,0.6666666666666666,0,0.3333333333333333,0,0,0.6666666666666666,0.3333333333333333,0,0,0,0,0,0,0
2021,00-0024417,BAL,1,1,0,1,0,0,0,10,0,1,0,0,0,0,0,1,0,0,0,0,0,0,0,0,0,0,0
2021,00-0026035,HOU,1,1,0,0,0,1,0,14,0,0,0,1,0,0,0,1,0,0,0,0,1,0,0,0,0,0,0
2021,00-0026143,ATL,602,602,85,189,153,217,94,7.146428571428571,0.14119601328903655,0.313953488372093,0.2541528239202658,0.36046511627906974,0.15614617940199335,0.26838235294117646,0.2849264705882353,0.44669117647058826,0,0.08839779005524862,0.6703499079189686,0.06813996316758748,0.17311233885819521,0,0,2.7728640429338105,7.212996323529412,16.071428571428573,1.4067485409655802
2021,00-0026158,NYJ,44,44,10,10,5,27,8,8,0.22727272727272727,0.22727272727272727,0.11363636363636363,0.6136363636363636,0.18181818181818182,0.10526315789473684,0.10526315789473684,0.7894736842105263,0,0.05263157894736842,0.6578947368421053,0.02631578947368421,0.2631578947368421,0,0,0,0,0,0
2021,00-0026197,KC,16,16,2,4,6,6,1,7.8125,0.125,0.25,0.375,0.375,0.0625,0.2,0.26666666666666666,0.5333333333333333,0,0,0.9333333333333333,0.06666666666666667,0,0,0,0,0,0,0
2021,00-0026300,BAL,41,41,5,10,12,18,4,7.025,0.12195121951219512,0.24390243902439024,0.2926829268292683,0.43902439024390244,0.0975609756097561,0.08108108108108109,0.2702702702702703,0.6486486486486487,0,0.21621621621621623,0.5945945945945946,0,0.1891891891891892,0,0,0,0,0,0
2021,00-0026300,NYJ,47,47,8,18,10,17,10,7.533333333333333,0.1702127659574468,0.3829787234042553,0.2127659574468085,0.3617021276595745,0.2127659574468085,0.13333333333333333,0.2,0.6666666666666666,0,0.1111111111111111,0.5777777777777777,0.15555555555555556,0.15555555555555556,0,0,0,0,0,0
2021,00-0026498,LA,634,634,130,222,146,233,124,8.475873544093178,0.20504731861198738,0.3501577287066246,0.2302839116719243,0.3675078864353312,0.19558359621451105,0.12687813021702837,0.15525876460767946,0.7178631051752922,0,0.07046979865771812,0.6241610738255033,0.11073825503355705,0.19463087248322147,0,0,0,0,0,0
2021,00-0026625,NE,11,11,2,3,3,5,2,8.818181818181818,0.18181818181818182,0.2727272727272727,0.2727272727272727,0.45454545454545453,0.18181818181818182,0.09090909090909091,0.2727272727272727,0.6363636363636364,0,0.09090909090909091,0.6363636363636364,0.09090909090909091,0.18181818181818182,0,0,0,0,0,0
2021,00-0027688,ARI,105,105,14,28,29,42,11,5.171717171717172,0.13333333333333333,0.26666666666666666,0.2761904761904762,0.4,0.10476190476190476,0.17346938775510204,0.23469387755102042,0.5918367346938775,0,0.08163265306122448,0.6326530612244898,0.17346938775510204,0.11224489795918367,0,0,0,0,0,0
2021,00-0027939,CAR,137,137,16,41,32,53,8,6.968253968253968,0.11678832116788321,0.29927007299270075,0.23357664233576642,0.38686131386861317,0.058394160583941604,0.208,0.136,0.656,0,0.12096774193548387,0.6048387096774194,0.10483870967741936,0.1693548387096774,0,0,0,0,0,0
2021,00-0027948,TB,12,12,3,6,2,3,1,8.181818181818182,0.25,0.5,0.16666666666666666,0.25,0.08333333333333333,0.09090909090909091,0.09090909090909091,0.8181818181818182,0,0.09090909090909091,0.45454545454545453,0.2727272727272727,0.18181818181818182,0,0,0,0,0,0
2021,00-0027973,CHI,257,257,43,68,57,110,31,6.961864406779661,0.16731517509727625,0.26459143968871596,0.22178988326848248,0.4280155642023346,0.12062256809338522,0.1565217391304348,0.21739130434782608,0.6260869565217392,0,0.06607929515418502,0.7224669603524229,0.0881057268722467,0.12334801762114538,0,0,2.6433021276595743,7.1657268722466965,11.864406779661017,-4.054745914951219
2021,00-0028118,HOU,163,163,23,48,27,74,25,7.429530201342282,0.1411042944785276,0.294478527607362,0.1656441717791411,0.4539877300613497,0.15337423312883436,0.19444444444444445,0.20833333333333334,0.5972222222222222,0,0.034722222222222224,0.7152777777777778,0.06944444444444445,0.18055555555555555,0,0,2.786046979865772,7.499172413793103,16.666666666666664,-3.755582741151244
2021,00-0028872,LA,1,1,0,0,0,1,1,-4,0,0,0,1,1,0,1,0,0,0,0,0,0,0,0,0,0,0,0
2021,00-0028986,CLE,77,77,9,30,7,35,13,5.833333333333333,0.11688311688311688,0.38961038961038963,0.09090909090909091,0.45454545454545453,0.16883116883116883,0.18571428571428572,0.21428571428571427,0.6,0,0.11428571428571428,0.6285714285714286,0.12857142857142856,0.12857142857142856,0,0,0,0,0,0
2021,00-0029000,BUF,1,1,1,0,0,1,1,19,1,0,0,1,1,0,0,1,0,0,0,0,1,0,0,0,0,0,0
2021,00-0029263,SEA,435,435,104,179,64,157,54,9.8875,0.23908045977011494,0.4114942528735632,0.1471264367816092,0.36091954022988504,0.12413793103448276,0.13917525773195877,0.21649484536082475,0.6417525773195877,0.002577319587628866,0.07272727272727272,0.6103896103896104,0.1038961038961039,0.21298701298701297,0,0,0,0,0,0
2021,00-0029567,CHI,40,40,5,13,9,13,11,5.6571428571428575,0.125,0.325,0.225,0.325,0.275,0.3333333333333333,0.19444444444444445,0.4722222222222222,0,0.05714285714285714,0.8,0.05714285714285714,0.08571428571428572,0,0,0,0,0,0
2021,00-0029604,MIN,592,592,118,225,116,215,85,8.166071428571428,0.19932432432432431,0.38006756756756754,0.19594594594594594,0.36317567567567566,0.14358108108108109,0.1925925925925926,0.16296296296296298,0.6444444444444445,0,0.06517690875232775,0.6610800744878957,0.1154562383612663,0.15828677839851024,0,0,0,0,0,0
2021,00-0029701,TEN,579,579,89,155,163,212,92,7.446327683615819,0.153713298791019,0.26770293609671847,0.2815198618307427,0.36614853195164077,0.15889464594127806,0.19807692307692307,0.20576923076923076,0.5961538461538461,0,0.08670520231213873,0.6570327552986512,0.10789980732177264,0.14836223506743737,0,0,2.6815811320754714,7.511560693641618,15.44256120527307,1.1672873032435547
2021,00-0029747,ARI,1,1,1,0,1,0,0,19,1,0,1,0,0,1,0,0,0,0,0,0,0,0,0,0,0,0,0
2021,00-0030279,LAC,2,2,0,0,0,1,2,14,0,0,0,0.5,1,0,0,0.5,0.5,0,0,0,1,0,0,0,0,0,0
2021,00-0030288,HOU,1,1,0,0,0,1,0,7,0,0,0,1,0,0,0,0,0,0,0,0,0,0,0,0,0,0,0
2021,00-0030520,NYG,177,177,27,67,35,62,16,7.245508982035928,0.15254237288135594,0.3785310734463277,0.1977401129943503,0.3502824858757062,0.0903954802259887,0.2903225806451613,0.23225806451612904,0.4774193548387097,0,0.11038961038961038,0.6038961038961039,0.11038961038961038,0.17532467532467533,0,0,2.70590243902439,7.497987012987013,16.16766467065868,-8.224152430088928
2021,00-0030565,SEA,108,108,17,36,22,36,12,6.989473684210527,0.1574074074074074,0.3333333333333333,0.2037037037037037,0.3333333333333333,0.1111111111111111,0.14772727272727273,0.14772727272727273,0.7045454545454546,0,0.045454545454545456,0.6363636363636364,0.13636363636363635,0.18181818181818182,0,0,0,0,0,0
2021,00-0030578,ATL,1,1,1,0,0,1,0,18,1,0,0,1,0,0,0,0,0,0,0,0,0,0,0,0,0,0,0
2021,00-0030669,MIA,2,2,0,0,0,1,1,5,0,0,0,0.5,0.5,0,0,1,0,0,1,0,0,0,0,0,0,0,0
2021,00-0031136,PIT,1,1,0,0,0,1,1,10,0,0,0,1,1,0,1,0,0,0,0,0,0,0,0,0,0,0,0
2021,00-0031237,DEN,460,460,78,163,85,178,71,8.03755868544601,0.16956521739130434,0.35434782608695653,0.18478260869565216,0.3869565217391304,0.15434782608695652,0.18627450980392157,0.27205882352941174,0.5416666666666666,0,0.06666666666666667,0.7308641975308642,0.06172839506172839,0.14074074074074075,0,0,2.913776995305164,8.073111111111112,12.676056338028168,2.757740638572983
2021,00-0031280,LV,669,669,134,241,131,251,96,8.121405750798722,0.20029895366218237,0.3602391629297459,0.19581464872944693,0.375186846038864,0.14349775784753363,0.24046434494195687,0.23217247097844113,0.527363184079602,0,0.04,0.6816666666666666,0.075,0.20333333333333334,0,0,2.8206982343499196,8.04630615640599,13.578274760383385,1.7351316243481563
2021,00-0031345,SF,472,472,81,143,159,136,61,7.496598639455782,0.1716101694915254,0.3029661016949153,0.336864406779661,0.288135593220339,0.1292372881355932,0.20093457943925233,0.22897196261682243,0.5677570093457944,0.002336448598130841,0.13176470588235295,0.6329411764705882,0.09647058823529411,0.1388235294117647,0,0,2.6681438356164375,7.43169014084507,15.646258503401361,1.0337508319456816
2021,00-0031382,CLE,1,1,0,0,0,0,0,0,0,0,0,0,0,0,0,0,0,0,0,0,0,0,0,0,0,0,0
2021,00-0031395,WAS,33,33,4,14,2,15,3,6.354838709677419,0.12121212121212122,0.42424242424242425,0.06060606060606061,0.45454545454545453,0.09090909090909091,0.23333333333333334,0.26666666666666666,0.5,0,0,0.8,0.06666666666666667,0.13333333333333333,0,0,0,0,0,0
2021,00-0031503,NO,172,172,33,62,33,66,24,8.322981366459627,0.19186046511627908,0.36046511627906974,0.19186046511627908,0.38372093023255816,0.13953488372093023,0.27450980392156865,0.20261437908496732,0.5228758169934641,0,0.058823529411764705,0.6535947712418301,0.11764705882352941,0.16993464052287582,0,0,3.023006211180124,9.007712418300653,11.801242236024844,-5.672692403382399
2021,00-0031543,LAC,1,1,0,1,0,0,0,10,0,1,0,0,0,0,0,0,1,0,0,0,0,0,0,0,0,0,0
2021,00-0031588,BUF,1,1,0,0,0,0,1,0,0,0,0,0,1,0,0,0,0,0,0,0,0,0,0,0,0,0,0
2021,00-0031800,WAS,535,535,105,147,118,226,62,7.680894308943089,0.19626168224299065,0.27476635514018694,0.2205607476635514,0.4224299065420561,0.11588785046728972,0.2422360248447205,0.18426501035196688,0.5714285714285714,0.002070393374741201,0.06680584551148225,0.6597077244258872,0.11899791231732777,0.1544885177453027,0,0,2.972771894093686,7.917276507276507,18.016194331983808,-0.4729124773972444
2021,00-0031941,NYJ,2,2,0,0,0,0,1,0,0,0,0,0,0.5,0,0,0,1,0,0,0,0,0,0,0,0,0,0
2021,00-0032156,NO,201,201,42,68,33,86,39,7.106951871657754,0.208955223880597,0.3383084577114428,0.16417910447761194,0.42786069651741293,0.19402985074626866,0.20670391061452514,0.2011173184357542,0.5921787709497207,0,0.045714285714285714,0.5828571428571429,0.12,0.25142857142857145,0,0,2.892143617021277,7.765942857142858,16.48936170212766,-3.132887590339678
2021,00-0032245,MIN,38,38,5,12,13,11,1,6.472222222222222,0.13157894736842105,0.3157894736842105,0.34210526315789475,0.2894736842105263,0.02631578947368421,0.23529411764705882,0.2647058823529412,0.47058823529411764,0.029411764705882353,0.030303030303030304,0.6666666666666666,0.09090909090909091,0.21212121212121213,0,0,0,0,0,0
2021,00-0032268,LV,2,2,1,0,1,1,1,15.5,0.5,0,0.5,0.5,0.5,0,0.5,0.5,0,0,1,0,0,0,0,0,0,0,0
2021,00-0032434,CIN,39,39,5,15,3,15,8,5.2727272727272725,0.1282051282051282,0.38461538461538464,0.07692307692307693,0.38461538461538464,0.20512820512820512,0.20588235294117646,0.20588235294117646,0.5882352941176471,0,0.06060606060606061,0.6666666666666666,0.15151515151515152,0.12121212121212122,0,0,0,0,0,0
2021,00-0032496,TEN,1,1,0,0,1,0,0,4,0,0,1,0,0,0,0,0,1,0,0,0,0,0,0,0,0,0,0
2021,00-0032764,TEN,1,1,0,0,0,1,1,5,0,0,0,1,1,0,1,0,0,0,0,0,1,0,0,0,0,0,0
2021,00-0032943,NYG,1,1,0,0,0,1,0,13,0,0,0,1,0,0,0,0,1,0,0,0,0,0,0,0,0,0,0
2021,00-0032950,IND,552,552,96,187,119,210,86,7.62984496124031,0.17391304347826086,0.338768115942029,0.21557971014492755,0.3804347826086957,0.15579710144927536,0.2275449101796407,0.20758483033932135,0.562874251497006,0.001996007984031936,0.056451612903225805,0.6733870967741935,0.0967741935483871,0.17338709677419356,0,0,2.8343139534883726,7.897690763052207,16.472868217054263,-2.1963616762412173
2021,00-0033009,CIN,1,1,0,0,0,1,0,-4,0,0,0,1,0,1,0,0,0,0,1,0,0,0,0,0,0,0,0
2021,00-0033045,DAL,1,1,0,0,1,0,1,-4,0,0,1,0,1,1,0,0,0,0,0,1,0,0,0,0,0,0,0
2021,00-0033077,DAL,631,631,112,240,114,242,112,7.766778523489933,0.1774960380348653,0.3803486529318542,0.18066561014263074,0.38351822503961963,0.1774960380348653,0.18274111675126903,0.20642978003384094,0.6091370558375635,0.001692047377326565,0.07692307692307693,0.6717948717948717,0.07863247863247863,0.17264957264957265,0,0,2.745936241610739,7.973549488054608,15.268456375838927,2.2775533221562085
2021,00-0033106,DET,534,534,78,187,106,196,65,6.3983739837398375,0.14606741573033707,0.350187265917603,0.19850187265917604,0.36704119850187267,0.12172284644194757,0.2457627118644068,0.21822033898305085,0.5338983050847458,0.00211864406779661,0.03648068669527897,0.7188841201716738,0.09656652360515021,0.148068669527897,0,0,2.7730940695296526,6.628758029978586,10.728744939271255,0.9571886233050435
2021,00-0033119,MIA,245,245,38,73,58,93,24,7.568888888888889,0.15510204081632653,0.2979591836734694,0.23673469387755103,0.3795918367346939,0.09795918367346938,0.1834862385321101,0.28440366972477066,0.5321100917431193,0,0.08755760368663594,0.6912442396313364,0.06451612903225806,0.15668202764976957,0,0,2.8299419642857138,7.49405529953917,18.22222222222222,-1.1286234325832751
2021,00-0033275,CAR,74,74,20,20,18,27,11,9.138461538461538,0.2702702702702703,0.2702702702702703,0.24324324324324326,0.36486486486486486,0.14864864864864866,0.25757575757575757,0.07575757575757576,0.6666666666666666,0,0.07692307692307693,0.6461538461538462,0.07692307692307693,0.2,0,0,0,0,0,0
2021,00-0033307,NE,1,1,1,0,0,1,0,22,1,0,0,1,0,0,0,1,0,0,0,0,1,0,0,0,0,0,0
2021,00-0033319,CLE,30,30,6,11,1,17,3,7.1,0.2,0.36666666666666664,0.03333333333333333,0.5666666666666667,0.1,0.3103448275862069,0.2413793103448276,0.4482758620689655,0,0.06896551724137931,0.6896551724137931,0.10344827586206896,0.13793103448275862,0,0,0,0,0,0
2021,00-0033357,NO,143,143,27,51,22,59,17,7.451127819548872,0.1888111888111888,0.35664335664335667,0.15384615384615385,0.4125874125874126,0.11888111888111888,0.2047244094488189,0.18110236220472442,0.6141732283464567,0,0.11811023622047244,0.6771653543307087,0.06299212598425197,0.14173228346456693,0,0,0,0,0,0
2021,00-0033662,DAL,50,50,12,22,4,21,8,9.02127659574468,0.24,0.44,0.08,0.42,0.16,0.19148936170212766,0.2127659574468085,0.5957446808510638,0,0.0851063829787234,0.6595744680851063,0.0425531914893617,0.2127659574468085,0,0,0,0,0,0
2021,00-0033681,NYJ,1,1,0,1,0,0,1,8,0,1,0,0,1,0,0,0,1,0,1,0,0,0,0,0,0,0,0
2021,00-0033733,PHI,2,2,0,0,1,1,2,1,0,0,0.5,0.5,1,0,0.5,0,0.5,0,0.5,0.5,0,0,0,0,0,0,0
2021,00-0033856,TB,1,1,0,0,1,0,0,0,0,0,1,0,0,0,0,1,0,0,1,0,0,0,0,0,0,0,0
2021,00-0033869,BUF,8,8,0,4,2,2,0,5.125,0,0.5,0.25,0.25,0,0.5,0.25,0.25,0,0.125,0.75,0,0.125,0,0,0,0,0,0
2021,00-0033873,KC,688,688,119,250,151,256,117,7.338905775075988,0.17296511627906977,0.3633720930232558,0.2194767441860465,0.37209302325581395,0.17005813953488372,0.1781701444622793,0.2536115569823435,0.5666131621187801,0.0016051364365971107,0.06290322580645161,0.7,0.10806451612903226,0.12903225806451613,0,0,0,0,0,0
2021,00-0033908,LA,1,1,1,0,0,1,0,25,1,0,0,1,0,0,0,1,0,0,0,0,1,0,0,0,0,0,0
2021,00-0033936,JAX,2,2,1,2,0,0,0,13.5,0.5,1,0,0,0,0,1,0,0,0,0,0.5,0.5,0,0,0,0,0,0
2021,00-0034052,CAR,1,1,0,0,0,1,0,13,0,0,0,1,0,1,0,0,0,0,1,0,0,0,0,0,0,0,0
2021,00-0034177,DET,95,95,13,42,19,32,15,6.308510638297872,0.1368421052631579,0.4421052631578947,0.2,0.3368421052631579,0.15789473684210525,0.2,0.12631578947368421,0.6526315789473685,0.021052631578947368,0.043478260869565216,0.6956521739130435,0.11956521739130435,0.14130434782608695,0,0,0,0,0,0
2021,00-0034343,ATL,11,11,3,4,3,4,0,11,0.2727272727272727,0.36363636363636365,0.2727272727272727,0.36363636363636365,0,0,0.3,0.7,0,0.1,0.7,0,0.2,0,0,0,0,0,0
2021,00-0034348,DEN,1,1,1,0,1,0,0,15,1,0,1,0,0,0,1,0,0,0,0,0,1,0,0,0,0,0,0
2021,00-0034401,NYJ,137,137,13,54,32,46,13,5.916666666666667,0.0948905109489051,0.39416058394160586,0.23357664233576642,0.3357664233576642,0.0948905109489051,0.3787878787878788,0.07575757575757576,0.5454545454545454,0,0.061068702290076333,0.7175572519083969,0.06870229007633588,0.15267175572519084,0,0,0,0,0,0
2021,00-0034418,DAL,3,3,3,0,1,2,0,22.333333333333332,1,0,0.3333333333333333,0.6666666666666666,0,0.3333333333333333,0,0.6666666666666666,0,0,0,0,1,0,0,0,0,0,0
2021,00-0034577,WAS,22,22,3,4,8,7,3,7.105263157894737,0.13636363636363635,0.18181818181818182,0.36363636363636365,0.3181818181818182,0.13636363636363635,0.05263157894736842,0.21052631578947367,0.7368421052631579,0,0.1111111111111111,0.7222222222222222,0.05555555555555555,0.1111111111111111,0,0,0,0,0,0
2021,00-0034771,PIT,58,58,7,13,14,30,11,6.315789473684211,0.1206896551724138,0.22413793103448276,0.2413793103448276,0.5172413793103449,0.1896551724137931,0.14285714285714285,0.26785714285714285,0.5892857142857143,0,0.08928571428571429,0.6785714285714286,0.05357142857142857,0.17857142857142858,0,0,0,0,0,0
2021,00-0034775,ARI,1,1,1,0,0,1,0,33,1,0,0,1,0,0,0,1,0,0,0,0,1,0,0,0,0,0,0
2021,00-0034796,BAL,425,425,79,124,121,133,59,9.275590551181102,0.18588235294117647,0.2917647058823529,0.2847058823529412,0.3129411764705882,0.1388235294117647,0.14893617021276595,0.2765957446808511,0.574468085106383,0,0.07547169811320754,0.738544474393531,0.05390835579514825,0.1320754716981132,0,0,0,0,0,0
2021,00-0034829,MIA,1,1,1,0,0,1,0,28,1,0,0,1,0,1,0,0,0,0,0,0,1,0,0,0,0,0,0
2021,00-0034855,CLE,464,464,103,161,72,183,57,8.753588516746412,0.22198275862068967,0.34698275862068967,0.15517241379310345,0.39439655172413796,0.12284482758620689,0.20595533498759305,0.3002481389578164,0.49379652605459057,0,0.0525,0.63,0.095,0.2225,0,0,2.818795673076923,8.649799999999999,16.267942583732058,-4.448730603716015
2021,00-0034857,BUF,675,675,135,274,114,258,135,8.196594427244582,0.2,0.4059259259259259,0.1688888888888889,0.38222222222222224,0.2,0.14910858995137763,0.1312803889789303,0.7179902755267423,0.0016207455429497568,0.052202283849918436,0.6655791190864601,0.06688417618270799,0.21533442088091354,0,0,2.9004891640866877,8.625709624796087,11.455108359133128,-1.4286306825512227
2021,00-0034860,NYG,1,1,0,0,0,1,0,13,0,0,0,1,0,0,0,0,1,0,1,0,0,0,0,0,0,0,0
2021,00-0034869,CAR,442,442,71,164,80,161,48,7.239506172839506,0.16063348416289594,0.37104072398190047,0.18099547511312217,0.36425339366515835,0.1085972850678733,0.24870466321243523,0.15284974093264247,0.5984455958549223,0,0.07272727272727272,0.6649350649350649,0.1012987012987013,0.16103896103896104,0,0,2.876544334975369,7.3625974025974035,13.793103448275861,-4.357857520467249
2021,00-0034899,LA,5,5,1,0,1,3,0,4.75,0.2,0,0.2,0.6,0,0,0,1,0,0,0.75,0.25,0,0,0,0,0,0,0
2021,00-0034955,DEN,2,2,1,1,1,0,0,5.5,0.5,0.5,0.5,0,0,0,0,1,0,0,1,0,0,0,0,0,0,0,0
2021,00-0034960,NE,2,2,1,1,0,1,0,5.5,0.5,0.5,0,0.5,0,0.5,0,0.5,0,0,1,0,0,0,0,0,0,0,0
2021,00-0035040,DET,1,1,0,0,0,0,0,0,0,0,0,0,0,0,0,0,0,0,0,0,0,0,0,0,0,0,0
2021,00-0035156,DET,3,3,0,2,0,1,0,10,0,0.6666666666666666,0,0.3333333333333333,0,0.3333333333333333,0,0.3333333333333333,0.3333333333333333,0,0,0,0,0,0,0,0,0,0
2021,00-0035228,ARI,514,514,102,179,98,204,81,7.948024948024948,0.19844357976653695,0.34824902723735407,0.19066147859922178,0.3968871595330739,0.1575875486381323,0.17926565874730022,0.18142548596112312,0.6393088552915767,0,0.05856832971800434,0.5943600867678959,0.14533622559652928,0.2017353579175705,0,0,0,0,0,0
2021,00-0035289,PHI,66,66,11,21,5,34,8,5.766666666666667,0.16666666666666666,0.3181818181818182,0.07575757575757576,0.5151515151515151,0.12121212121212122,0.2807017543859649,0.22807017543859648,0.49122807017543857,0,0.017543859649122806,0.7017543859649122,0.14035087719298245,0.14035087719298245,0,0,0,0,0,0
2021,00-0035544,DET,1,1,1,0,0,1,0,24,1,0,0,1,0,0,0,1,0,0,0,0,1,0,0,0,0,0,0
2021,00-0035676,TEN,2,2,2,0,0,2,0,21,1,0,0,1,0,0,0,1,0,0,0,0,1,0,0,0,0,0,0
2021,00-0035685,CHI,1,1,0,0,1,0,1,9,0,0,1,0,1,0,1,0,0,0,0,0,1,0,0,0,0,0,0
2021,00-0035689,BUF,1,1,0,0,0,0,1,0,0,0,0,0,1,0,0,0,1,0,0,0,0,0,0,0,0,0,0
2021,00-0035704,DEN,120,120,30,34,23,53,10,9.972972972972974,0.25,0.2833333333333333,0.19166666666666668,0.44166666666666665,0.08333333333333333,0.1559633027522936,0.28440366972477066,0.5596330275229358,0,0.027522935779816515,0.6422018348623854,0.06422018348623854,0.26605504587155965,0,0,0,0,0,0
2021,00-0035710,NYG,384,384,63,109,75,176,46,7.313019390581718,0.1640625,0.2838541666666667,0.1953125,0.4583333333333333,0.11979166666666667,0.16954022988505746,0.21264367816091953,0.6149425287356322,0.0028735632183908046,0.10115606936416185,0.6791907514450867,0.08959537572254335,0.13005780346820808,0,0,2.782413888888889,7.233304597701151,17.72853185595568,0.6926668730468819
2021,00-0035719,SF,2,2,2,0,0,2,1,19.5,1,0,0,1,0.5,0,0,1,0,0,0,0,1,0,0,0,0,0,0
2021,00-0035752,ARI,11,11,0,1,2,6,1,4.222222222222222,0,0.09090909090909091,0.18181818181818182,0.5454545454545454,0.09090909090909091,0.2222222222222222,0.2222222222222222,0.5555555555555556,0,0,0.6666666666666666,0,0.3333333333333333,0,0,0,0,0,0
2021,00-0035859,NO,1,1,0,1,0,0,0,9,0,1,0,0,0,0,0,1,0,0,0,0,0,0,0,0,0,0,0
2021,00-0035864,DEN,1,1,0,0,0,1,1,-5,0,0,0,1,1,0,0,0,1,0,1,0,0,0,0,0,0,0,0
2021,00-0035889,KC,1,1,0,1,0,0,0,11,0,1,0,0,0,0,0,1,0,0,0,0,0,0,0,0,0,0,0
2021,00-0035993,BAL,208,208,31,48,57,80,34,7.524064171122995,0.14903846153846154,0.23076923076923078,0.27403846153846156,0.38461538461538464,0.16346153846153846,0.13114754098360656,0.33879781420765026,0.5300546448087432,0,0.12637362637362637,0.7087912087912088,0.01098901098901099,0.15384615384615385,0,0,2.6177783783783783,7.816538461538462,17.5531914893617,-0.17300153032262244
2021,00-0036197,NYG,66,66,11,24,9,27,5,7.233333333333333,0.16666666666666666,0.36363636363636365,0.13636363636363635,0.4090909090909091,0.07575757575757576,0.1896551724137931,0.20689655172413793,0.603448275862069,0,0.06896551724137931,0.6896551724137931,0.05172413793103448,0.1896551724137931,0,0,0,0,0,0
2021,00-0036212,MIA,410,410,65,176,81,130,59,7.048969072164948,0.15853658536585366,0.4292682926829268,0.1975609756097561,0.3170731707317073,0.14390243902439023,0.14397905759162305,0.29581151832460734,0.5575916230366492,0.002617801047120419,0.12368421052631579,0.6368421052631579,0.06578947368421052,0.1736842105263158,0,0,2.5235167958656333,6.990026315789474,19.329896907216497,1.0112775669711596
2021,00-0036226,IND,5,5,2,2,1,2,0,12.6,0.4,0.4,0.2,0.4,0,0,0.2,0.8,0,0,0.8,0,0.2,0,0,0,0,0,0
2021,00-0036264,GB,66,66,13,28,8,26,11,7.967741935483871,0.19696969696969696,0.42424242424242425,0.12121212121212122,0.3939393939393939,0.16666666666666666,0.13114754098360656,0.14754098360655737,0.7213114754098361,0,0.05,0.65,0.11666666666666667,0.18333333333333332,0,0,0,0,0,0
2021,00-0036275,DET,1,1,0,1,0,0,0,-12,0,1,0,0,0,0,0,0,0,0,0,0,0,0,0,0,0,0,0
2021,00-0036322,MIN,4,4,1,0,0,4,0,9,0.25,0,0,1,0,0.25,0,0.75,0,0,0.75,0,0.25,0,0,0,0,0,0
2021,00-0036355,LAC,710,710,121,253,121,297,126,7.538002980625931,0.1704225352112676,0.3563380281690141,0.1704225352112676,0.4183098591549296,0.17746478873239438,0.2003012048192771,0.21084337349397592,0.588855421686747,0,0.060882800608828,0.6940639269406392,0.076103500761035,0.1689497716894977,0,0,0,0,0,0
2021,00-0036389,PHI,461,461,111,160,40,230,65,8.98611111111111,0.24078091106290672,0.3470715835140998,0.08676789587852494,0.49891540130151846,0.14099783080260303,0.21844660194174756,0.2621359223300971,0.5169902912621359,0.0024271844660194173,0.03676470588235294,0.6593137254901961,0.1323529411764706,0.1715686274509804,0,0,3.122611627906977,9.027726161369193,16.203703703703702,-0.08706341894274061
2021,00-0036442,CIN,573,573,100,169,129,220,69,8.128846153846155,0.17452006980802792,0.2949389179755672,0.225130890052356,0.38394415357766143,0.12041884816753927,0.17716535433070865,0.14960629921259844,0.6732283464566929,0,0.10869565217391304,0.6561264822134387,0.05731225296442688,0.17786561264822134,0,0,2.690293436293436,8.338122529644268,19.423076923076923,6.0812982336546355
2021,00-0036825,ATL,1,1,0,1,0,0,0,2,0,1,0,0,0,0,0,1,0,0,1,0,0,0,0,0,0,0,0
2021,00-0036898,HOU,426,426,73,148,72,172,32,7.281725888324873,0.17136150234741784,0.3474178403755869,0.16901408450704225,0.40375586854460094,0.07511737089201878,0.20052770448548812,0.18469656992084432,0.6147757255936676,0,0.07671957671957672,0.6640211640211641,0.1111111111111111,0.14814814814814814,0,0,2.672637755102041,7.366047745358092,14.213197969543149,0.9097323064080172
2021,00-0036913,NYG,4,4,1,0,0,3,0,17.666666666666668,0.25,0,0,0.75,0,0.3333333333333333,0,0.6666666666666666,0,0,0.6666666666666666,0,0.3333333333333333,0,0,0,0,0,0
2021,00-0036929,NO,28,28,2,8,3,9,0,3.8,0.07142857142857142,0.2857142857142857,0.10714285714285714,0.32142857142857145,0,0.2222222222222222,0.16666666666666666,0.6111111111111112,0,0.05555555555555555,0.8333333333333334,0.05555555555555555,0.05555555555555555,0,0,0,0,0,0
2021,00-0036945,CHI,306,306,61,100,67,101,35,9.796296296296296,0.19934640522875818,0.32679738562091504,0.21895424836601307,0.3300653594771242,0.11437908496732026,0.16475095785440613,0.2681992337164751,0.5670498084291188,0,0.0421455938697318,0.7241379310344828,0.06130268199233716,0.1724137931034483,0,0,2.9120970149253727,9.518275862068966,17.037037037037038,-2.785296644325605
2021,00-0036946,MIN,3,3,0,1,0,2,0,0,0,0.3333333333333333,0,0.6666666666666666,0,0.6666666666666666,0,0.3333333333333333,0,0.3333333333333333,0.6666666666666666,0,0,0,0,0,0,0,0
2021,00-0036971,JAX,639,639,113,253,103,243,65,7.8835274542429286,0.17683881064162754,0.39593114241001565,0.16118935837245696,0.38028169014084506,0.10172143974960876,0.15870307167235495,0.18771331058020477,0.6535836177474402,0,0.06196213425129088,0.6953528399311532,0.08089500860585198,0.16179001721170397,0,0,2.868449081803005,8.055576592082618,13.2890365448505,-5.304218971625318
2021,00-0036972,NE,551,551,98,217,110,193,79,7.980806142034549,0.17785843920145192,0.3938294010889292,0.1996370235934664,0.3502722323049002,0.14337568058076225,0.212890625,0.271484375,0.515625,0,0.041176470588235294,0.6862745098039216,0.1,0.17254901960784313,0,0,2.7075923076923085,8.075176470588236,14.971209213051823,1.120801113417187
2021,00-0037012,SF,75,75,18,26,14,31,8,9.267605633802816,0.24,0.3466666666666667,0.18666666666666668,0.41333333333333333,0.10666666666666667,0.18840579710144928,0.10144927536231885,0.7101449275362319,0,0.08695652173913043,0.6666666666666666,0.028985507246376812,0.21739130434782608,0,0,0,0,0,0
2021,00-0037013,NYJ,430,430,69,160,80,142,51,7.532637075718016,0.16046511627906976,0.37209302325581395,0.18604651162790697,0.3302325581395349,0.1186046511627907,0.1897018970189702,0.14634146341463414,0.6612466124661247,0.0027100271002710027,0.0547945205479452,0.7095890410958904,0.08767123287671233,0.14794520547945206,0,0,2.9997722513089,7.699426229508196,12.793733681462141,-10.699417362325178
2022,00-0019596,TB,761,761,119,282,191,257,114,6.8581173260572985,0.15637319316688567,0.37056504599211565,0.25098554533508544,0.33771353482260186,0.1498028909329829,0.20196353436185133,0.16549789621318373,0.6325385694249649,0,0.07779349363507779,0.6435643564356436,0.10183875530410184,0.1768033946251768,0,0,2.448895890410959,6.987782485875705,14.870395634379264,-1.2073188542425157
2022,00-0022824,ARI,1,1,0,0,0,1,0,0,0,0,0,1,0,0,0,0,1,0,0,0,0,0,0,0,0,0,0
2022,00-0023459,GB,577,577,122,194,144,202,89,7.99815157116451,0.21143847487001732,0.3362218370883882,0.24956672443674177,0.35008665511265163,0.15424610051993068,0.21606118546845124,0.17782026768642448,0.6042065009560229,0.0019120458891013384,0.10597302504816955,0.5741811175337187,0.1001926782273603,0.21965317919075145,0,0,2.6966314814814814,8.006884615384616,15.129151291512915,-1.635582571869847
2022,00-0026143,IND,503,503,46,174,120,166,61,6.0130151843817785,0.09145129224652088,0.34592445328031807,0.23856858846918488,0.33001988071570576,0.12127236580516898,0.2144469525959368,0.18284424379232506,0.6027088036117382,0,0.0979498861047836,0.7129840546697038,0.07061503416856492,0.11845102505694761,0,0,2.686480434782609,6.38867881548975,16.052060737527114,1.5106045574337799
2022,00-0026158,NYJ,201,201,39,67,36,88,26,8.047120418848168,0.19402985074626866,0.3333333333333333,0.1791044776119403,0.43781094527363185,0.12935323383084577,0.25274725274725274,0.1813186813186813,0.5659340659340659,0,0.04945054945054945,0.6758241758241759,0.06593406593406594,0.2087912087912088,0,0,2.7471675392670156,8.168241758241757,15.18324607329843,-4.503763944924813
2022,00-0026197,KC,2,2,0,0,1,1,0,-2,0,0,0.5,0.5,0,0,1,0,0,0,0.5,0.5,0,0,0,0,0,0,0
2022,00-0026300,SF,2,2,0,1,0,1,0,1,0,0.5,0,0.5,0,0,0,1,0,1,0,0,0,0,0,0,0,0,0
2022,00-0026498,LA,332,332,46,113,55,135,46,6.68976897689769,0.13855421686746988,0.34036144578313254,0.16566265060240964,0.4066265060240964,0.13855421686746988,0.11148648648648649,0.2195945945945946,0.668918918918919,0,0.04054054054054054,0.652027027027027,0.14864864864864866,0.15878378378378377,0,0,0,0,0,0
2022,00-0026544,LAC,14,14,1,6,0,6,7,1.4166666666666667,0.07142857142857142,0.42857142857142855,0,0.42857142857142855,0.5,0.38461538461538464,0,0.6153846153846154,0,0,0.5,0.4166666666666667,0.08333333333333333,0,0,0,0,0,0
2022,00-0026625,NE,7,7,1,3,1,2,2,4.666666666666667,0.14285714285714285,0.42857142857142855,0.14285714285714285,0.2857142857142857,0.2857142857142857,0.3333333333333333,0.16666666666666666,0.5,0,0,0.5,0.3333333333333333,0.16666666666666666,0,0,0,0,0,0
2022,00-0027688,ARI,145,145,20,56,27,49,12,6.068181818181818,0.13793103448275862,0.38620689655172413,0.18620689655172415,0.33793103448275863,0.08275862068965517,0.13178294573643412,0.15503875968992248,0.7131782945736435,0,0.05426356589147287,0.689922480620155,0.11627906976744186,0.13953488372093023,0,0,0,0,0,0
2022,00-0027948,TB,8,8,1,4,0,4,2,2.5,0.125,0.5,0,0.5,0.25,0.25,0,0.75,0,0.125,0.375,0.25,0.25,0,0,0,0,0,0
2022,00-0027973,NO,404,404,75,121,75,182,54,7.886243386243386,0.18564356435643564,0.2995049504950495,0.18564356435643564,0.4504950495049505,0.13366336633663367,0.23835616438356164,0.22465753424657534,0.536986301369863,0,0.06593406593406594,0.7115384615384616,0.054945054945054944,0.16758241758241757,0,0,2.6231005291005287,7.8339010989011,15.079365079365079,1.016871858802105
2022,00-0028118,NYG,12,12,2,2,2,4,2,12.375,0.16666666666666666,0.16666666666666666,0.16666666666666666,0.3333333333333333,0.16666666666666666,0.2222222222222222,0.1111111111111111,0.6666666666666666,0,0,0.75,0,0.25,0,0,0,0,0,0
2022,00-0028986,BUF,7,7,2,3,1,3,0,8.142857142857142,0.2857142857142857,0.42857142857142855,0.14285714285714285,0.42857142857142855,0,0,0,1,0,0.14285714285714285,0.42857142857142855,0.14285714285714285,0.2857142857142857,0,0,0,0,0,0
2022,00-0029263,DEN,539,539,122,189,104,189,52,8.82815734989648,0.22634508348794063,0.35064935064935066,0.19294990723562153,0.35064935064935066,0.09647495361781076,0.2571428571428571,0.1956043956043956,0.545054945054945,0.002197802197802198,0.04415011037527594,0.6048565121412803,0.11479028697571744,0.23620309050772628,0,0,2.979948132780083,8.752092511013217,14.906832298136646,-4.244282682412781
2022,00-0029567,IND,50,50,8,16,8,18,3,8.166666666666666,0.16,0.32,0.16,0.36,0.06,0.17073170731707318,0.24390243902439024,0.5853658536585366,0,0.04878048780487805,0.6341463414634146,0.14634146341463414,0.17073170731707318,0,0,0,0,0,0
2022,00-0029604,MIN,693,693,121,261,131,248,119,7.497667185069984,0.1746031746031746,0.37662337662337664,0.18903318903318903,0.3578643578643579,0.1717171717171717,0.13474025974025974,0.23376623376623376,0.6314935064935064,0,0.0457516339869281,0.6977124183006536,0.09967320261437909,0.1568627450980392,0,0,2.8307953124999994,7.682630718954248,14.774494556765164,2.534262076437379
2022,00-0029701,TEN,359,359,59,130,76,118,54,7.814814814814815,0.16434540389972144,0.362116991643454,0.2116991643454039,0.3286908077994429,0.15041782729805014,0.20754716981132076,0.2641509433962264,0.5283018867924528,0,0.056782334384858045,0.722397476340694,0.05993690851735016,0.1608832807570978,0,0,2.734271604938271,7.922996845425865,18.153846153846153,1.8563824708645171
2022,00-0030288,HOU,1,1,0,0,0,1,1,7,0,0,0,1,1,0,1,0,0,0,1,0,0,0,0,0,0,0,0
2022,00-0030565,SEA,620,620,103,209,125,236,86,7.549912434325744,0.16612903225806452,0.3370967741935484,0.20161290322580644,0.38064516129032255,0.13870967741935483,0.15162454873646208,0.24548736462093862,0.6028880866425993,0,0.08152173913043478,0.6648550724637681,0.06702898550724638,0.18659420289855072,0,0,2.8113922942206653,7.969057971014493,13.111888111888112,4.754895337212545
2022,00-0031237,MIA,87,87,19,27,25,27,11,8.91139240506329,0.21839080459770116,0.3103448275862069,0.28735632183908044,0.3103448275862069,0.12643678160919541,0.19736842105263158,0.14473684210526316,0.6578947368421053,0,0.02666666666666667,0.7066666666666667,0.04,0.22666666666666666,0,0,0,0,0,0
2022,00-0031280,LV,532,532,117,186,144,172,62,9.167330677290837,0.2199248120300752,0.34962406015037595,0.2706766917293233,0.3233082706766917,0.11654135338345864,0.1995841995841996,0.17671517671517672,0.6237006237006237,0,0.027196652719665274,0.6694560669456067,0.06485355648535565,0.2384937238493724,0,0,2.926735059760956,9.284937238493724,18.92430278884462,-0.8009692453649322
2022,00-0031345,SF,326,326,47,116,79,113,47,6.896103896103896,0.1441717791411043,0.3558282208588957,0.24233128834355827,0.34662576687116564,0.1441717791411043,0.20588235294117646,0.1895424836601307,0.6045751633986928,0,0.0915032679738562,0.6241830065359477,0.1437908496732026,0.14052287581699346,0,0,2.657233766233766,6.836633986928105,13.96103896103896,-2.543063149727004
2022,00-0031381,LV,1,1,0,0,0,0,0,0,0,0,0,0,0,0,0,0,0,0,0,0,0,0,0,0,0,0,0
2022,00-0031503,NO,127,127,32,36,18,59,16,11.434782608695652,0.25196850393700787,0.28346456692913385,0.14173228346456693,0.4645669291338583,0.12598425196850394,0.15178571428571427,0.14285714285714285,0.7053571428571429,0,0.05405405405405406,0.6126126126126126,0.08108108108108109,0.25225225225225223,0,0,0,0,0,0
2022,00-0031544,CLE,1,1,1,0,0,1,0,18,1,0,0,1,0,0,0,1,0,0,0,0,1,0,0,0,0,0,0
2022,00-0031800,WAS,278,278,61,80,68,109,37,8.317829457364342,0.21942446043165467,0.28776978417266186,0.2446043165467626,0.3920863309352518,0.13309352517985612,0.20987654320987653,0.1728395061728395,0.6172839506172839,0,0.05761316872427984,0.6872427983539094,0.0823045267489712,0.1728395061728395,0,0,2.9458054474708173,8.974650205761318,16.216216216216218,1.6087189338324563
2022,00-0032156,CHI,28,28,5,12,4,10,4,6.576923076923077,0.17857142857142858,0.42857142857142855,0.14285714285714285,0.35714285714285715,0.14285714285714285,0.24,0.28,0.48,0,0.04,0.56,0.2,0.2,0,0,0,0,0,0
2022,00-0032208,HOU,1,1,0,0,0,1,0,12,0,0,0,1,0,0,0,0,0,0,0,0,0,0,0,0,0,0,0
2022,00-0032268,ATL,330,330,75,113,74,109,39,10.31,0.22727272727272727,0.3424242424242424,0.22424242424242424,0.3303030303030303,0.11818181818181818,0.13356164383561644,0.2910958904109589,0.5753424657534246,0,0.08620689655172414,0.593103448275862,0.11379310344827587,0.20689655172413793,0,0,2.9343716216216214,10.231344827586208,17.333333333333336,-1.79150900493066
2022,00-0032434,CIN,4,4,0,2,0,1,0,3.3333333333333335,0,0.5,0,0.25,0,0,0.3333333333333333,0.6666666666666666,0,0,0.3333333333333333,0.3333333333333333,0.3333333333333333,0,0,0,0,0,0
2022,00-0032436,HOU,22,22,1,2,2,16,5,2.25,0.045454545454545456,0.09090909090909091,0.09090909090909091,0.7272727272727273,0.22727272727272727,0.05263157894736842,0.15789473684210525,0.7894736842105263,0,0.15789473684210525,0.47368421052631576,0.3157894736842105,0.05263157894736842,0,0,0,0,0,0
2022,00-0032764,TEN,2,2,0,0,2,0,1,-0.5,0,0,1,0,0.5,0,0.5,0.5,0,0,0.5,0,0.5,0,0,0,0,0,0
2022,00-0032792,DET,1,1,0,0,0,0,1,0,0,0,0,0,1,0,0,0,0,0,0,0,0,0,0,0,0,0,0
2022,00-0032943,LA,2,2,0,0,1,1,0,5,0,0,0.5,0.5,0,0,0,0.5,0.5,0,0,0,0,0,0,0,0,0,0
2022,00-0032950,WAS,309,309,58,86,71,119,42,7.778985507246377,0.18770226537216828,0.2783171521035599,0.2297734627831715,0.3851132686084142,0.13592233009708737,0.2509090909090909,0.19272727272727272,0.5563636363636364,0,0.03333333333333333,0.674074074074074,0.11481481481481481,0.17777777777777778,0,0,2.5987934782608693,7.897777777777778,17.02898550724638,-3.4436936051571365
2022,00-0033009,CIN,2,2,1,0,0,1,1,21,0.5,0,0,0.5,0.5,0,0,1,0,0,0,0,1,0,0,0,0,0,0
2022,00-0033077,DAL,414,414,74,145,102,147,61,8.180203045685278,0.178743961352657,0.3502415458937198,0.2463768115942029,0.35507246376811596,0.1473429951690821,0.15721649484536082,0.2551546391752577,0.5876288659793815,0,0.09536082474226804,0.6494845360824743,0.06701030927835051,0.18814432989690721,0,0,2.7212588832487308,8.331958762886597,19.796954314720814,1.611583914399759
2022,00-0033106,DET,611,611,101,228,121,237,95,7.034071550255536,0.16530278232405893,0.37315875613747956,0.19803600654664485,0.3878887070376432,0.15548281505728315,0.2113676731793961,0.1669626998223801,0.6181172291296625,0.003552397868561279,0.048214285714285716,0.7285714285714285,0.07857142857142857,0.14464285714285716,0,0,2.7519488054607515,7.177953736654804,12.776831345826235,-2.0593254431904597
2022,00-0033119,CLE,395,395,83,127,70,169,51,8.752717391304348,0.21012658227848102,0.32151898734177214,0.17721518987341772,0.4278481012658228,0.1291139240506329,0.15864022662889518,0.2719546742209632,0.5694050991501416,0,0.07122507122507123,0.6524216524216524,0.07407407407407407,0.2022792022792023,0,0,2.8896174863387976,9.1334375,15.989159891598916,3.3054387618391416
2022,00-0033275,CAR,113,113,29,43,11,52,3,7.89622641509434,0.25663716814159293,0.3805309734513274,0.09734513274336283,0.46017699115044247,0.02654867256637168,0.17142857142857143,0.17142857142857143,0.6571428571428571,0,0.047619047619047616,0.5047619047619047,0.19047619047619047,0.2571428571428571,0,0,0,0,0,0
2022,00-0033280,SF,1,1,1,0,0,1,0,31,1,0,0,1,0,0,0,1,0,0,0,0,1,0,0,0,0,0,0
2022,00-0033319,MIN,25,25,4,10,7,8,3,6.8,0.16,0.4,0.28,0.32,0.12,0.16,0.12,0.72,0,0.04,0.56,0.24,0.16,0,0,0,0,0,0
2022,00-0033357,NO,21,21,7,3,5,11,2,13.368421052631579,0.3333333333333333,0.14285714285714285,0.23809523809523808,0.5238095238095238,0.09523809523809523,0.16666666666666666,0.2222222222222222,0.6111111111111112,0,0,0.3888888888888889,0.1111111111111111,0.5,0,0,0,0,0,0
2022,00-0033537,CLE,190,190,33,75,39,54,34,7.141176470588236,0.1736842105263158,0.39473684210526316,0.20526315789473684,0.28421052631578947,0.17894736842105263,0.2064516129032258,0.24516129032258063,0.5419354838709678,0.0064516129032258064,0.07142857142857142,0.6883116883116883,0.07142857142857142,0.16883116883116883,0,0,3.27127380952381,7.3583974358974364,13.529411764705882,-3.3080613722695986
2022,00-0033550,NYG,41,41,4,14,8,18,4,5.1,0.0975609756097561,0.34146341463414637,0.1951219512195122,0.43902439024390244,0.0975609756097561,0.28205128205128205,0.358974358974359,0.358974358974359,0,0.05263157894736842,0.868421052631579,0.02631578947368421,0.05263157894736842,0,0,0,0,0,0
2022,00-0033555,LV,1,1,0,1,0,0,0,-6,0,1,0,0,0,1,0,0,0,0,0,1,0,0,0,0,0,0,0
2022,00-0033662,DAL,169,169,31,57,31,73,19,7.697530864197531,0.1834319526627219,0.33727810650887574,0.1834319526627219,0.4319526627218935,0.11242603550295859,0.15286624203821655,0.19745222929936307,0.6496815286624203,0,0.06369426751592357,0.7197452229299363,0.05732484076433121,0.1592356687898089,0,0,2.569223602484472,8.22076433121019,20.37037037037037,-5.179641555091202
2022,00-0033856,TB,1,1,1,1,0,0,0,16,1,1,0,0,0,0,0,0,1,0,0,0,1,0,0,0,0,0,0
2022,00-0033869,PIT,192,192,44,64,38,77,14,9.744444444444444,0.22916666666666666,0.3333333333333333,0.19791666666666666,0.4010416666666667,0.07291666666666667,0.14606741573033707,0.20224719101123595,0.651685393258427,0,0.06779661016949153,0.6779661016949152,0.02824858757062147,0.22598870056497175,0,0,2.760055865921788,9.733932584269661,24.444444444444443,5.427664735664926
2022,00-0033873,KC,677,677,110,248,127,273,131,7.276234567901234,0.16248153618906944,0.3663220088626292,0.18759231905465287,0.4032496307237814,0.1935007385524372,0.18403908794788273,0.3241042345276873,0.49022801302931596,0.0016286644951140066,0.04918032786885246,0.6819672131147541,0.11147540983606558,0.15737704918032788,0,0,2.8926805555555553,7.458756137479542,10.185185185185185,-0.6843539644722512
2022,00-0033893,MIN,1,1,0,0,0,0,1,0,0,0,0,0,1,0,0,0,0,0,0,0,0,0,0,0,0,0,0
2022,00-0033908,LA,1,1,1,0,0,1,0,25,1,0,0,1,0,1,0,0,0,0,1,0,0,0,0,0,0,0,0
2022,00-0033936,JAX,12,12,1,5,2,4,0,5.181818181818182,0.08333333333333333,0.4166666666666667,0.16666666666666666,0.3333333333333333,0,0.2727272727272727,0.18181818181818182,0.5454545454545454,0,0,0.9090909090909091,0,0.09090909090909091,0,0,0,0,0,0
2022,00-0033949,TEN,74,74,11,17,13,38,6,7.911764705882353,0.14864864864864866,0.22972972972972974,0.17567567567567569,0.5135135135135135,0.08108108108108109,0.15384615384615385,0.3076923076923077,0.5384615384615384,0,0.06153846153846154,0.676923076923077,0.12307692307692308,0.13846153846153847,0,0,0,0,0,0
2022,00-0033958,CHI,26,26,7,11,5,8,1,10.6,0.2692307692307692,0.4230769230769231,0.19230769230769232,0.3076923076923077,0.038461538461538464,0.13043478260869565,0.30434782608695654,0.5652173913043478,0,0.13043478260869565,0.5652173913043478,0.08695652173913043,0.21739130434782608,0,0,0,0,0,0
2022,00-0034177,CHI,9,9,3,4,0,4,1,12.625,0.3333333333333333,0.4444444444444444,0,0.4444444444444444,0.1111111111111111,0.1111111111111111,0.3333333333333333,0.5555555555555556,0,0,0.625,0.125,0.25,0,0,0,0,0,0
2022,00-0034401,NYJ,184,184,37,58,35,82,25,7.445714285714286,0.20108695652173914,0.31521739130434784,0.19021739130434784,0.44565217391304346,0.1358695652173913,0.22485207100591717,0.21301775147928995,0.5621301775147929,0,0.08284023668639054,0.6686390532544378,0.05917159763313609,0.1893491124260355,0,0,2.803314285714286,7.594733727810652,20.57142857142857,-3.2265164788280245
2022,00-0034418,MIA,1,1,0,0,0,0,0,0,0,0,0,0,0,0,0,0,0,0,0,0,0,0,0,0,0,0,0
2022,00-0034419,NYJ,1,1,0,0,0,1,1,2,0,0,0,1,1,0,0,0,1,0,1,0,0,0,0,0,0,0,0
2022,00-0034577,HOU,85,85,17,30,15,33,11,7.17948717948718,0.2,0.35294117647058826,0.17647058823529413,0.38823529411764707,0.12941176470588237,0.22077922077922077,0.3116883116883117,0.45454545454545453,0.012987012987012988,0.06666666666666667,0.6533333333333333,0.12,0.16,0,0,0,0,0,0
2022,00-0034775,JAX,1,1,0,0,0,1,0,1,0,0,0,1,0,1,0,0,0,0,0,1,0,0,0,0,0,0,0
2022,00-0034796,BAL,353,353,62,94,97,133,60,8.447852760736197,0.17563739376770537,0.26628895184135976,0.2747875354107649,0.37677053824362605,0.16997167138810199,0.14790996784565916,0.42443729903536975,0.42765273311897106,0,0.0935483870967742,0.6548387096774193,0.07096774193548387,0.18064516129032257,0,0,2.9992769230769225,8.79348387096774,11.349693251533742,-2.4456050464072234
2022,00-0034855,CAR,226,226,36,71,42,93,21,6.436893203883495,0.1592920353982301,0.3141592920353982,0.18584070796460178,0.41150442477876104,0.09292035398230089,0.24623115577889448,0.1708542713567839,0.5829145728643216,0,0.06565656565656566,0.6868686868686869,0.08585858585858586,0.16161616161616163,0,0,0,0,0,0
2022,00-0034855,LA,146,146,27,52,18,58,17,7.364341085271318,0.18493150684931506,0.3561643835616438,0.1232876712328767,0.3972602739726027,0.11643835616438356,0.14516129032258066,0.2903225806451613,0.5645161290322581,0,0.016129032258064516,0.7580645161290323,0.08870967741935484,0.13709677419354838,0,0,0,0,0,0
2022,00-0034857,BUF,601,601,147,221,117,228,98,9.222222222222221,0.24459234608985025,0.36772046589018303,0.194675540765391,0.3793677204658902,0.16306156405990016,0.2036697247706422,0.14128440366972478,0.655045871559633,0,0.10110294117647059,0.6305147058823529,0.05698529411764706,0.2113970588235294,0,0,2.871190812720848,9.40659926470588,12.345679012345679,-1.370469425234944
2022,00-0034869,CAR,150,150,36,50,19,68,24,8.128571428571428,0.24,0.3333333333333333,0.12666666666666668,0.4533333333333333,0.16,0.13445378151260504,0.21008403361344538,0.6554621848739496,0,0.008403361344537815,0.680672268907563,0.10084033613445378,0.21008403361344538,0,0,3.2368905109489052,9.097983193277312,15,2.412018914307872
2022,00-0034899,LA,69,69,16,22,14,26,8,8.129032258064516,0.2318840579710145,0.3188405797101449,0.2028985507246377,0.37681159420289856,0.11594202898550725,0.11475409836065574,0.2459016393442623,0.639344262295082,0,0.01639344262295082,0.7540983606557377,0.04918032786885246,0.18032786885245902,0,0,0,0,0,0
2022,00-0034955,DEN,96,96,19,36,15,37,5,8.340909090909092,0.19791666666666666,0.375,0.15625,0.3854166666666667,0.052083333333333336,0.19540229885057472,0.2413793103448276,0.5632183908045977,0,0.034482758620689655,0.6666666666666666,0.11494252873563218,0.1839080459770115,0,0,0,0,0,0
2022,00-0035040,ARI,63,63,14,25,10,23,6,8.293103448275861,0.2222222222222222,0.3968253968253968,0.15873015873015872,0.36507936507936506,0.09523809523809523,0.16071428571428573,0.21428571428571427,0.625,0,0.017857142857142856,0.7321428571428571,0.07142857142857142,0.17857142857142858,0,0,0,0,0,0
2022,00-0035042,NYG,1,1,0,0,0,0,0,0,0,0,0,0,0,0,0,0,0,0,0,0,0,0,0,0,0,0,0
2022,00-0035146,ARI,87,87,17,31,15,36,5,7.759036144578313,0.19540229885057472,0.3563218390804598,0.1724137931034483,0.41379310344827586,0.05747126436781609,0.19230769230769232,0.14102564102564102,0.6666666666666666,0,0.025974025974025976,0.6623376623376623,0.09090909090909091,0.22077922077922077,0,0,0,0,0,0
2022,00-0035156,DET,1,1,0,1,0,0,0,6,0,1,0,0,0,0,0,1,0,0,0,0,0,0,0,0,0,0,0
2022,00-0035228,ARI,421,421,70,166,69,152,54,6.866666666666666,0.166270783847981,0.39429928741092635,0.16389548693586697,0.36104513064133015,0.12826603325415678,0.1883289124668435,0.20424403183023873,0.6074270557029178,0,0.06989247311827956,0.6344086021505376,0.15053763440860216,0.14516129032258066,0,0,2.6532687338501297,6.6745430107526875,12.82051282051282,-1.1423431279567495
2022,00-0035264,LV,90,90,22,31,17,35,17,9.19277108433735,0.24444444444444444,0.34444444444444444,0.18888888888888888,0.3888888888888889,0.18888888888888888,0.17721518987341772,0.21518987341772153,0.6075949367088608,0,0.05063291139240506,0.6455696202531646,0.06329113924050633,0.24050632911392406,0,0,0,0,0,0
2022,00-0035289,PHI,82,82,20,32,13,30,6,9.43421052631579,0.24390243902439024,0.3902439024390244,0.15853658536585366,0.36585365853658536,0.07317073170731707,0.11428571428571428,0.14285714285714285,0.7428571428571429,0,0.15714285714285714,0.5857142857142857,0.05714285714285714,0.2,0,0,0,0,0,0
2022,00-0035710,NYG,519,519,64,155,115,197,48,6.421610169491525,0.1233140655105973,0.29865125240847784,0.22157996146435452,0.37957610789980734,0.09248554913294797,0.21748878923766815,0.15695067264573992,0.625560538116592,0,0.05191873589164785,0.8103837471783296,0.06320541760722348,0.0744920993227991,0,0,2.8993297644539617,6.333182844243792,13.771186440677965,1.951133717893299
2022,00-0035752,NYJ,15,15,2,8,4,3,1,8.733333333333333,0.13333333333333333,0.5333333333333333,0.26666666666666666,0.2,0.06666666666666667,0.2,0.13333333333333333,0.6666666666666666,0,0.06666666666666667,0.8,0,0.13333333333333333,0,0,0,0,0,0
2022,00-0035889,KC,1,1,0,1,0,0,0,1,0,1,0,0,0,0,1,0,0,0,0,0,0,0,0,0,0,0,0
2022,00-0035939,LA,40,40,6,13,4,16,5,5.764705882352941,0.15,0.325,0.1,0.4,0.125,0.12121212121212122,0.15151515151515152,0.7272727272727273,0,0.030303030303030304,0.7878787878787878,0.06060606060606061,0.12121212121212122,0,0,0,0,0,0
2022,00-0035993,BAL,119,119,15,42,19,49,17,7.410714285714286,0.12605042016806722,0.35294117647058826,0.15966386554621848,0.4117647058823529,0.14285714285714285,0.102803738317757,0.48598130841121495,0.411214953271028,0,0.07476635514018691,0.7570093457943925,0.06542056074766354,0.102803738317757,0,0,0,0,0,0
2022,00-0036133,BAL,1,1,1,0,0,1,0,29,1,0,0,1,0,1,0,0,0,0,0,0,1,0,0,0,0,0,0
2022,00-0036145,NYG,1,1,0,0,0,0,1,0,0,0,0,0,1,0,0,0,0,0,0,0,0,0,0,0,0,0,0
2022,00-0036212,MIA,422,422,103,144,121,134,55,9.5825,0.24407582938388625,0.3412322274881517,0.28672985781990523,0.3175355450236967,0.13033175355450238,0.18041237113402062,0.1134020618556701,0.7061855670103093,0,0.07751937984496124,0.5788113695090439,0.056847545219638244,0.2868217054263566,0,0,2.5983483709273183,9.607364341085272,14.499999999999998,-1.246526231057942
2022,00-0036226,CAR,5,5,0,2,0,3,4,4,0,0.4,0,0.6,0.8,0.4,0,0.6,0,0,0.8,0,0.2,0,0,0,0,0,0
2022,00-0036264,GB,21,21,3,7,9,4,1,7.190476190476191,0.14285714285714285,0.3333333333333333,0.42857142857142855,0.19047619047619047,0.047619047619047616,0.2,0.2,0.6,0,0.25,0.4,0.1,0.25,0,0,0,0,0,0
2022,00-0036313,NYJ,2,2,0,0,0,2,1,1,0,0,0,1,0.5,0,0,1,0,0,0,0,0,0,0,0,0,0,0
2022,00-0036322,MIN,2,2,0,0,0,2,0,1.5,0,0,0,1,0,0.5,0,0.5,0,0,0.5,0,0.5,0,0,0,0,0,0
2022,00-0036326,PIT,1,1,0,1,0,0,1,1,0,1,0,0,1,1,0,0,0,0,1,0,0,0,0,0,0,0,0
2022,00-0036355,LAC,738,738,117,271,108,318,110,6.443490701001431,0.15853658536585366,0.36720867208672087,0.14634146341463414,0.43089430894308944,0.14905149051490515,0.2559171597633136,0.1878698224852071,0.5532544378698225,0.0029585798816568047,0.0237741456166419,0.7161961367013373,0.09212481426448738,0.16790490341753342,0,0,2.862355810616929,6.664053254437869,14.592274678111588,1.908356272408966
2022,00-0036358,DAL,1,1,0,0,0,0,1,0,0,0,0,0,1,0,0,1,0,0,0,0,0,0,0,0,0,0,0
2022,00-0036389,PHI,499,499,94,195,81,184,60,8.097826086956522,0.18837675350701402,0.3907815631262525,0.1623246492985972,0.3687374749498998,0.12024048096192384,0.12155963302752294,0.19036697247706422,0.6880733944954128,0,0.09425287356321839,0.5862068965517241,0.13793103448275862,0.18160919540229886,0,0,2.7551260869565217,8.311382488479262,14.782608695652174,2.392000760883093
2022,00-0036425,SEA,1,1,0,0,0,1,1,8,0,0,0,1,1,0,0,1,0,0,0,0,1,0,0,0,0,0,0
2022,00-0036442,CIN,652,652,96,208,132,265,104,6.8349834983498345,0.147239263803681,0.31901840490797545,0.20245398773006135,0.40644171779141103,0.15950920245398773,0.2235294117647059,0.15294117647058825,0.6235294117647059,0,0.08135593220338982,0.6610169491525424,0.07457627118644068,0.18305084745762712,0,0,2.549519008264463,7.190661016949154,15.676567656765677,2.8439039807065853
2022,00-0036879,IND,115,115,16,41,25,35,17,7.148514851485149,0.1391304347826087,0.3565217391304348,0.21739130434782608,0.30434782608695654,0.14782608695652175,0.23232323232323232,0.1717171717171717,0.5959595959595959,0,0.030303030303030304,0.696969696969697,0.10101010101010101,0.1717171717171717,0,0,0,0,0,0
2022,00-0036893,PIT,1,1,0,0,1,0,1,-4,0,0,1,0,1,0,0,1,0,0,1,0,0,0,0,0,0,0,0
2022,00-0036898,HOU,512,512,109,196,90,192,63,7.811715481171548,0.212890625,0.3828125,0.17578125,0.375,0.123046875,0.24516129032258063,0.22580645161290322,0.5268817204301075,0.002150537634408602,0.04535637149028078,0.6220302375809935,0.12311015118790497,0.20950323974082075,0,0,2.782920502092051,7.876745689655172,15.24008350730689,-2.662101870165486
2022,00-0036900,CIN,1,1,0,0,0,0,0,0,0,0,0,0,0,0,0,0,0,0,0,0,0,0,0,0,0,0,0
2022,00-0036928,TB,9,9,3,3,1,5,0,11,0.3333333333333333,0.3333333333333333,0.1111111111111111,0.5555555555555556,0,0.125,0,0.875,0,0.125,0.5,0,0.375,0,0,0,0,0,0
2022,00-0036945,CHI,377,377,77,124,58,136,45,9.084905660377359,0.20424403183023873,0.32891246684350134,0.15384615384615385,0.36074270557029176,0.11936339522546419,0.16993464052287582,0.24836601307189543,0.5816993464052288,0,0.0297029702970297,0.6336633663366337,0.16831683168316833,0.16831683168316833,0,0,3.1218616352201254,8.94384868421053,9.119496855345911,-5.547639708263134
2022,00-0036971,JAX,617,617,111,206,120,256,93,7.365351629502573,0.17990275526742303,0.3338735818476499,0.19448946515397084,0.41491085899513774,0.1507293354943274,0.13732394366197184,0.21830985915492956,0.6443661971830986,0,0.033807829181494664,0.6690391459074733,0.11743772241992882,0.1797153024911032,0,0,2.5876151202749136,7.4547069271758435,10.616438356164384,-0.6430991226807237
2022,00-0036972,NE,480,480,96,173,103,164,51,7.82579185520362,0.2,0.36041666666666666,0.21458333333333332,0.3416666666666667,0.10625,0.2336448598130841,0.17757009345794392,0.5794392523364486,0.009345794392523364,0.054245283018867926,0.6061320754716981,0.14150943396226415,0.19811320754716982,0,0,2.6939522727272727,7.791132075471698,13.800904977375566,-1.8061731685834417
2022,00-0037012,SF,33,33,5,11,11,9,2,6.774193548387097,0.15151515151515152,0.3333333333333333,0.3333333333333333,0.2727272727272727,0.06060606060606061,0.1724137931034483,0.13793103448275862,0.6896551724137931,0,0.13793103448275862,0.5862068965517241,0.13793103448275862,0.13793103448275862,0,0,0,0,0,0
2022,00-0037013,NYJ,265,265,56,75,53,114,21,9.045454545454545,0.21132075471698114,0.2830188679245283,0.2,0.43018867924528303,0.07924528301886792,0.17727272727272728,0.20909090909090908,0.6136363636363636,0,0.08636363636363636,0.5727272727272728,0.12727272727272726,0.21363636363636362,0,0,3.126942148760331,9.19518018018018,15.702479338842975,-6.197210346648767
2022,00-0037077,WAS,22,22,2,2,6,11,6,8.421052631578947,0.09090909090909091,0.09090909090909091,0.2727272727272727,0.5,0.2727272727272727,0.16666666666666666,0.16666666666666666,0.6666666666666666,0,0.16666666666666666,0.6111111111111112,0.1111111111111111,0.1111111111111111,0,0,0,0,0,0
2022,00-0037175,BAL,54,54,9,14,18,15,6,8.183673469387756,0.16666666666666666,0.25925925925925924,0.3333333333333333,0.2777777777777778,0.1111111111111111,0.10638297872340426,0.44680851063829785,0.44680851063829785,0,0.14893617021276595,0.6170212765957447,0.0425531914893617,0.19148936170212766,0,0,0,0,0,0
2022,00-0037327,MIA,111,111,15,37,18,50,9,7.457142857142857,0.13513513513513514,0.3333333333333333,0.16216216216216217,0.45045045045045046,0.08108108108108109,0.28,0.21,0.51,0,0.02,0.7,0.11,0.17,0,0,0,0,0,0
2022,00-0037500,MIN,2,2,0,1,0,1,0,10.5,0,0.5,0,0.5,0,0,0,1,0,0,0,0,0,0,0,0,0,0,0
2022,00-0037740,NYJ,1,1,0,0,0,1,0,9,0,0,0,1,0,0,0,0,0,0,0,0,0,0,0,0,0,0,0
2022,00-0037834,SF,181,181,28,72,43,55,24,6.570588235294117,0.15469613259668508,0.39779005524861877,0.23756906077348067,0.30386740331491713,0.13259668508287292,0.25301204819277107,0.21686746987951808,0.5301204819277109,0,0.10843373493975904,0.6746987951807228,0.08433734939759036,0.13253012048192772,0,0,2.836564705882353,6.718795180722893,9.411764705882353,-2.131461238159872
2022,00-0038102,PIT,418,418,69,157,76,155,61,7.6015424164524426,0.16507177033492823,0.37559808612440193,0.18181818181818182,0.3708133971291866,0.145933014354067,0.22911051212938005,0.22911051212938005,0.5417789757412399,0,0.04607046070460705,0.7154471544715447,0.051490514905149054,0.18699186991869918,0,0,2.9818067010309277,7.805081081081082,15.424164524421593,-0.5548743176774309
2022,00-0038108,NE,98,98,16,35,7,50,11,6.782608695652174,0.16326530612244897,0.35714285714285715,0.07142857142857142,0.5102040816326531,0.11224489795918367,0.2159090909090909,0.22727272727272727,0.5454545454545454,0.011363636363636364,0.10344827586206896,0.5862068965517241,0.14942528735632185,0.16091954022988506,0,0,0,0,0,0
2022,00-0038122,ATL,124,124,19,43,29,43,19,8.173913043478262,0.1532258064516129,0.3467741935483871,0.23387096774193547,0.3467741935483871,0.1532258064516129,0.24545454545454545,0.19090909090909092,0.5636363636363636,0,0.05454545454545454,0.6272727272727273,0.12727272727272726,0.19090909090909092,0,0,0,0,0,0
2022,00-0038128,TEN,71,71,14,21,11,29,5,8.163934426229508,0.19718309859154928,0.29577464788732394,0.15492957746478872,0.4084507042253521,0.07042253521126761,0.17307692307692307,0.34615384615384615,0.4807692307692308,0,0.09615384615384616,0.6346153846153846,0.057692307692307696,0.21153846153846154,0,0,0,0,0,0
2023,00-0023459,NYJ,2,2,1,0,0,1,0,17,0.5,0,0,0.5,0,0,0,0,0,0,0,0,0,0,0,0,0,0,0
2023,00-0026158,CLE,213,213,56,89,27,88,28,9.362745098039216,0.26291079812206575,0.41784037558685444,0.1267605633802817,0.4131455399061033,0.13145539906103287,0.1414141414141414,0.30808080808080807,0.5505050505050505,0,0.23076923076923078,0,0.14871794871794872,0.18974358974358974,0.2153846153846154,0.2153846153846154,3.013539215686275,9.254568527918781,19.11764705882353,-1.0432828628622488
2023,00-0026498,LA,554,554,115,205,112,201,89,7.74088291746641,0.2075812274368231,0.3700361010830325,0.20216606498194944,0.3628158844765343,0.16064981949458484,0.12877263581488935,0.15694164989939638,0.7142857142857143,0,0.25925925925925924,0,0.1440329218106996,0.1934156378600823,0.257201646090535,0.14609053497942387,0,0,0,0
2023,00-0026625,LV,43,43,7,20,13,9,8,8.19047619047619,0.16279069767441862,0.46511627906976744,0.3023255813953488,0.20930232558139536,0.18604651162790697,0.11904761904761904,0.19047619047619047,0.6904761904761905,0,0.24390243902439024,0,0.07317073170731707,0.17073170731707318,0.34146341463414637,0.17073170731707318,0,0,0,0
2023,00-0027114,NYJ,1,1,0,1,0,0,0,10,0,1,0,0,0,0,0,0,1,0,0,0,0,1,0,0,0,0,0
2023,00-0027948,KC,36,36,5,16,6,13,1,5.6571428571428575,0.1388888888888889,0.4444444444444444,0.16666666666666666,0.3611111111111111,0.027777777777777776,0.17647058823529413,0.14705882352941177,0.6764705882352942,0,0.14705882352941177,0,0.2647058823529412,0.14705882352941177,0.2647058823529412,0.17647058823529413,0,0,0,0
2023,00-0027973,CAR,61,61,13,19,6,33,2,8.224137931034482,0.21311475409836064,0.3114754098360656,0.09836065573770492,0.5409836065573771,0.03278688524590164,0.21052631578947367,0.08771929824561403,0.7017543859649122,0,0.21052631578947367,0,0.12280701754385964,0.22807017543859648,0.24561403508771928,0.19298245614035087,0,0,0,0
2023,00-0028118,NYG,198,198,35,60,31,83,19,8.561111111111112,0.17676767676767677,0.30303030303030304,0.15656565656565657,0.41919191919191917,0.09595959595959595,0.19393939393939394,0.24848484848484848,0.5575757575757576,0,0.19631901840490798,0,0.06748466257668712,0.19631901840490798,0.2331288343558282,0.3067484662576687,2.8041724137931032,8.753353658536586,11.11111111111111,1.8974407472544215
2023,00-0028872,CAR,1,1,0,0,0,1,0,-4,0,0,0,1,0,0,0,1,0,1,0,0,0,0,0,0,0,0,0
2023,00-0028986,HOU,59,59,13,21,17,15,5,7.113207547169812,0.22033898305084745,0.3559322033898305,0.288135593220339,0.2542372881355932,0.0847457627118644,0.21568627450980393,0.23529411764705882,0.5490196078431373,0,0.26,0,0.22,0.12,0.3,0.1,0,0,0,0
2023,00-0029263,DEN,495,495,90,171,78,194,87,7.134228187919463,0.18181818181818182,0.34545454545454546,0.15757575757575756,0.39191919191919194,0.17575757575757575,0.3181818181818182,0.1339712918660287,0.5478468899521531,0,0.21307506053268765,0,0.20581113801452786,0.1864406779661017,0.2687651331719128,0.12590799031476999,3.06003611738149,7.4723501199040765,12.304250559284116,1.3374375491934245
2023,00-0029604,MIN,328,328,59,115,63,131,51,7.241157556270096,0.1798780487804878,0.35060975609756095,0.19207317073170732,0.39939024390243905,0.15548780487804878,0.17218543046357615,0.26490066225165565,0.5629139072847682,0,0.3063973063973064,0,0.13131313131313133,0.1447811447811448,0.25252525252525254,0.16498316498316498,2.858812297734628,7.247052980132451,13.826366559485532,4.559056105098165
2023,00-0029692,DAL,1,1,0,0,0,0,1,0,0,0,0,0,1,0,0,0,1,0,0,0,0,1,0,0,0,0,0
2023,00-0029701,TEN,262,262,42,87,45,96,31,7.895652173913043,0.16030534351145037,0.3320610687022901,0.1717557251908397,0.366412213740458,0.1183206106870229,0.21621621621621623,0.2072072072072072,0.5765765765765766,0,0.228310502283105,0,0.1735159817351598,0.2100456621004566,0.2694063926940639,0.1187214611872146,2.6920175438596496,7.8987387387387376,13.91304347826087,0.351014562437058
2023,00-0030279,LAC,2,2,2,0,0,2,0,19.5,1,0,0,1,0,0,0,1,0,0,0,0.5,0.5,0,0,0,0,0,0
2023,00-0030564,TEN,1,1,0,1,0,0,0,-1,0,1,0,0,0,0,0,0,1,0,0,0,1,0,0,0,0,0,0
2023,00-0030565,SEA,532,532,92,219,86,190,75,7.014028056112225,0.17293233082706766,0.4116541353383459,0.16165413533834586,0.35714285714285715,0.14097744360902256,0.16033755274261605,0.17088607594936708,0.6666666666666666,0.002109704641350211,0.2167381974248927,0,0.15236051502145923,0.2017167381974249,0.23819742489270387,0.19098712446351931,2.8358363636363633,7.744173728813561,14.629258517034069,2.202350830095625
2023,00-0031280,NO,581,581,109,193,103,252,75,7.810218978102189,0.18760757314974183,0.33218588640275387,0.17728055077452667,0.43373493975903615,0.12908777969018934,0.2342857142857143,0.22666666666666666,0.539047619047619,0,0.22796934865900384,0,0.14942528735632185,0.18199233716475097,0.2567049808429119,0.1839080459770115,2.6946897810218977,8.037284894837477,14.78102189781022,3.992335620016732
2023,00-0031288,CIN,6,6,0,2,1,2,0,-1.6,0,0.3333333333333333,0.16666666666666666,0.3333333333333333,0,0.6,0.2,0.2,0,0,0,0.4,0,0.4,0.2,0,0,0,0
2023,00-0031345,LV,184,184,36,70,45,53,23,8.071005917159763,0.1956521739130435,0.3804347826086957,0.24456521739130435,0.28804347826086957,0.125,0.24096385542168675,0.12650602409638553,0.6325301204819277,0,0.2962962962962963,0,0.1419753086419753,0.2222222222222222,0.18518518518518517,0.15432098765432098,2.9377440476190477,8.061393939393941,15.976331360946746,-0.9077813542453441
2023,00-0031376,KC,1,1,0,0,1,0,1,-3,0,0,1,0,1,0,0,1,0,1,0,0,0,0,0,0,0,0,0
2023,00-0031503,NO,49,49,16,10,10,27,4,12.97872340425532,0.32653061224489793,0.20408163265306123,0.20408163265306123,0.5510204081632653,0.08163265306122448,0.13333333333333333,0.15555555555555556,0.7111111111111111,0,0.24444444444444444,0,0.06666666666666667,0.3111111111111111,0.2222222222222222,0.15555555555555556,0,0,0,0
2023,00-0031800,ATL,144,144,30,52,21,61,8,8.352941176470589,0.20833333333333334,0.3611111111111111,0.14583333333333334,0.4236111111111111,0.05555555555555555,0.25196850393700787,0.30708661417322836,0.4409448818897638,0,0.23577235772357724,0,0.21138211382113822,0.15447154471544716,0.14634146341463414,0.25203252032520324,2.8820298507462687,8.436953125,13.23529411764706,-8.70852181687951
2023,00-0032156,NYJ,161,161,21,58,33,62,18,5.3202614379084965,0.13043478260869565,0.36024844720496896,0.20496894409937888,0.38509316770186336,0.11180124223602485,0.2916666666666667,0.2152777777777778,0.4930555555555556,0,0.1888111888111888,0,0.13286713286713286,0.18181818181818182,0.3006993006993007,0.1958041958041958,2.526712418300653,5.736319444444444,16.99346405228758,-8.787909432563907
2023,00-0032268,PHI,26,26,5,15,2,6,3,7.739130434782608,0.19230769230769232,0.5769230769230769,0.07692307692307693,0.23076923076923078,0.11538461538461539,0.13043478260869565,0.13043478260869565,0.7391304347826086,0,0.2727272727272727,0,0.13636363636363635,0.2727272727272727,0.22727272727272727,0.09090909090909091,0,0,0,0
2023,00-0032436,CLE,29,29,7,11,2,13,0,8.923076923076923,0.2413793103448276,0.3793103448275862,0.06896551724137931,0.4482758620689655,0,0.2,0.24,0.56,0,0.2,0,0.12,0.2,0.36,0.12,0,0,0,0
2023,00-0032764,TEN,3,3,0,0,1,2,3,9,0,0,0.3333333333333333,0.6666666666666666,1,0,0.6666666666666666,0.3333333333333333,0,0,0,0,1,0,0,0,0,0,0
2023,00-0032950,LA,27,27,4,10,4,10,4,6.625,0.14814814814814814,0.37037037037037035,0.14814814814814814,0.37037037037037035,0.14814814814814814,0.041666666666666664,0.2916666666666667,0.6666666666666666,0,0.20833333333333334,0,0.125,0.125,0.25,0.2916666666666667,0,0,0,0
2023,00-0033009,CIN,1,1,0,0,0,1,0,-8,0,0,0,1,0,1,0,0,0,0,0,1,0,0,0,0,0,0,0
2023,00-0033077,DAL,631,631,117,218,104,268,119,7.761016949152542,0.18541996830427893,0.34548335974643424,0.1648177496038035,0.4247226624405705,0.18858954041204437,0.1646655231560892,0.21269296740994853,0.6226415094339622,0,0.2326388888888889,0,0.11805555555555555,0.1892361111111111,0.3072916666666667,0.1527777777777778,2.7137779661016945,7.924258620689656,18.305084745762713,4.6566804460549776
2023,00-0033106,DET,640,640,91,236,151,214,90,6.728476821192053,0.1421875,0.36875,0.2359375,0.334375,0.140625,0.1782006920415225,0.24048442906574394,0.5778546712802768,0.0034602076124567475,0.36952714535901926,0,0.159369527145359,0.10332749562171628,0.22942206654991243,0.138353765323993,2.7206905158069885,7.008586387434555,12.892561983471074,1.0573786281603361
2023,00-0033119,WAS,23,23,5,7,5,11,8,7.739130434782608,0.21739130434782608,0.30434782608695654,0.21739130434782608,0.4782608695652174,0.34782608695652173,0.09090909090909091,0.3181818181818182,0.5909090909090909,0,0.2727272727272727,0,0.13636363636363635,0.18181818181818182,0.13636363636363635,0.2727272727272727,0,0,0,0
2023,00-0033275,CLE,122,122,25,45,15,50,12,8.126126126126126,0.20491803278688525,0.36885245901639346,0.12295081967213115,0.4098360655737705,0.09836065573770492,0.14285714285714285,0.26666666666666666,0.5904761904761905,0,0.24752475247524752,0,0.15841584158415842,0.15841584158415842,0.24752475247524752,0.18811881188118812,0,0,0,0
2023,00-0033319,MIN,160,160,37,60,33,54,18,9.324324324324325,0.23125,0.375,0.20625,0.3375,0.1125,0.09090909090909091,0.2727272727272727,0.6363636363636364,0,0.26618705035971224,0,0.10071942446043165,0.2014388489208633,0.2733812949640288,0.15827338129496402,3.065013605442177,9.784722222222221,16.89189189189189,5.405573365656103
2023,00-0033357,NO,13,13,2,3,1,7,3,11.454545454545455,0.15384615384615385,0.23076923076923078,0.07692307692307693,0.5384615384615384,0.23076923076923078,0,0.45454545454545453,0.5454545454545454,0,0.1,0,0.1,0.2,0.4,0.2,0,0,0,0
2023,00-0033537,CLE,188,188,43,69,28,73,22,9.31578947368421,0.22872340425531915,0.3670212765957447,0.14893617021276595,0.3882978723404255,0.11702127659574468,0.16363636363636364,0.22424242424242424,0.6121212121212121,0,0.2,0,0.13333333333333333,0.20606060606060606,0.296969696969697,0.16363636363636364,3.057511764705882,9.107272727272726,15.789473684210526,-2.8315740937029332
2023,00-0033557,DET,1,1,1,0,0,1,0,22,1,0,0,1,0,0,0,0,1,0,0,0,0,0,0,0,0,0,0
2023,00-0033662,DAL,25,25,6,9,3,12,1,8.958333333333334,0.24,0.36,0.12,0.48,0.04,0.16666666666666666,0.08333333333333333,0.75,0,0.16666666666666666,0,0.20833333333333334,0.20833333333333334,0.16666666666666666,0.25,0,0,0,0
2023,00-0033858,ATL,1,1,0,0,0,1,1,7,0,0,0,1,1,0,1,0,0,0,0,0,1,0,0,0,0,0,0
2023,00-0033869,PIT,115,115,28,29,25,52,6,9.186915887850468,0.24347826086956523,0.25217391304347825,0.21739130434782608,0.45217391304347826,0.05217391304347826,0.3333333333333333,0.1619047619047619,0.5047619047619047,0,0.14423076923076922,0,0.10576923076923077,0.15384615384615385,0.25961538461538464,0.33653846153846156,0,0,0,0
2023,00-0033873,KC,624,624,104,249,97,249,102,6.498322147651007,0.16666666666666666,0.39903846153846156,0.15544871794871795,0.39903846153846156,0.16346153846153846,0.1797153024911032,0.29537366548042704,0.5231316725978647,0.0017793594306049821,0.1873873873873874,0,0.21981981981981982,0.14234234234234233,0.21621621621621623,0.23423423423423423,2.970268907563025,6.595577264653641,9.715242881072026,-1.7467177724169431
2023,00-0033921,TB,1,1,1,0,0,1,0,18,1,0,0,1,0,0,0,1,0,0,0,0,0,1,0,0,0,0,0
2023,00-0033936,JAX,60,60,3,8,11,34,15,6.39622641509434,0.05,0.13333333333333333,0.18333333333333332,0.5666666666666667,0.25,0.11320754716981132,0.4339622641509434,0.4528301886792453,0,0.22,0,0.06,0.08,0.32,0.32,0,0,0,0
2023,00-0033949,ARI,285,285,64,101,65,100,34,8.263157894736842,0.22456140350877193,0.3543859649122807,0.22807017543859648,0.3508771929824561,0.11929824561403508,0.12355212355212356,0.3204633204633205,0.555984555984556,0,0.30739299610894943,0,0.12840466926070038,0.16731517509727625,0.22178988326848248,0.17509727626459143,0,0,0,0
2023,00-0033949,MIN,165,165,30,52,32,67,21,7.430463576158941,0.18181818181818182,0.3151515151515151,0.19393939393939394,0.40606060606060607,0.12727272727272726,0.1619718309859155,0.36619718309859156,0.47183098591549294,0,0.24647887323943662,0,0.14084507042253522,0.1056338028169014,0.33098591549295775,0.176056338028169,2.9532470023980815,7.600050125313284,15.587529976019185,-0.35204306262716756
2023,00-0033958,CHI,1,1,0,0,0,0,0,0,0,0,0,0,0,0,0,0,0,0,0,0,0,0,0,0,0,0,0
2023,00-0034177,NYJ,86,86,10,29,14,34,7,6.194805194805195,0.11627906976744186,0.3372093023255814,0.16279069767441862,0.3953488372093023,0.08139534883720931,0.2972972972972973,0.28378378378378377,0.4189189189189189,0,0.2222222222222222,0,0.1527777777777778,0.09722222222222222,0.3888888888888889,0.1388888888888889,0,0,0,0
2023,00-0034401,MIA,6,6,1,2,1,3,1,3.8333333333333335,0.16666666666666666,0.3333333333333333,0.16666666666666666,0.5,0.16666666666666666,0.5,0,0.5,0,0.16666666666666666,0,0.5,0.16666666666666666,0.16666666666666666,0,0,0,0,0
2023,00-0034418,MIA,1,1,0,0,0,0,0,0,0,0,0,0,0,0,0,0,0,0,0,0,0,0,0,0,0,0,0
2023,00-0034437,JAX,1,1,0,1,0,0,0,4,0,1,0,0,0,0,0,1,0,0,0,0,0,0,0,0,0,0,0
2023,00-0034438,ATL,5,5,0,1,1,2,0,1.5,0,0.2,0.2,0.4,0,0.25,0.25,0.5,0,0.25,0,0.25,0,0.5,0,0,0,0,0
2023,00-0034613,CIN,1,1,0,0,0,0,1,0,0,0,0,0,1,0,0,0,0,0,0,0,0,0,0,0,0,0,0
2023,00-0034771,PIT,80,80,12,29,16,29,10,7,0.15,0.3625,0.2,0.3625,0.125,0.3333333333333333,0.11594202898550725,0.5507246376811594,0,0.16176470588235295,0,0.17647058823529413,0.14705882352941177,0.35294117647058826,0.16176470588235295,0,0,0,0
2023,00-0034775,JAX,2,2,1,0,0,2,0,12.5,0.5,0,0,1,0,1,0,0,0,0,0,0.5,0.5,0,0,0,0,0,0
2023,00-0034796,BAL,495,495,89,163,109,184,69,8.402625820568927,0.1797979797979798,0.3292929292929293,0.2202020202020202,0.3717171717171717,0.1393939393939394,0.15610859728506787,0.2239819004524887,0.6199095022624435,0,0.2837528604118993,0,0.14416475972540047,0.17391304347826086,0.2242562929061785,0.17391304347826086,2.9540131578947366,8.726122448979593,11.37855579868709,1.7051842650581932
2023,00-0034855,TB,610,610,131,182,138,246,76,8.558303886925795,0.21475409836065573,0.2983606557377049,0.2262295081967213,0.40327868852459015,0.12459016393442623,0.17028985507246377,0.14855072463768115,0.6811594202898551,0,0.24953445065176907,0,0.11173184357541899,0.2122905027932961,0.27001862197392923,0.1564245810055866,2.7054540636042397,8.578287795992717,16.784452296819786,0.15867046399746698
2023,00-0034857,BUF,607,607,141,234,94,249,83,8.67357512953368,0.23228995057660626,0.385502471169687,0.15485996705107083,0.4102141680395387,0.13673805601317957,0.15664845173041894,0.23861566484517305,0.604735883424408,0,0.22627737226277372,0,0.12773722627737227,0.1897810218978102,0.2773722627737226,0.17883211678832117,2.8837850953206248,8.560585009140766,14.853195164075995,1.8684794804618576
2023,00-0034869,SF,52,52,9,21,8,16,13,8.065217391304348,0.17307692307692307,0.40384615384615385,0.15384615384615385,0.3076923076923077,0.25,0.18181818181818182,0.11363636363636363,0.7045454545454546,0,0.2727272727272727,0,0.13636363636363635,0.13636363636363635,0.3409090909090909,0.11363636363636363,0,0,0,0
2023,00-0034955,LA,40,40,8,18,5,15,0,8.289473684210526,0.2,0.45,0.125,0.375,0,0.10810810810810811,0.08108108108108109,0.8108108108108109,0,0.08571428571428572,0,0.11428571428571428,0.17142857142857143,0.4857142857142857,0.14285714285714285,0,0,0,0
2023,00-0034960,LV,3,3,0,0,0,3,1,4,0,0,0,1,0.3333333333333333,0,0,1,0,0,0,0,0.5,0.5,0,0,0,0,0
2023,00-0035100,CIN,268,268,42,96,54,93,37,6.395061728395062,0.15671641791044777,0.3582089552238806,0.20149253731343283,0.34701492537313433,0.13805970149253732,0.16595744680851063,0.23404255319148937,0.6,0,0.23478260869565218,0,0.20869565217391303,0.11739130434782609,0.3,0.1391304347826087,2.7286131687242796,6.3211489361702125,16.46090534979424,3.286588940110221
2023,00-0035228,ARI,291,291,47,110,65,92,37,7.220149253731344,0.16151202749140894,0.37800687285223367,0.22336769759450173,0.3161512027491409,0.12714776632302405,0.19101123595505617,0.3408239700374532,0.4681647940074906,0,0.2339622641509434,0,0.1471698113207547,0.2037735849056604,0.2037735849056604,0.21132075471698114,2.799786516853933,7.070570342205324,15.298507462686567,-2.941961761619609
2023,00-0035250,HOU,1,1,0,0,0,1,1,6,0,0,0,1,1,0,1,0,0,0,0,0,1,0,0,0,0,0,0
2023,00-0035264,DEN,73,73,16,24,14,28,7,8.56060606060606,0.2191780821917808,0.3287671232876712,0.1917808219178082,0.3835616438356164,0.0958904109589041,0.3387096774193548,0.0967741935483871,0.5645161290322581,0,0.25806451612903225,0,0.22580645161290322,0.12903225806451613,0.16129032258064516,0.22580645161290322,0,0,0,0
2023,00-0035282,LAC,188,188,30,77,26,70,15,6.919540229885057,0.1595744680851064,0.4095744680851064,0.13829787234042554,0.3723404255319149,0.0797872340425532,0.17159763313609466,0.2781065088757396,0.5502958579881657,0,0.24260355029585798,0,0.15976331360946747,0.14792899408284024,0.24260355029585798,0.20710059171597633,2.8234161849710984,7.042899408284022,16.091954022988507,-1.8855958213580024
2023,00-0035289,IND,527,527,90,192,105,193,71,7.3040816326530615,0.17077798861480076,0.36432637571157495,0.19924098671726756,0.36622390891840606,0.1347248576850095,0.15598290598290598,0.202991452991453,0.6410256410256411,0,0.29004329004329005,0,0.12987012987012986,0.15800865800865802,0.22727272727272727,0.19480519480519481,2.7341408163265313,7.509376344086024,15.714285714285714,-1.5642817390664447
2023,00-0035639,NYG,1,1,0,0,0,0,0,0,0,0,0,0,0,0,0,0,0,0,0,0,0,0,0,0,0,0,0
2023,00-0035700,LV,1,1,0,0,0,0,0,0,0,0,0,0,0,0,0,0,0,0,0,0,0,0,0,0,0,0,0
2023,00-0035704,SEA,83,83,17,25,17,34,6,8.171052631578947,0.20481927710843373,0.30120481927710846,0.20481927710843373,0.40963855421686746,0.07228915662650602,0.13333333333333333,0.24,0.6266666666666667,0,0.2465753424657534,0,0.1917808219178082,0.1643835616438356,0.2876712328767123,0.1095890410958904,0,0,0,0
2023,00-0035710,NYG,191,191,21,73,27,60,15,6.85,0.1099476439790576,0.38219895287958117,0.14136125654450263,0.31413612565445026,0.078534031413612565,0.1830065359477124,0.24183006535947713,0.5686274509803921,0.006535947712418301,0.2565789473684211,0,0.125,0.125,0.29605263157894735,0.19736842105263158,2.7349875,6.772875816993464,10,0.47623476944863796
2023,00-0035719,SF,1,1,0,0,0,1,0,11,0,0,0,1,0,0,0,0,0,0,0,0,0,0,0,0,0,0,0
2023,00-0035889,KC,1,1,0,1,0,0,0,11,0,1,0,0,0,0,0,1,0,0,0,0,0,1,0,0,0,0,0
2023,00-0035993,BAL,41,41,6,12,10,15,8,6.72972972972973,0.14634146341463414,0.2926829268292683,0.24390243902439024,0.36585365853658536,0.1951219512195122,0.2857142857142857,0.3142857142857143,0.4,0,0.08823529411764706,0,0.11764705882352941,0.11764705882352941,0.23529411764705882,0.4411764705882353,0,0,0,0
2023,00-0036212,MIA,591,591,122,225,108,225,83,7.648214285714285,0.20642978003384094,0.38071065989847713,0.18274111675126903,0.38071065989847713,0.1404399323181049,0.22385321100917432,0.09724770642201835,0.6788990825688074,0,0.24074074074074073,0,0.19444444444444445,0.26666666666666666,0.1962962962962963,0.10185185185185185,2.3633458781362013,7.814327808471456,12.5,1.4830488718247636
2023,00-0036264,GB,611,611,134,245,120,212,110,8.45768566493955,0.2193126022913257,0.40098199672667756,0.19639934533551553,0.3469721767594108,0.18003273322422259,0.1657754010695187,0.17825311942959002,0.6559714795008913,0,0.2423146473779385,0,0.12839059674502712,0.1735985533453888,0.3092224231464738,0.14647377938517178,2.7743032928942806,8.541967799642219,16.234887737478413,-1.400608232885034
2023,00-0036313,PHI,1,1,0,0,0,1,0,11,0,0,0,1,0,0,0,1,0,0,0,0,0,1,0,0,0,0,0
2023,00-0036322,MIN,1,1,1,0,0,1,0,20,1,0,0,1,0,0,0,1,0,1,0,0,0,0,0,0,0,0,0
2023,00-0036355,LAC,486,486,99,153,83,220,72,7.6535087719298245,0.2037037037037037,0.3148148148148148,0.17078189300411523,0.45267489711934156,0.14814814814814814,0.1463963963963964,0.19369369369369369,0.6554054054054054,0.0045045045045045045,0.2334096109839817,0,0.15560640732265446,0.2128146453089245,0.20594965675057209,0.19221967963386727,2.796739035087719,7.870765765765766,16.666666666666664,0.475220069730355
2023,00-0036389,PHI,575,575,109,224,63,251,61,8.62081784386617,0.18956521739130436,0.38956521739130434,0.10956521739130434,0.4365217391304348,0.10608695652173913,0.17964071856287425,0.18562874251497005,0.6347305389221557,0,0.22580645161290322,0,0.15524193548387097,0.15725806451612903,0.2540322580645161,0.20766129032258066,3.031875464684015,8.789141716566865,15.427509293680297,4.130073480972797
2023,00-0036414,MIN,1,1,0,0,0,0,1,0,0,0,0,0,1,0,0,0,0,0,0,0,0,0,0,0,0,0,0
2023,00-0036425,SEA,1,1,0,0,0,0,0,0,0,0,0,0,0,0,0,0,0,0,0,0,0,0,0,0,0,0,0
2023,00-0036442,CIN,389,389,51,153,51,159,53,6.447802197802198,0.13110539845758354,0.39331619537275064,0.13110539845758354,0.4087403598971722,0.13624678663239073,0.1339031339031339,0.16809116809116809,0.698005698005698,0,0.22285714285714286,0,0.2057142857142857,0.16,0.2714285714285714,0.14,2.5382170329670326,6.496818181818181,11.506849315068493,1.2590562934948935
2023,00-0036626,WAS,1,1,0,1,0,0,1,1,0,1,0,0,1,0,0,0,1,0,0,1,0,0,0,0,0,0,0
2023,00-0036849,LA,1,1,0,0,0,0,1,0,0,0,0,0,1,0,0,0,1,0,0,1,0,0,0,0,0,0,0
2023,00-0036898,HOU,42,42,9,12,7,20,7,8.025641025641026,0.21428571428571427,0.2857142857142857,0.16666666666666666,0.47619047619047616,0.16666666666666666,0.23076923076923078,0.20512820512820512,0.5641025641025641,0,0.23076923076923078,0,0.1282051282051282,0.05128205128205128,0.3076923076923077,0.28205128205128205,0,0,0,0
2023,00-0036900,CIN,1,1,0,1,0,0,0,-7,0,1,0,0,0,0,0,0,1,0,0,1,0,0,0,0,0,0,0
2023,00-0036913,KC,1,1,1,0,0,1,0,16,1,0,0,1,0,1,0,0,0,0,0,0,1,0,0,0,0,0,0
2023,00-0036919,PHI,1,1,1,1,0,0,0,17,1,1,0,0,0,0,0,1,0,0,0,0,1,0,0,0,0,0,0
2023,00-0036928,TB,1,1,0,0,0,1,1,3,0,0,0,1,1,0,0,1,0,0,0,0,1,0,0,0,0,0,0
2023,00-0036945,CHI,416,416,78,166,58,146,57,8.002702702702702,0.1875,0.39903846153846156,0.13942307692307693,0.35096153846153844,0.13701923076923078,0.20821114369501467,0.2434017595307918,0.5483870967741935,0,0.191044776119403,0,0.2,0.16119402985074627,0.25671641791044775,0.191044776119403,3.2297918918918924,8.523508771929826,12.162162162162163,0.3631126246339562
2023,00-0036963,DET,1,1,0,0,0,0,1,0,0,0,0,0,1,0,0,0,0,0,0,0,0,0,0,0,0,0,0
2023,00-0036971,JAX,602,602,120,229,90,245,67,8.179078014184396,0.19933554817275748,0.3803986710963455,0.14950166112956811,0.4069767441860465,0.11129568106312292,0.14981949458483754,0.26173285198555957,0.5884476534296029,0,0.19489981785063754,0,0.151183970856102,0.16029143897996356,0.2987249544626594,0.19489981785063754,2.5098102836879432,8.230471014492753,14.00709219858156,-0.5478826281284341
2023,00-0036972,NE,368,368,57,133,82,130,33,6.9855072463768115,0.15489130434782608,0.36141304347826086,0.22282608695652173,0.3532608695652174,0.08967391304347826,0.21176470588235294,0.2323529411764706,0.5558823529411765,0,0.2545454545454545,0,0.19696969696969696,0.17575757575757575,0.22121212121212122,0.15151515151515152,2.461666666666667,7.010383480825959,18.55072463768116,-0.5906992200492169
2023,00-0037013,NYJ,416,416,63,146,69,150,47,7.260869565217392,0.15144230769230768,0.35096153846153844,0.1658653846153846,0.3605769230769231,0.11298076923076923,0.24709302325581395,0.21220930232558138,0.5406976744186046,0,0.2536873156342183,0,0.15634218289085547,0.14749262536873156,0.2536873156342183,0.1887905604719764,2.9054986301369863,7.489040697674419,18.75,-1.5491468259943275
2023,00-0037077,WAS,679,679,128,207,134,271,68,7.496732026143791,0.18851251840942562,0.30486008836524303,0.19734904270986744,0.39911634756995584,0.10014727540500737,0.18307426597582038,0.19861830742659758,0.6183074265975821,0,0.25486725663716814,0,0.14690265486725665,0.14867256637168141,0.26017699115044246,0.18938053097345134,2.816995098039216,7.367318339100347,15.032679738562091,0.16813674345124952
2023,00-0037238,ATL,1,1,0,1,0,0,0,12,0,1,0,0,0,0,1,0,0,0,0,0,0,1,0,0,0,0,0
2023,00-0037304,PIT,1,1,0,0,0,1,1,-4,0,0,0,1,1,0,1,0,0,0,0,0,0,1,0,0,0,0,0
2023,00-0037740,NYJ,1,1,0,0,0,1,0,10,0,0,0,1,0,0,0,1,0,0,0,0,1,0,0,0,0,0,0
2023,00-0037816,GB,1,1,0,0,0,0,1,0,0,0,0,0,1,0,0,0,0,0,0,0,0,0,0,0,0,0,0
2023,00-0037834,SF,472,472,102,179,112,150,73,8.18918918918919,0.21610169491525424,0.3792372881355932,0.23728813559322035,0.3177966101694915,0.15466101694915255,0.24355971896955503,0.2107728337236534,0.5456674473067916,0,0.34210526315789475,0,0.14832535885167464,0.18899521531100477,0.22009569377990432,0.10047846889952153,2.8775656108597287,8.321775700934579,12.837837837837837,2.5246851373346146
2023,00-0038102,PIT,348,348,56,143,48,132,34,7.061728395061729,0.16091954022988506,0.4109195402298851,0.13793103448275862,0.3793103448275862,0.09770114942528736,0.28938906752411575,0.10932475884244373,0.6012861736334405,0,0.16612377850162866,0,0.16938110749185667,0.1758957654723127,0.31596091205211724,0.17263843648208468,2.810829721362229,7.139322580645161,20.061728395061728,0.3078535417623769
2023,00-0038108,NE,237,237,45,88,39,84,11,7.952830188679245,0.189873417721519,0.37130801687763715,0.16455696202531644,0.35443037974683544,0.046413502109704644,0.23267326732673269,0.21287128712871287,0.5544554455445545,0,0.22885572139303484,0,0.1791044776119403,0.20398009950248755,0.25870646766169153,0.12935323383084577,2.7442654028436015,7.722885572139303,19.81132075471698,-2.2098271843959623
2023,00-0038115,NYG,1,1,0,0,0,0,1,0,0,0,0,0,1,0,0,0,1,0,0,0,0,0,0,0,0,0,0
2023,00-0038122,ATL,422,422,84,151,83,152,56,8.227390180878553,0.1990521327014218,0.3578199052132701,0.1966824644549763,0.36018957345971564,0.13270142180094788,0.24338624338624337,0.3492063492063492,0.40476190476190477,0.0026455026455026454,0.2620320855614973,0,0.14171122994652408,0.17914438502673796,0.2807486631016043,0.13636363636363635,2.695108808290155,8.147813333333334,14.948453608247423,-1.4484118170959448
2023,00-0038128,TEN,9,9,1,3,0,2,3,7.8,0.1111111111111111,0.3333333333333333,0,0.2222222222222222,0.3333333333333333,0.2,0.2,0.6,0,0.2,0,0.2,0.2,0.4,0,0,0,0,0
2023,00-0038391,GB,1,1,1,0,1,0,0,34,1,0,1,0,0,0,0,1,0,0,0,0,1,0,0,0,0,0,0
2023,00-0038393,GB,1,1,0,0,0,1,0,9,0,0,0,1,0,1,0,0,0,0,0,0,1,0,0,0,0,0,0
2023,00-0038416,CHI,149,149,17,55,23,65,20,5.6923076923076925,0.11409395973154363,0.3691275167785235,0.15436241610738255,0.436241610738255,0.1342281879194631,0.2589928057553957,0.20863309352517986,0.5323741007194245,0,0.18840579710144928,0,0.2391304347826087,0.14492753623188406,0.2318840579710145,0.1956521739130435,2.886426573426574,6.156086956521738,12.587412587412588,-1.8967781294059165
2023,00-0038476,NYG,215,215,28,68,22,88,15,6.455056179775281,0.13023255813953488,0.31627906976744186,0.10232558139534884,0.40930232558139534,0.06976744186046512,0.23214285714285715,0.17261904761904762,0.5952380952380952,0,0.16149068322981366,0,0.17391304347826086,0.18633540372670807,0.2795031055900621,0.19875776397515527,2.987988764044944,6.4502976190476184,10.112359550561797,-3.5634298672836877
2023,00-0038579,LV,368,368,55,125,65,152,53,7.466472303206997,0.14945652173913043,0.33967391304347827,0.1766304347826087,0.41304347826086957,0.14402173913043478,0.16718266253869968,0.14241486068111456,0.6904024767801857,0,0.2585669781931464,0,0.14641744548286603,0.11838006230529595,0.29906542056074764,0.17757009345794392,2.80093567251462,7.423250773993808,15.743440233236154,-2.321355544443378
2023,00-0038582,ARI,28,28,1,6,2,13,0,2.5238095238095237,0.03571428571428571,0.21428571428571427,0.07142857142857142,0.4642857142857143,0,0.14285714285714285,0.23809523809523808,0.6190476190476191,0,0.2,0,0.3,0,0.2,0.3,0,0,0,0
2023,00-0038583,CLE,119,119,15,41,20,49,16,5.910714285714286,0.12605042016806722,0.3445378151260504,0.16806722689075632,0.4117647058823529,0.13445378151260504,0.19811320754716982,0.32075471698113206,0.4811320754716981,0,0.27450980392156865,0,0.1568627450980392,0.12745098039215685,0.24509803921568626,0.19607843137254902,0,0,0,0
2023,00-0038598,MIN,24,24,3,7,6,7,3,7.8,0.125,0.2916666666666667,0.25,0.2916666666666667,0.125,0.10526315789473684,0.42105263157894735,0.47368421052631576,0,0.2631578947368421,0,0.15789473684210525,0.10526315789473684,0.3684210526315789,0.10526315789473684,0,0,0,0
2023,00-0038911,NE,1,1,0,0,0,0,0,0,0,0,0,0,0,0,0,0,0,0,0,0,0,0,0,0,0,0,0
2023,00-0038977,HOU,1,1,0,0,0,0,0,0,0,0,0,0,0,0,0,0,0,0,0,0,0,0,0,0,0,0,0
2023,00-0039040,MIA,1,1,0,0,0,0,0,0,0,0,0,0,0,0,0,0,0,0,0,0,0,0,0,0,0,0,0
2023,00-0039150,CAR,590,590,110,193,92,241,53,7.6072106261859584,0.1864406779661017,0.3271186440677966,0.15593220338983052,0.40847457627118644,0.08983050847457627,0.16771488469601678,0.1949685534591195,0.6373165618448637,0,0.21940928270042195,0,0.12869198312236288,0.16244725738396623,0.3037974683544304,0.18565400843881857,2.900344106463878,7.4117016806722695,11.57495256166983,-1.574165521426373
2023,00-0039152,TEN,284,284,85,89,58,106,24,10.541176470588235,0.2992957746478873,0.31338028169014087,0.20422535211267606,0.3732394366197183,0.08450704225352113,0.22983870967741934,0.1975806451612903,0.5685483870967742,0.004032258064516129,0.19753086419753085,0,0.20164609053497942,0.26337448559670784,0.23045267489711935,0.10699588477366255,2.845932806324111,10.509716599190284,15.686274509803921,-3.1809527580352324
2023,00-0039163,HOU,541,541,116,156,131,206,71,8.97995991983968,0.2144177449168207,0.28835489833641403,0.24214417744916822,0.3807763401109057,0.13123844731977818,0.13541666666666666,0.19791666666666666,0.6645833333333333,0.0020833333333333333,0.3191489361702128,0,0.125531914893617,0.14893617021276595,0.274468085106383,0.13191489361702127,3.0369837728194717,9.208067226890758,13.827655310621243,0.9318001280895203
2023,00-0039164,IND,93,93,20,27,20,37,9,8.047619047619047,0.21505376344086022,0.2903225806451613,0.21505376344086022,0.3978494623655914,0.0967741935483871,0.14457831325301204,0.30120481927710846,0.5542168674698795,0,0.2804878048780488,0,0.17073170731707318,0.1951219512195122,0.23170731707317074,0.12195121951219512,0,0,0,0
2024,00-0023459,NYJ,627,627,114,218,125,241,94,6.886986301369863,0.18181818181818182,0.34768740031897927,0.19936204146730463,0.3843700159489633,0.14992025518341306,0.1978984238178634,0.17513134851138354,0.62697022767075306,0,0.2277580071174377,0,0.1583629893238434,0.20818505338078291,0.26334519572953735,0.1423487544483986,2.6881369863013695,6.724348591549296,14.04109589041096,-4.713476027397249
2024,00-0026158,IND,267,267,56,89,46,113,47,8.931451612903226,0.20973782771535582,0.3333333333333333,0.17228464419475656,0.4232209737827715,0.1760299625468165,0.18106995884773663,0.12757201646090535,0.691358024691358,0,0.23430962343096234,0,0.10460251046025104,0.2301255230125523,0.2594142259414226,0.17154811715481172,2.6931411290322584,8.738264462809918,15.725806451612904,1.5541532258064379
2024,00-0026300,BAL,4,4,2,2,0,1,0,17.666666666666668,0.5,0.5,0,0.25,0,0.3333333333333333,0,0.6666666666666666,0,0,0,0,0.3333333333333333,0.6666666666666666,0,0,0,0,0
2024,00-0026498,LA,547,547,99,212,109,195,79,7.483558994197292,0.1809872029250457,0.3875685557586837,0.19926873857404023,0.35648994515539306,0.14442413162705667,0.09561752988047809,0.14940239043824702,0.7549800796812749,0,0.24649298597194388,0,0.12424849699398798,0.1623246492985972,0.3066132264529058,0.16032064128256512,0,0,0,0
2024,00-0027973,CAR,168,168,29,55,37,68,24,6.6375,0.17261904761904762,0.3273809523809524,0.22023809523809523,0.40476190476190477,0.14285714285714285,0.17197452229299362,0.1910828025477707,0.6369426751592356,0,0.2709677419354839,0,0.12258064516129032,0.15483870967741936,0.32903225806451614,0.12258064516129032,2.5494562499999995,6.717307692307693,15,0.7736874999999941
2024,00-0028118,NYJ,25,25,2,4,2,16,10,4,0.08,0.16,0.08,0.64,0.4,0.08695652173913043,0.391304347826087,0.5217391304347826,0,0.13043478260869565,0,0.13043478260869565,0.17391304347826086,0.2608695652173913,0.30434782608695654,0,0,0,0
2024,00-0028872,CAR,2,2,1,1,1,0,0,14,0.5,0.5,0.5,0,0,0,0.5,0,0.5,0,0,0,0.5,0,0.5,0,0,0,0
2024,00-0029263,PIT,370,370,64,148,55,131,53,7.940476190476191,0.17297297297297298,0.4,0.14864864864864866,0.35405405405405405,0.14324324324324325,0.254071661237785,0.254071661237785,0.49185667752442996,0,0.1568627450980392,0,0.1568627450980392,0.238562091503268,0.3006535947712418,0.14705882352941177,2.860523952095808,7.7159803921568635,13.095238095238097,1.062767857142859
2024,00-0029604,ATL,482,482,86,170,100,179,51,7.448123620309051,0.17842323651452283,0.35269709543568467,0.2074688796680498,0.37136929460580914,0.10580912863070539,0.1598173515981735,0.1689497716894977,0.6712328767123288,0,0.20140515222482436,0,0.17798594847775176,0.1873536299765808,0.2903981264637002,0.14285714285714285,2.708489977728285,7.801693363844392,19.646799116997794,3.4420088300220897
2024,00-0029692,DAL,2,2,0,0,1,1,0,5.5,0,0,0.5,0.5,0,0,0,0,1,0,0,0,1,0,0,0,0,0,0
2024,00-0030279,CHI,1,1,0,0,0,1,0,14,0,0,0,1,0,1,0,0,0,0,0,0,1,0,0,0,0,0,0
2024,00-0030565,SEA,631,631,117,205,143,228,66,6.913494809688581,0.18541996830427893,0.3248811410459588,0.2266244057052298,0.3613312202852615,0.1045958795562599,0.19210053859964094,0.19210053859964094,0.6157989228007181,0,0.20871143375680581,0,0.17785843920145192,0.16696914700544466,0.20871143375680581,0.23774954627949182,2.832303819444444,7.172274368231046,12.45674740484429,3.8544636678200703
2024,00-0031280,NO,290,290,64,91,79,109,36,7.806451612903226,0.2206896551724138,0.3137931034482759,0.27241379310344827,0.3758620689655172,0.12413793103448276,0.2641509433962264,0.30566037735849055,0.43018867924528303,0,0.1828793774319066,0,0.14785992217898833,0.2178988326848249,0.29571984435797666,0.1556420233463035,2.7589175627240143,8.398664122137404,11.11111111111111,3.2227240143369045
2024,00-0031345,LA,45,45,7,23,5,13,11,5.390243902439025,0.15555555555555556,0.5111111111111111,0.1111111111111111,0.28888888888888886,0.24444444444444444,0.17073170731707318,0.1951219512195122,0.6341463414634146,0,0.2926829268292683,0,0.24390243902439024,0.0975609756097561,0.2682926829268293,0.0975609756097561,0,0,0,0
2024,00-0031503,CLE,327,327,64,111,67,117,40,8.91891891891892,0.19571865443425077,0.3394495412844037,0.20489296636085627,0.3577981651376147,0.12232415902140673,0.09183673469387756,0.282312925170068,0.6258503401360545,0,0.25259515570934254,0,0.0726643598615917,0.20761245674740483,0.2837370242214533,0.18339100346020762,2.788023728813559,9.240833333333335,17.56756756756757,-2.2764864864864833
2024,00-0031588,HOU,1,1,0,0,0,1,0,-4,0,0,0,1,0,1,0,0,0,0,0,1,0,0,0,0,0,0,0
2024,00-0031800,LAC,8,8,1,2,2,1,0,6.4,0.125,0.25,0.25,0.125,0,0.4,0.2,0.4,0,0.4,0,0,0,0.4,0.2,0,0,0,0
2024,00-0032065,ATL,1,1,0,0,0,0,1,0,0,0,0,0,1,0,0,0,0,0,0,0,0,0,0,0,0,0,0
2024,00-0032268,WAS,48,48,11,17,9,17,10,9.272727272727273,0.22916666666666666,0.3541666666666667,0.1875,0.3541666666666667,0.20833333333333334,0.09302325581395349,0.2558139534883721,0.6511627906976745,0,0.3953488372093023,0,0.13953488372093023,0.16279069767441862,0.20930232558139536,0.09302325581395349,0,0,0,0
2024,00-0032399,PIT,1,1,0,1,0,0,0,14,0,1,0,0,0,0,0,0,1,0,0,0,1,0,0,0,0,0,0
2024,00-0032434,SF,32,32,6,10,8,12,4,8.033333333333333,0.1875,0.3125,0.25,0.375,0.125,0.25925925925925924,0.25925925925925924,0.48148148148148145,0,0.11538461538461539,0,0.07692307692307693,0.23076923076923078,0.38461538461538464,0.19230769230769232,0,0,0,0
2024,00-0032943,DEN,1,1,0,0,1,0,0,-5,0,0,1,0,0,0,1,0,0,0,0,1,0,0,0,0,0,0,0
2024,00-0032950,KC,23,23,3,6,2,11,0,6.578947368421052,0.13043478260869565,0.2608695652173913,0.08695652173913043,0.4782608695652174,0,0.15789473684210525,0.15789473684210525,0.6842105263157895,0,0.10526315789473684,0,0.10526315789473684,0.05263157894736842,0.631578947368421,0.10526315789473684,0,0,0,0
2024,00-0033009,TEN,1,1,1,0,0,1,0,24,1,0,0,1,0,0,0,1,0,0,0,0,1,0,0,0,0,0,0
2024,00-0033077,DAL,309,309,59,86,70,128,39,7.937062937062937,0.19093851132686085,0.2783171521035599,0.22653721682847897,0.41423948220064727,0.1262135922330097,0.15770609318996415,0.22939068100358423,0.6093189964157706,0.0035842293906810036,0.26181818181818184,0,0.11272727272727273,0.17454545454545456,0.2581818181818182,0.19272727272727272,2.7880280701754394,7.817220216606498,21.328671328671327,1.9424125874125977
2024,00-0033106,DET,571,571,99,160,172,204,105,6.319109461966605,0.1733800350262697,0.28021015761821366,0.30122591943957966,0.3572679509632224,0.18388791593695272,0.21330724070450097,0.19373776908023482,0.589041095890411,0.003913894324853229,0.25196850393700787,0,0.17519685039370078,0.14960629921259844,0.2106299212598425,0.2125984251968504,2.787294776119403,6.8317416829745605,11.50278293135436,5.054879406307961
2024,00-0033119,NE,180,180,22,53,35,72,31,6.745341614906832,0.12222222222222222,0.29444444444444445,0.19444444444444445,0.4,0.17222222222222222,0.1986754966887417,0.2980132450331126,0.5033112582781457,0,0.2465753424657534,0,0.1643835616438356,0.1643835616438356,0.23972602739726026,0.18493150684931506,2.874425,7.110794701986755,18.012422360248447,-1.9712422360248354
2024,00-0033307,NE,1,1,0,0,0,1,0,0,0,0,0,1,0,1,0,0,0,0,0,1,0,0,0,0,0,0,0
2024,00-0033319,MIN,2,2,1,1,1,0,0,12,0.5,0.5,0.5,0,0,1,0,0,0,0,0,0.5,0.5,0,0,0,0,0,0
2024,00-0033357,NO,4,4,2,2,1,1,0,13.25,0.5,0.5,0.25,0.25,0,0.5,0,0.5,0,0.25,0,0.25,0.25,0.25,0,0,0,0,0
2024,00-0033537,CLE,250,250,38,95,40,81,22,7.310185185185185,0.152,0.38,0.16,0.324,0.088,0.18009478672985782,0.20853080568720378,0.6113744075829384,0,0.33658536585365856,0,0.15121951219512195,0.12195121951219512,0.1951219512195122,0.1951219512195122,2.9389768518518515,7.149142857142858,16.666666666666664,-2.6069907407407342
2024,00-0033662,DAL,322,322,54,97,72,138,34,6.938311688311688,0.16770186335403728,0.30124223602484473,0.2236024844720497,0.42857142857142855,0.10559006211180125,0.12828947368421054,0.20723684210526316,0.6644736842105263,0,0.2408026755852843,0,0.1505016722408027,0.17725752508361203,0.21739130434782608,0.2140468227424749,2.5497133550488598,7.113795379537953,19.805194805194805,-5.5903246753246805
2024,00-0033869,BUF,26,26,5,13,2,11,2,5.461538461538462,0.19230769230769232,0.5,0.07692307692307693,0.4230769230769231,0.07692307692307693,0.2,0.12,0.68,0,0.24,0,0.32,0.12,0.16,0.16,0,0,0,0
2024,00-0033873,KC,619,619,87,197,135,247,112,6.335628227194492,0.14054927302100162,0.3182552504038772,0.21809369951534732,0.3990306946688207,0.18093699515347333,0.16396396396396395,0.34234234234234234,0.4882882882882883,0.005405405405405406,0.27636363636363637,0,0.19272727272727272,0.14,0.22727272727272727,0.16363636363636364,2.806379965457685,6.304520795660036,10.327022375215146,-1.1509982788296185
2024,00-0033897,HOU,1,1,0,0,0,1,1,10,0,0,0,1,1,0,0,0,1,0,0,0,1,0,0,0,0,0,0
2024,00-0033949,SF,49,49,7,20,10,16,8,7.9361702127659575,0.14285714285714285,0.40816326530612246,0.20408163265306123,0.32653061224489793,0.16326530612244897,0.15217391304347827,0.2391304347826087,0.6086956521739131,0,0.15217391304347827,0,0.08695652173913043,0.17391304347826086,0.13043478260869565,0.45652173913043476,0,0,0,0
2024,00-0034162,LAC,1,1,0,0,0,1,0,-4,0,0,0,1,0,0,1,0,0,0,0,0,0,1,0,0,0,0,0
2024,00-0034177,MIA,27,27,3,12,6,7,4,6.6923076923076925,0.1111111111111111,0.4444444444444444,0.2222222222222222,0.25925925925925924,0.14814814814814814,0.16666666666666666,0.3333333333333333,0.5,0,0.16666666666666666,0,0.125,0.16666666666666666,0.25,0.2916666666666667,0,0,0,0
2024,00-0034177,NYG,25,25,6,7,7,10,3,5.791666666666667,0.24,0.28,0.28,0.4,0.12,0.22727272727272727,0.09090909090909091,0.6818181818181818,0,0.19047619047619047,0,0.23809523809523808,0.3333333333333333,0.23809523809523808,0,0,0,0,0
2024,00-0034348,DEN,2,2,1,0,0,2,1,9.5,0.5,0,0,1,0.5,0.5,0,0,0.5,0,0,0,0.5,0.5,0,0,0,0,0
2024,00-0034401,BUF,11,11,2,3,1,7,0,8.909090909090908,0.18181818181818182,0.2727272727272727,0.09090909090909091,0.6363636363636364,0,0.09090909090909091,0.09090909090909091,0.8181818181818182,0,0.2222222222222222,0,0.1111111111111111,0.2222222222222222,0.3333333333333333,0.1111111111111111,0,0,0,0
2024,00-0034418,NO,2,2,1,0,0,1,0,20,0.5,0,0,0.5,0,1,0,0,0,0,0,1,0,0,0,0,0,0,0
2024,00-0034521,NYJ,1,1,1,0,0,1,1,17,1,0,0,1,1,0,0,0,0,0,0,0,0,0,0,0,0,0,0
2024,00-0034577,PIT,1,1,0,0,1,0,0,13,0,0,1,0,0,0,1,0,0,0,0,0,1,0,0,0,0,0,0
2024,00-0034771,TEN,240,240,40,81,60,84,34,7.149122807017544,0.16666666666666666,0.3375,0.25,0.35,0.14166666666666666,0.16744186046511628,0.33488372093023255,0.49767441860465117,0,0.2641509433962264,0,0.11320754716981132,0.19339622641509435,0.21226415094339623,0.2169811320754717,2.804813333333333,7.319065420560747,12.280701754385964,1.6341228070175333
2024,00-0034796,BAL,499,499,112,180,116,173,74,8.668776371308017,0.22444889779559118,0.36072144288577157,0.23246492985971945,0.3466933867735471,0.14829659318637275,0.17582417582417584,0.3032967032967033,0.5208791208791209,0,0.2802690582959641,0,0.16143497757847533,0.21300448430493274,0.2242152466367713,0.1210762331838565,3.1442686567164175,9.010726872246696,10.970464135021098,-0.19464135021097206
2024,00-0034827,CHI,1,1,1,0,0,1,0,33,1,0,0,1,0,0,0,1,0,0,0,0,1,0,0,0,0,0,0
2024,00-0034844,PHI,1,1,0,0,0,0,1,0,0,0,0,0,1,0,0,0,0,0,0,0,0,0,0,0,0,0,0
2024,00-0034855,TB,613,613,112,202,122,245,91,6.966666666666667,0.18270799347471453,0.3295269168026101,0.19902120717781402,0.399673735725938,0.14845024469820556,0.21453900709219859,0.18971631205673758,0.5957446808510638,0,0.2182468694096601,0,0.1967799642218247,0.17531305903398928,0.27191413237924866,0.13774597495527727,2.69820035149385,6.8207295373665495,10.87719298245614,2.1710701754385866
2024,00-0034857,BUF,498,498,122,200,82,200,80,8.32712215320911,0.24497991967871485,0.40160642570281124,0.1646586345381526,0.40160642570281124,0.1606425702811245,0.16521739130434782,0.24782608695652175,0.5869565217391305,0,0.27510917030567683,0,0.17248908296943233,0.2205240174672489,0.19213973799126638,0.13973799126637554,2.886883817427386,8.32202614379085,16.77018633540373,0.7811387163561108
2024,00-0034869,MIN,594,594,127,202,122,220,103,8.451376146788991,0.2138047138047138,0.3400673400673401,0.2053872053872054,0.37037037037037035,0.1734006734006734,0.16116504854368932,0.22718446601941747,0.6116504854368932,0,0.21868787276341947,0,0.12922465208747516,0.19483101391650098,0.30019880715705766,0.15705765407554673,3.0833952205882347,8.884582524271845,13.944954128440369,2.7990642201834888
2024,00-0034960,LV,1,1,0,0,0,0,0,0,0,0,0,0,0,0,0,0,0,0,0,0,0,0,0,0,0,0,0
2024,00-0035156,DET,1,1,1,0,1,0,0,15,1,0,1,0,0,1,0,0,0,0,0,0,1,0,0,0,0,0,0
2024,00-0035190,LV,1,1,0,0,0,1,0,4,0,0,0,1,0,0,0,0,1,1,0,0,0,0,0,0,0,0,0
2024,00-0035228,ARI,571,571,106,234,102,204,76,6.826247689463956,0.18563922942206654,0.4098073555166375,0.1786339754816112,0.3572679509632224,0.1330998248686515,0.18234165067178504,0.3378119001919386,0.4798464491362764,0,0.19029126213592232,0,0.14951456310679612,0.17475728155339806,0.2854368932038835,0.2,2.8093018518518518,7.080499040307103,16.820702402957487,2.1576709796672873
2024,00-0035289,LV,336,336,46,110,63,130,48,6.0359477124183005,0.13690476190476192,0.3273809523809524,0.1875,0.3869047619047619,0.14285714285714285,0.15602836879432624,0.3333333333333333,0.5106382978723404,0,0.22826086956521738,0,0.18115942028985507,0.11956521739130435,0.2644927536231884,0.20652173913043478,2.706112211221122,6.030533807829183,17.320261437908496,1.5574509803921757
2024,00-0035685,DET,1,1,0,0,0,1,1,3,0,0,0,1,1,0,1,0,0,0,0,0,0,1,0,0,0,0,0
2024,00-0035704,NYG,194,194,35,62,43,75,18,6.116022099447513,0.18041237113402062,0.31958762886597936,0.22164948453608246,0.3865979381443299,0.09278350515463918,0.16,0.10285714285714286,0.7371428571428571,0,0.24,0,0.14857142857142858,0.16,0.2057142857142857,0.24571428571428572,2.8436222222222223,7.0648275862068965,17.12707182320442,-2.8608287292817636
2024,00-0035710,NYG,375,375,56,151,72,114,42,7.357771260997067,0.14933333333333335,0.4026666666666667,0.192,0.304,0.112,0.146875,0.115625,0.7375,0,0.23492063492063492,0,0.13333333333333333,0.1619047619047619,0.23174603174603176,0.23809523809523808,0,0,0,0
2024,00-0035719,SF,1,1,0,0,0,0,0,0,0,0,0,0,0,0,0,0,0,0,0,0,0,0,0,0,0,0,0
2024,00-0035993,MIA,150,150,30,44,25,63,23,7.7894736842105265,0.2,0.29333333333333333,0.16666666666666666,0.42,0.15333333333333332,0.1111111111111111,0.29365079365079366,0.5952380952380952,0,0.304,0,0.168,0.16,0.24,0.128,0,0,0,0
2024,00-0036212,MIA,423,423,69,162,92,143,65,5.69172932330827,0.16312056737588654,0.3829787234042553,0.21749408983451538,0.3380614657210402,0.1536643026004728,0.26342710997442453,0.2531969309462916,0.4833759590792839,0,0.23076923076923078,0,0.2512820512820513,0.1794871794871795,0.23076923076923078,0.1076923076923077,2.4164760705289674,5.574704370179949,12.280701754385964,1.6966666666666725
2024,00-0036264,GB,442,442,104,165,91,169,81,8.84,0.23529411764705882,0.3733031674208145,0.20588235294117646,0.38235294117647056,0.1832579185520362,0.15942028985507245,0.18357487922705315,0.6570048309178744,0,0.2181372549019608,0,0.16911764705882354,0.2034313725490196,0.26715686274509803,0.14215686274509803,2.876075294117647,8.865655339805826,17.647058823529413,-1.2205411764705758
2024,00-0036309,ATL,1,1,1,0,0,1,0,19,1,0,0,1,0,0,0,0,0,0,0,0,0,0,0,0,0,0,0
2024,00-0036322,MIN,1,1,0,0,0,1,0,-5,0,0,0,1,0,1,0,0,0,0,0,1,0,0,0,0,0,0,0
2024,00-0036355,LAC,548,548,121,156,117,228,72,8.601190476190476,0.2208029197080292,0.2846715328467153,0.21350364963503649,0.41605839416058393,0.13138686131386862,0.10860655737704918,0.21721311475409835,0.6639344262295082,0.010245901639344262,0.24536082474226803,0,0.12783505154639174,0.20824742268041238,0.2515463917525773,0.1670103092783505,2.9105389221556877,8.66098969072165,15.873015873015872,2.391567460317468
2024,00-0036389,PHI,400,400,70,168,48,144,57,7.795013850415512,0.175,0.42,0.12,0.36,0.1425,0.1701492537313433,0.21492537313432836,0.6149253731343284,0,0.23423423423423423,0,0.12312312312312312,0.17717717717717718,0.2552552552552553,0.21021021021021022,3.1312999999999995,7.991676646706586,16.343490304709142,6.3054570637118985
2024,00-0036442,CIN,702,702,98,236,144,271,138,7.076687116564417,0.1396011396011396,0.33618233618233617,0.20512820512820512,0.38603988603988604,0.19658119658119658,0.16031746031746033,0.24761904761904763,0.5904761904761905,0.0015873015873015873,0.25,0,0.09872611464968153,0.14331210191082802,0.2945859872611465,0.21337579617834396,2.7109508448540702,7.434674085850556,15.797546012269938,4.5219018404907985
2024,00-0036626,WAS,1,1,1,1,0,0,0,36,1,1,0,0,0,0,0,1,0,0,0,0,1,0,0,0,0,0,0
2024,00-0036849,LA,1,1,1,0,0,1,0,34,1,0,0,1,0,0,0,1,0,0,0,0,1,0,0,0,0,0,0
2024,00-0036880,DET,1,1,0,0,0,0,0,0,0,0,0,0,0,0,0,0,0,0,0,0,0,0,0,0,0,0,0
2024,00-0036898,HOU,38,38,6,17,7,12,12,6.194444444444445,0.15789473684210525,0.4473684210526316,0.18421052631578946,0.3157894736842105,0.3157894736842105,0.16666666666666666,0.08333333333333333,0.75,0,0.34285714285714286,0,0.14285714285714285,0.11428571428571428,0.17142857142857143,0.22857142857142856,0,0,0,0
2024,00-0036928,TB,1,1,0,1,0,0,0,-3,0,1,0,0,0,1,0,0,0,0,0,1,0,0,0,0,0,0,0
2024,00-0036945,PIT,178,178,31,71,26,63,23,7.770186335403727,0.17415730337078653,0.398876404494382,0.14606741573033707,0.3539325842696629,0.12921348314606743,0.2679738562091503,0.2222222222222222,0.5098039215686274,0,0.18,0,0.12,0.17333333333333334,0.3333333333333333,0.19333333333333333,3.0368000000000004,7.666381578947369,11.801242236024844,0.4093167701863365
2024,00-0036963,DET,1,1,0,1,0,0,1,5,0,1,0,0,1,0,0,0,1,0,0,0,1,0,0,0,0,0,0
2024,00-0036971,JAX,306,306,71,111,63,109,42,9.359154929577464,0.23202614379084968,0.3627450980392157,0.20588235294117646,0.3562091503267974,0.13725490196078433,0.15942028985507245,0.2608695652173913,0.5797101449275363,0,0.15636363636363637,0,0.13818181818181818,0.22545454545454546,0.29818181818181816,0.18181818181818182,2.6904718309859157,9.26466911764706,11.619718309859154,-3.315035211267606
2024,00-0036972,JAX,279,279,50,91,48,123,35,7.358778625954199,0.17921146953405018,0.32616487455197135,0.17204301075268819,0.44086021505376344,0.12544802867383512,0.1541501976284585,0.26877470355731226,0.5770750988142292,0,0.14919354838709678,0,0.14516129032258066,0.1935483870967742,0.3064516129032258,0.2056451612903226,2.712778625954199,7.226640000000001,13.358778625954198,-1.4514503816793791
2024,00-0037012,DAL,45,45,7,11,5,25,10,6.536585365853658,0.15555555555555556,0.24444444444444444,0.1111111111111111,0.5555555555555556,0.2222222222222222,0.1,0.225,0.675,0,0.2,0,0.15,0.15,0.325,0.175,0,0,0,0
2024,00-0037077,SEA,18,18,2,0,4,10,0,5.928571428571429,0.1111111111111111,0,0.2222222222222222,0.5555555555555556,0,0.21428571428571427,0.5,0.2857142857142857,0,0.15384615384615385,0,0.07692307692307693,0.15384615384615385,0.3076923076923077,0.3076923076923077,0,0,0,0
2024,00-0037276,MIN,1,1,0,0,0,0,1,0,0,0,0,0,1,0,0,0,0,0,0,0,0,0,0,0,0,0,0
2024,00-0037324,KC,1,1,0,0,0,0,0,0,0,0,0,0,0,0,0,0,0,0,0,0,0,0,0,0,0,0,0
2024,00-0037327,MIA,39,39,7,15,6,12,9,6.96969696969697,0.1794871794871795,0.38461538461538464,0.15384615384615385,0.3076923076923077,0.23076923076923078,0.34375,0.25,0.40625,0,0.16129032258064516,0,0.1935483870967742,0.25806451612903225,0.25806451612903225,0.12903225806451613,0,0,0,0
2024,00-0037834,SF,487,487,101,178,124,148,86,8.58021978021978,0.20739219712525667,0.3655030800821355,0.2546201232032854,0.30390143737166325,0.17659137577002054,0.1746031746031746,0.20861678004535147,0.6167800453514739,0,0.2748267898383372,0,0.09699769053117784,0.18706697459584296,0.2748267898383372,0.16628175519630484,2.934611111111111,8.73934090909091,17.802197802197803,2.983076923076929
2024,00-0038102,PHI,46,46,6,21,6,15,8,8.261904761904763,0.13043478260869565,0.45652173913043476,0.13043478260869565,0.32608695652173914,0.17391304347826086,0.1282051282051282,0.10256410256410256,0.7692307692307693,0,0.2631578947368421,0,0.05263157894736842,0.15789473684210525,0.3157894736842105,0.21052631578947367,0,0,0,0
2024,00-0038108,CLE,32,32,6,13,7,11,6,7.096774193548387,0.1875,0.40625,0.21875,0.34375,0.1875,0.13333333333333333,0.26666666666666666,0.6,0,0.3,0,0.03333333333333333,0.23333333333333334,0.3333333333333333,0.1,0,0,0,0
2024,00-0038122,LV,95,95,17,29,19,36,9,8.035294117647059,0.17894736842105263,0.30526315789473685,0.2,0.37894736842105264,0.09473684210526316,0.24358974358974358,0.2692307692307692,0.48717948717948717,0,0.35526315789473684,0,0.07894736842105263,0.13157894736842105,0.18421052631578946,0.25,0,0,0,0
2024,00-0038128,GB,63,63,16,20,7,27,7,7.962962962962963,0.25396825396825395,0.31746031746031744,0.1111111111111111,0.42857142857142855,0.1111111111111111,0.1111111111111111,0.2037037037037037,0.6851851851851852,0,0.09259259259259259,0,0.25925925925925924,0.2222222222222222,0.24074074074074073,0.18518518518518517,0,0,0,0
2024,00-0038400,PHI,47,47,7,15,9,21,6,7.155555555555556,0.14893617021276595,0.3191489361702128,0.19148936170212766,0.44680851063829785,0.1276595744680851,0.17777777777777778,0.24444444444444444,0.5777777777777777,0,0.22727272727272727,0,0.045454545454545456,0.13636363636363635,0.4090909090909091,0.18181818181818182,0,0,0,0
2024,00-0038416,CHI,2,2,0,1,0,1,0,0.5,0,0.5,0,0.5,0,0,0,1,0,0,0,0.5,0,0,0.5,0,0,0,0
2024,00-0038476,NYG,50,50,4,15,9,20,4,5.9772727272727275,0.08,0.3,0.18,0.4,0.08,0.21951219512195122,0.17073170731707318,0.6097560975609756,0,0.3076923076923077,0,0.1282051282051282,0.07692307692307693,0.2564102564102564,0.23076923076923078,0,0,0,0
2024,00-0038543,SEA,1,1,1,0,0,1,0,35,1,0,0,1,0,0,0,1,0,0,0,0,1,0,0,0,0,0,0
2024,00-0038550,DET,10,10,2,3,1,5,0,6.444444444444445,0.2,0.3,0.1,0.5,0,0,0,1,0,0.3333333333333333,0,0.1111111111111111,0.1111111111111111,0.2222222222222222,0.2222222222222222,0,0,0,0
2024,00-0038579,LV,255,255,52,104,51,87,32,7.905349794238683,0.20392156862745098,0.40784313725490196,0.2,0.3411764705882353,0.12549019607843137,0.21030042918454936,0.3562231759656652,0.4334763948497854,0,0.22608695652173913,0,0.13043478260869565,0.17391304347826086,0.30869565217391304,0.1608695652173913,2.9156404958677684,7.744655172413794,20.98765432098765,0.7741975308642068
2024,00-0038582,ARI,2,2,0,0,0,2,0,2,0,0,0,1,0,0,1,0,0,0,0,0.5,0,0.5,0,0,0,0,0
2024,00-0038583,CLE,126,126,20,48,22,48,11,6.016949152542373,0.15873015873015872,0.38095238095238093,0.1746031746031746,0.38095238095238093,0.0873015873015873,0.16981132075471697,0.3113207547169811,0.5188679245283019,0,0.25,0,0.19230769230769232,0.07692307692307693,0.3173076923076923,0.16346153846153846,0,0,0,0
2024,00-0038998,NO,45,45,7,7,19,13,5,8.846153846153847,0.15555555555555556,0.15555555555555556,0.4222222222222222,0.28888888888888886,0.1111111111111111,0.2972972972972973,0.13513513513513514,0.5675675675675675,0,0.2972972972972973,0,0.08108108108108109,0.21621621621621623,0.2702702702702703,0.13513513513513514,0,0,0,0
2024,00-0039150,CAR,414,414,97,136,78,170,64,8.744791666666666,0.23429951690821257,0.3285024154589372,0.18840579710144928,0.4106280193236715,0.15458937198067632,0.17270194986072424,0.1532033426183844,0.6740947075208914,0,0.21022727272727273,0,0.15056818181818182,0.2784090909090909,0.23011363636363635,0.13068181818181818,2.793119791666666,8.690417827298052,19.791666666666664,2.0784374999999997
2024,00-0039152,TEN,344,344,74,130,56,115,30,8.70764119601329,0.21511627906976744,0.37790697674418605,0.16279069767441862,0.33430232558139533,0.0872093023255814,0.20068027210884354,0.20068027210884354,0.5952380952380952,0.003401360544217687,0.1972318339100346,0,0.14878892733564014,0.22491349480968859,0.23183391003460208,0.1972318339100346,2.6770033222591367,8.617610921501706,18.6046511627907,-1.6394352159468468
2024,00-0039163,HOU,584,584,122,173,118,240,72,8.31578947368421,0.2089041095890411,0.2962328767123288,0.20205479452054795,0.410958904109589,0.1232876712328767,0.17288801571709234,0.21021611001964635,0.6168958742632613,0,0.24260355029585798,0,0.16568047337278108,0.16370808678500987,0.3076923076923077,0.1203155818540434,2.9764371482176366,8.33913725490196,15.413533834586465,0.16276315789474438
2024,00-0039164,IND,279,279,94,109,57,96,24,12.212121212121213,0.33691756272401435,0.3906810035842294,0.20430107526881722,0.34408602150537637,0.08602150537634409,0.08,0.18,0.736,0.004,0.21224489795918366,0,0.10612244897959183,0.27755102040816326,0.2530612244897959,0.1510204081632653,2.950442748091603,12.027560000000003,15.909090909090908,-11.17401515151515
2024,00-0039337,NYG,1,1,0,0,0,1,1,1,0,0,0,1,1,0,0,0,0,0,0,0,0,0,0,0,0,0,0
2024,00-0039376,NO,251,251,48,72,46,109,15,8.043859649122806,0.19123505976095617,0.2868525896414343,0.18326693227091634,0.4342629482071713,0.05976095617529881,0.24299065420560748,0.2803738317757009,0.4766355140186916,0,0.14218009478672985,0,0.10900473933649289,0.1990521327014218,0.2843601895734597,0.26540284360189575,2.8174537444933923,7.760046728971962,8.771929824561402,-8.5909210526316
2024,00-0039398,NE,29,29,6,11,5,13,3,9.655172413793103,0.20689655172413793,0.3793103448275862,0.1724137931034483,0.4482758620689655,0.10344827586206896,0.25925925925925924,0.2222222222222222,0.5185185185185185,0,0.18518518518518517,0,0.07407407407407407,0.25925925925925924,0.25925925925925924,0.2222222222222222,0,0,0,0
2024,00-0039491,CAR,1,1,1,0,0,1,0,16,1,0,0,1,0,1,0,0,0,0,0,0,1,0,0,0,0,0,0
2024,00-0039732,DEN,592,592,126,220,114,232,81,7.2592592592592595,0.21283783783783783,0.3716216216216216,0.19256756756756757,0.3918918918918919,0.13682432432432431,0.21206581352833637,0.12979890310786105,0.6581352833638026,0,0.24489795918367346,0,0.20037105751391465,0.1614100185528757,0.2300556586270872,0.16326530612244897,2.906321554770318,7.3869287020109695,13.051146384479717,-2.569135802469134
2024,00-0039851,NE,375,375,52,106,84,147,50,7.316568047337278,0.13866666666666666,0.2826666666666667,0.224,0.392,0.13333333333333333,0.14461538461538462,0.3323076923076923,0.5169230769230769,0.006153846153846154,0.20186335403726707,0,0.13975155279503104,0.18322981366459629,0.2608695652173913,0.21428571428571427,2.7382640949554897,7.328571428571429,15.384615384615385,2.986893491124256
2024,00-0039890,IND,1,1,0,1,0,0,0,-6,0,1,0,0,0,1,0,0,0,0,0,1,0,0,0,0,0,0,0
2024,00-0039910,WAS,530,530,83,145,127,206,77,7.391666666666667,0.15660377358490565,0.27358490566037735,0.23962264150943396,0.3886792452830189,0.14528301886792452,0.16163793103448276,0.21551724137931033,0.6206896551724138,0.0021551724137931034,0.21615720524017468,0,0.1943231441048035,0.1812227074235808,0.17903930131004367,0.2292576419213974,2.684671548117154,7.6367099567099554,14.374999999999998,0.7063958333333318
2024,00-0039916,SF,1,1,0,0,0,1,0,10,0,0,0,1,0,0,0,0,0,0,0,0,0,0,0,0,0,0,0
2024,00-0039917,ATL,109,109,29,41,25,39,16,10.219047619047618,0.26605504587155965,0.3761467889908257,0.22935779816513763,0.3577981651376147,0.14678899082568808,0.14705882352941177,0.12745098039215685,0.7254901960784313,0,0.19801980198019803,0,0.12871287128712872,0.1782178217821782,0.27722772277227725,0.21782178217821782,0,0,0,0
2024,00-0039918,CHI,640,640,124,203,108,247,84,7.98220640569395,0.19375,0.3171875,0.16875,0.3859375,0.13125,0.14661654135338345,0.13721804511278196,0.7161654135338346,0,0.2034548944337812,0,0.19769673704414586,0.18809980806142035,0.2437619961612284,0.16698656429942418,2.91939247311828,7.868505747126436,12.099644128113878,-1.126352313167267
2025,00-0022942,IND,97,97,24,35,25,32,8,7.793478260869565,0.24742268041237114,0.36082474226804123,0.25773195876288657,0.32989690721649484,0.08247422680412371,0.2222222222222222,0.3111111111111111,0.4666666666666667,0,0.23333333333333334,0,0.15555555555555556,0.3,0.17777777777777778,0.13333333333333333,0,0,0,0
2025,00-0023459,PIT,529,529,75,188,100,208,81,6.040160642570281,0.14177693761814744,0.3553875236294896,0.1890359168241966,0.3931947069943289,0.15311909262759923,0.25738396624472576,0.2974683544303797,0.4409282700421941,0.004219409282700422,0.1843220338983051,0,0.2309322033898305,0.2055084745762712,0.2521186440677966,0.1271186440677966,2.5922096774193553,5.995137420718817,14.457831325301203,-0.9491365461847607
2025,00-0026158,CIN,267,267,51,80,89,84,36,7.34375,0.19101123595505617,0.299625468164794,0.3333333333333333,0.3146067415730337,0.1348314606741573,0.17355371900826447,0.18181818181818182,0.6446280991735537,0,0.25311203319502074,0,0.12033195020746888,0.17842323651452283,0.23236514522821577,0.2157676348547718,2.727747572815534,7.213514211886305,16.105769230769234,-0.6558413461538493
2025,00-0026158,CLE,169,169,34,55,36,68,15,7.29375,0.20118343195266272,0.3254437869822485,0.21301775147928995,0.40236686390532544,0.08875739644970414,0.22602739726027396,0.3150684931506849,0.4520547945205479,0.00684931506849315,0.2112676056338028,0,0.176056338028169,0.16901408450704225,0.19718309859154928,0.24647887323943662,0,0,0,0
2025,00-0026300,WAS,56,56,7,20,8,24,6,5.796296296296297,0.125,0.35714285714285715,0.14285714285714285,0.42857142857142855,0.10714285714285714,0.16666666666666666,0.1875,0.6458333333333334,0,0.2708333333333333,0,0.16666666666666666,0.0625,0.22916666666666666,0.2708333333333333,0,0,0,0
2025,00-0026498,LA,620,620,159,219,127,248,113,9.25963149078727,0.2564516129032258,0.3532258064516129,0.20483870967741935,0.4,0.18225806451612903,0.11015490533562823,0.25817555938037867,0.6316695352839932,0,0.22530329289428075,0,0.09705372616984402,0.2616984402079723,0.2512998266897747,0.16464471403812825,0,0,0,0
2025,00-0027973,CAR,45,45,9,16,3,18,7,9.405405405405405,0.2,0.35555555555555557,0.06666666666666667,0.4,0.15555555555555556,0.027777777777777776,0.2222222222222222,0.75,0,0.1111111111111111,0,0.05555555555555555,0.2222222222222222,0.3333333333333333,0.2777777777777778,0,0,0,0
2025,00-0028118,NYJ,148,148,25,50,20,63,15,8.544776119402986,0.16891891891891891,0.33783783783783783,0.13513513513513514,0.42567567567567566,0.10135135135135136,0.16535433070866143,0.2125984251968504,0.6220472440944882,0,0.216,0,0.064,0.176,0.344,0.2,0,0,0,0
2025,00-0029263,NYG,129,129,27,56,18,45,20,8.890756302521009,0.20930232558139536,0.43410852713178294,0.13953488372093023,0.3488372093023256,0.15503875968992248,0.26605504587155965,0.12844036697247707,0.6055045871559633,0,0.1588785046728972,0,0.14018691588785046,0.2523364485981308,0.205607476635514,0.24299065420560748,0,0,0,0
2025,00-0029604,ATL,284,284,53,108,60,98,37,6.951672862453532,0.18661971830985916,0.38028169014084506,0.2112676056338028,0.34507042253521125,0.13028169014084506,0.2490272373540856,0.2918287937743191,0.45525291828793774,0.0038910505836575876,0.2204724409448819,0,0.2125984251968504,0.20078740157480315,0.21653543307086615,0.14960629921259844,2.7773496240601503,6.932431372549019,17.472118959107807,-1.732379182156123
2025,00-0030565,LV,505,505,75,171,89,186,66,6.165178571428571,0.1485148514851485,0.33861386138613864,0.17623762376237623,0.3683168316831683,0.1306930693069307,0.18604651162790697,0.3302325581395349,0.4813953488372093,0.002325581395348837,0.1705607476635514,0,0.1658878504672897,0.18457943925233644,0.2616822429906542,0.21728971962616822,2.802056053811659,6.631471962616821,15.401785714285715,1.5631919642857213
2025,00-0031237,TB,17,17,4,6,5,4,7,6.533333333333333,0.23529411764705882,0.35294117647058826,0.29411764705882354,0.23529411764705882,0.4117647058823529,0.14285714285714285,0.21428571428571427,0.6428571428571429,0,0.07142857142857142,0,0.2857142857142857,0.2857142857142857,0.21428571428571427,0.14285714285714285,0,0,0,0
2025,00-0031503,NYG,69,69,15,24,9,33,10,9.378787878787879,0.21739130434782608,0.34782608695652173,0.13043478260869565,0.4782608695652174,0.14492753623188406,0.14285714285714285,0.19047619047619047,0.6666666666666666,0,0.2222222222222222,0,0.1111111111111111,0.23809523809523808,0.31746031746031744,0.1111111111111111,0,0,0,0
2025,00-0032268,WAS,246,246,69,89,41,95,33,10.110132158590309,0.2804878048780488,0.3617886178861789,0.16666666666666666,0.3861788617886179,0.13414634146341464,0.11267605633802817,0.2676056338028169,0.6197183098591549,0,0.22641509433962265,0,0.15566037735849056,0.25471698113207547,0.18396226415094338,0.1792452830188679,2.8531688888888893,10.168809523809525,19.823788546255507,3.4782378854625406
2025,00-0032434,TEN,31,31,4,20,1,9,0,3.6333333333333333,0.12903225806451613,0.6451612903225806,0.03225806451612903,0.2903225806451613,0,0.3,0.23333333333333334,0.4666666666666667,0,0.16666666666666666,0,0.36666666666666664,0.1,0.3,0.06666666666666667,0,0,0,0
2025,00-0032764,BAL,1,1,0,0,0,1,1,10,0,0,0,1,1,0,0,1,0,0,0,0,0,1,0,0,0,0,0
2025,00-0032950,MIN,189,189,42,62,32,74,39,7.621301775147929,0.2222222222222222,0.328042328042328,0.1693121693121693,0.3915343915343915,0.20634920634920634,0.13580246913580246,0.21604938271604937,0.6481481481481481,0,0.12962962962962962,0,0.12962962962962962,0.24074074074074073,0.30246913580246915,0.19753086419753085,2.7058273809523805,7.981987577639751,14.792899408284024,0.2815384615384886
2025,00-0033077,DAL,634,634,123,252,114,231,111,8.015,0.19400630914826497,0.39747634069400634,0.17981072555205047,0.3643533123028391,0.1750788643533123,0.1362862010221465,0.22998296422487224,0.6337308347529813,0,0.25728987993138935,0,0.11492281303602059,0.17152658662092624,0.2367066895368782,0.2195540308747856,2.819700167504188,8.33302564102564,20.333333333333332,4.600966666666665
2025,00-0033106,DET,616,616,97,187,186,203,99,6.427335640138408,0.15746753246753248,0.30357142857142855,0.30194805194805197,0.32954545454545453,0.16071428571428573,0.22527472527472528,0.163003663003663,0.6117216117216118,0,0.2828096118299446,0,0.15711645101663585,0.11460258780036968,0.2476894639556377,0.1977818853974122,2.6984913194444444,6.828131868131869,12.45674740484429,1.7020934256055398
2025,00-0033119,ARI,531,531,98,170,101,213,96,7.622680412371134,0.18455743879472694,0.32015065913371,0.1902071563088512,0.4011299435028249,0.1807909604519774,0.1934782608695652,0.358695652173913,0.44782608695652176,0,0.2565217391304348,0,0.11956521739130435,0.1608695652173913,0.27391304347826084,0.1891304347826087,2.9404834710743804,7.758537117903929,16.49484536082474,3.533525773195869
2025,00-0033269,IND,1,1,0,0,0,1,0,11,0,0,0,1,0,0,1,0,0,0,0,0,1,0,0,0,0,0,0
2025,00-0033280,SF,1,1,0,0,0,1,1,14,0,0,0,1,1,0,0,0,0,0,0,0,0,0,0,0,0,0,0
2025,00-0033319,JAX,3,3,0,2,1,0,1,1.3333333333333333,0,0.6666666666666666,0.3333333333333333,0,0.3333333333333333,0.3333333333333333,0,0.6666666666666666,0,0.3333333333333333,0,0.6666666666666666,0,0,0,0,0,0,0
2025,00-0033357,NO,6,6,2,1,1,4,2,7.5,0.3333333333333333,0.16666666666666666,0.16666666666666666,0.6666666666666666,0.3333333333333333,0,0.25,0.75,0,0,0,0.25,0.5,0.25,0,0,0,0,0
2025,00-0033400,ARI,1,1,1,0,1,0,0,19,1,0,1,0,0,1,0,0,0,0,0,0,0,0,0,0,0,0,0
2025,00-0033662,BAL,53,53,5,16,15,21,1,6.4423076923076925,0.09433962264150944,0.3018867924528302,0.2830188679245283,0.39622641509433965,0.018867924528301886,0.17647058823529413,0.29411764705882354,0.5294117647058824,0,0.12,0,0.16,0.18,0.24,0.3,0,0,0,0
2025,00-0033869,BUF,37,37,6,16,6,13,11,7.285714285714286,0.16216216216216217,0.43243243243243246,0.16216216216216217,0.35135135135135137,0.2972972972972973,0.16666666666666666,0.2777777777777778,0.5555555555555556,0,0.3055555555555556,0,0.05555555555555555,0.2222222222222222,0.3055555555555556,0.1111111111111111,0,0,0,0
2025,00-0033873,KC,539,539,111,202,90,208,93,8.06772908366534,0.20593692022263452,0.3747680890538033,0.16697588126159554,0.38589981447124305,0.1725417439703154,0.14495798319327732,0.2605042016806723,0.592436974789916,0.0021008403361344537,0.2468354430379747,0,0.20464135021097046,0.20042194092827004,0.17721518987341772,0.17088607594936708,2.790962,7.874820295983087,13.346613545816732,-2.6773107569720906
2025,00-0033908,SEA,1,1,0,0,0,1,0,9,0,0,0,1,0,0,0,1,0,1,0,0,0,0,0,0,0,0,0
2025,00-0033949,NE,10,10,3,4,0,6,0,11.9,0.3,0.4,0,0.6,0,0.1,0.3,0.6,0,0,0,0.2,0.2,0.4,0.2,0,0,0,0
2025,00-0034348,DEN,1,1,0,0,0,0,0,0,0,0,0,0,0,0,0,0,0,0,0,0,0,0,0,0,0,0,0
2025,00-0034577,DET,2,2,0,1,0,1,0,5,0,0.5,0,0.5,0,0,0.5,0.5,0,0,0,0,0,0.5,0.5,0,0,0,0
2025,00-0034721,CLE,1,1,1,0,0,1,0,15,1,0,0,1,0,0,0,0,0,0,0,0,0,0,0,0,0,0,0
2025,00-0034771,PIT,54,54,8,23,7,22,5,5.230769230769231,0.14814814814814814,0.42592592592592593,0.12962962962962962,0.4074074074074074,0.09259259259259259,0.28,0.24,0.48,0,0.2653061224489796,0,0.22448979591836735,0.14285714285714285,0.20408163265306123,0.16326530612244897,0,0,0,0
2025,00-0034796,BAL,340,340,79,104,72,124,53,8.7682119205298,0.2323529411764706,0.3058823529411765,0.21176470588235294,0.36470588235294116,0.15588235294117647,0.17465753424657535,0.3116438356164384,0.5136986301369864,0,0.22602739726027396,0,0.10616438356164383,0.2534246575342466,0.23972602739726026,0.17465753424657535,3.0146699999999997,9.10951724137931,11.589403973509933,-2.5672516556291427
2025,00-0034827,CHI,1,1,0,0,0,1,1,2,0,0,0,1,1,0,0,0,1,0,0,1,0,0,0,0,0,0,0
2025,00-0034855,TB,585,585,117,216,107,219,76,8.114180478821362,0.2,0.36923076923076925,0.1829059829059829,0.37435897435897436,0.12991452991452992,0.16760828625235405,0.15819209039548024,0.672316384180791,0.0018832391713747645,0.2239089184060721,0,0.16129032258064516,0.20683111954459202,0.2523719165085389,0.1555977229601518,2.846171586715867,8.087386363636362,16.390423572744016,-1.6707151060460887
2025,00-0034857,BUF,507,507,97,168,96,195,77,7.302173913043478,0.1913214990138067,0.33136094674556216,0.1893491124260355,0.38461538461538464,0.15187376725838264,0.18584070796460178,0.25,0.5641592920353983,0,0.2739420935412027,0,0.18485523385300667,0.1759465478841871,0.2071269487750557,0.15812917594654788,2.8916252723311544,7.145258426966292,11.304347826086957,1.5356304347825898
2025,00-0034869,SEA,506,506,91,188,106,179,73,7.863731656184487,0.17984189723320157,0.3715415019762846,0.20948616600790515,0.35375494071146246,0.1442687747035573,0.1346578366445916,0.22737306843267108,0.6379690949227373,0,0.26222222222222225,0,0.09333333333333334,0.17555555555555555,0.2777777777777778,0.19111111111111112,2.8650972515856243,8.361729490022174,13.20754716981132,4.098784067085965
2025,00-0034955,CIN,1,1,0,0,0,0,0,0,0,0,0,0,0,0,0,0,0,0,0,0,0,0,0,0,0,0,0
2025,00-0035100,CIN,134,134,24,43,28,54,12,7.672,0.1791044776119403,0.3208955223880597,0.208955223880597,0.40298507462686567,0.08955223880597014,0.175,0.225,0.6,0,0.2033898305084746,0,0.1694915254237288,0.2033898305084746,0.19491525423728814,0.2288135593220339,0,0,0,0
2025,00-0035228,ARI,177,177,30,65,35,61,21,5.84472049689441,0.1694915254237288,0.3672316384180791,0.1977401129943503,0.3446327683615819,0.11864406779661017,0.21656050955414013,0.34394904458598724,0.4394904458598726,0,0.2012987012987013,0,0.18181818181818182,0.15584415584415584,0.2727272727272727,0.18831168831168832,2.683403726708074,6.035859872611465,13.043478260869565,-1.2358385093167783
2025,00-0035250,NYG,1,1,0,0,0,0,1,0,0,0,0,0,1,0,0,1,0,0,0,0,0,0,1,0,0,0,0
2025,00-0035289,KC,13,13,2,8,0,5,0,5.230769230769231,0.15384615384615385,0.6153846153846154,0,0.38461538461538464,0,0.18181818181818182,0.5454545454545454,0.2727272727272727,0,0,0,0.2727272727272727,0.09090909090909091,0.2727272727272727,0.36363636363636365,0,0,0,0
2025,00-0035645,NYG,2,2,0,1,0,1,1,11.5,0,0.5,0,0.5,0.5,0,0.5,0,0.5,0,0,0,1,0,0,0,0,0,0
2025,00-0035685,DET,3,3,0,0,2,0,2,3.5,0,0,0.6666666666666666,0,0.6666666666666666,0,1,0,0,0,0,0,1,0,0,0,0,0,0
2025,00-0035704,SEA,3,3,0,2,1,0,0,1.6666666666666667,0,0.6666666666666666,0.3333333333333333,0,0,0.6666666666666666,0,0.3333333333333333,0,0,0,0.3333333333333333,0,0,0.6666666666666666,0,0,0,0
2025,00-0035710,IND,411,411,82,164,74,144,66,8.002604166666666,0.19951338199513383,0.39902676399026765,0.18004866180048662,0.35036496350364965,0.16058394160583941,0.13756613756613756,0.24338624338624337,0.6164021164021164,0.0026455026455026454,0.256,0,0.09066666666666667,0.17866666666666667,0.28533333333333333,0.18933333333333333,2.7010026178010476,8.219651474530831,17.708333333333336,3.622552083333346
2025,00-0035993,BAL,75,75,9,25,15,26,16,6.402985074626866,0.12,0.3333333333333333,0.2,0.3466666666666667,0.21333333333333335,0.2,0.26153846153846155,0.5384615384615384,0,0.26153846153846155,0,0.09230769230769231,0.12307692307692308,0.23076923076923078,0.2923076923076923,0,0,0,0
2025,00-0036212,MIA,417,417,61,177,65,140,62,6.8046875,0.14628297362110312,0.4244604316546763,0.15587529976019185,0.33573141486810554,0.1486810551558753,0.260752688172043,0.21505376344086022,0.5241935483870968,0,0.239247311827957,0,0.20967741935483872,0.17473118279569894,0.2553763440860215,0.12096774193548387,2.654879581151833,6.656883468834688,12.760416666666666,-0.3672656250000017
2025,00-0036264,GB,462,462,106,158,89,191,68,8.817767653758542,0.22943722943722944,0.341991341991342,0.19264069264069264,0.4134199134199134,0.1471861471861472,0.1791767554479419,0.2179176755447942,0.6029055690072639,0,0.18048780487804877,0,0.14390243902439023,0.1926829268292683,0.3073170731707317,0.17560975609756097,2.890995433789954,8.829172749391727,16.173120728929387,3.9293849658314386
2025,00-0036290,CHI,1,1,0,0,0,1,0,13,0,0,0,1,0,0,0,1,0,1,0,0,0,0,0,0,0,0,0
2025,00-0036355,LAC,566,566,96,173,114,225,89,7.833984375,0.1696113074204947,0.30565371024734983,0.20141342756183744,0.39752650176678445,0.15724381625441697,0.12753036437246965,0.1720647773279352,0.6902834008097166,0.010121457489878543,0.26774847870182555,0,0.11156186612576065,0.19066937119675456,0.2231237322515213,0.20689655172413793,2.9019433593750006,7.965526315789474,14.6484375,3.063073529411767
2025,00-0036389,PHI,488,488,102,195,74,183,56,8.969162995594713,0.20901639344262296,0.39959016393442626,0.15163934426229508,0.375,0.11475409836065574,0.15151515151515152,0.22144522144522144,0.627039627039627,0,0.21311475409836064,0,0.09836065573770492,0.1756440281030445,0.30210772833723654,0.2107728337236534,2.9762831858407077,8.965654205607477,17.841409691629956,3.0481718061674172
2025,00-0036414,MIN,1,1,1,0,0,1,0,15,1,0,0,1,0,0,1,0,0,0,0,0,1,0,0,0,0,0,0
2025,00-0036442,CIN,278,278,42,103,49,107,44,7.212355212355212,0.1510791366906475,0.37050359712230213,0.17625899280575538,0.38489208633093525,0.15827338129496402,0.19678714859437751,0.23694779116465864,0.5622489959839357,0.004016064257028112,0.2145748987854251,0,0.13765182186234817,0.19433198380566802,0.2631578947368421,0.1902834008097166,2.8016177606177606,7.594717741935483,17.374517374517374,1.9825868725868645
2025,00-0036613,MIA,1,1,0,0,0,1,0,-5,0,0,0,1,0,1,0,0,0,0,0,1,0,0,0,0,0,0,0
2025,00-0036679,KC,19,19,3,6,4,4,3,9.857142857142858,0.15789473684210525,0.3157894736842105,0.21052631578947367,0.21052631578947367,0.15789473684210525,0.15384615384615385,0.5384615384615384,0.3076923076923077,0,0.07692307692307693,0,0.15384615384615385,0.15384615384615385,0.3076923076923077,0.3076923076923077,0,0,0,0
2025,00-0036898,HOU,169,169,30,60,29,70,30,8.553459119496855,0.17751479289940827,0.35502958579881655,0.17159763313609466,0.41420118343195267,0.17751479289940827,0.1038961038961039,0.23376623376623376,0.6623376623376623,0,0.19480519480519481,0,0.06493506493506493,0.22077922077922077,0.2987012987012987,0.22077922077922077,2.5618679245283014,8.72078947368421,20.125786163522015,-2.5372327044025127
2025,00-0036945,NYJ,235,235,32,79,49,74,30,6.759803921568627,0.13617021276595745,0.33617021276595743,0.20851063829787234,0.3148936170212766,0.1276595744680851,0.2474747474747475,0.25252525252525254,0.5,0,0.23316062176165803,0,0.10880829015544041,0.13471502590673576,0.25906735751295334,0.26424870466321243,2.9289306930693075,6.825309278350516,16.176470588235293,-2.917352941176482
2025,00-0036971,JAX,603,603,137,232,122,203,92,8.707142857142857,0.22719734660033167,0.38474295190713104,0.2023217247097844,0.33665008291873966,0.15257048092868988,0.14102564102564102,0.19230769230769232,0.5842490842490843,0.08241758241758242,0.24953789279112754,0,0.12384473197781885,0.19593345656192238,0.25508317929759705,0.1756007393715342,2.8681149012567326,8.994485294117647,16.785714285714285,-2.4868928571428484
2025,00-0036972,SF,307,307,53,114,77,95,43,7.349480968858131,0.17263843648208468,0.3713355048859935,0.250814332247557,0.30944625407166126,0.14006514657980457,0.3142857142857143,0.20357142857142857,0.4785714285714286,0.0035714285714285713,0.27598566308243727,0,0.1039426523297491,0.17921146953405018,0.2867383512544803,0.15412186379928317,2.7146433566433568,7.060791366906474,16.955017301038062,3.530657439446358
2025,00-0037012,LAC,63,63,11,21,7,25,4,9.385964912280702,0.1746031746031746,0.3333333333333333,0.1111111111111111,0.3968253968253968,0.06349206349206349,0.14,0.28,0.58,0,0.14,0,0.14,0.3,0.2,0.22,0,0,0,0
2025,00-0037013,MIA,11,11,2,2,1,8,0,5.545454545454546,0.18181818181818182,0.18181818181818182,0.09090909090909091,0.7272727272727273,0,0.2,0.1,0.7,0,0.1,0,0.3,0.1,0.4,0.1,0,0,0,0
2025,00-0037239,NO,1,1,0,0,0,1,1,4,0,0,0,1,1,0,0,0,1,0,0,1,0,0,0,0,0,0,0
2025,00-0037324,KC,63,63,7,20,6,28,5,5.036363636363636,0.1111111111111111,0.31746031746031744,0.09523809523809523,0.4444444444444444,0.07936507936507936,0.3076923076923077,0.23076923076923078,0.46153846153846156,0,0.1346153846153846,0,0.28846153846153844,0.11538461538461539,0.40384615384615385,0.057692307692307696,0,0,0,0
2025,00-0037742,WAS,1,1,0,0,0,0,0,0,0,0,0,0,0,0,0,0,0,0,0,0,0,0,0,0,0,0,0
2025,00-0037834,SF,298,298,52,110,73,101,60,7.598591549295775,0.174496644295302,0.3691275167785235,0.24496644295302014,0.3389261744966443,0.20134228187919462,0.2956204379562044,0.2664233576642336,0.43795620437956206,0,0.25547445255474455,0,0.0948905109489051,0.15693430656934307,0.3357664233576642,0.15693430656934307,3.1684260563380287,7.845955882352941,15.845070422535212,4.865669014084517
2025,00-0038102,LV,53,53,4,16,6,22,2,5.822222222222222,0.07547169811320754,0.3018867924528302,0.11320754716981132,0.41509433962264153,0.03773584905660377,0.22727272727272727,0.25,0.5227272727272727,0,0.37209302325581395,0,0.13953488372093023,0.046511627906976744,0.37209302325581395,0.06976744186046512,0,0,0,0
2025,00-0038120,NYJ,1,1,0,0,0,1,1,4,0,0,0,1,1,0,1,0,0,0,0,0,0,1,0,0,0,0,0
2025,00-0038128,GB,38,38,10,11,6,18,8,10.114285714285714,0.2631578947368421,0.2894736842105263,0.15789473684210525,0.47368421052631576,0.21052631578947367,0.08571428571428572,0.14285714285714285,0.7714285714285715,0,0.11428571428571428,0,0.17142857142857143,0.22857142857142856,0.37142857142857144,0.11428571428571428,0,0,0,0
2025,00-0038400,PHI,46,46,11,12,8,23,8,9.55813953488372,0.2391304347826087,0.2608695652173913,0.17391304347826086,0.5,0.17391304347826086,0.13513513513513514,0.24324324324324326,0.6216216216216216,0,0.2702702702702703,0,0.08108108108108109,0.21621621621621623,0.32432432432432434,0.10810810810810811,0,0,0,0
2025,00-0038416,CHI,4,4,1,1,1,2,0,7.5,0.25,0.25,0.25,0.5,0,0,0.5,0.25,0.25,0.5,0,0.25,0.25,0,0,0,0,0,0
2025,00-0038579,LV,23,23,5,5,2,15,2,8.363636363636363,0.21739130434782608,0.21739130434782608,0.08695652173913043,0.6521739130434783,0.08695652173913043,0.22727272727272727,0.18181818181818182,0.5909090909090909,0,0.13636363636363635,0,0.22727272727272727,0.22727272727272727,0.22727272727272727,0.18181818181818182,0,0,0,0
2025,00-0038582,GB,20,20,0,4,2,9,1,3.8666666666666667,0,0.2,0.1,0.45,0.05,0.14285714285714285,0.21428571428571427,0.6428571428571429,0,0.21428571428571427,0,0.14285714285714285,0,0.5,0.14285714285714285,0,0,0,0
2025,00-0039054,NE,1,1,0,0,0,0,0,0,0,0,0,0,0,0,0,0,0,0,0,0,0,0,0,0,0,0,0
2025,00-0039150,CAR,508,508,79,190,100,186,75,6.489539748953975,0.15551181102362205,0.37401574803149606,0.1968503937007874,0.3661417322834646,0.14763779527559054,0.2040358744394619,0.2040358744394619,0.5919282511210763,0,0.2018140589569161,0,0.14058956916099774,0.18820861678004536,0.2653061224489796,0.20408163265306123,2.8341386554621852,6.9436261261261265,12.133891213389122,-0.2980334728033611
2025,00-0039163,HOU,449,449,79,161,76,183,61,8.049645390070921,0.1759465478841871,0.3585746102449889,0.16926503340757237,0.40757238307349664,0.1358574610244989,0.1513647642679901,0.23573200992555832,0.6129032258064516,0,0.2475,0,0.0975,0.18,0.3175,0.1575,2.8201547619047616,8.034776119402984,12.76595744680851,0.9626713947990524
2025,00-0039164,IND,2,2,1,0,1,1,0,15.5,0.5,0,0.5,0.5,0,0,0,0.5,0.5,0,0,0,0,0,1,0,0,0,0
2025,00-0039376,NO,275,275,52,92,53,109,32,7.898832684824903,0.1890909090909091,0.33454545454545453,0.19272727272727272,0.39636363636363636,0.11636363636363636,0.15918367346938775,0.2163265306122449,0.6204081632653061,0.004081632653061225,0.22540983606557377,0,0.09836065573770492,0.1598360655737705,0.2581967213114754,0.2581967213114754,2.6709330708661416,7.967836734693879,16.731517509727624,2.6119066147859797
2025,00-0039398,DAL,24,24,8,8,4,12,2,10.833333333333334,0.3333333333333333,0.3333333333333333,0.16666666666666666,0.5,0.08333333333333333,0.08695652173913043,0.17391304347826086,0.7391304347826086,0,0.13043478260869565,0,0.13043478260869565,0.30434782608695654,0.21739130434782608,0.21739130434782608,0,0,0,0
2025,00-0039451,NYJ,1,1,0,1,0,0,1,6,0,1,0,0,1,0,0,0,1,0,0,0,1,0,0,0,0,0,0
2025,00-0039577,ARI,2,2,0,2,0,0,0,1.5,0,1,0,0,0,0,0,1,0,0,0,0,0,1,0,0,0,0,0
2025,00-0039634,NYJ,1,1,0,0,1,0,0,3,0,0,1,0,0,0,0,0,1,0,0,0,0,0,0,0,0,0,0
2025,00-0039732,DEN,639,639,121,250,100,261,95,7.330065359477124,0.18935837245696402,0.39123630672926446,0.1564945226917058,0.4084507042253521,0.1486697965571205,0.1989795918367347,0.195578231292517,0.6037414965986394,0.0017006802721088435,0.20748299319727892,0,0.19047619047619047,0.18197278911564627,0.25170068027210885,0.1683673469387755,2.8641112929623564,7.514716981132075,11.11111111111111,-2.0216176470588394
2025,00-0039750,LA,1,1,0,0,0,0,1,0,0,0,0,0,1,0,0,0,0,0,0,0,0,0,0,0,0,0,0
2025,00-0039851,NE,540,540,123,196,114,182,83,9.132113821138212,0.22777777777777777,0.362962962962963,0.2111111111111111,0.337037037037037,0.1537037037037037,0.17547568710359407,0.23678646934460887,0.5856236786469344,0.0021141649048625794,0.23779193205944799,0,0.09129511677282377,0.22505307855626328,0.26963906581740976,0.1762208067940552,2.9732459349593494,9.111758474576272,17.88617886178862,9.027012195121955
2025,00-0039910,WAS,207,207,36,69,32,85,26,7.3936170212765955,0.17391304347826086,0.3333333333333333,0.15458937198067632,0.4106280193236715,0.12560386473429952,0.13714285714285715,0.22285714285714286,0.64,0,0.23563218390804597,0,0.15517241379310345,0.16091954022988506,0.1839080459770115,0.26436781609195403,2.794279569892473,7.613505747126437,12.76595744680851,-3.665319148936163
2025,00-0039917,ATL,290,290,66,129,30,117,33,8.333333333333334,0.22758620689655173,0.44482758620689655,0.10344827586206896,0.40344827586206894,0.11379310344827587,0.20754716981132076,0.2,0.5924528301886792,0,0.17557251908396945,0,0.13358778625954199,0.19083969465648856,0.2862595419847328,0.21374045801526717,2.7899384057971015,8.850984848484847,14.855072463768115,-2.541014492753625
2025,00-0039918,CHI,596,596,144,172,126,268,82,8.625,0.24161073825503357,0.28859060402684567,0.21140939597315436,0.44966442953020136,0.13758389261744966,0.1490566037735849,0.25660377358490566,0.5943396226415094,0,0.24761904761904763,0,0.14095238095238094,0.16380952380952382,0.2838095238095238,0.16380952380952382,3.1954999999999996,8.446653992395436,11.267605633802818,-6.665792253521133
2025,00-0039923,MIN,273,273,65,85,43,115,44,8.814814814814815,0.23809523809523808,0.31135531135531136,0.1575091575091575,0.42124542124542125,0.16117216117216118,0.15767634854771784,0.1825726141078838,0.6597510373443983,0,0.17872340425531916,0,0.13617021276595745,0.2297872340425532,0.2936170212765957,0.16170212765957448,3.0179835390946503,9.340378151260504,17.28395061728395,-4.940329218106989
2025,00-0040128,IND,1,1,0,1,0,0,1,11,0,1,0,0,1,0,0,0,0,0,0,0,0,0,0,0,0,0,0
2025,00-0040206,IND,70,70,11,26,11,30,17,8.014925373134329,0.15714285714285714,0.37142857142857144,0.15714285714285714,0.42857142857142855,0.24285714285714285,0.09230769230769231,0.3076923076923077,0.6,0,0.23076923076923078,0,0.06153846153846154,0.2,0.24615384615384617,0.26153846153846155,0,0,0,0
2025,00-0040234,MIA,91,91,21,27,19,37,11,8.349397590361447,0.23076923076923078,0.2967032967032967,0.2087912087912088,0.4065934065934066,0.12087912087912088,0.17073170731707318,0.2926829268292683,0.524390243902439,0.012195121951219513,0.2926829268292683,0,0.18292682926829268,0.18292682926829268,0.2804878048780488,0.06097560975609756,0,0,0,0
2025,00-0040398,NYJ,173,173,20,67,16,70,20,5.666666666666667,0.11560693641618497,0.3872832369942196,0.09248554913294797,0.4046242774566474,0.11560693641618497,0.1610738255033557,0.19463087248322147,0.6442953020134228,0,0.13513513513513514,0,0.1891891891891892,0.12837837837837837,0.34459459459459457,0.20270270270270271,2.5715555555555554,5.396824324324324,14.37908496732026,-9.448104575163413
2025,00-0040494,MIN,85,85,10,28,12,31,9,4.394366197183099,0.11764705882352941,0.32941176470588235,0.1411764705882353,0.36470588235294116,0.10588235294117647,0.29411764705882354,0.22058823529411764,0.4852941176470588,0,0.14705882352941177,0,0.23529411764705882,0.07352941176470588,0.27941176470588236,0.2647058823529412,0,0,0,0
2025,00-0040668,CLE,235,235,43,68,58,86,17,7.193396226415095,0.1829787234042553,0.28936170212765955,0.24680851063829787,0.3659574468085106,0.07234042553191489,0.2564102564102564,0.3230769230769231,0.4205128205128205,0,0.2422680412371134,0,0.211340206185567,0.18041237113402062,0.20103092783505155,0.16494845360824742,3.2343443396226417,7.149897435897436,13.20754716981132,-3.4853301886792494
2025,00-0040676,TEN,595,595,107,195,109,233,59,7.231481481481482,0.17983193277310924,0.3277310924369748,0.18319327731092436,0.3915966386554622,0.09915966386554621,0.168,0.266,0.564,0.002,0.21327967806841047,0,0.1750503018108652,0.20724346076458752,0.22937625754527163,0.1750503018108652,2.995396648044693,7.55988,12.592592592592592,-3.2388888888889014
2025,00-0040691,NYG,376,376,71,119,85,134,56,8.179941002949853,0.18882978723404256,0.31648936170212766,0.22606382978723405,0.35638297872340424,0.14893617021276595,0.18429003021148035,0.22658610271903323,0.5891238670694864,0,0.20909090909090908,0,0.1606060606060606,0.23333333333333334,0.20909090909090908,0.18787878787878787,2.8210266272189353,8.29176291793313,12.979351032448378,-1.9900884955752147
2025,00-0040704,CLE,205,205,22,90,49,45,35,5.827027027027027,0.1073170731707317,0.43902439024390244,0.23902439024390243,0.21951219512195122,0.17073170731707318,0.2032967032967033,0.33516483516483514,0.46153846153846156,0,0.2802197802197802,0,0.16483516483516483,0.13736263736263737,0.24725274725274726,0.17032967032967034,2.7329510869565214,5.8096132596685095,14.054054054054054,-5.688594594594598
2025,00-0040730,DEN,1,1,0,1,0,0,1,2,0,1,0,0,1,0,0,0,1,0,0,0,1,0,0,0,0,0,0
2025,00-0040743,NO,359,359,69,120,66,138,28,8.281345565749236,0.19220055710306408,0.3342618384401114,0.18384401114206128,0.38440111420612816,0.07799442896935933,0.12025316455696203,0.27848101265822783,0.6012658227848101,0,0.1930379746835443,0,0.11392405063291139,0.1930379746835443,0.2848101265822785,0.21518987341772153,2.680018518518519,8.326380952380951,12.844036697247708,1.368073394495397
2025,00-0040784,CLE,1,1,0,0,0,0,1,0,0,0,0,0,1,0,0,1,0,0,0,1,0,0,0,0,0,0,0
