season,player_id,rec_context_targets,rec_avg_depth_target,rec_deep_targets,rec_short_targets,rec_left_targets,rec_middle_targets,rec_right_targets,rec_redzone_targets,rec_deep_target_rate,rec_short_target_rate,rec_left_target_rate,rec_middle_target_rate,rec_right_target_rate,rec_redzone_target_rate,rec_route_other,rec_route_screen,rec_route_vertical,rec_route_in_break,rec_route_out_break,rec_route_hitch,rec_ngs_avg_cushion,rec_ngs_avg_separation,rec_ngs_avg_depth,rec_ngs_air_yards_share
2018,00-0019596,1,0,0,1,0,0,1,0,0,1,0,0,1,0,1,0,0,0,0,0,0,0,0,0
2018,00-0020531,1,-2,0,1,1,0,0,0,0,1,1,0,0,0,0,0,0,0,0,0,0,0,0,0
2018,00-0021547,48,7.911111111111111,6,12,16,10,19,12,0.125,0.25,0.3333333333333333,0.20833333333333334,0.3958333333333333,0.25,0.6888888888888889,0.022222222222222223,0.28888888888888886,0,0,0,4.449473684210527,2.464236806451032,0,9.805729925921518
2018,00-0022787,1,-7,0,1,0,1,0,0,0,1,0,1,0,0,0,0,0,0,0,0,0,0,0,0
2018,00-0022921,113,9.223214285714286,26,40,33,35,44,15,0.23008849557522124,0.35398230088495575,0.2920353982300885,0.30973451327433627,0.3893805309734513,0.13274336283185842,0.5714285714285714,0.08035714285714286,0.26785714285714285,0.08035714285714286,0,0,6.338921568627452,2.2610111086412688,0,27.101045858420825
2018,00-0022924,1,0,0,1,0,1,0,0,0,1,0,1,0,0,0,0,0,0,0,0,0,0,0,0
2018,00-0022943,46,10.217391304347826,13,12,5,13,28,9,0.2826086956521739,0.2608695652173913,0.10869565217391304,0.2826086956521739,0.6086956521739131,0.1956521739130435,0.7608695652173914,0.021739130434782608,0.1956521739130435,0.021739130434782608,0,0,5.1703125,2.642627979604568,0,12.162508475662168
2018,00-0023500,16,1.3125,0,15,5,3,8,3,0,0.9375,0.3125,0.1875,0.5,0.1875,0.875,0.125,0,0,0,0,0,0,0,0
2018,00-0023564,23,1.2173913043478262,1,19,9,1,13,4,0.043478260869565216,0.8260869565217391,0.391304347826087,0.043478260869565216,0.5652173913043478,0.17391304347826086,0.9130434782608695,0,0.08695652173913043,0,0,0,0,0,0,0
2018,00-0024221,37,11.555555555555555,13,10,11,11,14,2,0.35135135135135137,0.2702702702702703,0.2972972972972973,0.2972972972972973,0.3783783783783784,0.05405405405405406,0.5555555555555556,0,0.3333333333333333,0.1111111111111111,0,0,0,0,0,0
2018,00-0024243,4,1.25,0,4,3,0,1,1,0,1,0.75,0,0.25,0.25,0.75,0.25,0,0,0,0,0,0,0,0
2018,00-0024334,23,11.173913043478262,6,4,14,4,5,3,0.2608695652173913,0.17391304347826086,0.6086956521739131,0.17391304347826086,0.21739130434782608,0.13043478260869565,0.34782608695652173,0,0.43478260869565216,0.21739130434782608,0,0,0,0,0,0
2018,00-0024348,1,-1,0,1,0,0,1,0,0,1,0,0,1,0,1,0,0,0,0,0,0,0,0,0
2018,00-0024389,7,6.571428571428571,0,2,3,1,3,1,0,0.2857142857142857,0.42857142857142855,0.14285714285714285,0.42857142857142855,0.14285714285714285,1,0,0,0,0,0,0,0,0,0
2018,00-0025394,26,0.34615384615384615,0,23,13,6,7,3,0,0.8846153846153846,0.5,0.23076923076923078,0.2692307692307692,0.11538461538461539,0.8076923076923077,0.19230769230769232,0,0,0,0,0,0,0,0
2018,00-0025396,31,16.633333333333333,14,6,15,3,12,5,0.45161290322580644,0.1935483870967742,0.4838709677419355,0.0967741935483871,0.3870967741935484,0.16129032258064516,0.5666666666666667,0.03333333333333333,0.36666666666666664,0.03333333333333333,0,0,0,0,0,0
2018,00-0025399,20,-0.3,0,19,11,5,4,5,0,0.95,0.55,0.25,0.2,0.25,0.9,0.1,0,0,0,0,0,0,0,0
2018,00-0025415,1,-10,0,1,1,0,0,0,0,1,1,0,0,0,0,0,0,0,0,0,0,0,0,0
2018,00-0025418,38,8.868421052631579,9,14,11,14,13,6,0.23684210526315788,0.3684210526315789,0.2894736842105263,0.3684210526315789,0.34210526315789475,0.15789473684210525,0.631578947368421,0.02631578947368421,0.3157894736842105,0.02631578947368421,0,0,0,0,0,0
2018,00-0025580,1,-2,0,1,0,0,1,0,0,1,0,0,1,0,0,0,0,0,0,0,0,0,0,0
2018,00-0025944,1,-8,0,1,0,1,0,1,0,1,0,1,0,1,0,0,0,0,0,0,0,0,0,0
2018,00-0026035,79,7.455696202531645,10,25,29,20,30,2,0.12658227848101267,0.31645569620253167,0.3670886075949367,0.25316455696202533,0.379746835443038,0.02531645569620253,0.6962025316455697,0.12658227848101267,0.12658227848101267,0.05063291139240506,0,0,6.279117647058823,3.2199118670754148,0,15.565813267345574
2018,00-0026143,1,1,0,1,0,0,1,1,0,1,0,0,1,1,1,0,0,0,0,0,0,0,0,0
2018,00-0026176,89,9.227272727272727,18,24,39,21,28,8,0.20224719101123595,0.2696629213483146,0.43820224719101125,0.23595505617977527,0.3146067415730337,0.0898876404494382,0.5681818181818182,0.09090909090909091,0.19318181818181818,0.14772727272727273,0,0,5.804216867469879,2.721723652085742,0,21.664616356035534
2018,00-0026189,74,19.2027027027027,41,8,32,10,32,5,0.5540540540540541,0.10810810810810811,0.43243243243243246,0.13513513513513514,0.43243243243243246,0.06756756756756757,0.6081081081081081,0.013513513513513514,0.35135135135135137,0.02702702702702703,0,0,7.337777777777778,2.7365699466874687,0,21.423041318257088
2018,00-0026213,3,1.3333333333333333,0,3,0,2,1,0,0,1,0,0.6666666666666666,0.3333333333333333,0,1,0,0,0,0,0,0,0,0,0
2018,00-0026345,47,8.847826086956522,11,15,21,12,13,4,0.23404255319148937,0.3191489361702128,0.44680851063829785,0.2553191489361702,0.2765957446808511,0.0851063829787234,0.5652173913043478,0.06521739130434782,0.10869565217391304,0.2608695652173913,0,0,5.575,2.7825083773804953,0,10.354595798594083
2018,00-0026544,1,-6,0,1,1,0,0,0,0,1,1,0,0,0,1,0,0,0,0,0,0,0,0,0
2018,00-0026901,3,36.333333333333336,3,0,1,0,2,0,1,0,0.3333333333333333,0,0.6666666666666666,0,0,0,1,0,0,0,0,0,0,0
2018,00-0026983,2,12.5,1,1,0,0,2,0,0.5,0.5,0,0,1,0,0,0.5,0.5,0,0,0,0,0,0,0
2018,00-0026986,100,10.91,27,21,39,34,27,11,0.27,0.21,0.39,0.34,0.27,0.11,0.5,0.01,0.29,0.2,0,0,5.299285714285714,2.8318179006637134,0,23.35624749016577
2018,00-0027029,46,-1.065217391304348,1,42,27,3,16,2,0.021739130434782608,0.9130434782608695,0.5869565217391305,0.06521739130434782,0.34782608695652173,0.043478260869565216,0.717391304347826,0.21739130434782608,0.06521739130434782,0,0,0,0,0,0,0
2018,00-0027061,101,8.316831683168317,19,35,20,31,50,15,0.18811881188118812,0.3465346534653465,0.19801980198019803,0.3069306930693069,0.49504950495049505,0.1485148514851485,0.7029702970297029,0.019801980198019802,0.2079207920792079,0.06930693069306931,0,0,5.582361111111112,2.965243913338437,0,22.043198049120367
2018,00-0027139,3,10,1,0,0,3,0,1,0.3333333333333333,0,0,1,0,0.3333333333333333,0.6666666666666666,0,0.3333333333333333,0,0,0,0,0,0,0
2018,00-0027150,108,7.694444444444445,16,42,36,37,35,20,0.14814814814814814,0.3888888888888889,0.3333333333333333,0.3425925925925926,0.32407407407407407,0.18518518518518517,0.7037037037037037,0.09259259259259259,0.12962962962962962,0.07407407407407407,0,0,6.227065217391303,3.253567722120477,0,19.16474258826566
2018,00-0027215,9,3.6666666666666665,1,7,2,3,4,2,0.1111111111111111,0.7777777777777778,0.2222222222222222,0.3333333333333333,0.4444444444444444,0.2222222222222222,0.6666666666666666,0.2222222222222222,0.1111111111111111,0,0,0,0,0,0,0
2018,00-0027325,15,-1.2666666666666666,0,15,5,5,5,0,0,1,0.3333333333333333,0.3333333333333333,0.3333333333333333,0,0.8,0.2,0,0,0,0,0,0,0,0
2018,00-0027440,1,6,0,0,0,0,1,0,0,0,0,0,1,0,0,0,0,0,0,0,0,0,0,0
2018,00-0027531,20,-0.1,0,18,5,5,10,0,0,0.9,0.25,0.25,0.5,0,0.8,0.2,0,0,0,0,0,0,0,0
2018,00-0027656,72,12.402777777777779,26,11,20,27,25,8,0.3611111111111111,0.1527777777777778,0.2777777777777778,0.375,0.3472222222222222,0.1111111111111111,0.5138888888888888,0.013888888888888888,0.4166666666666667,0.05555555555555555,0,0,6.083559322033899,2.6262426283317932,0,19.965020945955285
2018,00-0027675,13,5.461538461538462,1,7,5,3,5,5,0.07692307692307693,0.5384615384615384,0.38461538461538464,0.23076923076923078,0.38461538461538464,0.38461538461538464,0.46153846153846156,0.07692307692307693,0.46153846153846156,0,0,0,0,0,0,0
2018,00-0027681,16,8.3125,3,4,6,3,7,5,0.1875,0.25,0.375,0.1875,0.4375,0.3125,0.4375,0.0625,0.125,0.375,0,0,0,0,0,0
2018,00-0027685,98,9.622448979591837,21,39,37,17,44,11,0.21428571428571427,0.3979591836734694,0.37755102040816324,0.17346938775510204,0.4489795918367347,0.11224489795918367,0.6530612244897959,0.11224489795918367,0.1836734693877551,0.05102040816326531,0,0,6.150212765957448,3.246848462389276,0,20.92940824031704
2018,00-0027691,18,8.5,4,7,7,3,8,4,0.2222222222222222,0.3888888888888889,0.3888888888888889,0.16666666666666666,0.4444444444444444,0.2222222222222222,0.7222222222222222,0.05555555555555555,0.1111111111111111,0.1111111111111111,0,0,0,0,0,0
2018,00-0027696,89,9.51685393258427,22,23,34,32,23,9,0.24719101123595505,0.25842696629213485,0.38202247191011235,0.3595505617977528,0.25842696629213485,0.10112359550561797,0.6629213483146067,0,0.23595505617977527,0.10112359550561797,0,0,6.2510810810810815,2.9410835550333534,0,14.667842654277386
2018,00-0027793,168,11.255952380952381,54,55,66,43,59,24,0.32142857142857145,0.3273809523809524,0.39285714285714285,0.25595238095238093,0.35119047619047616,0.14285714285714285,0.44047619047619047,0.1488095238095238,0.27976190476190477,0.13095238095238096,0,0,5.039999999999999,2.6277769233152473,0,36.07485294145799
2018,00-0027796,3,5.666666666666667,0,1,1,1,1,0,0,0.3333333333333333,0.3333333333333333,0.3333333333333333,0.3333333333333333,0,1,0,0,0,0,0,0,0,0,0
2018,00-0027873,12,2,0,9,2,2,8,2,0,0.75,0.16666666666666666,0.16666666666666666,0.6666666666666666,0.16666666666666666,0.6666666666666666,0.3333333333333333,0,0,0,0,0,0,0,0
2018,00-0027874,90,10.191011235955056,23,29,34,13,42,13,0.25555555555555554,0.32222222222222224,0.37777777777777777,0.14444444444444443,0.4666666666666667,0.14444444444444443,0.5168539325842697,0.14606741573033707,0.23595505617977527,0.10112359550561797,0,0,5.919294117647059,3.021092108367718,0,21.117155931203392
2018,00-0027891,114,6.566371681415929,12,48,32,30,51,13,0.10526315789473684,0.42105263157894735,0.2807017543859649,0.2631578947368421,0.4473684210526316,0.11403508771929824,0.6371681415929203,0.1592920353982301,0.11504424778761062,0.08849557522123894,0,0,6.288712871287128,2.97512100877972,0,17.74602356461754
2018,00-0027925,17,2.3529411764705883,0,13,5,0,12,1,0,0.7647058823529411,0.29411764705882354,0,0.7058823529411765,0.058823529411764705,0.9411764705882353,0.058823529411764705,0,0,0,0,0,0,0,0
2018,00-0027942,78,12.441558441558442,23,11,27,21,29,15,0.2948717948717949,0.14102564102564102,0.34615384615384615,0.2692307692307692,0.3717948717948718,0.19230769230769232,0.4155844155844156,0.012987012987012988,0.4155844155844156,0.15584415584415584,0,0,4.395657894736843,2.028803888184738,0,22.15653165897845
2018,00-0027944,170,13.98235294117647,63,33,71,45,54,17,0.37058823529411766,0.19411764705882353,0.4176470588235294,0.2647058823529412,0.3176470588235294,0.1,0.6,0.03529411764705882,0.27058823529411763,0.09411764705882353,0,0,5.697839506172839,2.4845726567028485,0,45.63692109826258
2018,00-0027966,27,0.3333333333333333,0,25,15,5,7,1,0,0.9259259259259259,0.5555555555555556,0.18518518518518517,0.25925925925925924,0.037037037037037035,0.8888888888888888,0.07407407407407407,0.037037037037037035,0,0,0,0,0,0,0
2018,00-0027981,84,6.353658536585366,10,43,26,24,32,17,0.11904761904761904,0.5119047619047619,0.30952380952380953,0.2857142857142857,0.38095238095238093,0.20238095238095238,0.8292682926829268,0,0.15853658536585366,0.012195121951219513,0,0,5.7632258064516115,3.5472514047159645,0,12.573265056693991
2018,00-0027985,25,5.64,4,17,12,1,12,3,0.16,0.68,0.48,0.04,0.48,0.12,0.92,0,0.08,0,0,0,0,0,0,0
2018,00-0027996,32,13.451612903225806,9,7,8,4,19,4,0.28125,0.21875,0.25,0.125,0.59375,0.125,0.7419354838709677,0,0.16129032258064516,0.0967741935483871,0,0,0,0,0,0
2018,00-0028002,61,8.557377049180328,17,27,22,15,24,4,0.2786885245901639,0.4426229508196721,0.36065573770491804,0.2459016393442623,0.39344262295081966,0.06557377049180328,0.4262295081967213,0.22950819672131148,0.19672131147540983,0.14754098360655737,0,0,5.379655172413793,2.923928370475178,0,8.839960390276449
2018,00-0028011,4,2.25,0,4,1,3,0,0,0,1,0.25,0.75,0,0,1,0,0,0,0,0,0,0,0,0
2018,00-0028042,21,7.761904761904762,4,8,10,7,4,1,0.19047619047619047,0.38095238095238093,0.47619047619047616,0.3333333333333333,0.19047619047619047,0.047619047619047616,0.8571428571428571,0,0.14285714285714285,0,0,0,0,0,0,0
2018,00-0028063,2,15,1,1,1,0,1,0,0.5,0.5,0.5,0,0.5,0,0.5,0,0.5,0,0,0,0,0,0,0
2018,00-0028064,18,4.944444444444445,1,11,6,5,7,1,0.05555555555555555,0.6111111111111112,0.3333333333333333,0.2777777777777778,0.3888888888888889,0.05555555555555555,0.8888888888888888,0.05555555555555555,0.05555555555555555,0,0,0,0,0,0,0
2018,00-0028074,9,4.888888888888889,1,5,2,3,4,3,0.1111111111111111,0.5555555555555556,0.2222222222222222,0.3333333333333333,0.4444444444444444,0.3333333333333333,0.3333333333333333,0.3333333333333333,0.2222222222222222,0.1111111111111111,0,0,0,0,0,0
2018,00-0028083,45,1.7777777777777777,0,39,14,19,12,6,0,0.8666666666666667,0.3111111111111111,0.4222222222222222,0.26666666666666666,0.13333333333333333,0.9111111111111111,0.06666666666666667,0,0.022222222222222223,0,0,0,0,0,0
2018,00-0028087,67,-1.0597014925373134,0,65,29,17,21,8,0,0.9701492537313433,0.43283582089552236,0.2537313432835821,0.31343283582089554,0.11940298507462686,0.6716417910447762,0.2835820895522388,0,0.04477611940298507,0,0,0,0,0,0
2018,00-0028091,4,3.75,0,2,2,1,1,0,0,0.5,0.5,0.25,0.25,0,1,0,0,0,0,0,0,0,0,0
2018,00-0028093,13,8.23076923076923,3,4,2,5,6,1,0.23076923076923078,0.3076923076923077,0.15384615384615385,0.38461538461538464,0.46153846153846156,0.07692307692307693,0.7692307692307693,0,0.07692307692307693,0.15384615384615385,0,0,0,0,0,0
2018,00-0028097,11,1.8181818181818181,0,10,6,1,4,4,0,0.9090909090909091,0.5454545454545454,0.09090909090909091,0.36363636363636365,0.36363636363636365,0.8181818181818182,0.18181818181818182,0,0,0,0,0,0,0,0
2018,00-0028112,36,8.055555555555555,6,12,7,10,19,2,0.16666666666666666,0.3333333333333333,0.19444444444444445,0.2777777777777778,0.5277777777777778,0.05555555555555555,0.6111111111111112,0.08333333333333333,0.19444444444444445,0.1111111111111111,0,0,0,0,0,0
2018,00-0028114,6,-1.1666666666666667,0,6,2,1,3,1,0,1,0.3333333333333333,0.16666666666666666,0.5,0.16666666666666666,0.8333333333333334,0.16666666666666666,0,0,0,0,0,0,0,0
2018,00-0028116,35,17.17142857142857,14,10,14,6,15,4,0.4,0.2857142857142857,0.4,0.17142857142857143,0.42857142857142855,0.11428571428571428,0.5142857142857142,0,0.34285714285714286,0.14285714285714285,0,0,0,0,0,0
2018,00-0028142,27,5.407407407407407,2,15,9,8,10,5,0.07407407407407407,0.5555555555555556,0.3333333333333333,0.2962962962962963,0.37037037037037035,0.18518518518518517,0.7777777777777778,0.037037037037037035,0.1111111111111111,0.07407407407407407,0,0,0,0,0,0
2018,00-0028237,55,11.854545454545455,19,15,23,17,15,7,0.34545454545454546,0.2727272727272727,0.41818181818181815,0.3090909090909091,0.2727272727272727,0.12727272727272726,0.7090909090909091,0.01818181818181818,0.21818181818181817,0.05454545454545454,0,0,6.243061224489796,4.085806710119161,0,15.244692078327274
2018,00-0028263,24,13.041666666666666,11,4,10,2,12,2,0.4583333333333333,0.16666666666666666,0.4166666666666667,0.08333333333333333,0.5,0.08333333333333333,0.625,0.125,0.25,0,0,0,0,0,0,0
2018,00-0028292,4,0.25,0,3,1,0,3,2,0,0.75,0.25,0,0.75,0.5,1,0,0,0,0,0,0,0,0,0
2018,00-0028411,39,10.282051282051283,7,8,15,10,14,6,0.1794871794871795,0.20512820512820512,0.38461538461538464,0.2564102564102564,0.358974358974359,0.15384615384615385,0.6923076923076923,0,0.23076923076923078,0.07692307692307693,0,0,0,0,0,0
2018,00-0028434,73,11.36986301369863,23,13,32,13,28,13,0.3150684931506849,0.1780821917808219,0.4383561643835616,0.1780821917808219,0.3835616438356164,0.1780821917808219,0.4931506849315068,0.0684931506849315,0.3835616438356164,0.0547945205479452,0,0,5.156515151515151,2.8235770082373737,0,22.91755643389062
2018,00-0028497,7,6.714285714285714,1,2,2,1,4,0,0.14285714285714285,0.2857142857142857,0.2857142857142857,0.14285714285714285,0.5714285714285714,0,0.5714285714285714,0.2857142857142857,0.14285714285714285,0,0,0,0,0,0,0
2018,00-0028581,4,6.75,1,2,2,0,2,0,0.25,0.5,0.5,0,0.5,0,0.5,0,0.5,0,0,0,0,0,0,0
2018,00-0028825,31,12.4,13,5,11,6,13,6,0.41935483870967744,0.16129032258064516,0.3548387096774194,0.1935483870967742,0.41935483870967744,0.1935483870967742,0.6666666666666666,0.03333333333333333,0.2,0.1,0,0,0,0,0,0
2018,00-0028903,8,11.25,3,1,1,3,4,2,0.375,0.125,0.125,0.375,0.5,0.25,0.25,0,0.5,0.25,0,0,0,0,0,0
2018,00-0029000,87,7.402298850574713,8,24,31,32,24,10,0.09195402298850575,0.27586206896551724,0.3563218390804598,0.367816091954023,0.27586206896551724,0.11494252873563218,0.7816091954022989,0.05747126436781609,0.08045977011494253,0.08045977011494253,0,0,5.899390243902439,2.8663641794932837,0,16.158332392670353
2018,00-0029068,3,9,1,1,2,0,1,1,0.3333333333333333,0.3333333333333333,0.6666666666666666,0,0.3333333333333333,0.3333333333333333,0.6666666666666666,0,0.3333333333333333,0,0,0,0,0,0,0
2018,00-0029091,2,2,0,2,0,0,2,2,0,1,0,0,1,1,0,0,0,0,0,0,0,0,0,0
2018,00-0029119,12,8.75,3,4,5,4,3,2,0.25,0.3333333333333333,0.4166666666666667,0.3333333333333333,0.25,0.16666666666666666,0.75,0,0.25,0,0,0,0,0,0,0
2018,00-0029137,92,11.01086956521739,27,21,32,16,44,14,0.29347826086956524,0.22826086956521738,0.34782608695652173,0.17391304347826086,0.4782608695652174,0.15217391304347827,0.44565217391304346,0.10869565217391304,0.2717391304347826,0.17391304347826086,0,0,5.451333333333333,2.491392530319847,0,22.662625638415822
2018,00-0029141,13,-0.3076923076923077,0,12,9,2,2,0,0,0.9230769230769231,0.6923076923076923,0.15384615384615385,0.15384615384615385,0,1,0,0,0,0,0,0,0,0,0
2018,00-0029159,76,9.302631578947368,12,21,28,24,24,9,0.15789473684210525,0.27631578947368424,0.3684210526315789,0.3157894736842105,0.3157894736842105,0.11842105263157894,0.7236842105263158,0.02631578947368421,0.13157894736842105,0.11842105263157894,0,0,6.351126760563381,2.673896583650929,0,15.336678589280032
2018,00-0029205,1,1,0,1,0,0,1,1,0,1,0,0,1,1,1,0,0,0,0,0,0,0,0,0
2018,00-0029239,3,-2,0,3,0,1,2,1,0,1,0,0.3333333333333333,0.6666666666666666,0.3333333333333333,0,1,0,0,0,0,0,0,0,0
2018,00-0029263,1,-10,0,1,0,1,0,0,0,1,0,1,0,0,0,0,0,0,0,0,0,0,0,0
2018,00-0029269,24,19.666666666666668,15,7,6,6,12,1,0.625,0.2916666666666667,0.25,0.25,0.5,0.041666666666666664,0.3333333333333333,0.08333333333333333,0.5833333333333334,0,0,0,0,0,0,0
2018,00-0029273,2,-3,0,2,0,0,2,0,0,1,0,0,1,0,0.5,0.5,0,0,0,0,0,0,0,0
2018,00-0029293,62,14.580645161290322,22,7,25,11,26,11,0.3548387096774194,0.11290322580645161,0.4032258064516129,0.1774193548387097,0.41935483870967744,0.1774193548387097,0.5645161290322581,0.016129032258064516,0.3709677419354839,0.04838709677419355,0,0,3.9656451612903227,2.2167045449790552,0,23.64643565768502
2018,00-0029319,26,11.76,9,7,9,6,10,2,0.34615384615384615,0.2692307692307692,0.34615384615384615,0.23076923076923078,0.38461538461538464,0.07692307692307693,0.56,0.12,0.32,0,0,0,0,0,0,0
2018,00-0029388,30,12.566666666666666,6,3,17,5,8,0,0.2,0.1,0.5666666666666667,0.16666666666666666,0.26666666666666666,0,0.6333333333333333,0.06666666666666667,0.13333333333333333,0.16666666666666666,0,0,0,0,0,0
2018,00-0029414,5,3.4,1,4,1,1,3,0,0.2,0.8,0.2,0.2,0.6,0,1,0,0,0,0,0,0,0,0,0
2018,00-0029492,4,0.25,0,4,2,0,2,3,0,1,0.5,0,0.5,0.75,1,0,0,0,0,0,0,0,0,0
2018,00-0029567,1,8,0,0,0,0,1,0,0,0,0,0,1,0,1,0,0,0,0,0,0,0,0,0
2018,00-0029572,61,6.186440677966102,8,26,17,19,23,7,0.13114754098360656,0.4262295081967213,0.2786885245901639,0.3114754098360656,0.3770491803278688,0.11475409836065574,0.6610169491525424,0.13559322033898305,0.0847457627118644,0.11864406779661017,0,0,5.955272727272729,3.2343276829872982,0,8.179118504810532
2018,00-0029580,9,5,1,4,4,2,3,1,0.1111111111111111,0.4444444444444444,0.4444444444444444,0.2222222222222222,0.3333333333333333,0.1111111111111111,0.6666666666666666,0.2222222222222222,0.1111111111111111,0,0,0,0,0,0,0
2018,00-0029587,35,6.323529411764706,3,14,6,9,19,5,0.08571428571428572,0.4,0.17142857142857143,0.2571428571428571,0.5428571428571428,0.14285714285714285,0.8823529411764706,0,0.11764705882352941,0,0,0,0,0,0,0
2018,00-0029604,1,-7,0,1,0,1,0,0,0,1,0,1,0,0,0,0,0,0,0,0,0,0,0,0
2018,00-0029608,120,11.183333333333334,34,31,44,25,51,17,0.2833333333333333,0.25833333333333336,0.36666666666666664,0.20833333333333334,0.425,0.14166666666666666,0.5583333333333333,0.1,0.23333333333333334,0.10833333333333334,0,0,5.899745762711864,2.305236259585714,0,27.56058033803697
2018,00-0029613,24,0.875,0,20,11,4,9,2,0,0.8333333333333334,0.4583333333333333,0.16666666666666666,0.375,0.08333333333333333,0.875,0.08333333333333333,0,0.041666666666666664,0,0,0,0,0,0
2018,00-0029615,36,0.6857142857142857,2,33,11,9,15,3,0.05555555555555555,0.9166666666666666,0.3055555555555556,0.25,0.4166666666666667,0.08333333333333333,0.7714285714285715,0.17142857142857143,0.05714285714285714,0,0,0,0,0,0,0
2018,00-0029632,96,8.02127659574468,18,33,37,25,32,8,0.1875,0.34375,0.3854166666666667,0.2604166666666667,0.3333333333333333,0.08333333333333333,0.723404255319149,0.0851063829787234,0.13829787234042554,0.05319148936170213,0,0,5.71047619047619,3.0317329518106684,0,14.232590363982252
2018,00-0029638,25,14.291666666666666,12,4,7,9,8,3,0.48,0.16,0.28,0.36,0.32,0.12,0.5416666666666666,0,0.3333333333333333,0.125,0,0,0,0,0,0
2018,00-0029640,3,5.666666666666667,0,0,1,1,1,0,0,0,0.3333333333333333,0.3333333333333333,0.3333333333333333,0,1,0,0,0,0,0,0,0,0,0
2018,00-0029664,71,14.28169014084507,27,6,27,21,23,8,0.38028169014084506,0.08450704225352113,0.38028169014084506,0.29577464788732394,0.323943661971831,0.11267605633802817,0.39436619718309857,0.056338028169014086,0.3380281690140845,0.2112676056338028,0,0,4.721267605633802,2.1076711670281,0,22.90045025738869
2018,00-0029668,2,4,0,2,1,0,1,1,0,1,0.5,0,0.5,0.5,1,0,0,0,0,0,0,0,0,0
2018,00-0029689,4,8,1,3,0,1,3,0,0.25,0.75,0,0.25,0.75,0,0.25,0.25,0.25,0.25,0,0,0,0,0,0
2018,00-0029701,1,2,0,1,0,0,1,1,0,1,0,0,1,1,1,0,0,0,0,0,0,0,0,0
2018,00-0029738,12,4.75,1,6,3,4,5,2,0.08333333333333333,0.5,0.25,0.3333333333333333,0.4166666666666667,0.16666666666666666,0.8333333333333334,0.08333333333333333,0.08333333333333333,0,0,0,0,0,0,0
2018,00-0029795,2,-7,0,2,1,0,1,0,0,1,0.5,0,0.5,0,0.5,0.5,0,0,0,0,0,0,0,0
2018,00-0029848,5,9.4,1,0,3,2,0,0,0.2,0,0.6,0.4,0,0,0.8,0,0,0.2,0,0,0,0,0,0
2018,00-0029854,9,-0.3333333333333333,0,8,2,5,2,2,0,0.8888888888888888,0.2222222222222222,0.5555555555555556,0.2222222222222222,0.2222222222222222,0.5555555555555556,0.4444444444444444,0,0,0,0,0,0,0,0
2018,00-0029892,41,4.2926829268292686,4,29,18,6,17,6,0.0975609756097561,0.7073170731707317,0.43902439024390244,0.14634146341463414,0.4146341463414634,0.14634146341463414,0.8048780487804879,0.04878048780487805,0.0975609756097561,0.04878048780487805,0,0,0,0,0,0
2018,00-0029931,10,2.5,0,9,5,0,5,6,0,0.9,0.5,0,0.5,0.6,1,0,0,0,0,0,0,0,0,0
2018,00-0030035,154,9.431372549019608,33,53,55,35,63,21,0.21428571428571427,0.34415584415584416,0.35714285714285715,0.22727272727272727,0.4090909090909091,0.13636363636363635,0.6274509803921569,0.058823529411764705,0.19607843137254902,0.11764705882352941,0,0,5.770486111111111,2.9030900433731257,0,32.748030653118384
2018,00-0030061,156,7.243589743589744,17,56,47,41,68,27,0.10897435897435898,0.358974358974359,0.30128205128205127,0.26282051282051283,0.4358974358974359,0.17307692307692307,0.7483870967741936,0.025806451612903226,0.12903225806451613,0.0967741935483871,0,0,6.079917355371902,3.241403232048913,0,25.797224595139863
2018,00-0030068,44,13.977272727272727,18,7,17,14,13,5,0.4090909090909091,0.1590909090909091,0.38636363636363635,0.3181818181818182,0.29545454545454547,0.11363636363636363,0.6136363636363636,0,0.25,0.13636363636363635,0,0,5.801904761904761,2.9575311744554456,0,15.98337624652608
2018,00-0030085,65,16.25,27,11,23,13,28,5,0.4153846153846154,0.16923076923076924,0.35384615384615387,0.2,0.4307692307692308,0.07692307692307693,0.625,0.03125,0.296875,0.046875,0,0,6.1745,2.364326201132394,0,29.40504649561356
2018,00-0030089,19,3.736842105263158,1,15,5,6,8,0,0.05263157894736842,0.7894736842105263,0.2631578947368421,0.3157894736842105,0.42105263157894735,0,0.8421052631578947,0,0.10526315789473684,0.05263157894736842,0,0,0,0,0,0
2018,00-0030107,74,0.7162162162162162,1,62,23,20,31,10,0.013513513513513514,0.8378378378378378,0.3108108108108108,0.2702702702702703,0.4189189189189189,0.13513513513513514,0.7567567567567568,0.1891891891891892,0.02702702702702703,0.02702702702702703,0,0,0,0,0,0
2018,00-0030108,43,7.465116279069767,7,16,16,10,17,10,0.16279069767441862,0.37209302325581395,0.37209302325581395,0.23255813953488372,0.3953488372093023,0.23255813953488372,0.7441860465116279,0,0.20930232558139536,0.046511627906976744,0,0,5.118461538461539,3.448165033304475,0,7.706151161572215
2018,00-0030112,9,1.4444444444444444,0,9,5,0,4,1,0,1,0.5555555555555556,0,0.4444444444444444,0.1111111111111111,1,0,0,0,0,0,0,0,0,0
2018,00-0030147,19,17.526315789473685,9,2,8,2,9,2,0.47368421052631576,0.10526315789473684,0.42105263157894735,0.10526315789473684,0.47368421052631576,0.10526315789473684,0.3684210526315789,0,0.42105263157894735,0.21052631578947367,0,0,0,0,0,0
2018,00-0030155,25,7.72,7,14,6,2,17,4,0.28,0.56,0.24,0.08,0.68,0.16,0.48,0.2,0.28,0.04,0,0,0,0,0,0
2018,00-0030181,33,5.424242424242424,1,17,15,11,7,7,0.030303030303030304,0.5151515151515151,0.45454545454545453,0.3333333333333333,0.21212121212121213,0.21212121212121213,0.7272727272727273,0.06060606060606061,0.09090909090909091,0.12121212121212122,0,0,0,0,0,0
2018,00-0030216,24,3.0416666666666665,1,16,3,4,17,1,0.041666666666666664,0.6666666666666666,0.125,0.16666666666666666,0.7083333333333334,0.041666666666666664,0.5,0.3333333333333333,0.08333333333333333,0.08333333333333333,0,0,0,0,0,0
2018,00-0030279,137,8.595588235294118,28,50,42,47,47,16,0.20437956204379562,0.36496350364963503,0.30656934306569344,0.34306569343065696,0.34306569343065696,0.11678832116788321,0.6323529411764706,0.08088235294117647,0.14705882352941177,0.13970588235294118,0,0,5.280672268907563,2.6677327066621324,0,29.75485675185195
2018,00-0030288,20,2.15,2,15,7,3,10,6,0.1,0.75,0.35,0.15,0.5,0.3,0.75,0.1,0.15,0,0,0,0,0,0,0
2018,00-0030300,19,12.842105263157896,8,5,8,6,5,6,0.42105263157894735,0.2631578947368421,0.42105263157894735,0.3157894736842105,0.2631578947368421,0.3157894736842105,0.5789473684210527,0,0.3684210526315789,0.05263157894736842,0,0,0,0,0,0
2018,00-0030404,56,1.4545454545454546,0,45,21,16,18,5,0,0.8035714285714286,0.375,0.2857142857142857,0.32142857142857145,0.08928571428571429,0.7454545454545455,0.21818181818181817,0.01818181818181818,0.01818181818181818,0,0,0,0,0,0
2018,00-0030414,23,0.21739130434782608,2,19,13,2,8,2,0.08695652173913043,0.8260869565217391,0.5652173913043478,0.08695652173913043,0.34782608695652173,0.08695652173913043,0.5217391304347826,0.43478260869565216,0.043478260869565216,0,0,0,0,0,0,0
2018,00-0030422,4,9,1,2,2,1,1,0,0.25,0.5,0.5,0.25,0.25,0,0.75,0,0.25,0,0,0,0,0,0,0
2018,00-0030431,130,11.407692307692308,39,27,48,39,43,12,0.3,0.2076923076923077,0.36923076923076925,0.3,0.33076923076923076,0.09230769230769231,0.7,0.07692307692307693,0.17692307692307693,0.046153846153846156,0,0,6.365916666666666,2.9766510596485283,0,29.862788468777907
2018,00-0030433,1,0,0,1,1,0,0,0,0,1,1,0,0,0,1,0,0,0,0,0,0,0,0,0
2018,00-0030443,24,7.5,6,12,7,11,6,2,0.25,0.5,0.2916666666666667,0.4583333333333333,0.25,0.08333333333333333,0.6086956521739131,0.08695652173913043,0.2608695652173913,0.043478260869565216,0,0,0,0,0,0
2018,00-0030456,49,-0.14583333333333334,0,41,12,16,20,3,0,0.8367346938775511,0.24489795918367346,0.32653061224489793,0.40816326530612246,0.061224489795918366,0.7708333333333334,0.22916666666666666,0,0,0,0,0,0,0,0
2018,00-0030465,1,3,0,1,1,0,0,0,0,1,1,0,0,0,1,0,0,0,0,0,0,0,0,0
2018,00-0030470,72,5.277777777777778,5,35,21,27,24,10,0.06944444444444445,0.4861111111111111,0.2916666666666667,0.375,0.3333333333333333,0.1388888888888889,0.7361111111111112,0.1388888888888889,0.1111111111111111,0.013888888888888888,0,0,5.521521739130435,3.276894349941222,0,7.852438022935969
2018,00-0030472,84,6.845238095238095,12,30,36,29,19,7,0.14285714285714285,0.35714285714285715,0.42857142857142855,0.34523809523809523,0.2261904761904762,0.08333333333333333,0.6666666666666666,0.08333333333333333,0.10714285714285714,0.14285714285714285,0,0,6.627878787878788,3.3169090188726873,0,13.368015905260808
2018,00-0030506,151,9.166666666666666,36,43,43,49,58,27,0.23841059602649006,0.2847682119205298,0.2847682119205298,0.32450331125827814,0.3841059602649007,0.17880794701986755,0.66,0.05333333333333334,0.2,0.08666666666666667,0,0,5.618666666666666,2.894876456665061,0,25.311565729096024
2018,00-0030513,27,1.1153846153846154,0,24,4,7,15,3,0,0.8888888888888888,0.14814814814814814,0.25925925925925924,0.5555555555555556,0.1111111111111111,0.9615384615384616,0.038461538461538464,0,0,0,0,0,0,0,0
2018,00-0030516,10,13.8,3,3,4,1,5,0,0.3,0.3,0.4,0.1,0.5,0,0.7,0,0.3,0,0,0,0,0,0,0
2018,00-0030521,13,20.46153846153846,8,2,6,2,5,0,0.6153846153846154,0.15384615384615385,0.46153846153846156,0.15384615384615385,0.38461538461538464,0,0.38461538461538464,0.15384615384615385,0.46153846153846156,0,0,0,0,0,0,0
2018,00-0030525,13,16,6,5,6,2,5,1,0.46153846153846156,0.38461538461538464,0.46153846153846156,0.15384615384615385,0.38461538461538464,0.07692307692307693,0.46153846153846156,0.07692307692307693,0.38461538461538464,0.07692307692307693,0,0,0,0,0,0
2018,00-0030542,3,9,1,0,2,0,1,0,0.3333333333333333,0,0.6666666666666666,0,0.3333333333333333,0,1,0,0,0,0,0,0,0,0,0
2018,00-0030549,19,9.210526315789474,4,3,7,7,5,2,0.21052631578947367,0.15789473684210525,0.3684210526315789,0.3684210526315789,0.2631578947368421,0.10526315789473684,0.5263157894736842,0,0.2631578947368421,0.21052631578947367,0,0,0,0,0,0
2018,00-0030564,163,11.466257668711657,42,30,65,39,59,25,0.25766871165644173,0.18404907975460122,0.3987730061349693,0.2392638036809816,0.3619631901840491,0.15337423312883436,0.4785276073619632,0.07975460122699386,0.2392638036809816,0.20245398773006135,0,0,4.921987577639751,2.522421038243409,0,44.044066391175804
2018,00-0030578,29,6.214285714285714,5,18,18,3,7,4,0.1724137931034483,0.6206896551724138,0.6206896551724138,0.10344827586206896,0.2413793103448276,0.13793103448275862,0.42857142857142855,0.32142857142857145,0.21428571428571427,0.03571428571428571,0,0,0,0,0,0
2018,00-0030648,1,2,0,1,0,0,1,1,0,1,0,0,1,1,0,0,0,0,0,0,0,0,0,0
2018,00-0030656,28,-0.32142857142857145,0,23,12,3,13,1,0,0.8214285714285714,0.42857142857142855,0.10714285714285714,0.4642857142857143,0.03571428571428571,0.6785714285714286,0.2857142857142857,0,0.03571428571428571,0,0,0,0,0,0
2018,00-0030663,95,8.105263157894736,14,33,21,52,22,7,0.14736842105263157,0.3473684210526316,0.22105263157894736,0.5473684210526316,0.23157894736842105,0.07368421052631578,0.6421052631578947,0.05263157894736842,0.16842105263157894,0.1368421052631579,0,0,5.395411764705883,3.1388964137386073,0,17.046578205355182
2018,00-0030668,3,5.333333333333333,0,2,1,0,2,0,0,0.6666666666666666,0.3333333333333333,0,0.6666666666666666,0,1,0,0,0,0,0,0,0,0,0
2018,00-0030669,35,7.0285714285714285,5,20,10,9,16,1,0.14285714285714285,0.5714285714285714,0.2857142857142857,0.2571428571428571,0.45714285714285713,0.02857142857142857,0.5714285714285714,0.2571428571428571,0.14285714285714285,0.02857142857142857,0,0,0,0,0,0
2018,00-0030670,27,9.666666666666666,5,9,17,6,4,5,0.18518518518518517,0.3333333333333333,0.6296296296296297,0.2222222222222222,0.14814814814814814,0.18518518518518517,0.6666666666666666,0.037037037037037035,0.18518518518518517,0.1111111111111111,0,0,0,0,0,0
2018,00-0030710,77,8.197368421052632,17,28,20,34,22,15,0.22077922077922077,0.36363636363636365,0.2597402597402597,0.44155844155844154,0.2857142857142857,0.19480519480519481,0.6578947368421053,0.13157894736842105,0.17105263157894737,0.039473684210526314,0,0,5.763050847457627,3.44634933192696,0,13.718169655762797
2018,00-0030737,1,3,0,1,1,0,0,1,0,1,1,0,0,1,0,0,1,0,0,0,0,0,0,0
2018,00-0030741,6,1.5,0,5,1,1,4,1,0,0.8333333333333334,0.16666666666666666,0.16666666666666666,0.6666666666666666,0.16666666666666666,0.6666666666666666,0.16666666666666666,0,0.16666666666666666,0,0,0,0,0,0
2018,00-0030780,2,3,0,1,1,0,1,1,0,0.5,0.5,0,0.5,0.5,1,0,0,0,0,0,0,0,0,0
2018,00-0030821,35,11.4,11,5,12,3,20,5,0.3142857142857143,0.14285714285714285,0.34285714285714286,0.08571428571428572,0.5714285714285714,0.14285714285714285,0.5714285714285714,0.02857142857142857,0.22857142857142856,0.17142857142857143,0,0,0,0,0,0
2018,00-0030854,10,9.4,3,3,2,4,4,4,0.3,0.3,0.2,0.4,0.4,0.4,0.6,0,0.4,0,0,0,0,0,0,0
2018,00-0030874,24,-2.0833333333333335,0,23,11,0,13,7,0,0.9583333333333334,0.4583333333333333,0,0.5416666666666666,0.2916666666666667,0.5,0.5,0,0,0,0,0,0,0,0
2018,00-0030968,7,3.2857142857142856,1,5,2,0,5,1,0.14285714285714285,0.7142857142857143,0.2857142857142857,0,0.7142857142857143,0.14285714285714285,0.8571428571428571,0,0.14285714285714285,0,0,0,0,0,0,0
2018,00-0031023,69,7.161764705882353,12,30,26,10,32,10,0.17391304347826086,0.43478260869565216,0.37681159420289856,0.14492753623188406,0.463768115942029,0.14492753623188406,0.5294117647058824,0.2647058823529412,0.16176470588235295,0.04411764705882353,0,0,6.567777777777777,3.1436705680813573,0,10.727322691697658
2018,00-0031035,8,7,1,4,3,2,3,0,0.125,0.5,0.375,0.25,0.375,0,0.875,0.125,0,0,0,0,0,0,0,0
2018,00-0031045,16,-0.8125,1,15,5,3,8,1,0.0625,0.9375,0.3125,0.1875,0.5,0.0625,0.625,0.375,0,0,0,0,0,0,0,0
2018,00-0031051,98,16.31958762886598,42,10,22,32,43,16,0.42857142857142855,0.10204081632653061,0.22448979591836735,0.32653061224489793,0.4387755102040816,0.16326530612244897,0.5154639175257731,0.010309278350515464,0.3917525773195876,0.08247422680412371,0,0,5.683152173913043,2.3436656743523248,0,34.22183264317392
2018,00-0031060,5,13.6,2,3,1,2,2,1,0.4,0.6,0.2,0.4,0.4,0.2,0.4,0.2,0.4,0,0,0,0,0,0,0
2018,00-0031062,123,2.4471544715447155,4,89,61,27,35,22,0.032520325203252036,0.7235772357723578,0.4959349593495935,0.21951219512195122,0.2845528455284553,0.17886178861788618,0.7642276422764228,0.17073170731707318,0.04065040650406504,0.024390243902439025,0,0,0,0,0,0
2018,00-0031068,52,9.134615384615385,11,21,19,8,25,6,0.21153846153846154,0.40384615384615385,0.36538461538461536,0.15384615384615385,0.4807692307692308,0.11538461538461539,0.6730769230769231,0.019230769230769232,0.1346153846153846,0.17307692307692307,0,0,5.660980392156862,2.635366822098845,0,10.04760426998335
2018,00-0031075,27,2.7037037037037037,0,20,13,8,6,5,0,0.7407407407407407,0.48148148148148145,0.2962962962962963,0.2222222222222222,0.18518518518518517,1,0,0,0,0,0,0,0,0,0
2018,00-0031102,23,1.6521739130434783,0,16,6,7,10,0,0,0.6956521739130435,0.2608695652173913,0.30434782608695654,0.43478260869565216,0,0.9130434782608695,0.08695652173913043,0,0,0,0,0,0,0,0
2018,00-0031166,64,8.9375,16,26,25,20,19,3,0.25,0.40625,0.390625,0.3125,0.296875,0.046875,0.65625,0.09375,0.140625,0.109375,0,0,6.122115384615385,3.2284164571947667,0,14.92308613481972
2018,00-0031167,14,4.714285714285714,1,9,2,3,9,6,0.07142857142857142,0.6428571428571429,0.14285714285714285,0.21428571428571427,0.6428571428571429,0.42857142857142855,0.8571428571428571,0,0.14285714285714285,0,0,0,0,0,0,0
2018,00-0031189,27,9.925925925925926,6,9,7,7,13,3,0.2222222222222222,0.3333333333333333,0.25925925925925924,0.25925925925925924,0.48148148148148145,0.1111111111111111,0.6666666666666666,0.037037037037037035,0.2222222222222222,0.07407407407407407,0,0,0,0,0,0
2018,00-0031228,93,11.172043010752688,23,31,42,10,41,8,0.24731182795698925,0.3333333333333333,0.45161290322580644,0.10752688172043011,0.44086021505376344,0.08602150537634409,0.6129032258064516,0.16129032258064516,0.21505376344086022,0.010752688172043012,0,0,6.972650602409638,3.4677611462782516,0,23.005470236401155
2018,00-0031235,125,11.387096774193548,37,39,50,25,49,21,0.296,0.312,0.4,0.2,0.392,0.168,0.5806451612903226,0.056451612903225805,0.22580645161290322,0.13709677419354838,0,0,6.211965811965811,2.9700903750109457,0,33.29865672967679
2018,00-0031236,117,12.803418803418804,44,33,45,34,38,17,0.37606837606837606,0.28205128205128205,0.38461538461538464,0.2905982905982906,0.3247863247863248,0.1452991452991453,0.5982905982905983,0.1111111111111111,0.26495726495726496,0.02564102564102564,0,0,5.678157894736842,2.7132488995035486,0,30.744906202498413
2018,00-0031257,35,12.342857142857143,13,8,11,10,14,2,0.37142857142857144,0.22857142857142856,0.3142857142857143,0.2857142857142857,0.4,0.05714285714285714,0.6285714285714286,0.02857142857142857,0.34285714285714286,0,0,0,0,0,0,0
2018,00-0031260,17,7.9411764705882355,4,11,2,3,12,0,0.23529411764705882,0.6470588235294118,0.11764705882352941,0.17647058823529413,0.7058823529411765,0,0.7058823529411765,0.058823529411764705,0.23529411764705882,0,0,0,0,0,0,0
2018,00-0031273,49,8.26530612244898,7,15,16,18,15,12,0.14285714285714285,0.30612244897959184,0.32653061224489793,0.3673469387755102,0.30612244897959184,0.24489795918367346,0.7142857142857143,0,0.22448979591836735,0.061224489795918366,0,0,5.647837837837838,2.8685559351202676,0,6.459926396504363
2018,00-0031280,1,-7,0,1,0,1,0,0,0,1,0,1,0,0,0,0,0,0,0,0,0,0,0,0
2018,00-0031285,7,0.14285714285714285,0,6,4,1,2,1,0,0.8571428571428571,0.5714285714285714,0.14285714285714285,0.2857142857142857,0.14285714285714285,0.5714285714285714,0.2857142857142857,0,0.14285714285714285,0,0,0,0,0,0
2018,00-0031299,28,10.178571428571429,5,7,8,6,14,4,0.17857142857142858,0.25,0.2857142857142857,0.21428571428571427,0.5,0.14285714285714285,0.5,0.07142857142857142,0.14285714285714285,0.2857142857142857,0,0,0,0,0,0
2018,00-0031301,1,1,0,1,1,0,0,0,0,1,1,0,0,0,1,0,0,0,0,0,0,0,0,0
2018,00-0031325,55,8.363636363636363,10,16,24,10,21,10,0.18181818181818182,0.2909090909090909,0.43636363636363634,0.18181818181818182,0.38181818181818183,0.18181818181818182,0.5636363636363636,0.07272727272727272,0.21818181818181817,0.14545454545454545,0,0,5.503962264150943,3.453011173956086,0,8.759458752827681
2018,00-0031326,42,4.857142857142857,2,22,15,13,14,4,0.047619047619047616,0.5238095238095238,0.35714285714285715,0.30952380952380953,0.3333333333333333,0.09523809523809523,0.7857142857142857,0.09523809523809523,0.023809523809523808,0.09523809523809523,0,0,0,0,0,0
2018,00-0031339,89,13.101123595505618,34,24,32,18,39,6,0.38202247191011235,0.2696629213483146,0.3595505617977528,0.20224719101123595,0.43820224719101125,0.06741573033707865,0.6067415730337079,0,0.3595505617977528,0.033707865168539325,0,0,5.912808988764045,2.246120902864039,0,30.87900098302922
2018,00-0031344,16,19.875,8,3,7,4,5,0,0.5,0.1875,0.4375,0.25,0.3125,0,0.375,0.125,0.5,0,0,0,0,0,0,0
2018,00-0031359,67,15.597014925373134,31,6,32,13,22,9,0.4626865671641791,0.08955223880597014,0.47761194029850745,0.19402985074626866,0.3283582089552239,0.13432835820895522,0.44776119402985076,0,0.4626865671641791,0.08955223880597014,0,0,5.4707462686567165,1.7345776754712965,0,21.409220065645776
2018,00-0031373,27,11.851851851851851,9,10,13,5,9,3,0.3333333333333333,0.37037037037037035,0.48148148148148145,0.18518518518518517,0.3333333333333333,0.1111111111111111,0.4074074074074074,0.25925925925925924,0.2962962962962963,0.037037037037037035,0,0,0,0,0,0
2018,00-0031381,170,11.278106508875739,49,45,96,33,40,32,0.28823529411764703,0.2647058823529412,0.5647058823529412,0.19411764705882353,0.23529411764705882,0.18823529411764706,0.4911242603550296,0.11834319526627218,0.25443786982248523,0.13609467455621302,0,0,4.830617283950617,2.9691687972034053,0,33.96870973810021
2018,00-0031382,150,11.04026845637584,50,45,53,32,64,20,0.3333333333333333,0.3,0.35333333333333333,0.21333333333333335,0.4266666666666667,0.13333333333333333,0.5838926174496645,0.053691275167785234,0.30201342281879195,0.06040268456375839,0,0,5.659411764705883,3.273078564009502,0,30.45470194115622
2018,00-0031384,1,-2,0,1,1,0,0,0,0,1,1,0,0,0,0,1,0,0,0,0,0,0,0,0
2018,00-0031387,110,9.436363636363636,26,38,32,37,41,21,0.23636363636363636,0.34545454545454546,0.2909090909090909,0.33636363636363636,0.37272727272727274,0.19090909090909092,0.6545454545454545,0.01818181818181818,0.2909090909090909,0.03636363636363636,0,0,5.753152173913043,3.3808773927130202,0,21.99491707283433
2018,00-0031408,139,15.557971014492754,63,8,62,32,44,15,0.45323741007194246,0.05755395683453238,0.4460431654676259,0.2302158273381295,0.31654676258992803,0.1079136690647482,0.5797101449275363,0,0.35507246376811596,0.06521739130434782,0,0,5.693805970149254,2.0985110415281385,0,32.78279696313613
2018,00-0031418,19,5.315789473684211,1,8,5,9,5,2,0.05263157894736842,0.42105263157894735,0.2631578947368421,0.47368421052631576,0.2631578947368421,0.10526315789473684,0.8947368421052632,0,0.10526315789473684,0,0,0,0,0,0,0
2018,00-0031428,95,12.138297872340425,27,15,27,20,47,13,0.28421052631578947,0.15789473684210525,0.28421052631578947,0.21052631578947367,0.49473684210526314,0.1368421052631579,0.5,0.05319148936170213,0.3404255319148936,0.10638297872340426,0,0,5.543,1.9572797717668178,0,25.015854945734624
2018,00-0031462,1,3,0,1,1,0,0,0,0,1,1,0,0,0,1,0,0,0,0,0,0,0,0,0
2018,00-0031484,5,6.6,1,2,2,1,2,1,0.2,0.4,0.4,0.2,0.4,0.2,0.4,0.2,0.4,0,0,0,0,0,0,0
2018,00-0031544,107,9.794392523364486,21,28,41,16,50,13,0.19626168224299065,0.2616822429906542,0.38317757009345793,0.14953271028037382,0.4672897196261682,0.12149532710280374,0.6074766355140186,0.04672897196261682,0.17757009345794392,0.16822429906542055,0,0,5.981960784313726,2.9015131355453416,0,28.86474481797596
2018,00-0031545,8,23.125,5,0,4,1,3,0,0.625,0,0.5,0.125,0.375,0,0.375,0,0.625,0,0,0,0,0,0,0
2018,00-0031547,47,12.936170212765957,15,15,16,16,15,5,0.3191489361702128,0.3191489361702128,0.3404255319148936,0.3404255319148936,0.3191489361702128,0.10638297872340426,0.44680851063829785,0.10638297872340426,0.3191489361702128,0.1276595744680851,0,0,5.081702127659575,2.545867816003437,0,15.663227316242951
2018,00-0031549,97,10.371134020618557,26,44,32,18,47,12,0.26804123711340205,0.4536082474226804,0.32989690721649484,0.18556701030927836,0.4845360824742268,0.12371134020618557,0.6082474226804123,0.12371134020618557,0.2268041237113402,0.041237113402061855,0,0,6.238292682926829,3.4452432646504945,0,23.08179901488576
2018,00-0031558,17,2.7058823529411766,1,14,6,3,8,4,0.058823529411764705,0.8235294117647058,0.35294117647058826,0.17647058823529413,0.47058823529411764,0.23529411764705882,0.8235294117647058,0.17647058823529413,0,0,0,0,0,0,0,0
2018,00-0031570,22,6,1,7,7,5,10,6,0.045454545454545456,0.3181818181818182,0.3181818181818182,0.22727272727272727,0.45454545454545453,0.2727272727272727,0.5909090909090909,0.18181818181818182,0.13636363636363635,0.09090909090909091,0,0,0,0,0,0
2018,00-0031577,44,1.372093023255814,1,36,9,12,22,7,0.022727272727272728,0.8181818181818182,0.20454545454545456,0.2727272727272727,0.5,0.1590909090909091,0.7441860465116279,0.16279069767441862,0.06976744186046512,0.023255813953488372,0,0,0,0,0,0
2018,00-0031585,11,9.636363636363637,3,5,1,3,7,3,0.2727272727272727,0.45454545454545453,0.09090909090909091,0.2727272727272727,0.6363636363636364,0.2727272727272727,0.5454545454545454,0,0.45454545454545453,0,0,0,0,0,0,0
2018,00-0031588,150,8.630872483221477,31,74,60,24,65,19,0.20666666666666667,0.49333333333333335,0.4,0.16,0.43333333333333335,0.12666666666666668,0.5704697986577181,0.12751677852348994,0.2214765100671141,0.08053691275167785,0,0,5.915244755244755,2.7294859721141442,0,29.541541398660044
2018,00-0031590,6,0,0,5,4,0,2,2,0,0.8333333333333334,0.6666666666666666,0,0.3333333333333333,0.3333333333333333,0.5,0.5,0,0,0,0,0,0,0,0
2018,00-0031595,1,0,0,1,0,0,1,0,0,1,0,0,1,0,1,0,0,0,0,0,0,0,0,0
2018,00-0031598,37,3.2432432432432434,1,23,6,14,17,7,0.02702702702702703,0.6216216216216216,0.16216216216216217,0.3783783783783784,0.4594594594594595,0.1891891891891892,0.7837837837837838,0.10810810810810811,0.08108108108108109,0.02702702702702703,0,0,0,0,0,0
2018,00-0031599,4,-1.25,0,4,2,2,0,0,0,1,0.5,0.5,0,0,0.75,0.25,0,0,0,0,0,0,0,0
2018,00-0031609,5,8.8,1,2,2,1,2,2,0.2,0.4,0.4,0.2,0.4,0.4,0.8,0,0.2,0,0,0,0,0,0,0
2018,00-0031610,6,3.1666666666666665,0,5,2,1,3,0,0,0.8333333333333334,0.3333333333333333,0.16666666666666666,0.5,0,1,0,0,0,0,0,0,0,0,0
2018,00-0031665,10,0,0,9,7,2,1,0,0,0.9,0.7,0.2,0.1,0,0.7,0.3,0,0,0,0,0,0,0,0
2018,00-0031687,7,-0.5714285714285714,1,6,3,0,4,0,0.14285714285714285,0.8571428571428571,0.42857142857142855,0,0.5714285714285714,0,0.2857142857142857,0.5714285714285714,0.14285714285714285,0,0,0,0,0,0,0
2018,00-0031690,14,3.2142857142857144,1,7,4,2,8,0,0.07142857142857142,0.5,0.2857142857142857,0.14285714285714285,0.5714285714285714,0,0.5714285714285714,0.35714285714285715,0.07142857142857142,0,0,0,0,0,0,0
2018,00-0031731,12,0,1,10,6,2,4,2,0.08333333333333333,0.8333333333333334,0.5,0.16666666666666666,0.3333333333333333,0.16666666666666666,0.75,0.25,0,0,0,0,0,0,0,0
2018,00-0031744,37,5.45945945945946,4,15,10,10,17,6,0.10810810810810811,0.40540540540540543,0.2702702702702703,0.2702702702702703,0.4594594594594595,0.16216216216216217,0.7297297297297297,0.02702702702702703,0.13513513513513514,0.10810810810810811,0,0,0,0,0,0
2018,00-0031763,25,3.44,1,14,8,4,13,2,0.04,0.56,0.32,0.16,0.52,0.08,0.72,0.28,0,0,0,0,0,0,0,0
2018,00-0031782,15,4.428571428571429,1,8,5,6,3,1,0.06666666666666667,0.5333333333333333,0.3333333333333333,0.4,0.2,0.06666666666666667,0.7857142857142857,0,0.07142857142857142,0.14285714285714285,0,0,0,0,0,0
2018,00-0031787,11,10.090909090909092,2,2,2,2,7,1,0.18181818181818182,0.18181818181818182,0.18181818181818182,0.18181818181818182,0.6363636363636364,0.09090909090909091,0.6363636363636364,0,0.18181818181818182,0.18181818181818182,0,0,0,0,0,0
2018,00-0031788,8,5,1,6,1,2,5,2,0.125,0.75,0.125,0.25,0.625,0.25,0.875,0,0.125,0,0,0,0,0,0,0
2018,00-0031806,8,2.5714285714285716,0,6,2,0,5,2,0,0.75,0.25,0,0.625,0.25,0.7142857142857143,0.14285714285714285,0.14285714285714285,0,0,0,0,0,0,0
2018,00-0031868,2,12.5,1,0,2,0,0,0,0.5,0,1,0,0,0,0.5,0,0,0.5,0,0,0,0,0,0
2018,00-0031900,12,-0.4166666666666667,0,12,2,3,7,1,0,1,0.16666666666666666,0.25,0.5833333333333334,0.08333333333333333,0.75,0.25,0,0,0,0,0,0,0,0
2018,00-0031912,10,9.2,3,4,4,5,1,2,0.3,0.4,0.4,0.5,0.1,0.2,0.8,0,0.2,0,0,0,0,0,0,0
2018,00-0031922,1,-1,0,1,0,0,1,0,0,1,0,0,1,0,1,0,0,0,0,0,0,0,0,0
2018,00-0031941,49,9.408163265306122,11,19,17,17,15,4,0.22448979591836735,0.3877551020408163,0.3469387755102041,0.3469387755102041,0.30612244897959184,0.08163265306122448,0.6326530612244898,0.08163265306122448,0.1836734693877551,0.10204081632653061,0,0,6.369999999999999,2.8953128855918826,0,10.724030743118984
2018,00-0031951,38,6,5,16,12,12,14,2,0.13157894736842105,0.42105263157894735,0.3157894736842105,0.3157894736842105,0.3684210526315789,0.05263157894736842,0.8378378378378378,0.05405405405405406,0.10810810810810811,0,0,0,0,0,0,0
2018,00-0031953,1,0,0,1,1,0,0,0,0,1,1,0,0,0,1,0,0,0,0,0,0,0,0,0
2018,00-0031959,19,1.368421052631579,0,15,6,3,10,2,0,0.7894736842105263,0.3157894736842105,0.15789473684210525,0.5263157894736842,0.10526315789473684,0.7368421052631579,0.21052631578947367,0.05263157894736842,0,0,0,0,0,0,0
2018,00-0031972,15,10.2,3,6,7,4,4,0,0.2,0.4,0.4666666666666667,0.26666666666666666,0.26666666666666666,0,0.4666666666666667,0.2,0.26666666666666666,0.06666666666666667,0,0,0,0,0,0
2018,00-0032009,106,6.295238095238095,11,39,50,30,25,15,0.10377358490566038,0.36792452830188677,0.4716981132075472,0.2830188679245283,0.2358490566037736,0.14150943396226415,0.6761904761904762,0.1619047619047619,0.08571428571428572,0.0761904761904762,0,0,6.538736842105264,3.5643503240060106,0,9.662087533313231
2018,00-0032054,25,18.36,15,4,8,4,13,1,0.6,0.16,0.32,0.16,0.52,0.04,0.44,0,0.4,0.16,0,0,0,0,0,0
2018,00-0032055,79,12.822784810126583,30,15,48,12,19,12,0.379746835443038,0.189873417721519,0.6075949367088608,0.1518987341772152,0.24050632911392406,0.1518987341772152,0.6708860759493671,0,0.22784810126582278,0.10126582278481013,0,0,5.00921052631579,2.2659341912580326,0,24.22900659813392
2018,00-0032058,44,0.4772727272727273,3,41,21,6,17,10,0.06818181818181818,0.9318181818181818,0.4772727272727273,0.13636363636363635,0.38636363636363635,0.22727272727272727,0.6590909090909091,0.22727272727272727,0.06818181818181818,0.045454545454545456,0,0,0,0,0,0
2018,00-0032062,11,5.2727272727272725,1,5,0,4,7,0,0.09090909090909091,0.45454545454545453,0,0.36363636363636365,0.6363636363636364,0,0.7272727272727273,0,0.2727272727272727,0,0,0,0,0,0,0
2018,00-0032063,42,0.11904761904761904,1,39,16,13,13,1,0.023809523809523808,0.9285714285714286,0.38095238095238093,0.30952380952380953,0.30952380952380953,0.023809523809523808,0.8095238095238095,0.16666666666666666,0.023809523809523808,0,0,0,0,0,0,0
2018,00-0032089,10,4.3,1,7,4,3,3,1,0.1,0.7,0.4,0.3,0.3,0.1,0.9,0,0.1,0,0,0,0,0,0,0
2018,00-0032104,4,4.25,1,3,1,1,2,1,0.25,0.75,0.25,0.25,0.5,0.25,0.5,0.25,0.25,0,0,0,0,0,0,0
2018,00-0032112,19,18.842105263157894,11,3,7,4,8,0,0.5789473684210527,0.15789473684210525,0.3684210526315789,0.21052631578947367,0.42105263157894735,0,0.47368421052631576,0.15789473684210525,0.3157894736842105,0.05263157894736842,0,0,0,0,0,0
2018,00-0032117,10,3.9,0,8,3,2,5,2,0,0.8,0.3,0.2,0.5,0.2,1,0,0,0,0,0,0,0,0,0
2018,00-0032120,8,3.875,1,4,2,3,3,2,0.125,0.5,0.25,0.375,0.375,0.25,0.625,0.25,0.125,0,0,0,0,0,0,0
2018,00-0032128,52,8.365384615384615,11,19,19,10,23,10,0.21153846153846154,0.36538461538461536,0.36538461538461536,0.19230769230769232,0.4423076923076923,0.19230769230769232,0.7115384615384616,0.09615384615384616,0.15384615384615385,0.038461538461538464,0,0,6.50375,3.258717255995559,0,9.40589369820658
2018,00-0032134,64,7.375,11,23,27,11,26,6,0.171875,0.359375,0.421875,0.171875,0.40625,0.09375,0.734375,0.046875,0.1875,0.03125,0,0,5.0252083333333335,2.7544353613575905,0,10.795107310514664
2018,00-0032135,40,7.6923076923076925,8,19,9,17,13,6,0.2,0.475,0.225,0.425,0.325,0.15,0.8461538461538461,0.02564102564102564,0.1282051282051282,0,0,0,0,0,0,0
2018,00-0032141,32,4.34375,2,22,10,5,17,4,0.0625,0.6875,0.3125,0.15625,0.53125,0.125,0.90625,0.09375,0,0,0,0,0,0,0,0
2018,00-0032144,67,-0.3333333333333333,1,62,22,13,31,14,0.014925373134328358,0.9253731343283582,0.3283582089552239,0.19402985074626866,0.4626865671641791,0.208955223880597,0.7878787878787878,0.16666666666666666,0.015151515151515152,0.030303030303030304,0,0,0,0,0,0
2018,00-0032160,65,12.4,21,23,27,18,20,7,0.3230769230769231,0.35384615384615387,0.4153846153846154,0.27692307692307694,0.3076923076923077,0.1076923076923077,0.6461538461538462,0.015384615384615385,0.27692307692307694,0.06153846153846154,0,0,5.5646774193548385,2.760509326157898,0,20.146471107408836
2018,00-0032166,2,4.5,0,1,1,1,0,1,0,0.5,0.5,0.5,0,0.5,1,0,0,0,0,0,0,0,0,0
2018,00-0032170,8,7.5,0,1,1,5,2,0,0,0.125,0.125,0.625,0.25,0,0.75,0,0,0.25,0,0,0,0,0,0
2018,00-0032187,76,0.8289473684210527,5,66,32,8,36,10,0.06578947368421052,0.868421052631579,0.42105263157894735,0.10526315789473684,0.47368421052631576,0.13157894736842105,0.5394736842105263,0.32894736842105265,0.09210526315789473,0.039473684210526314,0,0,0,0,0,0
2018,00-0032200,40,1.7,2,34,8,16,16,3,0.05,0.85,0.2,0.4,0.4,0.075,0.675,0.2,0.05,0.075,0,0,0,0,0,0
2018,00-0032208,42,10.523809523809524,11,14,14,8,20,8,0.2619047619047619,0.3333333333333333,0.3333333333333333,0.19047619047619047,0.47619047619047616,0.19047619047619047,0.6428571428571429,0.11904761904761904,0.21428571428571427,0.023809523809523808,0,0,0,0,0,0
2018,00-0032209,78,0.7307692307692307,0,69,21,23,34,6,0,0.8846153846153846,0.2692307692307692,0.2948717948717949,0.4358974358974359,0.07692307692307693,0.8589743589743589,0.11538461538461539,0.02564102564102564,0,0,0,0,0,0,0
2018,00-0032211,71,13.614285714285714,26,18,25,10,35,7,0.36619718309859156,0.2535211267605634,0.352112676056338,0.14084507042253522,0.49295774647887325,0.09859154929577464,0.5571428571428572,0.05714285714285714,0.32857142857142857,0.05714285714285714,0,0,6.573623188405797,3.339030553751498,0,24.43695530068308
2018,00-0032214,6,7.166666666666667,0,2,2,1,3,2,0,0.3333333333333333,0.3333333333333333,0.16666666666666666,0.5,0.3333333333333333,0.8333333333333334,0,0.16666666666666666,0,0,0,0,0,0,0
2018,00-0032227,48,4.958333333333333,5,30,16,8,24,13,0.10416666666666667,0.625,0.3333333333333333,0.16666666666666666,0.5,0.2708333333333333,0.7291666666666666,0.08333333333333333,0.14583333333333334,0.041666666666666664,0,0,5.671282051282052,3.2957960638852764,0,6.261534134176709
2018,00-0032241,82,0.6172839506172839,3,65,36,19,26,20,0.036585365853658534,0.7926829268292683,0.43902439024390244,0.23170731707317074,0.3170731707317073,0.24390243902439024,0.7160493827160493,0.18518518518518517,0.08641975308641975,0.012345679012345678,0,0,0,0,0,0
2018,00-0032257,62,2.467741935483871,5,44,27,11,24,8,0.08064516129032258,0.7096774193548387,0.43548387096774194,0.1774193548387097,0.3870967741935484,0.12903225806451613,0.6612903225806451,0.1774193548387097,0.08064516129032258,0.08064516129032258,0,0,0,0,0,0
2018,00-0032268,1,10,0,0,1,0,0,0,0,0,1,0,0,0,1,0,0,0,0,0,0,0,0,0
2018,00-0032355,74,6.347222222222222,12,35,23,18,31,9,0.16216216216216217,0.47297297297297297,0.3108108108108108,0.24324324324324326,0.4189189189189189,0.12162162162162163,0.5694444444444444,0.2777777777777778,0.125,0.027777777777777776,0,0,5.678955223880597,3.644751079162615,0,9.330396350677352
2018,00-0032362,47,9.872340425531915,10,14,17,13,17,4,0.2127659574468085,0.2978723404255319,0.3617021276595745,0.2765957446808511,0.3617021276595745,0.0851063829787234,0.6382978723404256,0.10638297872340426,0.2127659574468085,0.0425531914893617,0,0,6.5694871794871785,3.0630757555391246,0,11.858506646023812
2018,00-0032381,1,1,0,1,1,0,0,1,0,1,1,0,0,1,0,0,0,0,0,0,0,0,0,0
2018,00-0032383,1,-3,0,1,0,0,1,0,0,1,0,0,1,0,0,0,0,0,0,0,0,0,0,0
2018,00-0032385,108,10.11214953271028,35,39,25,33,49,20,0.32407407407407407,0.3611111111111111,0.23148148148148148,0.3055555555555556,0.4537037037037037,0.18518518518518517,0.6074766355140186,0.037383177570093455,0.308411214953271,0.04672897196261682,0,0,5.886262626262626,3.1383422819390634,0,25.956957373492738
2018,00-0032392,90,6.795454545454546,11,40,33,20,35,15,0.12222222222222222,0.4444444444444444,0.36666666666666664,0.2222222222222222,0.3888888888888889,0.16666666666666666,0.8181818181818182,0.011363636363636364,0.125,0.045454545454545456,0,0,5.577121212121212,3.239225478765151,0,11.263583784052761
2018,00-0032393,3,1.6666666666666667,0,3,0,3,0,0,0,1,0,1,0,0,1,0,0,0,0,0,0,0,0,0
2018,00-0032394,43,6.209302325581396,5,24,6,15,22,6,0.11627906976744186,0.5581395348837209,0.13953488372093023,0.3488372093023256,0.5116279069767442,0.13953488372093023,0.813953488372093,0.023255813953488372,0.11627906976744186,0.046511627906976744,0,0,5.732777777777778,3.68941833737443,0,6.781902846478592
2018,00-0032398,25,11.52,6,8,3,12,10,1,0.24,0.32,0.12,0.48,0.4,0.04,0.625,0.041666666666666664,0.20833333333333334,0.125,0,0,0,0,0,0
2018,00-0032404,3,7.666666666666667,1,2,3,0,0,0,0.3333333333333333,0.6666666666666666,1,0,0,0,1,0,0,0,0,0,0,0,0,0
2018,00-0032411,7,-0.8571428571428571,0,7,1,1,5,0,0,1,0.14285714285714285,0.14285714285714285,0.7142857142857143,0,0.5714285714285714,0.42857142857142855,0,0,0,0,0,0,0,0
2018,00-0032426,21,1.2857142857142858,0,20,6,7,8,5,0,0.9523809523809523,0.2857142857142857,0.3333333333333333,0.38095238095238093,0.23809523809523808,0.8095238095238095,0.14285714285714285,0.047619047619047616,0,0,0,0,0,0,0
2018,00-0032430,6,2,0,6,0,3,3,1,0,1,0,0.5,0.5,0.16666666666666666,0.8333333333333334,0.16666666666666666,0,0,0,0,0,0,0,0
2018,00-0032466,1,0,0,1,0,0,1,0,0,1,0,0,1,0,0,0,0,0,0,0,0,0,0,0
2018,00-0032472,3,7,1,1,0,0,3,0,0.3333333333333333,0.3333333333333333,0,0,1,0,0.6666666666666666,0,0.3333333333333333,0,0,0,0,0,0,0
2018,00-0032508,3,8.333333333333334,1,0,1,0,2,0,0.3333333333333333,0,0.3333333333333333,0,0.6666666666666666,0,0.6666666666666666,0,0.3333333333333333,0,0,0,0,0,0,0
2018,00-0032543,29,9.137931034482758,5,10,8,9,12,3,0.1724137931034483,0.3448275862068966,0.27586206896551724,0.3103448275862069,0.41379310344827586,0.10344827586206896,0.5517241379310345,0.13793103448275862,0.27586206896551724,0.034482758620689655,0,0,0,0,0,0
2018,00-0032562,1,1,0,1,0,1,0,1,0,1,0,1,0,1,1,0,0,0,0,0,0,0,0,0
2018,00-0032599,11,10.727272727272727,3,3,5,2,4,1,0.2727272727272727,0.2727272727272727,0.45454545454545453,0.18181818181818182,0.36363636363636365,0.09090909090909091,0.7272727272727273,0,0.2727272727272727,0,0,0,0,0,0,0
2018,00-0032602,1,7,0,0,0,1,0,1,0,0,0,1,0,1,1,0,0,0,0,0,0,0,0,0
2018,00-0032626,30,12.933333333333334,10,6,7,4,19,3,0.3333333333333333,0.2,0.23333333333333334,0.13333333333333333,0.6333333333333333,0.1,0.7,0.03333333333333333,0.23333333333333334,0.03333333333333333,0,0,0,0,0,0
2018,00-0032634,8,7.875,1,1,1,7,0,2,0.125,0.125,0.125,0.875,0,0.25,0.75,0,0.25,0,0,0,0,0,0,0
2018,00-0032661,5,13.8,3,1,0,2,3,2,0.6,0.2,0,0.4,0.6,0.4,0.6,0,0.4,0,0,0,0,0,0,0
2018,00-0032688,94,15.904255319148936,35,14,47,14,33,9,0.3723404255319149,0.14893617021276595,0.5,0.14893617021276595,0.35106382978723405,0.09574468085106383,0.5108695652173914,0.021739130434782608,0.3804347826086957,0.08695652173913043,0,0,6.439239130434784,2.3038998886495157,0,33.562048439132994
2018,00-0032707,24,9.125,4,10,8,3,13,2,0.16666666666666666,0.4166666666666667,0.3333333333333333,0.125,0.5416666666666666,0.08333333333333333,0.5833333333333334,0.041666666666666664,0.25,0.125,0,0,0,0,0,0
2018,00-0032741,29,1.3793103448275863,0,27,11,11,7,5,0,0.9310344827586207,0.3793103448275862,0.3793103448275862,0.2413793103448276,0.1724137931034483,0.8275862068965517,0.1724137931034483,0,0,0,0,0,0,0,0
2018,00-0032745,5,2.4,0,4,2,0,3,1,0,0.8,0.4,0,0.6,0.2,1,0,0,0,0,0,0,0,0,0
2018,00-0032760,78,14.487179487179487,30,13,41,19,18,8,0.38461538461538464,0.16666666666666666,0.5256410256410257,0.24358974358974358,0.23076923076923078,0.10256410256410256,0.46153846153846156,0.038461538461538464,0.3717948717948718,0.1282051282051282,0,0,5.586025641025641,2.422757691942154,0,26.824982029651682
2018,00-0032764,18,-0.7222222222222222,0,17,9,4,5,2,0,0.9444444444444444,0.5,0.2222222222222222,0.2777777777777778,0.1111111111111111,0.8333333333333334,0.16666666666666666,0,0,0,0,0,0,0,0
2018,00-0032765,148,7.714285714285714,22,57,61,29,57,30,0.14864864864864866,0.38513513513513514,0.41216216216216217,0.19594594594594594,0.38513513513513514,0.20270270270270271,0.6190476190476191,0.061224489795918366,0.14965986394557823,0.17006802721088435,0,0,4.63503448275862,2.748359541846998,0,30.27239576937656
2018,00-0032773,1,0,0,0,0,0,0,1,0,0,0,0,0,1,0,0,0,0,0,0,0,0,0,0
2018,00-0032775,33,11.696969696969697,10,15,12,5,16,6,0.30303030303030304,0.45454545454545453,0.36363636363636365,0.15151515151515152,0.48484848484848486,0.18181818181818182,0.5757575757575758,0.06060606060606061,0.3333333333333333,0.030303030303030304,0,0,0,0,0,0
2018,00-0032778,47,10.702127659574469,16,13,19,14,14,10,0.3404255319148936,0.2765957446808511,0.40425531914893614,0.2978723404255319,0.2978723404255319,0.2127659574468085,0.5957446808510638,0.02127659574468085,0.3404255319148936,0.0425531914893617,0,0,6.156363636363636,3.0912748421832053,0,16.483125444806532
2018,00-0032780,27,0.7777777777777778,0,25,8,4,15,5,0,0.9259259259259259,0.2962962962962963,0.14814814814814814,0.5555555555555556,0.18518518518518517,0.8518518518518519,0.1111111111111111,0.037037037037037035,0,0,0,0,0,0,0
2018,00-0032782,35,0.14285714285714285,1,31,16,4,15,6,0.02857142857142857,0.8857142857142857,0.45714285714285713,0.11428571428571428,0.42857142857142855,0.17142857142857143,0.6,0.3142857142857143,0.08571428571428572,0,0,0,0,0,0,0
2018,00-0032791,34,8.088235294117647,7,15,13,6,15,2,0.20588235294117646,0.4411764705882353,0.38235294117647056,0.17647058823529413,0.4411764705882353,0.058823529411764705,0.6176470588235294,0.17647058823529413,0.11764705882352941,0.08823529411764706,0,0,0,0,0,0
2018,00-0032794,2,1.5,0,2,0,1,1,1,0,1,0,0.5,0.5,0.5,1,0,0,0,0,0,0,0,0,0
2018,00-0032795,29,13.107142857142858,12,2,9,8,11,3,0.41379310344827586,0.06896551724137931,0.3103448275862069,0.27586206896551724,0.3793103448275862,0.10344827586206896,0.5357142857142857,0,0.39285714285714285,0.07142857142857142,0,0,0,0,0,0
2018,00-0032813,10,0.2222222222222222,0,8,3,0,6,2,0,0.8,0.3,0,0.6,0.2,0.6666666666666666,0.3333333333333333,0,0,0,0,0,0,0,0
2018,00-0032881,3,19.666666666666668,2,0,3,0,0,0,0.6666666666666666,0,1,0,0,0,1,0,0,0,0,0,0,0,0,0
2018,00-0032897,1,0,0,1,0,0,1,0,0,1,0,0,1,0,1,0,0,0,0,0,0,0,0,0
2018,00-0032911,1,-2,0,1,0,1,0,0,0,1,0,1,0,0,0,0,0,0,0,0,0,0,0,0
2018,00-0032918,15,-0.4,0,14,9,0,6,0,0,0.9333333333333333,0.6,0,0.4,0,0.9333333333333333,0.06666666666666667,0,0,0,0,0,0,0,0
2018,00-0032935,1,45,1,0,0,1,0,0,1,0,0,1,0,0,0,0,1,0,0,0,0,0,0,0
2018,00-0032940,1,2,0,1,0,0,1,0,0,1,0,0,1,0,1,0,0,0,0,0,0,0,0,0
2018,00-0032950,1,-5,0,1,0,1,0,0,0,1,0,1,0,0,0,0,0,0,0,0,0,0,0,0
2018,00-0032951,53,6.037735849056604,2,21,19,11,23,4,0.03773584905660377,0.39622641509433965,0.3584905660377358,0.20754716981132076,0.4339622641509434,0.07547169811320754,0.71698113207547165,0.018867924528301886,0.03773584905660377,0.22641509433962265,0,0,6.316470588235296,2.8667062142826505,0,7.04771930450608
2018,00-0032956,10,5.1,1,7,4,1,5,1,0.1,0.7,0.4,0.1,0.5,0.1,0.6666666666666666,0.1111111111111111,0.2222222222222222,0,0,0,0,0,0,0
2018,00-0032959,3,10.666666666666666,0,0,1,0,2,0,0,0,0.3333333333333333,0,0.6666666666666666,0,0.3333333333333333,0,0,0.6666666666666666,0,0,0,0,0,0
2018,00-0032964,6,1.6666666666666667,0,5,3,1,2,1,0,0.8333333333333334,0.5,0.16666666666666666,0.3333333333333333,0.16666666666666666,0.6666666666666666,0.3333333333333333,0,0,0,0,0,0,0,0
2018,00-0032966,8,12.5,2,1,6,0,2,1,0.25,0.125,0.75,0,0.25,0.125,0.375,0,0.375,0.25,0,0,0,0,0,0
2018,00-0032972,51,1.5098039215686274,0,42,15,20,16,8,0,0.8235294117647058,0.29411764705882354,0.39215686274509803,0.3137254901960784,0.1568627450980392,0.9215686274509803,0.0392156862745098,0,0.0392156862745098,0,0,0,0,0,0
2018,00-0032975,1,1,0,1,1,0,0,0,0,1,1,0,0,0,1,0,0,0,0,0,0,0,0,0
2018,00-0032977,53,11.20754716981132,24,15,17,7,29,4,0.4528301886792453,0.2830188679245283,0.32075471698113206,0.1320754716981132,0.5471698113207547,0.07547169811320754,0.5471698113207547,0.09433962264150944,0.32075471698113206,0.03773584905660377,0,0,6.470980392156863,3.00698939270794,0,11.250269552486126
2018,00-0032980,8,13.75,3,2,0,3,5,0,0.375,0.25,0,0.375,0.625,0,0.625,0,0.25,0.125,0,0,0,0,0,0
2018,00-0033009,108,9.333333333333334,26,33,39,35,34,10,0.24074074074074073,0.3055555555555556,0.3611111111111111,0.32407407407407407,0.3148148148148148,0.09259259259259259,0.6018518518518519,0.08333333333333333,0.23148148148148148,0.08333333333333333,0,0,5.641276595744681,2.915722646056682,0,22.926107170180295
2018,00-0033025,81,1.6666666666666667,2,58,30,25,26,4,0.024691358024691357,0.7160493827160493,0.37037037037037035,0.30864197530864196,0.32098765432098764,0.04938271604938271,0.7530864197530864,0.19753086419753085,0.037037037037037035,0.012345679012345678,0,0,0,0,0,0
2018,00-0033040,137,14.788321167883211,54,39,46,42,49,16,0.39416058394160586,0.2846715328467153,0.3357664233576642,0.30656934306569344,0.35766423357664234,0.11678832116788321,0.5182481751824818,0.072992700729927,0.29927007299270075,0.10948905109489052,0,0,5.855714285714284,3.1487175958362723,0,38.42517686020561
2018,00-0033045,95,0.3473684210526316,1,89,35,21,39,17,0.010526315789473684,0.9368421052631579,0.3684210526315789,0.22105263157894736,0.4105263157894737,0.17894736842105263,0.7789473684210526,0.17894736842105263,0.031578947368421054,0.010526315789473684,0,0,0,0,0,0
2018,00-0033049,1,-1,0,1,0,0,1,1,0,1,0,0,1,1,1,0,0,0,0,0,0,0,0,0
2018,00-0033054,7,10,2,3,3,0,4,2,0.2857142857142857,0.42857142857142855,0.42857142857142855,0,0.5714285714285714,0.2857142857142857,0.5714285714285714,0.14285714285714285,0.2857142857142857,0,0,0,0,0,0,0
2018,00-0033060,4,26.25,3,1,2,1,1,1,0.75,0.25,0.5,0.25,0.25,0.25,0.5,0,0.5,0,0,0,0,0,0,0
2018,00-0033077,1,11,0,0,1,0,0,1,0,0,1,0,0,1,1,0,0,0,0,0,0,0,0,0
2018,00-0033080,8,12.428571428571429,2,2,3,2,2,1,0.25,0.25,0.375,0.25,0.25,0.125,0.42857142857142855,0.14285714285714285,0.42857142857142855,0,0,0,0,0,0,0
2018,00-0033094,20,10.947368421052632,5,6,10,5,4,3,0.25,0.3,0.5,0.25,0.2,0.15,0.5263157894736842,0.10526315789473684,0.15789473684210525,0.21052631578947367,0,0,0,0,0,0
2018,00-0033110,34,6.735294117647059,6,17,19,2,13,6,0.17647058823529413,0.5,0.5588235294117647,0.058823529411764705,0.38235294117647056,0.17647058823529413,0.7352941176470589,0.058823529411764705,0.20588235294117646,0,0,0,0,0,0,0
2018,00-0033111,1,6,0,0,0,0,1,0,0,0,0,0,1,0,1,0,0,0,0,0,0,0,0,0
2018,00-0033118,73,2.2054794520547945,5,60,34,13,26,7,0.0684931506849315,0.821917808219178,0.4657534246575342,0.1780821917808219,0.3561643835616438,0.0958904109589041,0.8493150684931506,0.0410958904109589,0.0958904109589041,0.0136986301369863,0,0,0,0,0,0
2018,00-0033127,45,14.71111111111111,15,10,17,6,22,5,0.3333333333333333,0.2222222222222222,0.37777777777777777,0.13333333333333333,0.4888888888888889,0.1111111111111111,0.7111111111111111,0.06666666666666667,0.2222222222222222,0,0,0,5.448837209302326,3.3349896377846044,0,14.928674591205858
2018,00-0033217,13,11.692307692307692,5,6,4,4,5,3,0.38461538461538464,0.46153846153846156,0.3076923076923077,0.3076923076923077,0.38461538461538464,0.23076923076923078,0.46153846153846156,0,0.46153846153846156,0.07692307692307693,0,0,0,0,0,0
2018,00-0033246,1,0,0,1,0,0,1,0,0,1,0,0,1,0,1,0,0,0,0,0,0,0,0,0
2018,00-0033251,46,9.521739130434783,13,16,18,11,17,8,0.2826086956521739,0.34782608695652173,0.391304347826087,0.2391304347826087,0.3695652173913043,0.17391304347826086,0.5869565217391305,0.06521739130434782,0.1956521739130435,0.15217391304347827,0,0,5.71047619047619,2.4398537770173276,0,8.94907539810516
2018,00-0033258,2,28.5,2,0,0,1,1,0,1,0,0,0.5,0.5,0,0,0,1,0,0,0,0,0,0,0
2018,00-0033280,125,0.6774193548387096,3,100,50,23,51,17,0.024,0.8,0.4,0.184,0.408,0.136,0.7983870967741935,0.14516129032258066,0.04032258064516129,0.016129032258064516,0,0,0,0,0,0
2018,00-0033282,65,11.938461538461539,17,15,24,9,32,9,0.26153846153846155,0.23076923076923078,0.36923076923076925,0.13846153846153847,0.49230769230769234,0.13846153846153847,0.6153846153846154,0.07692307692307693,0.2923076923076923,0.015384615384615385,0,0,6.7276923076923065,2.4194832850358883,0,19.152270591312934
2018,00-0033288,138,7.323529411764706,21,60,52,34,50,21,0.15217391304347827,0.43478260869565216,0.37681159420289856,0.2463768115942029,0.36231884057971014,0.15217391304347827,0.7058823529411765,0.08823529411764706,0.11029411764705882,0.09558823529411764,0,0,5.40548076923077,3.3138640925833163,0,25.478175576262878
2018,00-0033292,41,5.975,5,19,13,12,15,7,0.12195121951219512,0.4634146341463415,0.3170731707317073,0.2926829268292683,0.36585365853658536,0.17073170731707318,0.75,0.125,0.05,0.075,0,0,0,0,0,0
2018,00-0033293,35,0.2571428571428571,1,33,16,3,16,3,0.02857142857142857,0.9428571428571428,0.45714285714285713,0.08571428571428572,0.45714285714285713,0.08571428571428572,0.7142857142857143,0.2571428571428571,0.02857142857142857,0,0,0,0,0,0,0
2018,00-0033295,31,4.451612903225806,2,22,9,9,13,2,0.06451612903225806,0.7096774193548387,0.2903225806451613,0.2903225806451613,0.41935483870967744,0.06451612903225806,0.8387096774193549,0.06451612903225806,0.03225806451612903,0.06451612903225806,0,0,0,0,0,0
2018,00-0033296,1,0,0,1,0,0,1,0,0,1,0,0,1,0,1,0,0,0,0,0,0,0,0,0
2018,00-0033306,4,11.75,1,0,3,1,0,1,0.25,0,0.75,0.25,0,0.25,0.25,0,0.25,0.5,0,0,0,0,0,0
2018,00-0033307,67,8.477611940298507,10,18,23,24,20,12,0.14925373134328357,0.26865671641791045,0.34328358208955223,0.3582089552238806,0.29850746268656714,0.1791044776119403,0.7164179104477612,0,0.13432835820895522,0.14925373134328357,0,0,6.464062500000001,2.80630083086052,0,15.497026728788626
2018,00-0033308,31,2.225806451612903,2,18,15,8,8,4,0.06451612903225806,0.5806451612903226,0.4838709677419355,0.25806451612903225,0.25806451612903225,0.12903225806451613,0.6451612903225806,0.25806451612903225,0.0967741935483871,0,0,0,0,0,0,0
2018,00-0033357,7,5.142857142857143,1,4,2,2,3,1,0.14285714285714285,0.5714285714285714,0.2857142857142857,0.2857142857142857,0.42857142857142855,0.14285714285714285,0.42857142857142855,0.42857142857142855,0.14285714285714285,0,0,0,0,0,0,0
2018,00-0033373,10,5,1,5,2,1,7,2,0.1,0.5,0.2,0.1,0.7,0.2,0.6,0.2,0.1,0.1,0,0,0,0,0,0
2018,00-0033374,4,-0.25,0,3,2,0,2,0,0,0.75,0.5,0,0.5,0,0.5,0.5,0,0,0,0,0,0,0,0
2018,00-0033375,41,10.609756097560975,12,11,8,4,29,1,0.2926829268292683,0.2682926829268293,0.1951219512195122,0.0975609756097561,0.7073170731707317,0.024390243902439025,0.6829268292682927,0.024390243902439025,0.21951219512195122,0.07317073170731707,0,0,0,0,0,0
2018,00-0033379,1,14,0,0,1,0,0,0,0,0,1,0,0,0,1,0,0,0,0,0,0,0,0,0
2018,00-0033382,14,9.357142857142858,3,4,10,1,3,3,0.21428571428571427,0.2857142857142857,0.7142857142857143,0.07142857142857142,0.21428571428571427,0.21428571428571427,0.7857142857142857,0,0.21428571428571427,0,0,0,0,0,0,0
2018,00-0033387,5,8.2,0,1,1,2,2,0,0,0.2,0.2,0.4,0.4,0,0.4,0,0.4,0.2,0,0,0,0,0,0
2018,00-0033421,8,5,0,4,1,3,4,0,0,0.5,0.125,0.375,0.5,0,0.75,0.125,0,0.125,0,0,0,0,0,0
2018,00-0033434,5,10.8,3,2,2,1,2,0,0.6,0.4,0.4,0.2,0.4,0,0.6,0.4,0,0,0,0,0,0,0,0
2018,00-0033441,2,7,0,1,0,1,1,0,0,0.5,0,0.5,0.5,0,0.5,0,0,0.5,0,0,0,0,0,0
2018,00-0033455,20,6.65,2,6,6,8,6,4,0.1,0.3,0.3,0.4,0.3,0.2,0.8,0.05,0.1,0.05,0,0,0,0,0,0
2018,00-0033460,58,13.913793103448276,24,23,18,10,30,11,0.41379310344827586,0.39655172413793105,0.3103448275862069,0.1724137931034483,0.5172413793103449,0.1896551724137931,0.46551724137931033,0.08620689655172414,0.3448275862068966,0.10344827586206896,0,0,5.385454545454545,2.2188453649021334,0,18.362977080230504
2018,00-0033464,2,11,1,0,2,0,0,0,0.5,0,1,0,0,0,1,0,0,0,0,0,0,0,0,0
2018,00-0033466,30,8.2,8,12,10,6,14,1,0.26666666666666666,0.4,0.3333333333333333,0.2,0.4666666666666667,0.03333333333333333,0.7333333333333333,0.16666666666666666,0.1,0,0,0,0,0,0,0
2018,00-0033471,1,6,0,0,0,0,1,1,0,0,0,0,1,1,1,0,0,0,0,0,0,0,0,0
2018,00-0033474,3,18,1,1,0,1,2,0,0.3333333333333333,0.3333333333333333,0,0.3333333333333333,0.6666666666666666,0,0.3333333333333333,0,0.3333333333333333,0.3333333333333333,0,0,0,0,0,0
2018,00-0033481,2,2,0,1,0,0,2,0,0,0.5,0,0,1,0,0.5,0.5,0,0,0,0,0,0,0,0
2018,00-0033526,4,-2.25,0,3,2,0,2,1,0,0.75,0.5,0,0.5,0.25,0.5,0.5,0,0,0,0,0,0,0,0
2018,00-0033528,9,6.444444444444445,1,4,2,0,7,4,0.1111111111111111,0.4444444444444444,0.2222222222222222,0,0.7777777777777778,0.4444444444444444,0.7777777777777778,0,0.2222222222222222,0,0,0,0,0,0,0
2018,00-0033536,68,14.757575757575758,27,14,28,20,18,16,0.39705882352941174,0.20588235294117646,0.4117647058823529,0.29411764705882354,0.2647058823529412,0.23529411764705882,0.2727272727272727,0.015151515151515152,0.6212121212121212,0.09090909090909091,0,0,4.930000000000001,2.051655987945469,0,24.845545870149444
2018,00-0033553,73,-0.2535211267605634,1,65,22,27,22,9,0.0136986301369863,0.8904109589041096,0.3013698630136986,0.3698630136986301,0.3013698630136986,0.1232876712328767,0.7464788732394366,0.23943661971830985,0,0.014084507042253521,0,0,0,0,0,0
2018,00-0033556,91,3.6153846153846154,9,69,30,16,45,14,0.0989010989010989,0.7582417582417582,0.32967032967032966,0.17582417582417584,0.4945054945054945,0.15384615384615385,0.6263736263736264,0.25274725274725274,0.10989010989010989,0.01098901098901099,0,0,0,0,0,0
2018,00-0033559,20,6.45,3,10,6,5,9,7,0.15,0.5,0.3,0.25,0.45,0.35,0.65,0,0.3,0.05,0,0,0,0,0,0
2018,00-0033562,44,3.3636363636363638,3,28,17,17,10,7,0.06818181818181818,0.6363636363636364,0.38636363636363635,0.38636363636363635,0.22727272727272727,0.1590909090909091,0.75,0.11363636363636363,0.045454545454545456,0.09090909090909091,0,0,5.791142857142855,3.4665805538720518,0,2.6693542057881636
2018,00-0033564,13,7.461538461538462,3,6,6,1,6,2,0.23076923076923078,0.46153846153846156,0.46153846153846156,0.07692307692307693,0.46153846153846156,0.15384615384615385,0.8461538461538461,0,0.15384615384615385,0,0,0,0,0,0,0
2018,00-0033567,2,3.5,0,2,0,2,0,1,0,1,0,1,0,0.5,1,0,0,0,0,0,0,0,0,0
2018,00-0033573,3,33.333333333333336,3,0,2,0,1,0,1,0,0.6666666666666666,0,0.3333333333333333,0,0,0,1,0,0,0,0,0,0,0
2018,00-0033576,9,5.333333333333333,1,4,0,3,6,1,0.1111111111111111,0.4444444444444444,0,0.3333333333333333,0.6666666666666666,0.1111111111111111,0.7777777777777778,0,0.2222222222222222,0,0,0,0,0,0,0
2018,00-0033589,53,15.830188679245284,23,10,34,4,15,9,0.4339622641509434,0.18867924528301888,0.6415094339622641,0.07547169811320754,0.2830188679245283,0.16981132075471697,0.41509433962264153,0.03773584905660377,0.4716981132075472,0.07547169811320754,0,0,4.736415094339622,1.9987676923420887,0,22.466913601337694
2018,00-0033591,8,9.375,1,3,6,1,1,2,0.125,0.375,0.75,0.125,0.125,0.25,0.8333333333333334,0,0.16666666666666666,0,0,0,0,0,0,0
2018,00-0033594,24,-0.041666666666666664,0,23,10,4,10,3,0,0.9583333333333334,0.4166666666666667,0.16666666666666666,0.4166666666666667,0.125,0.875,0.08333333333333333,0.041666666666666664,0,0,0,0,0,0,0
2018,00-0033611,69,9.855072463768115,17,20,28,16,25,4,0.2463768115942029,0.2898550724637681,0.4057971014492754,0.2318840579710145,0.36231884057971014,0.057971014492753624,0.782608695652174,0,0.2028985507246377,0.014492753623188406,0,0,5.295882352941177,2.7307876679597243,0,17.12782265791252
2018,00-0033627,35,7.628571428571429,6,14,10,7,18,1,0.17142857142857143,0.4,0.2857142857142857,0.2,0.5142857142857142,0.02857142857142857,0.7714285714285715,0,0.2,0.02857142857142857,0,0,0,0,0,0
2018,00-0033658,36,8.25,8,14,16,6,14,3,0.2222222222222222,0.3888888888888889,0.4444444444444444,0.16666666666666666,0.3888888888888889,0.08333333333333333,0.8055555555555556,0.027777777777777776,0.16666666666666666,0,0,0,0,0,0,0
2018,00-0033681,70,9.871428571428572,17,20,30,13,27,7,0.24285714285714285,0.2857142857142857,0.42857142857142855,0.18571428571428572,0.38571428571428573,0.1,0.8,0,0.15714285714285714,0.04285714285714286,0,0,6.647058823529412,2.87739486389453,0,18.319182033250144
2018,00-0033696,1,24,1,0,1,0,0,0,1,0,1,0,0,0,0,0,1,0,0,0,0,0,0,0
2018,00-0033699,53,0.7547169811320755,3,47,19,15,19,5,0.05660377358490566,0.8867924528301887,0.3584905660377358,0.2830188679245283,0.3584905660377358,0.09433962264150944,0.8301886792452831,0.07547169811320754,0.09433962264150944,0,0,0,0,0,0,0
2018,00-0033725,25,-1.24,2,22,8,3,14,2,0.08,0.88,0.32,0.12,0.56,0.08,0.4166666666666667,0.5833333333333334,0,0,0,0,0,0,0,0
2018,00-0033742,1,8,0,0,0,1,0,0,0,0,0,1,0,0,0,0,1,0,0,0,0,0,0,0
2018,00-0033757,6,13.833333333333334,1,2,2,2,2,0,0.16666666666666666,0.3333333333333333,0.3333333333333333,0.3333333333333333,0.3333333333333333,0,0.6666666666666666,0,0.16666666666666666,0.16666666666666666,0,0,0,0,0,0
2018,00-0033770,1,8,0,0,0,0,1,0,0,0,0,0,1,0,0,0,0,0,0,0,0,0,0,0
2018,00-0033773,1,27,1,0,0,0,1,0,1,0,0,0,1,0,0,0,1,0,0,0,0,0,0,0
2018,00-0033789,7,-0.2857142857142857,0,7,1,1,5,1,0,1,0.14285714285714285,0.14285714285714285,0.7142857142857143,0.14285714285714285,0.8571428571428571,0.14285714285714285,0,0,0,0,0,0,0,0
2018,00-0033839,103,8.435643564356436,21,39,32,26,43,15,0.20388349514563106,0.3786407766990291,0.3106796116504854,0.2524271844660194,0.4174757281553398,0.14563106796116504,0.6534653465346535,0.1485148514851485,0.16831683168316833,0.0297029702970297,0,0,6.128426966292135,3.5126726115132967,0,23.08417322919704
2018,00-0033856,26,-0.5384615384615384,0,21,5,6,15,3,0,0.8076923076923077,0.19230769230769232,0.23076923076923078,0.5769230769230769,0.11538461538461539,0.6923076923076923,0.3076923076923077,0,0,0,0,0,0,0,0
2018,00-0033857,167,8.801204819277109,34,72,58,56,52,30,0.20359281437125748,0.4311377245508982,0.3473053892215569,0.33532934131736525,0.31137724550898205,0.17964071856287425,0.5542168674698795,0.1144578313253012,0.23493975903614459,0.0963855421686747,0,0,5.316601307189543,3.00124581675711,0,27.599725120642578
2018,00-0033858,30,5.166666666666667,3,14,13,9,8,5,0.1,0.4666666666666667,0.43333333333333335,0.3,0.26666666666666666,0.16666666666666666,0.7666666666666667,0.1,0.06666666666666667,0.06666666666666667,0,0,0,0,0,0
2018,00-0033859,5,7.2,1,3,2,0,3,0,0.2,0.6,0.4,0,0.6,0,0.8,0,0.2,0,0,0,0,0,0,0
2018,00-0033871,112,10.348214285714286,37,32,32,33,47,15,0.33035714285714285,0.2857142857142857,0.2857142857142857,0.29464285714285715,0.41964285714285715,0.13392857142857142,0.625,0.08928571428571429,0.21428571428571427,0.07142857142857142,0,0,6.079245283018868,3.0511981039825167,0,35.850782235207454
2018,00-0033879,48,11.8125,20,9,10,20,18,7,0.4166666666666667,0.1875,0.20833333333333334,0.4166666666666667,0.375,0.14583333333333334,0.4791666666666667,0.020833333333333332,0.4791666666666667,0.020833333333333332,0,0,4.5448571428571425,2.500796985844318,0,8.108353799791823
2018,00-0033881,65,5.296875,8,40,22,14,28,8,0.12307692307692308,0.6153846153846154,0.3384615384615385,0.2153846153846154,0.4307692307692308,0.12307692307692308,0.734375,0.078125,0.140625,0.046875,0,0,6.080517241379311,4.422359424302674,0,7.621294084093494
2018,00-0033885,88,8.659090909090908,22,33,19,28,41,8,0.25,0.375,0.2159090909090909,0.3181818181818182,0.4659090909090909,0.09090909090909091,0.5227272727272727,0.07954545454545454,0.3409090909090909,0.056818181818181816,0,0,5.555806451612903,3.0614063144804686,0,14.196998414842223
2018,00-0033891,103,12.019607843137255,32,28,35,19,48,18,0.3106796116504854,0.27184466019417475,0.33980582524271846,0.18446601941747573,0.46601941747572817,0.17475728155339806,0.6862745098039216,0.0196078431372549,0.22549019607843138,0.06862745098039216,0,0,6.180816326530612,2.7567293241341324,0,25.925272822728346
2018,00-0033893,49,-1.836734693877551,0,47,17,6,26,3,0,0.9591836734693877,0.3469387755102041,0.12244897959183673,0.5306122448979592,0.061224489795918366,0.7755102040816326,0.20408163265306123,0,0.02040816326530612,0,0,0,0,0,0
2018,00-0033895,51,6.08,3,18,17,11,22,12,0.058823529411764705,0.35294117647058826,0.3333333333333333,0.21568627450980393,0.43137254901960786,0.23529411764705882,0.7755102040816326,0,0.16326530612244897,0.061224489795918366,0,0,6.040750000000001,3.8657170267183245,0,6.5640954681328605
2018,00-0033896,7,9.833333333333334,2,3,1,2,3,2,0.2857142857142857,0.42857142857142855,0.14285714285714285,0.2857142857142857,0.42857142857142855,0.2857142857142857,0.6666666666666666,0,0.16666666666666666,0.16666666666666666,0,0,0,0,0,0
2018,00-0033897,55,0.01818181818181818,3,50,17,11,27,8,0.05454545454545454,0.9090909090909091,0.3090909090909091,0.2,0.4909090909090909,0.14545454545454545,0.7090909090909091,0.21818181818181817,0.05454545454545454,0.01818181818181818,0,0,0,0,0,0
2018,00-0033904,1,7,0,0,1,0,0,1,0,0,1,0,0,1,0,0,0,0,0,0,0,0,0,0
2018,00-0033906,105,1.8285714285714285,5,82,43,15,47,26,0.047619047619047616,0.780952380952381,0.4095238095238095,0.14285714285714285,0.44761904761904764,0.24761904761904763,0.6857142857142857,0.19047619047619047,0.11428571428571428,0.009523809523809525,0,0,0,0,0,0
2018,00-0033908,55,8.363636363636363,12,25,21,15,19,11,0.21818181818181817,0.45454545454545453,0.38181818181818183,0.2727272727272727,0.34545454545454546,0.2,0.8181818181818182,0.03636363636363636,0.12727272727272726,0.01818181818181818,0,0,6.683414634146341,3.5412624492302016,0,9.623731510629163
2018,00-0033911,57,13.071428571428571,16,17,26,13,17,7,0.2807017543859649,0.2982456140350877,0.45614035087719296,0.22807017543859648,0.2982456140350877,0.12280701754385964,0.5714285714285714,0.14285714285714285,0.26785714285714285,0.017857142857142856,0,0,7.127454545454546,3.2227428029791154,0,23.001960270192658
2018,00-0033921,97,11.673684210526316,26,18,30,26,39,18,0.26804123711340205,0.18556701030927836,0.30927835051546393,0.26804123711340205,0.4020618556701031,0.18556701030927836,0.6736842105263158,0.021052631578947368,0.2736842105263158,0.031578947368421054,0,0,6.244831460674157,2.589310148656954,0,17.131675714331163
2018,00-0033923,35,1.9428571428571428,3,30,9,5,21,9,0.08571428571428572,0.8571428571428571,0.2571428571428571,0.14285714285714285,0.6,0.2571428571428571,0.6571428571428571,0.22857142857142856,0.05714285714285714,0.05714285714285714,0,0,0,0,0,0
2018,00-0033925,2,9,1,1,1,0,1,1,0.5,0.5,0.5,0,0.5,0.5,1,0,0,0,0,0,0,0,0,0
2018,00-0033928,1,-4,0,1,0,0,1,0,0,1,0,0,1,0,1,0,0,0,0,0,0,0,0,0
2018,00-0033932,122,12.394957983193278,37,25,44,28,47,18,0.30327868852459017,0.20491803278688525,0.36065573770491804,0.22950819672131148,0.38524590163934425,0.14754098360655737,0.6386554621848739,0.025210084033613446,0.2773109243697479,0.058823529411764705,0,0,4.882695652173914,2.264946797684272,0,37.50872601440698
2018,00-0033933,46,12.73913043478261,15,5,19,14,13,5,0.32608695652173914,0.10869565217391304,0.41304347826086957,0.30434782608695654,0.2826086956521739,0.10869565217391304,0.6304347826086957,0,0.34782608695652173,0.021739130434782608,0,0,5.408478260869565,1.895190927541503,0,15.34295482738797
2018,00-0033943,53,12.39622641509434,17,11,20,11,22,14,0.32075471698113206,0.20754716981132076,0.37735849056603776,0.20754716981132076,0.41509433962264153,0.2641509433962264,0.7307692307692307,0,0.2692307692307692,0,0,0,7.4906,3.012980894494583,0,13.654205778634232
2018,00-0033948,42,0.7560975609756098,1,35,16,5,20,4,0.023809523809523808,0.8333333333333334,0.38095238095238093,0.11904761904761904,0.47619047619047616,0.09523809523809523,0.7560975609756098,0.1951219512195122,0.04878048780487805,0,0,0,0,0,0,0
2018,00-0033950,22,1.3181818181818181,1,18,7,5,10,3,0.045454545454545456,0.8181818181818182,0.3181818181818182,0.22727272727272727,0.45454545454545453,0.13636363636363635,0.6818181818181818,0.22727272727272727,0.045454545454545456,0.045454545454545456,0,0,0,0,0,0
2018,00-0033951,26,-0.9230769230769231,0,26,14,2,10,3,0,1,0.5384615384615384,0.07692307692307693,0.38461538461538464,0.11538461538461539,0.8846153846153846,0.11538461538461539,0,0,0,0,0,0,0,0
2018,00-0033953,25,6.44,2,9,5,7,13,3,0.08,0.36,0.2,0.28,0.52,0.12,0.84,0,0.16,0,0,0,0,0,0,0
2018,00-0033968,1,9,0,0,0,0,1,0,0,0,0,0,1,0,0,0,0,1,0,0,0,0,0,0
2018,00-0034011,19,10.789473684210526,7,7,5,6,8,1,0.3684210526315789,0.3684210526315789,0.2631578947368421,0.3157894736842105,0.42105263157894735,0.05263157894736842,0.47368421052631576,0,0.3684210526315789,0.15789473684210525,0,0,0,0,0,0
2018,00-0034052,2,21.5,2,0,1,0,1,0,1,0,0.5,0,0.5,0,0.5,0,0.5,0,0,0,0,0,0,0
2018,00-0034054,2,37,2,0,0,1,1,0,1,0,0,0.5,0.5,0,0,0,1,0,0,0,0,0,0,0
2018,00-0034073,2,6.5,0,0,0,2,0,1,0,0,0,1,0,0.5,0.5,0,0,0.5,0,0,0,0,0,0
2018,00-0034101,1,7,0,0,0,1,0,0,0,0,0,1,0,0,1,0,0,0,0,0,0,0,0,0
2018,00-0034109,47,-0.9148936170212766,0,44,19,10,18,5,0,0.9361702127659575,0.40425531914893614,0.2127659574468085,0.3829787234042553,0.10638297872340426,0.8297872340425532,0.1702127659574468,0,0,0,0,0,0,0,0
2018,00-0034115,15,0,0,12,7,4,4,5,0,0.8,0.4666666666666667,0.26666666666666666,0.26666666666666666,0.3333333333333333,0.8666666666666667,0.13333333333333333,0,0,0,0,0,0,0,0
2018,00-0034159,14,10.071428571428571,5,7,4,4,6,2,0.35714285714285715,0.5,0.2857142857142857,0.2857142857142857,0.42857142857142855,0.14285714285714285,0.5714285714285714,0,0.42857142857142855,0,0,0,0,0,0,0
2018,00-0034164,25,6.28,5,14,10,3,12,1,0.2,0.56,0.4,0.12,0.48,0.04,0.64,0.16,0.16,0.04,0,0,0,0,0,0
2018,00-0034184,2,1.5,0,2,0,1,1,0,0,1,0,0.5,0.5,0,0.5,0.5,0,0,0,0,0,0,0,0
2018,00-0034201,2,1.5,0,2,0,0,2,0,0,1,0,0,1,0,1,0,0,0,0,0,0,0,0,0
2018,00-0034208,3,-0.6666666666666666,0,3,2,0,1,0,0,1,0.6666666666666666,0,0.3333333333333333,0,0.6666666666666666,0.3333333333333333,0,0,0,0,0,0,0,0
2018,00-0034221,4,2,0,3,3,1,0,2,0,0.75,0.75,0.25,0,0.5,1,0,0,0,0,0,0,0,0,0
2018,00-0034253,10,1.9,0,9,4,3,3,0,0,0.9,0.4,0.3,0.3,0,1,0,0,0,0,0,0,0,0,0
2018,00-0034258,5,11.4,1,0,0,1,4,0,0.2,0,0,0.2,0.8,0,0.8,0,0.2,0,0,0,0,0,0,0
2018,00-0034268,3,6.333333333333333,0,1,0,1,2,0,0,0.3333333333333333,0,0.3333333333333333,0.6666666666666666,0,0.6666666666666666,0,0,0.3333333333333333,0,0,0,0,0,0
2018,00-0034270,7,8.428571428571429,2,3,1,1,5,0,0.2857142857142857,0.42857142857142855,0.14285714285714285,0.14285714285714285,0.7142857142857143,0,0.7142857142857143,0,0.2857142857142857,0,0,0,0,0,0,0
2018,00-0034272,74,12.178082191780822,20,23,25,8,40,9,0.2702702702702703,0.3108108108108108,0.33783783783783783,0.10810810810810811,0.5405405405405406,0.12162162162162163,0.6986301369863014,0.0410958904109589,0.2191780821917808,0.0410958904109589,0,0,6.2870833333333325,3.3161160249948374,0,16.2632342971936
2018,00-0034273,21,11.35,7,5,3,1,16,2,0.3333333333333333,0.23809523809523808,0.14285714285714285,0.047619047619047616,0.7619047619047619,0.09523809523809523,0.55,0.15,0.3,0,0,0,0,0,0,0
2018,00-0034279,36,14.027777777777779,20,12,14,5,17,1,0.5555555555555556,0.3333333333333333,0.3888888888888889,0.1388888888888889,0.4722222222222222,0.027777777777777776,0.5277777777777778,0.08333333333333333,0.3888888888888889,0,0,0,0,0,0,0
2018,00-0034286,14,4,1,7,4,6,4,3,0.07142857142857142,0.5,0.2857142857142857,0.42857142857142855,0.2857142857142857,0.21428571428571427,0.5,0.21428571428571427,0,0.2857142857142857,0,0,0,0,0,0
2018,00-0034301,3,-2.3333333333333335,0,3,2,1,0,1,0,1,0.6666666666666666,0.3333333333333333,0,0.3333333333333333,0.6666666666666666,0.3333333333333333,0,0,0,0,0,0,0,0
2018,00-0034309,4,6.75,1,2,2,0,2,0,0.25,0.5,0.5,0,0.5,0,1,0,0,0,0,0,0,0,0,0
2018,00-0034317,21,13.714285714285714,10,3,8,3,10,2,0.47619047619047616,0.14285714285714285,0.38095238095238093,0.14285714285714285,0.47619047619047616,0.09523809523809523,0.7142857142857143,0,0.2857142857142857,0,0,0,0,0,0,0
2018,00-0034331,29,0.06896551724137931,1,25,9,6,14,6,0.034482758620689655,0.8620689655172413,0.3103448275862069,0.20689655172413793,0.4827586206896552,0.20689655172413793,0.5172413793103449,0.41379310344827586,0.034482758620689655,0.034482758620689655,0,0,0,0,0,0
2018,00-0034339,10,7.3,1,1,4,4,2,2,0.1,0.1,0.4,0.4,0.2,0.2,0.5,0.1,0.1,0.3,0,0,0,0,0,0
2018,00-0034348,85,14.023809523809524,30,17,45,14,25,9,0.35294117647058826,0.2,0.5294117647058824,0.16470588235294117,0.29411764705882354,0.10588235294117647,0.4642857142857143,0.011904761904761904,0.39285714285714285,0.13095238095238096,0,0,4.624819277108434,2.1630736692701764,0,27.59410824420464
2018,00-0034349,39,-0.6153846153846154,0,36,22,4,13,6,0,0.9230769230769231,0.5641025641025641,0.10256410256410256,0.3333333333333333,0.15384615384615385,0.7692307692307693,0.15384615384615385,0.07692307692307693,0,0,0,0,0,0,0
2018,00-0034351,44,7.454545454545454,10,22,17,9,18,7,0.22727272727272727,0.5,0.38636363636363635,0.20454545454545456,0.4090909090909091,0.1590909090909091,0.7045454545454546,0.09090909090909091,0.18181818181818182,0.022727272727272728,0,0,5.1517647058823535,3.2578008954318296,0,7.7352823570039435
2018,00-0034353,54,11.185185185185185,21,17,15,22,17,11,0.3888888888888889,0.3148148148148148,0.2777777777777778,0.4074074074074074,0.3148148148148148,0.2037037037037037,0.5740740740740741,0.07407407407407407,0.2777777777777778,0.07407407407407407,0,0,5.188510638297872,2.97224550965007,0,13.712567201439605
2018,00-0034364,25,6.88,4,12,5,5,15,2,0.16,0.48,0.2,0.2,0.6,0.08,0.8,0.04,0.12,0.04,0,0,0,0,0,0
2018,00-0034365,49,6.183673469387755,10,26,18,8,23,7,0.20408163265306123,0.5306122448979592,0.3673469387755102,0.16326530612244897,0.46938775510204084,0.14285714285714285,0.8163265306122449,0.02040816326530612,0.16326530612244897,0,0,0,5.964324324324324,3.4405284318322824,0,7.461413996570132
2018,00-0034366,41,5.073170731707317,5,23,11,18,12,5,0.12195121951219512,0.5609756097560976,0.2682926829268293,0.43902439024390244,0.2926829268292683,0.12195121951219512,0.8292682926829268,0.07317073170731707,0.07317073170731707,0.024390243902439025,0,0,0,0,0,0
2018,00-0034367,81,2.0617283950617282,5,58,36,18,27,10,0.06172839506172839,0.7160493827160493,0.4444444444444444,0.2222222222222222,0.3333333333333333,0.12345679012345678,0.6666666666666666,0.19753086419753085,0.07407407407407407,0.06172839506172839,0,0,0,0,0,0
2018,00-0034370,46,8.630434782608695,8,18,17,10,19,3,0.17391304347826086,0.391304347826087,0.3695652173913043,0.21739130434782608,0.41304347826086957,0.06521739130434782,0.7391304347826086,0.021739130434782608,0.15217391304347827,0.08695652173913043,0,0,5.328604651162791,3.0531937032158556,0,8.82597092540631
2018,00-0034378,32,-0.25,0,32,17,8,7,4,0,1,0.53125,0.25,0.21875,0.125,0.75,0.25,0,0,0,0,0,0,0,0
2018,00-0034383,17,4.117647058823529,0,10,9,3,5,3,0,0.5882352941176471,0.5294117647058824,0.17647058823529413,0.29411764705882354,0.17647058823529413,0.9411764705882353,0,0.058823529411764705,0,0,0,0,0,0,0
2018,00-0034386,3,5,0,1,0,0,3,0,0,0.3333333333333333,0,0,1,0,1,0,0,0,0,0,0,0,0,0
2018,00-0034389,1,17,1,0,0,0,1,0,1,0,0,0,1,0,0,0,0,0,0,0,0,0,0,0
2018,00-0034400,18,-1.4705882352941178,0,17,7,3,7,6,0,0.9444444444444444,0.3888888888888889,0.16666666666666666,0.3888888888888889,0.3333333333333333,0.7647058823529411,0.23529411764705882,0,0,0,0,0,0,0,0
2018,00-0034407,6,2.1666666666666665,1,4,2,2,2,0,0.16666666666666666,0.6666666666666666,0.3333333333333333,0.3333333333333333,0.3333333333333333,0,0.5,0.5,0,0,0,0,0,0,0,0
2018,00-0034411,10,10.5,2,4,3,2,5,1,0.2,0.4,0.3,0.2,0.5,0.1,0.5,0.1,0.1,0.3,0,0,0,0,0,0
2018,00-0034420,27,6,2,13,10,6,11,9,0.07407407407407407,0.48148148148148145,0.37037037037037035,0.2222222222222222,0.4074074074074074,0.3333333333333333,0.6666666666666666,0.07407407407407407,0.2222222222222222,0.037037037037037035,0,0,0,0,0,0
2018,00-0034426,5,6.8,0,3,2,0,3,1,0,0.6,0.4,0,0.6,0.2,1,0,0,0,0,0,0,0,0,0
2018,00-0034440,19,-1,0,18,5,3,11,2,0,0.9473684210526315,0.2631578947368421,0.15789473684210525,0.5789473684210527,0.10526315789473684,0.7368421052631579,0.21052631578947367,0.05263157894736842,0,0,0,0,0,0,0
2018,00-0034457,13,-0.6923076923076923,0,13,7,0,6,0,0,1,0.5384615384615384,0,0.46153846153846156,0,0.9230769230769231,0.07692307692307693,0,0,0,0,0,0,0,0
2018,00-0034487,28,11.25,10,4,8,6,14,1,0.35714285714285715,0.14285714285714285,0.2857142857142857,0.21428571428571427,0.5,0.03571428571428571,0.7857142857142857,0,0.14285714285714285,0.07142857142857142,0,0,0,0,0,0
2018,00-0034489,6,13.833333333333334,2,2,2,1,3,1,0.3333333333333333,0.3333333333333333,0.3333333333333333,0.16666666666666666,0.5,0.16666666666666666,0.6666666666666666,0,0.16666666666666666,0.16666666666666666,0,0,0,0,0,0
2018,00-0034499,8,15.875,4,2,6,1,1,0,0.5,0.25,0.75,0.125,0.125,0,0.375,0,0.5,0.125,0,0,0,0,0,0
2018,00-0034509,5,-1.8,0,5,3,0,2,0,0,1,0.6,0,0.4,0,1,0,0,0,0,0,0,0,0,0
2018,00-0034510,44,20.59090909090909,27,6,24,8,12,4,0.6136363636363636,0.13636363636363635,0.5454545454545454,0.18181818181818182,0.2727272727272727,0.09090909090909091,0.4418604651162791,0.046511627906976744,0.4883720930232558,0.023255813953488372,0,0,6.300000000000001,2.713103557130228,0,17.77505700922968
2018,00-0034512,1,2,0,1,1,0,0,0,0,1,1,0,0,0,1,0,0,0,0,0,0,0,0,0
2018,00-0034521,1,7,0,0,1,0,0,0,0,0,1,0,0,0,1,0,0,0,0,0,0,0,0,0
2018,00-0034532,3,15.333333333333334,2,1,2,0,1,0,0.6666666666666666,0.3333333333333333,0.6666666666666666,0,0.3333333333333333,0,0.3333333333333333,0,0.6666666666666666,0,0,0,0,0,0,0
2018,00-0034560,1,2,0,1,0,0,1,0,0,1,0,0,1,0,1,0,0,0,0,0,0,0,0,0
2018,00-0034565,2,0,0,2,1,0,1,0,0,1,0.5,0,0.5,0,1,0,0,0,0,0,0,0,0,0
2018,00-0034593,1,9,0,0,1,0,0,1,0,0,1,0,0,1,1,0,0,0,0,0,0,0,0,0
2018,00-0034621,5,4.8,1,2,3,1,1,3,0.2,0.4,0.6,0.2,0.2,0.6,0.4,0.4,0.2,0,0,0,0,0,0,0
2018,00-0034631,10,19.3,5,2,3,2,5,2,0.5,0.2,0.3,0.2,0.5,0.2,0.5,0,0.4,0.1,0,0,0,0,0,0
2018,00-0034646,17,3.3529411764705883,0,11,6,6,5,2,0,0.6470588235294118,0.35294117647058826,0.35294117647058826,0.29411764705882354,0.11764705882352941,0.7058823529411765,0.29411764705882354,0,0,0,0,0,0,0,0
2018,00-0034652,11,6.636363636363637,2,8,8,0,3,0,0.18181818181818182,0.7272727272727273,0.7272727272727273,0,0.2727272727272727,0,0.2727272727272727,0.45454545454545453,0.18181818181818182,0.09090909090909091,0,0,0,0,0,0
2018,00-0034653,15,10.8,6,4,6,2,7,1,0.4,0.26666666666666666,0.4,0.13333333333333333,0.4666666666666667,0.06666666666666667,0.6,0,0.2,0.2,0,0,0,0,0,0
2018,00-0034676,38,16.842105263157894,15,4,7,9,22,3,0.39473684210526316,0.10526315789473684,0.18421052631578946,0.23684210526315788,0.5789473684210527,0.07894736842105263,0.5789473684210527,0.05263157894736842,0.34210526315789475,0.02631578947368421,0,0,0,0,0,0
2018,00-0034679,8,-1.375,0,8,4,1,3,0,0,1,0.5,0.125,0.375,0,0.625,0.375,0,0,0,0,0,0,0,0
2018,00-0034681,23,-0.4782608695652174,0,20,12,2,9,0,0,0.8695652173913043,0.5217391304347826,0.08695652173913043,0.391304347826087,0,0.7391304347826086,0.21739130434782608,0,0.043478260869565216,0,0,0,0,0,0
2018,00-0034686,12,10.166666666666666,2,2,5,2,5,3,0.16666666666666666,0.16666666666666666,0.4166666666666667,0.16666666666666666,0.4166666666666667,0.25,0.6666666666666666,0,0.3333333333333333,0,0,0,0,0,0,0
2018,00-0034710,2,9,0,0,0,0,2,0,0,0,0,0,1,0,1,0,0,0,0,0,0,0,0,0
2018,00-0034747,31,10.935483870967742,8,6,13,7,11,1,0.25806451612903225,0.1935483870967742,0.41935483870967744,0.22580645161290322,0.3548387096774194,0.03225806451612903,0.6129032258064516,0.03225806451612903,0.22580645161290322,0.12903225806451613,0,0,0,0,0,0
2018,00-0034750,12,0.5,0,10,5,3,4,1,0,0.8333333333333334,0.4166666666666667,0.25,0.3333333333333333,0.08333333333333333,0.8333333333333334,0.16666666666666666,0,0,0,0,0,0,0,0
2018,00-0034753,50,10.62,13,8,14,15,21,7,0.26,0.16,0.28,0.3,0.42,0.14,0.8,0,0.16,0.04,0,0,5.244545454545454,2.904620378774616,0,11.293930195302886
2018,00-0034764,69,14.073529411764707,24,12,35,6,27,9,0.34782608695652173,0.17391304347826086,0.5072463768115942,0.08695652173913043,0.391304347826087,0.13043478260869565,0.4411764705882353,0.08823529411764706,0.3382352941176471,0.1323529411764706,0,0,5.32014705882353,2.6821527407043027,0,23.874026413816463
2018,00-0034765,44,11.75,14,6,15,6,23,10,0.3181818181818182,0.13636363636363635,0.3409090909090909,0.13636363636363635,0.5227272727272727,0.22727272727272727,0.6818181818181818,0,0.2727272727272727,0.045454545454545456,0,0,5.581395348837209,2.210701571882055,0,14.27034559345652
2018,00-0034766,56,10.642857142857142,21,16,21,13,22,8,0.375,0.2857142857142857,0.375,0.23214285714285715,0.39285714285714285,0.14285714285714285,0.6785714285714286,0.017857142857142856,0.26785714285714285,0.03571428571428571,0,0,5.742619047619048,3.1282313602852265,0,12.073431180987862
2018,00-0034772,82,13.835443037974683,27,24,34,15,30,11,0.32926829268292684,0.2926829268292683,0.4146341463414634,0.18292682926829268,0.36585365853658536,0.13414634146341464,0.3670886075949367,0.13924050632911392,0.35443037974683544,0.13924050632911392,0,0,4.982077922077922,2.553133868281982,0,20.54179103912956
2018,00-0034775,69,9.617647058823529,14,23,32,11,25,6,0.2028985507246377,0.3333333333333333,0.463768115942029,0.15942028985507245,0.36231884057971014,0.08695652173913043,0.6176470588235294,0.17647058823529413,0.16176470588235295,0.04411764705882353,0,0,6.217812500000001,2.7124752117236675,0,16.73146551289421
2018,00-0034777,32,9.8125,7,11,10,8,14,3,0.21875,0.34375,0.3125,0.25,0.4375,0.09375,0.65625,0.03125,0.25,0.0625,0,0,0,0,0,0
2018,00-0034791,29,1.4482758620689655,2,24,11,3,15,5,0.06896551724137931,0.8275862068965517,0.3793103448275862,0.10344827586206896,0.5172413793103449,0.1724137931034483,0.5862068965517241,0.2413793103448276,0.13793103448275862,0.034482758620689655,0,0,0,0,0,0
2018,00-0034796,2,-1,0,2,0,0,2,2,0,1,0,0,1,1,0,1,0,0,0,0,0,0,0,0
2018,00-0034798,11,4.2727272727272725,1,5,5,4,2,0,0.09090909090909091,0.45454545454545453,0.45454545454545453,0.36363636363636365,0.18181818181818182,0,0.7272727272727273,0.18181818181818182,0.09090909090909091,0,0,0,0,0,0,0
2018,00-0034799,11,-1.2727272727272727,0,9,4,0,7,2,0,0.8181818181818182,0.36363636363636365,0,0.6363636363636364,0.18181818181818182,0.9090909090909091,0.09090909090909091,0,0,0,0,0,0,0,0
2018,00-0034808,3,-2,0,3,1,1,1,0,0,1,0.3333333333333333,0.3333333333333333,0.3333333333333333,0,0.3333333333333333,0.6666666666666666,0,0,0,0,0,0,0,0
2018,00-0034816,9,-1.5555555555555556,0,9,5,0,4,2,0,1,0.5555555555555556,0,0.4444444444444444,0.2222222222222222,0.6666666666666666,0.2222222222222222,0.1111111111111111,0,0,0,0,0,0,0
2018,00-0034827,82,8.987804878048781,17,28,31,18,33,8,0.2073170731707317,0.34146341463414637,0.3780487804878049,0.21951219512195122,0.4024390243902439,0.0975609756097561,0.5365853658536586,0.14634146341463414,0.13414634146341464,0.18292682926829268,0,0,6.1129999999999995,2.8879945235781297,0,17.90385714700952
2018,00-0034829,32,8.59375,6,14,10,11,11,6,0.1875,0.4375,0.3125,0.34375,0.34375,0.1875,0.65625,0.0625,0.25,0.03125,0,0,0,0,0,0
2018,00-0034830,23,7.173913043478261,3,9,6,7,10,1,0.13043478260869565,0.391304347826087,0.2608695652173913,0.30434782608695654,0.43478260869565216,0.043478260869565216,0.7727272727272727,0.09090909090909091,0.045454545454545456,0.09090909090909091,0,0,0,0,0,0
2018,00-0034834,1,1,0,1,0,0,1,1,0,1,0,0,1,1,1,0,0,0,0,0,0,0,0,0
2018,00-0034837,92,10.173913043478262,22,29,36,20,36,9,0.2391304347826087,0.31521739130434784,0.391304347826087,0.21739130434782608,0.391304347826087,0.09782608695652174,0.5652173913043478,0.07608695652173914,0.17391304347826086,0.18478260869565216,0,0,6.315555555555555,3.168861894092877,0,17.68217294611654
2018,00-0034838,20,0.75,0,17,7,7,6,0,0,0.85,0.35,0.35,0.3,0,0.95,0.05,0,0,0,0,0,0,0,0
2018,00-0034844,121,0.1487603305785124,4,108,50,17,54,15,0.03305785123966942,0.8925619834710744,0.4132231404958678,0.14049586776859505,0.4462809917355372,0.12396694214876033,0.8264462809917356,0.10743801652892562,0.05785123966942149,0.008264462809917356,0,0,0,0,0,0
2018,00-0034845,11,1,0,10,8,1,2,1,0,0.9090909090909091,0.7272727272727273,0.09090909090909091,0.18181818181818182,0.09090909090909091,0.9090909090909091,0.09090909090909091,0,0,0,0,0,0,0,0
2018,00-0034854,3,8,0,1,2,0,1,1,0,0.3333333333333333,0.6666666666666666,0,0.3333333333333333,0.3333333333333333,1,0,0,0,0,0,0,0,0,0
2018,00-0034855,2,12,0,0,1,0,0,1,0,0,0.5,0,0,0.5,1,0,0,0,0,0,0,0,0,0
2018,00-0034857,1,13,0,0,0,0,1,1,0,0,0,0,1,1,1,0,0,0,0,0,0,0,0,0
2018,00-0034860,45,11.133333333333333,15,10,13,12,20,5,0.3333333333333333,0.2222222222222222,0.28888888888888886,0.26666666666666666,0.4444444444444444,0.1111111111111111,0.6666666666666666,0.06666666666666667,0.17777777777777778,0.08888888888888889,0,0,5.361395348837209,3.3760030795640077,0,13.60654732712114
2018,00-0034867,3,3.6666666666666665,0,1,3,0,0,0,0,0.3333333333333333,1,0,0,0,0.3333333333333333,0.3333333333333333,0.3333333333333333,0,0,0,0,0,0,0
2019,00-0022127,85,6.578313253012048,5,24,19,25,39,12,0.058823529411764705,0.2823529411764706,0.2235294117647059,0.29411764705882354,0.4588235294117647,0.1411764705882353,0.8795180722891566,0.012048192771084338,0.07228915662650602,0.03614457831325301,0,0,5.671481481481481,3.2706608973153415,0,9.916266300617709
2019,00-0022921,109,7.81651376146789,20,53,42,31,36,14,0.1834862385321101,0.48623853211009177,0.3853211009174312,0.28440366972477066,0.3302752293577982,0.12844036697247707,0.5229357798165137,0.1743119266055046,0.21100917431192662,0.09174311926605505,0,0,6.151442307692308,2.9758333333333735,0,21.615113173957276
2019,00-0022943,24,8.916666666666666,5,9,7,6,11,3,0.20833333333333334,0.375,0.2916666666666667,0.25,0.4583333333333333,0.125,0.5454545454545454,0.045454545454545456,0.3181818181818182,0.09090909090909091,0,0,0,0,0,0
2019,00-0023500,16,0.875,0,15,6,4,6,0,0,0.9375,0.375,0.25,0.375,0,0.875,0.125,0,0,0,0,0,0,0,0
2019,00-0023564,10,1.5,0,9,4,2,4,2,0,0.9,0.4,0.2,0.4,0.2,0.9,0.1,0,0,0,0,0,0,0,0
2019,00-0024221,19,6.894736842105263,4,10,4,10,5,3,0.21052631578947367,0.5263157894736842,0.21052631578947367,0.5263157894736842,0.2631578947368421,0.15789473684210525,0.7894736842105263,0.05263157894736842,0.05263157894736842,0.10526315789473684,0,0,0,0,0,0
2019,00-0024243,19,5.7368421052631575,4,9,10,2,7,2,0.21052631578947367,0.47368421052631576,0.5263157894736842,0.10526315789473684,0.3684210526315789,0.10526315789473684,0.8947368421052632,0.05263157894736842,0.05263157894736842,0,0,0,0,0,0,0
2019,00-0024389,31,7.548387096774194,3,10,8,13,10,5,0.0967741935483871,0.3225806451612903,0.25806451612903225,0.41935483870967744,0.3225806451612903,0.16129032258064516,0.6774193548387096,0.03225806451612903,0.1935483870967742,0.0967741935483871,0,0,0,0,0,0
2019,00-0025394,23,-1.8695652173913044,0,21,7,1,15,2,0,0.9130434782608695,0.30434782608695654,0.043478260869565216,0.6521739130434783,0.08695652173913043,0.6956521739130435,0.30434782608695654,0,0,0,0,0,0,0,0
2019,00-0025396,56,15.910714285714286,22,8,20,7,29,6,0.39285714285714285,0.14285714285714285,0.35714285714285715,0.125,0.5178571428571429,0.10714285714285714,0.6785714285714286,0,0.32142857142857145,0,0,0,6.957142857142858,2.761898275965144,0,24.795134249822365
2019,00-0025418,83,9,15,26,24,20,38,15,0.18072289156626506,0.3132530120481928,0.2891566265060241,0.24096385542168675,0.4578313253012048,0.18072289156626506,0.7560975609756098,0,0.21951219512195122,0.024390243902439025,0,0,5.200952380952381,2.821402272195776,0,14.421656766736234
2019,00-0026035,97,8.814432989690722,17,26,35,26,36,9,0.17525773195876287,0.26804123711340205,0.36082474226804123,0.26804123711340205,0.3711340206185567,0.09278350515463918,0.7938144329896907,0.05154639175257732,0.13402061855670103,0.020618556701030927,0,0,6.281392405063292,2.952040809931464,0,15.923982208917407
2019,00-0026189,10,14.7,3,3,0,1,9,0,0.3,0.3,0,0.1,0.9,0,0.5,0.2,0.3,0,0,0,0,0,0,0
2019,00-0026986,5,5.2,0,2,0,2,3,1,0,0.4,0,0.4,0.6,0.2,0.4,0.2,0,0.4,0,0,0,0,0,0
2019,00-0027029,34,-0.7058823529411765,2,31,25,1,8,5,0.058823529411764705,0.9117647058823529,0.7352941176470589,0.029411764705882353,0.23529411764705882,0.14705882352941177,0.7058823529411765,0.20588235294117646,0.08823529411764706,0,0,0,0,0,0,0
2019,00-0027061,65,10.338461538461539,18,13,16,17,32,10,0.27692307692307694,0.2,0.24615384615384617,0.26153846153846155,0.49230769230769234,0.15384615384615385,0.6,0,0.3384615384615385,0.06153846153846154,0,0,4.88078431372549,2.3494534969478744,0,19.390025431610365
2019,00-0027150,154,9.483660130718954,30,49,46,48,59,23,0.19480519480519481,0.3181818181818182,0.2987012987012987,0.3116883116883117,0.38311688311688313,0.14935064935064934,0.738562091503268,0.058823529411764705,0.13725490196078433,0.06535947712418301,0,0,5.683943661971831,2.835081643026798,0,31.783667037952668
2019,00-0027685,98,10.597938144329897,25,26,28,28,41,15,0.25510204081632654,0.2653061224489796,0.2857142857142857,0.2857142857142857,0.41836734693877553,0.15306122448979592,0.6391752577319587,0.010309278350515464,0.16494845360824742,0.18556701030927836,0,0,5.137659574468085,2.5030176603901753,0,34.56975827640568
2019,00-0027691,7,15.571428571428571,3,1,1,2,4,0,0.42857142857142855,0.14285714285714285,0.14285714285714285,0.2857142857142857,0.5714285714285714,0,0.7142857142857143,0,0.2857142857142857,0,0,0,0,0,0,0
2019,00-0027696,60,8.883333333333333,15,27,18,14,28,10,0.25,0.45,0.3,0.23333333333333334,0.4666666666666667,0.16666666666666666,0.7333333333333333,0.03333333333333333,0.21666666666666667,0.016666666666666666,0,0,5.615,3.893748260661803,0,11.448332667628321
2019,00-0027793,8,11.5,2,1,5,2,1,5,0.25,0.125,0.625,0.25,0.125,0.625,0.5,0,0.5,0,0,0,0,0,0,0
2019,00-0027874,58,10.172413793103448,18,16,27,7,24,6,0.3103448275862069,0.27586206896551724,0.46551724137931033,0.1206896551724138,0.41379310344827586,0.10344827586206896,0.6842105263157895,0.12280701754385964,0.15789473684210525,0.03508771929824561,0,0,5.832280701754387,2.4796169099503578,0,14.323218573063375
2019,00-0027891,85,9.611764705882353,23,26,24,36,25,9,0.27058823529411763,0.3058823529411765,0.2823529411764706,0.4235294117647059,0.29411764705882354,0.10588235294117647,0.611764705882353,0.08235294117647059,0.23529411764705882,0.07058823529411765,0,0,5.742658227848102,2.1694953348211907,0,16.594932713551977
2019,00-0027944,158,12.452229299363058,55,38,65,38,54,18,0.34810126582278483,0.24050632911392406,0.41139240506329117,0.24050632911392406,0.34177215189873417,0.11392405063291139,0.6050955414012739,0.05732484076433121,0.2356687898089172,0.10191082802547771,0,0,5.557046979865772,2.1638664762468784,0,35.92249644291153
2019,00-0027966,29,1.4827586206896552,2,24,9,4,16,6,0.06896551724137931,0.8275862068965517,0.3103448275862069,0.13793103448275862,0.5517241379310345,0.20689655172413793,0.8620689655172413,0.10344827586206896,0.034482758620689655,0,0,0,0,0,0,0
2019,00-0027973,1,-8,0,1,0,0,1,0,0,1,0,0,1,0,0,0,0,0,0,0,0,0,0,0
2019,00-0027981,49,6.416666666666667,6,25,22,14,12,12,0.12244897959183673,0.5102040816326531,0.4489795918367347,0.2857142857142857,0.24489795918367346,0.24489795918367346,0.7708333333333334,0.10416666666666667,0.10416666666666667,0.020833333333333332,0,0,5.64625,3.3619483398826464,0,9.662080014543967
2019,00-0027985,7,10.571428571428571,2,2,2,3,2,1,0.2857142857142857,0.2857142857142857,0.2857142857142857,0.42857142857142855,0.2857142857142857,0.14285714285714285,0.8571428571428571,0,0.14285714285714285,0,0,0,0,0,0,0
2019,00-0028002,83,9.927710843373495,25,24,25,24,34,8,0.30120481927710846,0.2891566265060241,0.30120481927710846,0.2891566265060241,0.40963855421686746,0.0963855421686747,0.6506024096385542,0.0963855421686747,0.20481927710843373,0.04819277108433735,0,0,6.224383561643836,3.032001076205204,0,14.47650423244109
2019,00-0028042,14,4.285714285714286,1,10,1,4,9,2,0.07142857142857142,0.7142857142857143,0.07142857142857142,0.2857142857142857,0.6428571428571429,0.14285714285714285,0.9285714285714286,0,0.07142857142857142,0,0,0,0,0,0,0
2019,00-0028063,1,-3,0,1,0,0,1,0,0,1,0,0,1,0,1,0,0,0,0,0,0,0,0,0
2019,00-0028064,12,1.75,1,9,5,3,4,2,0.08333333333333333,0.75,0.4166666666666667,0.25,0.3333333333333333,0.16666666666666666,0.75,0.16666666666666666,0.08333333333333333,0,0,0,0,0,0,0
2019,00-0028074,4,3.3333333333333335,0,2,0,1,2,2,0,0.5,0,0.25,0.5,0.5,0.6666666666666666,0.3333333333333333,0,0,0,0,0,0,0,0
2019,00-0028087,32,-0.71875,0,30,11,8,13,5,0,0.9375,0.34375,0.25,0.40625,0.15625,0.71875,0.28125,0,0,0,0,0,0,0,0
2019,00-0028097,5,6.4,0,1,2,2,1,1,0,0.2,0.4,0.4,0.2,0.2,0.8,0,0,0.2,0,0,0,0,0,0
2019,00-0028112,24,6.333333333333333,5,14,13,5,6,5,0.20833333333333334,0.5833333333333334,0.5416666666666666,0.20833333333333334,0.25,0.20833333333333334,0.75,0.041666666666666664,0.125,0.08333333333333333,0,0,0,0,0,0
2019,00-0028114,1,0,0,1,0,1,0,0,0,1,0,1,0,0,0,1,0,0,0,0,0,0,0,0
2019,00-0028118,1,-4,0,1,0,0,1,0,0,1,0,0,1,0,0,1,0,0,0,0,0,0,0,0
2019,00-0028142,13,4.846153846153846,1,9,3,4,6,3,0.07692307692307693,0.6923076923076923,0.23076923076923078,0.3076923076923077,0.46153846153846156,0.23076923076923078,0.7692307692307693,0.07692307692307693,0.15384615384615385,0,0,0,0,0,0,0
2019,00-0028237,15,8.133333333333333,3,7,4,5,6,1,0.2,0.4666666666666667,0.26666666666666666,0.3333333333333333,0.4,0.06666666666666667,0.6666666666666666,0,0.13333333333333333,0.2,0,0,0,0,0,0
2019,00-0028292,2,1,0,2,0,0,2,1,0,1,0,0,1,0.5,1,0,0,0,0,0,0,0,0,0
2019,00-0028411,21,13.619047619047619,8,5,7,7,7,1,0.38095238095238093,0.23809523809523808,0.3333333333333333,0.3333333333333333,0.3333333333333333,0.047619047619047616,0.6190476190476191,0.047619047619047616,0.19047619047619047,0.14285714285714285,0,0,0,0,0,0
2019,00-0028581,7,4.571428571428571,1,4,3,0,4,0,0.14285714285714285,0.5714285714285714,0.42857142857142855,0,0.5714285714285714,0,0.5714285714285714,0.2857142857142857,0.14285714285714285,0,0,0,0,0,0,0
2019,00-0029000,108,7.962264150943396,16,35,35,36,35,11,0.14814814814814814,0.32407407407407407,0.32407407407407407,0.3333333333333333,0.32407407407407407,0.10185185185185185,0.7924528301886793,0.02830188679245283,0.08490566037735849,0.09433962264150944,0,0,6.1040860215053785,3.1747728456998154,0,17.923870979194778
2019,00-0029119,19,8.68421052631579,5,9,7,4,8,4,0.2631578947368421,0.47368421052631576,0.3684210526315789,0.21052631578947367,0.42105263157894735,0.21052631578947367,0.6842105263157895,0,0.3157894736842105,0,0,0,0,0,0,0
2019,00-0029137,74,11,18,18,28,13,32,11,0.24324324324324326,0.24324324324324326,0.3783783783783784,0.17567567567567569,0.43243243243243246,0.14864864864864866,0.4657534246575342,0.1095890410958904,0.2602739726027397,0.1643835616438356,0,0,4.7676388888888885,2.483647299107769,0,16.782676106020457
2019,00-0029239,11,6,2,6,8,0,3,0,0.18181818181818182,0.5454545454545454,0.7272727272727273,0,0.2727272727272727,0,0.6363636363636364,0.18181818181818182,0.18181818181818182,0,0,0,0,0,0,0
2019,00-0029269,16,12.9375,6,5,9,3,4,2,0.375,0.3125,0.5625,0.1875,0.25,0.125,0.6875,0.0625,0.25,0,0,0,0,0,0,0
2019,00-0029293,91,13.032967032967033,34,18,23,26,42,15,0.37362637362637363,0.1978021978021978,0.25274725274725274,0.2857142857142857,0.46153846153846156,0.16483516483516483,0.5164835164835165,0.02197802197802198,0.2967032967032967,0.16483516483516483,0,0,6.527471264367816,2.0854807722890603,0,22.17123824378823
2019,00-0029319,3,7.666666666666667,0,1,0,1,2,0,0,0.3333333333333333,0,0.3333333333333333,0.6666666666666666,0,0.3333333333333333,0.3333333333333333,0.3333333333333333,0,0,0,0,0,0,0
2019,00-0029419,1,1,0,1,0,0,1,1,0,1,0,0,1,1,0,0,0,0,0,0,0,0,0,0
2019,00-0029492,2,17.5,1,1,1,0,1,0,0.5,0.5,0.5,0,0.5,0,0,0,1,0,0,0,0,0,0,0
2019,00-0029572,58,10.655172413793103,17,20,16,8,34,3,0.29310344827586204,0.3448275862068966,0.27586206896551724,0.13793103448275862,0.5862068965517241,0.05172413793103448,0.6551724137931034,0.05172413793103448,0.1896551724137931,0.10344827586206896,0,0,6.472499999999998,3.0198926571336,0,12.33022957135977
2019,00-0029587,28,5.214285714285714,3,18,4,4,20,2,0.10714285714285714,0.6428571428571429,0.14285714285714285,0.14285714285714285,0.7142857142857143,0.07142857142857142,0.8571428571428571,0.03571428571428571,0.10714285714285714,0,0,0,0,0,0,0
2019,00-0029604,1,12,0,0,0,0,1,0,0,0,0,0,1,0,1,0,0,0,0,0,0,0,0,0
2019,00-0029608,68,10.25,17,22,27,5,36,8,0.25,0.3235294117647059,0.39705882352941174,0.07352941176470588,0.5294117647058824,0.11764705882352941,0.5882352941176471,0.14705882352941177,0.22058823529411764,0.04411764705882353,0,0,6.085373134328359,3.009626716111791,0,17.612932068033572
2019,00-0029632,89,7.53932584269663,14,38,36,29,24,11,0.15730337078651685,0.42696629213483145,0.4044943820224719,0.3258426966292135,0.2696629213483146,0.12359550561797752,0.797752808988764,0.06741573033707865,0.11235955056179775,0.02247191011235955,0,0,5.161025641025641,3.1013661273672146,0,15.216160902677784
2019,00-0029664,47,11.02127659574468,12,12,20,11,16,5,0.2553191489361702,0.2553191489361702,0.425531914893617,0.23404255319148937,0.3404255319148936,0.10638297872340426,0.40425531914893614,0.10638297872340426,0.2978723404255319,0.19148936170212766,0,0,5.430212765957448,2.3976573016998257,0,11.41367669464942
2019,00-0029738,48,5.375,5,27,16,8,24,12,0.10416666666666667,0.5625,0.3333333333333333,0.16666666666666666,0.5,0.25,0.7916666666666666,0,0.1875,0.020833333333333332,0,0,5.050625,2.8967808370682757,0,5.772913154292102
2019,00-0029764,1,2,0,1,0,0,1,0,0,1,0,0,1,0,0,0,0,0,0,0,0,0,0,0
2019,00-0029892,24,5.583333333333333,4,16,9,2,13,7,0.16666666666666666,0.6666666666666666,0.375,0.08333333333333333,0.5416666666666666,0.2916666666666667,0.625,0.125,0.20833333333333334,0.041666666666666664,0,0,0,0,0,0
2019,00-0029931,10,3.1,1,7,2,2,6,0,0.1,0.7,0.2,0.2,0.6,0,0.7,0.1,0.1,0.1,0,0,0,0,0,0
2019,00-0030035,48,12.208333333333334,18,11,19,8,21,6,0.375,0.22916666666666666,0.3958333333333333,0.16666666666666666,0.4375,0.125,0.5,0.08333333333333333,0.3333333333333333,0.08333333333333333,0,0,6.408666666666666,3.0456361070263114,0,17.32578486291175
2019,00-0030061,136,8.733333333333333,23,34,49,39,47,20,0.16911764705882354,0.25,0.3602941176470588,0.2867647058823529,0.34558823529411764,0.14705882352941177,0.7185185185185186,0.014814814814814815,0.15555555555555556,0.1111111111111111,0,0,5.879203539823008,2.7199245568718675,0,24.036103067243094
2019,00-0030068,21,13.380952380952381,11,1,9,3,9,0,0.5238095238095238,0.047619047619047616,0.42857142857142855,0.14285714285714285,0.42857142857142855,0,0.8095238095238095,0,0.09523809523809523,0.09523809523809523,0,0,0,0,0,0
2019,00-0030085,55,10.472727272727273,14,20,10,25,20,4,0.2545454545454545,0.36363636363636365,0.18181818181818182,0.45454545454545453,0.36363636363636365,0.07272727272727272,0.6909090909090909,0.05454545454545454,0.18181818181818182,0.07272727272727272,0,0,6.264230769230769,2.6633827707407347,0,12.930013690007168
2019,00-0030089,10,7.2,2,4,6,2,2,1,0.2,0.4,0.6,0.2,0.2,0.1,0.9,0,0.1,0,0,0,0,0,0,0
2019,00-0030097,1,1,0,1,0,1,0,1,0,1,0,1,0,1,0,0,0,0,0,0,0,0,0,0
2019,00-0030108,43,5.439024390243903,6,24,15,14,12,8,0.13953488372093023,0.5581395348837209,0.3488372093023256,0.32558139534883723,0.27906976744186046,0.18604651162790697,0.7560975609756098,0.07317073170731707,0.14634146341463414,0.024390243902439025,0,0,0,0,0,0
2019,00-0030147,8,9,1,3,5,1,2,3,0.125,0.375,0.625,0.125,0.25,0.375,0.625,0.125,0.125,0.125,0,0,0,0,0,0
2019,00-0030155,28,6.296296296296297,3,11,7,7,13,8,0.10714285714285714,0.39285714285714285,0.25,0.25,0.4642857142857143,0.2857142857142857,0.5925925925925926,0.07407407407407407,0.2962962962962963,0.037037037037037035,0,0,0,0,0,0
2019,00-0030181,73,6.819444444444445,9,24,31,22,19,15,0.1232876712328767,0.3287671232876712,0.4246575342465753,0.3013698630136986,0.2602739726027397,0.2054794520547945,0.8055555555555556,0.041666666666666664,0.1111111111111111,0.041666666666666664,0,0,5.390392156862744,3.531383292748864,0,13.01614476438195
2019,00-0030197,1,30,1,0,0,0,1,0,1,0,0,0,1,0,0,0,0,0,0,0,0,0,0,0
2019,00-0030216,35,4.942857142857143,4,21,12,6,17,12,0.11428571428571428,0.6,0.34285714285714286,0.17142857142857143,0.4857142857142857,0.34285714285714286,0.6857142857142857,0.08571428571428572,0.22857142857142856,0,0,0,0,0,0,0
2019,00-0030279,149,10.10738255033557,44,37,48,43,58,20,0.2953020134228188,0.24832214765100671,0.3221476510067114,0.28859060402684567,0.38926174496644295,0.1342281879194631,0.6912751677852349,0.040268456375838924,0.2080536912751678,0.06040268456375839,0,0,5.390367647058824,2.7453719251831754,0,30.38163508022779
2019,00-0030288,38,3.236842105263158,2,27,15,7,16,4,0.05263157894736842,0.7105263157894737,0.39473684210526316,0.18421052631578946,0.42105263157894735,0.10526315789473684,0.5789473684210527,0.23684210526315788,0.10526315789473684,0.07894736842105263,0,0,0,0,0,0
2019,00-0030300,28,9.142857142857142,5,5,13,7,8,6,0.17857142857142858,0.17857142857142858,0.4642857142857143,0.25,0.2857142857142857,0.21428571428571427,0.8214285714285714,0.03571428571428571,0.10714285714285714,0.03571428571428571,0,0,0,0,0,0
2019,00-0030404,59,1.7413793103448276,3,40,18,15,25,7,0.05084745762711865,0.6779661016949152,0.3050847457627119,0.2542372881355932,0.423728813559322,0.11864406779661017,0.6206896551724138,0.3103448275862069,0.06896551724137931,0,0,0,0,0,0,0
2019,00-0030414,7,0.2857142857142857,1,6,3,0,4,2,0.14285714285714285,0.8571428571428571,0.42857142857142855,0,0.5714285714285714,0.2857142857142857,0.5714285714285714,0.42857142857142855,0,0,0,0,0,0,0,0
2019,00-0030431,139,8.410071942446043,33,51,58,20,61,10,0.23741007194244604,0.3669064748201439,0.4172661870503597,0.14388489208633093,0.43884892086330934,0.07194244604316546,0.7266187050359713,0.11510791366906475,0.1366906474820144,0.02158273381294964,0,0,7.317022900763359,3.407958005883114,0,23.69132671850505
2019,00-0030443,2,-1.5,0,2,0,2,0,1,0,1,0,1,0,0.5,0.5,0.5,0,0,0,0,0,0,0,0
2019,00-0030456,43,0.13953488372093023,1,37,14,10,19,7,0.023255813953488372,0.8604651162790697,0.32558139534883723,0.23255813953488372,0.4418604651162791,0.16279069767441862,0.7674418604651163,0.18604651162790697,0.023255813953488372,0.023255813953488372,0,0,0,0,0,0
2019,00-0030465,8,-0.375,0,8,5,1,2,0,0,1,0.625,0.125,0.25,0,0.625,0.375,0,0,0,0,0,0,0,0
2019,00-0030470,55,5.054545454545455,6,33,18,19,18,9,0.10909090909090909,0.6,0.32727272727272727,0.34545454545454546,0.32727272727272727,0.16363636363636364,0.7090909090909091,0.14545454545454545,0.10909090909090909,0.03636363636363636,0,0,5.162903225806451,3.7804529651738825,0,6.748331449236609
2019,00-0030496,79,0.5512820512820513,3,65,30,8,40,11,0.0379746835443038,0.8227848101265823,0.379746835443038,0.10126582278481013,0.5063291139240507,0.13924050632911392,0.782051282051282,0.16666666666666666,0.038461538461538464,0.01282051282051282,0,0,0,0,0,0
2019,00-0030506,136,9,29,34,50,40,46,19,0.21323529411764705,0.25,0.36764705882352944,0.29411764705882354,0.3382352941176471,0.13970588235294118,0.6985294117647058,0.03676470588235294,0.17647058823529413,0.08823529411764706,0,0,5.39,3.077840743283556,0,26.985561297884804
2019,00-0030513,43,-1.1627906976744187,0,41,25,7,11,8,0,0.9534883720930233,0.5813953488372093,0.16279069767441862,0.2558139534883721,0.18604651162790697,0.813953488372093,0.18604651162790697,0,0,0,0,0,0,0,0
2019,00-0030525,24,12.458333333333334,7,7,9,4,11,1,0.2916666666666667,0.2916666666666667,0.375,0.16666666666666666,0.4583333333333333,0.041666666666666664,0.625,0.08333333333333333,0.20833333333333334,0.08333333333333333,0,0,0,0,0,0
2019,00-0030549,64,8.26984126984127,10,16,19,19,25,10,0.15625,0.25,0.296875,0.296875,0.390625,0.15625,0.5714285714285714,0.015873015873015872,0.31746031746031744,0.09523809523809523,0,0,5.384000000000001,2.418961464481544,0,11.160223313604506
2019,00-0030564,151,10.113333333333333,37,51,56,52,42,14,0.24503311258278146,0.33774834437086093,0.3708609271523179,0.3443708609271523,0.2781456953642384,0.09271523178807947,0.4666666666666667,0.06,0.24,0.23333333333333334,0,0,5.038819444444444,2.6727643592259476,0,33.95980156092493
2019,00-0030578,17,4.9411764705882355,3,9,9,2,6,5,0.17647058823529413,0.5294117647058824,0.5294117647058824,0.11764705882352941,0.35294117647058826,0.29411764705882354,0.35294117647058826,0.29411764705882354,0.29411764705882354,0.058823529411764705,0,0,0,0,0,0
2019,00-0030663,46,8.891304347826088,7,17,13,19,14,7,0.15217391304347827,0.3695652173913043,0.2826086956521739,0.41304347826086957,0.30434782608695654,0.15217391304347827,0.717391304347826,0,0.15217391304347827,0.13043478260869565,0,0,5.5253658536585375,3.009347813534393,0,10.717920314746658
2019,00-0030669,62,5.274193548387097,6,30,24,21,17,6,0.0967741935483871,0.4838709677419355,0.3870967741935484,0.3387096774193548,0.27419354838709675,0.0967741935483871,0.7096774193548387,0.0967741935483871,0.06451612903225806,0.12903225806451613,0,0,6.890192307692308,3.4642170505473224,0,6.022564187336103
2019,00-0030670,37,10.277777777777779,6,12,7,10,19,5,0.16216216216216217,0.32432432432432434,0.1891891891891892,0.2702702702702703,0.5135135135135135,0.13513513513513514,0.7777777777777778,0,0.19444444444444445,0.027777777777777776,0,0,0,0,0,0
2019,00-0030710,24,5,3,14,6,7,11,2,0.125,0.5833333333333334,0.25,0.2916666666666667,0.4583333333333333,0.08333333333333333,0.6086956521739131,0.17391304347826086,0.13043478260869565,0.08695652173913043,0,0,0,0,0,0
2019,00-0030741,3,0.6666666666666666,0,2,0,0,3,1,0,0.6666666666666666,0,0,1,0.3333333333333333,0.6666666666666666,0,0.3333333333333333,0,0,0,0,0,0,0
2019,00-0030821,48,10.787234042553191,13,12,10,22,15,7,0.2708333333333333,0.25,0.20833333333333334,0.4583333333333333,0.3125,0.14583333333333334,0.6382978723404256,0.02127659574468085,0.2553191489361702,0.0851063829787234,0,0,6.3118181818181816,3.028028628127338,0,9.712068045714462
2019,00-0030874,37,0.918918918918919,3,31,17,2,18,7,0.08108108108108109,0.8378378378378378,0.4594594594594595,0.05405405405405406,0.4864864864864865,0.1891891891891892,0.6216216216216216,0.21621621621621623,0.16216216216216217,0,0,0,0,0,0,0
2019,00-0030968,3,7,1,2,0,0,3,0,0.3333333333333333,0.6666666666666666,0,0,1,0,0.3333333333333333,0.3333333333333333,0.3333333333333333,0,0,0,0,0,0,0
2019,00-0031023,3,11.666666666666666,1,1,1,0,2,0,0.3333333333333333,0.3333333333333333,0.3333333333333333,0,0.6666666666666666,0,0.3333333333333333,0.3333333333333333,0.3333333333333333,0,0,0,0,0,0,0
2019,00-0031035,3,3,0,3,1,2,0,0,0,1,0.3333333333333333,0.6666666666666666,0,0,0.6666666666666666,0.3333333333333333,0,0,0,0,0,0,0,0
2019,00-0031045,16,1.375,0,13,9,5,2,4,0,0.8125,0.5625,0.3125,0.125,0.25,0.9375,0,0.0625,0,0,0,0,0,0,0
2019,00-0031051,115,14.495652173913044,46,14,48,24,43,10,0.4,0.12173913043478261,0.41739130434782606,0.20869565217391303,0.3739130434782609,0.08695652173913043,0.6,0.017391304347826087,0.26956521739130435,0.11304347826086956,0,0,4.649553571428572,2.3874553614578518,0,36.138429311936385
2019,00-0031060,2,-0.5,0,2,2,0,0,0,0,1,1,0,0,0,1,0,0,0,0,0,0,0,0,0
2019,00-0031062,95,2.357894736842105,3,74,30,20,45,21,0.031578947368421054,0.7789473684210526,0.3157894736842105,0.21052631578947367,0.47368421052631576,0.22105263157894736,0.7368421052631579,0.17894736842105263,0.06315789473684211,0.021052631578947368,0,0,0,0,0,0
2019,00-0031068,9,3.888888888888889,0,5,2,4,3,2,0,0.5555555555555556,0.2222222222222222,0.4444444444444444,0.3333333333333333,0.2222222222222222,0.5555555555555556,0.2222222222222222,0,0.2222222222222222,0,0,0,0,0,0
2019,00-0031166,35,9.428571428571429,6,8,18,8,9,2,0.17142857142857143,0.22857142857142856,0.5142857142857142,0.22857142857142856,0.2571428571428571,0.05714285714285714,0.8,0,0.11428571428571428,0.08571428571428572,0,0,0,0,0,0
2019,00-0031167,2,4,0,1,0,2,0,1,0,0.5,0,1,0,0.5,1,0,0,0,0,0,0,0,0,0
2019,00-0031189,4,7.5,1,2,4,0,0,1,0.25,0.5,1,0,0,0.25,0.5,0,0.5,0,0,0,0,0,0,0
2019,00-0031209,1,-1,0,1,0,1,0,1,0,1,0,1,0,1,1,0,0,0,0,0,0,0,0,0
2019,00-0031228,48,11.583333333333334,14,13,19,4,25,3,0.2916666666666667,0.2708333333333333,0.3958333333333333,0.08333333333333333,0.5208333333333334,0.0625,0.6458333333333334,0.10416666666666667,0.20833333333333334,0.041666666666666664,0,0,5.960425531914894,3.1487192281906142,0,12.477942235666955
2019,00-0031235,133,12.977443609022556,47,33,59,19,55,13,0.3533834586466165,0.24812030075187969,0.44360902255639095,0.14285714285714285,0.41353383458646614,0.09774436090225563,0.48120300751879697,0.09022556390977443,0.2857142857142857,0.14285714285714285,0,0,5.51484375,2.5831583981690205,0,38.59161464853839
2019,00-0031236,73,13.944444444444445,30,14,33,14,25,6,0.410958904109589,0.1917808219178082,0.4520547945205479,0.1917808219178082,0.3424657534246575,0.0821917808219178,0.625,0.06944444444444445,0.2638888888888889,0.041666666666666664,0,0,6.161666666666668,3.111044563861014,0,20.96928629299551
2019,00-0031257,42,9.595238095238095,11,9,11,8,23,6,0.2619047619047619,0.21428571428571427,0.2619047619047619,0.19047619047619047,0.5476190476190477,0.14285714285714285,0.6666666666666666,0.023809523809523808,0.23809523809523808,0.07142857142857142,0,0,0,0,0,0
2019,00-0031260,28,7.642857142857143,4,11,6,12,10,7,0.14285714285714285,0.39285714285714285,0.21428571428571427,0.42857142857142855,0.35714285714285715,0.25,0.7142857142857143,0.03571428571428571,0.17857142857142858,0.07142857142857142,0,0,0,0,0,0
2019,00-0031273,55,7,4,16,17,21,17,7,0.07272727272727272,0.2909090909090909,0.3090909090909091,0.38181818181818183,0.3090909090909091,0.12727272727272726,0.7818181818181819,0.01818181818181818,0.16363636363636364,0.03636363636363636,0,0,5.421111111111111,2.5701522180731815,0,6.160665340579823
2019,00-0031285,70,1.1285714285714286,0,59,28,22,20,10,0,0.8428571428571429,0.4,0.3142857142857143,0.2857142857142857,0.14285714285714285,0.9285714285714286,0.014285714285714285,0.02857142857142857,0.02857142857142857,0,0,0,0,0,0
2019,00-0031299,12,14.583333333333334,5,2,5,1,6,0,0.4166666666666667,0.16666666666666666,0.4166666666666667,0.08333333333333333,0.5,0,0.5833333333333334,0,0.3333333333333333,0.08333333333333333,0,0,0,0,0,0
2019,00-0031319,8,6.125,1,5,3,2,3,0,0.125,0.625,0.375,0.25,0.375,0,0.625,0.25,0.125,0,0,0,0,0,0,0
2019,00-0031325,91,9.488888888888889,26,29,22,25,43,7,0.2857142857142857,0.31868131868131866,0.24175824175824176,0.27472527472527475,0.4725274725274725,0.07692307692307693,0.6666666666666666,0.044444444444444446,0.16666666666666666,0.12222222222222222,0,0,5.341710526315789,2.8675841172716185,0,18.50562097074964
2019,00-0031339,15,13.466666666666667,7,6,8,3,4,2,0.4666666666666667,0.4,0.5333333333333333,0.2,0.26666666666666666,0.13333333333333333,0.7333333333333333,0,0.26666666666666666,0,0,0,0,0,0,0
2019,00-0031344,42,11.833333333333334,11,5,17,12,13,6,0.2619047619047619,0.11904761904761904,0.40476190476190477,0.2857142857142857,0.30952380952380953,0.14285714285714285,0.47619047619047616,0.023809523809523808,0.2619047619047619,0.23809523809523808,0,0,0,0,0,0
2019,00-0031381,128,10,31,45,53,27,47,24,0.2421875,0.3515625,0.4140625,0.2109375,0.3671875,0.1875,0.5984251968503937,0.11023622047244094,0.2283464566929134,0.06299212598425197,0,0,5.639669421487602,3.1952460021439166,0,26.28803572869865
2019,00-0031382,138,9.731884057971014,38,45,47,32,59,21,0.2753623188405797,0.32608695652173914,0.34057971014492755,0.2318840579710145,0.427536231884058,0.15217391304347827,0.5652173913043478,0.057971014492753624,0.2608695652173913,0.11594202898550725,0,0,5.678473282442748,2.587291262937547,0,29.608091190040536
2019,00-0031387,52,9.51923076923077,13,16,14,17,21,11,0.25,0.3076923076923077,0.2692307692307692,0.3269230769230769,0.40384615384615385,0.21153846153846154,0.7884615384615384,0,0.1346153846153846,0.07692307692307693,0,0,5.7684444444444445,3.197176865359997,0,12.384680254414667
2019,00-0031408,119,15.059322033898304,45,16,39,33,46,19,0.37815126050420167,0.13445378151260504,0.3277310924369748,0.2773109243697479,0.3865546218487395,0.15966386554621848,0.4406779661016949,0.06779661016949153,0.3813559322033898,0.11016949152542373,0,0,5.34102564102564,2.42422152433902,0,28.23515591962033
2019,00-0031428,154,11.051948051948052,43,36,49,50,55,20,0.2792207792207792,0.23376623376623376,0.3181818181818182,0.3246753246753247,0.35714285714285715,0.12987012987012986,0.564935064935065,0.025974025974025976,0.3116883116883117,0.09740259740259741,0,0,5.058531468531468,2.235413760294153,0,38.41337150677038
2019,00-0031431,4,4.5,0,2,2,1,1,0,0,0.5,0.5,0.25,0.25,0,0.75,0,0,0.25,0,0,0,0,0,0
2019,00-0031484,1,2,0,1,1,0,0,0,0,1,1,0,0,0,1,0,0,0,0,0,0,0,0,0
2019,00-0031511,9,14.777777777777779,3,2,1,2,6,1,0.3333333333333333,0.2222222222222222,0.1111111111111111,0.2222222222222222,0.6666666666666666,0.1111111111111111,0.5,0.125,0.375,0,0,0,0,0,0,0
2019,00-0031544,119,12.798319327731093,38,11,44,30,45,9,0.31932773109243695,0.09243697478991597,0.3697478991596639,0.25210084033613445,0.37815126050420167,0.07563025210084033,0.6134453781512605,0,0.2689075630252101,0.11764705882352941,0,0,5.394745762711865,2.55539862099071,0,27.98425989476093
2019,00-0031547,128,14.046875,43,18,43,39,46,16,0.3359375,0.140625,0.3359375,0.3046875,0.359375,0.125,0.5078125,0.0078125,0.3515625,0.1328125,0,0,5.042903225806452,2.134388209428416,0,33.11781015426
2019,00-0031549,70,11.072463768115941,18,26,39,10,20,8,0.2571428571428571,0.37142857142857144,0.5571428571428572,0.14285714285714285,0.2857142857142857,0.11428571428571428,0.5942028985507246,0.10144927536231885,0.2318840579710145,0.07246376811594203,0,0,5.895076923076922,3.4033849537965333,0,15.281662988818795
2019,00-0031558,19,7.2105263157894735,3,7,6,4,9,4,0.15789473684210525,0.3684210526315789,0.3157894736842105,0.21052631578947367,0.47368421052631576,0.21052631578947367,0.7368421052631579,0.10526315789473684,0.15789473684210525,0,0,0,0,0,0,0
2019,00-0031570,27,7.653846153846154,2,8,9,9,8,4,0.07407407407407407,0.2962962962962963,0.3333333333333333,0.3333333333333333,0.2962962962962963,0.14814814814814814,0.7692307692307693,0.038461538461538464,0.07692307692307693,0.11538461538461539,0,0,0,0,0,0
2019,00-0031577,2,5.5,0,0,1,1,0,1,0,0,0.5,0.5,0,0.5,1,0,0,0,0,0,0,0,0,0
2019,00-0031585,8,3.75,1,6,3,1,4,2,0.125,0.75,0.375,0.125,0.5,0.25,0.875,0,0.125,0,0,0,0,0,0,0
2019,00-0031588,95,14.882978723404255,30,20,30,25,39,6,0.3157894736842105,0.21052631578947367,0.3157894736842105,0.2631578947368421,0.4105263157894737,0.06315789473684211,0.5531914893617021,0.02127659574468085,0.3404255319148936,0.0851063829787234,0,0,4.621182795698925,2.504979811260199,0,39.780306559556415
2019,00-0031590,1,1,0,1,0,0,1,0,0,1,0,0,1,0,1,0,0,0,0,0,0,0,0,0
2019,00-0031595,1,-2,0,1,0,1,0,1,0,1,0,1,0,1,1,0,0,0,0,0,0,0,0,0
2019,00-0031598,44,6.116279069767442,4,20,9,19,15,7,0.09090909090909091,0.45454545454545453,0.20454545454545456,0.4318181818181818,0.3409090909090909,0.1590909090909091,0.7857142857142857,0.023809523809523808,0.11904761904761904,0.07142857142857142,0,0,6.208965517241379,3.5920037032795924,0,6.906364506966936
2019,00-0031610,117,7.247863247863248,22,51,45,34,38,11,0.18803418803418803,0.4358974358974359,0.38461538461538464,0.2905982905982906,0.3247863247863248,0.09401709401709402,0.6752136752136753,0.05128205128205128,0.18803418803418803,0.08547008547008547,0,0,5.366063829787234,3.1432900864950613,0,25.95846055353097
2019,00-0031665,3,1.6666666666666667,0,2,1,1,1,0,0,0.6666666666666666,0.3333333333333333,0.3333333333333333,0.3333333333333333,0,1,0,0,0,0,0,0,0,0,0
2019,00-0031687,22,2.0454545454545454,1,16,7,3,12,3,0.045454545454545456,0.7272727272727273,0.3181818181818182,0.13636363636363635,0.5454545454545454,0.13636363636363635,0.5454545454545454,0.22727272727272727,0.09090909090909091,0.13636363636363635,0,0,0,0,0,0
2019,00-0031690,1,0,0,1,1,0,0,0,0,1,1,0,0,0,1,0,0,0,0,0,0,0,0,0
2019,00-0031744,19,7.052631578947368,1,5,3,8,8,3,0.05263157894736842,0.2631578947368421,0.15789473684210525,0.42105263157894735,0.42105263157894735,0.15789473684210525,0.5263157894736842,0.05263157894736842,0.3157894736842105,0.10526315789473684,0,0,0,0,0,0
2019,00-0031763,14,10.785714285714286,5,4,3,3,8,2,0.35714285714285715,0.2857142857142857,0.21428571428571427,0.21428571428571427,0.5714285714285714,0.14285714285714285,0.5,0.14285714285714285,0.2857142857142857,0.07142857142857142,0,0,0,0,0,0
2019,00-0031787,21,15.095238095238095,8,4,7,1,13,2,0.38095238095238093,0.19047619047619047,0.3333333333333333,0.047619047619047616,0.6190476190476191,0.09523809523809523,0.7142857142857143,0,0.2857142857142857,0,0,0,0,0,0,0
2019,00-0031806,6,0,0,5,1,1,4,0,0,0.8333333333333334,0.16666666666666666,0.16666666666666666,0.6666666666666666,0,1,0,0,0,0,0,0,0,0,0
2019,00-0031868,46,9.956521739130435,11,17,40,4,2,3,0.2391304347826087,0.3695652173913043,0.8695652173913043,0.08695652173913043,0.043478260869565216,0.06521739130434782,0.3695652173913043,0.1956521739130435,0.1956521739130435,0.2391304347826087,0,0,5.736888888888889,3.163584990585864,0,11.837699220074601
2019,00-0031934,9,19.88888888888889,4,0,3,4,2,2,0.4444444444444444,0,0.3333333333333333,0.4444444444444444,0.2222222222222222,0.2222222222222222,0.2222222222222222,0,0.5555555555555556,0.2222222222222222,0,0,0,0,0,0
2019,00-0031941,122,7.950819672131147,24,51,41,32,49,16,0.19672131147540983,0.4180327868852459,0.3360655737704918,0.26229508196721313,0.4016393442622951,0.13114754098360656,0.8032786885245902,0.07377049180327869,0.11475409836065574,0.00819672131147541,0,0,6.047029702970297,3.0286939843766993,0,24.132067804047402
2019,00-0031951,20,6.05,2,10,7,5,8,4,0.1,0.5,0.35,0.25,0.4,0.2,0.8,0.05,0.1,0.05,0,0,0,0,0,0
2019,00-0031953,3,12,1,0,0,3,0,0,0.3333333333333333,0,0,1,0,0,0.3333333333333333,0,0.6666666666666666,0,0,0,0,0,0,0
2019,00-0031972,5,15.4,2,1,1,3,1,1,0.4,0.2,0.2,0.6,0.2,0.2,0.4,0,0.4,0.2,0,0,0,0,0,0
2019,00-0032009,48,7.468085106382978,6,13,15,14,18,5,0.125,0.2708333333333333,0.3125,0.2916666666666667,0.375,0.10416666666666667,0.6808510638297872,0.10638297872340426,0.1276595744680851,0.0851063829787234,0,0,5.5123255813953485,2.9134374292434773,0,8.926399548324287
2019,00-0032054,70,16.347826086956523,33,13,27,6,36,3,0.4714285714285714,0.18571428571428572,0.38571428571428573,0.08571428571428572,0.5142857142857142,0.04285714285714286,0.4492753623188406,0.10144927536231885,0.391304347826087,0.057971014492753624,0,0,5.939374999999999,2.621448715572315,0,17.379673281438436
2019,00-0032055,5,9.8,2,2,5,0,0,1,0.4,0.4,1,0,0,0.2,0.4,0,0.4,0.2,0,0,0,0,0,0
2019,00-0032058,30,-1.0333333333333334,0,29,12,4,14,8,0,0.9666666666666667,0.4,0.13333333333333333,0.4666666666666667,0.26666666666666666,0.7333333333333333,0.26666666666666666,0,0,0,0,0,0,0,0
2019,00-0032062,15,6.6,2,9,7,2,6,0,0.13333333333333333,0.6,0.4666666666666667,0.13333333333333333,0.4,0,0.8,0.06666666666666667,0.13333333333333333,0,0,0,0,0,0,0
2019,00-0032063,8,0.75,0,7,0,1,7,2,0,0.875,0,0.125,0.875,0.25,0.625,0.25,0.125,0,0,0,0,0,0,0
2019,00-0032098,11,10.090909090909092,4,6,5,0,6,2,0.36363636363636365,0.5454545454545454,0.45454545454545453,0,0.5454545454545454,0.18181818181818182,0.8181818181818182,0,0.18181818181818182,0,0,0,0,0,0,0
2019,00-0032104,21,0.42857142857142855,0,19,8,6,7,2,0,0.9047619047619048,0.38095238095238093,0.2857142857142857,0.3333333333333333,0.09523809523809523,0.6666666666666666,0.3333333333333333,0,0,0,0,0,0,0,0
2019,00-0032112,5,5.2,1,3,3,0,2,0,0.2,0.6,0.6,0,0.4,0,1,0,0,0,0,0,0,0,0,0
2019,00-0032117,18,5.277777777777778,0,11,2,9,7,3,0,0.6111111111111112,0.1111111111111111,0.5,0.3888888888888889,0.16666666666666666,0.7777777777777778,0.1111111111111111,0.05555555555555555,0.05555555555555555,0,0,0,0,0,0
2019,00-0032128,93,14.366666666666667,32,12,38,22,30,11,0.34408602150537637,0.12903225806451613,0.40860215053763443,0.23655913978494625,0.3225806451612903,0.11827956989247312,0.5888888888888889,0,0.23333333333333334,0.17777777777777778,0,0,5.0022222222222235,2.3433141275290925,0,29.960280063942825
2019,00-0032134,41,3.9,3,23,12,13,15,12,0.07317073170731707,0.5609756097560976,0.2926829268292683,0.3170731707317073,0.36585365853658536,0.2926829268292683,0.775,0.125,0.1,0,0,0,0,0,0,0
2019,00-0032135,27,5.222222222222222,2,16,8,6,13,2,0.07407407407407407,0.5925925925925926,0.2962962962962963,0.2222222222222222,0.48148148148148145,0.07407407407407407,0.8518518518518519,0,0.1111111111111111,0.037037037037037035,0,0,0,0,0,0
2019,00-0032139,3,1.6666666666666667,0,2,1,1,1,0,0,0.6666666666666666,0.3333333333333333,0.3333333333333333,0.3333333333333333,0,1,0,0,0,0,0,0,0,0,0
2019,00-0032141,17,3.5294117647058822,1,12,8,2,7,2,0.058823529411764705,0.7058823529411765,0.47058823529411764,0.11764705882352941,0.4117647058823529,0.11764705882352941,0.9411764705882353,0,0.058823529411764705,0,0,0,0,0,0,0
2019,00-0032144,55,-0.8909090909090909,0,53,14,18,23,6,0,0.9636363636363636,0.2545454545454545,0.32727272727272727,0.41818181818181815,0.10909090909090909,0.9454545454545454,0.05454545454545454,0,0,0,0,0,0,0,0
2019,00-0032147,1,15,1,0,0,1,0,0,1,0,0,1,0,0,0,0,0,0,0,0,0,0,0,0
2019,00-0032160,64,13.59375,28,11,19,24,21,8,0.4375,0.171875,0.296875,0.375,0.328125,0.125,0.5625,0.03125,0.34375,0.0625,0,0,4.960862068965517,2.619734890048775,0,26.568809711415337
2019,00-0032187,47,3.851063829787234,5,32,19,10,18,6,0.10638297872340426,0.6808510638297872,0.40425531914893614,0.2127659574468085,0.3829787234042553,0.1276595744680851,0.6595744680851063,0.19148936170212766,0.14893617021276595,0,0,0,0,0,0,0
2019,00-0032200,17,1.3529411764705883,2,14,3,5,9,2,0.11764705882352941,0.8235294117647058,0.17647058823529413,0.29411764705882354,0.5294117647058824,0.11764705882352941,0.6470588235294118,0.29411764705882354,0.058823529411764705,0,0,0,0,0,0,0
2019,00-0032208,55,14.11111111111111,21,12,36,4,14,11,0.38181818181818183,0.21818181818181817,0.6545454545454545,0.07272727272727272,0.2545454545454545,0.2,0.5660377358490566,0.05660377358490566,0.32075471698113206,0.05660377358490566,0,0,5.3290384615384605,2.895081677180797,0,16.984750106405134
2019,00-0032209,15,0.8,1,13,8,3,4,1,0.06666666666666667,0.8666666666666667,0.5333333333333333,0.2,0.26666666666666666,0.06666666666666667,0.6666666666666666,0.26666666666666666,0.06666666666666667,0,0,0,0,0,0,0
2019,00-0032211,110,12.463636363636363,36,30,47,20,43,23,0.32727272727272727,0.2727272727272727,0.42727272727272725,0.18181818181818182,0.39090909090909093,0.20909090909090908,0.6,0.06363636363636363,0.3,0.03636363636363636,0,0,6.265555555555554,3.2361316140388188,0,30.08970983009761
2019,00-0032214,14,7.285714285714286,3,6,4,5,5,3,0.21428571428571427,0.42857142857142855,0.2857142857142857,0.35714285714285715,0.35714285714285715,0.21428571428571427,0.6428571428571429,0.07142857142857142,0.2857142857142857,0,0,0,0,0,0,0
2019,00-0032227,20,5.4,2,13,5,3,12,4,0.1,0.65,0.25,0.15,0.6,0.2,0.8,0.05,0.1,0.05,0,0,0,0,0,0
2019,00-0032241,49,0.7142857142857143,0,42,20,11,18,5,0,0.8571428571428571,0.40816326530612246,0.22448979591836735,0.3673469387755102,0.10204081632653061,0.7959183673469388,0.14285714285714285,0.02040816326530612,0.04081632653061224,0,0,0,0,0,0
2019,00-0032256,8,10,1,2,3,3,2,0,0.125,0.25,0.375,0.375,0.25,0,0.375,0,0.5,0.125,0,0,0,0,0,0
2019,00-0032257,62,2.629032258064516,5,47,33,10,19,11,0.08064516129032258,0.7580645161290323,0.532258064516129,0.16129032258064516,0.3064516129032258,0.1774193548387097,0.7419354838709677,0.1774193548387097,0.06451612903225806,0.016129032258064516,0,0,0,0,0,0
2019,00-0032319,6,3.6666666666666665,1,4,1,1,4,1,0.16666666666666666,0.6666666666666666,0.16666666666666666,0.16666666666666666,0.6666666666666666,0.16666666666666666,0.16666666666666666,0.3333333333333333,0.3333333333333333,0.16666666666666666,0,0,0,0,0,0
2019,00-0032355,28,8.678571428571429,6,12,8,6,14,4,0.21428571428571427,0.42857142857142855,0.2857142857142857,0.21428571428571427,0.5,0.14285714285714285,0.6428571428571429,0.14285714285714285,0.21428571428571427,0,0,0,0,0,0,0
2019,00-0032385,84,9.903614457831326,23,21,24,30,29,12,0.27380952380952384,0.25,0.2857142857142857,0.35714285714285715,0.34523809523809523,0.14285714285714285,0.6506024096385542,0.03614457831325301,0.21686746987951808,0.0963855421686747,0,0,5.7105000000000015,3.1299462146954156,0,16.905643207614457
2019,00-0032392,99,6.484536082474227,12,42,41,26,30,20,0.12121212121212122,0.42424242424242425,0.41414141414141414,0.26262626262626265,0.30303030303030304,0.20202020202020202,0.7731958762886598,0.05154639175257732,0.14432989690721648,0.030927835051546393,0,0,5.695411764705883,3.538407924875193,0,12.312926943734682
2019,00-0032393,12,4.25,3,8,8,1,3,0,0.25,0.6666666666666666,0.6666666666666666,0.08333333333333333,0.25,0,0.5833333333333334,0.16666666666666666,0.25,0,0,0,0,0,0,0
2019,00-0032394,22,6.363636363636363,1,6,8,7,7,2,0.045454545454545456,0.2727272727272727,0.36363636363636365,0.3181818181818182,0.3181818181818182,0.09090909090909091,0.8181818181818182,0,0.18181818181818182,0,0,0,0,0,0,0
2019,00-0032398,5,12.2,2,2,1,2,2,0,0.4,0.4,0.2,0.4,0.4,0,0.6,0,0.4,0,0,0,0,0,0,0
2019,00-0032404,4,14.75,2,2,3,1,0,0,0.5,0.5,0.75,0.25,0,0,0.5,0,0.5,0,0,0,0,0,0,0
2019,00-0032417,1,-1,0,1,0,1,0,0,0,1,0,1,0,0,1,0,0,0,0,0,0,0,0,0
2019,00-0032423,11,9.090909090909092,4,5,4,3,4,1,0.36363636363636365,0.45454545454545453,0.36363636363636365,0.2727272727272727,0.36363636363636365,0.09090909090909091,0.5454545454545454,0.18181818181818182,0.09090909090909091,0.18181818181818182,0,0,0,0,0,0
2019,00-0032436,1,-3,0,1,0,1,0,0,0,1,0,1,0,0,0,0,0,0,0,0,0,0,0,0
2019,00-0032442,1,7,0,0,0,0,1,0,0,0,0,0,1,0,0,0,1,0,0,0,0,0,0,0
2019,00-0032450,1,-5,0,1,1,0,0,0,0,1,1,0,0,0,1,0,0,0,0,0,0,0,0,0
2019,00-0032464,12,18.25,6,1,3,4,5,3,0.5,0.08333333333333333,0.25,0.3333333333333333,0.4166666666666667,0.25,0.5833333333333334,0,0.4166666666666667,0,0,0,0,0,0,0
2019,00-0032466,1,14,0,0,0,0,1,1,0,0,0,0,1,1,0,0,0,0,0,0,0,0,0,0
2019,00-0032540,4,1,0,3,0,1,3,0,0,0.75,0,0.25,0.75,0,0.75,0.25,0,0,0,0,0,0,0,0
2019,00-0032543,78,8.782051282051283,13,24,25,16,37,10,0.16666666666666666,0.3076923076923077,0.32051282051282054,0.20512820512820512,0.47435897435897434,0.1282051282051282,0.7435897435897436,0.02564102564102564,0.14102564102564102,0.08974358974358974,0,0,6.579333333333334,2.7140402865516813,0,14.406455945934606
2019,00-0032599,13,9.538461538461538,3,3,3,5,5,0,0.23076923076923078,0.23076923076923078,0.23076923076923078,0.38461538461538464,0.38461538461538464,0,0.6153846153846154,0.07692307692307693,0.23076923076923078,0.07692307692307693,0,0,0,0,0,0
2019,00-0032602,43,0.09523809523809523,1,36,18,9,15,3,0.023255813953488372,0.8372093023255814,0.4186046511627907,0.20930232558139536,0.3488372093023256,0.06976744186046512,0.7857142857142857,0.14285714285714285,0.023809523809523808,0.047619047619047616,0,0,0,0,0,0
2019,00-0032626,56,7.654545454545454,14,24,26,14,15,10,0.25,0.42857142857142855,0.4642857142857143,0.25,0.26785714285714285,0.17857142857142858,0.7454545454545455,0.07272727272727272,0.16363636363636364,0.01818181818181818,0,0,5.675098039215686,3.264178570710089,0,9.249850475065037
2019,00-0032661,11,10.090909090909092,3,4,2,4,5,1,0.2727272727272727,0.36363636363636365,0.18181818181818182,0.36363636363636365,0.45454545454545453,0.09090909090909091,0.6363636363636364,0,0.2727272727272727,0.09090909090909091,0,0,0,0,0,0
2019,00-0032688,97,15.041666666666666,46,19,40,17,39,6,0.4742268041237113,0.1958762886597938,0.41237113402061853,0.17525773195876287,0.4020618556701031,0.061855670103092786,0.5104166666666666,0.041666666666666664,0.3958333333333333,0.052083333333333336,0,0,4.337446808510639,2.173501234922027,0,36.725779549585276
2019,00-0032728,10,12.4,4,1,2,6,2,2,0.4,0.1,0.2,0.6,0.2,0.2,0.7,0,0.3,0,0,0,0,0,0,0
2019,00-0032741,24,1.25,0,19,10,3,11,2,0,0.7916666666666666,0.4166666666666667,0.125,0.4583333333333333,0.08333333333333333,0.7916666666666666,0.20833333333333334,0,0,0,0,0,0,0,0
2019,00-0032764,24,-1.875,0,22,12,6,6,1,0,0.9166666666666666,0.5,0.25,0.25,0.041666666666666664,0.6666666666666666,0.3333333333333333,0,0,0,0,0,0,0,0
2019,00-0032765,185,8.091891891891892,32,60,81,43,61,26,0.17297297297297298,0.32432432432432434,0.43783783783783786,0.23243243243243245,0.32972972972972975,0.14054054054054055,0.6270270270270271,0.043243243243243246,0.15135135135135136,0.1783783783783784,0,0,5.154972375690608,2.563296072890534,0,41.33610602814212
2019,00-0032775,55,13.309090909090909,18,9,27,9,19,6,0.32727272727272727,0.16363636363636364,0.4909090909090909,0.16363636363636364,0.34545454545454546,0.10909090909090909,0.5636363636363636,0.03636363636363636,0.2909090909090909,0.10909090909090909,0,0,5.363703703703703,3.0777932180031273,0,15.658799083595293
2019,00-0032778,35,14.228571428571428,11,5,14,8,13,4,0.3142857142857143,0.14285714285714285,0.4,0.22857142857142856,0.37142857142857144,0.11428571428571428,0.6857142857142857,0,0.2857142857142857,0.02857142857142857,0,0,0,0,0,0
2019,00-0032780,14,0.07142857142857142,0,13,8,0,6,2,0,0.9285714285714286,0.5714285714285714,0,0.42857142857142855,0.14285714285714285,0.5714285714285714,0.2857142857142857,0.14285714285714285,0,0,0,0,0,0,0
2019,00-0032782,13,2.1538461538461537,0,8,5,5,3,4,0,0.6153846153846154,0.38461538461538464,0.38461538461538464,0.23076923076923078,0.3076923076923077,0.7692307692307693,0.23076923076923078,0,0,0,0,0,0,0,0
2019,00-0032791,33,12.303030303030303,11,11,10,9,14,1,0.3333333333333333,0.3333333333333333,0.30303030303030304,0.2727272727272727,0.42424242424242425,0.030303030303030304,0.5151515151515151,0.18181818181818182,0.24242424242424243,0.06060606060606061,0,0,0,0,0,0
2019,00-0032794,12,6.833333333333333,3,8,6,1,5,1,0.25,0.6666666666666666,0.5,0.08333333333333333,0.4166666666666667,0.08333333333333333,0.6666666666666666,0,0.3333333333333333,0,0,0,0,0,0,0
2019,00-0032795,5,6.4,0,2,3,1,1,0,0,0.4,0.6,0.2,0.2,0,1,0,0,0,0,0,0,0,0,0
2019,00-0032813,4,-2.5,0,3,0,2,2,0,0,0.75,0,0.5,0.5,0,0.5,0.5,0,0,0,0,0,0,0,0
2019,00-0032897,5,2,0,5,3,0,2,1,0,1,0.6,0,0.4,0.2,0.8,0,0,0.2,0,0,0,0,0,0
2019,00-0032918,26,1.5769230769230769,0,23,14,3,9,4,0,0.8846153846153846,0.5384615384615384,0.11538461538461539,0.34615384615384615,0.15384615384615385,0.8846153846153846,0.07692307692307693,0,0.038461538461538464,0,0,0,0,0,0
2019,00-0032935,15,25.4,10,4,6,2,7,0,0.6666666666666666,0.26666666666666666,0.4,0.13333333333333333,0.4666666666666667,0,0.3333333333333333,0.06666666666666667,0.6,0,0,0,0,0,0,0
2019,00-0032940,41,1.3170731707317074,0,35,17,11,13,6,0,0.8536585365853658,0.4146341463414634,0.2682926829268293,0.3170731707317073,0.14634146341463414,0.9024390243902439,0.0975609756097561,0,0,0,0,0,0,0,0
2019,00-0032945,19,11.052631578947368,4,4,8,5,6,1,0.21052631578947367,0.21052631578947367,0.42105263157894735,0.2631578947368421,0.3157894736842105,0.05263157894736842,0.7368421052631579,0,0.15789473684210525,0.10526315789473684,0,0,0,0,0,0
2019,00-0032951,16,11.875,6,4,3,3,10,0,0.375,0.25,0.1875,0.1875,0.625,0,0.625,0.0625,0.25,0.0625,0,0,0,0,0,0
2019,00-0032956,5,1.8,0,5,2,0,3,1,0,1,0.4,0,0.6,0.2,1,0,0,0,0,0,0,0,0,0
2019,00-0032972,9,4,1,7,3,4,2,1,0.1111111111111111,0.7777777777777778,0.3333333333333333,0.4444444444444444,0.2222222222222222,0.1111111111111111,0.6666666666666666,0,0.1111111111111111,0.2222222222222222,0,0,0,0,0,0
2019,00-0032975,5,-1,0,4,2,1,2,0,0,0.8,0.4,0.2,0.4,0,0.6,0.4,0,0,0,0,0,0,0,0
2019,00-0032977,11,10.545454545454545,2,1,2,4,5,3,0.18181818181818182,0.09090909090909091,0.18181818181818182,0.36363636363636365,0.45454545454545453,0.2727272727272727,0.5454545454545454,0,0.36363636363636365,0.09090909090909091,0,0,0,0,0,0
2019,00-0032980,33,17.363636363636363,16,3,15,5,13,4,0.48484848484848486,0.09090909090909091,0.45454545454545453,0.15151515151515152,0.3939393939393939,0.12121212121212122,0.6666666666666666,0,0.2727272727272727,0.06060606060606061,0,0,0,0,0,0
2019,00-0032986,8,2,0,6,2,1,5,1,0,0.75,0.25,0.125,0.625,0.125,0.5,0.375,0.125,0,0,0,0,0,0,0
2019,00-0033009,148,9.304054054054054,30,44,54,39,55,11,0.20270270270270271,0.2972972972972973,0.36486486486486486,0.2635135135135135,0.3716216216216216,0.07432432432432433,0.6824324324324325,0.033783783783783786,0.17567567567567569,0.10810810810810811,0,0,5.473178294573643,2.642543885694602,0,28.45590395835958
2019,00-0033025,43,2.116279069767442,1,34,15,12,16,3,0.023255813953488372,0.7906976744186046,0.3488372093023256,0.27906976744186046,0.37209302325581395,0.06976744186046512,0.813953488372093,0.13953488372093023,0.023255813953488372,0.023255813953488372,0,0,0,0,0,0
2019,00-0033040,89,12.853932584269662,29,32,33,18,38,7,0.3258426966292135,0.3595505617977528,0.3707865168539326,0.20224719101123595,0.42696629213483145,0.07865168539325842,0.6629213483146067,0.033707865168539325,0.29213483146067415,0.011235955056179775,0,0,5.869250000000001,3.2090238021939355,0,23.85891629815121
2019,00-0033045,71,0.647887323943662,1,65,19,19,33,12,0.014084507042253521,0.9154929577464789,0.2676056338028169,0.2676056338028169,0.4647887323943662,0.16901408450704225,0.8028169014084507,0.16901408450704225,0.028169014084507043,0,0,0,0,0,0,0
2019,00-0033080,18,6.055555555555555,1,8,7,4,7,4,0.05555555555555555,0.4444444444444444,0.3888888888888889,0.2222222222222222,0.3888888888888889,0.2222222222222222,1,0,0,0,0,0,0,0,0,0
2019,00-0033090,77,10.25,23,15,31,23,22,13,0.2987012987012987,0.19480519480519481,0.4025974025974026,0.2987012987012987,0.2857142857142857,0.16883116883116883,0.7236842105263158,0,0.25,0.02631578947368421,0,0,5.4903508771929825,2.585142808065765,0,15.776847796526233
2019,00-0033094,11,27.636363636363637,8,2,6,3,2,0,0.7272727272727273,0.18181818181818182,0.5454545454545454,0.2727272727272727,0.18181818181818182,0,0.45454545454545453,0,0.5454545454545454,0,0,0,0,0,0,0
2019,00-0033110,89,6.640449438202247,17,38,19,21,49,19,0.19101123595505617,0.42696629213483145,0.21348314606741572,0.23595505617977527,0.550561797752809,0.21348314606741572,0.6853932584269663,0.12359550561797752,0.15730337078651685,0.033707865168539325,0,0,5.981384615384615,3.681872099215854,0,12.123233619882365
2019,00-0033111,33,10.181818181818182,9,11,15,8,10,4,0.2727272727272727,0.3333333333333333,0.45454545454545453,0.24242424242424243,0.30303030303030304,0.12121212121212122,0.625,0.1875,0.15625,0.03125,0,0,0,0,0,0
2019,00-0033114,5,10.4,1,1,4,0,1,0,0.2,0.2,0.8,0,0.2,0,0.5,0.25,0.25,0,0,0,0,0,0,0
2019,00-0033118,70,-0.6029411764705882,1,63,39,8,21,7,0.014285714285714285,0.9,0.5571428571428572,0.11428571428571428,0.3,0.1,0.7352941176470589,0.25,0.014705882352941176,0,0,0,0,0,0,0
2019,00-0033119,1,0,0,1,0,1,0,1,0,1,0,1,0,1,0,0,0,0,0,0,0,0,0,0
2019,00-0033127,71,14.23943661971831,24,20,34,10,27,7,0.3380281690140845,0.28169014084507044,0.4788732394366197,0.14084507042253522,0.38028169014084506,0.09859154929577464,0.5492957746478874,0.07042253521126761,0.30985915492957744,0.07042253521126761,0,0,5.538142857142857,2.9712240800902014,0,21.932403938848363
2019,00-0033132,1,3,0,1,1,0,0,0,0,1,1,0,0,0,0,0,0,0,0,0,0,0,0,0
2019,00-0033164,3,0,0,2,2,0,1,1,0,0.6666666666666666,0.6666666666666666,0,0.3333333333333333,0.3333333333333333,0.3333333333333333,0.6666666666666666,0,0,0,0,0,0,0,0
2019,00-0033215,1,2,0,1,1,0,0,0,0,1,1,0,0,0,1,0,0,0,0,0,0,0,0,0
2019,00-0033217,11,4.363636363636363,1,8,2,1,8,1,0.09090909090909091,0.7272727272727273,0.18181818181818182,0.09090909090909091,0.7272727272727273,0.09090909090909091,0.9090909090909091,0,0.09090909090909091,0,0,0,0,0,0,0
2019,00-0033246,7,3.4285714285714284,0,5,2,1,4,0,0,0.7142857142857143,0.2857142857142857,0.14285714285714285,0.5714285714285714,0,0.8571428571428571,0,0,0.14285714285714285,0,0,0,0,0,0
2019,00-0033251,73,11.25,28,15,28,13,31,13,0.3835616438356164,0.2054794520547945,0.3835616438356164,0.1780821917808219,0.4246575342465753,0.1780821917808219,0.6666666666666666,0.06944444444444445,0.2222222222222222,0.041666666666666664,0,0,5.731805555555556,2.8249325736716018,0,21.117229887626753
2019,00-0033258,3,7.333333333333333,1,2,1,1,1,0,0.3333333333333333,0.6666666666666666,0.3333333333333333,0.3333333333333333,0.3333333333333333,0,0.6666666666666666,0,0.3333333333333333,0,0,0,0,0,0,0
2019,00-0033280,142,0.7816901408450704,4,120,54,21,67,14,0.028169014084507043,0.8450704225352113,0.38028169014084506,0.14788732394366197,0.47183098591549294,0.09859154929577464,0.8450704225352113,0.11971830985915492,0.02112676056338028,0.014084507042253521,0,0,0,0,0,0
2019,00-0033282,105,14.647619047619047,45,24,33,9,63,14,0.42857142857142855,0.22857142857142856,0.3142857142857143,0.08571428571428572,0.6,0.13333333333333333,0.5714285714285714,0.0761904761904762,0.3047619047619048,0.047619047619047616,0,0,5.820198019801981,2.565260402440958,0,30.581353347246747
2019,00-0033288,107,5.91588785046729,13,50,32,34,41,17,0.12149532710280374,0.4672897196261682,0.29906542056074764,0.3177570093457944,0.38317757009345793,0.1588785046728972,0.616822429906542,0.1308411214953271,0.17757009345794392,0.07476635514018691,0,0,5.151511627906976,3.2686503820599233,0,20.19344456121913
2019,00-0033293,68,2.735294117647059,7,53,29,8,31,12,0.10294117647058823,0.7794117647058824,0.4264705882352941,0.11764705882352941,0.45588235294117646,0.17647058823529413,0.6911764705882353,0.16176470588235295,0.1323529411764706,0.014705882352941176,0,0,0,0,0,0
2019,00-0033296,2,-0.5,0,2,0,1,1,1,0,1,0,0.5,0.5,0.5,1,0,0,0,0,0,0,0,0,0
2019,00-0033307,46,8.568181818181818,7,13,6,18,20,8,0.15217391304347827,0.2826086956521739,0.13043478260869565,0.391304347826087,0.43478260869565216,0.17391304347826086,0.6363636363636364,0,0.13636363636363635,0.22727272727272727,0,0,5.9453658536585365,2.9051440143153524,0,12.543024172359432
2019,00-0033308,22,-0.5454545454545454,0,20,10,8,4,2,0,0.9090909090909091,0.45454545454545453,0.36363636363636365,0.18181818181818182,0.09090909090909091,0.5,0.4090909090909091,0,0.09090909090909091,0,0,0,0,0,0
2019,00-0033338,3,2.6666666666666665,0,2,0,0,3,1,0,0.6666666666666666,0,0,1,0.3333333333333333,1,0,0,0,0,0,0,0,0,0
2019,00-0033357,22,4.7272727272727275,3,12,9,5,8,6,0.13636363636363635,0.5454545454545454,0.4090909090909091,0.22727272727272727,0.36363636363636365,0.2727272727272727,0.6818181818181818,0.18181818181818182,0.13636363636363635,0,0,0,0,0,0,0
2019,00-0033367,4,7.75,1,1,0,2,2,2,0.25,0.25,0,0.5,0.5,0.5,0.5,0,0.25,0.25,0,0,0,0,0,0
2019,00-0033374,1,1,0,1,0,0,1,0,0,1,0,0,1,0,1,0,0,0,0,0,0,0,0,0
2019,00-0033375,31,10.161290322580646,8,11,11,6,14,5,0.25806451612903225,0.3548387096774194,0.3548387096774194,0.1935483870967742,0.45161290322580644,0.16129032258064516,0.5806451612903226,0,0.22580645161290322,0.1935483870967742,0,0,0,0,0,0
2019,00-0033376,11,-0.09090909090909091,0,11,5,0,6,1,0,1,0.45454545454545453,0,0.5454545454545454,0.09090909090909091,1,0,0,0,0,0,0,0,0,0
2019,00-0033382,4,10.25,1,0,1,1,2,1,0.25,0,0.25,0.25,0.5,0.25,0.75,0,0.25,0,0,0,0,0,0,0
2019,00-0033386,2,5,0,1,1,0,1,0,0,0.5,0.5,0,0.5,0,1,0,0,0,0,0,0,0,0,0
2019,00-0033387,59,5.762711864406779,6,31,17,15,27,12,0.1016949152542373,0.5254237288135594,0.288135593220339,0.2542372881355932,0.4576271186440678,0.2033898305084746,0.7796610169491526,0.03389830508474576,0.1864406779661017,0,0,0,6.765909090909091,3.4767921727744424,0,7.300553537819394
2019,00-0033421,3,0.6666666666666666,0,3,1,2,0,1,0,1,0.3333333333333333,0.6666666666666666,0,0.3333333333333333,0.6666666666666666,0.3333333333333333,0,0,0,0,0,0,0,0
2019,00-0033434,11,12.272727272727273,2,0,6,0,5,0,0.18181818181818182,0,0.5454545454545454,0,0.45454545454545453,0,0.8181818181818182,0,0.18181818181818182,0,0,0,0,0,0,0
2019,00-0033439,3,9,0,0,2,1,0,1,0,0,0.6666666666666666,0.3333333333333333,0,0.3333333333333333,0.6666666666666666,0,0.3333333333333333,0,0,0,0,0,0,0
2019,00-0033455,24,9.25,6,9,4,11,9,4,0.25,0.375,0.16666666666666666,0.4583333333333333,0.375,0.16666666666666666,0.7083333333333334,0,0.20833333333333334,0.08333333333333333,0,0,0,0,0,0
2019,00-0033460,56,15.625,22,12,22,13,21,2,0.39285714285714285,0.21428571428571427,0.39285714285714285,0.23214285714285715,0.375,0.03571428571428571,0.7142857142857143,0.03571428571428571,0.21428571428571427,0.03571428571428571,0,0,5.786727272727274,2.9426150298612086,0,17.55803215380096
2019,00-0033466,39,4.333333333333333,6,21,11,13,15,7,0.15384615384615385,0.5384615384615384,0.28205128205128205,0.3333333333333333,0.38461538461538464,0.1794871794871795,0.7692307692307693,0.1794871794871795,0.05128205128205128,0,0,0,0,0,0,0
2019,00-0033471,35,8.428571428571429,5,7,10,12,13,6,0.14285714285714285,0.2,0.2857142857142857,0.34285714285714286,0.37142857142857144,0.17142857142857143,0.6571428571428571,0.02857142857142857,0.11428571428571428,0.2,0,0,0,0,0,0
2019,00-0033528,41,6.45,3,17,15,15,10,5,0.07317073170731707,0.4146341463414634,0.36585365853658536,0.36585365853658536,0.24390243902439024,0.12195121951219512,0.975,0,0.025,0,0,0,0,0,0,0
2019,00-0033530,5,7.2,0,1,0,1,4,0,0,0.2,0,0.2,0.8,0,0.6,0,0,0.4,0,0,0,0,0,0
2019,00-0033536,90,17.81111111111111,45,9,41,24,25,15,0.5,0.1,0.45555555555555555,0.26666666666666666,0.2777777777777778,0.16666666666666666,0.5,0,0.4888888888888889,0.011111111111111112,0,0,5.233258426966292,2.003895259376511,0,31.76334728305209
2019,00-0033537,1,0,0,1,0,0,1,1,0,1,0,0,1,1,1,0,0,0,0,0,0,0,0,0
2019,00-0033553,38,-1.4210526315789473,0,37,8,13,17,5,0,0.9736842105263158,0.21052631578947367,0.34210526315789475,0.4473684210526316,0.13157894736842105,0.7368421052631579,0.23684210526315788,0.02631578947368421,0,0,0,0,0,0,0
2019,00-0033555,23,13.173913043478262,10,3,5,7,11,5,0.43478260869565216,0.13043478260869565,0.21739130434782608,0.30434782608695654,0.4782608695652174,0.21739130434782608,0.5217391304347826,0.043478260869565216,0.34782608695652173,0.08695652173913043,0,0,0,0,0,0
2019,00-0033556,104,1.75,7,84,30,30,44,9,0.0673076923076923,0.8076923076923077,0.28846153846153844,0.28846153846153844,0.4230769230769231,0.08653846153846154,0.6442307692307693,0.25,0.057692307692307696,0.04807692307692308,0,0,0,0,0,0
2019,00-0033562,11,1.5454545454545454,0,10,6,2,3,0,0,0.9090909090909091,0.5454545454545454,0.18181818181818182,0.2727272727272727,0,0.7272727272727273,0.18181818181818182,0,0.09090909090909091,0,0,0,0,0,0
2019,00-0033567,14,1.5,0,13,5,7,2,3,0,0.9285714285714286,0.35714285714285715,0.5,0.14285714285714285,0.21428571428571427,0.9285714285714286,0.07142857142857142,0,0,0,0,0,0,0,0
2019,00-0033572,2,14.5,1,1,1,0,1,0,0.5,0.5,0.5,0,0.5,0,0,0.5,0.5,0,0,0,0,0,0,0
2019,00-0033576,3,3,0,2,1,1,1,0,0,0.6666666666666666,0.3333333333333333,0.3333333333333333,0.3333333333333333,0,0.3333333333333333,0.3333333333333333,0,0.3333333333333333,0,0,0,0,0,0
2019,00-0033589,34,14.176470588235293,12,7,16,8,10,8,0.35294117647058826,0.20588235294117646,0.47058823529411764,0.23529411764705882,0.29411764705882354,0.23529411764705882,0.47058823529411764,0.029411764705882353,0.47058823529411764,0.029411764705882353,0,0,0,0,0,0
2019,00-0033594,47,-1.0212765957446808,1,43,26,7,14,2,0.02127659574468085,0.9148936170212766,0.5531914893617021,0.14893617021276595,0.2978723404255319,0.0425531914893617,0.7446808510638298,0.2553191489361702,0,0,0,0,0,0,0,0
2019,00-0033604,1,2,0,1,0,0,1,0,0,1,0,0,1,0,1,0,0,0,0,0,0,0,0,0
2019,00-0033611,23,11.5,7,6,8,6,8,7,0.30434782608695654,0.2608695652173913,0.34782608695652173,0.2608695652173913,0.34782608695652173,0.30434782608695654,0.5454545454545454,0,0.4090909090909091,0.045454545454545456,0,0,0,0,0,0
2019,00-0033658,41,8.024390243902438,7,18,17,8,16,2,0.17073170731707318,0.43902439024390244,0.4146341463414634,0.1951219512195122,0.3902439024390244,0.04878048780487805,0.8536585365853658,0,0.12195121951219512,0.024390243902439025,0,0,0,0,0,0
2019,00-0033681,36,10.685714285714285,10,12,16,5,14,7,0.2777777777777778,0.3333333333333333,0.4444444444444444,0.1388888888888889,0.3888888888888889,0.19444444444444445,0.6571428571428571,0.14285714285714285,0.2,0,0,0,0,0,0,0
2019,00-0033696,2,9.5,0,0,0,1,1,1,0,0,0,0.5,0.5,0.5,0.5,0,0.5,0,0,0,0,0,0,0
2019,00-0033699,108,1.2592592592592593,7,92,40,24,44,13,0.06481481481481481,0.8518518518518519,0.37037037037037035,0.2222222222222222,0.4074074074074074,0.12037037037037036,0.7037037037037037,0.16666666666666666,0.07407407407407407,0.05555555555555555,0,0,0,0,0,0
2019,00-0033705,17,16,6,4,5,3,9,0,0.35294117647058826,0.23529411764705882,0.29411764705882354,0.17647058823529413,0.5294117647058824,0,0.5294117647058824,0,0.29411764705882354,0.17647058823529413,0,0,0,0,0,0
2019,00-0033733,40,6.6,2,14,15,10,15,6,0.05,0.35,0.375,0.25,0.375,0.15,0.85,0.025,0.075,0.05,0,0,0,0,0,0
2019,00-0033742,1,-2,0,1,0,0,1,0,0,1,0,0,1,0,1,0,0,0,0,0,0,0,0,0
2019,00-0033757,15,10.533333333333333,5,6,3,5,7,2,0.3333333333333333,0.4,0.2,0.3333333333333333,0.4666666666666667,0.13333333333333333,0.8,0,0.2,0,0,0,0,0,0,0
2019,00-0033770,1,10,0,0,0,0,1,0,0,0,0,0,1,0,0,0,0,0,0,0,0,0,0,0
2019,00-0033789,3,10,1,2,0,1,2,0,0.3333333333333333,0.6666666666666666,0,0.3333333333333333,0.6666666666666666,0,0.3333333333333333,0,0.3333333333333333,0.3333333333333333,0,0,0,0,0,0
2019,00-0033838,7,0.8571428571428571,0,6,4,0,3,0,0,0.8571428571428571,0.5714285714285714,0,0.42857142857142855,0,1,0,0,0,0,0,0,0,0,0
2019,00-0033839,103,6.633663366336633,19,43,29,23,49,13,0.18446601941747573,0.4174757281553398,0.2815533980582524,0.22330097087378642,0.47572815533980584,0.1262135922330097,0.7227722772277227,0.1485148514851485,0.1188118811881188,0.009900990099009901,0,0,6.206666666666667,3.1961597241781687,0,16.382204910193852
2019,00-0033854,46,2.630434782608696,0,32,15,17,14,7,0,0.6956521739130435,0.32608695652173914,0.3695652173913043,0.30434782608695654,0.15217391304347827,0.8260869565217391,0.13043478260869565,0,0.043478260869565216,0,0,0,0,0,0
2019,00-0033856,100,0.13,0,88,51,16,33,11,0,0.88,0.51,0.16,0.33,0.11,0.88,0.09,0.02,0.01,0,0,0,0,0,0
2019,00-0033857,71,9.757142857142858,17,21,38,13,19,8,0.23943661971830985,0.29577464788732394,0.5352112676056338,0.18309859154929578,0.2676056338028169,0.11267605633802817,0.5428571428571428,0.07142857142857142,0.2571428571428571,0.12857142857142856,0,0,4.861612903225807,2.373298045699334,0,17.741307783746286
2019,00-0033858,44,5.25,7,26,15,11,18,6,0.1590909090909091,0.5909090909090909,0.3409090909090909,0.25,0.4090909090909091,0.13636363636363635,0.75,0.13636363636363635,0.09090909090909091,0.022727272727272728,0,0,5.856774193548386,3.6581825443177194,0,5.621410272984148
2019,00-0033871,69,12.028985507246377,19,11,26,12,31,3,0.2753623188405797,0.15942028985507245,0.37681159420289856,0.17391304347826086,0.4492753623188406,0.043478260869565216,0.7536231884057971,0.057971014492753624,0.14492753623188406,0.043478260869565216,0,0,7.209402985074626,2.7124062336742987,0,22.324441407476396
2019,00-0033879,53,9.962264150943396,18,18,20,14,19,8,0.33962264150943394,0.33962264150943394,0.37735849056603776,0.2641509433962264,0.3584905660377358,0.1509433962264151,0.660377358490566,0.07547169811320754,0.2641509433962264,0,0,0,5.0408333333333335,2.4667951758729707,0,7.816028944194714
2019,00-0033881,68,5.838235294117647,7,35,14,23,31,11,0.10294117647058823,0.5147058823529411,0.20588235294117646,0.3382352941176471,0.45588235294117646,0.16176470588235295,0.7647058823529411,0.058823529411764705,0.14705882352941177,0.029411764705882353,0,0,5.871754385964913,3.069753623893296,0,8.360284804289279
2019,00-0033885,10,6.4,0,5,0,6,4,2,0,0.5,0,0.6,0.4,0.2,0.8,0,0.1,0.1,0,0,0,0,0,0
2019,00-0033891,45,10.755555555555556,12,19,16,7,22,6,0.26666666666666666,0.4222222222222222,0.35555555555555557,0.15555555555555556,0.4888888888888889,0.13333333333333333,0.7333333333333333,0.022222222222222223,0.2,0.044444444444444446,0,0,5.869318181818182,3.04590044900358,0,11.18192146559682
2019,00-0033893,64,-1.492063492063492,0,63,23,14,26,4,0,0.984375,0.359375,0.21875,0.40625,0.0625,0.6666666666666666,0.3333333333333333,0,0,0,0,0,0,0,0
2019,00-0033895,60,8.116666666666667,12,29,15,10,35,8,0.2,0.48333333333333334,0.25,0.16666666666666666,0.5833333333333334,0.13333333333333333,0.7333333333333333,0.03333333333333333,0.21666666666666667,0.016666666666666666,0,0,5.11265306122449,2.9596772039715775,0,10.599017245551828
2019,00-0033896,14,3.769230769230769,0,7,1,4,8,4,0,0.5,0.07142857142857142,0.2857142857142857,0.5714285714285714,0.2857142857142857,0.9230769230769231,0,0,0.07692307692307693,0,0,0,0,0,0
2019,00-0033897,45,-0.044444444444444446,2,38,23,6,16,7,0.044444444444444446,0.8444444444444444,0.5111111111111111,0.13333333333333333,0.35555555555555557,0.15555555555555556,0.6888888888888889,0.28888888888888886,0.022222222222222223,0,0,0,0,0,0,0
2019,00-0033904,1,1,0,1,1,0,0,1,0,1,1,0,0,1,0,0,0,0,0,0,0,0,0,0
2019,00-0033906,97,0.26804123711340205,1,85,41,18,38,13,0.010309278350515464,0.8762886597938144,0.422680412371134,0.18556701030927836,0.3917525773195876,0.13402061855670103,0.7422680412371134,0.23711340206185566,0.010309278350515464,0.010309278350515464,0,0,0,0,0,0
2019,00-0033908,135,7.2388059701492535,19,57,58,43,33,22,0.14074074074074075,0.4222222222222222,0.42962962962962964,0.31851851851851853,0.24444444444444444,0.16296296296296298,0.8134328358208955,0.08208955223880597,0.06716417910447761,0.03731343283582089,0,0,6.29658536585366,3.387731480764349,0,20.36385062974148
2019,00-0033911,1,33,1,0,1,0,0,0,1,0,1,0,0,0,0,0,1,0,0,0,0,0,0,0
2019,00-0033921,122,10.47107438016529,36,32,35,33,53,15,0.29508196721311475,0.26229508196721313,0.28688524590163933,0.27049180327868855,0.4344262295081967,0.12295081967213115,0.5454545454545454,0.14049586776859505,0.23140495867768596,0.08264462809917356,0,0,6.635321100917431,2.8121455774221786,0,19.62112550315598
2019,00-0033923,44,0.7954545454545454,1,34,16,9,19,2,0.022727272727272728,0.7727272727272727,0.36363636363636365,0.20454545454545456,0.4318181818181818,0.045454545454545456,0.7045454545454546,0.25,0.022727272727272728,0.022727272727272728,0,0,0,0,0,0
2019,00-0033932,117,14.637931034482758,47,20,47,28,41,17,0.4017094017094017,0.17094017094017094,0.4017094017094017,0.23931623931623933,0.3504273504273504,0.1452991452991453,0.5258620689655172,0.008620689655172414,0.41379310344827586,0.05172413793103448,0,0,5.270877192982456,1.9475060260614048,0,33.09949038662817
2019,00-0033933,1,15,1,0,0,0,1,0,1,0,0,0,1,0,1,0,0,0,0,0,0,0,0,0
2019,00-0033943,43,10.674418604651162,13,8,13,13,17,4,0.3023255813953488,0.18604651162790697,0.3023255813953488,0.3023255813953488,0.3953488372093023,0.09302325581395349,0.6744186046511628,0.046511627906976744,0.27906976744186046,0,0,0,6.262857142857142,2.6739339568413523,0,10.181714874946076
2019,00-0033948,45,-0.7555555555555555,0,42,27,5,13,8,0,0.9333333333333333,0.6,0.1111111111111111,0.28888888888888886,0.17777777777777778,0.6888888888888889,0.28888888888888886,0,0.022222222222222223,0,0,0,0,0,0
2019,00-0033950,15,2.066666666666667,1,13,5,3,7,3,0.06666666666666667,0.8666666666666667,0.3333333333333333,0.2,0.4666666666666667,0.2,0.8,0.13333333333333333,0.06666666666666667,0,0,0,0,0,0,0
2019,00-0033951,17,-0.29411764705882354,0,17,5,4,8,1,0,1,0.29411764705882354,0.23529411764705882,0.47058823529411764,0.058823529411764705,1,0,0,0,0,0,0,0,0,0
2019,00-0033994,3,11.333333333333334,1,0,0,0,3,0,0.3333333333333333,0,0,0,1,0,0.6666666666666666,0,0.3333333333333333,0,0,0,0,0,0,0
2019,00-0034011,14,13,5,1,5,3,6,3,0.35714285714285715,0.07142857142857142,0.35714285714285715,0.21428571428571427,0.42857142857142855,0.21428571428571427,0.5,0,0.5,0,0,0,0,0,0,0
2019,00-0034034,1,16,1,0,1,0,0,0,1,0,1,0,0,0,1,0,0,0,0,0,0,0,0,0
2019,00-0034052,12,13.333333333333334,5,1,10,1,1,1,0.4166666666666667,0.08333333333333333,0.8333333333333334,0.08333333333333333,0.08333333333333333,0.08333333333333333,0.3333333333333333,0,0.3333333333333333,0.3333333333333333,0,0,0,0,0,0
2019,00-0034073,22,5.318181818181818,3,15,7,2,13,3,0.13636363636363635,0.6818181818181818,0.3181818181818182,0.09090909090909091,0.5909090909090909,0.13636363636363635,0.7727272727272727,0.045454545454545456,0.18181818181818182,0,0,0,0,0,0,0
2019,00-0034081,6,16.833333333333332,4,2,4,0,2,1,0.6666666666666666,0.3333333333333333,0.6666666666666666,0,0.3333333333333333,0.16666666666666666,0.16666666666666666,0,0.6666666666666666,0.16666666666666666,0,0,0,0,0,0
2019,00-0034104,3,11.666666666666666,1,0,2,1,0,0,0.3333333333333333,0,0.6666666666666666,0.3333333333333333,0,0,0.3333333333333333,0,0.6666666666666666,0,0,0,0,0,0,0
2019,00-0034109,48,-1.4791666666666667,0,47,13,8,27,6,0,0.9791666666666666,0.2708333333333333,0.16666666666666666,0.5625,0.125,0.7708333333333334,0.22916666666666666,0,0,0,0,0,0,0,0
2019,00-0034115,5,2.4,0,3,0,4,1,1,0,0.6,0,0.8,0.2,0.2,0.6,0.2,0,0.2,0,0,0,0,0,0
2019,00-0034132,25,7.666666666666667,2,7,14,3,7,2,0.08,0.28,0.56,0.12,0.28,0.08,0.7083333333333334,0.041666666666666664,0.125,0.125,0,0,0,0,0,0
2019,00-0034159,27,9.481481481481481,6,8,11,5,11,6,0.2222222222222222,0.2962962962962963,0.4074074074074074,0.18518518518518517,0.4074074074074074,0.2222222222222222,0.5185185185185185,0.1111111111111111,0.37037037037037035,0,0,0,0,0,0,0
2019,00-0034184,7,0,0,6,5,1,1,1,0,0.8571428571428571,0.7142857142857143,0.14285714285714285,0.14285714285714285,0.14285714285714285,0.8571428571428571,0.14285714285714285,0,0,0,0,0,0,0,0
2019,00-0034208,4,-1.25,0,4,0,2,2,1,0,1,0,0.5,0.5,0.25,0.75,0.25,0,0,0,0,0,0,0,0
2019,00-0034253,16,0.3333333333333333,0,13,6,2,7,2,0,0.8125,0.375,0.125,0.4375,0.125,0.8,0.13333333333333333,0,0.06666666666666667,0,0,0,0,0,0
2019,00-0034256,3,6.333333333333333,0,1,0,0,3,0,0,0.3333333333333333,0,0,1,0,0.6666666666666666,0.3333333333333333,0,0,0,0,0,0,0,0
2019,00-0034267,3,13,1,2,2,1,0,1,0.3333333333333333,0.6666666666666666,0.6666666666666666,0.3333333333333333,0,0.3333333333333333,0.3333333333333333,0,0.6666666666666666,0,0,0,0,0,0,0
2019,00-0034270,10,6.1,2,4,3,4,3,0,0.2,0.4,0.3,0.4,0.3,0,0.7,0.1,0.2,0,0,0,0,0,0,0
2019,00-0034272,56,16.785714285714285,25,15,20,15,21,4,0.44642857142857145,0.26785714285714285,0.35714285714285715,0.26785714285714285,0.375,0.07142857142857142,0.42857142857142855,0.08928571428571429,0.39285714285714285,0.08928571428571429,0,0,5.695535714285716,2.5509622717326716,0,19.268124595144428
2019,00-0034273,24,12.791666666666666,9,6,7,3,14,5,0.375,0.25,0.2916666666666667,0.125,0.5833333333333334,0.20833333333333334,0.5833333333333334,0.041666666666666664,0.25,0.125,0,0,0,0,0,0
2019,00-0034286,10,11.9,3,2,5,2,3,2,0.3,0.2,0.5,0.2,0.3,0.2,0.8,0,0.2,0,0,0,0,0,0,0
2019,00-0034297,16,11.125,5,3,7,3,6,2,0.3125,0.1875,0.4375,0.1875,0.375,0.125,0.6875,0,0.25,0.0625,0,0,0,0,0,0
2019,00-0034301,19,1.105263157894737,2,15,9,2,8,2,0.10526315789473684,0.7894736842105263,0.47368421052631576,0.10526315789473684,0.42105263157894735,0.10526315789473684,0.7368421052631579,0.15789473684210525,0.10526315789473684,0,0,0,0,0,0,0
2019,00-0034309,2,2,0,2,0,1,1,0,0,1,0,0.5,0.5,0,0.5,0.5,0,0,0,0,0,0,0,0
2019,00-0034319,4,9.5,2,2,1,2,1,0,0.5,0.5,0.25,0.5,0.25,0,1,0,0,0,0,0,0,0,0,0
2019,00-0034331,57,-0.7894736842105263,1,54,25,12,20,8,0.017543859649122806,0.9473684210526315,0.43859649122807015,0.21052631578947367,0.3508771929824561,0.14035087719298245,0.8070175438596491,0.15789473684210525,0.017543859649122806,0.017543859649122806,0,0,0,0,0,0
2019,00-0034339,48,6.8936170212765955,4,24,17,19,11,6,0.08333333333333333,0.5,0.3541666666666667,0.3958333333333333,0.22916666666666666,0.125,0.851063829787234,0.0425531914893617,0.0425531914893617,0.06382978723404255,0,0,6.552051282051282,2.5924802946709313,0,9.411041664904667
2019,00-0034348,124,11.580645161290322,35,27,51,22,51,20,0.28225806451612906,0.21774193548387097,0.4112903225806452,0.1774193548387097,0.4112903225806452,0.16129032258064516,0.532258064516129,0.03225806451612903,0.33064516129032256,0.10483870967741936,0,0,5.116422764227643,2.5014440745555566,0,42.93013283589532
2019,00-0034349,15,4.6,2,10,4,2,9,1,0.13333333333333333,0.6666666666666666,0.26666666666666666,0.13333333333333333,0.6,0.06666666666666667,0.6,0.2,0.2,0,0,0,0,0,0,0
2019,00-0034351,87,5.747126436781609,13,43,32,24,31,11,0.14942528735632185,0.4942528735632184,0.367816091954023,0.27586206896551724,0.3563218390804598,0.12643678160919541,0.6976744186046512,0.13953488372093023,0.12790697674418605,0.03488372093023256,0,0,5.644428571428572,3.0433343028388897,0,10.242532875037938
2019,00-0034353,85,10.176470588235293,25,26,29,25,31,10,0.29411764705882354,0.3058823529411765,0.3411764705882353,0.29411764705882354,0.36470588235294116,0.11764705882352941,0.6352941176470588,0.10588235294117647,0.2,0.058823529411764705,0,0,5.717236842105263,3.1185248609471374,0,19.779512388360708
2019,00-0034358,9,-0.3333333333333333,0,9,3,3,3,1,0,1,0.3333333333333333,0.3333333333333333,0.3333333333333333,0.1111111111111111,1,0,0,0,0,0,0,0,0,0
2019,00-0034364,55,7.1454545454545455,9,29,17,16,22,6,0.16363636363636364,0.5272727272727272,0.3090909090909091,0.2909090909090909,0.4,0.10909090909090909,0.8363636363636363,0,0.14545454545454545,0.01818181818181818,0,0,5.7784848484848474,3.3879507137396168,0,8.70790102697063
2019,00-0034365,30,6.8,4,17,8,7,15,2,0.13333333333333333,0.5666666666666667,0.26666666666666666,0.23333333333333334,0.5,0.06666666666666667,0.9,0,0.1,0,0,0,0,0,0,0
2019,00-0034366,36,7.555555555555555,5,10,10,13,13,3,0.1388888888888889,0.2777777777777778,0.2777777777777778,0.3611111111111111,0.3611111111111111,0.08333333333333333,0.7777777777777778,0.027777777777777776,0.1111111111111111,0.08333333333333333,0,0,0,0,0,0
2019,00-0034367,58,1.3275862068965518,2,49,25,12,21,5,0.034482758620689655,0.8448275862068966,0.43103448275862066,0.20689655172413793,0.3620689655172414,0.08620689655172414,0.8448275862068966,0.10344827586206896,0.05172413793103448,0,0,0,0,0,0,0
2019,00-0034370,52,8.134615384615385,11,17,18,16,18,6,0.21153846153846154,0.3269230769230769,0.34615384615384615,0.3076923076923077,0.34615384615384615,0.11538461538461539,0.7692307692307693,0,0.11538461538461539,0.11538461538461539,0,0,5.271041666666667,3.2562365624093905,0,13.060387684889442
2019,00-0034378,14,1.7142857142857142,0,11,6,2,6,3,0,0.7857142857142857,0.42857142857142855,0.14285714285714285,0.42857142857142855,0.21428571428571427,0.9285714285714286,0.07142857142857142,0,0,0,0,0,0,0,0
2019,00-0034383,2,10,1,0,1,0,1,0,0.5,0,0.5,0,0.5,0,1,0,0,0,0,0,0,0,0,0
2019,00-0034386,26,13.538461538461538,7,2,13,8,5,4,0.2692307692307692,0.07692307692307693,0.5,0.3076923076923077,0.19230769230769232,0.15384615384615385,0.7307692307692307,0,0.2692307692307692,0,0,0,0,0,0,0
2019,00-0034389,1,30,1,0,0,0,1,0,1,0,0,0,1,0,0,0,0,0,0,0,0,0,0,0
2019,00-0034393,9,4.555555555555555,0,5,3,3,3,1,0,0.5555555555555556,0.3333333333333333,0.3333333333333333,0.3333333333333333,0.1111111111111111,0.7777777777777778,0,0.1111111111111111,0.1111111111111111,0,0,0,0,0,0
2019,00-0034399,1,-5,0,1,0,0,1,0,0,1,0,0,1,0,0,0,0,0,0,0,0,0,0,0
2019,00-0034400,11,1.3636363636363635,0,9,5,3,3,1,0,0.8181818181818182,0.45454545454545453,0.2727272727272727,0.2727272727272727,0.09090909090909091,0.9090909090909091,0.09090909090909091,0,0,0,0,0,0,0,0
2019,00-0034406,20,11.35,6,3,8,1,11,1,0.3,0.15,0.4,0.05,0.55,0.05,0.55,0.05,0.35,0.05,0,0,0,0,0,0
2019,00-0034411,74,7.094594594594595,8,25,37,18,19,14,0.10810810810810811,0.33783783783783783,0.5,0.24324324324324326,0.25675675675675674,0.1891891891891892,0.581081081081081,0.12162162162162163,0.16216216216216217,0.13513513513513514,0,0,5.843478260869565,3.189910533338856,0,9.732827270763341
2019,00-0034414,26,-1.7692307692307692,1,24,9,3,14,0,0.038461538461538464,0.9230769230769231,0.34615384615384615,0.11538461538461539,0.5384615384615384,0,0.6538461538461539,0.2692307692307692,0.07692307692307693,0,0,0,0,0,0,0
2019,00-0034418,8,16.75,3,0,7,0,1,0,0.375,0,0.875,0,0.125,0,0.75,0,0.25,0,0,0,0,0,0,0
2019,00-0034419,13,8.23076923076923,2,4,5,2,6,0,0.15384615384615385,0.3076923076923077,0.38461538461538464,0.15384615384615385,0.46153846153846156,0,0.7692307692307693,0.07692307692307693,0.15384615384615385,0,0,0,0,0,0,0
2019,00-0034420,3,2.6666666666666665,0,2,1,0,2,1,0,0.6666666666666666,0.3333333333333333,0,0.6666666666666666,0.3333333333333333,0.6666666666666666,0,0.3333333333333333,0,0,0,0,0,0,0
2019,00-0034426,39,11.564102564102564,11,8,14,13,12,6,0.28205128205128205,0.20512820512820512,0.358974358974359,0.3333333333333333,0.3076923076923077,0.15384615384615385,0.6666666666666666,0.05128205128205128,0.2564102564102564,0.02564102564102564,0,0,0,0,0,0
2019,00-0034432,4,-2,0,4,2,0,2,0,0,1,0.5,0,0.5,0,1,0,0,0,0,0,0,0,0,0
2019,00-0034433,6,0,0,5,2,1,3,1,0,0.8333333333333334,0.3333333333333333,0.16666666666666666,0.5,0.16666666666666666,0.6666666666666666,0.16666666666666666,0.16666666666666666,0,0,0,0,0,0,0
2019,00-0034439,9,8.666666666666666,2,2,3,3,3,1,0.2222222222222222,0.2222222222222222,0.3333333333333333,0.3333333333333333,0.3333333333333333,0.1111111111111111,0.7777777777777778,0,0.2222222222222222,0,0,0,0,0,0,0
2019,00-0034440,11,-1.0909090909090908,0,10,3,2,6,3,0,0.9090909090909091,0.2727272727272727,0.18181818181818182,0.5454545454545454,0.2727272727272727,0.7272727272727273,0.18181818181818182,0.09090909090909091,0,0,0,0,0,0,0
2019,00-0034487,13,15.923076923076923,6,1,4,3,6,3,0.46153846153846156,0.07692307692307693,0.3076923076923077,0.23076923076923078,0.46153846153846156,0.23076923076923078,0.3076923076923077,0,0.6153846153846154,0.07692307692307693,0,0,0,0,0,0
2019,00-0034510,18,25.055555555555557,13,2,8,4,6,1,0.7222222222222222,0.1111111111111111,0.4444444444444444,0.2222222222222222,0.3333333333333333,0.05555555555555555,0.3888888888888889,0,0.6111111111111112,0,0,0,0,0,0,0
2019,00-0034521,52,14.153846153846153,20,13,18,11,23,4,0.38461538461538464,0.25,0.34615384615384615,0.21153846153846154,0.4423076923076923,0.07692307692307693,0.5192307692307693,0.07692307692307693,0.28846153846153844,0.11538461538461539,0,0,6.4464,2.889291723033642,0,14.81466151486868
2019,00-0034578,9,2.888888888888889,1,7,3,2,4,0,0.1111111111111111,0.7777777777777778,0.3333333333333333,0.2222222222222222,0.4444444444444444,0,0.7777777777777778,0.1111111111111111,0.1111111111111111,0,0,0,0,0,0,0
2019,00-0034593,10,13.4,3,1,4,1,5,1,0.3,0.1,0.4,0.1,0.5,0.1,0.8,0,0.1,0.1,0,0,0,0,0,0
2019,00-0034613,5,11,1,1,2,1,2,3,0.2,0.2,0.4,0.2,0.4,0.6,0.6,0,0.2,0.2,0,0,0,0,0,0
2019,00-0034631,31,12.03225806451613,8,5,6,12,13,3,0.25806451612903225,0.16129032258064516,0.1935483870967742,0.3870967741935484,0.41935483870967744,0.0967741935483871,0.7741935483870968,0.06451612903225806,0.16129032258064516,0,0,0,0,0,0,0
2019,00-0034653,4,22,2,1,0,2,2,0,0.5,0.25,0,0.5,0.5,0,0.25,0,0.5,0.25,0,0,0,0,0,0
2019,00-0034654,1,2,0,1,0,0,1,0,0,1,0,0,1,0,1,0,0,0,0,0,0,0,0,0
2019,00-0034660,2,24.5,2,0,1,0,1,0,1,0,0.5,0,0.5,0,0.5,0,0.5,0,0,0,0,0,0,0
2019,00-0034676,80,15.825,37,17,27,19,34,2,0.4625,0.2125,0.3375,0.2375,0.425,0.025,0.525,0.0375,0.375,0.0625,0,0,6.1692307692307695,2.5320394958538133,0,33.03240734612401
2019,00-0034679,21,-1.1428571428571428,0,20,10,5,6,1,0,0.9523809523809523,0.47619047619047616,0.23809523809523808,0.2857142857142857,0.047619047619047616,0.7142857142857143,0.2857142857142857,0,0,0,0,0,0,0,0
2019,00-0034681,21,0.23809523809523808,0,18,11,2,8,6,0,0.8571428571428571,0.5238095238095238,0.09523809523809523,0.38095238095238093,0.2857142857142857,0.7142857142857143,0.2857142857142857,0,0,0,0,0,0,0,0
2019,00-0034686,80,11.6625,30,14,26,20,34,14,0.375,0.175,0.325,0.25,0.425,0.175,0.55,0.025,0.35,0.075,0,0,5.800125,2.270224913395863,0,19.667338286529837
2019,00-0034735,1,30,1,0,1,0,0,0,1,0,1,0,0,0,0,0,1,0,0,0,0,0,0,0
2019,00-0034747,10,12.8,3,2,5,2,3,1,0.3,0.2,0.5,0.2,0.3,0.1,0.5,0.1,0.4,0,0,0,0,0,0,0
2019,00-0034750,11,2.272727272727273,2,7,6,1,4,2,0.18181818181818182,0.6363636363636364,0.5454545454545454,0.09090909090909091,0.36363636363636365,0.18181818181818182,0.5454545454545454,0.18181818181818182,0.2727272727272727,0,0,0,0,0,0,0
2019,00-0034753,98,10.561224489795919,26,24,22,46,30,15,0.2653061224489796,0.24489795918367346,0.22448979591836735,0.46938775510204084,0.30612244897959184,0.15306122448979592,0.711340206185567,0.010309278350515464,0.24742268041237114,0.030927835051546393,0,0,6.062615384615384,2.982031154819383,0,28.68761885533277
2019,00-0034764,113,12.575221238938052,29,15,42,25,46,8,0.25663716814159293,0.13274336283185842,0.37168141592920356,0.22123893805309736,0.40707964601769914,0.07079646017699115,0.5663716814159292,0.017699115044247787,0.21238938053097345,0.20353982300884957,0,0,5.57353982300885,2.2184359038056005,0,26.0687256920613
2019,00-0034765,26,8.88,4,8,8,5,12,5,0.15384615384615385,0.3076923076923077,0.3076923076923077,0.19230769230769232,0.46153846153846156,0.19230769230769232,0.75,0.041666666666666664,0.16666666666666666,0.041666666666666664,0,0,0,0,0,0
2019,00-0034766,2,6,0,1,1,0,1,0,0,0.5,0.5,0,0.5,0,1,0,0,0,0,0,0,0,0,0
2019,00-0034772,15,10.2,3,4,7,4,4,5,0.2,0.26666666666666666,0.4666666666666667,0.26666666666666666,0.26666666666666666,0.3333333333333333,0.3333333333333333,0.13333333333333333,0.3333333333333333,0.2,0,0,0,0,0,0
2019,00-0034773,1,1,0,1,0,0,1,1,0,1,0,0,1,1,1,0,0,0,0,0,0,0,0,0
2019,00-0034775,109,9.99074074074074,28,37,17,22,69,13,0.25688073394495414,0.3394495412844037,0.1559633027522936,0.2018348623853211,0.6330275229357798,0.11926605504587157,0.6018518518518519,0.14814814814814814,0.16666666666666666,0.08333333333333333,0,0,6.046354166666666,3.4554131374716146,0,27.126515344184472
2019,00-0034777,120,11.788135593220339,35,30,43,20,55,17,0.2916666666666667,0.25,0.35833333333333334,0.16666666666666666,0.4583333333333333,0.14166666666666666,0.559322033898305,0.0847457627118644,0.2711864406779661,0.0847457627118644,0,0,6.512982456140351,2.7783848765049197,0,32.701816599536016
2019,00-0034788,10,8.6,3,4,3,4,3,1,0.3,0.4,0.3,0.4,0.3,0.1,0.7,0,0.3,0,0,0,0,0,0,0
2019,00-0034791,49,-0.5714285714285714,1,45,24,11,14,4,0.02040816326530612,0.9183673469387755,0.4897959183673469,0.22448979591836735,0.2857142857142857,0.08163265306122448,0.7142857142857143,0.24489795918367346,0.02040816326530612,0.02040816326530612,0,0,0,0,0,0
2019,00-0034794,1,1,0,1,0,1,0,1,0,1,0,1,0,1,0,0,0,0,0,0,0,0,0,0
2019,00-0034798,14,9.857142857142858,4,4,4,5,5,1,0.2857142857142857,0.2857142857142857,0.2857142857142857,0.35714285714285715,0.35714285714285715,0.07142857142857142,0.5,0,0.21428571428571427,0.2857142857142857,0,0,0,0,0,0
2019,00-0034799,24,-0.3333333333333333,0,20,13,1,10,5,0,0.8333333333333334,0.5416666666666666,0.041666666666666664,0.4166666666666667,0.20833333333333334,0.8333333333333334,0.16666666666666666,0,0,0,0,0,0,0,0
2019,00-0034816,40,0.75,0,37,22,6,12,1,0,0.925,0.55,0.15,0.3,0.025,0.8,0.15,0,0.05,0,0,0,0,0,0
2019,00-0034827,136,11.037037037037036,32,30,74,23,38,14,0.23529411764705882,0.22058823529411764,0.5441176470588235,0.16911764705882354,0.27941176470588236,0.10294117647058823,0.5037037037037037,0.06666666666666667,0.2,0.22962962962962963,0,0,5.25625,2.640551014593727,0,30.185222347086217
2019,00-0034829,89,9.9438202247191,22,27,37,22,30,11,0.24719101123595505,0.30337078651685395,0.4157303370786517,0.24719101123595505,0.33707865168539325,0.12359550561797752,0.6629213483146067,0,0.3146067415730337,0.02247191011235955,0,0,5.787575757575757,2.6193131430905785,0,17.334149841832794
2019,00-0034830,39,8.461538461538462,7,13,11,15,13,7,0.1794871794871795,0.3333333333333333,0.28205128205128205,0.38461538461538464,0.3333333333333333,0.1794871794871795,0.8205128205128205,0,0.1794871794871795,0,0,0,0,0,0,0
2019,00-0034837,95,13.397849462365592,32,17,39,15,39,10,0.3368421052631579,0.17894736842105263,0.4105263157894737,0.15789473684210525,0.4105263157894737,0.10526315789473684,0.7204301075268817,0.03225806451612903,0.1935483870967742,0.053763440860215055,0,0,7.396222222222222,2.874055455725719,0,23.322395131072188
2019,00-0034838,50,0.18,0,41,19,10,21,6,0,0.82,0.38,0.2,0.42,0.12,0.86,0.08,0,0.06,0,0,0,0,0,0
2019,00-0034844,73,0.8356164383561644,2,64,31,11,31,7,0.0273972602739726,0.8767123287671232,0.4246575342465753,0.1506849315068493,0.4246575342465753,0.0958904109589041,0.7397260273972602,0.1780821917808219,0.0821917808219178,0,0,0,0,0,0,0
2019,00-0034845,20,-0.75,0,18,8,4,8,5,0,0.9,0.4,0.2,0.4,0.25,0.7,0.3,0,0,0,0,0,0,0,0
2019,00-0034854,10,16.1,5,1,3,2,5,1,0.5,0.1,0.3,0.2,0.5,0.1,0.2,0,0.5,0.3,0,0,0,0,0,0
2019,00-0034860,24,7.875,5,6,8,5,11,3,0.20833333333333334,0.25,0.3333333333333333,0.20833333333333334,0.4583333333333333,0.125,0.625,0.041666666666666664,0.20833333333333334,0.125,0,0,0,0,0,0
2019,00-0034867,22,12,7,4,4,9,9,2,0.3181818181818182,0.18181818181818182,0.18181818181818182,0.4090909090909091,0.4090909090909091,0.09090909090909091,0.5454545454545454,0.045454545454545456,0.22727272727272727,0.18181818181818182,0,0,0,0,0,0
2019,00-0034922,4,14.5,1,1,3,0,1,0,0.25,0.25,0.75,0,0.25,0,0.75,0,0.25,0,0,0,0,0,0,0
2019,00-0034928,56,6.839285714285714,8,25,15,19,22,9,0.14285714285714285,0.44642857142857145,0.26785714285714285,0.3392857142857143,0.39285714285714285,0.16071428571428573,0.6607142857142857,0.125,0.16071428571428573,0.05357142857142857,0,0,6.732452830188679,3.158416889400001,0,11.602966922367782
2019,00-0034959,12,2.1666666666666665,0,8,4,2,6,3,0,0.6666666666666666,0.3333333333333333,0.16666666666666666,0.5,0.25,0.9166666666666666,0.08333333333333333,0,0,0,0,0,0,0,0
2019,00-0034960,41,10.292682926829269,13,9,19,6,16,4,0.3170731707317073,0.21951219512195122,0.4634146341463415,0.14634146341463414,0.3902439024390244,0.0975609756097561,0.7804878048780488,0,0.21951219512195122,0,0,0,0,0,0,0
2019,00-0034970,47,5.638297872340425,7,29,15,14,18,10,0.14893617021276595,0.6170212765957447,0.3191489361702128,0.2978723404255319,0.3829787234042553,0.2127659574468085,0.7446808510638298,0.0425531914893617,0.19148936170212766,0.02127659574468085,0,0,5.376315789473685,2.989143628427466,0,8.088661386903613
2019,00-0034972,12,2.25,1,9,5,2,5,0,0.08333333333333333,0.75,0.4166666666666667,0.16666666666666666,0.4166666666666667,0,0.8333333333333334,0.08333333333333333,0.08333333333333333,0,0,0,0,0,0,0
2019,00-0034975,15,1.5333333333333334,2,11,3,3,9,3,0.13333333333333333,0.7333333333333333,0.2,0.2,0.6,0.2,0.7333333333333333,0.06666666666666667,0.06666666666666667,0.13333333333333333,0,0,0,0,0,0
2019,00-0034981,25,4.4,3,18,3,9,13,7,0.12,0.72,0.12,0.36,0.52,0.28,0.8,0.04,0.12,0.04,0,0,0,0,0,0
2019,00-0034983,72,7.028169014084507,10,26,29,21,21,13,0.1388888888888889,0.3611111111111111,0.4027777777777778,0.2916666666666667,0.2916666666666667,0.18055555555555555,0.6056338028169014,0.08450704225352113,0.11267605633802817,0.19718309859154928,0,0,6.452903225806451,3.456287092681197,0,14.385218654584845
2019,00-0034988,43,5.738095238095238,5,20,10,14,18,7,0.11627906976744186,0.46511627906976744,0.23255813953488372,0.32558139534883723,0.4186046511627907,0.16279069767441862,0.7619047619047619,0.09523809523809523,0.14285714285714285,0,0,0,0,0,0,0
2019,00-0035006,45,9.577777777777778,10,11,17,12,16,7,0.2222222222222222,0.24444444444444444,0.37777777777777777,0.26666666666666666,0.35555555555555557,0.15555555555555556,0.8444444444444444,0.044444444444444446,0.1111111111111111,0,0,0,6.532195121951218,2.507047908598182,0,13.558272449408584
2019,00-0035013,4,-0.25,0,3,2,1,1,0,0,0.75,0.5,0.25,0.25,0,0.5,0.5,0,0,0,0,0,0,0,0
2019,00-0035021,2,-3,0,2,2,0,0,0,0,1,1,0,0,0,0,1,0,0,0,0,0,0,0,0
2019,00-0035025,15,7.571428571428571,3,5,5,5,4,5,0.2,0.3333333333333333,0.3333333333333333,0.3333333333333333,0.26666666666666666,0.3333333333333333,0.42857142857142855,0.14285714285714285,0.2857142857142857,0.14285714285714285,0,0,0,0,0,0
2019,00-0035039,7,7.285714285714286,1,2,4,2,1,1,0.14285714285714285,0.2857142857142857,0.5714285714285714,0.2857142857142857,0.14285714285714285,0.14285714285714285,0.7142857142857143,0,0.2857142857142857,0,0,0,0,0,0,0
2019,00-0035040,1,14,0,0,1,0,0,1,0,0,1,0,0,1,1,0,0,0,0,0,0,0,0,0
2019,00-0035099,5,4,1,4,1,1,3,1,0.2,0.8,0.2,0.2,0.6,0.2,0.8,0,0.2,0,0,0,0,0,0,0
2019,00-0035104,4,18.75,2,0,3,0,1,1,0.5,0,0.75,0,0.25,0.25,0.25,0,0.5,0.25,0,0,0,0,0,0
2019,00-0035120,14,8.857142857142858,4,4,5,7,2,1,0.2857142857142857,0.2857142857142857,0.35714285714285715,0.5,0.14285714285714285,0.07142857142857142,0.9285714285714286,0,0.07142857142857142,0,0,0,0,0,0,0
2019,00-0035125,6,1,0,6,1,0,5,2,0,1,0.16666666666666666,0,0.8333333333333334,0.3333333333333333,1,0,0,0,0,0,0,0,0,0
2019,00-0035140,41,11.048780487804878,14,17,19,7,15,6,0.34146341463414637,0.4146341463414634,0.4634146341463415,0.17073170731707318,0.36585365853658536,0.14634146341463414,0.5609756097560976,0.1951219512195122,0.21951219512195122,0.024390243902439025,0,0,0,0,0,0
2019,00-0035148,10,-1.6,0,10,5,0,5,1,0,1,0.5,0,0.5,0.1,0.7,0.3,0,0,0,0,0,0,0,0
2019,00-0035181,2,4,0,1,1,0,1,2,0,0.5,0.5,0,0.5,1,0.5,0.5,0,0,0,0,0,0,0,0
2019,00-0035184,5,1.2,0,5,0,1,4,0,0,1,0,0.2,0.8,0,1,0,0,0,0,0,0,0,0,0
2019,00-0035208,5,13.8,1,0,2,0,3,0,0.2,0,0.4,0,0.6,0,0.4,0,0.2,0.4,0,0,0,0,0,0
2019,00-0035215,6,-2.1666666666666665,0,6,3,1,2,0,0,1,0.5,0.16666666666666666,0.3333333333333333,0,0.3333333333333333,0.6666666666666666,0,0,0,0,0,0,0,0
2019,00-0035216,92,9.16304347826087,19,44,43,20,29,7,0.20652173913043478,0.4782608695652174,0.4673913043478261,0.21739130434782608,0.31521739130434784,0.07608695652173914,0.6739130434782609,0.08695652173913043,0.14130434782608695,0.09782608695652174,0,0,6.091304347826085,3.6215482294352785,0,21.86549402604554
2019,00-0035217,4,-0.5,0,3,3,0,1,0,0,0.75,0.75,0,0.25,0,0.75,0.25,0,0,0,0,0,0,0,0
2019,00-0035222,1,2,0,1,0,1,0,0,0,1,0,1,0,0,0,0,0,1,0,0,0,0,0,0
2019,00-0035229,59,7.711864406779661,9,20,18,15,26,7,0.15254237288135594,0.3389830508474576,0.3050847457627119,0.2542372881355932,0.4406779661016949,0.11864406779661017,0.6949152542372882,0.06779661016949153,0.2033898305084746,0.03389830508474576,0,0,5.8376,2.322400104786847,0,8.695104488339654
2019,00-0035231,1,0,0,1,0,0,1,1,0,1,0,0,1,1,1,0,0,0,0,0,0,0,0,0
2019,00-0035235,1,-3,0,1,0,0,1,0,0,1,0,0,1,0,0,0,0,0,0,0,0,0,0,0
2019,00-0035243,63,2.0793650793650795,7,51,24,10,29,11,0.1111111111111111,0.8095238095238095,0.38095238095238093,0.15873015873015872,0.4603174603174603,0.1746031746031746,0.6031746031746031,0.2857142857142857,0.1111111111111111,0,0,0,0,0,0,0
2019,00-0035246,22,17.428571428571427,11,2,7,4,10,4,0.5,0.09090909090909091,0.3181818181818182,0.18181818181818182,0.45454545454545453,0.18181818181818182,0.5,0,0.36363636363636365,0.13636363636363635,0,0,0,0,0,0
2019,00-0035249,6,7.333333333333333,1,3,1,2,3,1,0.16666666666666666,0.5,0.16666666666666666,0.3333333333333333,0.5,0.16666666666666666,1,0,0,0,0,0,0,0,0,0
2019,00-0035250,41,1.4878048780487805,3,34,22,3,16,5,0.07317073170731707,0.8292682926829268,0.5365853658536586,0.07317073170731707,0.3902439024390244,0.12195121951219512,0.6829268292682927,0.21951219512195122,0.07317073170731707,0.024390243902439025,0,0,0,0,0,0
2019,00-0035259,3,2.6666666666666665,0,2,0,0,3,1,0,0.6666666666666666,0,0,1,0.3333333333333333,1,0,0,0,0,0,0,0,0,0
2019,00-0035261,20,-0.9,1,17,6,8,6,6,0.05,0.85,0.3,0.4,0.3,0.3,0.85,0.1,0.05,0,0,0,0,0,0,0
2019,00-0035268,24,1.8333333333333333,0,18,13,4,7,3,0,0.75,0.5416666666666666,0.16666666666666666,0.2916666666666667,0.125,0.9583333333333334,0.041666666666666664,0,0,0,0,0,0,0,0
2019,00-0035273,2,1.5,0,2,1,1,0,0,0,1,0.5,0.5,0,0,1,0,0,0,0,0,0,0,0,0
2019,00-0035287,43,9.380952380952381,9,12,8,3,31,7,0.20930232558139536,0.27906976744186046,0.18604651162790697,0.06976744186046512,0.7209302325581395,0.16279069767441862,0.6190476190476191,0.047619047619047616,0.21428571428571427,0.11904761904761904,0,0,0,0,0,0
2019,00-0035297,44,11.409090909090908,14,9,17,15,12,6,0.3181818181818182,0.20454545454545456,0.38636363636363635,0.3409090909090909,0.2727272727272727,0.13636363636363635,0.5681818181818182,0,0.29545454545454547,0.13636363636363635,0,0,6.402999999999999,2.420682406867723,0,14.088652452278053
2019,00-0035298,26,17.884615384615383,13,4,10,3,13,2,0.5,0.15384615384615385,0.38461538461538464,0.11538461538461539,0.5,0.07692307692307693,0.5,0.038461538461538464,0.46153846153846156,0,0,0,0,0,0,0
2019,00-0035308,13,9.076923076923077,4,6,2,4,7,2,0.3076923076923077,0.46153846153846156,0.15384615384615385,0.3076923076923077,0.5384615384615384,0.15384615384615385,0.5384615384615384,0.07692307692307693,0.3076923076923077,0.07692307692307693,0,0,0,0,0,0
2019,00-0035311,12,0.16666666666666666,0,10,3,4,5,2,0,0.8333333333333334,0.25,0.3333333333333333,0.4166666666666667,0.16666666666666666,0.75,0.25,0,0,0,0,0,0,0,0
2019,00-0035342,31,1.4,1,25,8,7,15,6,0.03225806451612903,0.8064516129032258,0.25806451612903225,0.22580645161290322,0.4838709677419355,0.1935483870967742,0.7333333333333333,0.16666666666666666,0.06666666666666667,0.03333333333333333,0,0,0,0,0,0
2019,00-0035350,60,14.016666666666667,22,5,31,10,19,10,0.36666666666666664,0.08333333333333333,0.5166666666666667,0.16666666666666666,0.31666666666666665,0.16666666666666666,0.55,0,0.3333333333333333,0.11666666666666667,0,0,4.540338983050847,2.1255217109725186,0,16.167431830306494
2019,00-0035374,3,4,0,2,2,0,1,0,0,0.6666666666666666,0.6666666666666666,0,0.3333333333333333,0,1,0,0,0,0,0,0,0,0,0
2019,00-0035399,10,6.6,1,3,3,2,5,3,0.1,0.3,0.3,0.2,0.5,0.3,0.7,0,0,0.3,0,0,0,0,0,0
2019,00-0035401,16,11.1875,2,1,4,4,8,0,0.125,0.0625,0.25,0.25,0.5,0,0.8125,0,0.125,0.0625,0,0,0,0,0,0
2019,00-0035406,1,15,1,0,0,0,1,0,1,0,0,0,1,0,1,0,0,0,0,0,0,0,0,0
2019,00-0035414,2,37.5,2,0,0,1,1,0,1,0,0,0.5,0.5,0,0,0,1,0,0,0,0,0,0,0
2019,00-0035432,5,23.8,4,0,3,2,0,0,0.8,0,0.6,0.4,0,0,0.2,0,0.8,0,0,0,0,0,0,0
2019,00-0035489,2,-1,0,2,1,0,1,0,0,1,0.5,0,0.5,0,0.5,0.5,0,0,0,0,0,0,0,0
2019,00-0035510,2,24,1,0,1,0,1,0,0.5,0,0.5,0,0.5,0,1,0,0,0,0,0,0,0,0,0
2019,00-0035527,13,6.3076923076923075,3,5,8,3,2,1,0.23076923076923078,0.38461538461538464,0.6153846153846154,0.23076923076923078,0.15384615384615385,0.07692307692307693,0.6153846153846154,0.15384615384615385,0.15384615384615385,0.07692307692307693,0,0,0,0,0,0
2019,00-0035535,85,14.023809523809524,31,9,41,10,33,8,0.36470588235294116,0.10588235294117647,0.4823529411764706,0.11764705882352941,0.38823529411764707,0.09411764705882353,0.5952380952380952,0.03571428571428571,0.2857142857142857,0.08333333333333333,0,0,4.806666666666666,2.163035077518718,0,25.00543128502154
2019,00-0035537,31,1.967741935483871,2,25,10,10,11,1,0.06451612903225806,0.8064516129032258,0.3225806451612903,0.3225806451612903,0.3548387096774194,0.03225806451612903,0.7741935483870968,0.16129032258064516,0.06451612903225806,0,0,0,0,0,0,0
2019,00-0035539,3,1.3333333333333333,0,3,0,0,3,1,0,1,0,0,1,0.3333333333333333,1,0,0,0,0,0,0,0,0,0
2019,00-0035548,1,15,1,0,1,0,0,1,1,0,1,0,0,1,0,0,1,0,0,0,0,0,0,0
2019,00-0035553,1,3,0,1,1,0,0,0,0,1,1,0,0,0,1,0,0,0,0,0,0,0,0,0
2019,00-0035562,10,6.6,2,4,2,5,3,3,0.2,0.4,0.2,0.5,0.3,0.3,0.6,0.2,0.1,0.1,0,0,0,0,0,0
2019,00-0035588,1,-4,0,1,0,0,1,0,0,1,0,0,1,0,0,0,0,0,0,0,0,0,0,0
2019,00-0035590,7,8.857142857142858,1,1,1,3,3,0,0.14285714285714285,0.14285714285714285,0.14285714285714285,0.42857142857142855,0.42857142857142855,0,0.5714285714285714,0.14285714285714285,0.14285714285714285,0.14285714285714285,0,0,0,0,0,0
2019,00-0035592,3,22,1,0,0,1,2,0,0.3333333333333333,0,0,0.3333333333333333,0.6666666666666666,0,0.6666666666666666,0,0.3333333333333333,0,0,0,0,0,0,0
2019,00-0035594,13,-0.3076923076923077,0,12,4,2,7,1,0,0.9230769230769231,0.3076923076923077,0.15384615384615385,0.5384615384615384,0.07692307692307693,0.8461538461538461,0.15384615384615385,0,0,0,0,0,0,0,0
2019,00-0035596,1,-2,0,1,1,0,0,0,0,1,1,0,0,0,1,0,0,0,0,0,0,0,0,0
2019,00-0035597,1,11,0,0,0,0,1,1,0,0,0,0,1,1,1,0,0,0,0,0,0,0,0,0
2019,00-0035624,24,9.333333333333334,6,9,18,1,5,6,0.25,0.375,0.75,0.041666666666666664,0.20833333333333334,0.25,0.5,0.041666666666666664,0.375,0.08333333333333333,0,0,0,0,0,0
2019,00-0035628,7,4.857142857142857,1,5,3,2,2,0,0.14285714285714285,0.7142857142857143,0.42857142857142855,0.2857142857142857,0.2857142857142857,0,0.7142857142857143,0.2857142857142857,0,0,0,0,0,0,0,0
2019,00-0035631,6,7,1,4,1,2,3,0,0.16666666666666666,0.6666666666666666,0.16666666666666666,0.3333333333333333,0.5,0,0.8333333333333334,0,0.16666666666666666,0,0,0,0,0,0,0
2019,00-0035639,24,7.833333333333333,3,15,11,2,11,5,0.125,0.625,0.4583333333333333,0.08333333333333333,0.4583333333333333,0.20833333333333334,0.5,0.2916666666666667,0.125,0.08333333333333333,0,0,0,0,0,0
2019,00-0035640,102,12.93,33,18,74,11,15,20,0.3235294117647059,0.17647058823529413,0.7254901960784313,0.10784313725490197,0.14705882352941177,0.19607843137254902,0.37,0.09,0.41,0.13,0,0,4.9111,2.479791229742522,0,28.507197698784953
2019,00-0035644,66,7.621212121212121,13,28,21,19,26,9,0.19696969696969696,0.42424242424242425,0.3181818181818182,0.2878787878787879,0.3939393939393939,0.13636363636363635,0.6212121212121212,0.07575757575757576,0.30303030303030304,0,0,0,5.486999999999999,2.716180840428184,0,15.182711682460909
2019,00-0035645,4,6,1,2,2,1,1,0,0.25,0.5,0.5,0.25,0.25,0,0.75,0.25,0,0,0,0,0,0,0,0
2019,00-0035659,94,14.021505376344086,33,11,38,35,20,14,0.35106382978723405,0.11702127659574468,0.40425531914893614,0.3723404255319149,0.2127659574468085,0.14893617021276595,0.46236559139784944,0.03225806451612903,0.34408602150537637,0.16129032258064516,0,0,5.231739130434782,2.1118652327080616,0,37.09160415098488
2019,00-0035662,71,11.014084507042254,20,21,15,28,28,13,0.28169014084507044,0.29577464788732394,0.2112676056338028,0.39436619718309857,0.39436619718309857,0.18309859154929578,0.5211267605633803,0.056338028169014086,0.29577464788732394,0.1267605633802817,0,0,6.443968253968255,2.955510969260665,0,21.069691173942818
2019,00-0035664,6,0.5,0,5,3,2,1,0,0,0.8333333333333334,0.5,0.3333333333333333,0.16666666666666666,0,1,0,0,0,0,0,0,0,0,0
2019,00-0035665,1,4,0,1,0,1,0,0,0,1,0,1,0,0,0,0,0,0,0,0,0,0,0,0
2019,00-0035669,1,3,0,1,0,0,1,0,0,1,0,0,1,0,0,0,0,0,0,0,0,0,0,0
2019,00-0035671,1,13,0,0,0,1,0,1,0,0,0,1,0,1,0,0,1,0,0,0,0,0,0,0
2019,00-0035676,84,13.178571428571429,24,14,35,20,29,8,0.2857142857142857,0.16666666666666666,0.4166666666666667,0.23809523809523808,0.34523809523809523,0.09523809523809523,0.5833333333333334,0.047619047619047616,0.20238095238095238,0.16666666666666666,0,0,4.9575000000000005,2.1862734695694725,0,29.800043795658954
2019,00-0035685,35,2.6857142857142855,4,30,11,9,15,2,0.11428571428571428,0.8571428571428571,0.3142857142857143,0.2571428571428571,0.42857142857142855,0.05714285714285714,0.7142857142857143,0.14285714285714285,0.14285714285714285,0,0,0,0,0,0,0
2019,00-0035686,1,0,0,1,0,1,0,0,0,1,0,1,0,0,0,0,0,0,0,0,0,0,0,0
2019,00-0035689,50,9.1,14,16,16,13,21,6,0.28,0.32,0.32,0.26,0.42,0.12,0.58,0.02,0.32,0.08,0,0,4.45975,2.8445422268720857,0,10.5160033373571
2019,00-0035700,27,-1.2592592592592593,0,27,11,6,10,3,0,1,0.4074074074074074,0.2222222222222222,0.37037037037037035,0.1111111111111111,0.9629629629629629,0.037037037037037035,0,0,0,0,0,0,0,0
2019,00-0035703,22,17.181818181818183,9,1,10,7,5,4,0.4090909090909091,0.045454545454545456,0.45454545454545453,0.3181818181818182,0.22727272727272727,0.18181818181818182,0.5454545454545454,0,0.36363636363636365,0.09090909090909091,0,0,0,0,0,0
2019,00-0035719,82,7.382716049382716,15,31,26,24,31,18,0.18292682926829268,0.3780487804878049,0.3170731707317073,0.2926829268292683,0.3780487804878049,0.21951219512195122,0.5679012345679012,0.13580246913580246,0.13580246913580246,0.16049382716049382,0,0,5.771447368421053,3.1797196177612954,0,20.82698370993169
2019,00-0035726,2,3.5,0,2,0,0,2,0,0,1,0,0,1,0,1,0,0,0,0,0,0,0,0,0
2020,00-0022127,17,5.352941176470588,2,11,2,3,12,7,0.11764705882352941,0.6470588235294118,0.11764705882352941,0.17647058823529413,0.7058823529411765,0.4117647058823529,0.8235294117647058,0.11764705882352941,0.058823529411764705,0,0,0,0,0,0,0
2020,00-0022921,72,6,8,38,25,22,25,7,0.1111111111111111,0.5277777777777778,0.3472222222222222,0.3055555555555556,0.3472222222222222,0.09722222222222222,0.6944444444444444,0.1388888888888889,0.1111111111111111,0.05555555555555555,0,0,6.143000000000001,3.3120211133093282,0,9.857564100783703
2020,00-0023459,1,-4,0,1,0,0,1,0,0,1,0,0,1,0,0,0,0,0,0,0,0,0,0,0
2020,00-0023500,19,1.7894736842105263,0,17,6,7,6,2,0,0.8947368421052632,0.3157894736842105,0.3684210526315789,0.3157894736842105,0.10526315789473684,0.8947368421052632,0.05263157894736842,0.05263157894736842,0,0,0,0,0,0,0
2020,00-0023682,1,-4,0,1,0,1,0,0,0,1,0,1,0,0,0,0,0,0,0,0,0,0,0,0
2020,00-0024243,17,6.529411764705882,4,8,10,1,6,4,0.23529411764705882,0.47058823529411764,0.5882352941176471,0.058823529411764705,0.35294117647058826,0.23529411764705882,0.7058823529411765,0.11764705882352941,0.17647058823529413,0,0,0,0,0,0,0
2020,00-0025394,18,-0.3333333333333333,0,16,7,4,7,1,0,0.8888888888888888,0.3888888888888889,0.2222222222222222,0.3888888888888889,0.05555555555555555,0.9444444444444444,0,0.05555555555555555,0,0,0,0,0,0,0
2020,00-0025396,6,20.166666666666668,4,1,2,1,3,0,0.6666666666666666,0.16666666666666666,0.3333333333333333,0.16666666666666666,0.5,0,0.3333333333333333,0.16666666666666666,0.5,0,0,0,0,0,0,0
2020,00-0025418,37,7.8108108108108105,5,11,7,9,21,9,0.13513513513513514,0.2972972972972973,0.1891891891891892,0.24324324324324326,0.5675675675675675,0.24324324324324326,0.8648648648648649,0,0.13513513513513514,0,0,0,0,0,0,0
2020,00-0026035,69,8.08695652173913,16,28,23,22,24,6,0.2318840579710145,0.4057971014492754,0.3333333333333333,0.3188405797101449,0.34782608695652173,0.08695652173913043,0.7101449275362319,0.14492753623188406,0.13043478260869565,0.014492753623188406,0,0,6.6728125,3.4342340432477467,0,11.518752977740073
2020,00-0026189,26,16.615384615384617,11,4,13,3,10,2,0.4230769230769231,0.15384615384615385,0.5,0.11538461538461539,0.38461538461538464,0.07692307692307693,0.6153846153846154,0.07692307692307693,0.2692307692307692,0.038461538461538464,0,0,0,0,0,0
2020,00-0026498,1,15,1,0,1,0,0,1,1,0,1,0,0,1,1,0,0,0,0,0,0,0,0,0
2020,00-0027029,19,1,1,16,7,5,7,4,0.05263157894736842,0.8421052631578947,0.3684210526315789,0.2631578947368421,0.3684210526315789,0.21052631578947367,0.7894736842105263,0.21052631578947367,0,0,0,0,0,0,0,0
2020,00-0027061,60,11.45,19,7,16,22,22,15,0.31666666666666665,0.11666666666666667,0.26666666666666666,0.36666666666666664,0.36666666666666664,0.25,0.6,0,0.3,0.1,0,0,6.297551020408163,2.2008466815976386,0,21.528958664619967
2020,00-0027150,39,10.282051282051283,8,12,12,17,10,4,0.20512820512820512,0.3076923076923077,0.3076923076923077,0.4358974358974359,0.2564102564102564,0.10256410256410256,0.7692307692307693,0.02564102564102564,0.1282051282051282,0.07692307692307693,0,0,0,0,0,0
2020,00-0027656,77,10.974025974025974,26,25,23,23,31,17,0.33766233766233766,0.3246753246753247,0.2987012987012987,0.2987012987012987,0.4025974025974026,0.22077922077922077,0.5584415584415584,0.07792207792207792,0.3246753246753247,0.03896103896103896,0,0,5.002884615384615,2.710043002883795,0,15.827984251827901
2020,00-0027685,82,8.817073170731707,21,32,24,18,40,13,0.25609756097560976,0.3902439024390244,0.2926829268292683,0.21951219512195122,0.4878048780487805,0.15853658536585366,0.7073170731707317,0.036585365853658534,0.1951219512195122,0.06097560975609756,0,0,6.559506172839505,3.1250955253671084,0,23.495690592838393
2020,00-0027691,5,9.6,2,1,3,1,1,1,0.4,0.2,0.6,0.2,0.2,0.2,1,0,0,0,0,0,0,0,0,0
2020,00-0027696,76,6.828947368421052,12,31,22,15,39,20,0.15789473684210525,0.40789473684210525,0.2894736842105263,0.19736842105263158,0.5131578947368421,0.2631578947368421,0.6842105263157895,0,0.2236842105263158,0.09210526315789473,0,0,5.75904761904762,3.0378179744800202,0,11.474137802749594
2020,00-0027793,62,8.85483870967742,11,25,21,11,30,6,0.1774193548387097,0.4032258064516129,0.3387096774193548,0.1774193548387097,0.4838709677419355,0.0967741935483871,0.43548387096774194,0.24193548387096775,0.20967741935483872,0.11290322580645161,0,0,6.250163934426229,3.2126297136176634,0,9.697981484291995
2020,00-0027891,52,8.923076923076923,9,16,13,19,20,5,0.17307692307692307,0.3076923076923077,0.25,0.36538461538461536,0.38461538461538464,0.09615384615384616,0.6346153846153846,0.07692307692307693,0.15384615384615385,0.1346153846153846,0,0,6.578958333333335,2.1363611776062816,0,12.067689701101795
2020,00-0027902,11,4.7272727272727275,1,6,6,3,2,2,0.09090909090909091,0.5454545454545454,0.5454545454545454,0.2727272727272727,0.18181818181818182,0.18181818181818182,0.45454545454545453,0.2727272727272727,0.18181818181818182,0.09090909090909091,0,0,0,0,0,0
2020,00-0027939,2,8.5,0,1,0,0,2,1,0,0.5,0,0,1,0.5,1,0,0,0,0,0,0,0,0,0
2020,00-0027942,104,13.721153846153847,40,14,31,28,45,9,0.38461538461538464,0.1346153846153846,0.2980769230769231,0.2692307692307692,0.4326923076923077,0.08653846153846154,0.38461538461538464,0.009615384615384616,0.41346153846153844,0.19230769230769232,0,0,5.259117647058823,1.7240434676516958,0,30.328663318354053
2020,00-0027944,68,11.235294117647058,21,17,25,17,26,10,0.3088235294117647,0.25,0.36764705882352944,0.25,0.38235294117647056,0.14705882352941177,0.6029411764705882,0.04411764705882353,0.25,0.10294117647058823,0,0,6.172769230769231,2.7329357101143965,0,14.58130419289702
2020,00-0027966,8,1.5,1,7,2,4,2,2,0.125,0.875,0.25,0.5,0.25,0.25,0.875,0.125,0,0,0,0,0,0,0,0
2020,00-0027973,1,-7,0,1,0,0,1,0,0,1,0,0,1,0,0,0,0,0,0,0,0,0,0,0
2020,00-0027981,38,7.054054054054054,6,12,11,17,9,6,0.15789473684210525,0.3157894736842105,0.2894736842105263,0.4473684210526316,0.23684210526315788,0.15789473684210525,0.8918918918918919,0,0.10810810810810811,0,0,0,0,0,0,0
2020,00-0028002,50,6.729166666666667,6,24,15,17,16,9,0.12,0.48,0.3,0.34,0.32,0.18,0.625,0.08333333333333333,0.16666666666666666,0.125,0,0,6.458292682926828,2.8636152896080707,0,7.098751033736936
2020,00-0028042,11,1.9090909090909092,0,9,2,3,6,1,0,0.8181818181818182,0.18181818181818182,0.2727272727272727,0.5454545454545454,0.09090909090909091,0.9090909090909091,0.09090909090909091,0,0,0,0,0,0,0,0
2020,00-0028063,2,22,2,0,0,0,2,0,1,0,0,0,1,0,0,0,1,0,0,0,0,0,0,0
2020,00-0028074,2,4,0,1,0,1,1,1,0,0.5,0,0.5,0.5,0.5,0.5,0.5,0,0,0,0,0,0,0,0
2020,00-0028087,31,2.3,1,23,12,8,10,6,0.03225806451612903,0.7419354838709677,0.3870967741935484,0.25806451612903225,0.3225806451612903,0.1935483870967742,0.8666666666666667,0.06666666666666667,0.06666666666666667,0,0,0,0,0,0,0
2020,00-0028097,6,3.6666666666666665,0,4,1,2,3,3,0,0.6666666666666666,0.16666666666666666,0.3333333333333333,0.5,0.5,0.8333333333333334,0,0.16666666666666666,0,0,0,0,0,0,0
2020,00-0028142,6,11.833333333333334,3,1,4,2,0,0,0.5,0.16666666666666666,0.6666666666666666,0.3333333333333333,0,0,0.3333333333333333,0.16666666666666666,0.3333333333333333,0.16666666666666666,0,0,0,0,0,0
2020,00-0028149,2,-1.5,0,2,1,0,1,0,0,1,0.5,0,0.5,0,0.5,0.5,0,0,0,0,0,0,0,0
2020,00-0028237,26,9.961538461538462,9,7,15,0,11,4,0.34615384615384615,0.2692307692307692,0.5769230769230769,0,0.4230769230769231,0.15384615384615385,0.6153846153846154,0.07692307692307693,0.23076923076923078,0.07692307692307693,0,0,0,0,0,0
2020,00-0028292,1,3,0,1,0,1,0,0,0,1,0,1,0,0,1,0,0,0,0,0,0,0,0,0
2020,00-0028411,29,8.555555555555555,6,9,5,9,13,3,0.20689655172413793,0.3103448275862069,0.1724137931034483,0.3103448275862069,0.4482758620689655,0.10344827586206896,0.6071428571428571,0.07142857142857142,0.21428571428571427,0.10714285714285714,0,0,0,0,0,0
2020,00-0029000,108,7.775700934579439,19,41,45,33,29,11,0.17592592592592593,0.37962962962962965,0.4166666666666667,0.3055555555555556,0.26851851851851855,0.10185185185185185,0.7102803738317757,0.09345794392523364,0.11214953271028037,0.08411214953271028,0,0,6.186881720430107,3.51071433150835,0,16.62155497247923
2020,00-0029119,1,-4,0,1,1,0,0,0,0,1,1,0,0,0,1,0,0,0,0,0,0,0,0,0
2020,00-0029137,13,14.461538461538462,8,0,5,2,6,2,0.6153846153846154,0,0.38461538461538464,0.15384615384615385,0.46153846153846156,0.15384615384615385,0.5384615384615384,0,0.38461538461538464,0.07692307692307693,0,0,0,0,0,0
2020,00-0029141,4,1,0,4,1,1,2,1,0,1,0.25,0.25,0.5,0.25,1,0,0,0,0,0,0,0,0,0
2020,00-0029293,116,12.704347826086957,43,29,38,34,43,15,0.3706896551724138,0.25,0.3275862068965517,0.29310344827586204,0.3706896551724138,0.12931034482758622,0.6086956521739131,0.043478260869565216,0.2956521739130435,0.05217391304347826,0,0,6.661071428571428,2.5339970249728228,0,29.745638176185725
2020,00-0029528,1,3,0,1,0,1,0,0,0,1,0,1,0,0,0,0,0,0,0,0,0,0,0,0
2020,00-0029608,94,12.53763440860215,33,17,41,12,40,11,0.35106382978723405,0.18085106382978725,0.43617021276595747,0.1276595744680851,0.425531914893617,0.11702127659574468,0.6774193548387096,0.06451612903225806,0.22580645161290322,0.03225806451612903,0,0,5.206666666666667,2.460379168662627,0,29.62521337483683
2020,00-0029615,2,1,0,2,1,0,1,0,0,1,0.5,0,0.5,0,1,0,0,0,0,0,0,0,0,0
2020,00-0029627,1,0,0,0,0,0,0,1,0,0,0,0,0,1,0,0,0,0,0,0,0,0,0,0
2020,00-0029632,25,12.041666666666666,5,2,4,11,9,3,0.2,0.08,0.16,0.44,0.36,0.12,0.625,0,0.125,0.25,0,0,0,0,0,0
2020,00-0029701,1,0,0,1,0,1,0,0,0,1,0,1,0,0,0,0,0,0,0,0,0,0,0,0
2020,00-0029738,28,7.107142857142857,3,11,8,8,12,4,0.10714285714285714,0.39285714285714285,0.2857142857142857,0.2857142857142857,0.42857142857142855,0.14285714285714285,0.7857142857142857,0,0.21428571428571427,0,0,0,0,0,0,0
2020,00-0029892,29,6.482758620689655,6,18,10,7,12,9,0.20689655172413793,0.6206896551724138,0.3448275862068966,0.2413793103448276,0.41379310344827586,0.3103448275862069,0.7241379310344828,0.06896551724137931,0.20689655172413793,0,0,0,0,0,0,0
2020,00-0030035,110,11.472222222222221,35,28,33,15,60,22,0.3181818181818182,0.2545454545454545,0.3,0.13636363636363635,0.5454545454545454,0.2,0.6111111111111112,0.046296296296296294,0.2777777777777778,0.06481481481481481,0,0,6.159423076923077,2.668449227231602,0,32.469092981195644
2020,00-0030061,73,7.444444444444445,7,25,15,27,30,8,0.0958904109589041,0.3424657534246575,0.2054794520547945,0.3698630136986301,0.410958904109589,0.1095890410958904,0.7777777777777778,0.027777777777777776,0.08333333333333333,0.1111111111111111,0,0,5.858305084745762,2.967404200894425,0,10.144295933373524
2020,00-0030085,19,12.526315789473685,8,2,8,4,7,1,0.42105263157894735,0.10526315789473684,0.42105263157894735,0.21052631578947367,0.3684210526315789,0.05263157894736842,0.5789473684210527,0.05263157894736842,0.21052631578947367,0.15789473684210525,0,0,0,0,0,0
2020,00-0030089,3,4.333333333333333,0,2,0,2,1,1,0,0.6666666666666666,0,0.6666666666666666,0.3333333333333333,0.3333333333333333,0.3333333333333333,0,0.3333333333333333,0.3333333333333333,0,0,0,0,0,0
2020,00-0030107,6,1.6666666666666667,0,4,2,2,2,1,0,0.6666666666666666,0.3333333333333333,0.3333333333333333,0.3333333333333333,0.16666666666666666,0.8333333333333334,0,0,0.16666666666666666,0,0,0,0,0,0
2020,00-0030108,12,5.25,1,8,5,1,6,0,0.08333333333333333,0.6666666666666666,0.4166666666666667,0.08333333333333333,0.5,0,1,0,0,0,0,0,0,0,0,0
2020,00-0030155,14,6.571428571428571,1,6,4,3,7,3,0.07142857142857142,0.42857142857142855,0.2857142857142857,0.21428571428571427,0.5,0.21428571428571427,0.6428571428571429,0.14285714285714285,0.07142857142857142,0.14285714285714285,0,0,0,0,0,0
2020,00-0030181,33,6.9393939393939394,3,14,10,12,11,8,0.09090909090909091,0.42424242424242425,0.30303030303030304,0.36363636363636365,0.3333333333333333,0.24242424242424243,0.7575757575757576,0.030303030303030304,0.18181818181818182,0.030303030303030304,0,0,0,0,0,0
2020,00-0030216,10,4.5,1,7,0,2,8,1,0.1,0.7,0,0.2,0.8,0.1,0.5,0.2,0.1,0.2,0,0,0,0,0,0
2020,00-0030279,149,7.156462585034014,21,57,48,30,69,19,0.14093959731543623,0.3825503355704698,0.3221476510067114,0.20134228187919462,0.46308724832214765,0.12751677852348994,0.5918367346938775,0.1360544217687075,0.1360544217687075,0.1360544217687075,0,0,5.726766917293234,2.9445020194984743,0,22.626470563216138
2020,00-0030288,33,0.9393939393939394,2,28,12,7,14,6,0.06060606060606061,0.8484848484848485,0.36363636363636365,0.21212121212121213,0.42424242424242425,0.18181818181818182,0.5454545454545454,0.36363636363636365,0.09090909090909091,0,0,0,0,0,0,0
2020,00-0030404,23,2.782608695652174,0,17,7,3,13,4,0,0.7391304347826086,0.30434782608695654,0.13043478260869565,0.5652173913043478,0.17391304347826086,0.782608695652174,0.17391304347826086,0.043478260869565216,0,0,0,0,0,0,0
2020,00-0030431,129,6.961240310077519,24,61,52,15,62,11,0.18604651162790697,0.4728682170542636,0.40310077519379844,0.11627906976744186,0.4806201550387597,0.08527131782945736,0.6666666666666666,0.17054263565891473,0.14728682170542637,0.015503875968992248,0,0,6.900932203389831,3.4120911201123416,0,23.93202941931967
2020,00-0030443,6,4.333333333333333,0,2,1,1,4,0,0,0.3333333333333333,0.16666666666666666,0.16666666666666666,0.6666666666666666,0,1,0,0,0,0,0,0,0,0,0
2020,00-0030456,59,1.305084745762712,2,50,18,6,35,11,0.03389830508474576,0.847457627118644,0.3050847457627119,0.1016949152542373,0.5932203389830508,0.1864406779661017,0.7457627118644068,0.1864406779661017,0.03389830508474576,0.03389830508474576,0,0,0,0,0,0
2020,00-0030465,1,3,0,1,0,0,1,0,0,1,0,0,1,0,1,0,0,0,0,0,0,0,0,0
2020,00-0030470,20,1.85,0,15,8,6,6,2,0,0.75,0.4,0.3,0.3,0.1,0.85,0.15,0,0,0,0,0,0,0,0
2020,00-0030472,46,8.043478260869565,5,18,14,21,11,8,0.10869565217391304,0.391304347826087,0.30434782608695654,0.45652173913043476,0.2391304347826087,0.17391304347826086,0.6956521739130435,0,0.13043478260869565,0.17391304347826086,0,0,5.539069767441862,2.0924867505134954,0,10.330382275613053
2020,00-0030496,20,0.5,1,17,12,1,7,5,0.05,0.85,0.6,0.05,0.35,0.25,0.65,0.3,0.05,0,0,0,0,0,0,0
2020,00-0030506,146,8.572413793103449,26,36,47,42,56,22,0.1780821917808219,0.2465753424657534,0.3219178082191781,0.2876712328767123,0.3835616438356164,0.1506849315068493,0.7103448275862069,0.04827586206896552,0.15862068965517243,0.08275862068965517,0,0,5.3516935483870975,3.0274271475446954,0,25.279539502270193
2020,00-0030513,26,-0.9615384615384616,0,26,12,7,7,5,0,1,0.46153846153846156,0.2692307692307692,0.2692307692307692,0.19230769230769232,0.8461538461538461,0.15384615384615385,0,0,0,0,0,0,0,0
2020,00-0030525,5,-4.4,0,5,3,0,2,1,0,1,0.6,0,0.4,0.2,0.8,0.2,0,0,0,0,0,0,0,0
2020,00-0030549,60,8.383333333333333,14,21,18,21,21,11,0.23333333333333334,0.35,0.3,0.35,0.35,0.18333333333333332,0.7166666666666667,0,0.23333333333333334,0.05,0,0,6.290975609756098,2.4778503514365395,0,10.641193742038844
2020,00-0030564,161,8.95,32,57,122,25,13,19,0.19875776397515527,0.35403726708074534,0.7577639751552795,0.15527950310559005,0.08074534161490683,0.11801242236024845,0.5875,0.1375,0.1625,0.1125,0,0,6.30496855345912,3.142846883761298,0,33.2071916936309
2020,00-0030578,25,3.6,2,15,12,5,8,3,0.08,0.6,0.48,0.2,0.32,0.12,0.64,0.12,0.08,0.16,0,0,0,0,0,0
2020,00-0030584,1,1,0,1,1,0,0,1,0,1,1,0,0,1,0,0,0,0,0,0,0,0,0,0
2020,00-0030663,48,8.916666666666666,9,14,9,27,12,8,0.1875,0.2916666666666667,0.1875,0.5625,0.25,0.16666666666666666,0.6458333333333334,0,0.16666666666666666,0.1875,0,0,6.159512195121951,3.2268457660593928,0,11.849364013148488
2020,00-0030670,6,7.833333333333333,1,1,3,2,1,0,0.16666666666666666,0.16666666666666666,0.5,0.3333333333333333,0.16666666666666666,0,1,0,0,0,0,0,0,0,0,0
2020,00-0030710,47,7.25531914893617,7,16,14,18,15,9,0.14893617021276595,0.3404255319148936,0.2978723404255319,0.3829787234042553,0.3191489361702128,0.19148936170212766,0.8297872340425532,0,0.1276595744680851,0.0425531914893617,0,0,6.222926829268293,3.253626961260987,0,8.859072196003615
2020,00-0030968,15,1.8666666666666667,0,14,7,0,8,1,0,0.9333333333333333,0.4666666666666667,0,0.5333333333333333,0.06666666666666667,0.9333333333333333,0.06666666666666667,0,0,0,0,0,0,0,0
2020,00-0031045,20,2.35,1,16,12,2,6,0,0.05,0.8,0.6,0.1,0.3,0,0.9,0.1,0,0,0,0,0,0,0,0
2020,00-0031051,52,12.365384615384615,13,20,26,7,19,8,0.25,0.38461538461538464,0.5,0.1346153846153846,0.36538461538461536,0.15384615384615385,0.5576923076923077,0.11538461538461539,0.28846153846153844,0.038461538461538464,0,0,4.743076923076924,3.26218547868259,0,13.176034248061711
2020,00-0031062,62,-0.6451612903225806,0,55,35,10,17,6,0,0.8870967741935484,0.5645161290322581,0.16129032258064516,0.27419354838709675,0.0967741935483871,0.7741935483870968,0.1935483870967742,0,0.03225806451612903,0,0,0,0,0,0
2020,00-0031166,6,7.333333333333333,2,3,3,1,2,0,0.3333333333333333,0.5,0.5,0.16666666666666666,0.3333333333333333,0,0.8333333333333334,0.16666666666666666,0,0,0,0,0,0,0,0
2020,00-0031235,43,13.581395348837209,15,10,9,14,20,6,0.3488372093023256,0.23255813953488372,0.20930232558139536,0.32558139534883723,0.46511627906976744,0.13953488372093023,0.5581395348837209,0.023255813953488372,0.3023255813953488,0.11627906976744186,0,0,5.22560975609756,2.6416206247963983,0,14.59152124927947
2020,00-0031236,119,11.831932773109244,35,20,40,34,45,11,0.29411764705882354,0.16806722689075632,0.33613445378151263,0.2857142857142857,0.37815126050420167,0.09243697478991597,0.6638655462184874,0.04201680672268908,0.226890756302521,0.06722689075630252,0,0,6.692454545454546,2.982509150031544,0,30.350092241141684
2020,00-0031260,111,7,17,53,25,36,48,18,0.15315315315315314,0.4774774774774775,0.22522522522522523,0.32432432432432434,0.43243243243243246,0.16216216216216217,0.8363636363636363,0.02727272727272727,0.12727272727272726,0.00909090909090909,0,0,5.768918918918919,2.9025726389213498,0,22.241858606932606
2020,00-0031273,34,8.558823529411764,5,7,8,12,14,4,0.14705882352941177,0.20588235294117646,0.23529411764705882,0.35294117647058826,0.4117647058823529,0.11764705882352941,0.7941176470588235,0,0.14705882352941177,0.058823529411764705,0,0,0,0,0,0
2020,00-0031285,10,-1.4,0,10,4,2,4,3,0,1,0.4,0.2,0.4,0.3,0.8,0.2,0,0,0,0,0,0,0,0
2020,00-0031319,6,5.5,1,3,3,1,2,0,0.16666666666666666,0.5,0.5,0.16666666666666666,0.3333333333333333,0,0.8333333333333334,0.16666666666666666,0,0,0,0,0,0,0,0
2020,00-0031325,55,8.054545454545455,8,18,22,15,18,9,0.14545454545454545,0.32727272727272727,0.4,0.2727272727272727,0.32727272727272727,0.16363636363636364,0.7818181818181819,0.01818181818181818,0.09090909090909091,0.10909090909090909,0,0,5.48,3.6185620963211145,0,8.853778417357958
2020,00-0031339,2,2.5,0,2,1,1,0,0,0,1,0.5,0.5,0,0,1,0,0,0,0,0,0,0,0,0
2020,00-0031357,1,9,0,0,1,0,0,0,0,0,1,0,0,0,0,0,0,0,0,0,0,0,0,0
2020,00-0031376,47,3.391304347826087,3,34,24,6,16,7,0.06382978723404255,0.723404255319149,0.5106382978723404,0.1276595744680851,0.3404255319148936,0.14893617021276595,0.7391304347826086,0.13043478260869565,0.06521739130434782,0.06521739130434782,0,0,0,0,0,0
2020,00-0031381,149,8.926174496644295,31,59,59,33,57,28,0.2080536912751678,0.3959731543624161,0.3959731543624161,0.2214765100671141,0.3825503355704698,0.18791946308724833,0.5369127516778524,0.18120805369127516,0.18120805369127516,0.10067114093959731,0,0,4.977142857142858,3.166504884077351,0,33.466065540543894
2020,00-0031382,101,8.178217821782178,19,36,35,23,43,16,0.18811881188118812,0.3564356435643564,0.3465346534653465,0.22772277227722773,0.42574257425742573,0.15841584158415842,0.7227722772277227,0.039603960396039604,0.16831683168316833,0.06930693069306931,0,0,6.269239130434783,3.2089577951429136,0,21.146141496715313
2020,00-0031384,32,9.838709677419354,7,9,5,8,18,4,0.21875,0.28125,0.15625,0.25,0.5625,0.125,0.6774193548387096,0,0.3225806451612903,0,0,0,0,0,0,0
2020,00-0031387,92,7.230769230769231,15,42,35,36,20,20,0.16304347826086957,0.45652173913043476,0.3804347826086957,0.391304347826087,0.21739130434782608,0.21739130434782608,0.6813186813186813,0.01098901098901099,0.23076923076923078,0.07692307692307693,0,0,6.495735294117647,2.9960424945381092,0,14.619355654354289
2020,00-0031408,111,12.110091743119266,35,28,58,16,35,21,0.3153153153153153,0.25225225225225223,0.5225225225225225,0.14414414414414414,0.3153153153153153,0.1891891891891892,0.5045871559633027,0.06422018348623854,0.3577981651376147,0.07339449541284404,0,0,5.217102803738319,2.8136680383904884,0,24.843544945675937
2020,00-0031428,151,9.602649006622517,38,44,45,48,58,19,0.25165562913907286,0.2913907284768212,0.2980132450331126,0.31788079470198677,0.3841059602649007,0.12582781456953643,0.4900662251655629,0.039735099337748346,0.271523178807947,0.1986754966887417,0,0,5.600753424657534,2.3076742021028633,0,30.49573020236098
2020,00-0031484,8,4,0,4,3,1,4,0,0,0.5,0.375,0.125,0.5,0,0.875,0.125,0,0,0,0,0,0,0,0
2020,00-0031544,130,8.807692307692308,21,42,44,25,61,16,0.16153846153846155,0.3230769230769231,0.3384615384615385,0.19230769230769232,0.46923076923076923,0.12307692307692308,0.6230769230769231,0.023076923076923078,0.19230769230769232,0.16153846153846155,0,0,6.5578125,2.5315409526690544,0,25.37714501225721
2020,00-0031547,104,9.805825242718447,24,21,49,20,34,15,0.23076923076923078,0.20192307692307693,0.47115384615384615,0.19230769230769232,0.3269230769230769,0.14423076923076922,0.5339805825242718,0.019417475728155338,0.2524271844660194,0.1941747572815534,0,0,4.826504854368933,1.7382519083106531,0,25.003294706818163
2020,00-0031549,82,15.475609756097562,37,16,36,24,22,13,0.45121951219512196,0.1951219512195122,0.43902439024390244,0.2926829268292683,0.2682926829268293,0.15853658536585366,0.5487804878048781,0.012195121951219513,0.4024390243902439,0.036585365853658534,0,0,5.183461538461539,2.439920333974401,0,28.974858051067066
2020,00-0031558,10,3.8,1,7,6,0,4,3,0.1,0.7,0.6,0,0.4,0.3,1,0,0,0,0,0,0,0,0,0
2020,00-0031585,8,8.375,2,3,3,2,3,2,0.25,0.375,0.375,0.25,0.375,0.25,0.5,0.125,0.25,0.125,0,0,0,0,0,0
2020,00-0031588,166,10.08433734939759,38,51,62,25,79,16,0.2289156626506024,0.3072289156626506,0.37349397590361444,0.15060240963855423,0.4759036144578313,0.0963855421686747,0.7168674698795181,0.05421686746987952,0.15060240963855423,0.0783132530120482,0,0,5.470379746835444,2.9518911362621414,0,33.542188640533446
2020,00-0031595,4,1.5,0,4,1,2,1,1,0,1,0.25,0.5,0.25,0.25,1,0,0,0,0,0,0,0,0,0
2020,00-0031598,17,5.470588235294118,1,7,1,9,7,3,0.058823529411764705,0.4117647058823529,0.058823529411764705,0.5294117647058824,0.4117647058823529,0.17647058823529413,0.8823529411764706,0,0.11764705882352941,0,0,0,0,0,0,0
2020,00-0031610,146,7.779310344827586,27,62,52,33,60,24,0.18493150684931506,0.4246575342465753,0.3561643835616438,0.22602739726027396,0.410958904109589,0.1643835616438356,0.6896551724137931,0.05517241379310345,0.1793103448275862,0.07586206896551724,0,0,5.777477477477478,2.953782115922538,0,26.332131710182317
2020,00-0031687,19,1.0526315789473684,0,13,4,5,10,0,0,0.6842105263157895,0.21052631578947367,0.2631578947368421,0.5263157894736842,0,0.7894736842105263,0.10526315789473684,0.10526315789473684,0,0,0,0,0,0,0
2020,00-0031690,1,34,1,0,0,1,0,0,1,0,0,1,0,0,0,0,1,0,0,0,0,0,0,0
2020,00-0031763,2,8,0,1,0,2,0,1,0,0.5,0,1,0,0.5,0.5,0,0,0.5,0,0,0,0,0,0
2020,00-0031787,1,22,1,0,0,1,0,0,1,0,0,1,0,0,0,0,1,0,0,0,0,0,0,0
2020,00-0031806,33,-0.15151515151515152,0,30,14,7,12,4,0,0.9090909090909091,0.42424242424242425,0.21212121212121213,0.36363636363636365,0.12121212121212122,0.6060606060606061,0.3333333333333333,0.030303030303030304,0.030303030303030304,0,0,0,0,0,0
2020,00-0031868,77,11.454545454545455,26,17,41,17,19,2,0.33766233766233766,0.22077922077922077,0.5324675324675324,0.22077922077922077,0.24675324675324675,0.025974025974025976,0.6103896103896104,0.1038961038961039,0.16883116883116883,0.11688311688311688,0,0,5.806184210526317,2.981461597646663,0,30.98541347717313
2020,00-0031921,1,1,0,1,1,0,0,1,0,1,1,0,0,1,0,0,0,0,0,0,0,0,0,0
2020,00-0031941,89,7.561797752808989,15,36,27,24,38,10,0.16853932584269662,0.4044943820224719,0.30337078651685395,0.2696629213483146,0.42696629213483145,0.11235955056179775,0.7528089887640449,0.07865168539325842,0.07865168539325842,0.0898876404494382,0,0,6.0845,3.2318027797125466,0,16.537722597642848
2020,00-0031951,39,7.2105263157894735,6,16,8,13,17,3,0.15384615384615385,0.41025641025641024,0.20512820512820512,0.3333333333333333,0.4358974358974359,0.07692307692307693,0.8157894736842105,0.02631578947368421,0.13157894736842105,0.02631578947368421,0,0,0,0,0,0
2020,00-0032009,35,9.571428571428571,7,5,18,7,10,6,0.2,0.14285714285714285,0.5142857142857142,0.2,0.2857142857142857,0.17142857142857143,0.7142857142857143,0.05714285714285714,0.14285714285714285,0.08571428571428572,0,0,0,0,0,0
2020,00-0032054,60,15.1,27,11,23,9,28,6,0.45,0.18333333333333332,0.38333333333333336,0.15,0.4666666666666667,0.1,0.5333333333333333,0.08333333333333333,0.3333333333333333,0.05,0,0,5.930833333333333,2.620778233718892,0,22.987058033441006
2020,00-0032058,5,2.6,1,3,1,1,3,2,0.2,0.6,0.2,0.2,0.6,0.4,0.8,0,0.2,0,0,0,0,0,0,0
2020,00-0032062,15,5.133333333333334,2,9,9,3,3,3,0.13333333333333333,0.6,0.6,0.2,0.2,0.2,0.7333333333333333,0.13333333333333333,0.13333333333333333,0,0,0,0,0,0,0
2020,00-0032063,70,-0.5571428571428572,0,66,32,11,27,11,0,0.9428571428571428,0.45714285714285713,0.15714285714285714,0.38571428571428573,0.15714285714285714,0.7285714285714285,0.2571428571428571,0.014285714285714285,0,0,0,0,0,0,0
2020,00-0032098,2,5,0,1,0,1,1,0,0,0.5,0,0.5,0.5,0,0.5,0,0,0.5,0,0,0,0,0,0
2020,00-0032104,9,-0.5555555555555556,0,9,5,2,2,3,0,1,0.5555555555555556,0.2222222222222222,0.2222222222222222,0.3333333333333333,0.6666666666666666,0.2222222222222222,0,0.1111111111111111,0,0,0,0,0,0
2020,00-0032128,63,10.34920634920635,14,19,22,9,32,6,0.2222222222222222,0.30158730158730157,0.3492063492063492,0.14285714285714285,0.5079365079365079,0.09523809523809523,0.6666666666666666,0.031746031746031744,0.20634920634920634,0.09523809523809523,0,0,5.675862068965516,2.7858465805720543,0,14.164985256928414
2020,00-0032134,11,8.545454545454545,2,3,4,3,4,2,0.18181818181818182,0.2727272727272727,0.36363636363636365,0.2727272727272727,0.36363636363636365,0.18181818181818182,0.7272727272727273,0,0.2727272727272727,0,0,0,0,0,0,0
2020,00-0032135,22,5.363636363636363,3,15,5,2,15,7,0.13636363636363635,0.6818181818181818,0.22727272727272727,0.09090909090909091,0.6818181818181818,0.3181818181818182,0.6818181818181818,0.09090909090909091,0.18181818181818182,0.045454545454545456,0,0,0,0,0,0
2020,00-0032141,12,6.583333333333333,3,5,3,3,6,3,0.25,0.4166666666666667,0.25,0.25,0.5,0.25,0.8181818181818182,0,0.18181818181818182,0,0,0,0,0,0,0
2020,00-0032144,44,0.20454545454545456,1,39,17,6,21,4,0.022727272727272728,0.8863636363636364,0.38636363636363635,0.13636363636363635,0.4772727272727273,0.09090909090909091,0.8636363636363636,0.09090909090909091,0.045454545454545456,0,0,0,0,0,0,0
2020,00-0032187,46,3.652173913043478,5,34,20,9,17,14,0.10869565217391304,0.7391304347826086,0.43478260869565216,0.1956521739130435,0.3695652173913043,0.30434782608695654,0.7608695652173914,0.15217391304347827,0.043478260869565216,0.043478260869565216,0,0,0,0,0,0
2020,00-0032200,6,1.6666666666666667,0,5,3,1,2,1,0,0.8333333333333334,0.5,0.16666666666666666,0.3333333333333333,0.16666666666666666,0.8333333333333334,0.16666666666666666,0,0,0,0,0,0,0,0
2020,00-0032209,4,3.5,1,3,1,1,2,0,0.25,0.75,0.25,0.25,0.5,0,0.5,0.25,0.25,0,0,0,0,0,0,0
2020,00-0032211,132,9.734848484848484,27,47,51,30,51,16,0.20454545454545456,0.3560606060606061,0.38636363636363635,0.22727272727272727,0.38636363636363635,0.12121212121212122,0.7727272727272727,0.045454545454545456,0.16666666666666666,0.015151515151515152,0,0,6.205583333333335,3.3953803506450804,0,28.605030441251948
2020,00-0032214,16,7.5625,2,9,4,5,7,5,0.125,0.5625,0.25,0.3125,0.4375,0.3125,0.875,0,0.125,0,0,0,0,0,0,0
2020,00-0032241,35,1.457142857142857,2,31,12,12,11,0,0.05714285714285714,0.8857142857142857,0.34285714285714286,0.34285714285714286,0.3142857142857143,0,0.8571428571428571,0.11428571428571428,0.02857142857142857,0,0,0,0,0,0,0
2020,00-0032257,35,1.9142857142857144,2,26,21,5,9,8,0.05714285714285714,0.7428571428571429,0.6,0.14285714285714285,0.2571428571428571,0.22857142857142856,0.7142857142857143,0.2,0.02857142857142857,0.05714285714285714,0,0,0,0,0,0
2020,00-0032385,92,8.28888888888889,19,32,20,27,43,13,0.20652173913043478,0.34782608695652173,0.21739130434782608,0.29347826086956524,0.4673913043478261,0.14130434782608695,0.7333333333333333,0.011111111111111112,0.13333333333333333,0.12222222222222222,0,0,6.4868539325842685,3.026044201664412,0,18.739697784672853
2020,00-0032392,70,6.514285714285714,8,28,41,15,14,9,0.11428571428571428,0.4,0.5857142857142857,0.21428571428571427,0.2,0.12857142857142856,0.7285714285714285,0.08571428571428572,0.15714285714285714,0.02857142857142857,0,0,5.33,3.0453617778674453,0,11.76677957058401
2020,00-0032393,5,-1.6,0,5,3,0,2,1,0,1,0.6,0,0.4,0.2,1,0,0,0,0,0,0,0,0,0
2020,00-0032394,22,4.428571428571429,2,13,4,2,15,4,0.09090909090909091,0.5909090909090909,0.18181818181818182,0.09090909090909091,0.6818181818181818,0.18181818181818182,0.8571428571428571,0.047619047619047616,0.09523809523809523,0,0,0,0,0,0,0
2020,00-0032404,15,-1,0,13,7,2,6,1,0,0.8666666666666667,0.4666666666666667,0.13333333333333333,0.4,0.06666666666666667,0.7333333333333333,0.26666666666666666,0,0,0,0,0,0,0,0
2020,00-0032426,2,5.5,0,1,2,0,0,0,0,0.5,1,0,0,0,1,0,0,0,0,0,0,0,0,0
2020,00-0032434,1,8,0,0,1,0,0,1,0,0,1,0,0,1,1,0,0,0,0,0,0,0,0,0
2020,00-0032464,15,17.533333333333335,5,0,5,5,5,0,0.3333333333333333,0,0.3333333333333333,0.3333333333333333,0.3333333333333333,0,0.6,0,0.3333333333333333,0.06666666666666667,0,0,0,0,0,0
2020,00-0032543,17,7.176470588235294,2,8,7,7,3,1,0.11764705882352941,0.47058823529411764,0.4117647058823529,0.4117647058823529,0.17647058823529413,0.058823529411764705,0.6470588235294118,0.17647058823529413,0.058823529411764705,0.11764705882352941,0,0,0,0,0,0
2020,00-0032577,1,4,0,1,1,0,0,0,0,1,1,0,0,0,1,0,0,0,0,0,0,0,0,0
2020,00-0032602,110,1.690909090909091,4,91,37,29,44,12,0.03636363636363636,0.8272727272727273,0.33636363636363636,0.2636363636363636,0.4,0.10909090909090909,0.8181818181818182,0.10909090909090909,0.03636363636363636,0.03636363636363636,0,0,0,0,0,0
2020,00-0032688,137,9.691176470588236,35,58,57,30,49,16,0.25547445255474455,0.4233576642335766,0.41605839416058393,0.21897810218978103,0.35766423357664234,0.11678832116788321,0.5882352941176471,0.058823529411764705,0.19852941176470587,0.15441176470588236,0,0,6.432755905511811,2.8827387634713024,0,32.6384563625767
2020,00-0032725,11,4,0,6,7,2,2,0,0,0.5454545454545454,0.6363636363636364,0.18181818181818182,0.18181818181818182,0,0.9090909090909091,0,0,0.09090909090909091,0,0,0,0,0,0
2020,00-0032741,7,0.14285714285714285,0,7,2,3,2,0,0,1,0.2857142857142857,0.42857142857142855,0.2857142857142857,0,0.8571428571428571,0,0,0.14285714285714285,0,0,0,0,0,0
2020,00-0032764,31,-0.9354838709677419,0,29,16,4,11,1,0,0.9354838709677419,0.5161290322580645,0.12903225806451613,0.3548387096774194,0.03225806451612903,0.8387096774193549,0.16129032258064516,0,0,0,0,0,0,0,0
2020,00-0032765,55,9.6,14,16,26,14,15,11,0.2545454545454545,0.2909090909090909,0.4727272727272727,0.2545454545454545,0.2727272727272727,0.2,0.6727272727272727,0,0.12727272727272726,0.2,0,0,5.10377358490566,2.4856983902568803,0,16.25319030942555
2020,00-0032775,59,8.898305084745763,11,22,26,9,24,6,0.1864406779661017,0.3728813559322034,0.4406779661016949,0.15254237288135594,0.4067796610169492,0.1016949152542373,0.7796610169491526,0.06779661016949153,0.1016949152542373,0.05084745762711865,0,0,6.608245614035087,4.223176900745077,0,11.274062321862079
2020,00-0032778,3,37.333333333333336,3,0,1,1,1,0,1,0,0.3333333333333333,0.3333333333333333,0.3333333333333333,0,0,0,1,0,0,0,0,0,0,0
2020,00-0032780,1,-4,0,1,0,0,1,0,0,1,0,0,1,0,1,0,0,0,0,0,0,0,0,0
2020,00-0032791,54,10.5,14,21,19,16,19,4,0.25925925925925924,0.3888888888888889,0.35185185185185186,0.2962962962962963,0.35185185185185186,0.07407407407407407,0.7407407407407407,0.018518518518518517,0.18518518518518517,0.05555555555555555,0,0,6.589245283018867,3.1467739735857205,0,12.857828694072355
2020,00-0032813,3,1.3333333333333333,0,3,1,0,2,1,0,1,0.3333333333333333,0,0.6666666666666666,0.3333333333333333,1,0,0,0,0,0,0,0,0,0
2020,00-0032881,3,12.666666666666666,1,1,1,1,1,0,0.3333333333333333,0.3333333333333333,0.3333333333333333,0.3333333333333333,0.3333333333333333,0,0.3333333333333333,0.3333333333333333,0.3333333333333333,0,0,0,0,0,0,0
2020,00-0032918,13,3.3076923076923075,1,8,2,2,9,3,0.07692307692307693,0.6153846153846154,0.15384615384615385,0.15384615384615385,0.6923076923076923,0.23076923076923078,0.9230769230769231,0,0.07692307692307693,0,0,0,0,0,0,0
2020,00-0032940,10,2.6,1,7,5,1,4,1,0.1,0.7,0.5,0.1,0.4,0.1,0.9,0,0,0.1,0,0,0,0,0,0
2020,00-0032951,7,5.571428571428571,0,3,5,1,1,3,0,0.42857142857142855,0.7142857142857143,0.14285714285714285,0.14285714285714285,0.42857142857142855,0.8571428571428571,0,0.14285714285714285,0,0,0,0,0,0,0
2020,00-0032956,5,1.8,0,4,3,1,1,0,0,0.8,0.6,0.2,0.2,0,0.8,0.2,0,0,0,0,0,0,0,0
2020,00-0032972,21,0.3333333333333333,0,21,5,4,12,3,0,1,0.23809523809523808,0.19047619047619047,0.5714285714285714,0.14285714285714285,0.9047619047619048,0.09523809523809523,0,0,0,0,0,0,0,0
2020,00-0032975,4,-0.5,0,4,3,1,0,0,0,1,0.75,0.25,0,0,0.75,0.25,0,0,0,0,0,0,0,0
2020,00-0032977,52,14.096153846153847,26,2,19,9,24,8,0.5,0.038461538461538464,0.36538461538461536,0.17307692307692307,0.46153846153846156,0.15384615384615385,0.5192307692307693,0,0.4230769230769231,0.057692307692307696,0,0,4.819615384615384,2.802317658729074,0,17.814523159594696
2020,00-0032980,28,17.392857142857142,14,5,14,7,7,1,0.5,0.17857142857142858,0.5,0.25,0.25,0.03571428571428571,0.6071428571428571,0.03571428571428571,0.35714285714285715,0,0,0,0,0,0,0
2020,00-0032986,1,6,0,0,1,0,0,1,0,0,1,0,0,1,0,0,1,0,0,0,0,0,0,0
2020,00-0033006,10,7.3,2,2,3,4,3,1,0.2,0.2,0.3,0.4,0.3,0.1,0.8,0.1,0,0.1,0,0,0,0,0,0
2020,00-0033009,110,8.545454545454545,20,32,36,48,26,16,0.18181818181818182,0.2909090909090909,0.32727272727272727,0.43636363636363634,0.23636363636363636,0.14545454545454545,0.7272727272727273,0.03636363636363636,0.16363636363636364,0.07272727272727272,0,0,5.903253012048195,2.741550116144465,0,19.894137935375053
2020,00-0033025,23,2.130434782608696,0,16,5,7,11,4,0,0.6956521739130435,0.21739130434782608,0.30434782608695654,0.4782608695652174,0.17391304347826086,0.8695652173913043,0.043478260869565216,0.08695652173913043,0,0,0,0,0,0,0
2020,00-0033040,135,12.881481481481481,44,44,47,27,61,19,0.32592592592592595,0.32592592592592595,0.34814814814814815,0.2,0.45185185185185184,0.14074074074074075,0.6296296296296297,0.044444444444444446,0.28888888888888886,0.037037037037037035,0,0,5.626465517241378,3.4330638514174847,0,35.58552812536126
2020,00-0033045,72,-0.23943661971830985,0,65,25,14,32,8,0,0.9027777777777778,0.3472222222222222,0.19444444444444445,0.4444444444444444,0.1111111111111111,0.7887323943661971,0.18309859154929578,0.014084507042253521,0.014084507042253521,0,0,0,0,0,0
2020,00-0033077,1,10,0,0,0,0,1,1,0,0,0,0,1,1,1,0,0,0,0,0,0,0,0,0
2020,00-0033080,1,35,1,0,1,0,0,0,1,0,1,0,0,0,0,0,1,0,0,0,0,0,0,0
2020,00-0033085,1,0,0,1,0,0,1,1,0,1,0,0,1,1,0,0,0,0,0,0,0,0,0,0
2020,00-0033090,93,7.967741935483871,15,25,37,32,24,14,0.16129032258064516,0.26881720430107525,0.3978494623655914,0.34408602150537637,0.25806451612903225,0.15053763440860216,0.7849462365591398,0.010752688172043012,0.17204301075268819,0.03225806451612903,0,0,5.197761194029852,2.469098920961302,0,16.37673639170785
2020,00-0033094,32,17.15625,13,6,11,9,12,2,0.40625,0.1875,0.34375,0.28125,0.375,0.0625,0.59375,0.03125,0.3125,0.0625,0,0,0,0,0,0
2020,00-0033110,61,7.983333333333333,11,24,17,11,32,7,0.18032786885245902,0.39344262295081966,0.2786885245901639,0.18032786885245902,0.5245901639344263,0.11475409836065574,0.6833333333333333,0.03333333333333333,0.2,0.08333333333333333,0,0,5.625490196078431,3.065636977125739,0,11.964310989258703
2020,00-0033111,8,9.875,3,2,4,3,1,0,0.375,0.25,0.5,0.375,0.125,0,0.75,0,0.125,0.125,0,0,0,0,0,0
2020,00-0033112,2,3.5,0,2,0,0,2,0,0,1,0,0,1,0,1,0,0,0,0,0,0,0,0,0
2020,00-0033114,21,8.619047619047619,2,7,9,2,10,1,0.09523809523809523,0.3333333333333333,0.42857142857142855,0.09523809523809523,0.47619047619047616,0.047619047619047616,0.8095238095238095,0.047619047619047616,0.047619047619047616,0.09523809523809523,0,0,0,0,0,0
2020,00-0033118,31,-0.967741935483871,0,30,12,7,12,2,0,0.967741935483871,0.3870967741935484,0.22580645161290322,0.3870967741935484,0.06451612903225806,0.7741935483870968,0.22580645161290322,0,0,0,0,0,0,0,0
2020,00-0033127,75,12.533333333333333,22,13,29,20,26,8,0.29333333333333333,0.17333333333333334,0.38666666666666666,0.26666666666666666,0.3466666666666667,0.10666666666666667,0.49333333333333335,0.06666666666666667,0.32,0.12,0,0,5.07527027027027,2.976643360066983,0,19.949532432833617
2020,00-0033164,10,-1.6,0,10,2,3,5,2,0,1,0.2,0.3,0.5,0.2,0.9,0.1,0,0,0,0,0,0,0,0
2020,00-0033215,3,23.666666666666668,2,1,3,0,0,0,0.6666666666666666,0.3333333333333333,1,0,0,0,0,0,0.6666666666666666,0.3333333333333333,0,0,0,0,0,0
2020,00-0033217,39,6.769230769230769,8,19,9,14,16,5,0.20512820512820512,0.48717948717948717,0.23076923076923078,0.358974358974359,0.41025641025641024,0.1282051282051282,0.6153846153846154,0.07692307692307693,0.20512820512820512,0.10256410256410256,0,0,0,0,0,0
2020,00-0033246,4,2,0,4,2,1,1,1,0,1,0.5,0.25,0.25,0.25,1,0,0,0,0,0,0,0,0,0
2020,00-0033251,72,10.873239436619718,24,20,26,25,20,15,0.3333333333333333,0.2777777777777778,0.3611111111111111,0.3472222222222222,0.2777777777777778,0.20833333333333334,0.6197183098591549,0.07042253521126761,0.23943661971830985,0.07042253521126761,0,0,5.831290322580644,2.9433158098848864,0,19.496435385078822
2020,00-0033258,12,6.090909090909091,2,6,2,2,7,1,0.16666666666666666,0.5,0.16666666666666666,0.16666666666666666,0.5833333333333334,0.08333333333333333,0.7272727272727273,0,0.2727272727272727,0,0,0,0,0,0,0
2020,00-0033275,1,6,0,0,0,0,1,0,0,0,0,0,1,0,1,0,0,0,0,0,0,0,0,0
2020,00-0033280,19,1.4210526315789473,1,17,13,2,4,1,0.05263157894736842,0.8947368421052632,0.6842105263157895,0.10526315789473684,0.21052631578947367,0.05263157894736842,0.7894736842105263,0.10526315789473684,0.05263157894736842,0.05263157894736842,0,0,0,0,0,0
2020,00-0033282,97,7.329896907216495,21,44,38,26,33,12,0.21649484536082475,0.4536082474226804,0.3917525773195876,0.26804123711340205,0.3402061855670103,0.12371134020618557,0.6907216494845361,0.08247422680412371,0.15463917525773196,0.07216494845360824,0,0,6.805316455696203,3.473624456270824,0,17.1250403343814
2020,00-0033288,64,7.301587301587301,8,24,21,21,21,5,0.125,0.375,0.328125,0.328125,0.328125,0.078125,0.6825396825396826,0.047619047619047616,0.19047619047619047,0.07936507936507936,0,0,5.670377358490566,3.859116871256198,0,11.569348972082128
2020,00-0033292,21,5.571428571428571,3,8,5,8,8,7,0.14285714285714285,0.38095238095238093,0.23809523809523808,0.38095238095238093,0.38095238095238093,0.3333333333333333,0.8571428571428571,0.047619047619047616,0.047619047619047616,0.047619047619047616,0,0,0,0,0,0
2020,00-0033293,63,1.2222222222222223,5,54,30,5,28,10,0.07936507936507936,0.8571428571428571,0.47619047619047616,0.07936507936507936,0.4444444444444444,0.15873015873015872,0.6825396825396826,0.20634920634920634,0.1111111111111111,0,0,0,0,0,0,0
2020,00-0033296,9,0.2222222222222222,0,8,3,0,6,3,0,0.8888888888888888,0.3333333333333333,0,0.6666666666666666,0.3333333333333333,0.8888888888888888,0.1111111111111111,0,0,0,0,0,0,0,0
2020,00-0033307,75,9.27027027027027,15,21,25,16,33,12,0.2,0.28,0.3333333333333333,0.21333333333333335,0.44,0.16,0.7027027027027027,0,0.17567567567567569,0.12162162162162163,0,0,6.218,2.8452337081016608,0,18.942925287920474
2020,00-0033308,10,-0.1,0,10,4,4,2,0,0,1,0.4,0.4,0.2,0,0.8,0.2,0,0,0,0,0,0,0,0
2020,00-0033338,7,7.714285714285714,2,3,1,2,4,1,0.2857142857142857,0.42857142857142855,0.14285714285714285,0.2857142857142857,0.5714285714285714,0.14285714285714285,0.8571428571428571,0,0.14285714285714285,0,0,0,0,0,0,0
2020,00-0033357,13,7.583333333333333,3,5,4,3,5,3,0.23076923076923078,0.38461538461538464,0.3076923076923077,0.23076923076923078,0.38461538461538464,0.23076923076923078,0.75,0.08333333333333333,0.16666666666666666,0,0,0,0,0,0,0
2020,00-0033367,16,10,2,4,3,6,7,0,0.125,0.25,0.1875,0.375,0.4375,0,0.75,0.0625,0.0625,0.125,0,0,0,0,0,0
2020,00-0033375,80,12.481012658227849,24,24,30,16,33,11,0.3,0.3,0.375,0.2,0.4125,0.1375,0.5822784810126582,0.05063291139240506,0.3037974683544304,0.06329113924050633,0,0,5.700263157894736,2.595981617564615,0,19.499485026144836
2020,00-0033376,12,0.08333333333333333,0,12,2,3,7,4,0,1,0.16666666666666666,0.25,0.5833333333333334,0.3333333333333333,1,0,0,0,0,0,0,0,0,0
2020,00-0033382,4,8,1,2,0,1,3,2,0.25,0.5,0,0.25,0.75,0.5,0.5,0,0.5,0,0,0,0,0,0,0
2020,00-0033386,1,10,0,0,0,0,1,0,0,0,0,0,1,0,1,0,0,0,0,0,0,0,0,0
2020,00-0033387,41,5.925,3,16,12,6,22,11,0.07317073170731707,0.3902439024390244,0.2926829268292683,0.14634146341463414,0.5365853658536586,0.2682926829268293,0.875,0.025,0.1,0,0,0,0,0,0,0
2020,00-0033421,1,12,0,0,0,1,0,0,0,0,0,1,0,0,1,0,0,0,0,0,0,0,0,0
2020,00-0033439,16,7.9375,4,7,5,3,8,4,0.25,0.4375,0.3125,0.1875,0.5,0.25,0.8125,0,0.1875,0,0,0,0,0,0,0
2020,00-0033455,53,7,3,20,12,27,14,7,0.05660377358490566,0.37735849056603776,0.22641509433962265,0.5094339622641509,0.2641509433962264,0.1320754716981132,0.7358490566037735,0,0.11320754716981132,0.1509433962264151,0,0,6.371621621621622,2.4210218083590065,0,9.694744089970163
2020,00-0033460,7,12,3,2,3,1,3,0,0.42857142857142855,0.2857142857142857,0.42857142857142855,0.14285714285714285,0.42857142857142855,0,0.5714285714285714,0.14285714285714285,0.2857142857142857,0,0,0,0,0,0,0
2020,00-0033466,34,4.382352941176471,6,21,13,14,7,7,0.17647058823529413,0.6176470588235294,0.38235294117647056,0.4117647058823529,0.20588235294117646,0.20588235294117646,0.8235294117647058,0.08823529411764706,0.058823529411764705,0.029411764705882353,0,0,0,0,0,0
2020,00-0033471,44,9.204545454545455,8,8,13,19,12,5,0.18181818181818182,0.18181818181818182,0.29545454545454547,0.4318181818181818,0.2727272727272727,0.11363636363636363,0.7272727272727273,0,0.20454545454545456,0.06818181818181818,0,0,5.609210526315789,2.7608451319256404,0,9.552061074450961
2020,00-0033474,2,7.5,0,0,0,2,0,1,0,0,0,1,0,0.5,0.5,0,0,0.5,0,0,0,0,0,0
2020,00-0033481,1,1,0,1,0,0,1,0,0,1,0,0,1,0,1,0,0,0,0,0,0,0,0,0
2020,00-0033526,12,-1.75,0,11,6,0,6,5,0,0.9166666666666666,0.5,0,0.5,0.4166666666666667,0.5,0.5,0,0,0,0,0,0,0,0
2020,00-0033528,3,2,0,3,1,0,2,0,0,1,0.3333333333333333,0,0.6666666666666666,0,1,0,0,0,0,0,0,0,0,0
2020,00-0033536,85,14.541176470588235,35,13,29,12,44,11,0.4117647058823529,0.15294117647058825,0.3411764705882353,0.1411764705882353,0.5176470588235295,0.12941176470588237,0.4470588235294118,0.011764705882352941,0.4117647058823529,0.12941176470588237,0,0,5.493647058823529,2.081118824413792,0,27.243167144449075
2020,00-0033553,43,-0.16279069767441862,0,40,19,16,8,7,0,0.9302325581395349,0.4418604651162791,0.37209302325581395,0.18604651162790697,0.16279069767441862,0.6046511627906976,0.3023255813953488,0.046511627906976744,0.046511627906976744,0,0,0,0,0,0
2020,00-0033555,26,9.6,7,8,13,4,8,3,0.2692307692307692,0.3076923076923077,0.5,0.15384615384615385,0.3076923076923077,0.11538461538461539,0.52,0,0.2,0.28,0,0,0,0,0,0
2020,00-0033556,9,1.6666666666666667,1,7,6,0,3,2,0.1111111111111111,0.7777777777777778,0.6666666666666666,0,0.3333333333333333,0.2222222222222222,0.5555555555555556,0.3333333333333333,0.1111111111111111,0,0,0,0,0,0,0
2020,00-0033564,4,1.75,0,4,1,2,1,1,0,1,0.25,0.5,0.25,0.25,1,0,0,0,0,0,0,0,0,0
2020,00-0033567,30,1.2666666666666666,0,28,9,12,9,1,0,0.9333333333333333,0.3,0.4,0.3,0.03333333333333333,0.8,0.2,0,0,0,0,0,0,0,0
2020,00-0033572,20,4.85,3,14,9,3,8,3,0.15,0.7,0.45,0.15,0.4,0.15,0.6,0.3,0.05,0.05,0,0,0,0,0,0
2020,00-0033576,4,3.25,0,4,2,1,1,0,0,1,0.5,0.25,0.25,0,0.75,0,0,0.25,0,0,0,0,0,0
2020,00-0033589,47,8.851063829787234,9,24,17,10,20,13,0.19148936170212766,0.5106382978723404,0.3617021276595745,0.2127659574468085,0.425531914893617,0.2765957446808511,0.5531914893617021,0.14893617021276595,0.23404255319148937,0.06382978723404255,0,0,6.7175,4.093774476688737,0,9.43516370701026
2020,00-0033591,25,10.291666666666666,5,5,11,6,7,3,0.2,0.2,0.44,0.24,0.28,0.12,0.5416666666666666,0,0.16666666666666666,0.2916666666666667,0,0,0,0,0,0
2020,00-0033594,47,1.326086956521739,3,40,21,12,13,7,0.06382978723404255,0.851063829787234,0.44680851063829785,0.2553191489361702,0.2765957446808511,0.14893617021276595,0.7391304347826086,0.21739130434782608,0.043478260869565216,0,0,0,0,0,0,0
2020,00-0033611,1,7,0,0,1,0,0,0,0,0,1,0,0,0,1,0,0,0,0,0,0,0,0,0
2020,00-0033627,1,3,0,1,0,0,1,1,0,1,0,0,1,1,1,0,0,0,0,0,0,0,0,0
2020,00-0033658,1,12,0,0,1,0,0,0,0,0,1,0,0,0,1,0,0,0,0,0,0,0,0,0
2020,00-0033681,89,10.875,23,21,31,30,27,11,0.25842696629213485,0.23595505617977527,0.34831460674157305,0.33707865168539325,0.30337078651685395,0.12359550561797752,0.6363636363636364,0.07954545454545454,0.19318181818181818,0.09090909090909091,0,0,6.579012345679012,3.2609386382485868,0,20.826276953638803
2020,00-0033699,65,-1.2,1,63,19,13,33,10,0.015384615384615385,0.9692307692307692,0.2923076923076923,0.2,0.5076923076923077,0.15384615384615385,0.7538461538461538,0.2153846153846154,0.015384615384615385,0.015384615384615385,0,0,0,0,0,0
2020,00-0033720,2,3,0,1,1,0,1,1,0,0.5,0.5,0,0.5,0.5,0.5,0,0.5,0,0,0,0,0,0,0
2020,00-0033725,6,-1.6666666666666667,0,6,4,0,2,0,0,1,0.6666666666666666,0,0.3333333333333333,0,0.6666666666666666,0.3333333333333333,0,0,0,0,0,0,0,0
2020,00-0033733,80,5.620253164556962,7,38,25,21,33,8,0.0875,0.475,0.3125,0.2625,0.4125,0.1,0.6962025316455697,0.11392405063291139,0.0759493670886076,0.11392405063291139,0,0,5.821,3.5234527034270933,0,9.189938449605856
2020,00-0033757,59,7.745762711864407,13,31,21,9,29,11,0.22033898305084745,0.5254237288135594,0.3559322033898305,0.15254237288135594,0.4915254237288136,0.1864406779661017,0.7966101694915254,0,0.15254237288135594,0.05084745762711865,0,0,6.1538775510204085,4.243192497644826,0,11.481953857637912
2020,00-0033798,1,2,0,1,1,0,0,0,0,1,1,0,0,0,1,0,0,0,0,0,0,0,0,0
2020,00-0033839,1,4,0,1,1,0,0,1,0,1,1,0,0,1,1,0,0,0,0,0,0,0,0,0
2020,00-0033840,25,12.083333333333334,6,3,8,8,8,1,0.24,0.12,0.32,0.32,0.32,0.04,0.6666666666666666,0,0.25,0.08333333333333333,0,0,0,0,0,0
2020,00-0033854,20,0.85,0,16,7,5,8,1,0,0.8,0.35,0.25,0.4,0.05,0.8,0.2,0,0,0,0,0,0,0,0
2020,00-0033856,47,0.14893617021276595,0,42,23,7,17,9,0,0.8936170212765957,0.48936170212765956,0.14893617021276595,0.3617021276595745,0.19148936170212766,0.851063829787234,0.10638297872340426,0.0425531914893617,0,0,0,0,0,0,0
2020,00-0033857,129,5.4921875,14,68,45,45,38,20,0.10852713178294573,0.5271317829457365,0.3488372093023256,0.3488372093023256,0.29457364341085274,0.15503875968992248,0.6640625,0.0859375,0.1328125,0.1171875,0,0,6.138846153846154,3.0567270458840814,0,15.716513200868118
2020,00-0033858,66,5.538461538461538,4,30,14,20,31,19,0.06060606060606061,0.45454545454545453,0.21212121212121213,0.30303030303030304,0.4696969696969697,0.2878787878787879,0.6153846153846154,0.046153846153846156,0.2153846153846154,0.12307692307692308,0,0,5.722307692307691,3.272765979644888,0,9.4213653635274
2020,00-0033859,6,2.8333333333333335,0,4,1,0,5,0,0,0.6666666666666666,0.16666666666666666,0,0.8333333333333334,0,0.6666666666666666,0.3333333333333333,0,0,0,0,0,0,0,0
2020,00-0033871,92,11.73913043478261,26,14,22,18,52,8,0.2826086956521739,0.15217391304347827,0.2391304347826087,0.1956521739130435,0.5652173913043478,0.08695652173913043,0.7391304347826086,0.021739130434782608,0.13043478260869565,0.10869565217391304,0,0,6.779999999999999,2.4113056853050225,0,28.838905465024357
2020,00-0033873,2,12.5,1,1,1,0,1,1,0.5,0.5,0.5,0,0.5,0.5,1,0,0,0,0,0,0,0,0,0
2020,00-0033879,19,11.894736842105264,7,5,5,4,10,3,0.3684210526315789,0.2631578947368421,0.2631578947368421,0.21052631578947367,0.5263157894736842,0.15789473684210525,0.7368421052631579,0,0.2631578947368421,0,0,0,0,0,0,0
2020,00-0033881,109,7.201834862385321,20,46,33,35,41,13,0.1834862385321101,0.42201834862385323,0.30275229357798167,0.3211009174311927,0.3761467889908257,0.11926605504587157,0.7431192660550459,0.045871559633027525,0.1651376146788991,0.045871559633027525,0,0,6.190602409638555,2.947230694005752,0,19.731006925130004
2020,00-0033885,29,7.448275862068965,7,14,10,6,13,6,0.2413793103448276,0.4827586206896552,0.3448275862068966,0.20689655172413793,0.4482758620689655,0.20689655172413793,0.6206896551724138,0.06896551724137931,0.3103448275862069,0,0,0,0,0,0,0
2020,00-0033891,20,7.1,4,8,7,5,8,4,0.2,0.4,0.35,0.25,0.4,0.2,0.75,0.05,0.15,0.05,0,0,0,0,0,0
2020,00-0033893,54,-1.7777777777777777,0,53,16,11,27,2,0,0.9814814814814815,0.2962962962962963,0.2037037037037037,0.5,0.037037037037037035,0.7592592592592593,0.24074074074074073,0,0,0,0,0,0,0,0
2020,00-0033895,62,6.209677419354839,7,29,19,11,32,5,0.11290322580645161,0.46774193548387094,0.3064516129032258,0.1774193548387097,0.5161290322580645,0.08064516129032258,0.6612903225806451,0.06451612903225806,0.16129032258064516,0.11290322580645161,0,0,5.726792452830188,3.6019644774990733,0,10.254299928181632
2020,00-0033896,22,4.318181818181818,2,15,8,6,8,6,0.09090909090909091,0.6818181818181818,0.36363636363636365,0.2727272727272727,0.36363636363636365,0.2727272727272727,0.7727272727272727,0,0.22727272727272727,0,0,0,0,0,0,0
2020,00-0033897,26,-1.1153846153846154,0,22,5,4,17,3,0,0.8461538461538461,0.19230769230769232,0.15384615384615385,0.6538461538461539,0.11538461538461539,0.8076923076923077,0.15384615384615385,0.038461538461538464,0,0,0,0,0,0,0
2020,00-0033906,107,0.5607476635514018,6,90,42,17,48,17,0.056074766355140186,0.8411214953271028,0.3925233644859813,0.1588785046728972,0.4485981308411215,0.1588785046728972,0.5700934579439252,0.34579439252336447,0.06542056074766354,0.018691588785046728,0,0,0,0,0,0
2020,00-0033908,124,6.306451612903226,17,55,55,38,31,13,0.13709677419354838,0.4435483870967742,0.4435483870967742,0.3064516129032258,0.25,0.10483870967741936,0.7661290322580645,0.08064516129032258,0.07258064516129033,0.08064516129032258,0,0,6.346637931034483,3.2377422670247293,0,20.567312682494673
2020,00-0033911,1,15,1,0,0,0,1,0,1,0,0,0,1,0,1,0,0,0,0,0,0,0,0,0
2020,00-0033921,84,10.214285714285714,22,27,27,33,24,9,0.2619047619047619,0.32142857142857145,0.32142857142857145,0.39285714285714285,0.2857142857142857,0.10714285714285714,0.5595238095238095,0.15476190476190477,0.19047619047619047,0.09523809523809523,0,0,6.4354545454545455,2.953453672044493,0,14.691151919866433
2020,00-0033923,51,1.392156862745098,2,41,25,10,16,9,0.0392156862745098,0.803921568627451,0.49019607843137253,0.19607843137254902,0.3137254901960784,0.17647058823529413,0.7450980392156863,0.19607843137254902,0.058823529411764705,0,0,0,0,0,0,0
2020,00-0033925,1,2,0,1,0,0,1,1,0,1,0,0,1,1,1,0,0,0,0,0,0,0,0,0
2020,00-0033932,32,14.5625,15,4,15,11,6,5,0.46875,0.125,0.46875,0.34375,0.1875,0.15625,0.4375,0,0.34375,0.21875,0,0,0,0,0,0
2020,00-0033943,81,10.938271604938272,22,27,42,18,21,6,0.2716049382716049,0.3333333333333333,0.5185185185185185,0.2222222222222222,0.25925925925925924,0.07407407407407407,0.6790123456790124,0.07407407407407407,0.20987654320987653,0.037037037037037035,0,0,5.343205128205128,2.4674975656596208,0,22.892759974627676
2020,00-0033948,35,0.5428571428571428,1,33,14,7,14,3,0.02857142857142857,0.9428571428571428,0.4,0.2,0.4,0.08571428571428572,0.7428571428571429,0.22857142857142856,0.02857142857142857,0,0,0,0,0,0,0
2020,00-0033950,27,0.37037037037037035,1,25,13,8,6,5,0.037037037037037035,0.9259259259259259,0.48148148148148145,0.2962962962962963,0.2222222222222222,0.18518518518518517,0.7037037037037037,0.25925925925925924,0.037037037037037035,0,0,0,0,0,0,0
2020,00-0033951,3,-0.3333333333333333,0,3,2,1,0,0,0,1,0.6666666666666666,0.3333333333333333,0,0,0.6666666666666666,0.3333333333333333,0,0,0,0,0,0,0,0
2020,00-0033955,17,0.47058823529411764,0,17,3,9,5,6,0,1,0.17647058823529413,0.5294117647058824,0.29411764705882354,0.35294117647058826,0.8235294117647058,0.17647058823529413,0,0,0,0,0,0,0,0
2020,00-0034011,45,12.555555555555555,19,11,9,18,18,6,0.4222222222222222,0.24444444444444444,0.2,0.4,0.4,0.13333333333333333,0.6222222222222222,0.1111111111111111,0.24444444444444444,0.022222222222222223,0,0,6.23810810810811,3.904784194227957,0,13.134932207548133
2020,00-0034052,4,13.75,2,2,1,1,2,1,0.5,0.5,0.25,0.25,0.5,0.25,0.3333333333333333,0.3333333333333333,0.3333333333333333,0,0,0,0,0,0,0
2020,00-0034054,9,6.444444444444445,0,4,3,3,3,3,0,0.4444444444444444,0.3333333333333333,0.3333333333333333,0.3333333333333333,0.3333333333333333,0.6666666666666666,0,0,0.3333333333333333,0,0,0,0,0,0
2020,00-0034073,24,7.583333333333333,3,11,7,10,7,3,0.125,0.4583333333333333,0.2916666666666667,0.4166666666666667,0.2916666666666667,0.125,0.7916666666666666,0,0.20833333333333334,0,0,0,0,0,0,0
2020,00-0034081,8,13.75,4,2,2,4,2,2,0.5,0.25,0.25,0.5,0.25,0.25,0.42857142857142855,0,0.42857142857142855,0.14285714285714285,0,0,0,0,0,0
2020,00-0034104,48,10.895833333333334,15,15,15,14,19,3,0.3125,0.3125,0.3125,0.2916666666666667,0.3958333333333333,0.0625,0.4375,0.125,0.2916666666666667,0.14583333333333334,0,0,6.951458333333332,3.5246586529186494,0,14.561011202911983
2020,00-0034109,14,-0.42857142857142855,0,11,7,1,6,1,0,0.7857142857142857,0.5,0.07142857142857142,0.42857142857142855,0.07142857142857142,0.7857142857142857,0.21428571428571427,0,0,0,0,0,0,0,0
2020,00-0034115,28,1.8214285714285714,0,24,11,7,10,6,0,0.8571428571428571,0.39285714285714285,0.25,0.35714285714285715,0.21428571428571427,0.8928571428571429,0.03571428571428571,0.03571428571428571,0.03571428571428571,0,0,0,0,0,0
2020,00-0034132,18,9.61111111111111,5,4,8,3,7,1,0.2777777777777778,0.2222222222222222,0.4444444444444444,0.16666666666666666,0.3888888888888889,0.05555555555555555,0.7222222222222222,0.05555555555555555,0.1111111111111111,0.1111111111111111,0,0,0,0,0,0
2020,00-0034159,29,4.758620689655173,2,16,10,7,12,4,0.06896551724137931,0.5517241379310345,0.3448275862068966,0.2413793103448276,0.41379310344827586,0.13793103448275862,0.8275862068965517,0.034482758620689655,0.10344827586206896,0.034482758620689655,0,0,0,0,0,0
2020,00-0034164,4,1,0,2,3,0,0,1,0,0.5,0.75,0,0,0.25,0.3333333333333333,0.6666666666666666,0,0,0,0,0,0,0,0
2020,00-0034169,1,0,0,1,0,0,1,1,0,1,0,0,1,1,1,0,0,0,0,0,0,0,0,0
2020,00-0034171,3,-1.3333333333333333,0,3,2,0,1,0,0,1,0.6666666666666666,0,0.3333333333333333,0,1,0,0,0,0,0,0,0,0,0
2020,00-0034184,13,3.769230769230769,1,9,6,1,6,1,0.07692307692307693,0.6923076923076923,0.46153846153846156,0.07692307692307693,0.46153846153846156,0.07692307692307693,0.9230769230769231,0,0.07692307692307693,0,0,0,0,0,0,0
2020,00-0034192,9,9,2,3,4,2,3,0,0.2222222222222222,0.3333333333333333,0.4444444444444444,0.2222222222222222,0.3333333333333333,0,0.6666666666666666,0.1111111111111111,0.2222222222222222,0,0,0,0,0,0,0
2020,00-0034193,1,4,0,1,1,0,0,0,0,1,1,0,0,0,1,0,0,0,0,0,0,0,0,0
2020,00-0034207,1,25,1,0,0,0,1,0,1,0,0,0,1,0,0,0,1,0,0,0,0,0,0,0
2020,00-0034208,2,-3.5,0,2,2,0,0,0,0,1,1,0,0,0,0.5,0.5,0,0,0,0,0,0,0,0
2020,00-0034253,1,0,0,1,0,0,1,0,0,1,0,0,1,0,1,0,0,0,0,0,0,0,0,0
2020,00-0034267,1,13,0,0,1,0,0,0,0,0,1,0,0,0,1,0,0,0,0,0,0,0,0,0
2020,00-0034270,26,4.384615384615385,1,15,7,7,12,1,0.038461538461538464,0.5769230769230769,0.2692307692307692,0.2692307692307692,0.46153846153846156,0.038461538461538464,0.7692307692307693,0.11538461538461539,0.038461538461538464,0.07692307692307693,0,0,0,0,0,0
2020,00-0034272,63,18.3015873015873,31,18,18,12,33,6,0.49206349206349204,0.2857142857142857,0.2857142857142857,0.19047619047619047,0.5238095238095238,0.09523809523809523,0.49206349206349204,0.047619047619047616,0.4444444444444444,0.015873015873015872,0,0,5.532666666666667,3.120286621298216,0,28.07347975895634
2020,00-0034273,10,10.4,2,2,2,3,5,4,0.2,0.2,0.2,0.3,0.5,0.4,0.8,0,0.2,0,0,0,0,0,0,0
2020,00-0034279,13,12.076923076923077,5,4,3,4,6,0,0.38461538461538464,0.3076923076923077,0.23076923076923078,0.3076923076923077,0.46153846153846156,0,0.6153846153846154,0.15384615384615385,0.23076923076923078,0,0,0,0,0,0,0
2020,00-0034286,35,10.657142857142857,12,13,10,11,14,4,0.34285714285714286,0.37142857142857144,0.2857142857142857,0.3142857142857143,0.4,0.11428571428571428,0.45714285714285713,0.14285714285714285,0.2,0.2,0,0,0,0,0,0
2020,00-0034297,17,10.176470588235293,3,4,7,6,4,3,0.17647058823529413,0.23529411764705882,0.4117647058823529,0.35294117647058826,0.23529411764705882,0.17647058823529413,0.6875,0.0625,0.1875,0.0625,0,0,0,0,0,0
2020,00-0034301,27,-0.8461538461538461,0,23,16,4,6,4,0,0.8518518518518519,0.5925925925925926,0.14814814814814814,0.2222222222222222,0.14814814814814814,0.7692307692307693,0.23076923076923078,0,0,0,0,0,0,0,0
2020,00-0034309,30,6.033333333333333,3,10,11,10,9,4,0.1,0.3333333333333333,0.36666666666666664,0.3333333333333333,0.3,0.13333333333333333,0.7333333333333333,0,0.13333333333333333,0.13333333333333333,0,0,0,0,0,0
2020,00-0034317,2,16,1,1,2,0,0,0,0.5,0.5,1,0,0,0,1,0,0,0,0,0,0,0,0,0
2020,00-0034319,11,5.181818181818182,2,5,5,0,6,2,0.18181818181818182,0.45454545454545453,0.45454545454545453,0,0.5454545454545454,0.18181818181818182,0.8181818181818182,0,0.18181818181818182,0,0,0,0,0,0,0
2020,00-0034331,14,-0.21428571428571427,0,13,4,6,4,0,0,0.9285714285714286,0.2857142857142857,0.42857142857142855,0.2857142857142857,0,0.5,0.42857142857142855,0,0.07142857142857142,0,0,0,0,0,0
2020,00-0034348,6,17.666666666666668,4,1,2,2,2,0,0.6666666666666666,0.16666666666666666,0.3333333333333333,0.3333333333333333,0.3333333333333333,0,0.5,0.16666666666666666,0.3333333333333333,0,0,0,0,0,0,0
2020,00-0034349,26,-0.11538461538461539,0,23,12,7,7,2,0,0.8846153846153846,0.46153846153846156,0.2692307692307692,0.2692307692307692,0.07692307692307693,0.6538461538461539,0.2692307692307692,0.038461538461538464,0.038461538461538464,0,0,0,0,0,0
2020,00-0034351,65,8.615384615384615,11,24,17,19,29,6,0.16923076923076924,0.36923076923076925,0.26153846153846155,0.2923076923076923,0.4461538461538462,0.09230769230769231,0.6461538461538462,0.07692307692307693,0.2,0.07692307692307693,0,0,6.4071428571428575,2.8509259067268204,0,10.931818443615926
2020,00-0034353,76,9.671052631578947,20,26,21,29,26,10,0.2631578947368421,0.34210526315789475,0.27631578947368424,0.3815789473684211,0.34210526315789475,0.13157894736842105,0.6973684210526315,0.05263157894736842,0.18421052631578946,0.06578947368421052,0,0,5.506617647058824,2.956582269264672,0,15.551119586221853
2020,00-0034364,49,7.530612244897959,9,17,13,14,22,8,0.1836734693877551,0.3469387755102041,0.2653061224489796,0.2857142857142857,0.4489795918367347,0.16326530612244897,0.7551020408163265,0.02040816326530612,0.20408163265306123,0.02040816326530612,0,0,5.3111764705882365,3.6663698294774316,0,8.066964948366168
2020,00-0034365,31,6.32258064516129,4,16,18,3,10,5,0.12903225806451613,0.5161290322580645,0.5806451612903226,0.0967741935483871,0.3225806451612903,0.16129032258064516,0.8709677419354839,0.03225806451612903,0.0967741935483871,0,0,0,0,0,0,0
2020,00-0034366,41,9.425,11,12,14,9,17,12,0.2682926829268293,0.2926829268292683,0.34146341463414637,0.21951219512195122,0.4146341463414634,0.2926829268292683,0.675,0.125,0.125,0.075,0,0,0,0,0,0
2020,00-0034367,76,0.6842105263157895,2,66,32,11,33,12,0.02631578947368421,0.868421052631579,0.42105263157894735,0.14473684210526316,0.4342105263157895,0.15789473684210525,0.7631578947368421,0.15789473684210525,0.039473684210526314,0.039473684210526314,0,0,0,0,0,0
2020,00-0034370,44,13.431818181818182,19,13,14,8,22,7,0.4318181818181818,0.29545454545454547,0.3181818181818182,0.18181818181818182,0.5,0.1590909090909091,0.5454545454545454,0.022727272727272728,0.38636363636363635,0.045454545454545456,0,0,6.087142857142857,2.8051718209543752,0,12.051972745999054
2020,00-0034378,26,0.038461538461538464,0,23,7,6,13,8,0,0.8846153846153846,0.2692307692307692,0.23076923076923078,0.5,0.3076923076923077,0.8076923076923077,0.19230769230769232,0,0,0,0,0,0,0,0
2020,00-0034383,89,6.561797752808989,9,33,28,26,35,14,0.10112359550561797,0.3707865168539326,0.3146067415730337,0.29213483146067415,0.39325842696629215,0.15730337078651685,0.7752808988764045,0.033707865168539325,0.12359550561797752,0.06741573033707865,0,0,6.64758064516129,3.0650836734815274,0,12.848859136337918
2020,00-0034386,11,9.636363636363637,1,1,2,6,3,0,0.09090909090909091,0.09090909090909091,0.18181818181818182,0.5454545454545454,0.2727272727272727,0,0.8181818181818182,0,0.09090909090909091,0.09090909090909091,0,0,0,0,0,0
2020,00-0034391,1,10,0,0,0,0,1,0,0,0,0,0,1,0,0,0,0,0,0,0,0,0,0,0
2020,00-0034393,15,7.333333333333333,3,7,3,1,11,6,0.2,0.4666666666666667,0.2,0.06666666666666667,0.7333333333333333,0.4,0.7333333333333333,0.06666666666666667,0.2,0,0,0,0,0,0,0
2020,00-0034395,3,9.333333333333334,0,0,2,0,1,0,0,0,0.6666666666666666,0,0.3333333333333333,0,0.6666666666666666,0,0.3333333333333333,0,0,0,0,0,0,0
2020,00-0034400,16,-0.8125,1,14,7,1,8,2,0.0625,0.875,0.4375,0.0625,0.5,0.125,0.375,0.375,0.1875,0.0625,0,0,0,0,0,0
2020,00-0034407,22,-1.5,0,20,9,10,3,1,0,0.9090909090909091,0.4090909090909091,0.45454545454545453,0.13636363636363635,0.045454545454545456,0.5909090909090909,0.36363636363636365,0,0.045454545454545456,0,0,0,0,0,0
2020,00-0034411,109,8.504587155963304,19,34,52,25,32,17,0.1743119266055046,0.3119266055045872,0.47706422018348627,0.22935779816513763,0.29357798165137616,0.1559633027522936,0.6146788990825688,0.07339449541284404,0.1926605504587156,0.11926605504587157,0,0,5.4821,2.8195981696227568,0,17.53341800140707
2020,00-0034414,36,2.638888888888889,3,24,14,1,21,5,0.08333333333333333,0.6666666666666666,0.3888888888888889,0.027777777777777776,0.5833333333333334,0.1388888888888889,0.7777777777777778,0.16666666666666666,0.05555555555555555,0,0,0,0,0,0,0
2020,00-0034418,28,8.714285714285714,7,13,12,5,11,6,0.25,0.4642857142857143,0.42857142857142855,0.17857142857142858,0.39285714285714285,0.21428571428571427,0.6428571428571429,0.10714285714285714,0.14285714285714285,0.10714285714285714,0,0,0,0,0,0
2020,00-0034419,55,7.5636363636363635,14,28,21,12,22,5,0.2545454545454545,0.509090909090909,0.38181818181818183,0.21818181818181817,0.4,0.09090909090909091,0.6363636363636364,0.14545454545454545,0.18181818181818182,0.03636363636363636,0,0,7.141666666666667,3.42324568054728,0,10.42884870371236
2020,00-0034420,2,7.5,0,1,1,1,0,1,0,0.5,0.5,0.5,0,0.5,1,0,0,0,0,0,0,0,0,0
2020,00-0034426,12,14.75,4,2,4,2,6,1,0.3333333333333333,0.16666666666666666,0.3333333333333333,0.16666666666666666,0.5,0.08333333333333333,0.75,0,0.25,0,0,0,0,0,0,0
2020,00-0034439,20,10.25,4,7,4,4,12,1,0.2,0.35,0.2,0.2,0.6,0.05,0.6,0.05,0.3,0.05,0,0,0,0,0,0
2020,00-0034440,25,-1.9583333333333333,1,22,10,2,12,2,0.04,0.88,0.4,0.08,0.48,0.08,0.5833333333333334,0.3333333333333333,0.041666666666666664,0.041666666666666664,0,0,0,0,0,0
2020,00-0034445,1,8,0,0,0,1,0,1,0,0,0,1,0,1,0,0,0,0,0,0,0,0,0,0
2020,00-0034449,2,9.5,1,1,1,0,1,0,0.5,0.5,0.5,0,0.5,0,1,0,0,0,0,0,0,0,0,0
2020,00-0034457,8,0.125,0,8,1,3,4,0,0,1,0.125,0.375,0.5,0,1,0,0,0,0,0,0,0,0,0
2020,00-0034487,7,11.714285714285714,3,3,4,1,2,1,0.42857142857142855,0.42857142857142855,0.5714285714285714,0.14285714285714285,0.2857142857142857,0.14285714285714285,0.2857142857142857,0.2857142857142857,0.42857142857142855,0,0,0,0,0,0,0
2020,00-0034490,1,14,0,0,0,0,1,0,0,0,0,0,1,0,0,0,0,0,0,0,0,0,0,0
2020,00-0034510,6,14,2,3,2,3,1,1,0.3333333333333333,0.5,0.3333333333333333,0.5,0.16666666666666666,0.16666666666666666,0.5,0,0.3333333333333333,0.16666666666666666,0,0,0,0,0,0
2020,00-0034521,46,9.956521739130435,9,16,13,8,25,6,0.1956521739130435,0.34782608695652173,0.2826086956521739,0.17391304347826086,0.5434782608695652,0.13043478260869565,0.7391304347826086,0.06521739130434782,0.17391304347826086,0.021739130434782608,0,0,6.223333333333334,3.6916468716401,0,11.575385467182766
2020,00-0034578,2,-1,0,2,0,0,2,1,0,1,0,0,1,0.5,0.5,0.5,0,0,0,0,0,0,0,0
2020,00-0034597,9,2.2222222222222223,0,7,3,2,4,2,0,0.7777777777777778,0.3333333333333333,0.2222222222222222,0.4444444444444444,0.2222222222222222,1,0,0,0,0,0,0,0,0,0
2020,00-0034613,7,15.428571428571429,4,1,2,4,1,1,0.5714285714285714,0.14285714285714285,0.2857142857142857,0.5714285714285714,0.14285714285714285,0.14285714285714285,0.42857142857142855,0,0.42857142857142855,0.14285714285714285,0,0,0,0,0,0
2020,00-0034631,3,13,1,0,2,0,1,1,0.3333333333333333,0,0.6666666666666666,0,0.3333333333333333,0.3333333333333333,1,0,0,0,0,0,0,0,0,0
2020,00-0034646,18,4.611111111111111,1,13,10,1,7,5,0.05555555555555555,0.7222222222222222,0.5555555555555556,0.05555555555555555,0.3888888888888889,0.2777777777777778,0.7222222222222222,0.1111111111111111,0.1111111111111111,0.05555555555555555,0,0,0,0,0,0
2020,00-0034652,13,6.153846153846154,2,5,5,2,6,1,0.15384615384615385,0.38461538461538464,0.38461538461538464,0.15384615384615385,0.46153846153846156,0.07692307692307693,0.8461538461538461,0.07692307692307693,0.07692307692307693,0,0,0,0,0,0,0
2020,00-0034653,4,3.75,0,3,1,2,1,1,0,0.75,0.25,0.5,0.25,0.25,0.5,0,0.25,0.25,0,0,0,0,0,0
2020,00-0034660,2,32,2,0,0,1,1,0,1,0,0,0.5,0.5,0,0.5,0,0.5,0,0,0,0,0,0,0
2020,00-0034676,56,12.482142857142858,23,15,19,13,24,7,0.4107142857142857,0.26785714285714285,0.3392857142857143,0.23214285714285715,0.42857142857142855,0.125,0.48214285714285715,0.03571428571428571,0.375,0.10714285714285714,0,0,5.671454545454545,2.2765616170010192,0,15.331970753703198
2020,00-0034681,67,2.014925373134328,2,56,30,15,22,11,0.029850746268656716,0.835820895522388,0.44776119402985076,0.22388059701492538,0.3283582089552239,0.16417910447761194,0.8059701492537313,0.14925373134328357,0.029850746268656716,0.014925373134328358,0,0,0,0,0,0
2020,00-0034686,22,9.409090909090908,5,5,7,1,14,4,0.22727272727272727,0.22727272727272727,0.3181818181818182,0.045454545454545456,0.6363636363636364,0.18181818181818182,0.5,0.09090909090909091,0.3181818181818182,0.09090909090909091,0,0,0,0,0,0
2020,00-0034753,88,10.215909090909092,22,17,21,41,26,18,0.25,0.19318181818181818,0.23863636363636365,0.4659090909090909,0.29545454545454547,0.20454545454545456,0.7272727272727273,0,0.19318181818181818,0.07954545454545454,0,0,5.6320895522388055,2.5955981920808107,0,26.224953551522077
2020,00-0034764,105,11.780952380952382,28,23,51,17,37,14,0.26666666666666666,0.21904761904761905,0.4857142857142857,0.1619047619047619,0.3523809523809524,0.13333333333333333,0.5238095238095238,0.10476190476190476,0.2761904761904762,0.09523809523809523,0,0,5.55695238095238,2.7186194355352193,0,27.284084480482747
2020,00-0034765,50,9,11,16,15,16,19,7,0.22,0.32,0.3,0.32,0.38,0.14,0.8,0.02,0.12,0.06,0,0,6.680000000000001,3.484883469912088,0,14.565581731667788
2020,00-0034766,46,6.844444444444444,8,18,15,11,19,5,0.17391304347826086,0.391304347826087,0.32608695652173914,0.2391304347826087,0.41304347826086957,0.10869565217391304,0.7111111111111111,0.08888888888888889,0.17777777777777778,0.022222222222222223,0,0,6.088,3.6404059031196843,0,7.523609679538114
2020,00-0034772,4,7,0,1,1,0,3,0,0,0.25,0.25,0,0.75,0,0.75,0,0,0.25,0,0,0,0,0,0
2020,00-0034775,79,11.835443037974683,21,27,10,11,58,14,0.26582278481012656,0.34177215189873417,0.12658227848101267,0.13924050632911392,0.7341772151898734,0.17721518987341772,0.5316455696202531,0.10126582278481013,0.2911392405063291,0.0759493670886076,0,0,6.191351351351351,3.45400726743457,0,21.894485411545784
2020,00-0034777,94,13.978494623655914,37,16,34,19,40,13,0.39361702127659576,0.1702127659574468,0.3617021276595745,0.20212765957446807,0.425531914893617,0.13829787234042554,0.5376344086021505,0.03225806451612903,0.3655913978494624,0.06451612903225806,0,0,5.609230769230769,2.2804497233154364,0,27.47447755084229
2020,00-0034788,5,3.6,0,3,2,2,1,0,0,0.6,0.4,0.4,0.2,0,1,0,0,0,0,0,0,0,0,0
2020,00-0034791,18,2.7222222222222223,1,13,6,4,8,2,0.05555555555555555,0.7222222222222222,0.3333333333333333,0.2222222222222222,0.4444444444444444,0.1111111111111111,0.8333333333333334,0.05555555555555555,0.05555555555555555,0.05555555555555555,0,0,0,0,0,0
2020,00-0034798,29,3.9310344827586206,1,20,14,8,7,6,0.034482758620689655,0.6896551724137931,0.4827586206896552,0.27586206896551724,0.2413793103448276,0.20689655172413793,0.8275862068965517,0.06896551724137931,0,0.10344827586206896,0,0,0,0,0,0
2020,00-0034799,37,-0.5135135135135135,1,34,16,4,17,5,0.02702702702702703,0.918918918918919,0.43243243243243246,0.10810810810810811,0.4594594594594595,0.13513513513513514,0.8648648648648649,0.10810810810810811,0.02702702702702703,0,0,0,0,0,0,0
2020,00-0034816,42,0.8809523809523809,0,33,22,6,14,4,0,0.7857142857142857,0.5238095238095238,0.14285714285714285,0.3333333333333333,0.09523809523809523,0.8095238095238095,0.16666666666666666,0.023809523809523808,0,0,0,0,0,0,0
2020,00-0034827,118,13.228813559322035,43,28,51,28,39,9,0.3644067796610169,0.23728813559322035,0.4322033898305085,0.23728813559322035,0.3305084745762712,0.07627118644067797,0.5677966101694916,0.03389830508474576,0.2796610169491525,0.11864406779661017,0,0,6.029230769230769,2.510260779717669,0,39.574719285212225
2020,00-0034829,85,11.058823529411764,27,22,27,35,23,16,0.3176470588235294,0.25882352941176473,0.3176470588235294,0.4117647058823529,0.27058823529411763,0.18823529411764706,0.5294117647058824,0,0.38823529411764707,0.08235294117647059,0,0,5.9181944444444445,2.0491020353898577,0,22.271747418361873
2020,00-0034830,89,6.75,12,35,31,21,36,16,0.1348314606741573,0.39325842696629215,0.34831460674157305,0.23595505617977527,0.4044943820224719,0.1797752808988764,0.7727272727272727,0.056818181818181816,0.14772727272727273,0.022727272727272728,0,0,6.558548387096774,3.418660985400963,0,10.767951611282173
2020,00-0034837,145,14.34965034965035,64,26,56,25,62,24,0.4413793103448276,0.1793103448275862,0.38620689655172413,0.1724137931034483,0.42758620689655175,0.16551724137931034,0.5734265734265734,0.013986013986013986,0.32867132867132864,0.08391608391608392,0,0,6.086571428571428,2.9264692495979574,0,38.893893848163955
2020,00-0034838,13,1.6923076923076923,0,11,7,1,5,4,0,0.8461538461538461,0.5384615384615384,0.07692307692307693,0.38461538461538464,0.3076923076923077,0.7692307692307693,0.07692307692307693,0.07692307692307693,0.07692307692307693,0,0,0,0,0,0
2020,00-0034844,9,3.7777777777777777,1,4,1,2,6,2,0.1111111111111111,0.4444444444444444,0.1111111111111111,0.2222222222222222,0.6666666666666666,0.2222222222222222,0.6666666666666666,0.2222222222222222,0.1111111111111111,0,0,0,0,0,0,0
2020,00-0034845,9,-0.2222222222222222,0,8,2,1,6,0,0,0.8888888888888888,0.2222222222222222,0.1111111111111111,0.6666666666666666,0,0.6666666666666666,0.3333333333333333,0,0,0,0,0,0,0,0
2020,00-0034854,17,16.352941176470587,6,2,7,4,6,3,0.35294117647058826,0.11764705882352941,0.4117647058823529,0.23529411764705882,0.35294117647058826,0.17647058823529413,0.47058823529411764,0,0.4117647058823529,0.11764705882352941,0,0,0,0,0,0
2020,00-0034855,1,5,0,0,1,0,0,0,0,0,1,0,0,0,1,0,0,0,0,0,0,0,0,0
2020,00-0034857,1,-5,0,1,1,0,0,1,0,1,1,0,0,1,1,0,0,0,0,0,0,0,0,0
2020,00-0034860,6,18.333333333333332,3,0,3,2,1,0,0.5,0,0.5,0.3333333333333333,0.16666666666666666,0,0.6666666666666666,0,0.3333333333333333,0,0,0,0,0,0,0
2020,00-0034928,37,7.081081081081081,9,19,11,9,17,2,0.24324324324324326,0.5135135135135135,0.2972972972972973,0.24324324324324326,0.4594594594594595,0.05405405405405406,0.7027027027027027,0.10810810810810811,0.16216216216216217,0.02702702702702703,0,0,0,0,0,0
2020,00-0034960,82,10.197530864197532,23,20,22,31,28,6,0.2804878048780488,0.24390243902439024,0.2682926829268293,0.3780487804878049,0.34146341463414637,0.07317073170731707,0.8024691358024691,0.024691358024691357,0.1111111111111111,0.06172839506172839,0,0,6.290133333333334,3.4127916360903354,0,28.29588542603713
2020,00-0034970,44,8.046511627906977,9,15,20,10,13,13,0.20454545454545456,0.3409090909090909,0.45454545454545453,0.22727272727272727,0.29545454545454547,0.29545454545454547,0.8372093023255814,0,0.06976744186046512,0.09302325581395349,0,0,4.692499999999999,2.9899444625870464,0,8.817976859995543
2020,00-0034972,15,2.7333333333333334,1,14,5,8,2,0,0.06666666666666667,0.9333333333333333,0.3333333333333333,0.5333333333333333,0.13333333333333333,0,0.8,0.13333333333333333,0.06666666666666667,0,0,0,0,0,0,0
2020,00-0034975,5,-1.4,0,5,2,1,2,2,0,1,0.4,0.2,0.4,0.4,1,0,0,0,0,0,0,0,0,0
2020,00-0034981,9,12.11111111111111,5,3,6,1,2,1,0.5555555555555556,0.3333333333333333,0.6666666666666666,0.1111111111111111,0.2222222222222222,0.1111111111111111,0.4444444444444444,0,0.5555555555555556,0,0,0,0,0,0,0
2020,00-0034983,77,7.103896103896104,11,35,34,17,26,8,0.14285714285714285,0.45454545454545453,0.44155844155844154,0.22077922077922077,0.33766233766233766,0.1038961038961039,0.6233766233766234,0.14285714285714285,0.11688311688311688,0.11688311688311688,0,0,6.631029411764706,3.4774215288126977,0,12.1347046425651
2020,00-0034988,21,1.9523809523809523,0,17,10,6,5,4,0,0.8095238095238095,0.47619047619047616,0.2857142857142857,0.23809523809523808,0.19047619047619047,0.8571428571428571,0.09523809523809523,0.047619047619047616,0,0,0,0,0,0,0
2020,00-0035006,20,11.31578947368421,5,3,9,0,10,1,0.25,0.15,0.45,0,0.5,0.05,0.631578947368421,0,0.15789473684210525,0.21052631578947367,0,0,0,0,0,0
2020,00-0035021,6,5.166666666666667,1,4,2,3,1,0,0.16666666666666666,0.6666666666666666,0.3333333333333333,0.5,0.16666666666666666,0,0.5,0.16666666666666666,0.16666666666666666,0.16666666666666666,0,0,0,0,0,0
2020,00-0035022,1,-1,0,1,1,0,0,0,0,1,1,0,0,0,0,1,0,0,0,0,0,0,0,0
2020,00-0035039,2,0,0,2,1,1,0,1,0,1,0.5,0.5,0,0.5,1,0,0,0,0,0,0,0,0,0
2020,00-0035099,5,1,0,5,1,1,3,0,0,1,0.2,0.2,0.6,0,1,0,0,0,0,0,0,0,0,0
2020,00-0035102,1,5,0,0,1,0,0,0,0,0,1,0,0,0,1,0,0,0,0,0,0,0,0,0
2020,00-0035125,17,4.470588235294118,3,13,3,0,14,3,0.17647058823529413,0.7647058823529411,0.17647058823529413,0,0.8235294117647058,0.17647058823529413,0.8235294117647058,0.058823529411764705,0.11764705882352941,0,0,0,0,0,0,0
2020,00-0035140,63,10.64516129032258,17,18,24,17,21,5,0.2698412698412698,0.2857142857142857,0.38095238095238093,0.2698412698412698,0.3333333333333333,0.07936507936507936,0.6774193548387096,0.0967741935483871,0.1774193548387097,0.04838709677419355,0,0,6.343035714285713,3.408409829710322,0,13.049960336284524
2020,00-0035148,11,-2.6363636363636362,0,11,7,0,4,2,0,1,0.6363636363636364,0,0.36363636363636365,0.18181818181818182,0.6363636363636364,0.36363636363636365,0,0,0,0,0,0,0,0
2020,00-0035181,8,15,3,3,2,2,4,1,0.375,0.375,0.25,0.25,0.5,0.125,0.5,0.125,0.375,0,0,0,0,0,0,0
2020,00-0035184,9,0.3333333333333333,0,8,2,1,6,1,0,0.8888888888888888,0.2222222222222222,0.1111111111111111,0.6666666666666666,0.1111111111111111,0.7777777777777778,0.2222222222222222,0,0,0,0,0,0,0,0
2020,00-0035187,1,-6,0,1,1,0,0,0,0,1,1,0,0,0,0,1,0,0,0,0,0,0,0,0
2020,00-0035208,32,13.75,9,7,11,9,12,2,0.28125,0.21875,0.34375,0.28125,0.375,0.0625,0.59375,0,0.21875,0.1875,0,0,0,0,0,0
2020,00-0035215,25,4.04,4,14,9,6,10,3,0.16,0.56,0.36,0.24,0.4,0.12,0.76,0.16,0.04,0.04,0,0,0,0,0,0
2020,00-0035216,144,7.916666666666667,29,78,63,27,54,11,0.2013888888888889,0.5416666666666666,0.4375,0.1875,0.375,0.0763888888888889,0.4722222222222222,0.1111111111111111,0.2222222222222222,0.19444444444444445,0,0,5.420699300699301,3.16699427028552,0,24.429507574959434
2020,00-0035217,14,-1.9285714285714286,0,14,3,6,5,3,0,1,0.21428571428571427,0.42857142857142855,0.35714285714285715,0.21428571428571427,0.7142857142857143,0.21428571428571427,0,0.07142857142857142,0,0,0,0,0,0
2020,00-0035229,102,7.02970297029703,12,42,31,28,42,18,0.11764705882352941,0.4117647058823529,0.30392156862745096,0.27450980392156865,0.4117647058823529,0.17647058823529413,0.7029702970297029,0.06930693069306931,0.15841584158415842,0.06930693069306931,0,0,5.689506172839506,3.3251237850143958,0,14.552680619410143
2020,00-0035243,52,1.8269230769230769,3,45,22,7,23,1,0.057692307692307696,0.8653846153846154,0.4230769230769231,0.1346153846153846,0.4423076923076923,0.019230769230769232,0.8076923076923077,0.1346153846153846,0.057692307692307696,0,0,0,0,0,0,0
2020,00-0035246,9,15.125,3,1,2,2,4,2,0.3333333333333333,0.1111111111111111,0.2222222222222222,0.2222222222222222,0.4444444444444444,0.2222222222222222,0.375,0,0.375,0.25,0,0,0,0,0,0
2020,00-0035250,50,1.02,2,41,19,5,26,7,0.04,0.82,0.38,0.1,0.52,0.14,0.72,0.22,0.06,0,0,0,0,0,0,0
2020,00-0035259,2,3.5,0,1,0,0,2,1,0,0.5,0,0,1,0.5,1,0,0,0,0,0,0,0,0,0
2020,00-0035261,40,-0.35,1,36,13,10,17,8,0.025,0.9,0.325,0.25,0.425,0.2,0.8,0.175,0.025,0,0,0,0,0,0,0
2020,00-0035287,23,10.869565217391305,5,10,6,5,12,2,0.21739130434782608,0.43478260869565216,0.2608695652173913,0.21739130434782608,0.5217391304347826,0.08695652173913043,0.6956521739130435,0.043478260869565216,0.21739130434782608,0.043478260869565216,0,0,0,0,0,0
2020,00-0035289,1,-8,0,1,0,1,0,0,0,1,0,1,0,0,0,0,0,0,0,0,0,0,0,0
2020,00-0035291,5,-2.2,0,5,3,0,2,0,0,1,0.6,0,0.4,0,0.6,0.4,0,0,0,0,0,0,0,0
2020,00-0035298,53,15.849056603773585,23,12,28,6,19,4,0.4339622641509434,0.22641509433962265,0.5283018867924528,0.11320754716981132,0.3584905660377358,0.07547169811320754,0.6226415094339622,0.09433962264150944,0.2641509433962264,0.018867924528301886,0,0,6.188,3.437165888203161,0,14.489925276530395
2020,00-0035304,1,-2,0,1,0,0,1,0,0,1,0,0,1,0,1,0,0,0,0,0,0,0,0,0
2020,00-0035310,2,1,0,2,1,0,1,0,0,1,0.5,0,0.5,0,1,0,0,0,0,0,0,0,0,0
2020,00-0035311,47,0.2127659574468085,1,40,25,10,12,7,0.02127659574468085,0.851063829787234,0.5319148936170213,0.2127659574468085,0.2553191489361702,0.14893617021276595,0.8085106382978723,0.14893617021276595,0,0.0425531914893617,0,0,0,0,0,0
2020,00-0035313,6,11.666666666666666,2,1,1,3,2,0,0.3333333333333333,0.16666666666666666,0.16666666666666666,0.5,0.3333333333333333,0,0.6666666666666666,0,0.3333333333333333,0,0,0,0,0,0,0
2020,00-0035329,20,8.75,5,6,8,2,10,7,0.25,0.3,0.4,0.1,0.5,0.35,0.65,0,0.35,0,0,0,0,0,0,0
2020,00-0035341,2,6,0,1,0,1,1,1,0,0.5,0,0.5,0.5,0.5,0.5,0,0,0.5,0,0,0,0,0,0
2020,00-0035342,12,2.5833333333333335,0,8,5,3,4,1,0,0.6666666666666666,0.4166666666666667,0.25,0.3333333333333333,0.08333333333333333,0.9166666666666666,0,0,0.08333333333333333,0,0,0,0,0,0
2020,00-0035350,37,14.514285714285714,13,9,16,7,12,8,0.35135135135135137,0.24324324324324326,0.43243243243243246,0.1891891891891892,0.32432432432432434,0.21621621621621623,0.34285714285714286,0,0.45714285714285713,0.2,0,0,0,0,0,0
2020,00-0035406,5,10.6,2,1,1,1,3,1,0.4,0.2,0.2,0.2,0.6,0.2,0.4,0,0.6,0,0,0,0,0,0,0
2020,00-0035414,55,16.272727272727273,23,14,14,12,29,7,0.41818181818181815,0.2545454545454545,0.2545454545454545,0.21818181818181817,0.5272727272727272,0.12727272727272726,0.5636363636363636,0.05454545454545454,0.38181818181818183,0,0,0,6.191090909090909,3.0701127569768443,0,19.188351182830452
2020,00-0035457,26,20.53846153846154,13,5,9,4,13,1,0.5,0.19230769230769232,0.34615384615384615,0.15384615384615385,0.5,0.038461538461538464,0.6538461538461539,0.038461538461538464,0.2692307692307692,0.038461538461538464,0,0,0,0,0,0
2020,00-0035480,6,6.666666666666667,2,4,3,3,0,1,0.3333333333333333,0.6666666666666666,0.5,0.5,0,0.16666666666666666,0.6666666666666666,0,0.3333333333333333,0,0,0,0,0,0,0
2020,00-0035510,37,12.64864864864865,11,10,17,4,16,2,0.2972972972972973,0.2702702702702703,0.4594594594594595,0.10810810810810811,0.43243243243243246,0.05405405405405406,0.5945945945945946,0.02702702702702703,0.2972972972972973,0.08108108108108109,0,0,0,0,0,0
2020,00-0035527,35,11.257142857142858,9,14,9,9,17,3,0.2571428571428571,0.4,0.2571428571428571,0.2571428571428571,0.4857142857142857,0.08571428571428572,0.5714285714285714,0.08571428571428572,0.2571428571428571,0.08571428571428572,0,0,0,0,0,0
2020,00-0035529,1,3,0,1,0,0,1,1,0,1,0,0,1,1,0,0,1,0,0,0,0,0,0,0
2020,00-0035535,96,13.572916666666666,32,11,48,18,30,10,0.3333333333333333,0.11458333333333333,0.5,0.1875,0.3125,0.10416666666666667,0.5,0.020833333333333332,0.2708333333333333,0.20833333333333334,0,0,5.419894736842105,2.3150101130325997,0,34.440401524855446
2020,00-0035537,21,2.5238095238095237,2,19,10,1,10,1,0.09523809523809523,0.9047619047619048,0.47619047619047616,0.047619047619047616,0.47619047619047616,0.047619047619047616,0.7619047619047619,0.14285714285714285,0.047619047619047616,0.047619047619047616,0,0,0,0,0,0
2020,00-0035539,2,1.5,0,2,1,0,1,1,0,1,0.5,0,0.5,0.5,1,0,0,0,0,0,0,0,0,0
2020,00-0035567,1,1,0,1,0,0,1,0,0,1,0,0,1,0,1,0,0,0,0,0,0,0,0,0
2020,00-0035590,4,9,1,0,1,1,2,1,0.25,0,0.25,0.25,0.5,0.25,0.75,0,0.25,0,0,0,0,0,0,0
2020,00-0035592,67,11.985074626865671,24,7,21,10,36,10,0.3582089552238806,0.1044776119402985,0.31343283582089554,0.14925373134328357,0.5373134328358209,0.14925373134328357,0.6567164179104478,0.04477611940298507,0.26865671641791045,0.029850746268656716,0,0,6.100909090909091,2.4917131578078013,0,16.80310401363862
2020,00-0035594,10,0.2,0,10,3,4,3,1,0,1,0.3,0.4,0.3,0.1,0.9,0.1,0,0,0,0,0,0,0,0
2020,00-0035624,57,8.017543859649123,9,21,23,15,19,10,0.15789473684210525,0.3684210526315789,0.40350877192982454,0.2631578947368421,0.3333333333333333,0.17543859649122806,0.6140350877192983,0.07017543859649122,0.19298245614035087,0.12280701754385964,0,0,6.038035714285714,2.854030523473694,0,15.775305767056933
2020,00-0035628,4,0,0,3,2,0,2,1,0,0.75,0.5,0,0.5,0.25,0.75,0.25,0,0,0,0,0,0,0,0
2020,00-0035631,53,4.188679245283019,3,33,17,15,21,11,0.05660377358490566,0.6226415094339622,0.32075471698113206,0.2830188679245283,0.39622641509433965,0.20754716981132076,0.7547169811320755,0.05660377358490566,0.1320754716981132,0.05660377358490566,0,0,5.8521875,3.8553461426240454,0,4.953446706024025
2020,00-0035639,9,11.88888888888889,3,2,4,3,2,0,0.3333333333333333,0.2222222222222222,0.4444444444444444,0.3333333333333333,0.2222222222222222,0,0.7777777777777778,0,0.2222222222222222,0,0,0,0,0,0,0
2020,00-0035640,129,13.705426356589147,45,23,63,30,36,16,0.3488372093023256,0.17829457364341086,0.4883720930232558,0.23255813953488372,0.27906976744186046,0.12403100775193798,0.4418604651162791,0.08527131782945736,0.31007751937984496,0.16279069767441862,0,0,5.427952755905512,2.615326192435222,0,38.00619004611129
2020,00-0035644,94,6.731182795698925,15,42,22,25,46,13,0.1595744680851064,0.44680851063829785,0.23404255319148937,0.26595744680851063,0.48936170212765956,0.13829787234042554,0.7204301075268817,0.07526881720430108,0.1827956989247312,0.021505376344086023,0,0,6.189154929577466,3.4737569946062905,0,12.758873395658377
2020,00-0035645,5,5.4,0,2,1,2,2,0,0,0.4,0.2,0.4,0.4,0,0.4,0.4,0.2,0,0,0,0,0,0,0
2020,00-0035657,7,-0.42857142857142855,0,7,4,2,1,1,0,1,0.5714285714285714,0.2857142857142857,0.14285714285714285,0.14285714285714285,0.7142857142857143,0.2857142857142857,0,0,0,0,0,0,0,0
2020,00-0035659,135,9.701492537313433,29,48,63,34,37,14,0.21481481481481482,0.35555555555555557,0.4666666666666667,0.2518518518518518,0.2740740740740741,0.1037037037037037,0.5,0.12686567164179105,0.1865671641791045,0.1865671641791045,0,0,5.235546875000001,2.8262907833157573,0,35.63208505113167
2020,00-0035660,7,8.285714285714286,2,2,1,2,4,2,0.2857142857142857,0.2857142857142857,0.14285714285714285,0.2857142857142857,0.5714285714285714,0.2857142857142857,0.5714285714285714,0,0.2857142857142857,0.14285714285714285,0,0,0,0,0,0
2020,00-0035662,100,12.91,33,29,23,39,38,11,0.33,0.29,0.23,0.39,0.38,0.11,0.57,0.04,0.29,0.1,0,0,7.455670103092784,3.2657447915639746,0,39.2965556667143
2020,00-0035664,24,0.6666666666666666,2,20,15,3,6,4,0.08333333333333333,0.8333333333333334,0.625,0.125,0.25,0.16666666666666666,0.75,0.16666666666666666,0.08333333333333333,0,0,0,0,0,0,0
2020,00-0035671,15,6.866666666666666,4,9,6,1,8,3,0.26666666666666666,0.6,0.4,0.06666666666666667,0.5333333333333333,0.2,0.8,0,0.2,0,0,0,0,0,0,0
2020,00-0035676,106,10.849056603773585,15,23,41,29,36,12,0.14150943396226415,0.2169811320754717,0.3867924528301887,0.27358490566037735,0.33962264150943394,0.11320754716981132,0.6132075471698113,0.04716981132075472,0.1792452830188679,0.16037735849056603,0,0,5.445809523809524,2.404694913284214,0,30.603881365873555
2020,00-0035685,68,0.9411764705882353,1,61,28,20,20,12,0.014705882352941176,0.8970588235294118,0.4117647058823529,0.29411764705882354,0.29411764705882354,0.17647058823529413,0.7794117647058824,0.17647058823529413,0.029411764705882353,0.014705882352941176,0,0,0,0,0,0
2020,00-0035689,44,8.181818181818182,10,20,19,10,15,10,0.22727272727272727,0.45454545454545453,0.4318181818181818,0.22727272727272727,0.3409090909090909,0.22727272727272727,0.75,0.045454545454545456,0.20454545454545456,0,0,0,5.042187499999999,3.9694209066443573,0,7.193671210716328
2020,00-0035700,45,0.7333333333333333,0,39,19,15,11,3,0,0.8666666666666667,0.4222222222222222,0.3333333333333333,0.24444444444444444,0.06666666666666667,0.8444444444444444,0.1111111111111111,0.044444444444444446,0,0,0,0,0,0,0
2020,00-0035703,33,11.606060606060606,8,6,9,11,13,6,0.24242424242424243,0.18181818181818182,0.2727272727272727,0.3333333333333333,0.3939393939393939,0.18181818181818182,0.625,0,0.3125,0.0625,0,0,0,0,0,0
2020,00-0035719,44,2.5,4,30,16,14,14,2,0.09090909090909091,0.6818181818181818,0.36363636363636365,0.3181818181818182,0.3181818181818182,0.045454545454545456,0.7272727272727273,0.1590909090909091,0.022727272727272728,0.09090909090909091,0,0,6.914634146341462,4.60005230039468,0,2.459362157659175
2020,00-0035726,9,1.6666666666666667,0,8,5,1,3,2,0,0.8888888888888888,0.5555555555555556,0.1111111111111111,0.3333333333333333,0.2222222222222222,0.8888888888888888,0.1111111111111111,0,0,0,0,0,0,0,0
2020,00-0035806,8,-2.375,0,7,3,2,3,0,0,0.875,0.375,0.25,0.375,0,0.75,0.125,0,0.125,0,0,0,0,0,0
2020,00-0035823,5,11.25,1,1,0,2,2,1,0.2,0.2,0,0.4,0.4,0.2,0.75,0,0.25,0,0,0,0,0,0,0
2020,00-0035831,62,-0.8166666666666667,1,52,25,9,26,8,0.016129032258064516,0.8387096774193549,0.4032258064516129,0.14516129032258066,0.41935483870967744,0.12903225806451613,0.8166666666666667,0.15,0.03333333333333333,0,0,0,0,0,0,0
2020,00-0035848,10,1.6,1,8,5,1,4,1,0.1,0.8,0.5,0.1,0.4,0.1,0.6,0.3,0.1,0,0,0,0,0,0,0
2020,00-0035869,11,8.272727272727273,1,3,5,3,3,3,0.09090909090909091,0.2727272727272727,0.45454545454545453,0.2727272727272727,0.2727272727272727,0.2727272727272727,0.45454545454545453,0.09090909090909091,0.18181818181818182,0.2727272727272727,0,0,0,0,0,0
2020,00-0035908,7,0.8571428571428571,0,7,1,0,6,3,0,1,0.14285714285714285,0,0.8571428571428571,0.42857142857142855,1,0,0,0,0,0,0,0,0,0
2020,00-0035912,1,0,0,1,1,0,0,0,0,1,1,0,0,0,1,0,0,0,0,0,0,0,0,0
2020,00-0035924,1,-4,0,1,0,1,0,1,0,1,0,1,0,1,1,0,0,0,0,0,0,0,0,0
2020,00-0035957,11,1.4545454545454546,0,10,6,2,3,1,0,0.9090909090909091,0.5454545454545454,0.18181818181818182,0.2727272727272727,0.09090909090909091,1,0,0,0,0,0,0,0,0,0
2020,00-0036000,1,-4,0,1,0,0,1,0,0,1,0,0,1,0,1,0,0,0,0,0,0,0,0,0
2020,00-0036005,1,3,0,1,0,0,1,0,0,1,0,0,1,0,1,0,0,0,0,0,0,0,0,0
2020,00-0036008,3,22.333333333333332,2,0,0,2,1,1,0.6666666666666666,0,0,0.6666666666666666,0.3333333333333333,0.3333333333333333,0.3333333333333333,0,0.6666666666666666,0,0,0,0,0,0,0
2020,00-0036020,15,-0.5,0,12,6,3,5,2,0,0.8,0.4,0.2,0.3333333333333333,0.13333333333333333,0.7142857142857143,0.21428571428571427,0,0.07142857142857142,0,0,0,0,0,0
2020,00-0036040,10,7.3,2,4,4,2,4,1,0.2,0.4,0.4,0.2,0.4,0.1,0.6,0.1,0.2,0.1,0,0,0,0,0,0
2020,00-0036069,1,3,0,1,1,0,0,1,0,1,1,0,0,1,1,0,0,0,0,0,0,0,0,0
2020,00-0036096,2,-3.5,0,2,1,1,0,1,0,1,0.5,0.5,0,0.5,0.5,0.5,0,0,0,0,0,0,0,0
2020,00-0036100,2,-0.5,0,2,2,0,0,0,0,1,1,0,0,0,0.5,0.5,0,0,0,0,0,0,0,0
2020,00-0036110,11,11.454545454545455,4,2,7,0,4,0,0.36363636363636365,0.18181818181818182,0.6363636363636364,0,0.36363636363636365,0,0.6363636363636364,0,0.36363636363636365,0,0,0,0,0,0,0
2020,00-0036133,3,4,0,2,0,1,2,0,0,0.6666666666666666,0,0.3333333333333333,0.6666666666666666,0,1,0,0,0,0,0,0,0,0,0
2020,00-0036142,35,3.8857142857142857,3,22,12,8,15,4,0.08571428571428572,0.6285714285714286,0.34285714285714286,0.22857142857142856,0.42857142857142855,0.11428571428571428,0.6,0.34285714285714286,0.05714285714285714,0,0,0,0,0,0,0
2020,00-0036145,6,14,2,0,3,2,1,1,0.3333333333333333,0,0.5,0.3333333333333333,0.16666666666666666,0.16666666666666666,0.16666666666666666,0,0.8333333333333334,0,0,0,0,0,0,0
2020,00-0036158,25,0,0,21,5,10,9,2,0,0.84,0.2,0.4,0.36,0.08,0.75,0.16666666666666666,0,0.08333333333333333,0,0,0,0,0,0
2020,00-0036171,1,3,0,1,1,0,0,0,0,1,1,0,0,0,0,0,0,0,0,0,0,0,0,0
2020,00-0036182,9,10.25,2,3,4,1,3,2,0.2222222222222222,0.3333333333333333,0.4444444444444444,0.1111111111111111,0.3333333333333333,0.2222222222222222,0.5714285714285714,0,0.2857142857142857,0.14285714285714285,0,0,0,0,0,0
2020,00-0036187,2,4,0,1,1,0,1,1,0,0.5,0.5,0,0.5,0.5,0.5,0,0.5,0,0,0,0,0,0,0
2020,00-0036188,1,4,0,1,0,1,0,0,0,1,0,1,0,0,1,0,0,0,0,0,0,0,0,0
2020,00-0036194,7,9.571428571428571,2,2,1,4,2,1,0.2857142857142857,0.2857142857142857,0.14285714285714285,0.5714285714285714,0.2857142857142857,0.14285714285714285,0.5714285714285714,0,0.42857142857142855,0,0,0,0,0,0,0
2020,00-0036196,62,15.241935483870968,21,8,24,13,25,12,0.3387096774193548,0.12903225806451613,0.3870967741935484,0.20967741935483872,0.4032258064516129,0.1935483870967742,0.4838709677419355,0.04838709677419355,0.3870967741935484,0.08064516129032258,0,0,6.266885245901639,3.167483879569995,0,19.454122196137224
2020,00-0036219,27,8.37037037037037,3,10,10,6,11,3,0.1111111111111111,0.37037037037037035,0.37037037037037035,0.2222222222222222,0.4074074074074074,0.1111111111111111,0.8518518518518519,0,0.07407407407407407,0.07407407407407407,0,0,0,0,0,0
2020,00-0036223,39,-1.1282051282051282,1,37,20,2,17,5,0.02564102564102564,0.9487179487179487,0.5128205128205128,0.05128205128205128,0.4358974358974359,0.1282051282051282,0.7692307692307693,0.1794871794871795,0.05128205128205128,0,0,0,0,0,0,0
2020,00-0036225,5,8.8,1,1,2,2,1,0,0.2,0.2,0.4,0.4,0.2,0,0.8,0,0.2,0,0,0,0,0,0,0
2020,00-0036232,38,7.7368421052631575,8,12,17,8,13,5,0.21052631578947367,0.3157894736842105,0.4473684210526316,0.21052631578947367,0.34210526315789475,0.13157894736842105,0.7105263157894737,0.05263157894736842,0.15789473684210525,0.07894736842105263,0,0,0,0,0,0
2020,00-0036233,21,17.2,9,1,9,5,6,2,0.42857142857142855,0.047619047619047616,0.42857142857142855,0.23809523809523808,0.2857142857142857,0.09523809523809523,0.4,0,0.45,0.15,0,0,0,0,0,0
2020,00-0036244,2,5.5,0,0,0,1,1,1,0,0,0,0.5,0.5,0.5,1,0,0,0,0,0,0,0,0,0
2020,00-0036245,13,8.76923076923077,2,5,5,3,5,0,0.15384615384615385,0.38461538461538464,0.38461538461538464,0.23076923076923078,0.38461538461538464,0,0.6153846153846154,0,0.15384615384615385,0.23076923076923078,0,0,0,0,0,0
2020,00-0036247,21,10.714285714285714,5,8,9,5,7,4,0.23809523809523808,0.38095238095238093,0.42857142857142855,0.23809523809523808,0.3333333333333333,0.19047619047619047,0.6666666666666666,0.09523809523809523,0.14285714285714285,0.09523809523809523,0,0,0,0,0,0
2020,00-0036250,2,13.5,0,0,1,1,0,1,0,0,0.5,0.5,0,0.5,0.5,0,0.5,0,0,0,0,0,0,0
2020,00-0036251,18,1.7777777777777777,0,14,8,2,8,2,0,0.7777777777777778,0.4444444444444444,0.1111111111111111,0.4444444444444444,0.1111111111111111,0.8333333333333334,0.16666666666666666,0,0,0,0,0,0,0,0
2020,00-0036252,61,8.360655737704919,10,23,16,19,26,9,0.16393442622950818,0.3770491803278688,0.26229508196721313,0.3114754098360656,0.4262295081967213,0.14754098360655737,0.639344262295082,0.08196721311475409,0.11475409836065574,0.16393442622950818,0,0,6.276166666666667,3.1740781574080157,0,13.020634601867659
2020,00-0036254,33,12.096774193548388,10,5,10,9,12,7,0.30303030303030304,0.15151515151515152,0.30303030303030304,0.2727272727272727,0.36363636363636365,0.21212121212121213,0.6129032258064516,0.03225806451612903,0.3225806451612903,0.03225806451612903,0,0,0,0,0,0
2020,00-0036255,45,15.340909090909092,19,9,17,10,17,5,0.4222222222222222,0.2,0.37777777777777777,0.2222222222222222,0.37777777777777777,0.1111111111111111,0.6136363636363636,0,0.36363636363636365,0.022727272727272728,0,0,4.953255813953489,2.134927897603069,0,16.356175908409945
2020,00-0036261,96,9.395833333333334,22,30,45,29,22,14,0.22916666666666666,0.3125,0.46875,0.3020833333333333,0.22916666666666666,0.14583333333333334,0.5520833333333334,0.10416666666666667,0.1875,0.15625,0,0,5.548461538461539,2.7800341384372405,0,24.621478429510223
2020,00-0036265,2,2.5,0,2,2,0,0,1,0,1,1,0,0,0.5,1,0,0,0,0,0,0,0,0,0
2020,00-0036268,79,6.2405063291139244,10,37,26,18,35,10,0.12658227848101267,0.46835443037974683,0.3291139240506329,0.22784810126582278,0.4430379746835443,0.12658227848101267,0.7215189873417721,0.12658227848101267,0.10126582278481013,0.05063291139240506,0,0,7.064571428571428,3.3113755128203812,0,10.522958256016192
2020,00-0036269,15,1.7333333333333334,1,14,7,4,4,1,0.06666666666666667,0.9333333333333333,0.4666666666666667,0.26666666666666666,0.26666666666666666,0.06666666666666667,0.8,0.06666666666666667,0.13333333333333333,0,0,0,0,0,0,0
2020,00-0036271,13,9.461538461538462,4,7,6,4,3,2,0.3076923076923077,0.5384615384615384,0.46153846153846156,0.3076923076923077,0.23076923076923078,0.15384615384615385,0.6923076923076923,0.15384615384615385,0.15384615384615385,0,0,0,0,0,0,0
2020,00-0036275,57,0.8771929824561403,2,43,20,11,26,9,0.03508771929824561,0.7543859649122807,0.3508771929824561,0.19298245614035087,0.45614035087719296,0.15789473684210525,0.7543859649122807,0.17543859649122806,0.03508771929824561,0.03508771929824561,0,0,0,0,0,0
2020,00-0036277,36,14.542857142857143,10,6,12,10,13,5,0.2777777777777778,0.16666666666666666,0.3333333333333333,0.2777777777777778,0.3611111111111111,0.1388888888888889,0.45714285714285713,0,0.42857142857142855,0.11428571428571428,0,0,0,0,0,0
2020,00-0036278,2,-0.5,0,2,2,0,0,0,0,1,1,0,0,0,1,0,0,0,0,0,0,0,0,0
2020,00-0036290,45,6.545454545454546,6,19,16,16,12,7,0.13333333333333333,0.4222222222222222,0.35555555555555557,0.35555555555555557,0.26666666666666666,0.15555555555555556,0.8181818181818182,0.022727272727272728,0.13636363636363635,0.022727272727272728,0,0,6.427096774193548,3.5571709967818976,0,5.759390472303182
2020,00-0036297,4,-0.5,0,4,0,1,3,1,0,1,0,0.25,0.75,0.25,0.75,0.25,0,0,0,0,0,0,0,0
2020,00-0036309,99,11.510204081632653,33,43,40,12,46,11,0.3333333333333333,0.43434343434343436,0.40404040404040403,0.12121212121212122,0.46464646464646464,0.1111111111111111,0.6530612244897959,0.09183673469387756,0.24489795918367346,0.01020408163265306,0,0,7.62752808988764,3.219063439899961,0,24.448922931056114
2020,00-0036322,128,11.44,40,24,57,24,44,15,0.3125,0.1875,0.4453125,0.1875,0.34375,0.1171875,0.632,0.048,0.2,0.12,0,0,5.797131147540983,2.6343901965568284,0,35.614547977107755
2020,00-0036326,112,13.192660550458715,37,30,33,20,56,16,0.33035714285714285,0.26785714285714285,0.29464285714285715,0.17857142857142858,0.5,0.14285714285714285,0.44954128440366975,0.06422018348623854,0.3302752293577982,0.1559633027522936,0,0,5.712242990654206,2.513778395444474,0,30.556269622200226
2020,00-0036328,44,-0.8181818181818182,0,41,14,6,24,3,0,0.9318181818181818,0.3181818181818182,0.13636363636363635,0.5454545454545454,0.06818181818181818,0.8409090909090909,0.1590909090909091,0,0,0,0,0,0,0,0
2020,00-0036331,26,6.1923076923076925,4,14,8,10,8,2,0.15384615384615385,0.5384615384615384,0.3076923076923077,0.38461538461538464,0.3076923076923077,0.07692307692307693,0.46153846153846156,0.23076923076923078,0.07692307692307693,0.23076923076923078,0,0,0,0,0,0
2020,00-0036332,2,12,1,1,2,0,0,0,0.5,0.5,1,0,0,0,0.5,0,0.5,0,0,0,0,0,0,0
2020,00-0036336,9,2.5555555555555554,1,6,2,3,4,0,0.1111111111111111,0.6666666666666666,0.2222222222222222,0.3333333333333333,0.4444444444444444,0,0.6666666666666666,0.1111111111111111,0.1111111111111111,0.1111111111111111,0,0,0,0,0,0
2020,00-0036340,7,11.285714285714286,3,1,1,2,4,0,0.42857142857142855,0.14285714285714285,0.14285714285714285,0.2857142857142857,0.5714285714285714,0,0.7142857142857143,0,0.2857142857142857,0,0,0,0,0,0,0
2020,00-0036357,43,17.3953488372093,19,15,16,10,17,2,0.4418604651162791,0.3488372093023256,0.37209302325581395,0.23255813953488372,0.3953488372093023,0.046511627906976744,0.627906976744186,0,0.3488372093023256,0.023255813953488372,0,0,6.963589743589744,3.3474026702350392,0,16.758381609407213
2020,00-0036358,111,9.288288288288289,30,35,33,38,40,11,0.2702702702702703,0.3153153153153153,0.2972972972972973,0.34234234234234234,0.36036036036036034,0.0990990990990991,0.6306306306306306,0.06306306306306306,0.22522522522522523,0.08108108108108109,0,0,5.873218390804598,3.015356082812003,0,22.302770301544577
2020,00-0036360,54,0.6111111111111112,1,46,24,5,25,6,0.018518518518518517,0.8518518518518519,0.4444444444444444,0.09259259259259259,0.46296296296296297,0.1111111111111111,0.6666666666666666,0.25925925925925924,0.07407407407407407,0,0,0,0,0,0,0
2020,00-0036364,37,5,5,22,14,12,11,2,0.13513513513513514,0.5945945945945946,0.3783783783783784,0.32432432432432434,0.2972972972972973,0.05405405405405406,0.6486486486486487,0.10810810810810811,0.10810810810810811,0.13513513513513514,0,0,0,0,0,0
2020,00-0036365,15,8.466666666666667,4,5,5,5,5,1,0.26666666666666666,0.3333333333333333,0.3333333333333333,0.3333333333333333,0.3333333333333333,0.06666666666666667,0.8,0,0.2,0,0,0,0,0,0,0
2020,00-0036370,23,-1.0869565217391304,0,21,6,7,10,2,0,0.9130434782608695,0.2608695652173913,0.30434782608695654,0.43478260869565216,0.08695652173913043,0.9565217391304348,0.043478260869565216,0,0,0,0,0,0,0,0
2020,00-0036377,1,-9,0,1,1,0,0,0,0,1,1,0,0,0,1,0,0,0,0,0,0,0,0,0
2020,00-0036382,11,7.181818181818182,2,3,5,4,2,2,0.18181818181818182,0.2727272727272727,0.45454545454545453,0.36363636363636365,0.18181818181818182,0.18181818181818182,0.6363636363636364,0.18181818181818182,0.09090909090909091,0.09090909090909091,0,0,0,0,0,0
2020,00-0036386,1,0,0,0,0,0,0,1,0,0,0,0,0,1,0,0,0,0,0,0,0,0,0,0
2020,00-0036387,55,13.055555555555555,22,20,20,12,22,8,0.4,0.36363636363636365,0.36363636363636365,0.21818181818181817,0.4,0.14545454545454545,0.4074074074074074,0.18518518518518517,0.35185185185185186,0.05555555555555555,0,0,6.53076923076923,3.281032594239553,0,14.360094763800845
2020,00-0036389,1,-6,0,1,1,0,0,0,0,1,1,0,0,0,0,1,0,0,0,0,0,0,0,0
2020,00-0036398,30,22.586206896551722,17,3,12,9,8,4,0.5666666666666667,0.1,0.4,0.3,0.26666666666666666,0.13333333333333333,0.3793103448275862,0.06896551724137931,0.4827586206896552,0.06896551724137931,0,0,0,0,0,0
2020,00-0036407,115,13.530973451327434,39,21,39,26,48,10,0.3391304347826087,0.1826086956521739,0.3391304347826087,0.22608695652173913,0.41739130434782606,0.08695652173913043,0.5398230088495575,0.035398230088495575,0.3274336283185841,0.09734513274336283,0,0,5.096880733944955,2.6999388325775073,0,31.145024560291567
2020,00-0036410,108,11.49074074074074,32,25,28,33,47,11,0.2962962962962963,0.23148148148148148,0.25925925925925924,0.3055555555555556,0.4351851851851852,0.10185185185185185,0.6203703703703703,0.009259259259259259,0.25925925925925924,0.1111111111111111,0,0,6.4280188679245285,2.4799228597399954,0,27.291265435595335
2020,00-0036412,56,10.625,15,23,12,22,22,4,0.26785714285714285,0.4107142857142857,0.21428571428571427,0.39285714285714285,0.39285714285714285,0.07142857142857142,0.6964285714285714,0.017857142857142856,0.19642857142857142,0.08928571428571429,0,0,6.141764705882352,3.1892486267052083,0,12.221319917604188
2020,00-0036414,14,4.214285714285714,2,12,9,1,4,2,0.14285714285714285,0.8571428571428571,0.6428571428571429,0.07142857142857142,0.2857142857142857,0.14285714285714285,0.7857142857142857,0,0.21428571428571427,0,0,0,0,0,0,0
2020,00-0036415,31,11.32258064516129,7,6,16,7,8,3,0.22580645161290322,0.1935483870967742,0.5161290322580645,0.22580645161290322,0.25806451612903225,0.0967741935483871,0.6129032258064516,0.03225806451612903,0.3225806451612903,0.03225806451612903,0,0,0,0,0,0
2020,00-0036422,16,4,2,8,3,3,10,3,0.125,0.5,0.1875,0.1875,0.625,0.1875,0.5,0.25,0.1875,0.0625,0,0,0,0,0,0
2020,00-0036423,15,7.733333333333333,3,8,2,2,11,4,0.2,0.5333333333333333,0.13333333333333333,0.13333333333333333,0.7333333333333333,0.26666666666666666,0.6666666666666666,0,0.3333333333333333,0,0,0,0,0,0,0
2020,00-0036425,20,0.1,0,19,4,7,9,3,0,0.95,0.2,0.35,0.45,0.15,0.85,0.15,0,0,0,0,0,0,0,0
2020,00-0036427,17,9.941176470588236,4,5,7,9,1,4,0.23529411764705882,0.29411764705882354,0.4117647058823529,0.5294117647058824,0.058823529411764705,0.23529411764705882,0.47058823529411764,0.17647058823529413,0.29411764705882354,0.058823529411764705,0,0,0,0,0,0
2020,00-0036429,4,2.5,0,3,1,0,3,1,0,0.75,0.25,0,0.75,0.25,1,0,0,0,0,0,0,0,0,0
2020,00-0036439,9,8.777777777777779,3,4,3,1,5,0,0.3333333333333333,0.4444444444444444,0.3333333333333333,0.1111111111111111,0.5555555555555556,0,0.7777777777777778,0.1111111111111111,0.1111111111111111,0,0,0,0,0,0,0
2020,00-0036450,10,2.4,0,9,4,4,2,2,0,0.9,0.4,0.4,0.2,0.2,1,0,0,0,0,0,0,0,0,0
2020,00-0036456,2,8,0,1,1,1,0,1,0,0.5,0.5,0.5,0,0.5,1,0,0,0,0,0,0,0,0,0
2021,00-0023459,1,-4,0,1,0,1,0,1,0,1,0,1,0,1,0,0,0,0,0,0,0,0,0,0
2021,00-0024243,28,3.6785714285714284,2,22,9,4,15,7,0.07142857142857142,0.7857142857142857,0.32142857142857145,0.14285714285714285,0.5357142857142857,0.25,0.6785714285714286,0.25,0.07142857142857142,0,0,0,0,0,0,0
2021,00-0025394,4,-2.75,0,4,2,0,2,1,0,1,0.5,0,0.5,0.25,0.75,0.25,0,0,0,0,0,0,0,0
2021,00-0026035,39,8.447368421052632,7,10,11,9,18,4,0.1794871794871795,0.2564102564102564,0.28205128205128205,0.23076923076923078,0.46153846153846156,0.10256410256410256,0.7105263157894737,0.05263157894736842,0.23684210526315788,0,0,0,0,0,0,0
2021,00-0026189,34,19.029411764705884,18,6,13,3,18,0,0.5294117647058824,0.17647058823529413,0.38235294117647056,0.08823529411764706,0.5294117647058824,0,0.5882352941176471,0.058823529411764705,0.35294117647058826,0,0,0,0,0,0,0
2021,00-0027061,85,8.25301204819277,15,29,34,14,35,15,0.17647058823529413,0.3411764705882353,0.4,0.16470588235294117,0.4117647058823529,0.17647058823529413,0.7951807228915663,0.012048192771084338,0.18072289156626506,0.012048192771084338,0,0,5.937681159420291,2.770401527564225,0,14.324008768585589
2021,00-0027656,89,10.07865168539326,27,25,20,34,35,12,0.30337078651685395,0.2808988764044944,0.2247191011235955,0.38202247191011235,0.39325842696629215,0.1348314606741573,0.550561797752809,0.033707865168539325,0.3707865168539326,0.0449438202247191,0,0,4.8122058823529406,3.4102316767175758,0,15.131540968464813
2021,00-0027685,73,14.958333333333334,36,9,42,11,19,11,0.4931506849315068,0.1232876712328767,0.5753424657534246,0.1506849315068493,0.2602739726027397,0.1506849315068493,0.625,0.013888888888888888,0.3194444444444444,0.041666666666666664,0,0,5.714305555555556,2.9177028261877918,0,20.192730093747947
2021,00-0027691,2,14.5,1,0,0,1,1,0,0.5,0,0,0.5,0.5,0,1,0,0,0,0,0,0,0,0,0
2021,00-0027696,24,8,5,8,12,4,7,9,0.20833333333333334,0.3333333333333333,0.5,0.16666666666666666,0.2916666666666667,0.375,0.6521739130434783,0,0.34782608695652173,0,0,0,0,0,0,0
2021,00-0027793,62,11.838709677419354,23,20,34,5,23,3,0.3709677419354839,0.3225806451612903,0.5483870967741935,0.08064516129032258,0.3709677419354839,0.04838709677419355,0.5645161290322581,0.1774193548387097,0.1935483870967742,0.06451612903225806,0,0,6.337118644067798,3.4108880178849326,0,12.106422320068159
2021,00-0027857,1,1,0,1,0,0,1,1,0,1,0,0,1,1,0,0,0,0,0,0,0,0,0,0
2021,00-0027942,93,12.054347826086957,27,15,5,10,77,18,0.2903225806451613,0.16129032258064516,0.053763440860215055,0.10752688172043011,0.8279569892473119,0.1935483870967742,0.5217391304347826,0.07608695652173914,0.358695652173913,0.043478260869565216,0,0,6.052087912087912,2.512337025728572,0,26.936712697957837
2021,00-0027944,48,12.0625,14,14,18,14,16,7,0.2916666666666667,0.2916666666666667,0.375,0.2916666666666667,0.3333333333333333,0.14583333333333334,0.6875,0.0625,0.16666666666666666,0.08333333333333333,0,0,5.460212765957447,2.427074285897147,0,14.707711048230534
2021,00-0027966,36,-0.02857142857142857,2,32,20,7,8,6,0.05555555555555555,0.8888888888888888,0.5555555555555556,0.19444444444444445,0.2222222222222222,0.16666666666666666,0.8,0.17142857142857143,0.02857142857142857,0,0,0,0,0,0,0
2021,00-0027981,40,6.153846153846154,7,17,11,11,17,9,0.175,0.425,0.275,0.275,0.425,0.225,0.6923076923076923,0.05128205128205128,0.2564102564102564,0,0,0,0,0,0,0
2021,00-0028002,39,7.871794871794871,8,16,16,14,9,14,0.20512820512820512,0.41025641025641024,0.41025641025641024,0.358974358974359,0.23076923076923078,0.358974358974359,0.5641025641025641,0.10256410256410256,0.20512820512820512,0.1282051282051282,0,0,0,0,0,0
2021,00-0028042,2,3,0,1,0,2,0,0,0,0.5,0,1,0,0,1,0,0,0,0,0,0,0,0,0
2021,00-0028097,11,3.4545454545454546,0,7,0,5,6,2,0,0.6363636363636364,0,0.45454545454545453,0.5454545454545454,0.18181818181818182,0.6363636363636364,0,0.09090909090909091,0.2727272727272727,0,0,0,0,0,0
2021,00-0028237,8,6.125,0,2,4,2,2,2,0,0.25,0.5,0.25,0.25,0.25,0.75,0,0,0.25,0,0,0,0,0,0
2021,00-0028292,1,0,0,1,0,0,1,0,0,1,0,0,1,0,1,0,0,0,0,0,0,0,0,0
2021,00-0029000,113,5.625,11,53,38,27,47,15,0.09734513274336283,0.4690265486725664,0.336283185840708,0.23893805309734514,0.415929203539823,0.13274336283185842,0.7142857142857143,0.125,0.08035714285714286,0.08035714285714286,0,0,6.769278350515464,4.00100735319073,0,11.229378721176941
2021,00-0029119,2,3.5,0,1,2,0,0,0,0,0.5,1,0,0,0,1,0,0,0,0,0,0,0,0,0
2021,00-0029164,1,0,0,1,0,1,0,1,0,1,0,1,0,1,0,0,0,0,0,0,0,0,0,0
2021,00-0029239,49,0.2857142857142857,1,43,21,8,20,9,0.02040816326530612,0.8775510204081632,0.42857142857142855,0.16326530612244897,0.40816326530612246,0.1836734693877551,0.7551020408163265,0.20408163265306123,0.04081632653061224,0,0,0,0,0,0,0
2021,00-0029269,5,28.2,5,0,3,2,0,0,1,0,0.6,0.4,0,0,0.4,0,0.6,0,0,0,0,0,0,0
2021,00-0029293,120,11.983333333333333,35,21,42,14,64,18,0.2916666666666667,0.175,0.35,0.11666666666666667,0.5333333333333333,0.15,0.6666666666666666,0.025,0.275,0.03333333333333333,0,0,6.125966386554622,2.4602012466168253,0,32.59501069016379
2021,00-0029608,37,12.864864864864865,11,7,18,2,17,4,0.2972972972972973,0.1891891891891892,0.4864864864864865,0.05405405405405406,0.4594594594594595,0.10810810810810811,0.7297297297297297,0.05405405405405406,0.21621621621621623,0,0,0,0,0,0,0
2021,00-0029632,24,9.458333333333334,5,2,8,12,4,4,0.20833333333333334,0.08333333333333333,0.3333333333333333,0.5,0.16666666666666666,0.16666666666666666,0.7916666666666666,0,0.08333333333333333,0.125,0,0,0,0,0,0
2021,00-0029664,14,10.928571428571429,6,1,5,0,9,3,0.42857142857142855,0.07142857142857142,0.35714285714285715,0,0.6428571428571429,0.21428571428571427,0.7857142857142857,0.07142857142857142,0.14285714285714285,0,0,0,0,0,0,0
2021,00-0029738,5,4.8,0,2,4,1,0,0,0,0.4,0.8,0.2,0,0,1,0,0,0,0,0,0,0,0,0
2021,00-0029892,38,7.157894736842105,5,13,16,7,15,5,0.13157894736842105,0.34210526315789475,0.42105263157894735,0.18421052631578946,0.39473684210526316,0.13157894736842105,0.8421052631578947,0.05263157894736842,0.07894736842105263,0.02631578947368421,0,0,0,0,0,0
2021,00-0030035,95,9.505263157894737,30,32,43,12,40,15,0.3157894736842105,0.3368421052631579,0.45263157894736844,0.12631578947368421,0.42105263157894735,0.15789473684210525,0.6,0.11578947368421053,0.18947368421052632,0.09473684210526316,0,0,6.061868131868132,3.1240155458580188,0,20.35975145883812
2021,00-0030061,113,7.535714285714286,20,49,28,39,45,21,0.17699115044247787,0.4336283185840708,0.24778761061946902,0.34513274336283184,0.39823008849557523,0.18584070796460178,0.6964285714285714,0.0625,0.16964285714285715,0.07142857142857142,0,0,6.006595744680851,3.161096317720252,0,21.15948105761642
2021,00-0030068,40,11.875,10,8,10,10,20,3,0.25,0.2,0.25,0.25,0.5,0.075,0.7,0,0.2,0.1,0,0,0,0,0,0
2021,00-0030085,23,18.695652173913043,13,4,11,5,7,2,0.5652173913043478,0.17391304347826086,0.4782608695652174,0.21739130434782608,0.30434782608695654,0.08695652173913043,0.5217391304347826,0,0.43478260869565216,0.043478260869565216,0,0,0,0,0,0
2021,00-0030108,42,5.309523809523809,3,25,13,10,19,6,0.07142857142857142,0.5952380952380952,0.30952380952380953,0.23809523809523808,0.4523809523809524,0.14285714285714285,0.7857142857142857,0.023809523809523808,0.16666666666666666,0.023809523809523808,0,0,0,0,0,0
2021,00-0030155,6,3.6666666666666665,1,4,3,0,3,1,0.16666666666666666,0.6666666666666666,0.5,0,0.5,0.16666666666666666,0.8333333333333334,0.16666666666666666,0,0,0,0,0,0,0,0
2021,00-0030181,45,6.627906976744186,6,19,14,13,16,10,0.13333333333333333,0.4222222222222222,0.3111111111111111,0.28888888888888886,0.35555555555555557,0.2222222222222222,0.7441860465116279,0.06976744186046512,0.16279069767441862,0.023255813953488372,0,0,0,0,0,0
2021,00-0030279,158,8.318471337579618,29,49,51,38,68,26,0.18354430379746836,0.310126582278481,0.3227848101265823,0.24050632911392406,0.43037974683544306,0.16455696202531644,0.7133757961783439,0.09554140127388536,0.12738853503184713,0.06369426751592357,0,0,5.984397163120567,3.154428759718232,0,26.599631465243355
2021,00-0030288,32,1.5625,1,26,11,7,14,3,0.03125,0.8125,0.34375,0.21875,0.4375,0.09375,0.78125,0.15625,0.03125,0.03125,0,0,0,0,0,0
2021,00-0030431,70,8.159420289855072,14,20,18,22,29,17,0.2,0.2857142857142857,0.2571428571428571,0.3142857142857143,0.4142857142857143,0.24285714285714285,0.6376811594202898,0.11594202898550725,0.18840579710144928,0.057971014492753624,0,0,6.201515151515153,3.780679239585852,0,11.470687173389235
2021,00-0030456,29,1.0344827586206897,1,22,11,7,11,7,0.034482758620689655,0.7586206896551724,0.3793103448275862,0.2413793103448276,0.3793103448275862,0.2413793103448276,0.7586206896551724,0.20689655172413793,0,0.034482758620689655,0,0,0,0,0,0
2021,00-0030496,7,0.7142857142857143,0,7,5,1,1,1,0,1,0.7142857142857143,0.14285714285714285,0.14285714285714285,0.14285714285714285,1,0,0,0,0,0,0,0,0,0
2021,00-0030506,134,7.417910447761194,15,45,43,47,43,17,0.11194029850746269,0.3358208955223881,0.3208955223880597,0.35074626865671643,0.3208955223880597,0.12686567164179105,0.7686567164179104,0.05970149253731343,0.08208955223880597,0.08955223880597014,0,0,5.53214953271028,3.305093756682105,0,20.57394593735845
2021,00-0030513,13,0.07692307692307693,0,13,4,3,6,4,0,1,0.3076923076923077,0.23076923076923078,0.46153846153846156,0.3076923076923077,0.9230769230769231,0.07692307692307693,0,0,0,0,0,0,0,0
2021,00-0030525,37,8.64864864864865,7,12,19,10,8,3,0.1891891891891892,0.32432432432432434,0.5135135135135135,0.2702702702702703,0.21621621621621623,0.08108108108108109,0.7297297297297297,0.10810810810810811,0.13513513513513514,0.02702702702702703,0,0,0,0,0,0
2021,00-0030561,1,5,0,0,0,0,1,1,0,0,0,0,1,1,0,0,0,0,0,0,0,0,0,0
2021,00-0030564,64,12.3125,21,18,44,8,12,15,0.328125,0.28125,0.6875,0.125,0.1875,0.234375,0.515625,0.0625,0.3125,0.109375,0,0,5.2915624999999995,2.829417514372512,0,19.1569429412503
2021,00-0030578,69,3.101449275362319,4,51,31,12,26,12,0.057971014492753624,0.7391304347826086,0.4492753623188406,0.17391304347826086,0.37681159420289856,0.17391304347826086,0.6231884057971014,0.18840579710144928,0.13043478260869565,0.057971014492753624,0,0,0,0,0,0
2021,00-0030663,8,8.375,2,2,4,2,2,2,0.25,0.25,0.5,0.25,0.25,0.25,0.625,0,0.125,0.25,0,0,0,0,0,0
2021,00-0030669,39,5.384615384615385,4,20,17,7,15,2,0.10256410256410256,0.5128205128205128,0.4358974358974359,0.1794871794871795,0.38461538461538464,0.05128205128205128,0.717948717948718,0.1282051282051282,0.07692307692307693,0.07692307692307693,0,0,0,0,0,0
2021,00-0030874,23,1.7826086956521738,2,18,6,8,9,1,0.08695652173913043,0.782608695652174,0.2608695652173913,0.34782608695652173,0.391304347826087,0.043478260869565216,0.6956521739130435,0.21739130434782608,0.08695652173913043,0,0,0,0,0,0,0
2021,00-0030968,10,2.1,0,8,5,1,4,0,0,0.8,0.5,0.1,0.4,0,0.9,0.1,0,0,0,0,0,0,0,0
2021,00-0031045,21,1.4761904761904763,1,18,4,7,10,1,0.047619047619047616,0.8571428571428571,0.19047619047619047,0.3333333333333333,0.47619047619047616,0.047619047619047616,0.8095238095238095,0.14285714285714285,0,0.047619047619047616,0,0,0,0,0,0
2021,00-0031051,3,31,3,0,2,1,0,0,1,0,0.6666666666666666,0.3333333333333333,0,0,0,0,1,0,0,0,0,0,0,0
2021,00-0031062,14,3.642857142857143,2,11,8,3,3,1,0.14285714285714285,0.7857142857142857,0.5714285714285714,0.21428571428571427,0.21428571428571427,0.07142857142857142,0.7142857142857143,0.14285714285714285,0.14285714285714285,0,0,0,0,0,0,0
2021,00-0031235,83,13.317073170731707,29,24,27,18,37,13,0.3493975903614458,0.2891566265060241,0.3253012048192771,0.21686746987951808,0.4457831325301205,0.1566265060240964,0.4878048780487805,0.08536585365853659,0.2926829268292683,0.13414634146341464,0,0,6.261951219512195,2.631560672147918,0,21.134845260819212
2021,00-0031236,134,10.619402985074627,35,46,50,20,64,10,0.26119402985074625,0.34328358208955223,0.373134328358209,0.14925373134328357,0.47761194029850745,0.07462686567164178,0.5522388059701493,0.11940298507462686,0.23880597014925373,0.08955223880597014,0,0,6.35568,3.257264016889394,0,36.7483244503836
2021,00-0031260,25,9.96,7,8,11,6,8,5,0.28,0.32,0.44,0.24,0.32,0.2,0.72,0,0.28,0,0,0,0,0,0,0
2021,00-0031273,57,7.614035087719298,9,19,16,23,18,20,0.15789473684210525,0.3333333333333333,0.2807017543859649,0.40350877192982454,0.3157894736842105,0.3508771929824561,0.6491228070175439,0.03508771929824561,0.17543859649122806,0.14035087719298245,0,0,6.846666666666666,2.5636769989365455,0,7.637055735445129
2021,00-0031285,42,0.8571428571428571,1,37,9,12,21,9,0.023809523809523808,0.8809523809523809,0.21428571428571427,0.2857142857142857,0.5,0.21428571428571427,0.9047619047619048,0.09523809523809523,0,0,0,0,0,0,0,0
2021,00-0031319,4,2.25,0,3,0,0,4,1,0,0.75,0,0,1,0.25,0.5,0.25,0.25,0,0,0,0,0,0,0
2021,00-0031325,49,12.857142857142858,12,6,19,18,12,4,0.24489795918367346,0.12244897959183673,0.3877551020408163,0.3673469387755102,0.24489795918367346,0.08163265306122448,0.6122448979591837,0,0.2653061224489796,0.12244897959183673,0,0,5.891632653061224,3.069747674039801,0,11.81615340095647
2021,00-0031376,20,-0.45,1,19,11,3,6,4,0.05,0.95,0.55,0.15,0.3,0.2,0.85,0.1,0.05,0,0,0,0,0,0,0
2021,00-0031381,169,9.550295857988166,40,66,74,31,64,28,0.23668639053254437,0.3905325443786982,0.4378698224852071,0.1834319526627219,0.378698224852071,0.16568047337278108,0.5502958579881657,0.08875739644970414,0.22485207100591717,0.13609467455621302,0,0,5.294171779141104,2.9521246706389666,0,35.23204036523553
2021,00-0031382,87,8,20,29,29,13,45,10,0.22988505747126436,0.3333333333333333,0.3333333333333333,0.14942528735632185,0.5172413793103449,0.11494252873563218,0.6896551724137931,0.08045977011494253,0.12643678160919541,0.10344827586206896,0,0,6.118765432098766,2.9965228876779557,0,17.625474555512916
2021,00-0031384,2,0.5,0,2,0,1,1,1,0,1,0,0.5,0.5,0.5,0.5,0.5,0,0,0,0,0,0,0,0
2021,00-0031387,18,6.444444444444445,2,9,6,10,2,3,0.1111111111111111,0.5,0.3333333333333333,0.5555555555555556,0.1111111111111111,0.16666666666666666,0.7777777777777778,0,0.2222222222222222,0,0,0,0,0,0,0
2021,00-0031408,114,13.131578947368421,41,28,50,30,34,20,0.35964912280701755,0.24561403508771928,0.43859649122807015,0.2631578947368421,0.2982456140350877,0.17543859649122806,0.4824561403508772,0.06140350877192982,0.3508771929824561,0.10526315789473684,0,0,4.903839285714286,2.7433316341126144,0,26.16037519658111
2021,00-0031428,67,11.43939393939394,18,14,26,12,28,7,0.26865671641791045,0.208955223880597,0.3880597014925373,0.1791044776119403,0.417910447761194,0.1044776119402985,0.696969696969697,0,0.18181818181818182,0.12121212121212122,0,0,7.097878787878789,1.9389784472967626,0,17.289929982432124
2021,00-0031484,9,7.555555555555555,1,3,2,2,5,0,0.1111111111111111,0.3333333333333333,0.2222222222222222,0.2222222222222222,0.5555555555555556,0,0.8888888888888888,0,0.1111111111111111,0,0,0,0,0,0,0
2021,00-0031544,104,11.076923076923077,27,25,45,16,43,19,0.25961538461538464,0.2403846153846154,0.4326923076923077,0.15384615384615385,0.41346153846153844,0.18269230769230768,0.5192307692307693,0.057692307692307696,0.27884615384615385,0.14423076923076922,0,0,6.786153846153845,2.607778832721773,0,22.68716762375448
2021,00-0031545,5,31.6,5,0,2,1,2,0,1,0,0.4,0.2,0.4,0,0.2,0,0.8,0,0,0,0,0,0,0
2021,00-0031547,73,11.726027397260275,23,15,30,16,27,6,0.3150684931506849,0.2054794520547945,0.410958904109589,0.2191780821917808,0.3698630136986301,0.0821917808219178,0.4931506849315068,0,0.3150684931506849,0.1917808219178082,0,0,5.186164383561643,1.709465776863593,0,20.003192146394618
2021,00-0031549,64,14.28125,22,11,32,13,19,7,0.34375,0.171875,0.5,0.203125,0.296875,0.109375,0.5,0.0625,0.40625,0.03125,0,0,4.756031746031745,2.490758301129977,0,21.9459212121498
2021,00-0031558,17,5.294117647058823,2,11,2,7,8,1,0.11764705882352941,0.6470588235294118,0.11764705882352941,0.4117647058823529,0.47058823529411764,0.058823529411764705,0.8235294117647058,0.058823529411764705,0.11764705882352941,0,0,0,0,0,0,0
2021,00-0031585,19,6.555555555555555,3,8,4,7,7,7,0.15789473684210525,0.42105263157894735,0.21052631578947367,0.3684210526315789,0.3684210526315789,0.3684210526315789,0.5555555555555556,0.05555555555555555,0.3333333333333333,0.05555555555555555,0,0,0,0,0,0
2021,00-0031588,164,11.140243902439025,37,40,74,20,70,34,0.22560975609756098,0.24390243902439024,0.45121951219512196,0.12195121951219512,0.4268292682926829,0.2073170731707317,0.5670731707317073,0.042682926829268296,0.2926829268292683,0.0975609756097561,0,0,5.056352201257862,2.654973991803642,0,35.393732065913305
2021,00-0031595,3,-1.6666666666666667,0,3,1,1,1,1,0,1,0.3333333333333333,0.3333333333333333,0.3333333333333333,0.3333333333333333,0.6666666666666666,0.3333333333333333,0,0,0,0,0,0,0,0
2021,00-0031598,2,1.5,0,2,1,1,0,1,0,1,0.5,0.5,0,0.5,1,0,0,0,0,0,0,0,0,0
2021,00-0031610,93,9.870967741935484,24,22,26,23,44,15,0.25806451612903225,0.23655913978494625,0.27956989247311825,0.24731182795698925,0.4731182795698925,0.16129032258064516,0.6451612903225806,0.043010752688172046,0.23655913978494625,0.07526881720430108,0,0,6.217183098591549,2.852018169062335,0,19.16791712059857
2021,00-0031690,1,3,0,1,0,0,1,0,0,1,0,0,1,0,1,0,0,0,0,0,0,0,0,0
2021,00-0031763,44,11.022727272727273,16,13,14,8,22,4,0.36363636363636365,0.29545454545454547,0.3181818181818182,0.18181818181818182,0.5,0.09090909090909091,0.6136363636363636,0.13636363636363635,0.25,0,0,0,0,0,0,0
2021,00-0031787,7,14.333333333333334,2,1,2,3,1,3,0.2857142857142857,0.14285714285714285,0.2857142857142857,0.42857142857142855,0.14285714285714285,0.42857142857142855,0.5,0,0.5,0,0,0,0,0,0,0
2021,00-0031800,1,-4,0,1,0,1,0,0,0,1,0,1,0,0,0,0,0,0,0,0,0,0,0,0
2021,00-0031806,5,-0.4,0,5,2,0,3,1,0,1,0.4,0,0.6,0.2,0.8,0,0.2,0,0,0,0,0,0,0
2021,00-0031868,39,8.552631578947368,7,11,17,7,14,5,0.1794871794871795,0.28205128205128205,0.4358974358974359,0.1794871794871795,0.358974358974359,0.1282051282051282,0.7368421052631579,0.13157894736842105,0.05263157894736842,0.07894736842105263,0,0,0,0,0,0
2021,00-0031934,1,19,1,0,1,0,0,0,1,0,1,0,0,0,1,0,0,0,0,0,0,0,0,0
2021,00-0031941,73,6.309859154929577,8,28,33,13,25,14,0.1095890410958904,0.3835616438356164,0.4520547945205479,0.1780821917808219,0.3424657534246575,0.1917808219178082,0.7887323943661971,0.08450704225352113,0.056338028169014086,0.07042253521126761,0,0,6.373174603174602,3.445735907780116,0,9.938911916735044
2021,00-0031951,35,6.647058823529412,7,14,12,8,14,1,0.2,0.4,0.34285714285714286,0.22857142857142856,0.4,0.02857142857142857,0.6764705882352942,0.08823529411764706,0.20588235294117646,0.029411764705882353,0,0,0,0,0,0
2021,00-0032009,62,6.629032258064516,5,21,20,12,30,6,0.08064516129032258,0.3387096774193548,0.3225806451612903,0.1935483870967742,0.4838709677419355,0.0967741935483871,0.7580645161290323,0.11290322580645161,0.04838709677419355,0.08064516129032258,0,0,6.722264150943396,3.2064886385923006,0,10.599310629554598
2021,00-0032054,18,9.38888888888889,5,7,4,3,11,3,0.2777777777777778,0.3888888888888889,0.2222222222222222,0.16666666666666666,0.6111111111111112,0.16666666666666666,0.3333333333333333,0.3333333333333333,0.2777777777777778,0.05555555555555555,0,0,0,0,0,0
2021,00-0032058,16,-1.4375,1,15,7,2,7,6,0.0625,0.9375,0.4375,0.125,0.4375,0.375,0.625,0.3125,0.0625,0,0,0,0,0,0,0
2021,00-0032062,13,2.3846153846153846,1,10,4,3,6,1,0.07692307692307693,0.7692307692307693,0.3076923076923077,0.23076923076923078,0.46153846153846156,0.07692307692307693,0.7692307692307693,0.23076923076923078,0,0,0,0,0,0,0,0
2021,00-0032063,58,-0.896551724137931,0,55,22,16,20,6,0,0.9482758620689655,0.3793103448275862,0.27586206896551724,0.3448275862068966,0.10344827586206896,0.8793103448275862,0.10344827586206896,0,0.017241379310344827,0,0,0,0,0,0
2021,00-0032098,2,3.5,0,2,2,0,0,0,0,1,1,0,0,0,1,0,0,0,0,0,0,0,0,0
2021,00-0032104,53,0.8113207547169812,2,47,18,13,22,7,0.03773584905660377,0.8867924528301887,0.33962264150943394,0.24528301886792453,0.41509433962264153,0.1320754716981132,0.8867924528301887,0.07547169811320754,0.03773584905660377,0,0,0,0,0,0,0
2021,00-0032128,37,9.18918918918919,9,9,13,5,19,1,0.24324324324324326,0.24324324324324326,0.35135135135135137,0.13513513513513514,0.5135135135135135,0.02702702702702703,0.5405405405405406,0.10810810810810811,0.21621621621621623,0.13513513513513514,0,0,0,0,0,0
2021,00-0032134,63,4.349206349206349,5,41,18,14,31,7,0.07936507936507936,0.6507936507936508,0.2857142857142857,0.2222222222222222,0.49206349206349204,0.1111111111111111,0.873015873015873,0.015873015873015872,0.06349206349206349,0.047619047619047616,0,0,6.3145999999999995,3.6573598852013554,0,6.603939923381471
2021,00-0032135,8,6.75,1,3,4,1,3,2,0.125,0.375,0.5,0.125,0.375,0.25,1,0,0,0,0,0,0,0,0,0
2021,00-0032141,40,3.65,0,26,13,11,16,8,0,0.65,0.325,0.275,0.4,0.2,0.7,0.125,0.075,0.1,0,0,0,0,0,0
2021,00-0032144,38,0.3157894736842105,0,32,17,7,14,8,0,0.8421052631578947,0.4473684210526316,0.18421052631578946,0.3684210526315789,0.21052631578947367,0.8947368421052632,0.07894736842105263,0.02631578947368421,0,0,0,0,0,0,0
2021,00-0032160,3,4.333333333333333,0,2,1,2,0,1,0,0.6666666666666666,0.3333333333333333,0.6666666666666666,0,0.3333333333333333,0.3333333333333333,0,0,0.6666666666666666,0,0,0,0,0,0
2021,00-0032187,42,2.0714285714285716,3,29,11,7,24,7,0.07142857142857142,0.6904761904761905,0.2619047619047619,0.16666666666666666,0.5714285714285714,0.16666666666666666,0.6428571428571429,0.21428571428571427,0.09523809523809523,0.047619047619047616,0,0,0,0,0,0
2021,00-0032200,26,1.7692307692307692,3,21,6,2,18,2,0.11538461538461539,0.8076923076923077,0.23076923076923078,0.07692307692307693,0.6923076923076923,0.07692307692307693,0.6923076923076923,0.15384615384615385,0.11538461538461539,0.038461538461538464,0,0,0,0,0,0
2021,00-0032208,14,15,6,1,8,2,4,1,0.42857142857142855,0.07142857142857142,0.5714285714285714,0.14285714285714285,0.2857142857142857,0.07142857142857142,0.5,0.07142857142857142,0.2857142857142857,0.14285714285714285,0,0,0,0,0,0
2021,00-0032211,108,14.598130841121495,44,23,43,12,52,8,0.4074074074074074,0.21296296296296297,0.39814814814814814,0.1111111111111111,0.48148148148148145,0.07407407407407407,0.6037735849056604,0.0660377358490566,0.29245283018867924,0.03773584905660377,0,0,6.986736842105263,3.2250078353518954,0,35.576527693352865
2021,00-0032214,25,5.76,2,13,10,4,11,2,0.08,0.52,0.4,0.16,0.44,0.08,0.76,0.08,0.12,0.04,0,0,0,0,0,0
2021,00-0032257,5,-1.6,0,5,1,2,2,0,0,1,0.2,0.4,0.4,0,0.8,0.2,0,0,0,0,0,0,0,0
2021,00-0032355,43,7.511627906976744,6,13,9,14,20,4,0.13953488372093023,0.3023255813953488,0.20930232558139536,0.32558139534883723,0.46511627906976744,0.09302325581395349,0.6744186046511628,0.13953488372093023,0.11627906976744186,0.06976744186046512,0,0,0,0,0,0
2021,00-0032381,2,1.5,0,1,1,1,0,1,0,0.5,0.5,0.5,0,0.5,0,0,0,0,0,0,0,0,0,0
2021,00-0032385,53,7.622641509433962,10,20,15,17,21,9,0.18867924528301888,0.37735849056603776,0.2830188679245283,0.32075471698113206,0.39622641509433965,0.16981132075471697,0.6415094339622641,0.09433962264150944,0.1509433962264151,0.11320754716981132,0,0,7.694693877551021,2.618812387855782,0,10.119731133457934
2021,00-0032392,62,5.377049180327869,5,29,24,14,23,13,0.08064516129032258,0.46774193548387094,0.3870967741935484,0.22580645161290322,0.3709677419354839,0.20967741935483872,0.7377049180327869,0.09836065573770492,0.08196721311475409,0.08196721311475409,0,0,4.631568627450981,2.8099478510966485,0,8.074716366756547
2021,00-0032394,15,5.533333333333333,3,9,5,1,9,3,0.2,0.6,0.3333333333333333,0.06666666666666667,0.6,0.2,0.6,0.2,0.2,0,0,0,0,0,0,0
2021,00-0032398,22,4.090909090909091,3,14,4,8,10,2,0.13636363636363635,0.6363636363636364,0.18181818181818182,0.36363636363636365,0.45454545454545453,0.09090909090909091,0.6363636363636364,0.22727272727272727,0.09090909090909091,0.045454545454545456,0,0,0,0,0,0
2021,00-0032426,10,0.2,0,8,8,1,1,0,0,0.8,0.8,0.1,0.1,0,0.7,0.3,0,0,0,0,0,0,0,0
2021,00-0032450,2,1,0,2,0,1,1,0,0,1,0,0.5,0.5,0,1,0,0,0,0,0,0,0,0,0
2021,00-0032464,71,10.211267605633802,21,23,25,19,27,6,0.29577464788732394,0.323943661971831,0.352112676056338,0.2676056338028169,0.38028169014084506,0.08450704225352113,0.6338028169014085,0.11267605633802817,0.22535211267605634,0.028169014084507043,0,0,6.809130434782608,3.703546754644781,0,19.07946646627842
2021,00-0032543,4,8.25,0,0,1,2,1,0,0,0,0.25,0.5,0.25,0,1,0,0,0,0,0,0,0,0,0
2021,00-0032602,54,0.5849056603773585,1,44,16,13,24,4,0.018518518518518517,0.8148148148148148,0.2962962962962963,0.24074074074074073,0.4444444444444444,0.07407407407407407,0.71698113207547165,0.20754716981132076,0.03773584905660377,0.03773584905660377,0,0,0,0,0,0
2021,00-0032626,2,10,1,1,1,1,0,1,0.5,0.5,0.5,0.5,0,0.5,0.5,0,0.5,0,0,0,0,0,0,0
2021,00-0032688,110,10.50909090909091,30,36,47,17,46,8,0.2727272727272727,0.32727272727272727,0.42727272727272725,0.15454545454545454,0.41818181818181815,0.07272727272727272,0.5818181818181818,0.1,0.24545454545454545,0.07272727272727272,0,0,7.046633663366335,2.777792879944084,0,28.029320868693798
2021,00-0032725,19,3.526315789473684,2,14,9,3,7,2,0.10526315789473684,0.7368421052631579,0.47368421052631576,0.15789473684210525,0.3684210526315789,0.10526315789473684,0.6842105263157895,0.10526315789473684,0.21052631578947367,0,0,0,0,0,0,0
2021,00-0032741,13,1.5384615384615385,1,11,8,3,2,3,0.07692307692307693,0.8461538461538461,0.6153846153846154,0.23076923076923078,0.15384615384615385,0.23076923076923078,0.7692307692307693,0.15384615384615385,0.07692307692307693,0,0,0,0,0,0,0
2021,00-0032764,20,-0.15,0,19,10,5,5,2,0,0.95,0.5,0.25,0.25,0.1,0.8,0.2,0,0,0,0,0,0,0,0
2021,00-0032775,41,10.414634146341463,10,14,13,10,18,4,0.24390243902439024,0.34146341463414637,0.3170731707317073,0.24390243902439024,0.43902439024390244,0.0975609756097561,0.6341463414634146,0.0975609756097561,0.21951219512195122,0.04878048780487805,0,0,0,0,0,0
2021,00-0032778,37,9.378378378378379,8,9,14,9,14,5,0.21621621621621623,0.24324324324324326,0.3783783783783784,0.24324324324324326,0.3783783783783784,0.13513513513513514,0.5945945945945946,0.02702702702702703,0.1891891891891892,0.1891891891891892,0,0,0,0,0,0
2021,00-0032780,5,1.8,0,3,3,1,1,1,0,0.6,0.6,0.2,0.2,0.2,0.8,0.2,0,0,0,0,0,0,0,0
2021,00-0032782,5,0.6,0,5,1,1,3,0,0,1,0.2,0.2,0.6,0,1,0,0,0,0,0,0,0,0,0
2021,00-0032791,17,4.705882352941177,3,8,6,7,4,2,0.17647058823529413,0.47058823529411764,0.35294117647058826,0.4117647058823529,0.23529411764705882,0.11764705882352941,0.7647058823529411,0.17647058823529413,0.058823529411764705,0,0,0,0,0,0,0
2021,00-0032813,13,-0.3076923076923077,0,13,7,0,6,2,0,1,0.5384615384615384,0,0.46153846153846156,0.15384615384615385,0.8461538461538461,0.15384615384615385,0,0,0,0,0,0,0,0
2021,00-0032881,2,3,0,1,0,1,1,1,0,0.5,0,0.5,0.5,0.5,0.5,0,0.5,0,0,0,0,0,0,0
2021,00-0032897,3,-0.3333333333333333,0,3,0,2,1,0,0,1,0,0.6666666666666666,0.3333333333333333,0,0.6666666666666666,0.3333333333333333,0,0,0,0,0,0,0,0
2021,00-0032918,18,3.7222222222222223,1,14,7,4,7,1,0.05555555555555555,0.7777777777777778,0.3888888888888889,0.2222222222222222,0.3888888888888889,0.05555555555555555,0.8888888888888888,0.05555555555555555,0.05555555555555555,0,0,0,0,0,0,0
2021,00-0032951,51,12.019607843137255,14,8,21,11,19,6,0.27450980392156865,0.1568627450980392,0.4117647058823529,0.21568627450980393,0.37254901960784315,0.11764705882352941,0.6470588235294118,0,0.19607843137254902,0.1568627450980392,0,0,5.627551020408164,2.944829729854694,0,13.310210275308915
2021,00-0032956,5,2.25,0,4,2,1,1,1,0,0.8,0.4,0.2,0.2,0.2,1,0,0,0,0,0,0,0,0,0
2021,00-0032972,45,-0.26666666666666666,0,41,21,6,18,2,0,0.9111111111111111,0.4666666666666667,0.13333333333333333,0.4,0.044444444444444446,0.7555555555555555,0.2,0.022222222222222223,0.022222222222222223,0,0,0,0,0,0
2021,00-0032975,6,-2.3333333333333335,0,6,1,2,3,0,0,1,0.16666666666666666,0.3333333333333333,0.5,0,0.5,0.3333333333333333,0,0.16666666666666666,0,0,0,0,0,0
2021,00-0032977,47,11.617021276595745,15,7,16,7,24,5,0.3191489361702128,0.14893617021276595,0.3404255319148936,0.14893617021276595,0.5106382978723404,0.10638297872340426,0.6595744680851063,0,0.2765957446808511,0.06382978723404255,0,0,6.292,2.7902344878836436,0,13.409050351164971
2021,00-0032980,19,9,5,6,6,7,6,3,0.2631578947368421,0.3157894736842105,0.3157894736842105,0.3684210526315789,0.3157894736842105,0.15789473684210525,0.7368421052631579,0.05263157894736842,0.15789473684210525,0.05263157894736842,0,0,0,0,0,0
2021,00-0033006,3,19.333333333333332,1,1,1,0,2,0,0.3333333333333333,0.3333333333333333,0.3333333333333333,0,0.6666666666666666,0,0.3333333333333333,0.3333333333333333,0.3333333333333333,0,0,0,0,0,0,0
2021,00-0033009,95,7.914893617021277,19,39,29,36,29,8,0.2,0.4105263157894737,0.30526315789473685,0.37894736842105264,0.30526315789473685,0.08421052631578947,0.7021276595744681,0.0425531914893617,0.14893617021276595,0.10638297872340426,0,0,6.34407894736842,3.169977055618785,0,17.28198869269926
2021,00-0033025,14,0.5,0,13,7,4,3,2,0,0.9285714285714286,0.5,0.2857142857142857,0.21428571428571427,0.14285714285714285,0.9285714285714286,0.07142857142857142,0,0,0,0,0,0,0,0
2021,00-0033040,159,10.358490566037736,37,58,57,35,67,25,0.23270440251572327,0.36477987421383645,0.3584905660377358,0.22012578616352202,0.42138364779874216,0.15723270440251572,0.6666666666666666,0.0880503144654088,0.16352201257861634,0.08176100628930817,0,0,6.119591836734694,3.5866316882727016,0,35.5046125639501
2021,00-0033045,65,0.3384615384615385,1,60,33,7,25,17,0.015384615384615385,0.9230769230769231,0.5076923076923077,0.1076923076923077,0.38461538461538464,0.26153846153846155,0.8,0.13846153846153847,0.046153846153846156,0.015384615384615385,0,0,0,0,0,0
2021,00-0033090,75,9.68,15,16,29,12,34,18,0.2,0.21333333333333335,0.38666666666666666,0.16,0.4533333333333333,0.24,0.7866666666666666,0.02666666666666667,0.14666666666666667,0.04,0,0,5.719310344827584,2.6939351546123214,0,17.52371607692924
2021,00-0033094,1,5,0,0,0,1,0,0,0,0,0,1,0,0,1,0,0,0,0,0,0,0,0,0
2021,00-0033095,4,3,0,3,1,2,1,0,0,0.75,0.25,0.5,0.25,0,0.75,0.25,0,0,0,0,0,0,0,0
2021,00-0033110,85,5.3882352941176475,9,47,22,15,48,20,0.10588235294117647,0.5529411764705883,0.25882352941176473,0.17647058823529413,0.5647058823529412,0.23529411764705882,0.5882352941176471,0.12941176470588237,0.1411764705882353,0.1411764705882353,0,0,5.962467532467532,3.1039976555197994,0,8.844501987045087
2021,00-0033111,11,7.181818181818182,0,2,5,3,3,2,0,0.18181818181818182,0.45454545454545453,0.2727272727272727,0.2727272727272727,0.18181818181818182,0.7272727272727273,0,0,0.2727272727272727,0,0,0,0,0,0
2021,00-0033114,11,9.909090909090908,3,3,5,1,5,0,0.2727272727272727,0.2727272727272727,0.45454545454545453,0.09090909090909091,0.45454545454545453,0,0.5454545454545454,0,0.18181818181818182,0.2727272727272727,0,0,0,0,0,0
2021,00-0033118,40,1.775,3,31,16,12,12,6,0.075,0.775,0.4,0.3,0.3,0.15,0.725,0.2,0.075,0,0,0,0,0,0,0
2021,00-0033127,9,16.375,3,2,2,2,4,1,0.3333333333333333,0.2222222222222222,0.2222222222222222,0.2222222222222222,0.4444444444444444,0.1111111111111111,0.75,0.125,0.125,0,0,0,0,0,0,0
2021,00-0033215,12,15.416666666666666,5,3,2,1,9,1,0.4166666666666667,0.25,0.16666666666666666,0.08333333333333333,0.75,0.08333333333333333,0.5,0.08333333333333333,0.3333333333333333,0.08333333333333333,0,0,0,0,0,0
2021,00-0033217,45,9.822222222222223,13,15,16,11,18,9,0.28888888888888886,0.3333333333333333,0.35555555555555557,0.24444444444444444,0.4,0.2,0.6444444444444445,0.022222222222222223,0.3333333333333333,0,0,0,5.267560975609756,3.4028613594435413,0,11.64896025375162
2021,00-0033246,1,7,0,0,0,0,1,0,0,0,0,0,1,0,1,0,0,0,0,0,0,0,0,0
2021,00-0033251,69,8.81159420289855,12,24,23,22,24,13,0.17391304347826086,0.34782608695652173,0.3333333333333333,0.3188405797101449,0.34782608695652173,0.18840579710144928,0.6956521739130435,0.07246376811594203,0.18840579710144928,0.043478260869565216,0,0,6.0660655737704925,3.200508008891377,0,16.25371159267663
2021,00-0033258,4,5.5,1,3,1,0,3,1,0.25,0.75,0.25,0,0.75,0.25,0.75,0,0.25,0,0,0,0,0,0,0
2021,00-0033280,41,2.2195121951219514,1,32,14,8,19,3,0.024390243902439025,0.7804878048780488,0.34146341463414637,0.1951219512195122,0.4634146341463415,0.07317073170731707,0.7073170731707317,0.17073170731707318,0.07317073170731707,0.04878048780487805,0,0,0,0,0,0
2021,00-0033282,9,2.3333333333333335,0,6,3,0,6,1,0,0.6666666666666666,0.3333333333333333,0,0.6666666666666666,0.1111111111111111,0.5555555555555556,0.3333333333333333,0.1111111111111111,0,0,0,0,0,0,0
2021,00-0033288,94,8.26595744680851,19,39,31,39,24,9,0.20212765957446807,0.4148936170212766,0.32978723404255317,0.4148936170212766,0.2553191489361702,0.09574468085106383,0.6382978723404256,0.0851063829787234,0.19148936170212766,0.0851063829787234,0,0,5.762266666666666,3.0905727466217323,0,18.58210909238814
2021,00-0033292,4,13,2,0,1,1,1,2,0.5,0,0.25,0.25,0.25,0.5,0.6666666666666666,0,0.3333333333333333,0,0,0,0,0,0,0
2021,00-0033293,65,0.8615384615384616,2,56,29,8,28,15,0.03076923076923077,0.8615384615384616,0.4461538461538462,0.12307692307692308,0.4307692307692308,0.23076923076923078,0.7692307692307693,0.15384615384615385,0.03076923076923077,0.046153846153846156,0,0,0,0,0,0
2021,00-0033296,1,0,0,1,1,0,0,1,0,1,1,0,0,1,1,0,0,0,0,0,0,0,0,0
2021,00-0033300,1,1,0,1,0,0,1,1,0,1,0,0,1,1,0,0,0,0,0,0,0,0,0,0
2021,00-0033307,70,8.457142857142857,14,22,23,16,31,7,0.2,0.3142857142857143,0.32857142857142857,0.22857142857142856,0.44285714285714284,0.1,0.6714285714285714,0.12857142857142856,0.14285714285714285,0.05714285714285714,0,0,6.433970588235293,3.298332501040528,0,14.00345304193181
2021,00-0033308,9,0.8888888888888888,1,8,6,2,1,3,0.1111111111111111,0.8888888888888888,0.6666666666666666,0.2222222222222222,0.1111111111111111,0.3333333333333333,0.8888888888888888,0.1111111111111111,0,0,0,0,0,0,0,0
2021,00-0033338,2,4,0,1,0,0,2,0,0,0.5,0,0,1,0,1,0,0,0,0,0,0,0,0,0
2021,00-0033357,6,3.1666666666666665,1,4,3,1,2,0,0.16666666666666666,0.6666666666666666,0.5,0.16666666666666666,0.3333333333333333,0,0.8333333333333334,0,0.16666666666666666,0,0,0,0,0,0,0
2021,00-0033367,6,17,2,2,4,1,1,1,0.3333333333333333,0.3333333333333333,0.6666666666666666,0.16666666666666666,0.16666666666666666,0.16666666666666666,0.16666666666666666,0.3333333333333333,0.5,0,0,0,0,0,0,0
2021,00-0033375,85,11.705882352941176,21,20,31,20,34,11,0.24705882352941178,0.23529411764705882,0.36470588235294116,0.23529411764705882,0.4,0.12941176470588237,0.6823529411764706,0,0.24705882352941178,0.07058823529411765,0,0,6.0382278481012674,2.7579117542053315,0,23.241977268166316
2021,00-0033376,13,1.0769230769230769,0,11,5,3,5,2,0,0.8461538461538461,0.38461538461538464,0.23076923076923078,0.38461538461538464,0.15384615384615385,0.8461538461538461,0.07692307692307693,0,0.07692307692307693,0,0,0,0,0,0
2021,00-0033386,7,10.285714285714286,1,3,3,3,1,2,0.14285714285714285,0.42857142857142855,0.42857142857142855,0.42857142857142855,0.14285714285714285,0.2857142857142857,0.7142857142857143,0.14285714285714285,0.14285714285714285,0,0,0,0,0,0,0
2021,00-0033387,15,4.714285714285714,2,9,7,2,5,5,0.13333333333333333,0.6,0.4666666666666667,0.13333333333333333,0.3333333333333333,0.3333333333333333,0.8571428571428571,0,0.14285714285714285,0,0,0,0,0,0,0
2021,00-0033421,5,4.4,0,3,0,1,4,2,0,0.6,0,0.2,0.8,0.4,0.6,0,0.2,0.2,0,0,0,0,0,0
2021,00-0033439,34,4.294117647058823,3,25,13,7,14,0,0.08823529411764706,0.7352941176470589,0.38235294117647056,0.20588235294117646,0.4117647058823529,0,0.8529411764705882,0.058823529411764705,0.08823529411764706,0,0,0,0,0,0,0
2021,00-0033455,43,5.813953488372093,5,25,6,24,13,6,0.11627906976744186,0.5813953488372093,0.13953488372093023,0.5581395348837209,0.3023255813953488,0.13953488372093023,0.6744186046511628,0.023255813953488372,0.11627906976744186,0.18604651162790697,0,0,0,0,0,0
2021,00-0033460,20,15.7,8,2,6,3,11,1,0.4,0.1,0.3,0.15,0.55,0.05,0.55,0,0.3,0.15,0,0,0,0,0,0
2021,00-0033466,26,6.038461538461538,6,13,15,3,8,5,0.23076923076923078,0.5,0.5769230769230769,0.11538461538461539,0.3076923076923077,0.19230769230769232,0.8846153846153846,0.038461538461538464,0.038461538461538464,0.038461538461538464,0,0,0,0,0,0
2021,00-0033471,17,8.470588235294118,4,6,8,4,5,3,0.23529411764705882,0.35294117647058826,0.47058823529411764,0.23529411764705882,0.29411764705882354,0.17647058823529413,0.7058823529411765,0,0.17647058823529413,0.11764705882352941,0,0,0,0,0,0
2021,00-0033481,5,12.4,2,1,2,2,1,0,0.4,0.2,0.4,0.4,0.2,0,0.5,0,0.25,0.25,0,0,0,0,0,0
2021,00-0033526,31,0.22580645161290322,0,29,11,4,16,5,0,0.9354838709677419,0.3548387096774194,0.12903225806451613,0.5161290322580645,0.16129032258064516,0.9032258064516129,0.0967741935483871,0,0,0,0,0,0,0,0
2021,00-0033528,3,4,0,1,0,2,1,2,0,0.3333333333333333,0,0.6666666666666666,0.3333333333333333,0.6666666666666666,1,0,0,0,0,0,0,0,0,0
2021,00-0033536,130,11.604651162790697,41,40,55,18,56,24,0.3153846153846154,0.3076923076923077,0.4230769230769231,0.13846153846153847,0.4307692307692308,0.18461538461538463,0.4496124031007752,0.06976744186046512,0.3333333333333333,0.14728682170542637,0,0,5.2667441860465125,2.4632850504922827,0,29.622569576820446
2021,00-0033553,39,0.28205128205128205,1,34,11,13,15,2,0.02564102564102564,0.8717948717948718,0.28205128205128205,0.3333333333333333,0.38461538461538464,0.05128205128205128,0.717948717948718,0.23076923076923078,0.02564102564102564,0.02564102564102564,0,0,0,0,0,0
2021,00-0033555,29,15.178571428571429,13,3,17,6,5,9,0.4482758620689655,0.10344827586206896,0.5862068965517241,0.20689655172413793,0.1724137931034483,0.3103448275862069,0.5714285714285714,0,0.32142857142857145,0.10714285714285714,0,0,0,0,0,0
2021,00-0033572,40,7.461538461538462,7,19,20,1,18,4,0.175,0.475,0.5,0.025,0.45,0.1,0.6153846153846154,0.10256410256410256,0.1794871794871795,0.10256410256410256,0,0,0,0,0,0
2021,00-0033576,12,3.3333333333333335,0,7,1,4,7,1,0,0.5833333333333334,0.08333333333333333,0.3333333333333333,0.5833333333333334,0.08333333333333333,1,0,0,0,0,0,0,0,0,0
2021,00-0033589,2,14,1,0,0,2,0,0,0.5,0,0,1,0,0,0,0,0.5,0.5,0,0,0,0,0,0
2021,00-0033591,25,9.08,5,5,5,4,16,2,0.2,0.2,0.2,0.16,0.64,0.08,0.72,0,0.12,0.16,0,0,0,0,0,0
2021,00-0033594,6,-2.1666666666666665,0,6,1,1,4,0,0,1,0.16666666666666666,0.16666666666666666,0.6666666666666666,0,0.8333333333333334,0.16666666666666666,0,0,0,0,0,0,0,0
2021,00-0033611,51,5.469387755102041,6,24,11,11,27,15,0.11764705882352941,0.47058823529411764,0.21568627450980393,0.21568627450980393,0.5294117647058824,0.29411764705882354,0.7346938775510204,0.08163265306122448,0.12244897959183673,0.061224489795918366,0,0,6.510606060606061,3.5148706295025933,0,7.480101389302273
2021,00-0033658,17,7.529411764705882,2,5,6,6,5,6,0.11764705882352941,0.29411764705882354,0.35294117647058826,0.35294117647058826,0.29411764705882354,0.35294117647058826,0.6470588235294118,0,0.23529411764705882,0.11764705882352941,0,0,0,0,0,0
2021,00-0033681,52,13.450980392156863,16,2,22,16,13,7,0.3076923076923077,0.038461538461538464,0.4230769230769231,0.3076923076923077,0.25,0.1346153846153846,0.5882352941176471,0,0.23529411764705882,0.17647058823529413,0,0,5.6126,2.657046183911194,0,16.294363671643953
2021,00-0033699,95,1.8191489361702127,5,76,34,21,39,17,0.05263157894736842,0.8,0.35789473684210527,0.22105263157894736,0.4105263157894737,0.17894736842105263,0.776595744680851,0.13829787234042554,0.06382978723404255,0.02127659574468085,0,0,0,0,0,0
2021,00-0033720,1,5,0,0,0,1,0,0,0,0,0,1,0,0,1,0,0,0,0,0,0,0,0,0
2021,00-0033725,7,1.7142857142857142,0,7,3,1,3,4,0,1,0.42857142857142855,0.14285714285714285,0.42857142857142855,0.5714285714285714,0.8571428571428571,0.14285714285714285,0,0,0,0,0,0,0,0
2021,00-0033733,11,7.7272727272727275,4,6,2,1,8,6,0.36363636363636365,0.5454545454545454,0.18181818181818182,0.09090909090909091,0.7272727272727273,0.5454545454545454,0.6363636363636364,0.09090909090909091,0.2727272727272727,0,0,0,0,0,0,0
2021,00-0033757,29,9.03448275862069,9,14,8,10,11,6,0.3103448275862069,0.4827586206896552,0.27586206896551724,0.3448275862068966,0.3793103448275862,0.20689655172413793,0.5172413793103449,0.13793103448275862,0.3103448275862069,0.034482758620689655,0,0,0,0,0,0
2021,00-0033839,15,7.333333333333333,3,6,6,3,6,1,0.2,0.4,0.4,0.2,0.4,0.06666666666666667,0.4666666666666667,0.13333333333333333,0.2,0.2,0,0,0,0,0,0
2021,00-0033854,21,1.4761904761904763,0,18,10,8,3,3,0,0.8571428571428571,0.47619047619047616,0.38095238095238093,0.14285714285714285,0.14285714285714285,0.9523809523809523,0,0,0.047619047619047616,0,0,0,0,0,0
2021,00-0033856,84,0.6785714285714286,1,77,44,12,28,18,0.011904761904761904,0.9166666666666666,0.5238095238095238,0.14285714285714285,0.3333333333333333,0.21428571428571427,0.8690476190476191,0.08333333333333333,0.011904761904761904,0.03571428571428571,0,0,0,0,0,0
2021,00-0033857,28,6.535714285714286,3,12,11,9,8,0,0.10714285714285714,0.42857142857142855,0.39285714285714285,0.32142857142857145,0.2857142857142857,0,0.7857142857142857,0.03571428571428571,0.10714285714285714,0.07142857142857142,0,0,0,0,0,0
2021,00-0033858,45,5.533333333333333,7,25,18,9,18,10,0.15555555555555556,0.5555555555555556,0.4,0.2,0.4,0.2222222222222222,0.6,0.2222222222222222,0.15555555555555556,0.022222222222222223,0,0,5.356857142857143,3.961486073576757,0,5.598456509125558
2021,00-0033871,59,12.966101694915254,17,12,18,10,31,5,0.288135593220339,0.2033898305084746,0.3050847457627119,0.1694915254237288,0.5254237288135594,0.0847457627118644,0.6440677966101694,0.01694915254237288,0.23728813559322035,0.1016949152542373,0,0,6.759473684210525,2.6700590654322283,0,18.06528686617899
2021,00-0033879,21,6.476190476190476,3,10,5,9,7,2,0.14285714285714285,0.47619047619047616,0.23809523809523808,0.42857142857142855,0.3333333333333333,0.09523809523809523,0.47619047619047616,0.19047619047619047,0.2857142857142857,0.047619047619047616,0,0,0,0,0,0
2021,00-0033881,73,5.013698630136986,5,42,24,22,27,5,0.0684931506849315,0.5753424657534246,0.3287671232876712,0.3013698630136986,0.3698630136986301,0.0684931506849315,0.7808219178082192,0.0684931506849315,0.0684931506849315,0.0821917808219178,0,0,6.264166666666667,3.4021816268153793,0,8.997131641786744
2021,00-0033885,53,8.150943396226415,15,22,15,13,25,9,0.2830188679245283,0.41509433962264153,0.2830188679245283,0.24528301886792453,0.4716981132075472,0.16981132075471697,0.5471698113207547,0.1320754716981132,0.3018867924528302,0.018867924528301886,0,0,4.6575,3.0349213077988906,0,10.832210860323615
2021,00-0033891,70,13.985714285714286,23,21,28,11,31,5,0.32857142857142857,0.3,0.4,0.15714285714285714,0.44285714285714284,0.07142857142857142,0.6142857142857143,0.05714285714285714,0.3,0.02857142857142857,0,0,7.063970588235294,3.3394613197323717,0,19.932783818783527
2021,00-0033893,49,-1.6122448979591837,0,48,23,7,19,3,0,0.9795918367346939,0.46938775510204084,0.14285714285714285,0.3877551020408163,0.061224489795918366,0.7551020408163265,0.22448979591836735,0.02040816326530612,0,0,0,0,0,0,0
2021,00-0033895,63,5.238095238095238,7,27,22,16,25,8,0.1111111111111111,0.42857142857142855,0.3492063492063492,0.25396825396825395,0.3968253968253968,0.12698412698412698,0.6507936507936508,0.14285714285714285,0.12698412698412698,0.07936507936507936,0,0,6.740000000000001,4.134476052880254,0,7.680257088711698
2021,00-0033896,16,5.75,1,7,3,5,8,6,0.0625,0.4375,0.1875,0.3125,0.5,0.375,0.75,0.0625,0.1875,0,0,0,0,0,0,0
2021,00-0033897,48,-0.16666666666666666,1,46,20,5,23,7,0.020833333333333332,0.9583333333333334,0.4166666666666667,0.10416666666666667,0.4791666666666667,0.14583333333333334,0.8125,0.125,0.020833333333333332,0.041666666666666664,0,0,0,0,0,0
2021,00-0033904,1,1,0,1,1,0,0,1,0,1,1,0,0,1,0,0,0,0,0,0,0,0,0,0
2021,00-0033906,67,1.1492537313432836,3,56,29,11,27,14,0.04477611940298507,0.835820895522388,0.43283582089552236,0.16417910447761194,0.40298507462686567,0.208955223880597,0.6716417910447762,0.22388059701492538,0.05970149253731343,0.04477611940298507,0,0,0,0,0,0
2021,00-0033908,192,8.591623036649215,43,76,87,40,64,39,0.22395833333333334,0.3958333333333333,0.453125,0.20833333333333334,0.3333333333333333,0.203125,0.6230366492146597,0.12041884816753927,0.18848167539267016,0.06806282722513089,0,0,6.565126582278481,3.6306120900679146,0,31.314148699815362
2021,00-0033921,127,7.330708661417323,25,55,44,46,37,26,0.1968503937007874,0.4330708661417323,0.3464566929133858,0.36220472440944884,0.29133858267716534,0.2047244094488189,0.4566929133858268,0.2677165354330709,0.2204724409448819,0.05511811023622047,0,0,6.347079646017698,3.290494590203812,0,16.23729329463813
2021,00-0033923,27,0.14814814814814814,0,24,10,2,15,4,0,0.8888888888888888,0.37037037037037035,0.07407407407407407,0.5555555555555556,0.14814814814814814,0.8518518518518519,0.14814814814814814,0,0,0,0,0,0,0,0
2021,00-0033925,11,-0.09090909090909091,0,10,2,2,7,2,0,0.9090909090909091,0.18181818181818182,0.18181818181818182,0.6363636363636364,0.18181818181818182,0.6363636363636364,0.36363636363636365,0,0,0,0,0,0,0,0
2021,00-0033932,77,13.81578947368421,28,5,22,22,32,11,0.36363636363636365,0.06493506493506493,0.2857142857142857,0.2857142857142857,0.4155844155844156,0.14285714285714285,0.47368421052631576,0,0.32894736842105265,0.19736842105263158,0,0,5.979600000000001,1.7375851345858915,0,25.01333282084052
2021,00-0033943,49,13.63265306122449,18,6,23,8,18,6,0.3673469387755102,0.12244897959183673,0.46938775510204084,0.16326530612244897,0.3673469387755102,0.12244897959183673,0.5714285714285714,0.04081632653061224,0.30612244897959184,0.08163265306122448,0,0,5.883333333333333,2.690538669932927,0,18.131290088832834
2021,00-0033948,28,0.35714285714285715,0,27,10,5,13,0,0,0.9642857142857143,0.35714285714285715,0.17857142857142858,0.4642857142857143,0,0.8928571428571429,0.10714285714285714,0,0,0,0,0,0,0,0
2021,00-0033950,3,1.6666666666666667,0,3,1,0,2,0,0,1,0.3333333333333333,0,0.6666666666666666,0,1,0,0,0,0,0,0,0,0,0
2021,00-0033951,5,3.2,1,4,0,2,3,0,0.2,0.8,0,0.4,0.6,0,0.6,0.2,0.2,0,0,0,0,0,0,0
2021,00-0033955,38,-0.05263157894736842,0,34,9,9,20,7,0,0.8947368421052632,0.23684210526315788,0.23684210526315788,0.5263157894736842,0.18421052631578946,0.7631578947368421,0.23684210526315788,0,0,0,0,0,0,0,0
2021,00-0033957,1,15,1,0,1,0,0,0,1,0,1,0,0,0,1,0,0,0,0,0,0,0,0,0
2021,00-0034011,53,6.538461538461538,6,21,19,13,20,5,0.11320754716981132,0.39622641509433965,0.3584905660377358,0.24528301886792453,0.37735849056603776,0.09433962264150944,0.8076923076923077,0.057692307692307696,0.07692307692307693,0.057692307692307696,0,0,5.781562500000001,3.351918211483271,0,7.315429965612955
2021,00-0034052,25,10.48,7,7,11,5,9,3,0.28,0.28,0.44,0.2,0.36,0.12,0.4,0.16,0.24,0.2,0,0,0,0,0,0
2021,00-0034073,5,11.8,1,1,1,3,1,0,0.2,0.2,0.2,0.6,0.2,0,0.8,0,0.2,0,0,0,0,0,0,0
2021,00-0034104,23,11.608695652173912,9,5,7,8,8,5,0.391304347826087,0.21739130434782608,0.30434782608695654,0.34782608695652173,0.34782608695652173,0.21739130434782608,0.8260869565217391,0,0.13043478260869565,0.043478260869565216,0,0,0,0,0,0
2021,00-0034109,5,-2.2,0,5,2,2,1,1,0,1,0.4,0.4,0.2,0.2,0.8,0.2,0,0,0,0,0,0,0,0
2021,00-0034115,8,-1.25,0,7,4,2,2,3,0,0.875,0.5,0.25,0.25,0.375,0.625,0.375,0,0,0,0,0,0,0,0
2021,00-0034132,9,6.444444444444445,2,4,3,1,5,1,0.2222222222222222,0.4444444444444444,0.3333333333333333,0.1111111111111111,0.5555555555555556,0.1111111111111111,0.7777777777777778,0.1111111111111111,0.1111111111111111,0,0,0,0,0,0,0
2021,00-0034159,26,4.3076923076923075,1,16,11,3,12,3,0.038461538461538464,0.6153846153846154,0.4230769230769231,0.11538461538461539,0.46153846153846156,0.11538461538461539,0.8461538461538461,0.11538461538461539,0.038461538461538464,0,0,0,0,0,0,0
2021,00-0034171,7,0.8571428571428571,0,7,5,0,2,1,0,1,0.7142857142857143,0,0.2857142857142857,0.14285714285714285,0.8571428571428571,0.14285714285714285,0,0,0,0,0,0,0,0
2021,00-0034193,3,2.6666666666666665,0,2,1,1,1,0,0,0.6666666666666666,0.3333333333333333,0.3333333333333333,0.3333333333333333,0,1,0,0,0,0,0,0,0,0,0
2021,00-0034208,2,-1,0,2,0,1,1,0,0,1,0,0.5,0.5,0,1,0,0,0,0,0,0,0,0,0
2021,00-0034253,26,-0.8846153846153846,0,24,10,9,7,5,0,0.9230769230769231,0.38461538461538464,0.34615384615384615,0.2692307692307692,0.19230769230769232,0.6538461538461539,0.3076923076923077,0,0.038461538461538464,0,0,0,0,0,0
2021,00-0034270,87,5.333333333333333,6,40,32,28,27,16,0.06896551724137931,0.45977011494252873,0.367816091954023,0.3218390804597701,0.3103448275862069,0.1839080459770115,0.7816091954022989,0.09195402298850575,0.10344827586206896,0.022988505747126436,0,0,5.275076923076923,3.506495400887275,0,10.555084056339515
2021,00-0034272,56,17.90909090909091,28,15,18,9,28,9,0.5,0.26785714285714285,0.32142857142857145,0.16071428571428573,0.5,0.16071428571428573,0.41818181818181815,0,0.4727272727272727,0.10909090909090909,0,0,5.941698113207546,2.3729497686210688,0,21.643467991342426
2021,00-0034279,17,10.294117647058824,4,6,3,4,10,4,0.23529411764705882,0.35294117647058826,0.17647058823529413,0.23529411764705882,0.5882352941176471,0.23529411764705882,0.6470588235294118,0.058823529411764705,0.17647058823529413,0.11764705882352941,0,0,0,0,0,0
2021,00-0034297,60,10.683333333333334,16,22,18,18,24,6,0.26666666666666666,0.36666666666666664,0.3,0.3,0.4,0.1,0.6666666666666666,0.016666666666666666,0.23333333333333334,0.08333333333333333,0,0,5.333260869565217,4.11533941172175,0,13.845420605290334
2021,00-0034301,57,1.4385964912280702,3,46,30,6,21,10,0.05263157894736842,0.8070175438596491,0.5263157894736842,0.10526315789473684,0.3684210526315789,0.17543859649122806,0.8771929824561403,0.08771929824561403,0.03508771929824561,0,0,0,0,0,0,0
2021,00-0034311,2,1.5,0,2,2,0,0,1,0,1,1,0,0,0.5,1,0,0,0,0,0,0,0,0,0
2021,00-0034317,7,7.857142857142857,2,3,2,2,3,1,0.2857142857142857,0.42857142857142855,0.2857142857142857,0.2857142857142857,0.42857142857142855,0.14285714285714285,0.42857142857142855,0.14285714285714285,0.2857142857142857,0.14285714285714285,0,0,0,0,0,0
2021,00-0034319,1,-2,0,1,1,0,0,0,0,1,1,0,0,0,0,1,0,0,0,0,0,0,0,0
2021,00-0034331,4,-1,0,4,4,0,0,0,0,1,1,0,0,0,1,0,0,0,0,0,0,0,0,0
2021,00-0034348,100,15.39795918367347,36,16,38,17,43,14,0.36,0.16,0.38,0.17,0.43,0.14,0.5204081632653061,0.030612244897959183,0.29591836734693877,0.15306122448979592,0,0,5.151063829787234,2.4701778485874994,0,34.4865725284148
2021,00-0034351,77,8.460526315789474,19,29,24,4,48,8,0.24675324675324675,0.37662337662337664,0.3116883116883117,0.05194805194805195,0.6233766233766234,0.1038961038961039,0.75,0.11842105263157894,0.13157894736842105,0,0,0,6.045,3.574250972076271,0,15.46048737174428
2021,00-0034353,12,6.333333333333333,2,7,5,3,4,1,0.16666666666666666,0.5833333333333334,0.4166666666666667,0.25,0.3333333333333333,0.08333333333333333,0.5833333333333334,0.25,0.08333333333333333,0.08333333333333333,0,0,0,0,0,0
2021,00-0034364,33,6.2727272727272725,2,11,11,8,14,5,0.06060606060606061,0.3333333333333333,0.3333333333333333,0.24242424242424243,0.42424242424242425,0.15151515151515152,0.8181818181818182,0.06060606060606061,0.09090909090909091,0.030303030303030304,0,0,0,0,0,0
2021,00-0034365,30,6.1,3,15,10,5,15,4,0.1,0.5,0.3333333333333333,0.16666666666666666,0.5,0.13333333333333333,0.7333333333333333,0.1,0.13333333333333333,0.03333333333333333,0,0,0,0,0,0
2021,00-0034366,1,5,0,0,0,1,0,0,0,0,0,1,0,0,1,0,0,0,0,0,0,0,0,0
2021,00-0034367,57,1.9824561403508771,3,43,22,12,23,5,0.05263157894736842,0.7543859649122807,0.38596491228070173,0.21052631578947367,0.40350877192982454,0.08771929824561403,0.7543859649122807,0.14035087719298245,0.07017543859649122,0.03508771929824561,0,0,0,0,0,0
2021,00-0034383,106,7.125,14,43,32,28,44,16,0.1320754716981132,0.4056603773584906,0.3018867924528302,0.2641509433962264,0.41509433962264153,0.1509433962264151,0.8076923076923077,0.04807692307692308,0.1346153846153846,0.009615384615384616,0,0,5.376543209876543,3.511319663390142,0,13.976597596667817
2021,00-0034401,1,0,0,0,0,0,0,1,0,0,0,0,0,1,0,0,0,0,0,0,0,0,0,0
2021,00-0034407,66,6.378787878787879,12,35,16,23,27,10,0.18181818181818182,0.5303030303030303,0.24242424242424243,0.3484848484848485,0.4090909090909091,0.15151515151515152,0.7424242424242424,0.09090909090909091,0.10606060606060606,0.06060606060606061,0,0,5.506610169491526,3.0799188070387933,0,9.371505307349624
2021,00-0034411,94,9.382978723404255,20,28,34,31,29,14,0.2127659574468085,0.2978723404255319,0.3617021276595745,0.32978723404255317,0.30851063829787234,0.14893617021276595,0.574468085106383,0.07446808510638298,0.22340425531914893,0.1276595744680851,0,0,6.081358024691359,3.101704611897956,0,21.895003869423647
2021,00-0034414,16,-0.5625,0,16,7,3,6,1,0,1,0.4375,0.1875,0.375,0.0625,0.75,0.25,0,0,0,0,0,0,0,0
2021,00-0034418,62,9.754098360655737,19,23,26,18,17,11,0.3064516129032258,0.3709677419354839,0.41935483870967744,0.2903225806451613,0.27419354838709675,0.1774193548387097,0.6721311475409836,0.01639344262295082,0.2459016393442623,0.06557377049180328,0,0,6.2971111111111115,3.641353164570318,0,11.260337619295203
2021,00-0034419,65,5.107692307692307,7,33,30,17,18,8,0.1076923076923077,0.5076923076923077,0.46153846153846156,0.26153846153846155,0.27692307692307694,0.12307692307692308,0.7692307692307693,0.12307692307692308,0.07692307692307693,0.03076923076923077,0,0,6.6355172413793095,4.0922357067118424,0,7.204793532565115
2021,00-0034433,1,9,0,0,0,1,0,0,0,0,0,1,0,0,0,0,0,1,0,0,0,0,0,0
2021,00-0034435,1,13,0,0,0,0,1,0,0,0,0,0,1,0,0,0,0,0,0,0,0,0,0,0
2021,00-0034440,25,0.8,0,22,13,7,5,5,0,0.88,0.52,0.28,0.2,0.2,0.96,0.04,0,0,0,0,0,0,0,0
2021,00-0034487,20,8.7,3,5,8,6,6,4,0.15,0.25,0.4,0.3,0.3,0.2,0.9,0,0,0.1,0,0,0,0,0,0
2021,00-0034521,60,10.783333333333333,14,16,15,15,30,16,0.23333333333333334,0.26666666666666666,0.25,0.25,0.5,0.26666666666666666,0.5166666666666667,0.05,0.3,0.13333333333333333,0,0,5.751666666666667,2.6435074301034764,0,15.05930252328675
2021,00-0034578,2,1.5,0,2,0,1,1,1,0,1,0,0.5,0.5,0.5,1,0,0,0,0,0,0,0,0,0
2021,00-0034597,1,4,0,1,0,1,0,0,0,1,0,1,0,0,1,0,0,0,0,0,0,0,0,0
2021,00-0034614,10,1.5,0,9,4,2,4,0,0,0.9,0.4,0.2,0.4,0,0.6666666666666666,0.2222222222222222,0,0.1111111111111111,0,0,0,0,0,0
2021,00-0034631,1,18,1,0,1,0,0,1,1,0,1,0,0,1,0,0,1,0,0,0,0,0,0,0
2021,00-0034652,5,16.8,2,1,2,0,3,2,0.4,0.2,0.4,0,0.6,0.4,0.4,0,0.6,0,0,0,0,0,0,0
2021,00-0034672,2,1,0,2,1,0,1,0,0,1,0.5,0,0.5,0,1,0,0,0,0,0,0,0,0,0
2021,00-0034676,44,11.681818181818182,13,16,20,7,17,8,0.29545454545454547,0.36363636363636365,0.45454545454545453,0.1590909090909091,0.38636363636363635,0.18181818181818182,0.4772727272727273,0.06818181818181818,0.36363636363636365,0.09090909090909091,0,0,0,0,0,0
2021,00-0034681,53,0.4339622641509434,1,44,20,6,27,7,0.018867924528301886,0.8301886792452831,0.37735849056603776,0.11320754716981132,0.5094339622641509,0.1320754716981132,0.6226415094339622,0.3018867924528302,0.03773584905660377,0.03773584905660377,0,0,0,0,0,0
2021,00-0034686,4,11.25,1,1,1,1,2,1,0.25,0.25,0.25,0.25,0.5,0.25,0.5,0,0,0.5,0,0,0,0,0,0
2021,00-0034735,1,11,0,0,0,1,0,1,0,0,0,1,0,1,0,0,1,0,0,0,0,0,0,0
2021,00-0034750,8,-2,0,8,3,0,5,1,0,1,0.375,0,0.625,0.125,0.875,0.125,0,0,0,0,0,0,0,0
2021,00-0034753,158,10.287581699346406,35,44,35,62,56,27,0.22151898734177214,0.27848101265822783,0.22151898734177214,0.3924050632911392,0.35443037974683544,0.17088607594936708,0.7647058823529411,0.006535947712418301,0.1503267973856209,0.0784313725490196,0,0,6.350960000000001,3.0550902755485985,0,30.45154436626153
2021,00-0034764,62,11.64516129032258,19,12,25,8,29,8,0.3064516129032258,0.1935483870967742,0.4032258064516129,0.12903225806451613,0.46774193548387094,0.12903225806451613,0.3870967741935484,0.11290322580645161,0.3225806451612903,0.1774193548387097,0,0,5.278548387096774,2.3762068327001495,0,14.354175064308903
2021,00-0034765,51,9.6,10,9,14,11,25,10,0.19607843137254902,0.17647058823529413,0.27450980392156865,0.21568627450980393,0.49019607843137253,0.19607843137254902,0.72,0.02,0.16,0.1,0,0,6.61,2.356899085133115,0,13.148435390715576
2021,00-0034766,7,4.142857142857143,0,3,3,2,2,1,0,0.42857142857142855,0.42857142857142855,0.2857142857142857,0.2857142857142857,0.14285714285714285,1,0,0,0,0,0,0,0,0,0
2021,00-0034775,103,11.660194174757281,30,30,32,28,43,10,0.2912621359223301,0.2912621359223301,0.3106796116504854,0.27184466019417475,0.4174757281553398,0.0970873786407767,0.6407766990291263,0.08737864077669903,0.21359223300970873,0.05825242718446602,0,0,5.999787234042554,3.379195378249628,0,27.89183633353779
2021,00-0034777,23,16.318181818181817,11,0,10,5,7,2,0.4782608695652174,0,0.43478260869565216,0.21739130434782608,0.30434782608695654,0.08695652173913043,0.5454545454545454,0,0.36363636363636365,0.09090909090909091,0,0,0,0,0,0
2021,00-0034791,25,0.56,1,22,15,2,8,1,0.04,0.88,0.6,0.08,0.32,0.04,0.64,0.32,0.04,0,0,0,0,0,0,0
2021,00-0034798,41,6.341463414634147,6,24,20,9,12,7,0.14634146341463414,0.5853658536585366,0.4878048780487805,0.21951219512195122,0.2926829268292683,0.17073170731707318,0.7073170731707317,0.024390243902439025,0.24390243902439024,0.024390243902439025,0,0,0,0,0,0
2021,00-0034799,7,0.2857142857142857,0,6,2,2,3,1,0,0.8571428571428571,0.2857142857142857,0.2857142857142857,0.42857142857142855,0.14285714285714285,1,0,0,0,0,0,0,0,0,0
2021,00-0034816,13,-1.1538461538461537,0,13,8,0,5,1,0,1,0.6153846153846154,0,0.38461538461538464,0.07692307692307693,0.8461538461538461,0.15384615384615385,0,0,0,0,0,0,0,0
2021,00-0034827,164,10.703703703703704,40,35,67,35,60,15,0.24390243902439024,0.21341463414634146,0.40853658536585363,0.21341463414634146,0.36585365853658536,0.09146341463414634,0.50920245398773,0.07975460122699386,0.25153374233128833,0.15950920245398773,0,0,5.607682119205299,2.656482565158929,0,40.25989801233849
2021,00-0034829,113,9.357142857142858,26,28,40,42,30,12,0.23008849557522124,0.24778761061946902,0.35398230088495575,0.37168141592920356,0.26548672566371684,0.10619469026548672,0.6517857142857143,0.026785714285714284,0.19642857142857142,0.125,0,0,6.506262626262625,2.7814075355909087,0,22.541179845065244
2021,00-0034830,31,6.612903225806452,2,12,8,9,14,7,0.06451612903225806,0.3870967741935484,0.25806451612903225,0.2903225806451613,0.45161290322580644,0.22580645161290322,0.7419354838709677,0.03225806451612903,0.1935483870967742,0.03225806451612903,0,0,0,0,0,0
2021,00-0034837,52,10.01923076923077,12,17,18,13,21,11,0.23076923076923078,0.3269230769230769,0.34615384615384615,0.25,0.40384615384615385,0.21153846153846154,0.6153846153846154,0.057692307692307696,0.23076923076923078,0.09615384615384616,0,0,5.933269230769231,3.0348152815582257,0,12.73250538381468
2021,00-0034838,16,-0.375,0,14,9,4,3,0,0,0.875,0.5625,0.25,0.1875,0,0.9375,0.0625,0,0,0,0,0,0,0,0
2021,00-0034844,57,0.5263157894736842,3,45,18,10,29,3,0.05263157894736842,0.7894736842105263,0.3157894736842105,0.17543859649122806,0.5087719298245614,0.05263157894736842,0.6491228070175439,0.22807017543859648,0.08771929824561403,0.03508771929824561,0,0,0,0,0,0
2021,00-0034845,33,-0.42424242424242425,0,32,15,8,10,2,0,0.9696969696969697,0.45454545454545453,0.24242424242424243,0.30303030303030304,0.06060606060606061,0.8787878787878788,0.12121212121212122,0,0,0,0,0,0,0,0
2021,00-0034854,28,11.25925925925926,9,9,9,6,11,6,0.32142857142857145,0.32142857142857145,0.32142857142857145,0.21428571428571427,0.39285714285714285,0.21428571428571427,0.38461538461538464,0.11538461538461539,0.38461538461538464,0.11538461538461539,0,0,0,0,0,0
2021,00-0034857,1,0,0,0,0,0,0,1,0,0,0,0,0,1,0,0,0,0,0,0,0,0,0,0
2021,00-0034860,16,6.4375,1,4,8,2,6,2,0.0625,0.25,0.5,0.125,0.375,0.125,0.75,0.0625,0,0.1875,0,0,0,0,0,0
2021,00-0034867,16,9.3125,3,4,7,4,5,6,0.1875,0.25,0.4375,0.25,0.3125,0.375,0.8125,0,0.1875,0,0,0,0,0,0,0
2021,00-0034903,1,10,0,0,1,0,0,0,0,0,1,0,0,0,0,0,0,0,0,0,0,0,0,0
2021,00-0034930,22,7.954545454545454,5,10,12,2,8,1,0.22727272727272727,0.45454545454545453,0.5454545454545454,0.09090909090909091,0.36363636363636365,0.045454545454545456,0.6818181818181818,0.18181818181818182,0.13636363636363635,0,0,0,0,0,0,0
2021,00-0034960,128,9.69047619047619,26,40,52,32,42,16,0.203125,0.3125,0.40625,0.25,0.328125,0.125,0.7301587301587301,0.023809523809523808,0.16666666666666666,0.07936507936507936,0,0,5.368695652173912,2.753380933897082,0,28.492077344365452
2021,00-0034972,39,0.07692307692307693,0,38,15,11,13,8,0,0.9743589743589743,0.38461538461538464,0.28205128205128205,0.3333333333333333,0.20512820512820512,0.7692307692307693,0.23076923076923078,0,0,0,0,0,0,0,0
2021,00-0034981,44,7.386363636363637,12,23,15,10,19,6,0.2727272727272727,0.5227272727272727,0.3409090909090909,0.22727272727272727,0.4318181818181818,0.13636363636363635,0.6590909090909091,0.022727272727272728,0.29545454545454547,0.022727272727272728,0,0,0,0,0,0
2021,00-0034983,129,6.46875,15,68,58,24,46,26,0.11627906976744186,0.5271317829457365,0.4496124031007752,0.18604651162790697,0.35658914728682173,0.20155038759689922,0.6953125,0.078125,0.171875,0.0546875,0,0,6.583805309734515,3.393140888393014,0,17.221320068243948
2021,00-0034988,3,7.333333333333333,1,1,1,1,1,0,0.3333333333333333,0.3333333333333333,0.3333333333333333,0.3333333333333333,0.3333333333333333,0,1,0,0,0,0,0,0,0,0,0
2021,00-0035021,22,13.818181818181818,9,8,9,7,6,2,0.4090909090909091,0.36363636363636365,0.4090909090909091,0.3181818181818182,0.2727272727272727,0.09090909090909091,0.6363636363636364,0.09090909090909091,0.22727272727272727,0.045454545454545456,0,0,0,0,0,0
2021,00-0035022,12,9,2,4,3,3,6,1,0.16666666666666666,0.3333333333333333,0.25,0.25,0.5,0.08333333333333333,0.5833333333333334,0.08333333333333333,0.25,0.08333333333333333,0,0,0,0,0,0
2021,00-0035045,6,6.5,0,0,1,3,2,1,0,0,0.16666666666666666,0.5,0.3333333333333333,0.16666666666666666,0.8333333333333334,0,0,0.16666666666666666,0,0,0,0,0,0
2021,00-0035099,2,0,0,2,0,0,2,0,0,1,0,0,1,0,0.5,0.5,0,0,0,0,0,0,0,0
2021,00-0035101,3,4.666666666666667,0,2,0,1,2,0,0,0.6666666666666666,0,0.3333333333333333,0.6666666666666666,0,1,0,0,0,0,0,0,0,0,0
2021,00-0035125,12,4.666666666666667,2,9,5,1,6,3,0.16666666666666666,0.75,0.4166666666666667,0.08333333333333333,0.5,0.25,0.8333333333333334,0,0.16666666666666666,0,0,0,0,0,0,0
2021,00-0035126,32,9.90625,8,12,26,3,3,6,0.25,0.375,0.8125,0.09375,0.09375,0.1875,0.40625,0.09375,0.28125,0.21875,0,0,0,0,0,0
2021,00-0035140,83,7.373493975903615,16,51,39,20,24,17,0.1927710843373494,0.6144578313253012,0.46987951807228917,0.24096385542168675,0.2891566265060241,0.20481927710843373,0.6024096385542169,0.2289156626506024,0.14457831325301204,0.024096385542168676,0,0,6.82927536231884,4.122586127723884,0,12.764038961512952
2021,00-0035184,1,4,0,1,1,0,0,0,0,1,1,0,0,0,1,0,0,0,0,0,0,0,0,0
2021,00-0035187,3,-3,0,3,2,0,1,0,0,1,0.6666666666666666,0,0.3333333333333333,0,0.3333333333333333,0.6666666666666666,0,0,0,0,0,0,0,0
2021,00-0035208,54,9,8,15,15,15,23,9,0.14814814814814814,0.2777777777777778,0.2777777777777778,0.2777777777777778,0.42592592592592593,0.16666666666666666,0.7924528301886793,0.018867924528301886,0.09433962264150944,0.09433962264150944,0,0,6.504000000000001,2.454409475956601,0,12.646957742926865
2021,00-0035215,59,9.915254237288135,15,19,21,10,28,5,0.2542372881355932,0.3220338983050847,0.3559322033898305,0.1694915254237288,0.4745762711864407,0.0847457627118644,0.5932203389830508,0.11864406779661017,0.2033898305084746,0.0847457627118644,0,0,7.182592592592592,3.629111707167015,0,16.181305155719784
2021,00-0035216,173,8.520710059171599,41,81,73,27,69,26,0.23699421965317918,0.4682080924855491,0.42196531791907516,0.15606936416184972,0.3988439306358382,0.15028901734104047,0.4970414201183432,0.1242603550295858,0.21893491124260356,0.15976331360946747,0,0,4.6364024390243905,3.1734949230497023,0,32.47566318954298
2021,00-0035217,4,-1,0,4,0,1,3,0,0,1,0,0.25,0.75,0,1,0,0,0,0,0,0,0,0,0
2021,00-0035222,25,3,1,17,8,7,10,5,0.04,0.68,0.32,0.28,0.4,0.2,0.7916666666666666,0.08333333333333333,0.125,0,0,0,0,0,0,0
2021,00-0035229,86,7.333333333333333,9,33,28,20,36,12,0.10465116279069768,0.38372093023255816,0.32558139534883723,0.23255813953488372,0.4186046511627907,0.13953488372093023,0.7023809523809523,0.05952380952380952,0.19047619047619047,0.047619047619047616,0,0,6.1909230769230765,2.81207574444901,0,16.851667963822763
2021,00-0035231,1,1,0,1,1,0,0,1,0,1,1,0,0,1,1,0,0,0,0,0,0,0,0,0
2021,00-0035243,34,-0.5294117647058824,1,31,19,2,13,3,0.029411764705882353,0.9117647058823529,0.5588235294117647,0.058823529411764705,0.38235294117647056,0.08823529411764706,0.8529411764705882,0.14705882352941177,0,0,0,0,0,0,0,0
2021,00-0035246,5,8.2,1,2,4,0,1,0,0.2,0.4,0.8,0,0.2,0,0.8,0,0.2,0,0,0,0,0,0,0
2021,00-0035249,15,8.4,3,8,5,6,4,2,0.2,0.5333333333333333,0.3333333333333333,0.4,0.26666666666666666,0.13333333333333333,0.8,0,0.06666666666666667,0.13333333333333333,0,0,0,0,0,0
2021,00-0035250,50,0.08,1,47,20,14,16,6,0.02,0.94,0.4,0.28,0.32,0.12,0.88,0.1,0.02,0,0,0,0,0,0,0
2021,00-0035259,5,0.6,0,5,1,1,3,0,0,1,0.2,0.2,0.6,0,1,0,0,0,0,0,0,0,0,0
2021,00-0035261,47,0.17391304347826086,1,41,21,3,22,8,0.02127659574468085,0.8723404255319149,0.44680851063829785,0.06382978723404255,0.46808510638297873,0.1702127659574468,0.8260869565217391,0.15217391304347827,0.021739130434782608,0,0,0,0,0,0,0
2021,00-0035268,4,0,0,4,3,1,0,0,0,1,0.75,0.25,0,0,0.75,0.25,0,0,0,0,0,0,0,0
2021,00-0035273,6,0,0,6,2,1,3,2,0,1,0.3333333333333333,0.16666666666666666,0.5,0.3333333333333333,0.8333333333333334,0.16666666666666666,0,0,0,0,0,0,0,0
2021,00-0035291,2,-3.5,0,2,1,0,1,0,0,1,0.5,0,0.5,0,0,1,0,0,0,0,0,0,0,0
2021,00-0035298,9,13,3,2,2,1,6,0,0.3333333333333333,0.2222222222222222,0.2222222222222222,0.1111111111111111,0.6666666666666666,0,0.4444444444444444,0.1111111111111111,0.1111111111111111,0.3333333333333333,0,0,0,0,0,0
2021,00-0035308,12,5.75,1,6,4,1,7,1,0.08333333333333333,0.5,0.3333333333333333,0.08333333333333333,0.5833333333333334,0.08333333333333333,0.8333333333333334,0,0.16666666666666666,0,0,0,0,0,0,0
2021,00-0035311,63,0.5079365079365079,2,56,28,6,29,9,0.031746031746031744,0.8888888888888888,0.4444444444444444,0.09523809523809523,0.4603174603174603,0.14285714285714285,0.7619047619047619,0.14285714285714285,0.047619047619047616,0.047619047619047616,0,0,0,0,0,0
2021,00-0035328,1,6,0,0,1,0,0,1,0,0,1,0,0,1,0,0,0,0,0,0,0,0,0,0
2021,00-0035329,28,4.481481481481482,3,19,9,3,15,7,0.10714285714285714,0.6785714285714286,0.32142857142857145,0.10714285714285714,0.5357142857142857,0.25,0.7037037037037037,0.1111111111111111,0.18518518518518517,0,0,0,0,0,0,0
2021,00-0035341,5,17.2,2,0,4,1,0,1,0.4,0,0.8,0.2,0,0.2,0.2,0,0.6,0.2,0,0,0,0,0,0
2021,00-0035342,3,-1,0,3,1,0,2,1,0,1,0.3333333333333333,0,0.6666666666666666,0.3333333333333333,1,0,0,0,0,0,0,0,0,0
2021,00-0035345,6,2.1666666666666665,0,5,1,1,4,1,0,0.8333333333333334,0.16666666666666666,0.16666666666666666,0.6666666666666666,0.16666666666666666,1,0,0,0,0,0,0,0,0,0
2021,00-0035350,16,8.5625,2,6,6,0,10,4,0.125,0.375,0.375,0,0.625,0.25,0.5,0,0.375,0.125,0,0,0,0,0,0
2021,00-0035356,7,9.857142857142858,1,2,3,1,3,1,0.14285714285714285,0.2857142857142857,0.42857142857142855,0.14285714285714285,0.42857142857142855,0.14285714285714285,0.8571428571428571,0,0.14285714285714285,0,0,0,0,0,0,0
2021,00-0035359,6,9.666666666666666,2,2,4,2,0,1,0.3333333333333333,0.3333333333333333,0.6666666666666666,0.3333333333333333,0,0.16666666666666666,0.6666666666666666,0,0,0.3333333333333333,0,0,0,0,0,0
2021,00-0035399,4,8,1,3,0,0,4,0,0.25,0.75,0,0,1,0,0.75,0,0.25,0,0,0,0,0,0,0
2021,00-0035406,19,10.666666666666666,7,5,9,3,6,2,0.3684210526315789,0.2631578947368421,0.47368421052631576,0.15789473684210525,0.3157894736842105,0.10526315789473684,0.7647058823529411,0,0.23529411764705882,0,0,0,0,0,0,0
2021,00-0035414,48,10.479166666666666,11,19,15,5,28,7,0.22916666666666666,0.3958333333333333,0.3125,0.10416666666666667,0.5833333333333334,0.14583333333333334,0.7291666666666666,0.041666666666666664,0.1875,0.041666666666666664,0,0,7.003555555555555,3.4221027409155726,0,10.499864976490025
2021,00-0035428,2,0.5,0,2,1,0,1,1,0,1,0.5,0,0.5,0.5,1,0,0,0,0,0,0,0,0,0
2021,00-0035432,4,15,2,0,3,0,1,0,0.5,0,0.75,0,0.25,0,0.5,0,0.5,0,0,0,0,0,0,0
2021,00-0035457,5,20.4,3,1,3,0,2,0,0.6,0.2,0.6,0,0.4,0,0.2,0.2,0.4,0.2,0,0,0,0,0,0
2021,00-0035480,3,10,1,1,3,0,0,2,0.3333333333333333,0.3333333333333333,1,0,0,0.6666666666666666,0,0.3333333333333333,0.3333333333333333,0.3333333333333333,0,0,0,0,0,0
2021,00-0035500,3,-5.333333333333333,0,3,0,1,2,1,0,1,0,0.3333333333333333,0.6666666666666666,0.3333333333333333,0.6666666666666666,0.3333333333333333,0,0,0,0,0,0,0,0
2021,00-0035510,17,11.294117647058824,4,3,5,4,8,0,0.23529411764705882,0.17647058823529413,0.29411764705882354,0.23529411764705882,0.47058823529411764,0,0.7058823529411765,0,0.17647058823529413,0.11764705882352941,0,0,0,0,0,0
2021,00-0035527,1,6,0,0,0,0,1,0,0,0,0,0,1,0,1,0,0,0,0,0,0,0,0,0
2021,00-0035535,58,13.327586206896552,19,10,21,8,29,2,0.3275862068965517,0.1724137931034483,0.3620689655172414,0.13793103448275862,0.5,0.034482758620689655,0.6724137931034483,0.05172413793103448,0.22413793103448276,0.05172413793103448,0,0,6.762241379310345,2.9677173400443895,0,18.703425213685478
2021,00-0035537,55,2.381818181818182,2,39,24,13,18,4,0.03636363636363636,0.7090909090909091,0.43636363636363634,0.23636363636363636,0.32727272727272727,0.07272727272727272,0.7818181818181819,0.16363636363636364,0.03636363636363636,0.01818181818181818,0,0,0,0,0,0
2021,00-0035544,10,7.7,1,3,1,6,3,1,0.1,0.3,0.1,0.6,0.3,0.1,0.9,0,0.1,0,0,0,0,0,0,0
2021,00-0035547,5,7.6,1,3,3,2,0,2,0.2,0.6,0.6,0.4,0,0.4,0.6,0,0.2,0.2,0,0,0,0,0,0
2021,00-0035562,3,10.333333333333334,1,1,2,0,1,3,0.3333333333333333,0.3333333333333333,0.6666666666666666,0,0.3333333333333333,1,0.3333333333333333,0,0.6666666666666666,0,0,0,0,0,0,0
2021,00-0035567,8,0.625,0,7,4,1,3,0,0,0.875,0.5,0.125,0.375,0,0.75,0.125,0.125,0,0,0,0,0,0,0
2021,00-0035572,6,3.6666666666666665,0,4,1,2,3,0,0,0.6666666666666666,0.16666666666666666,0.3333333333333333,0.5,0,1,0,0,0,0,0,0,0,0,0
2021,00-0035588,1,-3,0,1,0,1,0,0,0,1,0,1,0,0,0,0,0,0,0,0,0,0,0,0
2021,00-0035593,13,5.769230769230769,1,6,8,1,4,3,0.07692307692307693,0.46153846153846156,0.6153846153846154,0.07692307692307693,0.3076923076923077,0.23076923076923078,0.9230769230769231,0.07692307692307693,0,0,0,0,0,0,0,0
2021,00-0035594,20,2.4,0,15,8,6,6,3,0,0.75,0.4,0.3,0.3,0.15,0.9,0.1,0,0,0,0,0,0,0,0
2021,00-0035603,7,6.142857142857143,1,3,1,3,3,2,0.14285714285714285,0.42857142857142855,0.14285714285714285,0.42857142857142855,0.42857142857142855,0.2857142857142857,0.6666666666666666,0,0.3333333333333333,0,0,0,0,0,0,0
2021,00-0035624,22,14.863636363636363,11,2,12,7,3,1,0.5,0.09090909090909091,0.5454545454545454,0.3181818181818182,0.13636363636363635,0.045454545454545456,0.5454545454545454,0.09090909090909091,0.2727272727272727,0.09090909090909091,0,0,0,0,0,0
2021,00-0035628,25,0.24,0,19,10,4,11,1,0,0.76,0.4,0.16,0.44,0.04,0.72,0.24,0,0.04,0,0,0,0,0,0
2021,00-0035631,15,2.3333333333333335,1,11,4,5,6,0,0.06666666666666667,0.7333333333333333,0.26666666666666666,0.3333333333333333,0.4,0,0.7333333333333333,0.13333333333333333,0.06666666666666667,0.06666666666666667,0,0,0,0,0,0
2021,00-0035632,1,4,0,1,0,1,0,0,0,1,0,1,0,0,0,0,0,0,0,0,0,0,0,0
2021,00-0035639,20,16.7,7,5,8,4,8,1,0.35,0.25,0.4,0.2,0.4,0.05,0.55,0,0.3,0.15,0,0,0,0,0,0
2021,00-0035640,129,12.682170542635658,43,29,64,23,42,20,0.3333333333333333,0.2248062015503876,0.49612403100775193,0.17829457364341086,0.32558139534883723,0.15503875968992248,0.4883720930232558,0.08527131782945736,0.3023255813953488,0.12403100775193798,0,0,6.288095238095239,2.5848692168750347,0,36.705983838094895
2021,00-0035644,91,6,11,47,30,12,48,17,0.12087912087912088,0.5164835164835165,0.32967032967032966,0.13186813186813187,0.5274725274725275,0.18681318681318682,0.8111111111111111,0.05555555555555555,0.12222222222222222,0.011111111111111112,0,0,5.818208955223881,4.101818712656946,0,12.386204002700092
2021,00-0035645,3,9.666666666666666,0,1,0,1,2,0,0,0.3333333333333333,0,0.3333333333333333,0.6666666666666666,0,1,0,0,0,0,0,0,0,0,0
2021,00-0035657,21,-0.3333333333333333,0,20,9,5,7,2,0,0.9523809523809523,0.42857142857142855,0.23809523809523808,0.3333333333333333,0.09523809523809523,0.7619047619047619,0.23809523809523808,0,0,0,0,0,0,0,0
2021,00-0035659,130,13.13076923076923,48,36,50,29,51,9,0.36923076923076925,0.27692307692307694,0.38461538461538464,0.2230769230769231,0.3923076923076923,0.06923076923076923,0.5461538461538461,0.05384615384615385,0.26153846153846155,0.13846153846153847,0,0,5.588487394957982,2.4483050759453833,0,41.67066719153553
2021,00-0035662,147,11.10958904109589,42,58,36,35,75,18,0.2857142857142857,0.3945578231292517,0.24489795918367346,0.23809523809523808,0.5102040816326531,0.12244897959183673,0.636986301369863,0.0821917808219178,0.19863013698630136,0.0821917808219178,0,0,7.661544117647058,3.547443575365998,0,32.020850467574405
2021,00-0035664,40,0.925,2,35,17,8,15,9,0.05,0.875,0.425,0.2,0.375,0.225,0.725,0.15,0.1,0.025,0,0,0,0,0,0
2021,00-0035676,105,11.6,29,23,30,33,42,11,0.2761904761904762,0.21904761904761905,0.2857142857142857,0.3142857142857143,0.4,0.10476190476190476,0.6476190476190476,0.0380952380952381,0.22857142857142856,0.08571428571428572,0,0,6.111111111111111,2.640335918704501,0,32.10902308112017
2021,00-0035685,51,0.8823529411764706,0,45,19,12,20,8,0,0.8823529411764706,0.37254901960784315,0.23529411764705882,0.39215686274509803,0.1568627450980392,0.803921568627451,0.17647058823529413,0.0196078431372549,0,0,0,0,0,0,0
2021,00-0035689,71,7.380281690140845,13,37,22,13,36,19,0.18309859154929578,0.5211267605633803,0.30985915492957744,0.18309859154929578,0.5070422535211268,0.2676056338028169,0.6197183098591549,0.07042253521126761,0.29577464788732394,0.014084507042253521,0,0,5.272758620689656,3.9503061195897695,0,9.50153754124255
2021,00-0035700,64,-0.421875,1,57,29,12,23,6,0.015625,0.890625,0.453125,0.1875,0.359375,0.09375,0.828125,0.15625,0.015625,0,0,0,0,0,0,0
2021,00-0035703,1,6,0,0,1,0,0,0,0,0,1,0,0,0,1,0,0,0,0,0,0,0,0,0
2021,00-0035704,1,-5,0,1,0,0,1,1,0,1,0,0,1,1,1,0,0,0,0,0,0,0,0,0
2021,00-0035710,1,13,0,0,0,0,1,0,0,0,0,0,1,0,1,0,0,0,0,0,0,0,0,0
2021,00-0035715,9,1.2222222222222223,1,8,2,0,7,2,0.1111111111111111,0.8888888888888888,0.2222222222222222,0,0.7777777777777778,0.2222222222222222,0.5555555555555556,0.4444444444444444,0,0,0,0,0,0,0,0
2021,00-0035719,121,8.50413223140496,27,41,36,47,38,9,0.2231404958677686,0.33884297520661155,0.2975206611570248,0.3884297520661157,0.3140495867768595,0.0743801652892562,0.5206611570247934,0.11570247933884298,0.17355371900826447,0.19008264462809918,0,0,6.697747747747746,3.320780213898697,0,26.61290937608834
2021,00-0035726,5,2,0,5,1,1,3,1,0,1,0.2,0.2,0.6,0.2,1,0,0,0,0,0,0,0,0,0
2021,00-0035771,5,3.8,0,4,1,1,3,0,0,0.8,0.2,0.2,0.6,0,1,0,0,0,0,0,0,0,0,0
2021,00-0035806,29,2.413793103448276,3,25,8,9,12,5,0.10344827586206896,0.8620689655172413,0.27586206896551724,0.3103448275862069,0.41379310344827586,0.1724137931034483,0.7931034482758621,0.10344827586206896,0.06896551724137931,0.034482758620689655,0,0,0,0,0,0
2021,00-0035823,1,7,0,0,0,1,0,0,0,0,0,1,0,0,1,0,0,0,0,0,0,0,0,0
2021,00-0035831,46,0.8695652173913043,0,35,23,5,18,2,0,0.7608695652173914,0.5,0.10869565217391304,0.391304347826087,0.043478260869565216,0.8260869565217391,0.10869565217391304,0.021739130434782608,0.043478260869565216,0,0,0,0,0,0
2021,00-0035844,3,18.666666666666668,1,0,1,1,1,0,0.3333333333333333,0,0.3333333333333333,0.3333333333333333,0.3333333333333333,0,0,0,0.3333333333333333,0.6666666666666666,0,0,0,0,0,0
2021,00-0035860,8,0.125,0,7,2,2,4,1,0,0.875,0.25,0.25,0.5,0.125,0.875,0.125,0,0,0,0,0,0,0,0
2021,00-0035864,23,8.043478260869565,5,7,8,9,6,2,0.21739130434782608,0.30434782608695654,0.34782608695652173,0.391304347826087,0.2608695652173913,0.08695652173913043,0.782608695652174,0,0.13043478260869565,0.08695652173913043,0,0,0,0,0,0
2021,00-0035891,6,6.333333333333333,1,4,2,1,3,0,0.16666666666666666,0.6666666666666666,0.3333333333333333,0.16666666666666666,0.5,0,1,0,0,0,0,0,0,0,0,0
2021,00-0035898,1,1,0,1,0,1,0,0,0,1,0,1,0,0,1,0,0,0,0,0,0,0,0,0
2021,00-0035908,3,1.6666666666666667,0,2,0,1,2,0,0,0.6666666666666666,0,0.3333333333333333,0.6666666666666666,0,1,0,0,0,0,0,0,0,0,0
2021,00-0035924,4,3.25,1,2,1,2,1,0,0.25,0.5,0.25,0.5,0.25,0,0.6666666666666666,0.3333333333333333,0,0,0,0,0,0,0,0
2021,00-0035956,2,11.5,1,0,0,1,1,1,0.5,0,0,0.5,0.5,0.5,0.5,0,0.5,0,0,0,0,0,0,0
2021,00-0035957,5,3.2,0,4,1,2,2,0,0,0.8,0.2,0.4,0.4,0,1,0,0,0,0,0,0,0,0,0
2021,00-0035973,2,-1,0,2,2,0,0,1,0,1,1,0,0,0.5,0.5,0.5,0,0,0,0,0,0,0,0
2021,00-0036011,1,9,0,0,1,0,0,0,0,0,1,0,0,0,0,0,0,0,0,0,0,0,0,0
2021,00-0036020,19,2.1578947368421053,1,17,7,3,9,3,0.05263157894736842,0.8947368421052632,0.3684210526315789,0.15789473684210525,0.47368421052631576,0.15789473684210525,0.7894736842105263,0.15789473684210525,0.05263157894736842,0,0,0,0,0,0,0
2021,00-0036032,6,4.5,0,3,5,0,1,1,0,0.5,0.8333333333333334,0,0.16666666666666666,0.16666666666666666,1,0,0,0,0,0,0,0,0,0
2021,00-0036036,1,1,0,1,0,0,1,1,0,1,0,0,1,1,0,0,0,0,0,0,0,0,0,0
2021,00-0036040,22,10.909090909090908,8,5,6,5,11,7,0.36363636363636365,0.22727272727272727,0.2727272727272727,0.22727272727272727,0.5,0.3181818181818182,0.4090909090909091,0.045454545454545456,0.4090909090909091,0.13636363636363635,0,0,0,0,0,0
2021,00-0036069,3,0.6666666666666666,0,3,2,0,1,0,0,1,0.6666666666666666,0,0.3333333333333333,0,1,0,0,0,0,0,0,0,0,0
2021,00-0036080,1,-4,0,1,0,0,1,0,0,1,0,0,1,0,0,1,0,0,0,0,0,0,0,0
2021,00-0036096,4,-0.5,0,4,2,0,2,0,0,1,0.5,0,0.5,0,0.75,0.25,0,0,0,0,0,0,0,0
2021,00-0036110,4,12,1,3,2,0,2,0,0.25,0.75,0.5,0,0.5,0,0.75,0,0.25,0,0,0,0,0,0,0
2021,00-0036133,20,9.6,3,5,5,8,7,1,0.15,0.25,0.25,0.4,0.35,0.05,0.65,0,0.1,0.25,0,0,0,0,0,0
2021,00-0036173,6,5,1,4,1,1,4,1,0.16666666666666666,0.6666666666666666,0.16666666666666666,0.16666666666666666,0.6666666666666666,0.16666666666666666,0.3333333333333333,0.5,0.16666666666666666,0,0,0,0,0,0,0
2021,00-0036182,57,10.631578947368421,14,11,11,18,28,11,0.24561403508771928,0.19298245614035087,0.19298245614035087,0.3157894736842105,0.49122807017543857,0.19298245614035087,0.6140350877192983,0.017543859649122806,0.19298245614035087,0.17543859649122806,0,0,5.328039215686275,2.730466171606113,0,15.008184344427663
2021,00-0036183,8,16.5,3,0,3,1,4,2,0.375,0,0.375,0.125,0.5,0.25,0.5,0,0.5,0,0,0,0,0,0,0
2021,00-0036187,5,4.2,1,4,4,0,1,1,0.2,0.8,0.8,0,0.2,0.2,0.8,0,0.2,0,0,0,0,0,0,0
2021,00-0036196,63,13.428571428571429,23,14,22,13,28,18,0.36507936507936506,0.2222222222222222,0.3492063492063492,0.20634920634920634,0.4444444444444444,0.2857142857142857,0.5079365079365079,0.047619047619047616,0.3968253968253968,0.047619047619047616,0,0,5.255322580645162,2.5960470479559143,0,16.59254689734458
2021,00-0036215,1,2,0,1,1,0,0,1,0,1,1,0,0,1,0,0,0,0,0,0,0,0,0,0
2021,00-0036219,84,12.619047619047619,29,21,38,13,33,9,0.34523809523809523,0.25,0.4523809523809524,0.15476190476190477,0.39285714285714285,0.10714285714285714,0.5833333333333334,0,0.2976190476190476,0.11904761904761904,0,0,5.755180722891566,2.833434106805715,0,28.706649655632432
2021,00-0036223,52,-0.8823529411764706,0,47,23,6,22,4,0,0.9038461538461539,0.4423076923076923,0.11538461538461539,0.4230769230769231,0.07692307692307693,0.7058823529411765,0.27450980392156865,0.0196078431372549,0,0,0,0,0,0,0
2021,00-0036228,4,9,0,1,2,2,0,1,0,0.25,0.5,0.5,0,0.25,0.75,0,0.25,0,0,0,0,0,0,0
2021,00-0036232,28,9.214285714285714,5,10,15,2,11,6,0.17857142857142858,0.35714285714285715,0.5357142857142857,0.07142857142857142,0.39285714285714285,0.21428571428571427,0.6785714285714286,0,0.32142857142857145,0,0,0,0,0,0,0
2021,00-0036233,59,15.586206896551724,29,10,24,9,25,4,0.4915254237288136,0.1694915254237288,0.4067796610169492,0.15254237288135594,0.423728813559322,0.06779661016949153,0.5,0.017241379310344827,0.39655172413793105,0.08620689655172414,0,0,5.722068965517242,2.1144548401272063,0,21.26570952924582
2021,00-0036244,8,5.875,2,4,4,2,2,3,0.25,0.5,0.5,0.25,0.25,0.375,0.5,0.125,0.25,0.125,0,0,0,0,0,0
2021,00-0036247,41,8.1,7,17,20,5,15,5,0.17073170731707318,0.4146341463414634,0.4878048780487805,0.12195121951219512,0.36585365853658536,0.12195121951219512,0.575,0.2,0.125,0.1,0,0,0,0,0,0
2021,00-0036250,5,7.6,2,3,1,1,3,2,0.4,0.6,0.2,0.2,0.6,0.4,0.8,0,0.2,0,0,0,0,0,0,0
2021,00-0036251,32,0.8125,0,27,16,6,10,6,0,0.84375,0.5,0.1875,0.3125,0.1875,0.875,0.125,0,0,0,0,0,0,0,0
2021,00-0036252,130,9.713178294573643,31,43,42,24,63,18,0.23846153846153847,0.33076923076923076,0.3230769230769231,0.18461538461538463,0.4846153846153846,0.13846153846153847,0.5891472868217055,0.09302325581395349,0.18604651162790697,0.13178294573643412,0,0,6.340238095238095,2.76280033927554,0,31.27518692418721
2021,00-0036254,21,8.476190476190476,2,2,4,2,15,1,0.09523809523809523,0.09523809523809523,0.19047619047619047,0.09523809523809523,0.7142857142857143,0.047619047619047616,0.7619047619047619,0,0.09523809523809523,0.14285714285714285,0,0,0,0,0,0
2021,00-0036255,23,11.652173913043478,9,5,6,4,13,2,0.391304347826087,0.21739130434782608,0.2608695652173913,0.17391304347826086,0.5652173913043478,0.08695652173913043,0.5652173913043478,0,0.30434782608695654,0.13043478260869565,0,0,0,0,0,0
2021,00-0036259,38,9.342105263157896,8,13,13,11,14,7,0.21052631578947367,0.34210526315789475,0.34210526315789475,0.2894736842105263,0.3684210526315789,0.18421052631578946,0.6578947368421053,0.05263157894736842,0.21052631578947367,0.07894736842105263,0,0,0,0,0,0
2021,00-0036261,86,9.678571428571429,23,17,26,23,35,12,0.26744186046511625,0.19767441860465115,0.3023255813953488,0.26744186046511625,0.4069767441860465,0.13953488372093023,0.4880952380952381,0.08333333333333333,0.19047619047619047,0.23809523809523808,0,0,5.5196202531645575,2.9427785694705513,0,21.11126081352813
2021,00-0036265,37,0.3783783783783784,0,33,20,3,14,5,0,0.8918918918918919,0.5405405405405406,0.08108108108108109,0.3783783783783784,0.13513513513513514,0.8918918918918919,0.10810810810810811,0,0,0,0,0,0,0,0
2021,00-0036268,100,5.5,10,48,44,18,38,10,0.1,0.48,0.44,0.18,0.38,0.1,0.6,0.2,0.11,0.09,0,0,6.692584269662921,3.6496709514602172,0,12.246719628670894
2021,00-0036271,63,12.03225806451613,26,27,26,6,30,10,0.4126984126984127,0.42857142857142855,0.4126984126984127,0.09523809523809523,0.47619047619047616,0.15873015873015872,0.532258064516129,0.1935483870967742,0.27419354838709675,0,0,0,5.997636363636364,3.3748816275932096,0,18.852357932123134
2021,00-0036275,78,-0.01282051282051282,0,67,33,17,28,11,0,0.8589743589743589,0.4230769230769231,0.21794871794871795,0.358974358974359,0.14102564102564102,0.7692307692307693,0.21794871794871795,0,0.01282051282051282,0,0,0,0,0,0
2021,00-0036277,23,11.409090909090908,7,9,11,3,8,4,0.30434782608695654,0.391304347826087,0.4782608695652174,0.13043478260869565,0.34782608695652173,0.17391304347826086,0.6818181818181818,0,0.2727272727272727,0.045454545454545456,0,0,0,0,0,0
2021,00-0036278,1,0,0,1,0,0,1,0,0,1,0,0,1,0,1,0,0,0,0,0,0,0,0,0
2021,00-0036290,93,7.752688172043011,15,34,22,37,34,14,0.16129032258064516,0.3655913978494624,0.23655913978494625,0.3978494623655914,0.3655913978494624,0.15053763440860216,0.7204301075268817,0.03225806451612903,0.1827956989247312,0.06451612903225806,0,0,5.368955223880598,3.2846745961093147,0,16.108888514394813
2021,00-0036297,2,-2,0,2,1,0,1,0,0,1,0.5,0,0.5,0,0.5,0.5,0,0,0,0,0,0,0,0
2021,00-0036308,1,22,1,0,0,0,1,0,1,0,0,0,1,0,1,0,0,0,0,0,0,0,0,0
2021,00-0036309,141,11.114285714285714,41,36,46,32,62,12,0.2907801418439716,0.2553191489361702,0.3262411347517731,0.22695035460992907,0.4397163120567376,0.0851063829787234,0.7071428571428572,0.07142857142857142,0.17142857142857143,0.05,0,0,7.105238095238095,2.9021977255486555,0,36.427141791923404
2021,00-0036322,170,12.353293413173652,53,41,60,36,71,25,0.31176470588235294,0.2411764705882353,0.35294117647058826,0.21176470588235294,0.4176470588235294,0.14705882352941177,0.592814371257485,0.11377245508982035,0.2275449101796407,0.0658682634730539,0,0,5.664424242424243,2.979162932406609,0,45.31017075112023
2021,00-0036326,105,11.447619047619048,28,38,36,21,48,13,0.26666666666666666,0.3619047619047619,0.34285714285714286,0.2,0.45714285714285713,0.12380952380952381,0.3523809523809524,0.08571428571428572,0.37142857142857144,0.19047619047619047,0,0,5.123823529411765,2.350317682242599,0,27.250123746493855
2021,00-0036328,53,-0.17307692307692307,1,47,9,15,28,7,0.018867924528301886,0.8867924528301887,0.16981132075471697,0.2830188679245283,0.5283018867924528,0.1320754716981132,0.6538461538461539,0.3076923076923077,0,0.038461538461538464,0,0,0,0,0,0
2021,00-0036331,47,6.042553191489362,5,21,16,18,13,8,0.10638297872340426,0.44680851063829785,0.3404255319148936,0.3829787234042553,0.2765957446808511,0.1702127659574468,0.6808510638297872,0.0425531914893617,0.1276595744680851,0.14893617021276595,0,0,7.904749999999998,3.7302892755766934,0,6.1607115659934815
2021,00-0036332,33,3.4545454545454546,3,24,13,5,15,7,0.09090909090909091,0.7272727272727273,0.3939393939393939,0.15151515151515152,0.45454545454545453,0.21212121212121213,0.7878787878787878,0.12121212121212122,0.09090909090909091,0,0,0,0,0,0,0
2021,00-0036336,1,0,0,1,1,0,0,0,0,1,1,0,0,0,1,0,0,0,0,0,0,0,0,0
2021,00-0036345,82,10.5,19,19,32,17,33,9,0.23170731707317074,0.23170731707317074,0.3902439024390244,0.2073170731707317,0.4024390243902439,0.10975609756097561,0.5975609756097561,0.036585365853658534,0.21951219512195122,0.14634146341463414,0,0,5.628552631578948,2.7642276002737436,0,18.91674398765209
2021,00-0036355,1,0,0,0,0,0,0,1,0,0,0,0,0,1,0,0,0,0,0,0,0,0,0,0
2021,00-0036357,36,16.88888888888889,17,11,15,6,15,1,0.4722222222222222,0.3055555555555556,0.4166666666666667,0.16666666666666666,0.4166666666666667,0.027777777777777776,0.6666666666666666,0.027777777777777776,0.2777777777777778,0.027777777777777776,0,0,0,0,0,0
2021,00-0036358,121,10.275,34,42,51,22,47,12,0.2809917355371901,0.34710743801652894,0.4214876033057851,0.18181818181818182,0.3884297520661157,0.09917355371900827,0.6166666666666667,0.10833333333333334,0.18333333333333332,0.09166666666666666,0,0,6.310090909090909,3.0678401352748037,0,24.837158763633397
2021,00-0036360,25,-2.3043478260869565,0,23,15,2,6,5,0,0.92,0.6,0.08,0.24,0.2,0.6956521739130435,0.2608695652173913,0,0.043478260869565216,0,0,0,0,0,0
2021,00-0036365,60,14.016949152542374,27,15,19,22,18,9,0.45,0.25,0.31666666666666665,0.36666666666666664,0.3,0.15,0.4827586206896552,0.06896551724137931,0.3793103448275862,0.06896551724137931,0,0,5.088448275862069,1.9906150814578067,0,16.825422927501076
2021,00-0036370,7,2.1666666666666665,0,3,2,1,3,2,0,0.42857142857142855,0.2857142857142857,0.14285714285714285,0.42857142857142855,0.2857142857142857,0.8333333333333334,0.16666666666666666,0,0,0,0,0,0,0,0
2021,00-0036382,3,6,0,2,1,1,1,0,0,0.6666666666666666,0.3333333333333333,0.3333333333333333,0.3333333333333333,0,1,0,0,0,0,0,0,0,0,0
2021,00-0036383,7,-0.14285714285714285,0,6,2,2,3,1,0,0.8571428571428571,0.2857142857142857,0.2857142857142857,0.42857142857142855,0.14285714285714285,0.7142857142857143,0.2857142857142857,0,0,0,0,0,0,0,0
2021,00-0036386,1,2,0,1,1,0,0,1,0,1,1,0,0,1,0,0,0,0,0,0,0,0,0,0
2021,00-0036387,57,9.631578947368421,11,23,23,5,29,5,0.19298245614035087,0.40350877192982454,0.40350877192982454,0.08771929824561403,0.5087719298245614,0.08771929824561403,0.5087719298245614,0.2631578947368421,0.14035087719298245,0.08771929824561403,0,0,6.696315789473685,2.8799380316634937,0,14.13180741910024
2021,00-0036389,1,3,0,1,0,0,1,1,0,1,0,0,1,1,1,0,0,0,0,0,0,0,0,0
2021,00-0036407,56,10.625,18,16,25,17,14,3,0.32142857142857145,0.2857142857142857,0.44642857142857145,0.30357142857142855,0.25,0.05357142857142857,0.6607142857142857,0.08928571428571429,0.17857142857142858,0.07142857142857142,0,0,6.382093023255814,3.5815596715801434,0,13.273539123930458
2021,00-0036410,111,12.027272727272727,27,19,33,28,49,14,0.24324324324324326,0.17117117117117117,0.2972972972972973,0.25225225225225223,0.44144144144144143,0.12612612612612611,0.6181818181818182,0.01818181818181818,0.22727272727272727,0.13636363636363635,0,0,6.000733944954128,2.268951119376171,0,30.46994680668363
2021,00-0036412,10,20.1,7,0,4,3,3,1,0.7,0,0.4,0.3,0.3,0.1,0.6,0,0.4,0,0,0,0,0,0,0
2021,00-0036414,3,2,0,2,1,0,2,1,0,0.6666666666666666,0.3333333333333333,0,0.6666666666666666,0.3333333333333333,1,0,0,0,0,0,0,0,0,0
2021,00-0036415,89,13.426966292134832,33,24,37,26,26,15,0.3707865168539326,0.2696629213483146,0.4157303370786517,0.29213483146067415,0.29213483146067415,0.16853932584269662,0.550561797752809,0.0898876404494382,0.30337078651685395,0.056179775280898875,0,0,6.081379310344826,2.5438563258612215,0,23.724066714647797
2021,00-0036422,44,5.6976744186046515,5,21,11,12,20,9,0.11363636363636363,0.4772727272727273,0.25,0.2727272727272727,0.45454545454545453,0.20454545454545456,0.6046511627906976,0.20930232558139536,0.11627906976744186,0.06976744186046512,0,0,0,0,0,0
2021,00-0036423,40,5.65,4,22,12,7,21,5,0.1,0.55,0.3,0.175,0.525,0.125,0.95,0,0.05,0,0,0,0,0,0,0
2021,00-0036424,1,3,0,1,0,0,1,0,0,1,0,0,1,0,1,0,0,0,0,0,0,0,0,0
2021,00-0036425,23,1.6956521739130435,2,20,4,10,9,2,0.08695652173913043,0.8695652173913043,0.17391304347826086,0.43478260869565216,0.391304347826087,0.08695652173913043,0.782608695652174,0.13043478260869565,0.08695652173913043,0,0,0,0,0,0,0
2021,00-0036427,56,7.8545454545454545,9,19,20,16,19,9,0.16071428571428573,0.3392857142857143,0.35714285714285715,0.2857142857142857,0.3392857142857143,0.16071428571428573,0.5818181818181818,0.10909090909090909,0.16363636363636364,0.14545454545454545,0,0,5.903076923076924,2.920683237790749,0,7.699681796633239
2021,00-0036429,6,8.666666666666666,1,2,2,1,3,0,0.16666666666666666,0.3333333333333333,0.3333333333333333,0.16666666666666666,0.5,0,0.6666666666666666,0,0.16666666666666666,0.16666666666666666,0,0,0,0,0,0
2021,00-0036438,1,-2,0,1,1,0,0,1,0,1,1,0,0,1,1,0,0,0,0,0,0,0,0,0
2021,00-0036439,1,5,0,0,0,0,1,1,0,0,0,0,1,1,1,0,0,0,0,0,0,0,0,0
2021,00-0036450,8,1.625,0,6,5,1,2,1,0,0.75,0.625,0.125,0.25,0.125,1,0,0,0,0,0,0,0,0,0
2021,00-0036456,4,2.5,0,3,1,0,3,0,0,0.75,0.25,0,0.75,0,1,0,0,0,0,0,0,0,0,0
2021,00-0036457,12,2.5,1,10,7,2,3,3,0.08333333333333333,0.8333333333333334,0.5833333333333334,0.16666666666666666,0.25,0.25,0.9166666666666666,0.08333333333333333,0,0,0,0,0,0,0,0
2021,00-0036482,3,18,2,0,1,2,0,0,0.6666666666666666,0,0.3333333333333333,0.6666666666666666,0,0,0.6666666666666666,0,0.3333333333333333,0,0,0,0,0,0,0
2021,00-0036491,2,9,0,0,1,0,1,0,0,0,0.5,0,0.5,0,0.5,0,0,0.5,0,0,0,0,0,0
2021,00-0036510,3,16,2,0,0,3,0,0,0.6666666666666666,0,0,1,0,0,0,0,1,0,0,0,0,0,0,0
2021,00-0036523,2,-3.5,0,2,1,0,1,0,0,1,0.5,0,0.5,0,1,0,0,0,0,0,0,0,0,0
2021,00-0036534,7,5.428571428571429,1,4,2,3,2,2,0.14285714285714285,0.5714285714285714,0.2857142857142857,0.42857142857142855,0.2857142857142857,0.2857142857142857,0.7142857142857143,0,0.14285714285714285,0.14285714285714285,0,0,0,0,0,0
2021,00-0036550,68,8.911764705882353,12,22,30,20,18,6,0.17647058823529413,0.3235294117647059,0.4411764705882353,0.29411764705882354,0.2647058823529412,0.08823529411764706,0.6764705882352942,0,0.1323529411764706,0.19117647058823528,0,0,6.907272727272726,2.6628426843064412,0,11.876884766517408
2021,00-0036554,60,10.616666666666667,15,7,24,8,28,6,0.25,0.11666666666666667,0.4,0.13333333333333333,0.4666666666666667,0.1,0.65,0,0.21666666666666667,0.13333333333333333,0,0,5.288500000000001,2.360439686621562,0,17.506462281430416
2021,00-0036555,37,0.05405405405405406,0,34,11,11,15,3,0,0.918918918918919,0.2972972972972973,0.2972972972972973,0.40540540540540543,0.08108108108108109,0.8918918918918919,0.10810810810810811,0,0,0,0,0,0,0,0
2021,00-0036556,28,5.678571428571429,3,11,10,5,13,4,0.10714285714285714,0.39285714285714285,0.35714285714285715,0.17857142857142858,0.4642857142857143,0.14285714285714285,0.8571428571428571,0.03571428571428571,0.10714285714285714,0,0,0,0,0,0,0
2021,00-0036567,20,-0.6,0,19,6,4,10,2,0,0.95,0.3,0.2,0.5,0.1,0.8,0.2,0,0,0,0,0,0,0,0
2021,00-0036569,1,1,0,1,0,0,1,0,0,1,0,0,1,0,1,0,0,0,0,0,0,0,0,0
2021,00-0036572,11,6.7272727272727275,3,5,5,3,3,1,0.2727272727272727,0.45454545454545453,0.45454545454545453,0.2727272727272727,0.2727272727272727,0.09090909090909091,0.7272727272727273,0.18181818181818182,0.09090909090909091,0,0,0,0,0,0,0
2021,00-0036613,140,7.0928571428571425,17,56,54,32,54,15,0.12142857142857143,0.4,0.38571428571428573,0.22857142857142856,0.38571428571428573,0.10714285714285714,0.6357142857142857,0.10714285714285714,0.1,0.15714285714285714,0,0,6.519593495934959,3.3368771186152197,0,21.99134419434158
2021,00-0036620,20,12.6,8,7,11,4,5,4,0.4,0.35,0.55,0.2,0.25,0.2,0.55,0.05,0.35,0.05,0,0,0,0,0,0
2021,00-0036626,25,15.24,11,5,5,8,12,3,0.44,0.2,0.2,0.32,0.48,0.12,0.6,0.04,0.32,0.04,0,0,0,0,0,0
2021,00-0036627,8,13.625,3,1,5,1,2,2,0.375,0.125,0.625,0.125,0.25,0.25,0.5,0.125,0.375,0,0,0,0,0,0,0
2021,00-0036628,25,5.96,4,12,5,6,14,3,0.16,0.48,0.2,0.24,0.56,0.12,0.8,0.08,0.12,0,0,0,0,0,0,0
2021,00-0036630,6,6.333333333333333,1,3,4,1,1,1,0.16666666666666666,0.5,0.6666666666666666,0.16666666666666666,0.16666666666666666,0.16666666666666666,0.6,0,0.2,0.2,0,0,0,0,0,0
2021,00-0036635,6,21.333333333333332,4,1,2,1,3,1,0.6666666666666666,0.16666666666666666,0.3333333333333333,0.16666666666666666,0.5,0.16666666666666666,0.16666666666666666,0,0.8333333333333334,0,0,0,0,0,0,0
2021,00-0036637,10,2.3,0,7,3,3,4,5,0,0.7,0.3,0.3,0.4,0.5,0.7,0,0.1,0.2,0,0,0,0,0,0
2021,00-0036650,2,-0.5,0,2,0,0,2,0,0,1,0,0,1,0,1,0,0,0,0,0,0,0,0,0
2021,00-0036652,6,11.166666666666666,2,2,1,2,3,2,0.3333333333333333,0.3333333333333333,0.16666666666666666,0.3333333333333333,0.5,0.3333333333333333,0.3333333333333333,0,0.5,0.16666666666666666,0,0,0,0,0,0
2021,00-0036654,21,0.42857142857142855,1,17,10,1,10,2,0.047619047619047616,0.8095238095238095,0.47619047619047616,0.047619047619047616,0.47619047619047616,0.09523809523809523,0.6190476190476191,0.3333333333333333,0.047619047619047616,0,0,0,0,0,0,0
2021,00-0036657,1,30,1,0,0,0,1,0,1,0,0,0,1,0,0,0,1,0,0,0,0,0,0,0
2021,00-0036669,2,-1.5,0,2,1,1,0,0,0,1,0.5,0.5,0,0,0,1,0,0,0,0,0,0,0,0
2021,00-0036670,5,0.2,0,5,1,2,2,0,0,1,0.2,0.4,0.4,0,0.8,0.2,0,0,0,0,0,0,0,0
2021,00-0036671,14,7.285714285714286,2,6,2,4,8,1,0.14285714285714285,0.42857142857142855,0.14285714285714285,0.2857142857142857,0.5714285714285714,0.07142857142857142,0.7142857142857143,0.07142857142857142,0.14285714285714285,0.07142857142857142,0,0,0,0,0,0
2021,00-0036698,1,-4,0,1,1,0,0,0,0,1,1,0,0,0,1,0,0,0,0,0,0,0,0,0
2021,00-0036727,3,0.3333333333333333,0,3,1,1,1,0,0,1,0.3333333333333333,0.3333333333333333,0.3333333333333333,0,1,0,0,0,0,0,0,0,0,0
2021,00-0036741,5,2.8,0,4,3,1,1,2,0,0.8,0.6,0.2,0.2,0.4,0.8,0.2,0,0,0,0,0,0,0,0
2021,00-0036754,17,4.117647058823529,1,11,6,3,8,2,0.058823529411764705,0.6470588235294118,0.35294117647058826,0.17647058823529413,0.47058823529411764,0.11764705882352941,0.7058823529411765,0.11764705882352941,0.11764705882352941,0.058823529411764705,0,0,0,0,0,0
2021,00-0036755,11,-0.2727272727272727,0,11,4,4,3,0,0,1,0.36363636363636365,0.36363636363636365,0.2727272727272727,0,0.8181818181818182,0.18181818181818182,0,0,0,0,0,0,0,0
2021,00-0036842,5,-1.2,0,5,3,0,2,1,0,1,0.6,0,0.4,0.2,0.8,0.2,0,0,0,0,0,0,0,0
2021,00-0036857,17,2.9411764705882355,1,13,6,8,3,4,0.058823529411764705,0.7647058823529411,0.35294117647058826,0.47058823529411764,0.17647058823529413,0.23529411764705882,0.7058823529411765,0.17647058823529413,0.11764705882352941,0,0,0,0,0,0,0
2021,00-0036862,20,10.5,4,5,4,9,7,2,0.2,0.25,0.2,0.45,0.35,0.1,0.7,0.1,0.2,0,0,0,0,0,0,0
2021,00-0036875,18,-0.2777777777777778,1,16,8,2,8,2,0.05555555555555555,0.8888888888888888,0.4444444444444444,0.1111111111111111,0.4444444444444444,0.1111111111111111,0.6666666666666666,0.2222222222222222,0.1111111111111111,0,0,0,0,0,0,0
2021,00-0036876,15,3.933333333333333,1,9,5,6,4,4,0.06666666666666667,0.6,0.3333333333333333,0.4,0.26666666666666666,0.26666666666666666,0.8666666666666667,0,0.06666666666666667,0.06666666666666667,0,0,0,0,0,0
2021,00-0036877,12,13,4,6,5,2,5,0,0.3333333333333333,0.5,0.4166666666666667,0.16666666666666666,0.4166666666666667,0,0.4166666666666667,0.25,0.3333333333333333,0,0,0,0,0,0,0
2021,00-0036887,11,6.636363636363637,2,5,6,0,5,1,0.18181818181818182,0.45454545454545453,0.5454545454545454,0,0.45454545454545453,0.09090909090909091,0.9090909090909091,0,0.09090909090909091,0,0,0,0,0,0,0
2021,00-0036893,94,-0.13829787234042554,0,88,37,24,33,14,0,0.9361702127659575,0.39361702127659576,0.2553191489361702,0.35106382978723405,0.14893617021276595,0.8297872340425532,0.14893617021276595,0.010638297872340425,0.010638297872340425,0,0,0,0,0,0
2021,00-0036894,80,5.468354430379747,6,37,24,24,31,21,0.075,0.4625,0.3,0.3,0.3875,0.2625,0.759493670886076,0.06329113924050633,0.13924050632911392,0.0379746835443038,0,0,5.4525000000000015,3.267817047006059,0,10.542513795442463
2021,00-0036900,128,12.6328125,42,39,45,25,58,15,0.328125,0.3046875,0.3515625,0.1953125,0.453125,0.1171875,0.4453125,0.0859375,0.3125,0.15625,0,0,5.0419841269841275,2.3546604835947185,0,37.4750692108475
2021,00-0036906,16,-0.3125,0,13,2,5,9,2,0,0.8125,0.125,0.3125,0.5625,0.125,0.8125,0.1875,0,0,0,0,0,0,0,0
2021,00-0036907,5,7.2,1,2,3,0,2,0,0.2,0.4,0.6,0,0.4,0,1,0,0,0,0,0,0,0,0,0
2021,00-0036910,2,5.5,0,1,1,1,0,0,0,0.5,0.5,0.5,0,0,1,0,0,0,0,0,0,0,0,0
2021,00-0036912,105,14.192307692307692,41,21,33,12,59,9,0.3904761904761905,0.2,0.3142857142857143,0.11428571428571428,0.5619047619047619,0.08571428571428572,0.5865384615384616,0.04807692307692308,0.28846153846153844,0.07692307692307693,0,0,6.097920792079208,2.3200671310559837,0,37.992304656669305
2021,00-0036913,57,6.43859649122807,9,24,21,6,30,5,0.15789473684210525,0.42105263157894735,0.3684210526315789,0.10526315789473684,0.5263157894736842,0.08771929824561403,0.5789473684210527,0.15789473684210525,0.10526315789473684,0.15789473684210525,0,0,7.138979591836735,3.363215457039522,0,9.173461200290198
2021,00-0036919,50,1.86,2,41,19,6,25,10,0.04,0.82,0.38,0.12,0.5,0.2,0.8,0.14,0.04,0.02,0,0,0,0,0,0
2021,00-0036924,55,0.6,0,48,28,7,20,2,0,0.8727272727272727,0.509090909090909,0.12727272727272726,0.36363636363636365,0.03636363636363636,0.7636363636363637,0.18181818181818182,0.05454545454545454,0,0,0,0,0,0,0
2021,00-0036936,64,1.4375,6,53,35,11,18,8,0.09375,0.828125,0.546875,0.171875,0.28125,0.125,0.5,0.390625,0.078125,0.03125,0,0,7.957272727272727,5.663636697806378,0,1.6852615399918047
2021,00-0036951,4,20.75,2,1,2,0,2,0,0.5,0.25,0.5,0,0.5,0,0.25,0,0.75,0,0,0,0,0,0,0
2021,00-0036955,31,7.033333333333333,5,11,15,3,12,4,0.16129032258064516,0.3548387096774194,0.4838709677419355,0.0967741935483871,0.3870967741935484,0.12903225806451613,0.7,0.2,0.03333333333333333,0.06666666666666667,0,0,0,0,0,0
2021,00-0036963,121,6.983193277310924,20,42,46,24,49,17,0.1652892561983471,0.34710743801652894,0.38016528925619836,0.19834710743801653,0.4049586776859504,0.14049586776859505,0.7815126050420168,0.06722689075630252,0.11764705882352941,0.03361344537815126,0,0,6.662577319587627,3.4853048317583735,0,23.007165669198358
2021,00-0036970,110,10.845454545454546,28,26,34,34,42,15,0.2545454545454545,0.23636363636363636,0.3090909090909091,0.3090909090909091,0.38181818181818183,0.13636363636363635,0.6,0.01818181818181818,0.2818181818181818,0.1,0,0,5.892021276595745,2.294515135466167,0,28.528407503467644
2021,00-0036980,78,11.675324675324676,26,26,30,19,28,9,0.3333333333333333,0.3333333333333333,0.38461538461538464,0.24358974358974358,0.358974358974359,0.11538461538461539,0.5714285714285714,0.06493506493506493,0.33766233766233766,0.025974025974025976,0,0,5.850526315789474,3.4411460129809357,0,21.454705278636936
2021,00-0036984,4,2.5,0,3,2,1,1,0,0,0.75,0.5,0.25,0.25,0,0.75,0,0.25,0,0,0,0,0,0,0
2021,00-0036988,49,9.979591836734693,10,13,19,5,25,8,0.20408163265306123,0.2653061224489796,0.3877551020408163,0.10204081632653061,0.5102040816326531,0.16326530612244897,0.6530612244897959,0.061224489795918366,0.16326530612244897,0.12244897959183673,0,0,5.252727272727272,2.545687352465583,0,9.86068750794256
2021,00-0036991,9,5,0,4,5,1,2,3,0,0.4444444444444444,0.5555555555555556,0.1111111111111111,0.2222222222222222,0.3333333333333333,0.75,0,0,0.25,0,0,0,0,0,0
2021,00-0036997,53,-0.22641509433962265,1,48,27,7,19,8,0.018867924528301886,0.9056603773584906,0.5094339622641509,0.1320754716981132,0.3584905660377358,0.1509433962264151,0.660377358490566,0.2830188679245283,0.03773584905660377,0.018867924528301886,0,0,0,0,0,0
2021,00-0036999,23,17.217391304347824,10,1,8,7,8,2,0.43478260869565216,0.043478260869565216,0.34782608695652173,0.30434782608695654,0.34782608695652173,0.08695652173913043,0.43478260869565216,0,0.43478260869565216,0.13043478260869565,0,0,0,0,0,0
2021,00-0037004,3,3.3333333333333335,0,3,3,0,0,0,0,1,1,0,0,0,1,0,0,0,0,0,0,0,0,0
2021,00-0037005,36,8.2,7,18,11,11,13,5,0.19444444444444445,0.5,0.3055555555555556,0.3055555555555556,0.3611111111111111,0.1388888888888889,0.7142857142857143,0.05714285714285714,0.17142857142857143,0.05714285714285714,0,0,0,0,0,0
2021,00-0037011,8,2.25,0,7,2,3,3,1,0,0.875,0.25,0.375,0.375,0.125,1,0,0,0,0,0,0,0,0,0
2021,00-0037013,1,8,0,0,1,0,0,1,0,0,1,0,0,1,1,0,0,0,0,0,0,0,0,0
2022,00-0019596,1,16,1,0,1,0,0,0,1,0,1,0,0,0,0,0,1,0,0,0,0,0,0,0
2022,00-0024243,8,8.285714285714286,1,3,3,3,1,3,0.125,0.375,0.375,0.375,0.125,0.375,0.7142857142857143,0.14285714285714285,0.14285714285714285,0,0,0,0,0,0,0
2022,00-0026189,17,17.764705882352942,7,3,7,2,8,2,0.4117647058823529,0.17647058823529413,0.4117647058823529,0.11764705882352941,0.47058823529411764,0.11764705882352941,0.47058823529411764,0.058823529411764705,0.4117647058823529,0.058823529411764705,0,0,0,0,0,0
2022,00-0027942,49,10.957446808510639,13,10,8,6,33,8,0.2653061224489796,0.20408163265306123,0.16326530612244897,0.12244897959183673,0.673469387755102,0.16326530612244897,0.5531914893617021,0.0425531914893617,0.2978723404255319,0.10638297872340426,0,0,6.154893617021277,2.338413590720807,0,12.0069986986651
2022,00-0027944,43,14.023255813953488,16,16,25,7,11,11,0.37209302325581395,0.37209302325581395,0.5813953488372093,0.16279069767441862,0.2558139534883721,0.2558139534883721,0.3953488372093023,0.046511627906976744,0.3488372093023256,0.20930232558139536,0,0,0,0,0,0
2022,00-0027966,18,-0.9444444444444444,0,18,6,3,9,5,0,1,0.3333333333333333,0.16666666666666666,0.5,0.2777777777777778,0.8888888888888888,0.1111111111111111,0,0,0,0,0,0,0,0
2022,00-0027981,5,8.8,0,0,2,1,2,2,0,0,0.4,0.2,0.4,0.4,0.8,0,0.2,0,0,0,0,0,0,0
2022,00-0028002,50,9.5,12,17,21,17,12,7,0.24,0.34,0.42,0.34,0.24,0.14,0.48,0.02,0.28,0.22,0,0,5.99139534883721,2.8815060537327275,0,11.22891521581408
2022,00-0029000,7,3.7142857142857144,0,4,4,1,2,0,0,0.5714285714285714,0.5714285714285714,0.14285714285714285,0.2857142857142857,0,0.7142857142857143,0.14285714285714285,0,0.14285714285714285,0,0,0,0,0,0
2022,00-0029239,9,3.3333333333333335,1,7,7,0,2,1,0.1111111111111111,0.7777777777777778,0.7777777777777778,0,0.2222222222222222,0.1111111111111111,0.7777777777777778,0.1111111111111111,0.1111111111111111,0,0,0,0,0,0,0
2022,00-0029263,1,-1,0,1,0,0,1,0,0,1,0,0,1,0,0,0,0,0,0,0,0,0,0,0
2022,00-0029293,81,13.222222222222221,27,9,27,16,38,11,0.3333333333333333,0.1111111111111111,0.3333333333333333,0.19753086419753085,0.4691358024691358,0.13580246913580246,0.6419753086419753,0.024691358024691357,0.32098765432098764,0.012345679012345678,0,0,5.868000000000001,2.0546859109491464,0,25.778350891476787
2022,00-0029608,10,17.5,3,2,4,1,5,0,0.3,0.2,0.4,0.1,0.5,0,0.6,0,0.3,0.1,0,0,0,0,0,0
2022,00-0029664,1,12,0,0,0,1,0,0,0,0,0,1,0,0,0,0,1,0,0,0,0,0,0,0
2022,00-0029892,23,2.739130434782609,1,15,6,4,13,2,0.043478260869565216,0.6521739130434783,0.2608695652173913,0.17391304347826086,0.5652173913043478,0.08695652173913043,0.9130434782608695,0.043478260869565216,0.043478260869565216,0,0,0,0,0,0,0
2022,00-0030035,109,9.682242990654206,23,32,39,25,43,24,0.21100917431192662,0.29357798165137616,0.3577981651376147,0.22935779816513763,0.3944954128440367,0.22018348623853212,0.8037383177570093,0.009345794392523364,0.1588785046728972,0.028037383177570093,0,0,6.0571568627450985,2.7000781859567837,0,22.2539750223454
2022,00-0030061,71,7.942028985507246,10,20,24,28,17,17,0.14084507042253522,0.28169014084507044,0.3380281690140845,0.39436619718309857,0.23943661971830985,0.23943661971830985,0.7101449275362319,0.07246376811594203,0.14492753623188406,0.07246376811594203,0,0,5.139122807017543,3.0299166982669146,0,12.303362778143095
2022,00-0030068,42,10.523809523809524,13,13,16,9,17,5,0.30952380952380953,0.30952380952380953,0.38095238095238093,0.21428571428571427,0.40476190476190477,0.11904761904761904,0.6190476190476191,0.09523809523809523,0.2619047619047619,0.023809523809523808,0,0,0,0,0,0
2022,00-0030074,1,1,0,1,1,0,0,1,0,1,1,0,0,1,0,0,0,0,0,0,0,0,0,0
2022,00-0030108,8,6.625,2,6,5,1,2,2,0.25,0.75,0.625,0.125,0.25,0.25,0.625,0.125,0.25,0,0,0,0,0,0,0
2022,00-0030279,89,8.651685393258427,19,30,32,17,40,16,0.21348314606741572,0.33707865168539325,0.3595505617977528,0.19101123595505617,0.449438202247191,0.1797752808988764,0.7303370786516854,0.07865168539325842,0.1348314606741573,0.056179775280898875,0,0,6.087625000000001,3.561398633532926,0,16.545432429144878
2022,00-0030288,51,1.4705882352941178,2,42,24,9,18,9,0.0392156862745098,0.8235294117647058,0.47058823529411764,0.17647058823529413,0.35294117647058826,0.17647058823529413,0.7450980392156863,0.19607843137254902,0.058823529411764705,0,0,0,0,0,0,0
2022,00-0030431,91,7.868131868131868,14,26,36,19,36,14,0.15384615384615385,0.2857142857142857,0.3956043956043956,0.2087912087912088,0.3956043956043956,0.15384615384615385,0.8791208791208791,0,0.054945054945054944,0.06593406593406594,0,0,6.918292682926829,2.7537809768196464,0,22.845197753226245
2022,00-0030456,2,-4,0,2,0,0,2,0,0,1,0,0,1,0,1,0,0,0,0,0,0,0,0,0
2022,00-0030506,153,7.065789473684211,22,64,61,42,49,32,0.1437908496732026,0.41830065359477125,0.39869281045751637,0.27450980392156865,0.3202614379084967,0.20915032679738563,0.743421052631579,0.08552631578947369,0.13815789473684212,0.03289473684210526,0,0,6.2835833333333335,2.895535749907414,0,24.23505012704405
2022,00-0030513,35,-1.8,0,34,17,7,11,0,0,0.9714285714285714,0.4857142857142857,0.2,0.3142857142857143,0,0.42857142857142855,0.5714285714285714,0,0,0,0,0,0,0,0
2022,00-0030564,98,10.166666666666666,28,28,62,12,22,8,0.2857142857142857,0.2857142857142857,0.6326530612244898,0.12244897959183673,0.22448979591836735,0.08163265306122448,0.6354166666666666,0.052083333333333336,0.23958333333333334,0.07291666666666667,0,0,6.912826086956521,2.8099471651423453,0,21.878980452386322
2022,00-0030578,31,2.4193548387096775,3,22,14,4,13,4,0.0967741935483871,0.7096774193548387,0.45161290322580644,0.12903225806451613,0.41935483870967744,0.12903225806451613,0.5161290322580645,0.3225806451612903,0.12903225806451613,0.03225806451612903,0,0,0,0,0,0
2022,00-0030968,2,1,0,2,1,0,1,1,0,1,0.5,0,0.5,0.5,1,0,0,0,0,0,0,0,0,0
2022,00-0031051,2,43,2,0,0,0,2,0,1,0,0,0,1,0,0.5,0,0.5,0,0,0,0,0,0,0
2022,00-0031236,93,10.89247311827957,27,28,50,10,33,10,0.2903225806451613,0.3010752688172043,0.5376344086021505,0.10752688172043011,0.3548387096774194,0.10752688172043011,0.5913978494623656,0.13978494623655913,0.22580645161290322,0.043010752688172046,0,0,7.031910112359551,2.8550997149162085,0,24.34748472836599
2022,00-0031260,61,7.049180327868853,11,29,13,20,28,9,0.18032786885245902,0.47540983606557374,0.21311475409836064,0.32786885245901637,0.45901639344262296,0.14754098360655737,0.7704918032786885,0.01639344262295082,0.16393442622950818,0.04918032786885246,0,0,5.448461538461538,3.7383200358770323,0,9.505004927825793
2022,00-0031273,38,6.605263157894737,5,14,11,13,14,4,0.13157894736842105,0.3684210526315789,0.2894736842105263,0.34210526315789475,0.3684210526315789,0.10526315789473684,0.6842105263157895,0.10526315789473684,0.13157894736842105,0.07894736842105263,0,0,0,0,0,0
2022,00-0031325,27,13.11111111111111,10,8,8,10,9,5,0.37037037037037035,0.2962962962962963,0.2962962962962963,0.37037037037037035,0.3333333333333333,0.18518518518518517,0.2962962962962963,0.14814814814814814,0.4074074074074074,0.14814814814814814,0,0,0,0,0,0
2022,00-0031376,72,0.676056338028169,2,60,32,8,31,17,0.027777777777777776,0.8333333333333334,0.4444444444444444,0.1111111111111111,0.4305555555555556,0.2361111111111111,0.6619718309859155,0.2676056338028169,0.07042253521126761,0,0,0,0,0,0,0
2022,00-0031381,181,11.827777777777778,59,50,73,49,58,23,0.3259668508287293,0.27624309392265195,0.40331491712707185,0.27071823204419887,0.32044198895027626,0.1270718232044199,0.5777777777777777,0.03888888888888889,0.3333333333333333,0.05,0,0,5.549885057471265,2.9486018846777635,0,41.77098096296013
2022,00-0031382,40,9.58974358974359,7,12,14,7,18,7,0.175,0.3,0.35,0.175,0.45,0.175,0.6923076923076923,0.02564102564102564,0.20512820512820512,0.07692307692307693,0,0,0,0,0,0
2022,00-0031384,4,-1,0,4,1,0,3,2,0,1,0.25,0,0.75,0.5,0.75,0,0.25,0,0,0,0,0,0,0
2022,00-0031408,128,13.204724409448819,45,25,43,24,60,15,0.3515625,0.1953125,0.3359375,0.1875,0.46875,0.1171875,0.4881889763779528,0.047244094488188976,0.3700787401574803,0.09448818897637795,0,0,5.703577235772357,2.594674022537763,0,33.637957527284186
2022,00-0031428,52,9.653846153846153,12,13,22,10,20,14,0.23076923076923078,0.25,0.4230769230769231,0.19230769230769232,0.38461538461538464,0.2692307692307692,0.5769230769230769,0.019230769230769232,0.28846153846153844,0.11538461538461539,0,0,4.843653846153846,2.14428141218037,0,13.64539235323165
2022,00-0031484,8,2.625,0,6,0,2,6,1,0,0.75,0,0.25,0.75,0.125,0.625,0.25,0.125,0,0,0,0,0,0,0
2022,00-0031544,133,12.43939393939394,46,23,52,15,65,19,0.3458646616541353,0.17293233082706766,0.39097744360902253,0.11278195488721804,0.48872180451127817,0.14285714285714285,0.5378787878787878,0.030303030303030304,0.2878787878787879,0.14393939393939395,0,0,5.725348837209302,2.471199962663058,0,38.70689910522851
2022,00-0031545,5,18.2,2,2,2,2,1,0,0.4,0.4,0.4,0.4,0.2,0,0.4,0,0.4,0.2,0,0,0,0,0,0
2022,00-0031547,47,15.851063829787234,22,7,25,9,13,4,0.46808510638297873,0.14893617021276595,0.5319148936170213,0.19148936170212766,0.2765957446808511,0.0851063829787234,0.40425531914893614,0.02127659574468085,0.3829787234042553,0.19148936170212766,0,0,4.207659574468085,1.7292110932998248,0,18.663300073010465
2022,00-0031549,53,12.320754716981131,17,18,24,13,16,3,0.32075471698113206,0.33962264150943394,0.4528301886792453,0.24528301886792453,0.3018867924528302,0.05660377358490566,0.4339622641509434,0.16981132075471697,0.2641509433962264,0.1320754716981132,0,0,6.110196078431372,3.3540598383855267,0,15.749726210756872
2022,00-0031558,3,4,0,2,0,3,0,0,0,0.6666666666666666,0,1,0,0,0.6666666666666666,0,0,0.3333333333333333,0,0,0,0,0,0
2022,00-0031585,21,5.619047619047619,1,11,4,7,10,8,0.047619047619047616,0.5238095238095238,0.19047619047619047,0.3333333333333333,0.47619047619047616,0.38095238095238093,0.8095238095238095,0.09523809523809523,0.09523809523809523,0,0,0,0,0,0,0
2022,00-0031588,154,11.227272727272727,47,47,61,22,71,24,0.3051948051948052,0.3051948051948052,0.3961038961038961,0.14285714285714285,0.461038961038961,0.15584415584415584,0.4805194805194805,0.06493506493506493,0.2597402597402597,0.19480519480519481,0,0,5.359929078014184,2.828388766050926,0,34.57528644101867
2022,00-0031595,3,-0.6666666666666666,0,2,3,0,0,0,0,0.6666666666666666,1,0,0,0,0.6666666666666666,0.3333333333333333,0,0,0,0,0,0,0,0
2022,00-0031610,44,13.418604651162791,17,8,15,17,11,12,0.38636363636363635,0.18181818181818182,0.3409090909090909,0.38636363636363635,0.25,0.2727272727272727,0.5116279069767442,0.023255813953488372,0.46511627906976744,0,0,0,0,0,0,0
2022,00-0031687,42,1.1428571428571428,0,35,16,8,18,7,0,0.8333333333333334,0.38095238095238093,0.19047619047619047,0.42857142857142855,0.16666666666666666,0.8571428571428571,0.07142857142857142,0.047619047619047616,0.023809523809523808,0,0,0,0,0,0
2022,00-0031690,13,4.538461538461538,1,10,4,2,7,4,0.07692307692307693,0.7692307692307693,0.3076923076923077,0.15384615384615385,0.5384615384615384,0.3076923076923077,0.7692307692307693,0,0.23076923076923078,0,0,0,0,0,0,0
2022,00-0031763,65,8.861538461538462,16,20,26,11,28,9,0.24615384615384617,0.3076923076923077,0.4,0.16923076923076924,0.4307692307692308,0.13846153846153847,0.6461538461538462,0.15384615384615385,0.16923076923076924,0.03076923076923077,0,0,6.844035087719298,3.286056532949389,0,12.491070539969705
2022,00-0031787,7,12.857142857142858,3,3,4,0,3,0,0.42857142857142855,0.42857142857142855,0.5714285714285714,0,0.42857142857142855,0,0.7142857142857143,0,0.2857142857142857,0,0,0,0,0,0,0
2022,00-0031806,6,-0.3333333333333333,0,6,3,1,2,2,0,1,0.5,0.16666666666666666,0.3333333333333333,0.3333333333333333,0.6666666666666666,0.3333333333333333,0,0,0,0,0,0,0,0
2022,00-0031868,23,20.347826086956523,11,4,5,4,14,0,0.4782608695652174,0.17391304347826086,0.21739130434782608,0.17391304347826086,0.6086956521739131,0,0.5652173913043478,0.043478260869565216,0.30434782608695654,0.08695652173913043,0,0,0,0,0,0
2022,00-0031941,13,9.307692307692308,3,3,4,7,2,1,0.23076923076923078,0.23076923076923078,0.3076923076923077,0.5384615384615384,0.15384615384615385,0.07692307692307693,0.38461538461538464,0.07692307692307693,0.23076923076923078,0.3076923076923077,0,0,0,0,0,0
2022,00-0032054,19,14.157894736842104,9,8,8,3,8,0,0.47368421052631576,0.42105263157894735,0.42105263157894735,0.15789473684210525,0.42105263157894735,0,0.47368421052631576,0.10526315789473684,0.3684210526315789,0.05263157894736842,0,0,0,0,0,0
2022,00-0032058,3,8,1,2,2,0,1,1,0.3333333333333333,0.6666666666666666,0.6666666666666666,0,0.3333333333333333,0.3333333333333333,0,0.6666666666666666,0.3333333333333333,0,0,0,0,0,0,0
2022,00-0032062,2,6,0,1,1,1,0,1,0,0.5,0.5,0.5,0,0.5,1,0,0,0,0,0,0,0,0,0
2022,00-0032063,2,-3.5,0,2,1,0,1,0,0,1,0.5,0,0.5,0,1,0,0,0,0,0,0,0,0,0
2022,00-0032104,32,2.96875,5,24,16,5,11,7,0.15625,0.75,0.5,0.15625,0.34375,0.21875,0.6875,0.1875,0.09375,0.03125,0,0,0,0,0,0
2022,00-0032128,7,12.428571428571429,3,2,5,0,2,0,0.42857142857142855,0.2857142857142857,0.7142857142857143,0,0.2857142857142857,0,0.5714285714285714,0,0.2857142857142857,0.14285714285714285,0,0,0,0,0,0
2022,00-0032134,27,7.2592592592592595,4,12,8,5,14,1,0.14814814814814814,0.4444444444444444,0.2962962962962963,0.18518518518518517,0.5185185185185185,0.037037037037037035,0.6666666666666666,0.1111111111111111,0.2222222222222222,0,0,0,0,0,0,0
2022,00-0032141,16,2.125,0,12,4,2,10,5,0,0.75,0.25,0.125,0.625,0.3125,0.75,0.125,0.0625,0.0625,0,0,0,0,0,0
2022,00-0032144,32,0.71875,0,28,9,12,11,2,0,0.875,0.28125,0.375,0.34375,0.0625,0.8125,0.1875,0,0,0,0,0,0,0,0
2022,00-0032187,4,0.25,0,4,1,1,2,0,0,1,0.25,0.25,0.5,0,1,0,0,0,0,0,0,0,0,0
2022,00-0032200,4,3.25,0,3,2,0,2,1,0,0.75,0.5,0,0.5,0.25,1,0,0,0,0,0,0,0,0,0
2022,00-0032208,40,11.125,14,9,23,3,14,2,0.35,0.225,0.575,0.075,0.35,0.05,0.55,0.15,0.25,0.05,0,0,0,0,0,0
2022,00-0032211,117,10.615384615384615,31,23,35,24,58,9,0.26495726495726496,0.19658119658119658,0.29914529914529914,0.20512820512820512,0.49572649572649574,0.07692307692307693,0.717948717948718,0.03418803418803419,0.19658119658119658,0.05128205128205128,0,0,7.531454545454545,3.5437860450145537,0,29.014854593635174
2022,00-0032214,5,14,2,0,3,1,1,0,0.4,0,0.6,0.2,0.2,0,0.6,0,0.2,0.2,0,0,0,0,0,0
2022,00-0032380,1,0,0,0,0,0,0,1,0,0,0,0,0,1,0,0,0,0,0,0,0,0,0,0
2022,00-0032385,24,9.375,5,8,7,5,12,1,0.20833333333333334,0.3333333333333333,0.2916666666666667,0.20833333333333334,0.5,0.041666666666666664,0.7916666666666666,0,0.16666666666666666,0.041666666666666664,0,0,0,0,0,0
2022,00-0032392,60,8,11,22,17,20,23,7,0.18333333333333332,0.36666666666666664,0.2833333333333333,0.3333333333333333,0.38333333333333336,0.11666666666666667,0.75,0,0.2,0.05,0,0,5.85452380952381,2.662697864198289,0,13.924542753690455
2022,00-0032394,9,3.4444444444444446,0,6,4,1,4,1,0,0.6666666666666666,0.4444444444444444,0.1111111111111111,0.4444444444444444,0.1111111111111111,0.8888888888888888,0.1111111111111111,0,0,0,0,0,0,0,0
2022,00-0032398,74,8.635135135135135,21,32,24,12,38,11,0.28378378378378377,0.43243243243243246,0.32432432432432434,0.16216216216216217,0.5135135135135135,0.14864864864864866,0.5405405405405406,0.16216216216216217,0.24324324324324326,0.05405405405405406,0,0,6.111111111111112,3.008335296461404,0,16.48618371919343
2022,00-0032436,1,-3,0,1,1,0,0,0,0,1,1,0,0,0,0,1,0,0,0,0,0,0,0,0
2022,00-0032437,1,0,0,1,0,0,1,0,0,1,0,0,1,0,0,0,0,0,0,0,0,0,0,0
2022,00-0032450,1,1,0,1,1,0,0,0,0,1,1,0,0,0,1,0,0,0,0,0,0,0,0,0
2022,00-0032464,64,9.96875,18,23,23,14,27,9,0.28125,0.359375,0.359375,0.21875,0.421875,0.140625,0.5625,0.171875,0.140625,0.125,0,0,7.091551724137932,3.143329748506889,0,15.455836748049709
2022,00-0032602,42,1.25,0,34,9,16,15,6,0,0.8095238095238095,0.21428571428571427,0.38095238095238093,0.35714285714285715,0.14285714285714285,0.9,0.075,0.025,0,0,0,0,0,0,0
2022,00-0032688,44,14.204545454545455,18,13,12,8,24,3,0.4090909090909091,0.29545454545454547,0.2727272727272727,0.18181818181818182,0.5454545454545454,0.06818181818181818,0.5454545454545454,0.09090909090909091,0.25,0.11363636363636363,0,0,0,0,0,0
2022,00-0032725,7,5.142857142857143,1,3,5,0,2,0,0.14285714285714285,0.42857142857142855,0.7142857142857143,0,0.2857142857142857,0,0.7142857142857143,0.14285714285714285,0.14285714285714285,0,0,0,0,0,0,0
2022,00-0032764,41,-0.17073170731707318,0,38,16,8,17,6,0,0.926829268292683,0.3902439024390244,0.1951219512195122,0.4146341463414634,0.14634146341463414,0.7804878048780488,0.21951219512195122,0,0,0,0,0,0,0,0
2022,00-0032765,22,10.772727272727273,5,2,9,4,9,3,0.22727272727272727,0.09090909090909091,0.4090909090909091,0.18181818181818182,0.4090909090909091,0.13636363636363635,0.5454545454545454,0,0.2727272727272727,0.18181818181818182,0,0,0,0,0,0
2022,00-0032775,75,9.013333333333334,12,19,27,16,32,10,0.16,0.25333333333333335,0.36,0.21333333333333335,0.4266666666666667,0.13333333333333333,0.7066666666666667,0.04,0.16,0.09333333333333334,0,0,7.038000000000002,2.9752947975297497,0,17.534024995892995
2022,00-0032897,5,1.4,0,5,1,1,3,2,0,1,0.2,0.2,0.6,0.4,1,0,0,0,0,0,0,0,0,0
2022,00-0032918,12,5.25,1,6,6,1,5,2,0.08333333333333333,0.5,0.5,0.08333333333333333,0.4166666666666667,0.16666666666666666,0.8333333333333334,0.08333333333333333,0.08333333333333333,0,0,0,0,0,0,0
2022,00-0032951,10,5.2,1,5,3,2,5,2,0.1,0.5,0.3,0.2,0.5,0.2,0.6,0,0.1,0.3,0,0,0,0,0,0
2022,00-0032975,10,-0.1,0,9,4,1,5,0,0,0.9,0.4,0.1,0.5,0,0.9,0.1,0,0,0,0,0,0,0,0
2022,00-0032980,23,10.590909090909092,4,6,5,5,12,4,0.17391304347826086,0.2608695652173913,0.21739130434782608,0.21739130434782608,0.5217391304347826,0.17391304347826086,0.8181818181818182,0.045454545454545456,0.09090909090909091,0.045454545454545456,0,0,0,0,0,0
2022,00-0033009,85,9.207317073170731,16,22,33,19,30,14,0.18823529411764706,0.25882352941176473,0.38823529411764707,0.2235294117647059,0.35294117647058826,0.16470588235294117,0.6951219512195121,0.024390243902439025,0.18292682926829268,0.0975609756097561,0,0,5.09611111111111,2.7046388866001694,0,18.07156150145722
2022,00-0033040,170,12.394117647058824,58,56,54,56,60,11,0.3411764705882353,0.32941176470588235,0.3176470588235294,0.32941176470588235,0.35294117647058826,0.06470588235294118,0.5294117647058824,0.08235294117647059,0.32941176470588235,0.058823529411764705,0,0,6.379797297297297,3.3101329104494246,0,40.154439405142405
2022,00-0033045,23,0,0,23,5,5,13,2,0,1,0.21739130434782608,0.21739130434782608,0.5652173913043478,0.08695652173913043,0.9130434782608695,0.043478260869565216,0.043478260869565216,0,0,0,0,0,0,0
2022,00-0033057,1,-9,0,1,0,0,1,0,0,1,0,0,1,0,0,0,0,0,0,0,0,0,0,0
2022,00-0033090,59,7.694915254237288,9,19,21,8,30,7,0.15254237288135594,0.3220338983050847,0.3559322033898305,0.13559322033898305,0.5084745762711864,0.11864406779661017,0.7627118644067796,0.03389830508474576,0.1864406779661017,0.01694915254237288,0,0,5.682340425531916,3.87200405221921,0,11.465685081528349
2022,00-0033106,1,-4,0,1,0,1,0,0,0,1,0,1,0,0,0,0,0,0,0,0,0,0,0,0
2022,00-0033110,108,3.0277777777777777,2,69,29,17,62,16,0.018518518518518517,0.6388888888888888,0.26851851851851855,0.1574074074074074,0.5740740740740741,0.14814814814814814,0.7592592592592593,0.16666666666666666,0.046296296296296294,0.027777777777777776,0,0,5.708915662650603,3.514613862958541,0,9.259957943328915
2022,00-0033111,2,-3,0,2,0,0,2,0,0,1,0,0,1,0,0.5,0.5,0,0,0,0,0,0,0,0
2022,00-0033114,11,12.2,3,2,3,3,4,4,0.2727272727272727,0.18181818181818182,0.2727272727272727,0.2727272727272727,0.36363636363636365,0.36363636363636365,0.7,0,0.3,0,0,0,0,0,0,0
2022,00-0033118,26,-0.6153846153846154,1,24,8,3,15,6,0.038461538461538464,0.9230769230769231,0.3076923076923077,0.11538461538461539,0.5769230769230769,0.23076923076923078,0.7307692307692307,0.23076923076923078,0.038461538461538464,0,0,0,0,0,0,0
2022,00-0033217,28,5.392857142857143,1,15,12,6,10,4,0.03571428571428571,0.5357142857142857,0.42857142857142855,0.21428571428571427,0.35714285714285715,0.14285714285714285,0.7857142857142857,0.03571428571428571,0.14285714285714285,0.03571428571428571,0,0,0,0,0,0
2022,00-0033246,21,1.380952380952381,0,17,4,6,11,3,0,0.8095238095238095,0.19047619047619047,0.2857142857142857,0.5238095238095238,0.14285714285714285,0.7619047619047619,0.14285714285714285,0,0.09523809523809523,0,0,0,0,0,0
2022,00-0033251,19,6.052631578947368,2,10,11,1,7,2,0.10526315789473684,0.5263157894736842,0.5789473684210527,0.05263157894736842,0.3684210526315789,0.10526315789473684,0.8947368421052632,0.05263157894736842,0.05263157894736842,0,0,0,0,0,0,0
2022,00-0033280,108,1.2314814814814814,5,85,46,17,45,13,0.046296296296296294,0.7870370370370371,0.42592592592592593,0.1574074074074074,0.4166666666666667,0.12037037037037036,0.7314814814814815,0.17592592592592593,0.046296296296296294,0.046296296296296294,0,0,0,0,0,0
2022,00-0033282,93,6.684782608695652,15,48,25,31,36,12,0.16129032258064516,0.5161290322580645,0.26881720430107525,0.3333333333333333,0.3870967741935484,0.12903225806451613,0.6521739130434783,0.17391304347826086,0.14130434782608695,0.03260869565217391,0,0,6.749390243902438,3.4912978851453222,0,14.404671712939068
2022,00-0033288,86,6.395348837209302,12,42,30,29,27,16,0.13953488372093023,0.4883720930232558,0.3488372093023256,0.3372093023255814,0.313953488372093,0.18604651162790697,0.7325581395348837,0.08139534883720931,0.16279069767441862,0.023255813953488372,0,0,5.562266666666666,3.253585281522551,0,18.188758995677425
2022,00-0033292,10,4.5,1,6,1,5,4,0,0.1,0.6,0.1,0.5,0.4,0,0.5,0.2,0.1,0.2,0,0,0,0,0,0
2022,00-0033293,73,-0.2222222222222222,5,65,29,14,29,11,0.0684931506849315,0.8904109589041096,0.3972602739726027,0.1917808219178082,0.3972602739726027,0.1506849315068493,0.6388888888888888,0.2777777777777778,0.05555555555555555,0.027777777777777776,0,0,0,0,0,0
2022,00-0033307,48,10.270833333333334,16,19,13,11,24,5,0.3333333333333333,0.3958333333333333,0.2708333333333333,0.22916666666666666,0.5,0.10416666666666667,0.5,0.1875,0.2708333333333333,0.041666666666666664,0,0,6.980425531914893,3.4368221152376948,0,12.155228360509449
2022,00-0033308,25,1.88,1,21,9,7,9,0,0.04,0.84,0.36,0.28,0.36,0,0.88,0.08,0.04,0,0,0,0,0,0,0
2022,00-0033357,13,5.769230769230769,2,8,5,3,5,3,0.15384615384615385,0.6153846153846154,0.38461538461538464,0.23076923076923078,0.38461538461538464,0.23076923076923078,0.6153846153846154,0.23076923076923078,0.15384615384615385,0,0,0,0,0,0,0
2022,00-0033367,1,6,0,0,0,0,1,0,0,0,0,0,1,0,1,0,0,0,0,0,0,0,0,0
2022,00-0033376,13,0.15384615384615385,0,13,6,3,3,1,0,1,0.46153846153846156,0.23076923076923078,0.23076923076923078,0.07692307692307693,0.6923076923076923,0.23076923076923078,0,0.07692307692307693,0,0,0,0,0,0
2022,00-0033386,5,15.6,3,0,3,1,1,1,0.6,0,0.6,0.2,0.2,0.2,0.2,0,0.8,0,0,0,0,0,0,0
2022,00-0033439,20,6.4,4,11,5,6,9,2,0.2,0.55,0.25,0.3,0.45,0.1,0.6,0.15,0.25,0,0,0,0,0,0,0
2022,00-0033455,13,8.307692307692308,1,4,4,6,3,1,0.07692307692307693,0.3076923076923077,0.3076923076923077,0.46153846153846156,0.23076923076923078,0.07692307692307693,0.8461538461538461,0,0,0.15384615384615385,0,0,0,0,0,0
2022,00-0033466,65,8.676923076923076,13,22,27,13,25,12,0.2,0.3384615384615385,0.4153846153846154,0.2,0.38461538461538464,0.18461538461538463,0.6461538461538462,0.07692307692307693,0.13846153846153847,0.13846153846153847,0,0,4.942586206896552,3.345523539891503,0,10.569905524716651
2022,00-0033526,51,0.23529411764705882,2,46,22,3,26,8,0.0392156862745098,0.9019607843137255,0.43137254901960786,0.058823529411764705,0.5098039215686274,0.1568627450980392,0.8235294117647058,0.13725490196078433,0.0392156862745098,0,0,0,0,0,0,0
2022,00-0033536,93,11.946236559139784,32,25,36,12,45,14,0.34408602150537637,0.26881720430107525,0.3870967741935484,0.12903225806451613,0.4838709677419355,0.15053763440860216,0.5376344086021505,0.053763440860215055,0.3548387096774194,0.053763440860215055,0,0,5.426989247311829,2.819758358696051,0,25.12457011423075
2022,00-0033553,58,-0.8103448275862069,2,56,19,16,23,4,0.034482758620689655,0.9655172413793104,0.3275862068965517,0.27586206896551724,0.39655172413793105,0.06896551724137931,0.7413793103448276,0.2413793103448276,0.017241379310344827,0,0,0,0,0,0,0
2022,00-0033555,94,12.72340425531915,28,28,38,25,31,12,0.2978723404255319,0.2978723404255319,0.40425531914893614,0.26595744680851063,0.32978723404255317,0.1276595744680851,0.7340425531914894,0.010638297872340425,0.24468085106382978,0.010638297872340425,0,0,6.590322580645163,2.996536330566694,0,22.831424522158812
2022,00-0033572,31,5.933333333333334,4,20,12,6,12,7,0.12903225806451613,0.6451612903225806,0.3870967741935484,0.1935483870967742,0.3870967741935484,0.22580645161290322,0.5333333333333333,0.3,0.1,0.06666666666666667,0,0,0,0,0,0
2022,00-0033576,24,8.416666666666666,8,14,6,8,10,3,0.3333333333333333,0.5833333333333334,0.25,0.3333333333333333,0.4166666666666667,0.125,0.7083333333333334,0,0.2916666666666667,0,0,0,0,0,0,0
2022,00-0033591,75,10.81081081081081,16,16,33,19,22,14,0.21333333333333335,0.21333333333333335,0.44,0.25333333333333335,0.29333333333333333,0.18666666666666668,0.6756756756756757,0.04054054054054054,0.22972972972972974,0.05405405405405406,0,0,6.786388888888889,2.351979024894406,0,18.475680120969347
2022,00-0033633,1,7,0,0,1,0,0,0,0,0,1,0,0,0,0,0,1,0,0,0,0,0,0,0
2022,00-0033681,21,16.428571428571427,9,3,8,7,6,3,0.42857142857142855,0.14285714285714285,0.38095238095238093,0.3333333333333333,0.2857142857142857,0.14285714285714285,0.5238095238095238,0,0.42857142857142855,0.047619047619047616,0,0,0,0,0,0
2022,00-0033699,127,-0.7952755905511811,2,116,66,18,43,25,0.015748031496062992,0.9133858267716536,0.5196850393700787,0.14173228346456693,0.33858267716535434,0.1968503937007874,0.8031496062992126,0.14960629921259844,0.047244094488188976,0,0,0,0,0,0,0
2022,00-0033725,7,-0.5714285714285714,0,7,2,1,4,0,0,1,0.2857142857142857,0.14285714285714285,0.5714285714285714,0,1,0,0,0,0,0,0,0,0,0
2022,00-0033757,67,5.82089552238806,10,33,13,30,24,9,0.14925373134328357,0.4925373134328358,0.19402985074626866,0.44776119402985076,0.3582089552238806,0.13432835820895522,0.6865671641791045,0.04477611940298507,0.1791044776119403,0.08955223880597014,0,0,6.54962962962963,4.390483411144725,0,9.4016638348867545
2022,00-0033798,2,3,0,2,0,0,2,0,0,1,0,0,1,0,1,0,0,0,0,0,0,0,0,0
2022,00-0033854,26,-0.4230769230769231,0,23,13,5,8,2,0,0.8846153846153846,0.5,0.19230769230769232,0.3076923076923077,0.07692307692307693,0.8076923076923077,0.19230769230769232,0,0,0,0,0,0,0,0
2022,00-0033856,83,-0.5903614457831325,0,80,36,22,25,10,0,0.963855421686747,0.43373493975903615,0.26506024096385544,0.30120481927710846,0.12048192771084337,0.8674698795180723,0.13253012048192772,0,0,0,0,0,0,0,0
2022,00-0033857,102,7.425742574257426,13,39,41,23,37,17,0.12745098039215685,0.38235294117647056,0.4019607843137255,0.22549019607843138,0.3627450980392157,0.16666666666666666,0.7425742574257426,0.039603960396039604,0.1188118811881188,0.09900990099009901,0,0,5.703020833333333,3.3265782560314987,0,16.29211143045681
2022,00-0033858,38,3.0526315789473686,3,26,11,7,20,4,0.07894736842105263,0.6842105263157895,0.2894736842105263,0.18421052631578946,0.5263157894736842,0.10526315789473684,0.5526315789473685,0.3157894736842105,0.10526315789473684,0.02631578947368421,0,0,0,0,0,0
2022,00-0033871,64,13.453125,25,8,18,21,25,8,0.390625,0.125,0.28125,0.328125,0.390625,0.125,0.515625,0,0.328125,0.15625,0,0,6.66890625,2.3243764320212215,0,17.928253806408275
2022,00-0033873,1,-9,0,1,1,0,0,0,0,1,1,0,0,0,0,0,0,0,0,0,0,0,0,0
2022,00-0033879,23,11,9,8,5,4,14,3,0.391304347826087,0.34782608695652173,0.21739130434782608,0.17391304347826086,0.6086956521739131,0.13043478260869565,0.6086956521739131,0.043478260869565216,0.34782608695652173,0,0,0,0,0,0,0
2022,00-0033881,101,6.26530612244898,12,55,33,24,41,12,0.1188118811881188,0.5445544554455446,0.32673267326732675,0.2376237623762376,0.40594059405940597,0.1188118811881188,0.6632653061224489,0.14285714285714285,0.16326530612244897,0.030612244897959183,0,0,6.983246753246752,3.2557857770506167,0,14.298454710814196
2022,00-0033885,80,6.6875,13,41,27,21,32,20,0.1625,0.5125,0.3375,0.2625,0.4,0.25,0.65,0.125,0.1875,0.0375,0,0,5.183220338983051,3.0687082983806158,0,12.442496063871237
2022,00-0033891,122,8.413223140495868,24,41,47,20,54,20,0.19672131147540983,0.3360655737704918,0.38524590163934425,0.16393442622950818,0.4426229508196721,0.16393442622950818,0.6611570247933884,0.10743801652892562,0.19008264462809918,0.04132231404958678,0,0,6.598290598290596,3.540296186865175,0,24.29636044040859
2022,00-0033893,56,-0.6071428571428571,0,55,32,13,11,11,0,0.9821428571428571,0.5714285714285714,0.23214285714285715,0.19642857142857142,0.19642857142857142,0.7321428571428571,0.23214285714285715,0.017857142857142856,0.017857142857142856,0,0,0,0,0,0
2022,00-0033895,88,5.64367816091954,9,45,24,17,46,18,0.10227272727272728,0.5113636363636364,0.2727272727272727,0.19318181818181818,0.5227272727272727,0.20454545454545456,0.735632183908046,0.11494252873563218,0.14942528735632185,0,0,0,5.7914925373134345,3.262859740408953,0,11.52370315489158
2022,00-0033897,75,-0.2,0,69,26,22,27,13,0,0.92,0.3466666666666667,0.29333333333333333,0.36,0.17333333333333334,0.84,0.10666666666666667,0.05333333333333334,0,0,0,0,0,0,0
2022,00-0033906,77,0.948051948051948,2,69,29,22,26,11,0.025974025974025976,0.8961038961038961,0.37662337662337664,0.2857142857142857,0.33766233766233766,0.14285714285714285,0.8701298701298701,0.1038961038961039,0.025974025974025976,0,0,0,0,0,0,0
2022,00-0033908,98,7.275510204081633,17,48,38,15,45,11,0.17346938775510204,0.4897959183673469,0.3877551020408163,0.15306122448979592,0.45918367346938777,0.11224489795918367,0.6326530612244898,0.20408163265306123,0.1326530612244898,0.030612244897959183,0,0,6.469882352941177,3.2298062294451877,0,19.96082848313017
2022,00-0033921,145,5.774647887323944,16,65,50,50,42,18,0.1103448275862069,0.4482758620689655,0.3448275862068966,0.3448275862068966,0.2896551724137931,0.12413793103448276,0.5633802816901409,0.19718309859154928,0.14788732394366197,0.09154929577464789,0,0,6.684656488549619,2.9848232734696025,0,16.14317796777117
2022,00-0033923,44,-0.2727272727272727,0,41,12,13,19,8,0,0.9318181818181818,0.2727272727272727,0.29545454545454547,0.4318181818181818,0.18181818181818182,0.7727272727272727,0.22727272727272727,0,0,0,0,0,0,0,0
2022,00-0033925,9,-0.3333333333333333,0,8,5,2,2,1,0,0.8888888888888888,0.5555555555555556,0.2222222222222222,0.2222222222222222,0.1111111111111111,0.7777777777777778,0.2222222222222222,0,0,0,0,0,0,0,0
2022,00-0033932,17,9.647058823529411,1,2,5,6,6,1,0.058823529411764705,0.11764705882352941,0.29411764705882354,0.35294117647058826,0.35294117647058826,0.058823529411764705,0.7058823529411765,0,0.11764705882352941,0.17647058823529413,0,0,0,0,0,0
2022,00-0033943,59,11.932203389830509,22,13,24,12,23,13,0.3728813559322034,0.22033898305084745,0.4067796610169492,0.2033898305084746,0.3898305084745763,0.22033898305084745,0.6440677966101694,0.03389830508474576,0.2711864406779661,0.05084745762711865,0,0,6.922280701754387,2.781045549895267,0,18.548788922189082
2022,00-0033948,16,1.8125,1,14,10,1,5,2,0.0625,0.875,0.625,0.0625,0.3125,0.125,0.9375,0,0.0625,0,0,0,0,0,0,0
2022,00-0033951,10,-1.6,0,10,6,3,1,0,0,1,0.6,0.3,0.1,0,0.7,0.3,0,0,0,0,0,0,0,0
2022,00-0034011,13,6.6923076923076925,4,7,5,3,5,2,0.3076923076923077,0.5384615384615384,0.38461538461538464,0.23076923076923078,0.38461538461538464,0.15384615384615385,0.9230769230769231,0,0,0.07692307692307693,0,0,0,0,0,0
2022,00-0034054,14,8.714285714285714,2,3,6,4,4,3,0.14285714285714285,0.21428571428571427,0.42857142857142855,0.2857142857142857,0.2857142857142857,0.21428571428571427,0.7857142857142857,0,0.07142857142857142,0.14285714285714285,0,0,0,0,0,0
2022,00-0034073,5,13.8,2,2,2,1,2,0,0.4,0.4,0.4,0.2,0.4,0,0.6,0,0.4,0,0,0,0,0,0,0
2022,00-0034104,18,12.88888888888889,6,3,10,3,5,3,0.3333333333333333,0.16666666666666666,0.5555555555555556,0.16666666666666666,0.2777777777777778,0.16666666666666666,0.6666666666666666,0.05555555555555555,0.2777777777777778,0,0,0,0,0,0,0
2022,00-0034109,8,2.125,0,5,2,2,4,0,0,0.625,0.25,0.25,0.5,0,1,0,0,0,0,0,0,0,0,0
2022,00-0034115,37,2.4864864864864864,1,24,16,4,17,6,0.02702702702702703,0.6486486486486487,0.43243243243243246,0.10810810810810811,0.4594594594594595,0.16216216216216217,0.7297297297297297,0.1891891891891892,0.08108108108108109,0,0,0,0,0,0,0
2022,00-0034159,38,5.421052631578948,3,20,12,10,16,6,0.07894736842105263,0.5263157894736842,0.3157894736842105,0.2631578947368421,0.42105263157894735,0.15789473684210525,0.7631578947368421,0.07894736842105263,0.07894736842105263,0.07894736842105263,0,0,0,0,0,0
2022,00-0034171,4,3.25,0,3,2,0,2,1,0,0.75,0.5,0,0.5,0.25,0.5,0.25,0.25,0,0,0,0,0,0,0
2022,00-0034184,2,3,0,2,0,0,2,0,0,1,0,0,1,0,1,0,0,0,0,0,0,0,0,0
2022,00-0034208,15,3,1,9,8,3,4,2,0.06666666666666667,0.6,0.5333333333333333,0.2,0.26666666666666666,0.13333333333333333,0.6666666666666666,0.2,0.06666666666666667,0.06666666666666667,0,0,0,0,0,0
2022,00-0034253,26,1.5,0,19,14,5,7,7,0,0.7307692307692307,0.5384615384615384,0.19230769230769232,0.2692307692307692,0.2692307692307692,0.8846153846153846,0.07692307692307693,0.038461538461538464,0,0,0,0,0,0,0
2022,00-0034270,87,7.091954022988506,12,39,22,22,43,4,0.13793103448275862,0.4482758620689655,0.25287356321839083,0.25287356321839083,0.4942528735632184,0.04597701149425287,0.7241379310344828,0.04597701149425287,0.16091954022988506,0.06896551724137931,0,0,4.808593749999999,4.201508777039625,0,12.814334672606401
2022,00-0034272,81,14.234567901234568,29,16,29,15,37,11,0.35802469135802467,0.19753086419753085,0.35802469135802467,0.18518518518518517,0.4567901234567901,0.13580246913580246,0.6419753086419753,0.024691358024691357,0.2962962962962963,0.037037037037037035,0,0,6.366025641025641,2.8326130121571196,0,24.758572458954582
2022,00-0034279,38,13.026315789473685,15,7,11,5,22,4,0.39473684210526316,0.18421052631578946,0.2894736842105263,0.13157894736842105,0.5789473684210527,0.10526315789473684,0.7105263157894737,0.02631578947368421,0.21052631578947367,0.05263157894736842,0,0,0,0,0,0
2022,00-0034286,70,7.271428571428571,9,24,18,30,22,7,0.12857142857142856,0.34285714285714286,0.2571428571428571,0.42857142857142855,0.3142857142857143,0.1,0.7857142857142857,0.07142857142857142,0.04285714285714286,0.1,0,0,6.744999999999999,3.1903275387012253,0,16.077390689172795
2022,00-0034297,16,14.0625,5,2,3,3,10,1,0.3125,0.125,0.1875,0.1875,0.625,0.0625,0.625,0,0.25,0.125,0,0,0,0,0,0
2022,00-0034301,8,-3,0,8,4,1,3,1,0,1,0.5,0.125,0.375,0.125,0.5,0.5,0,0,0,0,0,0,0,0
2022,00-0034317,4,13.75,2,1,2,1,1,0,0.5,0.25,0.5,0.25,0.25,0,0.5,0,0.5,0,0,0,0,0,0,0
2022,00-0034348,109,12.321100917431192,38,18,50,21,38,14,0.3486238532110092,0.1651376146788991,0.45871559633027525,0.1926605504587156,0.3486238532110092,0.12844036697247707,0.5779816513761468,0.009174311926605505,0.3119266055045872,0.10091743119266056,0,0,5.756944444444445,2.6589590762681605,0,29.217160736066187
2022,00-0034351,69,6.144927536231884,13,33,28,16,25,10,0.18840579710144928,0.4782608695652174,0.4057971014492754,0.2318840579710145,0.36231884057971014,0.14492753623188406,0.5942028985507246,0.2028985507246377,0.17391304347826086,0.028985507246376812,0,0,6.193636363636363,3.6505787409132817,0,9.331096519598491
2022,00-0034364,56,6.148148148148148,6,24,14,16,24,13,0.10714285714285714,0.42857142857142855,0.25,0.2857142857142857,0.42857142857142855,0.23214285714285715,0.6296296296296297,0.05555555555555555,0.2037037037037037,0.1111111111111111,0,0,5.845428571428571,3.206869300485072,0,8.548524539936043
2022,00-0034365,30,2.3,2,23,5,6,19,2,0.06666666666666667,0.7666666666666667,0.16666666666666666,0.2,0.6333333333333333,0.06666666666666667,0.6333333333333333,0.23333333333333334,0.1,0.03333333333333333,0,0,0,0,0,0
2022,00-0034366,1,12,0,0,0,1,0,0,0,0,0,1,0,0,0,0,0,1,0,0,0,0,0,0
2022,00-0034367,37,3.135135135135135,3,23,18,8,11,8,0.08108108108108109,0.6216216216216216,0.4864864864864865,0.21621621621621623,0.2972972972972973,0.21621621621621623,0.7567567567567568,0.10810810810810811,0.10810810810810811,0.02702702702702703,0,0,0,0,0,0
2022,00-0034383,89,7.191011235955056,11,32,25,32,32,16,0.12359550561797752,0.3595505617977528,0.2808988764044944,0.3595505617977528,0.3595505617977528,0.1797752808988764,0.7752808988764045,0.033707865168539325,0.14606741573033707,0.0449438202247191,0,0,6.084347826086956,2.8737079299715007,0,14.273808102647093
2022,00-0034386,34,18.735294117647058,17,5,12,4,18,3,0.5,0.14705882352941177,0.35294117647058826,0.11764705882352941,0.5294117647058824,0.08823529411764706,0.5588235294117647,0.029411764705882353,0.4117647058823529,0,0,0,0,0,0,0
2022,00-0034400,8,-2.25,0,7,4,0,4,2,0,0.875,0.5,0,0.5,0.25,0.75,0.25,0,0,0,0,0,0,0,0
2022,00-0034407,25,11.8,8,9,9,7,9,1,0.32,0.36,0.36,0.28,0.36,0.04,0.68,0.12,0.16,0.04,0,0,0,0,0,0
2022,00-0034411,72,5.4714285714285715,5,36,27,18,25,20,0.06944444444444445,0.5,0.375,0.25,0.3472222222222222,0.2777777777777778,0.6714285714285714,0.08571428571428572,0.11428571428571428,0.12857142857142856,0,0,7.0065625,3.3276377794921714,0,8.177770773413185
2022,00-0034414,6,-1.6666666666666667,0,5,3,0,3,0,0,0.8333333333333334,0.5,0,0.5,0,0.5,0.5,0,0,0,0,0,0,0,0
2022,00-0034418,18,10.5,5,3,4,4,10,0,0.2777777777777778,0.16666666666666666,0.2222222222222222,0.2222222222222222,0.5555555555555556,0,0.6666666666666666,0.05555555555555555,0.16666666666666666,0.1111111111111111,0,0,0,0,0,0
2022,00-0034419,32,6.8125,5,16,6,10,16,5,0.15625,0.5,0.1875,0.3125,0.5,0.15625,0.5625,0.1875,0.125,0.125,0,0,0,0,0,0
2022,00-0034440,19,1,1,17,10,2,7,4,0.05263157894736842,0.8947368421052632,0.5263157894736842,0.10526315789473684,0.3684210526315789,0.21052631578947367,0.7894736842105263,0.15789473684210525,0.05263157894736842,0,0,0,0,0,0,0
2022,00-0034487,51,11,16,13,21,12,18,8,0.3137254901960784,0.2549019607843137,0.4117647058823529,0.23529411764705882,0.35294117647058826,0.1568627450980392,0.6078431372549019,0.0392156862745098,0.2549019607843137,0.09803921568627451,0,0,5.9,2.864272470289376,0,10.367506787532287
2022,00-0034521,101,12.49,35,21,38,25,37,19,0.3465346534653465,0.2079207920792079,0.37623762376237624,0.24752475247524752,0.36633663366336633,0.18811881188118812,0.45,0.05,0.3,0.2,0,0,5.217755102040816,2.6631272077367725,0,28.46367633798704
2022,00-0034613,15,7.333333333333333,2,7,4,3,8,0,0.13333333333333333,0.4666666666666667,0.26666666666666666,0.2,0.5333333333333333,0,0.6666666666666666,0.2,0.13333333333333333,0,0,0,0,0,0,0
2022,00-0034614,1,3,0,1,0,0,1,0,0,1,0,0,1,0,1,0,0,0,0,0,0,0,0,0
2022,00-0034646,32,1.5,3,25,13,4,15,6,0.09375,0.78125,0.40625,0.125,0.46875,0.1875,0.65625,0.28125,0.0625,0,0,0,0,0,0,0
2022,00-0034676,1,6,0,0,0,0,1,0,0,0,0,0,1,0,0,0,0,1,0,0,0,0,0,0
2022,00-0034681,24,2.0833333333333335,0,19,9,8,7,4,0,0.7916666666666666,0.375,0.3333333333333333,0.2916666666666667,0.16666666666666666,0.7916666666666666,0.125,0.041666666666666664,0.041666666666666664,0,0,0,0,0,0
2022,00-0034750,5,-2.4,0,5,3,0,2,1,0,1,0.6,0,0.4,0.2,0.8,0.2,0,0,0,0,0,0,0,0
2022,00-0034753,114,9.778761061946902,23,28,34,38,41,19,0.20175438596491227,0.24561403508771928,0.2982456140350877,0.3333333333333333,0.35964912280701755,0.16666666666666666,0.7699115044247787,0.02654867256637168,0.13274336283185842,0.07079646017699115,0,0,6.008349514563107,3.0741564414915765,0,28.534492563153176
2022,00-0034764,74,11.067567567567568,18,16,36,9,29,13,0.24324324324324326,0.21621621621621623,0.4864864864864865,0.12162162162162163,0.3918918918918919,0.17567567567567569,0.5405405405405406,0.08108108108108109,0.21621621621621623,0.16216216216216217,0,0,6.088243243243243,2.3976046169568153,0,19.13026753856561
2022,00-0034765,27,12.25925925925926,9,4,5,5,17,2,0.3333333333333333,0.14814814814814814,0.18518518518518517,0.18518518518518517,0.6296296296296297,0.07407407407407407,0.6296296296296297,0.037037037037037035,0.2962962962962963,0.037037037037037035,0,0,0,0,0,0
2022,00-0034775,134,9.142857142857142,34,43,49,37,47,24,0.2537313432835821,0.3208955223880597,0.3656716417910448,0.27611940298507465,0.35074626865671643,0.1791044776119403,0.6842105263157895,0.06015037593984962,0.20300751879699247,0.05263157894736842,0,0,6.391999999999999,3.2314417583512403,0,29.668281686428887
2022,00-0034777,52,15.365384615384615,24,10,21,10,21,4,0.46153846153846156,0.19230769230769232,0.40384615384615385,0.19230769230769232,0.40384615384615385,0.07692307692307693,0.4807692307692308,0.057692307692307696,0.4423076923076923,0.019230769230769232,0,0,5.484423076923078,2.1837906603046595,0,19.86261808969239
2022,00-0034791,37,0,1,32,17,9,11,1,0.02702702702702703,0.8648648648648649,0.4594594594594595,0.24324324324324326,0.2972972972972973,0.02702702702702703,0.7837837837837838,0.1891891891891892,0.02702702702702703,0,0,0,0,0,0,0
2022,00-0034798,20,3.95,2,15,6,4,10,3,0.1,0.75,0.3,0.2,0.5,0.15,0.8,0.05,0.15,0,0,0,0,0,0,0
2022,00-0034816,1,-1,0,1,1,0,0,0,0,1,1,0,0,0,1,0,0,0,0,0,0,0,0,0
2022,00-0034827,118,12.932203389830509,46,34,44,22,52,11,0.3898305084745763,0.288135593220339,0.3728813559322034,0.1864406779661017,0.4406779661016949,0.09322033898305085,0.559322033898305,0.09322033898305085,0.3050847457627119,0.0423728813559322,0,0,6.716434782608696,2.8019472409594113,0,48.7409039280053
2022,00-0034829,53,9.423076923076923,12,19,20,16,16,14,0.22641509433962265,0.3584905660377358,0.37735849056603776,0.3018867924528302,0.3018867924528302,0.2641509433962264,0.5384615384615384,0,0.4230769230769231,0.038461538461538464,0,0,6.198695652173914,3.0846440075068458,0,9.878649208299128
2022,00-0034830,68,5,7,41,27,15,26,9,0.10294117647058823,0.6029411764705882,0.39705882352941174,0.22058823529411764,0.38235294117647056,0.1323529411764706,0.7647058823529411,0.07352941176470588,0.14705882352941177,0.014705882352941176,0,0,6.008000000000001,3.8615629861692935,0,8.016433161276732
2022,00-0034838,8,-0.75,0,8,1,2,5,0,0,1,0.125,0.25,0.625,0,0.75,0.25,0,0,0,0,0,0,0,0
2022,00-0034844,77,-0.21052631578947367,2,66,29,8,39,3,0.025974025974025976,0.8571428571428571,0.37662337662337664,0.1038961038961039,0.5064935064935064,0.03896103896103896,0.8026315789473685,0.15789473684210525,0.039473684210526314,0,0,0,0,0,0,0
2022,00-0034845,13,1.6923076923076923,0,11,4,5,4,0,0,0.8461538461538461,0.3076923076923077,0.38461538461538464,0.3076923076923077,0,1,0,0,0,0,0,0,0,0,0
2022,00-0034854,21,13.4,7,2,9,4,7,1,0.3333333333333333,0.09523809523809523,0.42857142857142855,0.19047619047619047,0.3333333333333333,0.047619047619047616,0.7,0.05,0.15,0.1,0,0,0,0,0,0
2022,00-0034860,42,9.048780487804878,7,11,17,7,17,6,0.16666666666666666,0.2619047619047619,0.40476190476190477,0.16666666666666666,0.40476190476190477,0.14285714285714285,0.7073170731707317,0.07317073170731707,0.14634146341463414,0.07317073170731707,0,0,0,0,0,0
2022,00-0034928,23,5.608695652173913,4,11,6,3,14,1,0.17391304347826086,0.4782608695652174,0.2608695652173913,0.13043478260869565,0.6086956521739131,0.043478260869565216,0.6956521739130435,0.17391304347826086,0.13043478260869565,0,0,0,0,0,0,0
2022,00-0034959,11,4.181818181818182,2,8,5,0,6,0,0.18181818181818182,0.7272727272727273,0.45454545454545453,0,0.5454545454545454,0,0.6363636363636364,0.18181818181818182,0.18181818181818182,0,0,0,0,0,0,0
2022,00-0034960,98,9.895833333333334,25,31,34,25,37,10,0.25510204081632654,0.3163265306122449,0.3469387755102041,0.25510204081632654,0.37755102040816324,0.10204081632653061,0.6458333333333334,0.09375,0.20833333333333334,0.052083333333333336,0,0,5.635232558139534,3.024350821870904,0,23.641701143830616
2022,00-0034970,36,4.555555555555555,4,25,13,7,16,7,0.1111111111111111,0.6944444444444444,0.3611111111111111,0.19444444444444445,0.4444444444444444,0.19444444444444445,0.8055555555555556,0.08333333333333333,0.1111111111111111,0,0,0,0,0,0,0
2022,00-0034972,18,-1.8333333333333333,0,17,8,1,9,5,0,0.9444444444444444,0.4444444444444444,0.05555555555555555,0.5,0.2777777777777778,0.4444444444444444,0.5,0,0.05555555555555555,0,0,0,0,0,0
2022,00-0034975,12,-2.0833333333333335,0,12,4,2,6,0,0,1,0.3333333333333333,0.16666666666666666,0.5,0,0.8333333333333334,0.16666666666666666,0,0,0,0,0,0,0,0
2022,00-0034981,54,8.351851851851851,13,21,6,20,28,5,0.24074074074074073,0.3888888888888889,0.1111111111111111,0.37037037037037035,0.5185185185185185,0.09259259259259259,0.6481481481481481,0.09259259259259259,0.24074074074074073,0.018518518518518517,0,0,5.423636363636363,3.3605304789068238,0,8.07369670969472
2022,00-0034983,51,6.78,5,25,16,20,14,6,0.09803921568627451,0.49019607843137253,0.3137254901960784,0.39215686274509803,0.27450980392156865,0.11764705882352941,0.8,0.08,0.06,0.06,0,0,6.180851063829787,3.075739864737292,0,6.229172252652545
2022,00-0035021,22,11.454545454545455,6,6,8,7,7,4,0.2727272727272727,0.2727272727272727,0.36363636363636365,0.3181818181818182,0.3181818181818182,0.18181818181818182,0.6363636363636364,0,0.22727272727272727,0.13636363636363635,0,0,0,0,0,0
2022,00-0035022,5,7.75,1,2,3,1,0,1,0.2,0.4,0.6,0.2,0,0.2,0.5,0.25,0,0.25,0,0,0,0,0,0
2022,00-0035099,1,-4,0,1,0,0,1,0,0,1,0,0,1,0,0,1,0,0,0,0,0,0,0,0
2022,00-0035125,23,2.347826086956522,2,19,14,2,7,2,0.08695652173913043,0.8260869565217391,0.6086956521739131,0.08695652173913043,0.30434782608695654,0.08695652173913043,0.9130434782608695,0,0.08695652173913043,0,0,0,0,0,0,0
2022,00-0035140,34,8.088235294117647,10,17,16,5,13,10,0.29411764705882354,0.5,0.47058823529411764,0.14705882352941177,0.38235294117647056,0.29411764705882354,0.6470588235294118,0.14705882352941177,0.17647058823529413,0.029411764705882353,0,0,0,0,0,0
2022,00-0035184,1,-4,0,1,0,0,1,0,0,1,0,0,1,0,1,0,0,0,0,0,0,0,0,0
2022,00-0035208,61,11.770491803278688,22,15,22,20,19,6,0.36065573770491804,0.2459016393442623,0.36065573770491804,0.32786885245901637,0.3114754098360656,0.09836065573770492,0.6229508196721312,0.04918032786885246,0.26229508196721313,0.06557377049180328,0,0,6.684313725490195,3.3029839034497,0,18.01234386404727
2022,00-0035215,2,2.5,0,1,0,0,2,0,0,0.5,0,0,1,0,0.5,0.5,0,0,0,0,0,0,0,0
2022,00-0035216,149,10.197278911564625,34,38,64,24,59,20,0.22818791946308725,0.2550335570469799,0.42953020134228187,0.1610738255033557,0.3959731543624161,0.1342281879194631,0.6326530612244898,0.034013605442176874,0.23809523809523808,0.09523809523809523,0,0,5.304652777777778,2.820296642406143,0,33.61487839028074
2022,00-0035217,2,-0.5,0,2,0,0,2,0,0,1,0,0,1,0,1,0,0,0,0,0,0,0,0,0
2022,00-0035222,23,2.782608695652174,2,16,9,6,8,2,0.08695652173913043,0.6956521739130435,0.391304347826087,0.2608695652173913,0.34782608695652173,0.08695652173913043,0.8260869565217391,0.13043478260869565,0.043478260869565216,0,0,0,0,0,0,0
2022,00-0035229,131,7.604651162790698,25,45,43,37,49,22,0.19083969465648856,0.3435114503816794,0.3282442748091603,0.2824427480916031,0.37404580152671757,0.16793893129770993,0.6976744186046512,0.06201550387596899,0.17829457364341086,0.06201550387596899,0,0,6.253211009174311,2.9569193913618492,0,24.5051450045984
2022,00-0035243,26,0.8846153846153846,1,25,13,3,10,0,0.038461538461538464,0.9615384615384616,0.5,0.11538461538461539,0.38461538461538464,0,0.8461538461538461,0.07692307692307693,0.07692307692307693,0,0,0,0,0,0,0
2022,00-0035249,25,8.52,5,12,3,10,12,10,0.2,0.48,0.12,0.4,0.48,0.4,0.76,0,0.2,0.04,0,0,0,0,0,0
2022,00-0035250,52,0.15384615384615385,0,49,18,16,18,8,0,0.9423076923076923,0.34615384615384615,0.3076923076923077,0.34615384615384615,0.15384615384615385,0.9230769230769231,0.07692307692307693,0,0,0,0,0,0,0,0
2022,00-0035259,5,5.75,0,2,0,0,4,3,0,0.4,0,0,0.8,0.6,1,0,0,0,0,0,0,0,0,0
2022,00-0035261,55,1.3636363636363635,3,49,21,8,26,9,0.05454545454545454,0.8909090909090909,0.38181818181818183,0.14545454545454545,0.4727272727272727,0.16363636363636364,0.8545454545454545,0.07272727272727272,0.05454545454545454,0.01818181818181818,0,0,0,0,0,0
2022,00-0035291,3,6.666666666666667,1,1,0,2,1,0,0.3333333333333333,0.3333333333333333,0,0.6666666666666666,0.3333333333333333,0,1,0,0,0,0,0,0,0,0,0
2022,00-0035298,40,12.8,13,11,18,11,11,5,0.325,0.275,0.45,0.275,0.275,0.125,0.5,0.025,0.3,0.175,0,0,0,0,0,0
2022,00-0035308,1,-1,0,1,0,0,1,0,0,1,0,0,1,0,1,0,0,0,0,0,0,0,0,0
2022,00-0035311,6,2.8333333333333335,0,4,2,0,4,3,0,0.6666666666666666,0.3333333333333333,0,0.6666666666666666,0.5,1,0,0,0,0,0,0,0,0,0
2022,00-0035329,12,10.333333333333334,4,4,5,2,5,2,0.3333333333333333,0.3333333333333333,0.4166666666666667,0.16666666666666666,0.4166666666666667,0.16666666666666666,0.75,0,0.16666666666666666,0.08333333333333333,0,0,0,0,0,0
2022,00-0035341,23,11.26086956521739,8,5,5,7,11,5,0.34782608695652173,0.21739130434782608,0.21739130434782608,0.30434782608695654,0.4782608695652174,0.21739130434782608,0.6521739130434783,0.043478260869565216,0.2608695652173913,0.043478260869565216,0,0,0,0,0,0
2022,00-0035345,8,2.875,0,6,3,2,3,2,0,0.75,0.375,0.25,0.375,0.25,1,0,0,0,0,0,0,0,0,0
2022,00-0035359,17,7.823529411764706,3,7,3,5,9,2,0.17647058823529413,0.4117647058823529,0.17647058823529413,0.29411764705882354,0.5294117647058824,0.11764705882352941,1,0,0,0,0,0,0,0,0,0
2022,00-0035399,1,0,0,1,0,1,0,1,0,1,0,1,0,1,1,0,0,0,0,0,0,0,0,0
2022,00-0035406,4,6.75,0,1,1,1,2,0,0,0.25,0.25,0.25,0.5,0,0.5,0.25,0.25,0,0,0,0,0,0,0
2022,00-0035414,4,28.75,3,0,1,2,1,0,0.75,0,0.25,0.5,0.25,0,0.25,0,0.75,0,0,0,0,0,0,0
2022,00-0035432,2,12,1,0,1,0,1,0,0.5,0,0.5,0,0.5,0,0.5,0,0.5,0,0,0,0,0,0,0
2022,00-0035457,1,-2,0,1,1,0,0,0,0,1,1,0,0,0,0,1,0,0,0,0,0,0,0,0
2022,00-0035500,64,4.9375,8,39,27,11,26,7,0.125,0.609375,0.421875,0.171875,0.40625,0.109375,0.625,0.203125,0.078125,0.09375,0,0,7.3021666666666665,4.227482851265514,0,6.535644160776939
2022,00-0035510,11,13.090909090909092,3,2,4,1,6,1,0.2727272727272727,0.18181818181818182,0.36363636363636365,0.09090909090909091,0.5454545454545454,0.09090909090909091,0.6,0.1,0.3,0,0,0,0,0,0,0
2022,00-0035527,5,14,2,0,1,1,3,0,0.4,0,0.2,0.2,0.6,0,0.6,0,0.4,0,0,0,0,0,0,0
2022,00-0035535,71,12.450704225352112,23,15,23,12,36,3,0.323943661971831,0.2112676056338028,0.323943661971831,0.16901408450704225,0.5070422535211268,0.04225352112676056,0.7746478873239436,0.014084507042253521,0.15492957746478872,0.056338028169014086,0,0,6.734782608695651,2.5451484224755907,0,27.93152127635735
2022,00-0035537,24,2,1,21,11,3,10,0,0.041666666666666664,0.875,0.4583333333333333,0.125,0.4166666666666667,0,0.875,0.041666666666666664,0.041666666666666664,0.041666666666666664,0,0,0,0,0,0
2022,00-0035544,15,8.933333333333334,2,4,3,4,8,1,0.13333333333333333,0.26666666666666666,0.2,0.26666666666666666,0.5333333333333333,0.06666666666666667,0.8,0,0.06666666666666667,0.13333333333333333,0,0,0,0,0,0
2022,00-0035547,13,6.769230769230769,1,6,4,1,8,5,0.07692307692307693,0.46153846153846156,0.3076923076923077,0.07692307692307693,0.6153846153846154,0.38461538461538464,0.46153846153846156,0.07692307692307693,0.15384615384615385,0.3076923076923077,0,0,0,0,0,0
2022,00-0035562,4,6.5,0,2,1,1,2,0,0,0.5,0.25,0.25,0.5,0,1,0,0,0,0,0,0,0,0,0
2022,00-0035567,10,1.2,0,8,3,3,4,0,0,0.8,0.3,0.3,0.4,0,0.8,0.1,0.1,0,0,0,0,0,0,0
2022,00-0035572,11,5.909090909090909,1,4,3,4,4,2,0.09090909090909091,0.36363636363636365,0.2727272727272727,0.36363636363636365,0.36363636363636365,0.18181818181818182,0.9090909090909091,0.09090909090909091,0,0,0,0,0,0,0,0
2022,00-0035593,4,13,1,1,0,0,4,0,0.25,0.25,0,0,1,0,1,0,0,0,0,0,0,0,0,0
2022,00-0035594,18,1.7222222222222223,1,15,5,5,8,1,0.05555555555555555,0.8333333333333334,0.2777777777777778,0.2777777777777778,0.4444444444444444,0.05555555555555555,0.9444444444444444,0.05555555555555555,0,0,0,0,0,0,0,0
2022,00-0035603,2,6,0,0,0,2,0,0,0,0,0,1,0,0,1,0,0,0,0,0,0,0,0,0
2022,00-0035609,1,6,0,0,0,1,0,0,0,0,0,1,0,0,0,0,0,0,0,0,0,0,0,0
2022,00-0035621,3,7.333333333333333,0,0,2,0,1,0,0,0,0.6666666666666666,0,0.3333333333333333,0,1,0,0,0,0,0,0,0,0,0
2022,00-0035624,9,17,4,1,4,3,2,1,0.4444444444444444,0.1111111111111111,0.4444444444444444,0.3333333333333333,0.2222222222222222,0.1111111111111111,0.2222222222222222,0.1111111111111111,0.4444444444444444,0.2222222222222222,0,0,0,0,0,0
2022,00-0035628,3,-0.3333333333333333,0,3,1,1,1,0,0,1,0.3333333333333333,0.3333333333333333,0.3333333333333333,0,0.6666666666666666,0.3333333333333333,0,0,0,0,0,0,0,0
2022,00-0035631,2,-1,0,2,1,0,1,1,0,1,0.5,0,0.5,0.5,0.5,0.5,0,0,0,0,0,0,0,0
2022,00-0035639,92,6.395604395604396,8,47,36,23,32,10,0.08695652173913043,0.5108695652173914,0.391304347826087,0.25,0.34782608695652173,0.10869565217391304,0.7032967032967034,0.15384615384615385,0.07692307692307693,0.06593406593406594,0,0,6.495058823529409,3.5060415038812813,0,15.11694386022098
2022,00-0035640,142,11.212765957446809,36,20,75,27,39,29,0.2535211267605634,0.14084507042253522,0.528169014084507,0.19014084507042253,0.2746478873239437,0.20422535211267606,0.48936170212765956,0.0425531914893617,0.3049645390070922,0.16312056737588654,0,0,6.345441176470589,2.2668460913678534,0,37.62000077072514
2022,00-0035644,63,6.444444444444445,8,25,17,17,29,9,0.12698412698412698,0.3968253968253968,0.2698412698412698,0.2698412698412698,0.4603174603174603,0.14285714285714285,0.7777777777777778,0.031746031746031744,0.15873015873015872,0.031746031746031744,0,0,7.1111538461538455,3.8978478329015833,0,9.636331076317656
2022,00-0035645,7,8.142857142857142,1,3,1,2,4,1,0.14285714285714285,0.42857142857142855,0.14285714285714285,0.2857142857142857,0.5714285714285714,0.14285714285714285,0.8571428571428571,0,0.14285714285714285,0,0,0,0,0,0,0
2022,00-0035657,23,1.0869565217391304,0,18,6,9,8,7,0,0.782608695652174,0.2608695652173913,0.391304347826087,0.34782608695652173,0.30434782608695654,0.9565217391304348,0,0.043478260869565216,0,0,0,0,0,0,0
2022,00-0035659,120,12.908333333333333,49,38,48,29,43,14,0.4083333333333333,0.31666666666666665,0.4,0.24166666666666667,0.35833333333333334,0.11666666666666667,0.5916666666666667,0.1,0.20833333333333334,0.1,0,0,6.247777777777777,2.4726463000932486,0,34.95471093440965
2022,00-0035662,107,11.261682242990654,31,32,64,15,28,12,0.2897196261682243,0.29906542056074764,0.5981308411214953,0.14018691588785046,0.2616822429906542,0.11214953271028037,0.5607476635514018,0.102803738317757,0.2523364485981308,0.08411214953271028,0,0,6.8048,3.3356818473589986,0,26.874405087621696
2022,00-0035664,22,1.2727272727272727,1,20,11,5,6,2,0.045454545454545456,0.9090909090909091,0.5,0.22727272727272727,0.2727272727272727,0.09090909090909091,0.7272727272727273,0.22727272727272727,0.045454545454545456,0,0,0,0,0,0,0
2022,00-0035676,145,12.068965517241379,42,27,57,30,58,16,0.2896551724137931,0.18620689655172415,0.3931034482758621,0.20689655172413793,0.4,0.1103448275862069,0.4482758620689655,0.05517241379310345,0.2620689655172414,0.23448275862068965,0,0,5.582708333333335,2.6036546557724924,0,41.290154451833274
2022,00-0035685,40,1.275,1,34,16,14,10,3,0.025,0.85,0.4,0.35,0.25,0.075,0.775,0.225,0,0,0,0,0,0,0,0
2022,00-0035689,65,7.8,15,27,26,9,30,11,0.23076923076923078,0.4153846153846154,0.4,0.13846153846153847,0.46153846153846156,0.16923076923076924,0.7076923076923077,0.06153846153846154,0.2153846153846154,0.015384615384615385,0,0,5.477450980392156,4.2667712448568675,0,9.944451316623631
2022,00-0035700,64,0.546875,1,58,29,16,19,4,0.015625,0.90625,0.453125,0.25,0.296875,0.0625,0.796875,0.171875,0.015625,0.015625,0,0,0,0,0,0
2022,00-0035703,3,15.333333333333334,1,1,2,0,1,0,0.3333333333333333,0.3333333333333333,0.6666666666666666,0,0.3333333333333333,0,0.6666666666666666,0,0.3333333333333333,0,0,0,0,0,0,0
2022,00-0035719,94,4.212765957446808,8,57,34,25,35,13,0.0851063829787234,0.6063829787234043,0.3617021276595745,0.26595744680851063,0.3723404255319149,0.13829787234042554,0.574468085106383,0.26595744680851063,0.06382978723404255,0.09574468085106383,0,0,6.698356164383562,3.582165655251973,0,11.834958530616513
2022,00-0035726,6,1.1666666666666667,0,6,2,0,4,0,0,1,0.3333333333333333,0,0.6666666666666666,0,1,0,0,0,0,0,0,0,0,0
2022,00-0035771,18,4.5,2,11,4,6,8,2,0.1111111111111111,0.6111111111111112,0.2222222222222222,0.3333333333333333,0.4444444444444444,0.1111111111111111,0.9444444444444444,0,0,0.05555555555555555,0,0,0,0,0,0
2022,00-0035806,26,-1.3076923076923077,1,24,8,2,16,1,0.038461538461538464,0.9230769230769231,0.3076923076923077,0.07692307692307693,0.6153846153846154,0.038461538461538464,0.8461538461538461,0.07692307692307693,0.07692307692307693,0,0,0,0,0,0,0
2022,00-0035823,3,5,0,2,1,0,2,1,0,0.6666666666666666,0.3333333333333333,0,0.6666666666666666,0.3333333333333333,1,0,0,0,0,0,0,0,0,0
2022,00-0035831,14,0.07142857142857142,0,12,5,2,7,3,0,0.8571428571428571,0.35714285714285715,0.14285714285714285,0.5,0.21428571428571427,0.8571428571428571,0.07142857142857142,0.07142857142857142,0,0,0,0,0,0,0
2022,00-0035860,8,-2.75,0,8,2,2,4,1,0,1,0.25,0.25,0.5,0.125,1,0,0,0,0,0,0,0,0,0
2022,00-0035864,33,9.181818181818182,7,12,15,6,12,4,0.21212121212121213,0.36363636363636365,0.45454545454545453,0.18181818181818182,0.36363636363636365,0.12121212121212122,0.7878787878787878,0,0.21212121212121213,0,0,0,0,0,0,0
2022,00-0035876,10,9.1,2,2,4,0,6,1,0.2,0.2,0.4,0,0.6,0.1,0.7,0.1,0.1,0.1,0,0,0,0,0,0
2022,00-0035891,1,0,0,1,1,0,0,0,0,1,1,0,0,0,1,0,0,0,0,0,0,0,0,0
2022,00-0035924,3,1.3333333333333333,0,3,0,0,3,1,0,1,0,0,1,0.3333333333333333,1,0,0,0,0,0,0,0,0,0
2022,00-0035956,9,6.111111111111111,1,2,3,2,4,0,0.1111111111111111,0.2222222222222222,0.3333333333333333,0.2222222222222222,0.4444444444444444,0,0.8888888888888888,0,0.1111111111111111,0,0,0,0,0,0,0
2022,00-0035973,1,0,0,1,1,0,0,0,0,1,1,0,0,0,1,0,0,0,0,0,0,0,0,0
2022,00-0036005,1,4,0,1,1,0,0,0,0,1,1,0,0,0,1,0,0,0,0,0,0,0,0,0
2022,00-0036020,1,1,0,1,1,0,0,0,0,1,1,0,0,0,0,1,0,0,0,0,0,0,0,0
2022,00-0036032,3,0.3333333333333333,0,3,1,0,2,0,0,1,0.3333333333333333,0,0.6666666666666666,0,1,0,0,0,0,0,0,0,0,0
2022,00-0036040,65,9.23076923076923,15,15,13,21,31,11,0.23076923076923078,0.23076923076923078,0.2,0.3230769230769231,0.47692307692307695,0.16923076923076924,0.7076923076923077,0.015384615384615385,0.23076923076923078,0.046153846153846156,0,0,5.567115384615385,2.599368052589101,0,13.722370758327692
2022,00-0036059,1,6,0,0,0,0,1,1,0,0,0,0,1,1,1,0,0,0,0,0,0,0,0,0
2022,00-0036096,1,3,0,1,0,1,0,0,0,1,0,1,0,0,1,0,0,0,0,0,0,0,0,0
2022,00-0036133,17,9.117647058823529,4,5,7,4,6,2,0.23529411764705882,0.29411764705882354,0.4117647058823529,0.23529411764705882,0.35294117647058826,0.11764705882352941,0.5294117647058824,0.058823529411764705,0.23529411764705882,0.17647058823529413,0,0,0,0,0,0
2022,00-0036145,20,5.7894736842105265,3,11,7,3,9,2,0.15,0.55,0.35,0.15,0.45,0.1,0.9473684210526315,0,0.05263157894736842,0,0,0,0,0,0,0
2022,00-0036158,8,0.5,0,7,3,2,3,2,0,0.875,0.375,0.25,0.375,0.25,0.875,0.125,0,0,0,0,0,0,0,0
2022,00-0036165,49,9.0625,8,14,13,17,18,7,0.16326530612244897,0.2857142857142857,0.2653061224489796,0.3469387755102041,0.3673469387755102,0.14285714285714285,0.6875,0.041666666666666664,0.10416666666666667,0.16666666666666666,0,0,6.70191489361702,2.8115727274069564,0,13.908940455649846
2022,00-0036176,1,3,0,1,1,0,0,0,0,1,1,0,0,0,1,0,0,0,0,0,0,0,0,0
2022,00-0036182,50,13.24,16,10,19,13,18,7,0.32,0.2,0.38,0.26,0.36,0.14,0.6,0,0.3,0.1,0,0,5.468958333333334,2.3214757783760844,0,19.470395042243055
2022,00-0036187,10,5.8,2,6,5,1,4,2,0.2,0.6,0.5,0.1,0.4,0.2,0.6,0.1,0.2,0.1,0,0,0,0,0,0
2022,00-0036194,4,14.75,2,1,1,0,3,0,0.5,0.25,0.25,0,0.75,0,0.5,0,0.5,0,0,0,0,0,0,0
2022,00-0036196,93,15.35483870967742,44,9,38,27,28,16,0.4731182795698925,0.0967741935483871,0.40860215053763443,0.2903225806451613,0.3010752688172043,0.17204301075268819,0.5483870967741935,0.021505376344086023,0.34408602150537637,0.08602150537634409,0,0,5.429782608695652,2.7552704388568845,0,28.53818440462016
2022,00-0036219,32,12.15625,12,10,13,4,15,5,0.375,0.3125,0.40625,0.125,0.46875,0.15625,0.375,0,0.3125,0.3125,0,0,0,0,0,0
2022,00-0036223,42,-1.825,0,39,17,6,17,5,0,0.9285714285714286,0.40476190476190477,0.14285714285714285,0.40476190476190477,0.11904761904761904,0.8,0.2,0,0,0,0,0,0,0,0
2022,00-0036228,6,12.166666666666666,1,1,0,3,3,1,0.16666666666666666,0.16666666666666666,0,0.5,0.5,0.16666666666666666,0.3333333333333333,0,0.3333333333333333,0.3333333333333333,0,0,0,0,0,0
2022,00-0036232,43,5.666666666666667,4,21,19,11,12,9,0.09302325581395349,0.4883720930232558,0.4418604651162791,0.2558139534883721,0.27906976744186046,0.20930232558139536,0.7857142857142857,0.07142857142857142,0.09523809523809523,0.047619047619047616,0,0,0,0,0,0
2022,00-0036233,96,11.53125,34,26,38,16,42,13,0.3541666666666667,0.2708333333333333,0.3958333333333333,0.16666666666666666,0.4375,0.13541666666666666,0.6875,0,0.2708333333333333,0.041666666666666664,0,0,5.684315789473684,2.5061793617866015,0,26.601850607109412
2022,00-0036244,34,8.176470588235293,7,13,8,7,19,6,0.20588235294117646,0.38235294117647056,0.23529411764705882,0.20588235294117646,0.5588235294117647,0.17647058823529413,0.5588235294117647,0.029411764705882353,0.35294117647058826,0.058823529411764705,0,0,0,0,0,0
2022,00-0036247,6,10.333333333333334,1,2,1,0,5,0,0.16666666666666666,0.3333333333333333,0.16666666666666666,0,0.8333333333333334,0,0.6666666666666666,0.16666666666666666,0.16666666666666666,0,0,0,0,0,0,0
2022,00-0036250,7,3.857142857142857,1,5,2,2,3,0,0.14285714285714285,0.7142857142857143,0.2857142857142857,0.2857142857142857,0.42857142857142855,0,0.8571428571428571,0,0.14285714285714285,0,0,0,0,0,0,0
2022,00-0036251,13,-0.38461538461538464,0,12,6,2,5,0,0,0.9230769230769231,0.46153846153846156,0.15384615384615385,0.38461538461538464,0,0.9230769230769231,0.07692307692307693,0,0,0,0,0,0,0,0
2022,00-0036252,142,6.98581560283688,13,53,50,53,38,15,0.09154929577464789,0.3732394366197183,0.352112676056338,0.3732394366197183,0.2676056338028169,0.1056338028169014,0.6666666666666666,0.04964539007092199,0.1276595744680851,0.15602836879432624,0,0,6.501605839416059,2.737345718688387,0,26.54280266871554
2022,00-0036255,25,12.52,8,4,9,6,10,1,0.32,0.16,0.36,0.24,0.4,0.04,0.36,0.12,0.32,0.2,0,0,0,0,0,0
2022,00-0036259,56,8.357142857142858,11,17,22,16,18,3,0.19642857142857142,0.30357142857142855,0.39285714285714285,0.2857142857142857,0.32142857142857145,0.05357142857142857,0.5892857142857143,0.05357142857142857,0.17857142857142858,0.17857142857142858,0,0,6.23811320754717,3.53274118862366,0,13.461800848257182
2022,00-0036261,114,10.026315789473685,24,29,45,32,37,15,0.21052631578947367,0.2543859649122807,0.39473684210526316,0.2807017543859649,0.32456140350877194,0.13157894736842105,0.5614035087719298,0.05263157894736842,0.18421052631578946,0.20175438596491227,0,0,6.16557522123894,2.8892674173921553,0,32.635258120422336
2022,00-0036265,43,0.3953488372093023,0,36,23,7,13,4,0,0.8372093023255814,0.5348837209302325,0.16279069767441862,0.3023255813953488,0.09302325581395349,0.9302325581395349,0.023255813953488372,0,0.046511627906976744,0,0,0,0,0,0
2022,00-0036268,32,-0.6875,2,29,14,3,15,2,0.0625,0.90625,0.4375,0.09375,0.46875,0.0625,0.5625,0.375,0.0625,0,0,0,0,0,0,0
2022,00-0036271,51,9.333333333333334,14,21,24,11,16,4,0.27450980392156865,0.4117647058823529,0.47058823529411764,0.21568627450980393,0.3137254901960784,0.0784313725490196,0.5686274509803921,0.17647058823529413,0.19607843137254902,0.058823529411764705,0,0,7.046744186046511,3.5614518785359994,0,11.139006649944855
2022,00-0036275,70,0.45714285714285713,3,57,30,10,30,14,0.04285714285714286,0.8142857142857143,0.42857142857142855,0.14285714285714285,0.42857142857142855,0.2,0.7857142857142857,0.14285714285714285,0.07142857142857142,0,0,0,0,0,0,0
2022,00-0036277,3,4.666666666666667,0,1,2,0,1,0,0,0.3333333333333333,0.6666666666666666,0,0.3333333333333333,0,1,0,0,0,0,0,0,0,0,0
2022,00-0036290,70,6.7101449275362315,10,34,27,15,27,11,0.14285714285714285,0.4857142857142857,0.38571428571428573,0.21428571428571427,0.38571428571428573,0.15714285714285714,0.6521739130434783,0.2028985507246377,0.13043478260869565,0.014492753623188406,0,0,5.693653846153847,4.356146365093728,0,14.10569306624816
2022,00-0036297,1,2,0,1,0,1,0,0,0,1,0,1,0,0,1,0,0,0,0,0,0,0,0,0
2022,00-0036309,62,11.918032786885245,25,23,27,8,26,8,0.4032258064516129,0.3709677419354839,0.43548387096774194,0.12903225806451613,0.41935483870967744,0.12903225806451613,0.5737704918032787,0.18032786885245902,0.2459016393442623,0,0,0,6.525862068965517,3.579335805562361,0,22.007649246814868
2022,00-0036322,185,10.146739130434783,50,57,83,30,71,31,0.2702702702702703,0.3081081081081081,0.4486486486486487,0.16216216216216217,0.3837837837837838,0.16756756756756758,0.6358695652173914,0.09239130434782608,0.22282608695652173,0.04891304347826087,0,0,5.432613636363636,3.094315914232406,0,39.01159501102919
2022,00-0036326,79,10.341772151898734,24,32,34,13,32,6,0.3037974683544304,0.4050632911392405,0.43037974683544306,0.16455696202531644,0.4050632911392405,0.0759493670886076,0.6329113924050633,0.0759493670886076,0.24050632911392406,0.05063291139240506,0,0,5.624933333333335,2.797708808789563,0,25.34693474043226
2022,00-0036328,58,1.1896551724137931,2,50,20,13,25,6,0.034482758620689655,0.8620689655172413,0.3448275862068966,0.22413793103448276,0.43103448275862066,0.10344827586206896,0.7068965517241379,0.1724137931034483,0.06896551724137931,0.05172413793103448,0,0,0,0,0,0
2022,00-0036331,49,8.918367346938776,11,20,17,13,19,8,0.22448979591836735,0.40816326530612246,0.3469387755102041,0.2653061224489796,0.3877551020408163,0.16326530612244897,0.4897959183673469,0.1836734693877551,0.24489795918367346,0.08163265306122448,0,0,7.132444444444444,3.35542421137511,0,12.290700466303567
2022,00-0036332,15,3.2666666666666666,1,10,7,3,5,1,0.06666666666666667,0.6666666666666666,0.4666666666666667,0.2,0.3333333333333333,0.06666666666666667,0.6666666666666666,0.2,0.13333333333333333,0,0,0,0,0,0,0
2022,00-0036336,2,-2,0,2,1,0,1,0,0,1,0.5,0,0.5,0,1,0,0,0,0,0,0,0,0,0
2022,00-0036345,90,8.366666666666667,19,35,39,23,28,11,0.2111111111111111,0.3888888888888889,0.43333333333333335,0.25555555555555554,0.3111111111111111,0.12222222222222222,0.6666666666666666,0.1111111111111111,0.15555555555555556,0.06666666666666667,0,0,6.229090909090909,3.366566119250483,0,15.33919917342495
2022,00-0036355,2,-7.5,0,2,0,2,0,1,0,1,0,1,0,0.5,0,0,0,0,0,0,0,0,0,0
2022,00-0036358,156,10.032051282051283,44,52,61,46,49,15,0.28205128205128205,0.3333333333333333,0.391025641025641,0.2948717948717949,0.3141025641025641,0.09615384615384616,0.5512820512820513,0.08974358974358974,0.23717948717948717,0.12179487179487179,0,0,6.55781690140845,3.074781935692017,0,35.42332639174438
2022,00-0036360,23,0.43478260869565216,0,19,9,2,12,6,0,0.8260869565217391,0.391304347826087,0.08695652173913043,0.5217391304347826,0.2608695652173913,0.6521739130434783,0.2608695652173913,0.08695652173913043,0,0,0,0,0,0,0
2022,00-0036365,5,7.8,1,2,1,1,3,3,0.2,0.4,0.2,0.2,0.6,0.6,0.4,0.2,0.2,0.2,0,0,0,0,0,0
2022,00-0036370,25,1.92,0,20,14,0,11,1,0,0.8,0.56,0,0.44,0.04,0.88,0.12,0,0,0,0,0,0,0,0
2022,00-0036383,34,-1.2352941176470589,0,32,14,5,15,5,0,0.9411764705882353,0.4117647058823529,0.14705882352941177,0.4411764705882353,0.14705882352941177,0.7647058823529411,0.23529411764705882,0,0,0,0,0,0,0,0
2022,00-0036387,13,13.538461538461538,3,4,5,4,4,1,0.23076923076923078,0.3076923076923077,0.38461538461538464,0.3076923076923077,0.3076923076923077,0.07692307692307693,0.6153846153846154,0.15384615384615385,0.23076923076923078,0,0,0,0,0,0,0
2022,00-0036407,100,11.46,33,37,45,17,38,11,0.33,0.37,0.45,0.17,0.38,0.11,0.49,0.14,0.31,0.06,0,0,6.460978260869565,3.6899449233771056,0,24.52606459139843
2022,00-0036410,110,10.871559633027523,25,20,37,19,53,13,0.22727272727272727,0.18181818181818182,0.33636363636363636,0.17272727272727273,0.4818181818181818,0.11818181818181818,0.5504587155963303,0.027522935779816515,0.27522935779816515,0.14678899082568808,0,0,5.7642592592592585,2.543515705121587,0,28.88280253286048
2022,00-0036412,14,26.214285714285715,9,2,5,4,5,0,0.6428571428571429,0.14285714285714285,0.35714285714285715,0.2857142857142857,0.35714285714285715,0,0.35714285714285715,0,0.5,0.14285714285714285,0,0,0,0,0,0
2022,00-0036414,18,1.8888888888888888,1,14,14,0,4,3,0.05555555555555555,0.7777777777777778,0.7777777777777778,0,0.2222222222222222,0.16666666666666666,0.9444444444444444,0,0.05555555555555555,0,0,0,0,0,0,0
2022,00-0036415,44,15.795454545454545,24,6,13,13,18,5,0.5454545454545454,0.13636363636363635,0.29545454545454547,0.29545454545454547,0.4090909090909091,0.11363636363636363,0.6136363636363636,0,0.3181818181818182,0.06818181818181818,0,0,0,0,0,0
2022,00-0036422,22,5.363636363636363,2,13,5,4,13,3,0.09090909090909091,0.5909090909090909,0.22727272727272727,0.18181818181818182,0.5909090909090909,0.13636363636363635,0.7727272727272727,0.045454545454545456,0.13636363636363635,0.045454545454545456,0,0,0,0,0,0
2022,00-0036423,18,5.5,2,9,3,5,10,2,0.1111111111111111,0.5,0.16666666666666666,0.2777777777777778,0.5555555555555556,0.1111111111111111,0.7777777777777778,0.05555555555555555,0.1111111111111111,0.05555555555555555,0,0,0,0,0,0
2022,00-0036424,11,10.272727272727273,3,3,4,2,5,1,0.2727272727272727,0.2727272727272727,0.36363636363636365,0.18181818181818182,0.45454545454545453,0.09090909090909091,0.8181818181818182,0,0.18181818181818182,0,0,0,0,0,0,0
2022,00-0036425,19,0.5263157894736842,1,17,6,7,6,2,0.05263157894736842,0.8947368421052632,0.3157894736842105,0.3684210526315789,0.3157894736842105,0.10526315789473684,0.6842105263157895,0.21052631578947367,0.05263157894736842,0.05263157894736842,0,0,0,0,0,0
2022,00-0036429,2,21.5,2,0,1,1,0,0,1,0,0.5,0.5,0,0,0,0,1,0,0,0,0,0,0,0
2022,00-0036438,6,14.5,2,2,0,1,5,0,0.3333333333333333,0.3333333333333333,0,0.16666666666666666,0.8333333333333334,0,0.6666666666666666,0,0.3333333333333333,0,0,0,0,0,0,0
2022,00-0036439,7,14.142857142857142,2,0,2,4,1,1,0.2857142857142857,0,0.2857142857142857,0.5714285714285714,0.14285714285714285,0.14285714285714285,0.5714285714285714,0,0.42857142857142855,0,0,0,0,0,0,0
2022,00-0036450,4,-2.75,0,4,3,0,1,0,0,1,0.75,0,0.25,0,1,0,0,0,0,0,0,0,0,0
2022,00-0036457,1,-1,0,1,1,0,0,0,0,1,1,0,0,0,1,0,0,0,0,0,0,0,0,0
2022,00-0036482,9,14.333333333333334,2,0,2,2,5,4,0.2222222222222222,0,0.2222222222222222,0.2222222222222222,0.5555555555555556,0.4444444444444444,0.6666666666666666,0,0.3333333333333333,0,0,0,0,0,0,0
2022,00-0036493,34,-0.5,0,32,18,5,11,3,0,0.9411764705882353,0.5294117647058824,0.14705882352941177,0.3235294117647059,0.08823529411764706,0.8529411764705882,0.14705882352941177,0,0,0,0,0,0,0,0
2022,00-0036497,4,1.75,0,3,3,0,1,0,0,0.75,0.75,0,0.25,0,0.5,0.5,0,0,0,0,0,0,0,0
2022,00-0036527,1,-3,0,1,0,0,1,1,0,1,0,0,1,1,0,1,0,0,0,0,0,0,0,0
2022,00-0036534,15,5.2,1,8,5,4,6,4,0.06666666666666667,0.5333333333333333,0.3333333333333333,0.26666666666666666,0.4,0.26666666666666666,0.7333333333333333,0.06666666666666667,0.2,0,0,0,0,0,0,0
2022,00-0036543,4,-0.25,0,3,0,3,1,0,0,0.75,0,0.75,0.25,0,1,0,0,0,0,0,0,0,0,0
2022,00-0036550,28,13.357142857142858,8,7,12,9,7,1,0.2857142857142857,0.25,0.42857142857142855,0.32142857142857145,0.25,0.03571428571428571,0.5714285714285714,0,0.25,0.17857142857142858,0,0,0,0,0,0
2022,00-0036554,66,11.742424242424242,24,14,30,13,23,8,0.36363636363636365,0.21212121212121213,0.45454545454545453,0.19696969696969696,0.3484848484848485,0.12121212121212122,0.48484848484848486,0.045454545454545456,0.3181818181818182,0.15151515151515152,0,0,5.8990909090909085,2.9005587279897145,0,18.81283391738956
2022,00-0036555,17,0.5294117647058824,0,15,9,5,3,1,0,0.8823529411764706,0.5294117647058824,0.29411764705882354,0.17647058823529413,0.058823529411764705,0.8235294117647058,0.11764705882352941,0,0.058823529411764705,0,0,0,0,0,0
2022,00-0036556,28,7.321428571428571,6,12,6,5,17,2,0.21428571428571427,0.42857142857142855,0.21428571428571427,0.17857142857142858,0.6071428571428571,0.07142857142857142,0.6785714285714286,0.03571428571428571,0.21428571428571427,0.07142857142857142,0,0,0,0,0,0
2022,00-0036567,4,-1.75,0,4,2,1,1,1,0,1,0.5,0.25,0.25,0.25,1,0,0,0,0,0,0,0,0,0
2022,00-0036569,8,0.875,0,8,4,2,2,3,0,1,0.5,0.25,0.25,0.375,1,0,0,0,0,0,0,0,0,0
2022,00-0036572,42,8.560975609756097,12,17,19,7,15,6,0.2857142857142857,0.40476190476190477,0.4523809523809524,0.16666666666666666,0.35714285714285715,0.14285714285714285,0.6097560975609756,0.12195121951219512,0.21951219512195122,0.04878048780487805,0,0,0,0,0,0
2022,00-0036590,11,7,2,6,1,3,7,2,0.18181818181818182,0.5454545454545454,0.09090909090909091,0.2727272727272727,0.6363636363636364,0.18181818181818182,0.7272727272727273,0,0.2727272727272727,0,0,0,0,0,0,0
2022,00-0036613,118,12.094017094017094,35,17,39,42,36,9,0.2966101694915254,0.1440677966101695,0.3305084745762712,0.3559322033898305,0.3050847457627119,0.07627118644067797,0.5128205128205128,0.06837606837606838,0.3333333333333333,0.08547008547008547,0,0,5.762123893805309,2.9652117293459694,0,27.223098763203907
2022,00-0036620,13,4.153846153846154,0,7,3,2,8,2,0,0.5384615384615384,0.23076923076923078,0.15384615384615385,0.6153846153846154,0.15384615384615385,0.8461538461538461,0.07692307692307693,0,0.07692307692307693,0,0,0,0,0,0
2022,00-0036626,14,25.785714285714285,11,1,3,6,5,0,0.7857142857142857,0.07142857142857142,0.21428571428571427,0.42857142857142855,0.35714285714285715,0,0.42857142857142855,0,0.5714285714285714,0,0,0,0,0,0,0
2022,00-0036628,22,5.181818181818182,2,13,5,6,11,2,0.09090909090909091,0.5909090909090909,0.22727272727272727,0.2727272727272727,0.5,0.09090909090909091,0.8181818181818182,0.045454545454545456,0.13636363636363635,0,0,0,0,0,0,0
2022,00-0036630,7,13.428571428571429,2,2,2,2,3,0,0.2857142857142857,0.2857142857142857,0.2857142857142857,0.2857142857142857,0.42857142857142855,0,0.42857142857142855,0,0.2857142857142857,0.2857142857142857,0,0,0,0,0,0
2022,00-0036635,4,7,0,2,2,1,1,1,0,0.5,0.5,0.25,0.25,0.25,0.75,0,0.25,0,0,0,0,0,0,0
2022,00-0036637,34,5,3,19,9,7,18,4,0.08823529411764706,0.5588235294117647,0.2647058823529412,0.20588235294117646,0.5294117647058824,0.11764705882352941,0.696969696969697,0.12121212121212122,0.12121212121212122,0.06060606060606061,0,0,0,0,0,0
2022,00-0036646,4,12.75,1,2,1,0,3,0,0.25,0.5,0.25,0,0.75,0,0.5,0,0.25,0.25,0,0,0,0,0,0
2022,00-0036650,2,-8.5,0,2,0,0,2,0,0,1,0,0,1,0,0,1,0,0,0,0,0,0,0,0
2022,00-0036652,8,22,6,2,2,2,4,1,0.75,0.25,0.25,0.25,0.5,0.125,0.125,0,0.75,0.125,0,0,0,0,0,0
2022,00-0036654,4,4,0,2,1,0,3,0,0,0.5,0.25,0,0.75,0,0.5,0.25,0.25,0,0,0,0,0,0,0
2022,00-0036671,7,5.428571428571429,0,4,1,2,4,3,0,0.5714285714285714,0.14285714285714285,0.2857142857142857,0.5714285714285714,0.42857142857142855,1,0,0,0,0,0,0,0,0,0
2022,00-0036692,1,5,0,0,0,1,0,0,0,0,0,1,0,0,1,0,0,0,0,0,0,0,0,0
2022,00-0036727,3,-3,0,3,2,0,1,0,0,1,0.6666666666666666,0,0.3333333333333333,0,1,0,0,0,0,0,0,0,0,0
2022,00-0036741,14,6.428571428571429,1,5,3,6,5,1,0.07142857142857142,0.35714285714285715,0.21428571428571427,0.42857142857142855,0.35714285714285715,0.07142857142857142,0.9285714285714286,0,0.07142857142857142,0,0,0,0,0,0,0
2022,00-0036754,24,3,1,20,10,5,9,5,0.041666666666666664,0.8333333333333334,0.4166666666666667,0.20833333333333334,0.375,0.20833333333333334,0.875,0.041666666666666664,0.041666666666666664,0.041666666666666664,0,0,0,0,0,0
2022,00-0036755,1,4,0,1,0,0,1,0,0,1,0,0,1,0,1,0,0,0,0,0,0,0,0,0
2022,00-0036810,4,9,0,0,0,3,1,0,0,0,0,0.75,0.25,0,0.5,0,0,0.5,0,0,0,0,0,0
2022,00-0036825,2,28,1,0,2,0,0,0,0.5,0,1,0,0,0,0.5,0,0.5,0,0,0,0,0,0,0
2022,00-0036829,2,-3,0,2,0,0,2,0,0,1,0,0,1,0,1,0,0,0,0,0,0,0,0,0
2022,00-0036841,4,7.5,0,0,2,1,1,0,0,0,0.5,0.25,0.25,0,0.75,0,0,0.25,0,0,0,0,0,0
2022,00-0036842,2,0,0,2,1,1,0,0,0,1,0.5,0.5,0,0,1,0,0,0,0,0,0,0,0,0
2022,00-0036849,35,17.771428571428572,18,5,15,5,15,2,0.5142857142857142,0.14285714285714285,0.42857142857142855,0.14285714285714285,0.42857142857142855,0.05714285714285714,0.6571428571428571,0.02857142857142857,0.3142857142857143,0,0,0,0,0,0,0
2022,00-0036857,4,13.75,2,2,2,0,2,1,0.5,0.5,0.5,0,0.5,0.25,0.25,0,0.75,0,0,0,0,0,0,0
2022,00-0036858,1,7,0,0,1,0,0,0,0,0,1,0,0,0,1,0,0,0,0,0,0,0,0,0
2022,00-0036862,61,7.786885245901639,12,28,21,13,27,3,0.19672131147540983,0.45901639344262296,0.3442622950819672,0.21311475409836064,0.4426229508196721,0.04918032786885246,0.7704918032786885,0.03278688524590164,0.19672131147540983,0,0,0,7.234893617021277,3.378432049189742,0,12.684968901366563
2022,00-0036875,90,-0.1590909090909091,1,77,41,13,34,9,0.011111111111111112,0.8555555555555555,0.45555555555555555,0.14444444444444443,0.37777777777777777,0.1,0.7159090909090909,0.26136363636363635,0.022727272727272728,0,0,0,0,0,0,0
2022,00-0036876,40,6.475,6,17,17,7,16,3,0.15,0.425,0.425,0.175,0.4,0.075,0.825,0.05,0.075,0.05,0,0,0,0,0,0
2022,00-0036877,2,5,1,1,0,1,1,0,0.5,0.5,0,0.5,0.5,0,1,0,0,0,0,0,0,0,0,0
2022,00-0036880,1,3,0,1,0,0,1,0,0,1,0,0,1,0,0,0,0,0,0,0,0,0,0,0
2022,00-0036887,4,1,0,4,2,1,1,0,0,1,0.5,0.25,0.25,0,0.75,0.25,0,0,0,0,0,0,0,0
2022,00-0036893,53,1.7924528301886793,1,39,27,10,16,7,0.018867924528301886,0.7358490566037735,0.5094339622641509,0.18867924528301888,0.3018867924528302,0.1320754716981132,0.8867924528301887,0.05660377358490566,0.05660377358490566,0,0,0,0,0,0,0
2022,00-0036894,98,8.377551020408163,18,27,28,34,36,13,0.1836734693877551,0.2755102040816326,0.2857142857142857,0.3469387755102041,0.3673469387755102,0.1326530612244898,0.7346938775510204,0.04081632653061224,0.16326530612244897,0.061224489795918366,0,0,6.291562499999999,2.6842441316039514,0,16.970609812310506
2022,00-0036900,134,9.104477611940299,27,43,46,24,64,26,0.20149253731343283,0.3208955223880597,0.34328358208955223,0.1791044776119403,0.47761194029850745,0.19402985074626866,0.48507462686567165,0.11940298507462686,0.2537313432835821,0.1417910447761194,0,0,5.509212598425196,2.602489956679346,0,29.95189437831386
2022,00-0036906,12,-2.4166666666666665,0,12,8,1,3,2,0,1,0.6666666666666666,0.08333333333333333,0.25,0.16666666666666666,0.4166666666666667,0.5833333333333334,0,0,0,0,0,0,0,0
2022,00-0036912,137,9.669117647058824,34,38,55,17,64,15,0.24817518248175183,0.2773722627737226,0.40145985401459855,0.12408759124087591,0.46715328467153283,0.10948905109489052,0.5588235294117647,0.16911764705882354,0.18382352941176472,0.08823529411764706,0,0,6.496821705426357,2.9366545396199824,0,31.225423358105814
2022,00-0036913,20,3.75,3,13,4,5,11,6,0.15,0.65,0.2,0.25,0.55,0.3,0.7,0.15,0.1,0.05,0,0,0,0,0,0
2022,00-0036918,1,4,0,1,0,0,1,0,0,1,0,0,1,0,0,0,0,0,0,0,0,0,0,0
2022,00-0036919,29,1.206896551724138,0,26,13,8,8,3,0,0.896551724137931,0.4482758620689655,0.27586206896551724,0.27586206896551724,0.10344827586206896,0.8620689655172413,0.10344827586206896,0.034482758620689655,0,0,0,0,0,0,0
2022,00-0036924,54,0.5740740740740741,0,49,21,8,25,8,0,0.9074074074074074,0.3888888888888889,0.14814814814814814,0.46296296296296297,0.14814814814814814,0.7777777777777778,0.2037037037037037,0.018518518518518517,0,0,0,0,0,0,0
2022,00-0036936,56,5.517857142857143,8,30,19,8,29,7,0.14285714285714285,0.5357142857142857,0.3392857142857143,0.14285714285714285,0.5178571428571429,0.125,0.6428571428571429,0.25,0.08928571428571429,0.017857142857142856,0,0,7.497959183673469,3.8327139788323796,0,6.779586975614917
2022,00-0036950,14,-1.9285714285714286,0,13,6,1,7,3,0,0.9285714285714286,0.42857142857142855,0.07142857142857142,0.5,0.21428571428571427,0.42857142857142855,0.5714285714285714,0,0,0,0,0,0,0,0
2022,00-0036951,1,14,0,0,1,0,0,0,0,0,1,0,0,0,0,0,1,0,0,0,0,0,0,0
2022,00-0036955,47,12.46808510638298,15,8,24,3,20,6,0.3191489361702128,0.1702127659574468,0.5106382978723404,0.06382978723404255,0.425531914893617,0.1276595744680851,0.5106382978723404,0.02127659574468085,0.3829787234042553,0.0851063829787234,0,0,5.102391304347826,2.581705838573924,0,18.276707814820828
2022,00-0036959,21,8.761904761904763,5,10,4,1,16,1,0.23809523809523808,0.47619047619047616,0.19047619047619047,0.047619047619047616,0.7619047619047619,0.047619047619047616,0.7142857142857143,0.047619047619047616,0.23809523809523808,0,0,0,0,0,0,0
2022,00-0036963,146,6.390410958904109,14,60,55,33,58,22,0.0958904109589041,0.410958904109589,0.3767123287671233,0.22602739726027396,0.3972602739726027,0.1506849315068493,0.8013698630136986,0.06164383561643835,0.0684931506849315,0.0684931506849315,0,0,6.477822580645161,3.1029682752208707,0,22.794192379295048
2022,00-0036970,59,13.76271186440678,19,14,21,15,23,5,0.3220338983050847,0.23728813559322035,0.3559322033898305,0.2542372881355932,0.3898305084745763,0.0847457627118644,0.5254237288135594,0.06779661016949153,0.3220338983050847,0.0847457627118644,0,0,7.046304347826087,2.9239853467575374,0,20.044206817753906
2022,00-0036973,45,0.08888888888888889,3,41,12,3,30,6,0.06666666666666667,0.9111111111111111,0.26666666666666666,0.06666666666666667,0.6666666666666666,0.13333333333333333,0.6444444444444445,0.28888888888888886,0.06666666666666667,0,0,0,0,0,0,0
2022,00-0036980,65,12.076923076923077,30,20,28,10,27,7,0.46153846153846156,0.3076923076923077,0.4307692307692308,0.15384615384615385,0.4153846153846154,0.1076923076923077,0.6615384615384615,0.046153846153846156,0.26153846153846155,0.03076923076923077,0,0,6.121475409836064,3.1008574073609885,0,15.819404488790154
2022,00-0036988,108,8.682242990654206,21,33,47,14,46,9,0.19444444444444445,0.3055555555555556,0.4351851851851852,0.12962962962962962,0.42592592592592593,0.08333333333333333,0.6822429906542056,0.07476635514018691,0.21495327102803738,0.028037383177570093,0,0,6.307941176470588,3.4635611913344766,0,20.633189945925633
2022,00-0036991,26,9.6,6,7,7,8,10,2,0.23076923076923078,0.2692307692307692,0.2692307692307692,0.3076923076923077,0.38461538461538464,0.07692307692307693,0.6,0.12,0.2,0.08,0,0,0,0,0,0
2022,00-0036997,23,-1.0909090909090908,0,20,6,2,14,7,0,0.8695652173913043,0.2608695652173913,0.08695652173913043,0.6086956521739131,0.30434782608695654,0.7727272727272727,0.22727272727272727,0,0,0,0,0,0,0,0
2022,00-0036999,10,14.2,2,3,7,0,3,0,0.2,0.3,0.7,0,0.3,0,0.6,0,0.2,0.2,0,0,0,0,0,0
2022,00-0037005,32,7.65625,6,12,10,8,14,7,0.1875,0.375,0.3125,0.25,0.4375,0.21875,0.71875,0,0.21875,0.0625,0,0,0,0,0,0
2022,00-0037011,18,3.1666666666666665,1,12,3,4,11,4,0.05555555555555555,0.6666666666666666,0.16666666666666666,0.2222222222222222,0.6111111111111112,0.2222222222222222,0.7777777777777778,0.05555555555555555,0.16666666666666666,0,0,0,0,0,0,0
2022,00-0037013,1,2,0,1,0,0,1,1,0,1,0,0,1,1,1,0,0,0,0,0,0,0,0,0
2022,00-0037055,5,14.2,2,0,4,0,1,1,0.4,0,0.8,0,0.2,0.2,0.4,0,0.6,0,0,0,0,0,0,0
2022,00-0037078,9,7.555555555555555,3,4,1,3,5,1,0.3333333333333333,0.4444444444444444,0.1111111111111111,0.3333333333333333,0.5555555555555556,0.1111111111111111,0.6666666666666666,0,0.3333333333333333,0,0,0,0,0,0,0
2022,00-0037085,1,-7,0,1,1,0,0,0,0,1,1,0,0,0,1,0,0,0,0,0,0,0,0,0
2022,00-0037086,9,9,3,1,4,2,3,3,0.3333333333333333,0.1111111111111111,0.4444444444444444,0.2222222222222222,0.3333333333333333,0.3333333333333333,0.4444444444444444,0.1111111111111111,0.3333333333333333,0.1111111111111111,0,0,0,0,0,0
2022,00-0037087,8,1,0,6,4,0,4,0,0,0.75,0.5,0,0.5,0,0.875,0.125,0,0,0,0,0,0,0,0
2022,00-0037093,2,0.5,0,1,1,1,0,0,0,0.5,0.5,0.5,0,0,1,0,0,0,0,0,0,0,0,0
2022,00-0037098,10,17.4,6,4,1,5,4,1,0.6,0.4,0.1,0.5,0.4,0.1,0.4,0.1,0.5,0,0,0,0,0,0,0
2022,00-0037112,1,13,0,0,0,0,1,0,0,0,0,0,1,0,1,0,0,0,0,0,0,0,0,0
2022,00-0037157,14,-2.142857142857143,0,14,7,1,6,2,0,1,0.5,0.07142857142857142,0.42857142857142855,0.14285714285714285,0.7857142857142857,0.21428571428571427,0,0,0,0,0,0,0,0
2022,00-0037168,6,2.1666666666666665,0,4,3,2,1,0,0,0.6666666666666666,0.5,0.3333333333333333,0.16666666666666666,0,0.6666666666666666,0.3333333333333333,0,0,0,0,0,0,0,0
2022,00-0037197,14,-0.6428571428571429,1,12,10,1,3,1,0.07142857142857142,0.8571428571428571,0.7142857142857143,0.07142857142857142,0.21428571428571427,0.07142857142857142,0.6428571428571429,0.2857142857142857,0,0.07142857142857142,0,0,0,0,0,0
2022,00-0037228,33,-0.48484848484848486,0,31,10,5,18,5,0,0.9393939393939394,0.30303030303030304,0.15151515151515152,0.5454545454545454,0.15151515151515152,0.8787878787878788,0.12121212121212122,0,0,0,0,0,0,0,0
2022,00-0037238,118,10.418803418803419,24,25,46,33,38,17,0.2033898305084746,0.211864406779661,0.3898305084745763,0.2796610169491525,0.3220338983050847,0.1440677966101695,0.5641025641025641,0.09401709401709402,0.2222222222222222,0.11965811965811966,0,0,7.006909090909091,2.5471164237012642,0,32.699891417326285
2022,00-0037239,120,14.168067226890756,44,18,37,16,66,12,0.36666666666666664,0.15,0.30833333333333335,0.13333333333333333,0.55,0.1,0.6302521008403361,0.05042016806722689,0.2689075630252101,0.05042016806722689,0,0,7.224000000000001,2.759257762631483,0,38.63607229842329
2022,00-0037240,9,16.444444444444443,4,2,2,2,5,0,0.4444444444444444,0.2222222222222222,0.2222222222222222,0.2222222222222222,0.5555555555555556,0,0.5555555555555556,0.1111111111111111,0.3333333333333333,0,0,0,0,0,0,0
2022,00-0037247,85,14.761904761904763,35,9,36,13,35,8,0.4117647058823529,0.10588235294117647,0.4235294117647059,0.15294117647058825,0.4117647058823529,0.09411764705882353,0.5,0.011904761904761904,0.42857142857142855,0.05952380952380952,0,0,4.730952380952381,2.3704907088551113,0,26.82901493855132
2022,00-0037248,32,2.5625,1,24,10,12,10,6,0.03125,0.75,0.3125,0.375,0.3125,0.1875,0.875,0.03125,0.0625,0.03125,0,0,0,0,0,0
2022,00-0037252,55,11.345454545454546,16,19,20,16,19,2,0.2909090909090909,0.34545454545454546,0.36363636363636365,0.2909090909090909,0.34545454545454546,0.03636363636363636,0.7090909090909091,0,0.2545454545454545,0.03636363636363636,0,0,6.51595744680851,3.483711278838321,0,13.373495253751926
2022,00-0037253,4,-4.25,0,4,2,0,2,0,0,1,0.5,0,0.5,0,0.5,0.5,0,0,0,0,0,0,0,0
2022,00-0037256,58,-0.3103448275862069,0,54,20,10,28,8,0,0.9310344827586207,0.3448275862068966,0.1724137931034483,0.4827586206896552,0.13793103448275862,0.8448275862068966,0.13793103448275862,0.017241379310344827,0,0,0,0,0,0,0
2022,00-0037257,35,7.314285714285714,4,11,15,12,8,2,0.11428571428571428,0.3142857142857143,0.42857142857142855,0.34285714285714286,0.22857142857142856,0.05714285714285714,0.7142857142857143,0.02857142857142857,0.14285714285714285,0.11428571428571428,0,0,0,0,0,0
2022,00-0037258,39,-0.28205128205128205,0,37,10,14,15,2,0,0.9487179487179487,0.2564102564102564,0.358974358974359,0.38461538461538464,0.05128205128205128,0.7948717948717948,0.20512820512820512,0,0,0,0,0,0,0,0
2022,00-0037261,21,10.2,6,9,10,3,7,1,0.2857142857142857,0.42857142857142855,0.47619047619047616,0.14285714285714285,0.3333333333333333,0.047619047619047616,0.65,0.05,0.25,0.05,0,0,0,0,0,0
2022,00-0037263,17,-1.8823529411764706,0,15,12,3,2,0,0,0.8823529411764706,0.7058823529411765,0.17647058823529413,0.11764705882352941,0,0.7058823529411765,0.29411764705882354,0,0,0,0,0,0,0,0
2022,00-0037272,9,17,4,5,2,1,6,0,0.4444444444444444,0.5555555555555556,0.2222222222222222,0.1111111111111111,0.6666666666666666,0,0.1111111111111111,0.4444444444444444,0.4444444444444444,0,0,0,0,0,0,0
2022,00-0037273,13,7.6923076923076925,2,3,8,3,2,0,0.15384615384615385,0.23076923076923078,0.6153846153846154,0.23076923076923078,0.15384615384615385,0,0.6153846153846154,0.07692307692307693,0.15384615384615385,0.15384615384615385,0,0,0,0,0,0
2022,00-0037277,14,12.5,5,4,2,4,8,5,0.35714285714285715,0.2857142857142857,0.14285714285714285,0.2857142857142857,0.5714285714285714,0.35714285714285715,0.5714285714285714,0,0.42857142857142855,0,0,0,0,0,0,0
2022,00-0037282,11,4.636363636363637,0,6,4,3,4,1,0,0.5454545454545454,0.36363636363636365,0.2727272727272727,0.36363636363636365,0.09090909090909091,1,0,0,0,0,0,0,0,0,0
2022,00-0037291,13,11.615384615384615,4,2,5,2,6,1,0.3076923076923077,0.15384615384615385,0.38461538461538464,0.15384615384615385,0.46153846153846156,0.07692307692307693,0.5454545454545454,0.09090909090909091,0.2727272727272727,0.09090909090909091,0,0,0,0,0,0
2022,00-0037299,5,-2.2,0,5,4,0,1,1,0,1,0.8,0,0.2,0.2,1,0,0,0,0,0,0,0,0,0
2022,00-0037300,10,15.9,4,3,3,2,5,2,0.4,0.3,0.3,0.2,0.5,0.2,0.4,0,0.4,0.2,0,0,0,0,0,0
2022,00-0037304,17,5.411764705882353,2,10,7,6,4,3,0.11764705882352941,0.5882352941176471,0.4117647058823529,0.35294117647058826,0.23529411764705882,0.17647058823529413,0.7647058823529411,0,0.17647058823529413,0.058823529411764705,0,0,0,0,0,0
2022,00-0037311,10,5.7,1,4,4,3,3,1,0.1,0.4,0.4,0.3,0.3,0.1,0.8,0,0.1,0.1,0,0,0,0,0,0
2022,00-0037331,8,0.75,0,7,3,0,5,2,0,0.875,0.375,0,0.625,0.25,1,0,0,0,0,0,0,0,0,0
2022,00-0037348,3,6.666666666666667,0,0,0,1,2,0,0,0,0,0.3333333333333333,0.6666666666666666,0,0.6666666666666666,0,0.3333333333333333,0,0,0,0,0,0,0
2022,00-0037355,3,14,1,1,0,2,1,0,0.3333333333333333,0.3333333333333333,0,0.6666666666666666,0.3333333333333333,0,0.6666666666666666,0,0,0.3333333333333333,0,0,0,0,0,0
2022,00-0037382,14,12.857142857142858,5,5,4,2,8,2,0.35714285714285715,0.35714285714285715,0.2857142857142857,0.14285714285714285,0.5714285714285714,0.14285714285714285,0.6428571428571429,0,0.35714285714285715,0,0,0,0,0,0,0
2022,00-0037387,5,14,2,1,4,1,0,0,0.4,0.2,0.8,0.2,0,0,0.6,0,0.4,0,0,0,0,0,0,0
2022,00-0037429,12,-1.8333333333333333,0,12,5,2,5,1,0,1,0.4166666666666667,0.16666666666666666,0.4166666666666667,0.08333333333333333,1,0,0,0,0,0,0,0,0,0
2022,00-0037456,8,1,0,8,6,0,2,1,0,1,0.75,0,0.25,0.125,1,0,0,0,0,0,0,0,0,0
2022,00-0037475,5,4.6,0,4,4,1,0,0,0,0.8,0.8,0.2,0,0,0.8,0,0.2,0,0,0,0,0,0,0
2022,00-0037487,10,7.9,3,5,3,1,6,0,0.3,0.5,0.3,0.1,0.6,0,0.4,0.2,0.3,0.1,0,0,0,0,0,0
2022,00-0037545,34,11.676470588235293,10,12,11,5,18,1,0.29411764705882354,0.35294117647058826,0.3235294117647059,0.14705882352941177,0.5294117647058824,0.029411764705882353,0.5588235294117647,0.17647058823529413,0.23529411764705882,0.029411764705882353,0,0,0,0,0,0
2022,00-0037557,5,-5.2,0,5,2,0,3,1,0,1,0.4,0,0.6,0.2,0.6,0.4,0,0,0,0,0,0,0,0
2022,00-0037563,7,-1,0,7,3,2,2,2,0,1,0.42857142857142855,0.2857142857142857,0.2857142857142857,0.2857142857142857,0.7142857142857143,0.14285714285714285,0.14285714285714285,0,0,0,0,0,0,0
2022,00-0037569,16,6.8125,2,7,4,4,8,2,0.125,0.4375,0.25,0.25,0.5,0.125,0.75,0.0625,0.1875,0,0,0,0,0,0,0
2022,00-0037570,6,13.166666666666666,2,0,1,0,5,0,0.3333333333333333,0,0.16666666666666666,0,0.8333333333333334,0,0.3333333333333333,0,0.3333333333333333,0.3333333333333333,0,0,0,0,0,0
2022,00-0037594,3,0.6666666666666666,0,3,1,0,2,0,0,1,0.3333333333333333,0,0.6666666666666666,0,0.6666666666666666,0.3333333333333333,0,0,0,0,0,0,0,0
2022,00-0037617,12,-0.5,0,11,2,3,7,0,0,0.9166666666666666,0.16666666666666666,0.25,0.5833333333333334,0,0.6666666666666666,0.3333333333333333,0,0,0,0,0,0,0,0
2022,00-0037664,78,11.717948717948717,21,15,30,13,35,6,0.2692307692307692,0.19230769230769232,0.38461538461538464,0.16666666666666666,0.44871794871794873,0.07692307692307693,0.6025641025641025,0.02564102564102564,0.2564102564102564,0.11538461538461539,0,0,6.146025641025642,1.9436413699632846,0,24.38837623818726
2022,00-0037666,3,15,1,1,1,0,2,1,0.3333333333333333,0.3333333333333333,0.3333333333333333,0,0.6666666666666666,0.3333333333333333,0.6666666666666666,0,0.3333333333333333,0,0,0,0,0,0,0
2022,00-0037708,1,3,0,1,0,1,0,0,0,1,0,1,0,0,1,0,0,0,0,0,0,0,0,0
2022,00-0037740,147,10.53061224489796,36,33,55,32,60,19,0.24489795918367346,0.22448979591836735,0.3741496598639456,0.21768707482993196,0.40816326530612246,0.1292517006802721,0.5510204081632653,0.08843537414965986,0.2653061224489796,0.09523809523809523,0,0,5.844042553191489,2.633355710021772,0,31.830191503910587
2022,00-0037741,63,13.98360655737705,21,13,12,10,39,10,0.3333333333333333,0.20634920634920634,0.19047619047619047,0.15873015873015872,0.6190476190476191,0.15873015873015872,0.5245901639344263,0.06557377049180328,0.32786885245901637,0.08196721311475409,0,0,5.9905,2.7821913681191486,0,20.03088551129825
2022,00-0037742,54,11.555555555555555,13,22,20,15,19,4,0.24074074074074073,0.4074074074074074,0.37037037037037035,0.2777777777777778,0.35185185185185186,0.07407407407407407,0.5925925925925926,0.07407407407407407,0.2037037037037037,0.12962962962962962,0,0,7.1043396226415085,3.1167939277387027,0,17.63444666233404
2022,00-0037744,39,6.17948717948718,5,17,13,5,21,1,0.1282051282051282,0.4358974358974359,0.3333333333333333,0.1282051282051282,0.5384615384615384,0.02564102564102564,0.8205128205128205,0.05128205128205128,0.1282051282051282,0,0,0,0,0,0,0
2022,00-0037745,14,16.714285714285715,6,5,8,3,3,2,0.42857142857142855,0.35714285714285715,0.5714285714285714,0.21428571428571427,0.21428571428571427,0.14285714285714285,0.21428571428571427,0.2857142857142857,0.35714285714285715,0.14285714285714285,0,0,0,0,0,0
2022,00-0037746,12,-0.9166666666666666,0,12,7,2,3,1,0,1,0.5833333333333334,0.16666666666666666,0.25,0.08333333333333333,0.8333333333333334,0.16666666666666666,0,0,0,0,0,0,0,0
2022,00-0037755,40,9.95,9,11,14,11,15,6,0.225,0.275,0.35,0.275,0.375,0.15,0.625,0.05,0.3,0.025,0,0,0,0,0,0
2022,00-0037801,2,6.5,0,1,0,1,1,0,0,0.5,0,0.5,0.5,0,0.5,0,0,0.5,0,0,0,0,0,0
2022,00-0037805,2,3.5,0,1,0,0,2,0,0,0.5,0,0,1,0,1,0,0,0,0,0,0,0,0,0
2022,00-0037809,47,7.673913043478261,11,17,19,9,18,7,0.23404255319148937,0.3617021276595745,0.40425531914893614,0.19148936170212766,0.3829787234042553,0.14893617021276595,0.5652173913043478,0.15217391304347827,0.2608695652173913,0.021739130434782608,0,0,6.466666666666668,2.960304330575876,0,10.453996843375728
2022,00-0037816,67,9.507462686567164,16,28,25,14,28,8,0.23880597014925373,0.417910447761194,0.373134328358209,0.208955223880597,0.417910447761194,0.11940298507462686,0.417910447761194,0.208955223880597,0.22388059701492538,0.14925373134328357,0,0,6.419682539682539,3.348993098873621,0,14.336610162419769
2022,00-0037827,2,0,0,2,1,1,0,0,0,1,0.5,0.5,0,0,1,0,0,0,0,0,0,0,0,0
2022,00-0037828,7,22.857142857142858,4,1,4,1,2,0,0.5714285714285714,0.14285714285714285,0.5714285714285714,0.14285714285714285,0.2857142857142857,0,0.42857142857142855,0,0.42857142857142855,0.14285714285714285,0,0,0,0,0,0
2022,00-0037838,60,6.75,8,24,14,25,21,11,0.13333333333333333,0.4,0.23333333333333334,0.4166666666666667,0.35,0.18333333333333332,0.65,0.03333333333333333,0.15,0.16666666666666666,0,0,6.4518518518518535,3.1613239870507033,0,10.718916254912614
2022,00-0037840,12,1.4166666666666667,1,10,7,3,2,1,0.08333333333333333,0.8333333333333334,0.5833333333333334,0.25,0.16666666666666666,0.08333333333333333,1,0,0,0,0,0,0,0,0,0
2022,00-0038041,22,3.5,2,16,5,5,12,3,0.09090909090909091,0.7272727272727273,0.22727272727272727,0.22727272727272727,0.5454545454545454,0.13636363636363635,0.8636363636363636,0.09090909090909091,0,0.045454545454545456,0,0,0,0,0,0
2022,00-0038045,3,-3.3333333333333335,0,3,2,0,1,0,0,1,0.6666666666666666,0,0.3333333333333333,0,0.6666666666666666,0.3333333333333333,0,0,0,0,0,0,0,0
2022,00-0038046,6,8.166666666666666,0,0,1,4,1,1,0,0,0.16666666666666666,0.6666666666666666,0.16666666666666666,0.16666666666666666,0.6666666666666666,0,0,0.3333333333333333,0,0,0,0,0,0
2022,00-0038090,33,7.818181818181818,7,12,5,11,17,1,0.21212121212121213,0.36363636363636365,0.15151515151515152,0.3333333333333333,0.5151515151515151,0.030303030303030304,0.5757575757575758,0.21212121212121213,0.12121212121212122,0.09090909090909091,0,0,0,0,0,0
2022,00-0038092,1,-4,0,1,0,0,1,0,0,1,0,0,1,0,0,1,0,0,0,0,0,0,0,0
2022,00-0038098,7,0.5714285714285714,0,7,4,2,1,0,0,1,0.5714285714285714,0.2857142857142857,0.14285714285714285,0,0.5714285714285714,0.2857142857142857,0,0.14285714285714285,0,0,0,0,0,0
2022,00-0038104,45,14.355555555555556,19,12,23,8,14,5,0.4222222222222222,0.26666666666666666,0.5111111111111111,0.17777777777777778,0.3111111111111111,0.1111111111111111,0.4222222222222222,0.1111111111111111,0.3333333333333333,0.13333333333333333,0,0,5.939555555555557,3.147385115001464,0,15.963433925529321
2022,00-0038108,1,-8,0,1,0,1,0,0,0,1,0,1,0,0,0,0,0,0,0,0,0,0,0,0
2022,00-0038115,36,4,1,23,16,10,9,7,0.027777777777777776,0.6388888888888888,0.4444444444444444,0.2777777777777778,0.25,0.19444444444444445,0.8571428571428571,0.05714285714285714,0.08571428571428572,0,0,0,0,0,0,0
2022,00-0038117,31,6.193548387096774,4,15,14,10,7,2,0.12903225806451613,0.4838709677419355,0.45161290322580644,0.3225806451612903,0.22580645161290322,0.06451612903225806,0.8709677419354839,0.03225806451612903,0.03225806451612903,0.06451612903225806,0,0,0,0,0,0
2022,00-0038120,31,4.903225806451613,3,24,10,5,16,5,0.0967741935483871,0.7741935483870968,0.3225806451612903,0.16129032258064516,0.5161290322580645,0.16129032258064516,0.7419354838709677,0.06451612903225806,0.16129032258064516,0.03225806451612903,0,0,0,0,0,0
2022,00-0038124,66,13.984848484848484,25,21,18,18,30,14,0.3787878787878788,0.3181818181818182,0.2727272727272727,0.2727272727272727,0.45454545454545453,0.21212121212121213,0.5454545454545454,0.015151515151515152,0.3787878787878788,0.06060606060606061,0,0,6.1003448275862064,2.890829454703176,0,21.342889528131977
2022,00-0038129,65,5.907692307692308,7,36,28,20,17,16,0.1076923076923077,0.5538461538461539,0.4307692307692308,0.3076923076923077,0.26153846153846155,0.24615384615384617,0.8153846153846154,0.046153846153846156,0.13846153846153847,0,0,0,6.21943396226415,3.159231845034558,0,7.259564240967651
2022,00-0038134,35,-2.142857142857143,0,32,14,5,16,1,0,0.9142857142857143,0.4,0.14285714285714285,0.45714285714285713,0.02857142857142857,0.7428571428571429,0.2571428571428571,0,0,0,0,0,0,0,0
2022,00-0038147,2,12.5,1,0,2,0,0,0,0.5,0,1,0,0,0,1,0,0,0,0,0,0,0,0,0
2022,00-0038149,1,45,1,0,1,0,0,0,1,0,1,0,0,0,0,0,1,0,0,0,0,0,0,0
2023,00-0024243,5,1.8,0,3,1,1,3,2,0,0.6,0.2,0.2,0.6,0.4,0,0.4,0,0.2,0,0.4,0,0,0,0
2023,00-0026498,1,0,0,0,0,0,0,1,0,0,0,0,0,1,0,1,0,0,0,0,0,0,0,0
2023,00-0027696,7,6,0,2,2,1,4,5,0,0.2857142857142857,0.2857142857142857,0.14285714285714285,0.5714285714285714,0.7142857142857143,0,0,0.2857142857142857,0.42857142857142855,0.14285714285714285,0.14285714285714285,0,0,0,0
2023,00-0027944,19,6.894736842105263,3,9,6,4,9,4,0.15789473684210525,0.47368421052631576,0.3157894736842105,0.21052631578947367,0.47368421052631576,0.21052631578947367,0,0.21052631578947367,0.10526315789473684,0.2631578947368421,0.21052631578947367,0.21052631578947367,0,0,0,0
2023,00-0028002,18,9.705882352941176,3,7,4,3,10,5,0.16666666666666666,0.3888888888888889,0.2222222222222222,0.16666666666666666,0.5555555555555556,0.2777777777777778,0,0,0.1111111111111111,0.3888888888888889,0.4444444444444444,0.05555555555555555,0,0,0,0
2023,00-0029293,10,8,2,4,5,1,4,2,0.2,0.4,0.5,0.1,0.4,0.2,0,0.1111111111111111,0,0.4444444444444444,0.3333333333333333,0.1111111111111111,0,0,0,0
2023,00-0029701,1,-1,0,1,1,0,0,0,0,1,1,0,0,0,0,0,1,0,0,0,0,0,0,0
2023,00-0029892,17,4.294117647058823,1,11,5,3,9,5,0.058823529411764705,0.6470588235294118,0.29411764705882354,0.17647058823529413,0.5294117647058824,0.29411764705882354,0,0.17647058823529413,0.058823529411764705,0.17647058823529413,0.35294117647058826,0.23529411764705882,0,0,0,0
2023,00-0030035,138,7.7226277372262775,22,56,51,35,51,16,0.15942028985507245,0.4057971014492754,0.3695652173913043,0.2536231884057971,0.3695652173913043,0.11594202898550725,0,0.07971014492753623,0.13043478260869565,0.3333333333333333,0.2608695652173913,0.1956521739130435,6.30520325203252,2.88760037104662,0,26.349465453482875
2023,00-0030061,43,7.72093023255814,5,15,10,17,16,8,0.11627906976744186,0.3488372093023256,0.23255813953488372,0.3953488372093023,0.37209302325581395,0.18604651162790697,0,0.023255813953488372,0.13953488372093023,0.3953488372093023,0.2558139534883721,0.18604651162790697,0,0,0,0
2023,00-0030068,13,30.076923076923077,10,3,5,1,7,0,0.7692307692307693,0.23076923076923078,0.38461538461538464,0.07692307692307693,0.5384615384615384,0,0,0.15384615384615385,0.6923076923076923,0,0,0.15384615384615385,0,0,0,0
2023,00-0030279,150,9.68,36,33,56,26,68,14,0.24,0.22,0.37333333333333335,0.17333333333333334,0.4533333333333333,0.09333333333333334,0,0.07333333333333333,0.2,0.25333333333333335,0.23333333333333334,0.24,6.78274074074074,3.0652255961221413,0,30.103718104083143
2023,00-0030431,75,9.76,20,14,22,22,31,11,0.26666666666666666,0.18666666666666668,0.29333333333333333,0.29333333333333333,0.41333333333333333,0.14666666666666667,0,0.11267605633802817,0.07042253521126761,0.5211267605633803,0.2112676056338028,0.08450704225352113,7.074848484848485,2.6228678300843162,0,14.797241640872075
2023,00-0030506,121,6.669421487603306,18,54,43,32,46,20,0.1487603305785124,0.4462809917355372,0.35537190082644626,0.2644628099173554,0.38016528925619836,0.1652892561983471,0,0.13445378151260504,0.09243697478991597,0.226890756302521,0.20168067226890757,0.3445378151260504,6.682815533980583,3.659598831305704,0,20.941519359514828
2023,00-0030513,22,1.5454545454545454,1,20,8,5,9,3,0.045454545454545456,0.9090909090909091,0.36363636363636365,0.22727272727272727,0.4090909090909091,0.13636363636363635,0,0.18181818181818182,0.045454545454545456,0,0.5454545454545454,0.22727272727272727,0,0,0,0
2023,00-0030564,137,14.116788321167883,54,22,59,29,49,18,0.39416058394160586,0.16058394160583941,0.4306569343065693,0.2116788321167883,0.35766423357664234,0.13138686131386862,0,0.05223880597014925,0.34328358208955223,0.2537313432835821,0.21641791044776118,0.13432835820895522,5.7894656488549625,2.271084470396227,0,43.815641199008326
2023,00-0030565,1,-8,0,1,0,1,0,0,0,1,0,1,0,0,0,0,0,1,0,0,0,0,0,0
2023,00-0030578,12,0.8333333333333334,1,9,5,3,4,2,0.08333333333333333,0.75,0.4166666666666667,0.25,0.3333333333333333,0.16666666666666666,0,0.5,0,0.3333333333333333,0.08333333333333333,0.08333333333333333,0,0,0,0
2023,00-0030663,3,6,0,0,2,1,0,1,0,0,0.6666666666666666,0.3333333333333333,0,0.3333333333333333,0,0,0,0.3333333333333333,0.3333333333333333,0.3333333333333333,0,0,0,0
2023,00-0030874,2,0.5,0,2,2,0,0,0,0,1,1,0,0,0,0,0.5,0,0,0.5,0,0,0,0,0
2023,00-0030968,3,6,1,2,1,0,2,1,0.3333333333333333,0.6666666666666666,0.3333333333333333,0,0.6666666666666666,0.3333333333333333,0,0.3333333333333333,0.3333333333333333,0,0.3333333333333333,0,0,0,0,0
2023,00-0031235,64,13.875,21,8,21,18,25,11,0.328125,0.125,0.328125,0.28125,0.390625,0.171875,0,0,0.31746031746031744,0.38095238095238093,0.12698412698412698,0.1746031746031746,5.309375,2.676241473295458,0,22.268707341689247
2023,00-0031236,82,13.197530864197532,28,17,35,11,35,13,0.34146341463414637,0.2073170731707317,0.4268292682926829,0.13414634146341464,0.4268292682926829,0.15853658536585366,0,0.037037037037037035,0.2839506172839506,0.25925925925925924,0.2222222222222222,0.19753086419753085,6.225844155844156,2.6307468618744485,0,22.29520438365765
2023,00-0031260,79,6.038461538461538,8,44,14,31,33,10,0.10126582278481013,0.5569620253164557,0.17721518987341772,0.3924050632911392,0.4177215189873418,0.12658227848101267,0,0.02631578947368421,0.10526315789473684,0.32894736842105265,0.25,0.2894736842105263,6.41725806451613,3.2774368740565443,0,11.027387725592861
2023,00-0031376,32,0.25,1,27,13,3,16,5,0.03125,0.84375,0.40625,0.09375,0.5,0.15625,0,0.4375,0.0625,0.09375,0.34375,0.0625,0,0,0,0
2023,00-0031381,175,10.834285714285715,46,52,87,28,60,30,0.26285714285714284,0.29714285714285715,0.49714285714285716,0.16,0.34285714285714286,0.17142857142857143,0,0.06358381502890173,0.21965317919075145,0.32947976878612717,0.21965317919075145,0.1676300578034682,5.252865497076024,2.551200385892476,0,44.49101504401043
2023,00-0031408,137,14.014705882352942,56,27,63,28,45,17,0.40875912408759124,0.19708029197080293,0.45985401459854014,0.20437956204379562,0.3284671532846715,0.12408759124087591,0,0.022727272727272728,0.3712121212121212,0.2196969696969697,0.24242424242424243,0.14393939393939395,6.5689473684210515,2.370892184852302,0,41.255953624509615
2023,00-0031428,49,7.551020408163265,5,19,19,7,23,4,0.10204081632653061,0.3877551020408163,0.3877551020408163,0.14285714285714285,0.46938775510204084,0.08163265306122448,0,0,0.1276595744680851,0.2553191489361702,0.3617021276595745,0.2553191489361702,6.691276595744681,2.5720438307195455,0,10.025321461723948
2023,00-0031484,4,3,0,3,0,2,2,1,0,0.75,0,0.5,0.5,0.25,0,0,0,0.5,0.5,0,0,0,0,0
2023,00-0031544,130,14.328125,55,12,56,15,57,16,0.4230769230769231,0.09230769230769231,0.4307692307692308,0.11538461538461539,0.43846153846153846,0.12307692307692308,0,0.031007751937984496,0.31007751937984496,0.3178294573643411,0.18604651162790697,0.15503875968992248,5.39536,2.1661048539902095,0,35.06430880722197
2023,00-0031547,55,11.636363636363637,19,16,26,11,18,0,0.34545454545454546,0.2909090909090909,0.4727272727272727,0.2,0.32727272727272727,0,0,0.16363636363636364,0.2727272727272727,0.36363636363636365,0.09090909090909091,0.10909090909090909,5.841272727272728,1.994365960655412,0,15.354737554787443
2023,00-0031549,45,9.28888888888889,10,15,14,15,16,7,0.2222222222222222,0.3333333333333333,0.3111111111111111,0.3333333333333333,0.35555555555555557,0.15555555555555556,0,0.1111111111111111,0.13333333333333333,0.4222222222222222,0.2,0.13333333333333333,6.395348837209302,3.5799465724612403,0,10.325968754505622
2023,00-0031585,12,5.166666666666667,1,7,4,1,7,4,0.08333333333333333,0.5833333333333334,0.3333333333333333,0.08333333333333333,0.5833333333333334,0.3333333333333333,0,0.08333333333333333,0.3333333333333333,0.3333333333333333,0.25,0,0,0,0,0
2023,00-0031588,161,10.3625,44,58,73,17,70,17,0.2732919254658385,0.36024844720496896,0.453416149068323,0.10559006211180125,0.43478260869565216,0.10559006211180125,0,0.1125,0.225,0.21875,0.2125,0.23125,5.956666666666667,2.8111488611452033,0,34.517921514359415
2023,00-0031595,3,0.6666666666666666,0,3,0,0,3,1,0,1,0,0,1,0.3333333333333333,0,0,0,0,1,0,0,0,0,0
2023,00-0031610,74,8,13,24,30,21,23,4,0.17567567567567569,0.32432432432432434,0.40540540540540543,0.28378378378378377,0.3108108108108108,0.05405405405405406,0,0.02702702702702703,0.14864864864864866,0.35135135135135137,0.24324324324324326,0.22972972972972974,6.261833333333333,2.943662681780704,0,15.920910152020134
2023,00-0031687,32,-0.625,2,29,14,2,16,6,0.0625,0.90625,0.4375,0.0625,0.5,0.1875,0,0.625,0.09375,0.125,0.125,0.03125,0,0,0,0
2023,00-0031763,7,0.5714285714285714,0,6,5,1,1,1,0,0.8571428571428571,0.7142857142857143,0.14285714285714285,0.14285714285714285,0.14285714285714285,0,0.8333333333333334,0,0.16666666666666666,0,0,0,0,0,0
2023,00-0031868,2,22.5,2,0,1,0,1,0,1,0,0.5,0,0.5,0,0,0,0,1,0,0,0,0,0,0
2023,00-0031941,20,6.1,3,10,8,8,4,1,0.15,0.5,0.4,0.4,0.2,0.05,0,0.15,0.15,0.4,0.25,0.05,0,0,0,0
2023,00-0032062,9,3.3333333333333335,0,6,2,2,5,1,0,0.6666666666666666,0.2222222222222222,0.2222222222222222,0.5555555555555556,0.1111111111111111,0,0.2222222222222222,0,0.1111111111111111,0.2222222222222222,0.4444444444444444,0,0,0,0
2023,00-0032104,24,1.9166666666666667,1,18,8,7,9,3,0.041666666666666664,0.75,0.3333333333333333,0.2916666666666667,0.375,0.125,0,0.3333333333333333,0,0.16666666666666666,0.16666666666666666,0.3333333333333333,0,0,0,0
2023,00-0032128,6,12.333333333333334,3,1,4,1,1,1,0.5,0.16666666666666666,0.6666666666666666,0.16666666666666666,0.16666666666666666,0.16666666666666666,0,0,0.16666666666666666,0.16666666666666666,0.5,0.16666666666666666,0,0,0,0
2023,00-0032134,12,5.333333333333333,1,6,5,1,6,4,0.08333333333333333,0.5,0.4166666666666667,0.08333333333333333,0.5,0.3333333333333333,0,0.08333333333333333,0.16666666666666666,0.25,0.4166666666666667,0.08333333333333333,0,0,0,0
2023,00-0032141,11,5.454545454545454,1,3,2,7,2,2,0.09090909090909091,0.2727272727272727,0.18181818181818182,0.6363636363636364,0.18181818181818182,0.18181818181818182,0,0.09090909090909091,0.09090909090909091,0.18181818181818182,0.09090909090909091,0.5454545454545454,0,0,0,0
2023,00-0032144,3,6,0,2,2,1,0,0,0,0.6666666666666666,0.6666666666666666,0.3333333333333333,0,0,0,0,0.3333333333333333,0.3333333333333333,0.3333333333333333,0,0,0,0,0
2023,00-0032200,12,7.5,3,6,3,4,5,2,0.25,0.5,0.25,0.3333333333333333,0.4166666666666667,0.16666666666666666,0,0.18181818181818182,0.18181818181818182,0,0.45454545454545453,0.18181818181818182,0,0,0,0
2023,00-0032208,3,26,2,0,3,0,0,0,0.6666666666666666,0,1,0,0,0,0,0,0.6666666666666666,0,0,0.3333333333333333,0,0,0,0
2023,00-0032211,124,10.836065573770492,35,26,45,16,61,15,0.28225806451612906,0.20967741935483872,0.3629032258064516,0.12903225806451613,0.49193548387096775,0.12096774193548387,0,0.040983606557377046,0.22950819672131148,0.18032786885245902,0.29508196721311475,0.2540983606557377,6.754347826086957,2.8155919124350035,0,32.86499551491787
2023,00-0032217,1,0,0,1,1,0,0,0,0,1,1,0,0,0,0,0,0,0,0,0,0,0,0,0
2023,00-0032385,22,7.2727272727272725,3,7,9,6,7,7,0.13636363636363635,0.3181818181818182,0.4090909090909091,0.2727272727272727,0.3181818181818182,0.3181818181818182,0,0.09090909090909091,0.2727272727272727,0.3181818181818182,0.13636363636363635,0.18181818181818182,0,0,0,0
2023,00-0032392,32,4.193548387096774,1,21,7,5,19,4,0.03125,0.65625,0.21875,0.15625,0.59375,0.125,0,0.0625,0.0625,0.21875,0.53125,0.125,0,0,0,0
2023,00-0032394,1,3,0,1,0,0,1,0,0,1,0,0,1,0,0,0,0,0,1,0,0,0,0,0
2023,00-0032398,35,18.314285714285713,18,4,14,4,17,1,0.5142857142857142,0.11428571428571428,0.4,0.11428571428571428,0.4857142857142857,0.02857142857142857,0,0.058823529411764705,0.23529411764705882,0.35294117647058826,0.29411764705882354,0.058823529411764705,0,0,0,0
2023,00-0032464,44,8.818181818181818,9,13,13,13,18,4,0.20454545454545456,0.29545454545454547,0.29545454545454547,0.29545454545454547,0.4090909090909091,0.09090909090909091,0,0.20454545454545456,0.09090909090909091,0.4772727272727273,0.11363636363636363,0.11363636363636363,0,0,0,0
2023,00-0032543,29,10.172413793103448,9,8,14,2,13,2,0.3103448275862069,0.27586206896551724,0.4827586206896552,0.06896551724137931,0.4482758620689655,0.06896551724137931,0,0.037037037037037035,0.2222222222222222,0.25925925925925924,0.25925925925925924,0.2222222222222222,0,0,0,0
2023,00-0032688,6,23.5,5,0,2,0,4,0,0.8333333333333334,0,0.3333333333333333,0,0.6666666666666666,0,0,0,0.5,0.3333333333333333,0,0.16666666666666666,0,0,0,0
2023,00-0032764,36,-2.7777777777777777,1,34,17,2,17,2,0.027777777777777776,0.9444444444444444,0.4722222222222222,0.05555555555555555,0.4722222222222222,0.05555555555555555,0,0.7272727272727273,0.030303030303030304,0,0.15151515151515152,0.09090909090909091,0,0,0,0
2023,00-0032765,64,10.15625,16,8,28,10,26,9,0.25,0.125,0.4375,0.15625,0.40625,0.140625,0,0,0.2857142857142857,0.30158730158730157,0.15873015873015872,0.25396825396825395,5.113833333333333,1.9965129264071915,0,13.214376338519942
2023,00-0032775,39,12.256410256410257,18,7,15,10,14,9,0.46153846153846156,0.1794871794871795,0.38461538461538464,0.2564102564102564,0.358974358974359,0.23076923076923078,0,0.02702702702702703,0.3783783783783784,0.1891891891891892,0.1891891891891892,0.21621621621621623,0,0,0,0
2023,00-0032918,9,1.1111111111111112,0,9,5,2,2,0,0,1,0.5555555555555556,0.2222222222222222,0.2222222222222222,0,0,0.2222222222222222,0,0.2222222222222222,0.5555555555555556,0,0,0,0,0
2023,00-0032951,3,12,1,0,1,1,1,0,0.3333333333333333,0,0.3333333333333333,0.3333333333333333,0.3333333333333333,0,0,0,0,0,0.3333333333333333,0.6666666666666666,0,0,0,0
2023,00-0032975,1,-1,0,1,0,0,1,0,0,1,0,0,1,0,0,1,0,0,0,0,0,0,0,0
2023,00-0033009,98,6.418367346938775,9,43,39,29,30,9,0.09183673469387756,0.4387755102040816,0.3979591836734694,0.29591836734693877,0.30612244897959184,0.09183673469387756,0,0.13829787234042554,0.10638297872340426,0.35106382978723405,0.24468085106382978,0.1595744680851064,6.135444444444444,3.093340407220002,0,17.605742677712737
2023,00-0033040,172,10.801169590643275,62,55,70,32,69,26,0.36046511627906974,0.31976744186046513,0.4069767441860465,0.18604651162790697,0.4011627906976744,0.1511627906976744,0,0.1569767441860465,0.31976744186046513,0.23255813953488372,0.18023255813953487,0.11046511627906977,5.756883116883117,3.2584266384584817,0,43.43852477268945
2023,00-0033045,65,-0.6461538461538462,1,61,28,9,28,5,0.015384615384615385,0.9384615384615385,0.4307692307692308,0.13846153846153847,0.4307692307692308,0.07692307692307693,0,0.5,0.03125,0.109375,0.25,0.109375,0,0,0,0
2023,00-0033090,61,8.819672131147541,7,11,16,19,26,6,0.11475409836065574,0.18032786885245902,0.26229508196721313,0.3114754098360656,0.4262295081967213,0.09836065573770492,0,0.016666666666666666,0.21666666666666667,0.23333333333333334,0.35,0.18333333333333332,6.016346153846153,2.3545327314122955,0,13.722949893352201
2023,00-0033110,70,5.8,8,34,19,13,38,5,0.11428571428571428,0.4857142857142857,0.2714285714285714,0.18571428571428572,0.5428571428571428,0.07142857142857142,0,0.07352941176470588,0.17647058823529413,0.10294117647058823,0.5147058823529411,0.1323529411764706,6.260967741935484,3.6782785886710037,0,9.018641820228439
2023,00-0033118,3,-1.3333333333333333,0,3,2,1,0,0,0,1,0.6666666666666666,0.3333333333333333,0,0,0,0.3333333333333333,0,0.3333333333333333,0,0.3333333333333333,0,0,0,0
2023,00-0033217,23,10.090909090909092,8,8,8,7,7,5,0.34782608695652173,0.34782608695652173,0.34782608695652173,0.30434782608695654,0.30434782608695654,0.21739130434782608,0,0.08695652173913043,0.43478260869565216,0.13043478260869565,0.13043478260869565,0.21739130434782608,0,0,0,0
2023,00-0033246,23,4.956521739130435,3,14,9,3,11,4,0.13043478260869565,0.6086956521739131,0.391304347826087,0.13043478260869565,0.4782608695652174,0.17391304347826086,0,0.09090909090909091,0.13636363636363635,0.18181818181818182,0.45454545454545453,0.13636363636363635,0,0,0,0
2023,00-0033251,15,10.666666666666666,5,2,5,3,7,3,0.3333333333333333,0.13333333333333333,0.3333333333333333,0.2,0.4666666666666667,0.2,0,0.06666666666666667,0.26666666666666666,0.3333333333333333,0.06666666666666667,0.26666666666666666,0,0,0,0
2023,00-0033280,83,1.8433734939759037,2,65,35,17,31,17,0.024096385542168676,0.7831325301204819,0.42168674698795183,0.20481927710843373,0.37349397590361444,0.20481927710843373,0,0.2962962962962963,0.07407407407407407,0.2222222222222222,0.2345679012345679,0.1728395061728395,0,0,0,0
2023,00-0033282,91,6.571428571428571,17,43,38,20,33,16,0.18681318681318682,0.4725274725274725,0.4175824175824176,0.21978021978021978,0.3626373626373626,0.17582417582417584,0,0.15730337078651685,0.14606741573033707,0.24719101123595505,0.19101123595505617,0.25842696629213485,6.842162162162162,3.28831749243485,0,14.589722979375006
2023,00-0033288,90,9.466666666666667,27,27,32,27,31,13,0.3,0.3,0.35555555555555557,0.3,0.34444444444444444,0.14444444444444443,0,0.033707865168539325,0.29213483146067415,0.3258426966292135,0.29213483146067415,0.056179775280898875,5.385774647887324,3.295197448332169,0,22.029146842340694
2023,00-0033292,2,0,0,2,1,1,0,0,0,1,0.5,0.5,0,0,0,0.5,0,0,0,0.5,0,0,0,0
2023,00-0033293,43,-1.1162790697674418,0,39,17,9,17,10,0,0.9069767441860465,0.3953488372093023,0.20930232558139536,0.3953488372093023,0.23255813953488372,0,0.5121951219512195,0.024390243902439025,0.14634146341463414,0.2682926829268293,0.04878048780487805,0,0,0,0
2023,00-0033296,3,-4.666666666666667,0,3,0,1,2,1,0,1,0,0.3333333333333333,0.6666666666666666,0.3333333333333333,0,1,0,0,0,0,0,0,0,0
2023,00-0033307,55,10.436363636363636,12,17,17,14,24,6,0.21818181818181817,0.3090909090909091,0.3090909090909091,0.2545454545454545,0.43636363636363634,0.10909090909090909,0,0.11320754716981132,0.20754716981132076,0.24528301886792453,0.1320754716981132,0.3018867924528302,7.143272727272727,2.7471220936956757,0,14.125106266003534
2023,00-0033308,21,0.047619047619047616,1,20,7,4,10,0,0.047619047619047616,0.9523809523809523,0.3333333333333333,0.19047619047619047,0.47619047619047616,0,0,0.2857142857142857,0.047619047619047616,0.09523809523809523,0.42857142857142855,0.14285714285714285,0,0,0,0
2023,00-0033357,40,5.225,4,25,14,8,18,5,0.1,0.625,0.35,0.2,0.45,0.125,0,0.1,0.125,0.3,0.325,0.15,0,0,0,0
2023,00-0033376,7,2.7142857142857144,0,5,3,1,3,3,0,0.7142857142857143,0.42857142857142855,0.14285714285714285,0.42857142857142855,0.42857142857142855,0,0,0,0.14285714285714285,0.5714285714285714,0.2857142857142857,0,0,0,0
2023,00-0033439,15,6.933333333333334,5,10,4,2,9,0,0.3333333333333333,0.6666666666666666,0.26666666666666666,0.13333333333333333,0.6,0,0,0,0.3333333333333333,0.13333333333333333,0.5333333333333333,0,0,0,0,0
2023,00-0033466,14,2.5,2,10,6,1,7,0,0.14285714285714285,0.7142857142857143,0.42857142857142855,0.07142857142857142,0.5,0,0,0.42857142857142855,0.07142857142857142,0.21428571428571427,0.21428571428571427,0.07142857142857142,0,0,0,0
2023,00-0033526,56,-0.17857142857142858,0,55,18,17,21,3,0,0.9821428571428571,0.32142857142857145,0.30357142857142855,0.375,0.05357142857142857,0,0.23636363636363636,0,0.14545454545454545,0.43636363636363634,0.18181818181818182,0,0,0,0
2023,00-0033536,26,11.807692307692308,8,7,9,5,12,2,0.3076923076923077,0.2692307692307692,0.34615384615384615,0.19230769230769232,0.46153846153846156,0.07692307692307693,0,0.25,0.2916666666666667,0.20833333333333334,0.08333333333333333,0.16666666666666666,0,0,0,0
2023,00-0033553,35,-0.696969696969697,2,30,15,6,12,7,0.05714285714285714,0.8571428571428571,0.42857142857142855,0.17142857142857143,0.34285714285714286,0.2,0,0.4857142857142857,0.08571428571428572,0.05714285714285714,0.2,0.17142857142857143,0,0,0,0
2023,00-0033555,30,12.5,10,5,10,5,15,2,0.3333333333333333,0.16666666666666666,0.3333333333333333,0.16666666666666666,0.5,0.06666666666666667,0,0.034482758620689655,0.20689655172413793,0.3103448275862069,0.2413793103448276,0.20689655172413793,0,0,0,0
2023,00-0033572,21,12.047619047619047,6,3,11,3,7,2,0.2857142857142857,0.14285714285714285,0.5238095238095238,0.14285714285714285,0.3333333333333333,0.09523809523809523,0,0.05,0.15,0.25,0.4,0.15,0,0,0,0
2023,00-0033576,3,2,0,2,3,0,0,0,0,0.6666666666666666,1,0,0,0,0,0,0,0.3333333333333333,0.3333333333333333,0.3333333333333333,0,0,0,0
2023,00-0033589,7,7,1,3,2,0,5,1,0.14285714285714285,0.42857142857142855,0.2857142857142857,0,0.7142857142857143,0.14285714285714285,0,0,0,0.14285714285714285,0.7142857142857143,0.14285714285714285,0,0,0,0
2023,00-0033591,56,11.963636363636363,22,13,21,13,21,8,0.39285714285714285,0.23214285714285715,0.375,0.23214285714285715,0.375,0.14285714285714285,0,0.09090909090909091,0.23636363636363636,0.2909090909090909,0.21818181818181817,0.16363636363636364,6.723269230769231,3.1158447851991857,0,13.327591690156709
2023,00-0033699,74,-1.1081081081081081,2,67,23,10,41,9,0.02702702702702703,0.9054054054054054,0.3108108108108108,0.13513513513513514,0.5540540540540541,0.12162162162162163,0,0.4594594594594595,0.06756756756756757,0.06756756756756757,0.2972972972972973,0.10810810810810811,0,0,0,0
2023,00-0033757,17,8.529411764705882,4,8,10,3,4,3,0.23529411764705882,0.47058823529411764,0.5882352941176471,0.17647058823529413,0.23529411764705882,0.17647058823529413,0,0.0625,0.1875,0.125,0.3125,0.3125,0,0,0,0
2023,00-0033854,7,4.428571428571429,0,5,3,0,4,0,0,0.7142857142857143,0.42857142857142855,0,0.5714285714285714,0,0,0.2857142857142857,0,0.2857142857142857,0.2857142857142857,0.14285714285714285,0,0,0,0
2023,00-0033857,47,7.191489361702128,8,18,21,8,18,3,0.1702127659574468,0.3829787234042553,0.44680851063829785,0.1702127659574468,0.3829787234042553,0.06382978723404255,0,0.15217391304347827,0.10869565217391304,0.2826086956521739,0.2608695652173913,0.1956521739130435,7.014888888888888,2.4220562074219356,0,8.6107279030345
2023,00-0033858,70,6.542857142857143,9,33,24,18,28,9,0.12857142857142856,0.4714285714285714,0.34285714285714286,0.2571428571428571,0.4,0.12857142857142856,0,0.17391304347826086,0.07246376811594203,0.2898550724637681,0.3333333333333333,0.13043478260869565,6.647090909090909,3.8862629343069037,0,10.22278708493202
2023,00-0033863,1,-1,0,1,0,0,1,0,0,1,0,0,1,0,0,0,0,0,1,0,0,0,0,0
2023,00-0033881,144,5.006993006993007,12,78,48,40,55,11,0.08333333333333333,0.5416666666666666,0.3333333333333333,0.2777777777777778,0.3819444444444444,0.0763888888888889,0,0.13194444444444445,0.06944444444444445,0.20833333333333334,0.2986111111111111,0.2916666666666667,6.220818181818182,3.3855664522896727,0,13.757640931609217
2023,00-0033885,123,4.6016260162601625,15,78,42,25,56,20,0.12195121951219512,0.6341463414634146,0.34146341463414637,0.2032520325203252,0.45528455284552843,0.16260162601626016,0,0.15126050420168066,0.07563025210084033,0.23529411764705882,0.35294117647058826,0.18487394957983194,5.078837209302325,3.48310974053397,0,11.831336779796025
2023,00-0033891,64,13.609375,20,14,30,8,26,11,0.3125,0.21875,0.46875,0.125,0.40625,0.171875,0,0.016129032258064516,0.27419354838709675,0.22580645161290322,0.27419354838709675,0.20967741935483872,6.69393442622951,2.4790105738790205,0,17.47265324044617
2023,00-0033893,20,-1.15,0,20,6,3,11,0,0,1,0.3,0.15,0.55,0,0,0.5,0,0.05,0.4,0.05,0,0,0,0
2023,00-0033895,70,4.0285714285714285,5,44,24,14,32,11,0.07142857142857142,0.6285714285714286,0.34285714285714286,0.2,0.45714285714285713,0.15714285714285714,0,0.14285714285714285,0.11428571428571428,0.2571428571428571,0.2857142857142857,0.2,5.935892857142855,3.984096198460132,0,5.8873341667002705
2023,00-0033897,65,-1.78125,0,61,29,3,32,15,0,0.9384615384615385,0.4461538461538462,0.046153846153846156,0.49230769230769234,0.23076923076923078,0,0.6307692307692307,0,0.046153846153846156,0.3076923076923077,0.015384615384615385,0,0,0,0
2023,00-0033906,87,0.05813953488372093,1,78,27,27,32,9,0.011494252873563218,0.896551724137931,0.3103448275862069,0.3103448275862069,0.367816091954023,0.10344827586206896,0,0.39080459770114945,0.011494252873563218,0.16091954022988506,0.27586206896551724,0.16091954022988506,0,0,0,0
2023,00-0033908,97,8.221052631578948,17,35,48,17,30,21,0.17525773195876287,0.36082474226804123,0.4948453608247423,0.17525773195876287,0.30927835051546393,0.21649484536082475,0,0.10526315789473684,0.18947368421052632,0.2,0.42105263157894735,0.08421052631578947,7.09406976744186,3.3519765706679183,0,18.019338645362616
2023,00-0033921,131,9.076923076923077,31,35,31,33,66,17,0.2366412213740458,0.26717557251908397,0.2366412213740458,0.25190839694656486,0.5038167938931297,0.1297709923664122,0,0.072,0.216,0.32,0.224,0.168,6.940731707317076,2.9221610769328694,0,25.63841214170101
2023,00-0033923,21,-0.2857142857142857,0,20,11,2,8,1,0,0.9523809523809523,0.5238095238095238,0.09523809523809523,0.38095238095238093,0.047619047619047616,0,0.6666666666666666,0,0.047619047619047616,0.19047619047619047,0.09523809523809523,0,0,0,0
2023,00-0033925,16,1.3125,0,14,9,3,4,2,0,0.875,0.5625,0.1875,0.25,0.125,0,0.375,0.0625,0,0.4375,0.125,0,0,0,0
2023,00-0033943,64,10.078125,19,16,20,16,28,12,0.296875,0.25,0.3125,0.25,0.4375,0.1875,0,0.07936507936507936,0.2222222222222222,0.4603174603174603,0.12698412698412698,0.1111111111111111,5.765,2.4974598711844074,0,17.766290165142735
2023,00-0033948,20,-1.35,0,20,9,2,9,1,0,1,0.45,0.1,0.45,0.05,0,0.4,0,0.05,0.4,0.15,0,0,0,0
2023,00-0034054,12,7.666666666666667,0,3,4,7,1,4,0,0.25,0.3333333333333333,0.5833333333333334,0.08333333333333333,0.3333333333333333,0,0,0.6666666666666666,0.3333333333333333,0,0,0,0,0,0
2023,00-0034073,2,8.5,1,1,0,0,2,1,0.5,0.5,0,0,1,0.5,0,1,0,0,0,0,0,0,0,0
2023,00-0034115,17,2.7058823529411766,1,13,8,2,7,1,0.058823529411764705,0.7647058823529411,0.47058823529411764,0.11764705882352941,0.4117647058823529,0.058823529411764705,0,0.29411764705882354,0.11764705882352941,0.17647058823529413,0.4117647058823529,0,0,0,0,0
2023,00-0034159,22,2.8181818181818183,0,15,7,9,6,2,0,0.6818181818181818,0.3181818181818182,0.4090909090909091,0.2727272727272727,0.09090909090909091,0,0.09523809523809523,0.14285714285714285,0.23809523809523808,0.3333333333333333,0.19047619047619047,0,0,0,0
2023,00-0034184,13,2.4615384615384617,0,10,5,1,7,0,0,0.7692307692307693,0.38461538461538464,0.07692307692307693,0.5384615384615384,0,0,0.07692307692307693,0.07692307692307693,0,0.6153846153846154,0.23076923076923078,0,0,0,0
2023,00-0034193,3,10.666666666666666,1,2,0,1,2,1,0.3333333333333333,0.6666666666666666,0,0.3333333333333333,0.6666666666666666,0.3333333333333333,0,0,0.3333333333333333,0,0.3333333333333333,0.3333333333333333,0,0,0,0
2023,00-0034208,9,1,0,8,6,0,3,0,0,0.8888888888888888,0.6666666666666666,0,0.3333333333333333,0,0,0.2222222222222222,0,0.1111111111111111,0.5555555555555556,0.1111111111111111,0,0,0,0
2023,00-0034270,87,6.839080459770115,14,36,28,23,36,9,0.16091954022988506,0.41379310344827586,0.3218390804597701,0.26436781609195403,0.41379310344827586,0.10344827586206896,0,0.05813953488372093,0.1744186046511628,0.22093023255813954,0.29069767441860467,0.2558139534883721,5.97304347826087,3.450107991712769,0,15.256047376336902
2023,00-0034272,42,17.666666666666668,23,6,14,9,19,5,0.5476190476190477,0.14285714285714285,0.3333333333333333,0.21428571428571427,0.4523809523809524,0.11904761904761904,0,0.04878048780487805,0.4146341463414634,0.0975609756097561,0.17073170731707318,0.2682926829268293,0,0,0,0
2023,00-0034279,6,8.833333333333334,1,2,4,1,1,0,0.16666666666666666,0.3333333333333333,0.6666666666666666,0.16666666666666666,0.16666666666666666,0,0,0.16666666666666666,0,0.3333333333333333,0.16666666666666666,0.3333333333333333,0,0,0,0
2023,00-0034286,14,9.214285714285714,3,5,6,3,5,1,0.21428571428571427,0.35714285714285715,0.42857142857142855,0.21428571428571427,0.35714285714285715,0.07142857142857142,0,0.14285714285714285,0.14285714285714285,0.14285714285714285,0.35714285714285715,0.21428571428571427,0,0,0,0
2023,00-0034297,22,13.5,9,4,6,6,10,0,0.4090909090909091,0.18181818181818182,0.2727272727272727,0.2727272727272727,0.45454545454545453,0,0,0.047619047619047616,0.14285714285714285,0.42857142857142855,0.09523809523809523,0.2857142857142857,0,0,0,0
2023,00-0034317,9,10.11111111111111,2,1,2,3,4,3,0.2222222222222222,0.1111111111111111,0.2222222222222222,0.3333333333333333,0.4444444444444444,0.3333333333333333,0,0,0.2222222222222222,0.2222222222222222,0.3333333333333333,0.2222222222222222,0,0,0,0
2023,00-0034348,91,11.777777777777779,27,21,40,17,33,19,0.2967032967032967,0.23076923076923078,0.43956043956043955,0.18681318681318682,0.3626373626373626,0.2087912087912088,0,0.011111111111111112,0.3,0.34444444444444444,0.18888888888888888,0.15555555555555556,6.368977272727273,2.9192387594368774,0,32.0485945688423
2023,00-0034351,83,5.36144578313253,10,41,37,12,34,10,0.12048192771084337,0.4939759036144578,0.4457831325301205,0.14457831325301204,0.40963855421686746,0.12048192771084337,0,0.1927710843373494,0.03614457831325301,0.1686746987951807,0.39759036144578314,0.20481927710843373,6.660144927536232,2.9058752182169036,0,9.937190931301629
2023,00-0034364,23,4.739130434782608,2,14,9,4,10,0,0.08695652173913043,0.6086956521739131,0.391304347826087,0.17391304347826086,0.43478260869565216,0,0,0,0.09523809523809523,0.14285714285714285,0.47619047619047616,0.2857142857142857,0,0,0,0
2023,00-0034365,9,8.666666666666666,3,5,4,2,3,1,0.3333333333333333,0.5555555555555556,0.4444444444444444,0.2222222222222222,0.3333333333333333,0.1111111111111111,0,0.1111111111111111,0.4444444444444444,0.2222222222222222,0.2222222222222222,0,0,0,0,0
2023,00-0034383,89,7.6022727272727275,15,32,22,34,32,15,0.16853932584269662,0.3595505617977528,0.24719101123595505,0.38202247191011235,0.3595505617977528,0.16853932584269662,0,0.05813953488372093,0.12790697674418605,0.32558139534883723,0.36046511627906974,0.12790697674418605,5.774852941176471,3.3139522000525816,0,13.882068492798915
2023,00-0034386,53,17.50943396226415,27,10,23,9,21,6,0.5094339622641509,0.18867924528301888,0.4339622641509434,0.16981132075471697,0.39622641509433965,0.11320754716981132,0,0,0.4339622641509434,0.2641509433962264,0.07547169811320754,0.22641509433962265,6.009183673469387,2.480391722434109,0,23.362547188657313
2023,00-0034407,15,6.266666666666667,2,6,8,2,5,1,0.13333333333333333,0.4,0.5333333333333333,0.13333333333333333,0.3333333333333333,0.06666666666666667,0,0.26666666666666666,0,0.2,0.26666666666666666,0.26666666666666666,0,0,0,0
2023,00-0034414,6,5.166666666666667,1,4,5,0,1,0,0.16666666666666666,0.6666666666666666,0.8333333333333334,0,0.16666666666666666,0,0,0.3333333333333333,0.3333333333333333,0,0.16666666666666666,0.16666666666666666,0,0,0,0
2023,00-0034418,38,11.289473684210526,12,5,13,5,20,5,0.3157894736842105,0.13157894736842105,0.34210526315789475,0.13157894736842105,0.5263157894736842,0.13157894736842105,0,0.05263157894736842,0.4473684210526316,0.21052631578947367,0.13157894736842105,0.15789473684210525,0,0,0,0
2023,00-0034419,33,6.9393939393939394,4,13,14,4,15,2,0.12121212121212122,0.3939393939393939,0.42424242424242425,0.12121212121212122,0.45454545454545453,0.06060606060606061,0,0.0967741935483871,0.1935483870967742,0.12903225806451613,0.3870967741935484,0.1935483870967742,0,0,0,0
2023,00-0034433,3,-0.3333333333333333,0,3,3,0,0,0,0,1,1,0,0,0,0,0,0,0,1,0,0,0,0,0
2023,00-0034487,22,8.636363636363637,6,7,11,6,5,3,0.2727272727272727,0.3181818181818182,0.5,0.2727272727272727,0.22727272727272727,0.13636363636363635,0,0.22727272727272727,0.09090909090909091,0.4090909090909091,0.13636363636363635,0.13636363636363635,0,0,0,0
2023,00-0034521,49,12.183673469387756,12,3,18,6,25,4,0.24489795918367346,0.061224489795918366,0.3673469387755102,0.12244897959183673,0.5102040816326531,0.08163265306122448,0,0,0.1836734693877551,0.3469387755102041,0.20408163265306123,0.2653061224489796,6.3046938775510215,2.209960657840716,0,15.389214989973263
2023,00-0034575,2,0,0,2,0,1,1,0,0,1,0,0.5,0.5,0,0,0,0,0.5,0.5,0,0,0,0,0
2023,00-0034613,50,5.38,5,23,22,10,18,3,0.1,0.46,0.44,0.2,0.36,0.06,0,0.06,0.16,0.16,0.42,0.2,6.304736842105264,3.0683933297976207,0,6.812099499941357
2023,00-0034646,44,7.545454545454546,7,16,12,13,19,6,0.1590909090909091,0.36363636363636365,0.2727272727272727,0.29545454545454547,0.4318181818181818,0.13636363636363635,0,0.023809523809523808,0.11904761904761904,0.3333333333333333,0.23809523809523808,0.2857142857142857,0,0,0,0
2023,00-0034681,17,-1.4705882352941178,0,16,4,2,11,0,0,0.9411764705882353,0.23529411764705882,0.11764705882352941,0.6470588235294118,0,0,0.4117647058823529,0,0.23529411764705882,0.17647058823529413,0.17647058823529413,0,0,0,0
2023,00-0034750,1,-1,0,1,0,0,1,0,0,1,0,0,1,0,0,0,0,0,1,0,0,0,0,0
2023,00-0034753,61,7.262295081967213,6,20,16,21,24,14,0.09836065573770492,0.32786885245901637,0.26229508196721313,0.3442622950819672,0.39344262295081966,0.22950819672131148,0,0.06557377049180328,0.16393442622950818,0.3114754098360656,0.19672131147540983,0.26229508196721313,5.551836734693877,3.212977322272524,0,11.716449460058499
2023,00-0034764,57,10.947368421052632,15,14,27,4,26,6,0.2631578947368421,0.24561403508771928,0.47368421052631576,0.07017543859649122,0.45614035087719296,0.10526315789473684,0,0.08771929824561403,0.22807017543859648,0.3333333333333333,0.08771929824561403,0.2631578947368421,6.134736842105264,2.3062134999520603,0,12.914435658309987
2023,00-0034775,85,9.905882352941177,24,25,39,11,35,6,0.2823529411764706,0.29411764705882354,0.4588235294117647,0.12941176470588237,0.4117647058823529,0.07058823529411765,0,0.10714285714285714,0.17857142857142858,0.2619047619047619,0.2857142857142857,0.16666666666666666,6.069625,3.1287428175873155,0,17.173419417266526
2023,00-0034777,66,15.393939393939394,37,14,24,11,31,6,0.5606060606060606,0.21212121212121213,0.36363636363636365,0.16666666666666666,0.4696969696969697,0.09090909090909091,0,0.030303030303030304,0.3939393939393939,0.2727272727272727,0.10606060606060606,0.19696969696969696,5.74609375,2.2882380354006724,0,25.091442217587133
2023,00-0034791,4,0.25,0,3,2,0,2,0,0,0.75,0.5,0,0.5,0,0,0.5,0,0.25,0.25,0,0,0,0,0
2023,00-0034798,43,6.604651162790698,4,15,18,12,13,5,0.09302325581395349,0.3488372093023256,0.4186046511627907,0.27906976744186046,0.3023255813953488,0.11627906976744186,0,0.023255813953488372,0.32558139534883723,0.11627906976744186,0.32558139534883723,0.20930232558139536,0,0,0,0
2023,00-0034827,138,10.852941176470589,34,36,64,22,50,14,0.2463768115942029,0.2608695652173913,0.463768115942029,0.15942028985507245,0.36231884057971014,0.10144927536231885,0,0.14925373134328357,0.2462686567164179,0.26119402985074625,0.16417910447761194,0.1791044776119403,6.275075757575757,2.737857989088661,0,41.50476281550665
2023,00-0034829,46,8.511111111111111,7,19,24,10,11,7,0.15217391304347827,0.41304347826086957,0.5217391304347826,0.21739130434782608,0.2391304347826087,0.15217391304347827,0,0,0.22727272727272727,0.25,0.2727272727272727,0.25,5.805142857142857,3.0910282097670505,0,9.956170045968001
2023,00-0034830,32,7.5625,4,12,8,13,11,5,0.125,0.375,0.25,0.40625,0.34375,0.15625,0,0,0.125,0.21875,0.40625,0.25,0,0,0,0
2023,00-0034837,137,13.022058823529411,48,22,51,14,71,28,0.35036496350364965,0.16058394160583941,0.3722627737226277,0.10218978102189781,0.5182481751824818,0.20437956204379562,0,0.06716417910447761,0.291044776119403,0.1865671641791045,0.29850746268656714,0.15671641791044777,5.580962962962964,2.2906645676241943,0,38.02302392854166
2023,00-0034838,2,0,0,2,2,0,0,0,0,1,1,0,0,0,0,0,0,0,1,0,0,0,0,0
2023,00-0034844,61,2.2333333333333334,6,43,28,4,28,6,0.09836065573770492,0.7049180327868853,0.45901639344262296,0.06557377049180328,0.45901639344262296,0.09836065573770492,0,0.3620689655172414,0.13793103448275862,0.034482758620689655,0.3793103448275862,0.08620689655172414,0,0,0,0
2023,00-0034854,23,14.347826086956522,8,0,10,5,8,0,0.34782608695652173,0,0.43478260869565216,0.21739130434782608,0.34782608695652173,0,0,0,0.2608695652173913,0.34782608695652173,0.08695652173913043,0.30434782608695654,0,0,0,0
2023,00-0034928,3,-0.6666666666666666,0,3,0,0,3,0,0,1,0,0,1,0,0,1,0,0,0,0,0,0,0,0
2023,00-0034959,14,1.6923076923076923,0,10,6,3,4,6,0,0.7142857142857143,0.42857142857142855,0.21428571428571427,0.2857142857142857,0.42857142857142855,0,0.14285714285714285,0,0.21428571428571427,0.5714285714285714,0.07142857142857142,0,0,0,0
2023,00-0034960,106,9.69811320754717,23,26,32,23,51,16,0.2169811320754717,0.24528301886792453,0.3018867924528302,0.2169811320754717,0.4811320754716981,0.1509433962264151,0,0.11428571428571428,0.21904761904761905,0.29523809523809524,0.23809523809523808,0.13333333333333333,7.315252525252526,2.7319104935965197,0,24.79043230195304
2023,00-0034970,26,4.038461538461538,2,15,10,3,13,6,0.07692307692307693,0.5769230769230769,0.38461538461538464,0.11538461538461539,0.5,0.23076923076923078,0,0.07692307692307693,0.07692307692307693,0.07692307692307693,0.4230769230769231,0.34615384615384615,0,0,0,0
2023,00-0034972,44,0.5454545454545454,1,42,20,9,15,11,0.022727272727272728,0.9545454545454546,0.45454545454545453,0.20454545454545456,0.3409090909090909,0.25,0,0.4186046511627907,0.046511627906976744,0.11627906976744186,0.20930232558139536,0.20930232558139536,0,0,0,0
2023,00-0034975,39,0.5897435897435898,2,34,16,7,16,2,0.05128205128205128,0.8717948717948718,0.41025641025641024,0.1794871794871795,0.41025641025641024,0.05128205128205128,0,0.47368421052631576,0.05263157894736842,0,0.3684210526315789,0.10526315789473684,0,0,0,0
2023,00-0034981,25,4.88,2,16,4,6,15,4,0.08,0.64,0.16,0.24,0.6,0.16,0,0.08,0.12,0.08,0.4,0.32,0,0,0,0
2023,00-0034983,37,5.594594594594595,3,15,15,12,10,5,0.08108108108108109,0.40540540540540543,0.40540540540540543,0.32432432432432434,0.2702702702702703,0.13513513513513514,0,0.21621621621621623,0.02702702702702703,0.32432432432432434,0.2702702702702703,0.16216216216216217,0,0,0,0
2023,00-0035045,8,12.125,2,2,2,3,3,2,0.25,0.25,0.25,0.375,0.375,0.25,0,0,0.14285714285714285,0.8571428571428571,0,0,0,0,0,0
2023,00-0035099,7,1.8333333333333333,0,5,4,0,2,2,0,0.7142857142857143,0.5714285714285714,0,0.2857142857142857,0.2857142857142857,0,0.2857142857142857,0,0,0.5714285714285714,0.14285714285714285,0,0,0,0
2023,00-0035100,1,-7,0,1,1,0,0,0,0,1,1,0,0,0,0,1,0,0,0,0,0,0,0,0
2023,00-0035120,13,7.461538461538462,3,8,5,1,7,2,0.23076923076923078,0.6153846153846154,0.38461538461538464,0.07692307692307693,0.5384615384615384,0.15384615384615385,0,0.07692307692307693,0.23076923076923078,0.3076923076923077,0.3076923076923077,0.07692307692307693,0,0,0,0
2023,00-0035125,16,1.875,1,12,6,1,9,3,0.0625,0.75,0.375,0.0625,0.5625,0.1875,0,0.26666666666666666,0.13333333333333333,0.13333333333333333,0.4,0.06666666666666667,0,0,0,0
2023,00-0035140,24,5.708333333333333,5,14,8,4,12,2,0.20833333333333334,0.5833333333333334,0.3333333333333333,0.16666666666666666,0.5,0.08333333333333333,0,0.43478260869565216,0.17391304347826086,0.21739130434782608,0.08695652173913043,0.08695652173913043,0,0,0,0
2023,00-0035164,1,6,0,0,1,0,0,0,0,0,1,0,0,0,0,0,0,0,0,1,0,0,0,0
2023,00-0035184,1,3,0,1,0,1,0,0,0,1,0,1,0,0,0,0,0,0,1,0,0,0,0,0
2023,00-0035208,20,10.35,4,6,9,2,9,3,0.2,0.3,0.45,0.1,0.45,0.15,0,0.10526315789473684,0.3157894736842105,0.21052631578947367,0.2631578947368421,0.10526315789473684,0,0,0,0
2023,00-0035215,21,10.80952380952381,7,12,11,4,6,3,0.3333333333333333,0.5714285714285714,0.5238095238095238,0.19047619047619047,0.2857142857142857,0.14285714285714285,0,0.2857142857142857,0.19047619047619047,0.14285714285714285,0.2857142857142857,0.09523809523809523,0,0,0,0
2023,00-0035216,87,12.71264367816092,33,18,39,13,35,10,0.3793103448275862,0.20689655172413793,0.4482758620689655,0.14942528735632185,0.40229885057471265,0.11494252873563218,0,0.06976744186046512,0.19767441860465115,0.1744186046511628,0.4186046511627907,0.13953488372093023,6.955529411764705,2.9033799106617955,0,29.82439758539814
2023,00-0035229,127,7.68503937007874,22,39,36,37,54,14,0.1732283464566929,0.30708661417322836,0.28346456692913385,0.29133858267716534,0.4251968503937008,0.11023622047244094,0,0.031746031746031744,0.1349206349206349,0.3253968253968254,0.3412698412698413,0.16666666666666666,5.983300970873788,3.0763958807720653,0,19.29177084579808
2023,00-0035243,41,0.5609756097560976,1,35,16,5,20,3,0.024390243902439025,0.8536585365853658,0.3902439024390244,0.12195121951219512,0.4878048780487805,0.07317073170731707,0,0.34146341463414637,0.04878048780487805,0.12195121951219512,0.4146341463414634,0.07317073170731707,0,0,0,0
2023,00-0035249,28,2.5714285714285716,2,23,11,3,14,5,0.07142857142857142,0.8214285714285714,0.39285714285714285,0.10714285714285714,0.5,0.17857142857142858,0,0.07142857142857142,0.07142857142857142,0.17857142857142858,0.5714285714285714,0.10714285714285714,0,0,0,0
2023,00-0035250,38,0.13157894736842105,2,33,14,4,20,4,0.05263157894736842,0.868421052631579,0.3684210526315789,0.10526315789473684,0.5263157894736842,0.10526315789473684,0,0.3783783783783784,0,0.08108108108108109,0.40540540540540543,0.13513513513513514,0,0,0,0
2023,00-0035259,3,4.333333333333333,0,2,3,0,0,0,0,0.6666666666666666,1,0,0,0,0,0,0.3333333333333333,0.3333333333333333,0,0.3333333333333333,0,0,0,0
2023,00-0035261,67,0.40298507462686567,1,60,21,15,31,12,0.014925373134328358,0.8955223880597015,0.31343283582089554,0.22388059701492538,0.4626865671641791,0.1791044776119403,0,0.36363636363636365,0.030303030303030304,0.15151515151515152,0.36363636363636365,0.09090909090909091,0,0,0,0
2023,00-0035291,9,-3.111111111111111,0,9,3,1,5,1,0,1,0.3333333333333333,0.1111111111111111,0.5555555555555556,0.1111111111111111,0,0.7777777777777778,0,0,0.2222222222222222,0,0,0,0,0
2023,00-0035298,16,12.1875,4,7,4,5,7,3,0.25,0.4375,0.25,0.3125,0.4375,0.1875,0,0.0625,0.375,0.375,0.0625,0.125,0,0,0,0
2023,00-0035329,41,7.463414634146342,5,12,10,16,15,10,0.12195121951219512,0.2926829268292683,0.24390243902439024,0.3902439024390244,0.36585365853658536,0.24390243902439024,0,0.04878048780487805,0.1951219512195122,0.3170731707317073,0.12195121951219512,0.3170731707317073,0,0,0,0
2023,00-0035341,32,10.53125,7,10,12,10,10,7,0.21875,0.3125,0.375,0.3125,0.3125,0.21875,0,0.03125,0.25,0.34375,0.125,0.25,0,0,0,0
2023,00-0035406,19,9.789473684210526,4,8,6,3,10,4,0.21052631578947367,0.42105263157894735,0.3157894736842105,0.15789473684210525,0.5263157894736842,0.21052631578947367,0,0.05263157894736842,0.10526315789473684,0.5263157894736842,0.2631578947368421,0.05263157894736842,0,0,0,0
2023,00-0035414,21,10.380952380952381,6,8,8,5,8,4,0.2857142857142857,0.38095238095238093,0.38095238095238093,0.23809523809523808,0.38095238095238093,0.19047619047619047,0,0.047619047619047616,0.19047619047619047,0.2857142857142857,0.19047619047619047,0.2857142857142857,0,0,0,0
2023,00-0035480,4,22.25,2,1,1,1,2,0,0.5,0.25,0.25,0.25,0.5,0,0,0.25,0.5,0,0,0.25,0,0,0,0
2023,00-0035500,41,9.341463414634147,8,18,10,8,23,3,0.1951219512195122,0.43902439024390244,0.24390243902439024,0.1951219512195122,0.5609756097560976,0.07317073170731707,0,0.025,0.275,0.275,0.225,0.2,0,0,0,0
2023,00-0035535,79,12.240506329113924,23,19,28,7,44,4,0.2911392405063291,0.24050632911392406,0.35443037974683544,0.08860759493670886,0.5569620253164557,0.05063291139240506,0,0.06578947368421052,0.2631578947368421,0.21052631578947367,0.11842105263157894,0.34210526315789475,6.545,2.867353654183732,0,27.502003965742727
2023,00-0035537,7,0.2857142857142857,0,6,3,2,2,2,0,0.8571428571428571,0.42857142857142855,0.2857142857142857,0.2857142857142857,0.2857142857142857,0,0.5714285714285714,0,0.14285714285714285,0.2857142857142857,0,0,0,0,0
2023,00-0035562,1,2,0,1,0,0,1,0,0,1,0,0,1,0,0,0,0,0,1,0,0,0,0,0
2023,00-0035567,5,-2.4,0,5,1,0,4,0,0,1,0.2,0,0.8,0,0,1,0,0,0,0,0,0,0,0
2023,00-0035593,1,26,1,0,0,0,1,0,1,0,0,0,1,0,0,0,0,1,0,0,0,0,0,0
2023,00-0035594,1,-5,0,1,1,0,0,0,0,1,1,0,0,0,0,1,0,0,0,0,0,0,0,0
2023,00-0035628,12,0.8333333333333334,0,9,5,0,7,0,0,0.75,0.4166666666666667,0,0.5833333333333334,0,0,0.5,0,0.16666666666666666,0.25,0.08333333333333333,0,0,0,0
2023,00-0035631,27,1.0740740740740742,2,22,7,5,15,3,0.07407407407407407,0.8148148148148148,0.25925925925925924,0.18518518518518517,0.5555555555555556,0.1111111111111111,0,0.2692307692307692,0.038461538461538464,0.19230769230769232,0.4230769230769231,0.07692307692307693,0,0,0,0
2023,00-0035639,27,3.3703703703703702,1,18,14,4,9,4,0.037037037037037035,0.6666666666666666,0.5185185185185185,0.14814814814814814,0.3333333333333333,0.14814814814814814,0,0.18518518518518517,0,0.2222222222222222,0.4444444444444444,0.14814814814814814,0,0,0,0
2023,00-0035640,119,12.84873949579832,37,13,70,20,29,23,0.31092436974789917,0.1092436974789916,0.5882352941176471,0.16806722689075632,0.24369747899159663,0.19327731092436976,0,0.02608695652173913,0.2956521739130435,0.3391304347826087,0.11304347826086956,0.22608695652173913,5.799243697478992,2.447393521119554,0,38.332814172391096
2023,00-0035643,1,2,0,1,0,0,1,1,0,1,0,0,1,1,0,0,0,0,1,0,0,0,0,0
2023,00-0035644,43,6.930232558139535,7,18,16,9,18,2,0.16279069767441862,0.4186046511627907,0.37209302325581395,0.20930232558139536,0.4186046511627907,0.046511627906976744,0,0.047619047619047616,0.14285714285714285,0.2619047619047619,0.42857142857142855,0.11904761904761904,0,0,0,0
2023,00-0035645,1,-1,0,1,0,0,1,0,0,1,0,0,1,0,0,0,1,0,0,0,0,0,0,0
2023,00-0035657,2,0,0,1,1,0,1,0,0,0.5,0.5,0,0.5,0,0,0.5,0,0,0,0.5,0,0,0,0
2023,00-0035659,132,11.469696969696969,43,40,49,23,60,10,0.32575757575757575,0.30303030303030304,0.3712121212121212,0.17424242424242425,0.45454545454545453,0.07575757575757576,0,0.09230769230769231,0.2230769230769231,0.34615384615384615,0.13846153846153847,0.2,5.750472440944881,2.6397086943460537,0,33.8909071314063
2023,00-0035662,104,11.742574257425742,31,30,44,17,40,12,0.2980769230769231,0.28846153846153844,0.4230769230769231,0.16346153846153846,0.38461538461538464,0.11538461538461539,0,0.058823529411764705,0.22549019607843138,0.39215686274509803,0.11764705882352941,0.20588235294117646,6.064591836734693,2.5148956893887444,0,30.485021361703634
2023,00-0035664,14,-0.6428571428571429,1,13,8,1,5,3,0.07142857142857142,0.9285714285714286,0.5714285714285714,0.07142857142857142,0.35714285714285715,0.21428571428571427,0,0.5714285714285714,0.07142857142857142,0.07142857142857142,0.2857142857142857,0,0,0,0,0
2023,00-0035676,158,11.727848101265822,42,33,63,16,79,18,0.26582278481012656,0.2088607594936709,0.3987341772151899,0.10126582278481013,0.5,0.11392405063291139,0,0.025806451612903226,0.23225806451612904,0.3225806451612903,0.16129032258064516,0.25806451612903225,6.579358974358975,2.436500003793638,0,41.787284590131115
2023,00-0035685,24,-0.7916666666666666,0,21,9,4,11,1,0,0.875,0.375,0.16666666666666666,0.4583333333333333,0.041666666666666664,0,0.5416666666666666,0,0.08333333333333333,0.20833333333333334,0.16666666666666666,0,0,0,0
2023,00-0035688,1,0,0,0,0,0,0,1,0,0,0,0,0,1,0,0,0,1,0,0,0,0,0,0
2023,00-0035689,37,7.027777777777778,8,19,13,9,14,10,0.21621621621621623,0.5135135135135135,0.35135135135135137,0.24324324324324326,0.3783783783783784,0.2702702702702703,0,0.02702702702702703,0.2702702702702703,0.2702702702702703,0.40540540540540543,0.02702702702702703,0,0,0,0
2023,00-0035700,54,0.7037037037037037,0,48,19,22,13,7,0,0.8888888888888888,0.35185185185185186,0.4074074074074074,0.24074074074074073,0.12962962962962962,0,0.32075471698113206,0.03773584905660377,0.20754716981132076,0.18867924528301888,0.24528301886792453,0,0,0,0
2023,00-0035703,5,4.75,0,2,2,0,2,1,0,0.4,0.4,0,0.4,0.2,0,0,0,0.2,0.4,0.4,0,0,0,0
2023,00-0035719,89,6.584269662921348,17,39,43,25,21,18,0.19101123595505617,0.43820224719101125,0.48314606741573035,0.2808988764044944,0.23595505617977527,0.20224719101123595,0,0.23595505617977527,0.11235955056179775,0.47191011235955055,0.0898876404494382,0.0898876404494382,6.773552631578947,3.6988329008754164,0,15.35368630799886
2023,00-0035726,2,3,0,2,1,0,1,0,0,1,0.5,0,0.5,0,0,0,0,0,1,0,0,0,0,0
2023,00-0035771,12,1,0,10,7,0,5,2,0,0.8333333333333334,0.5833333333333334,0,0.4166666666666667,0.16666666666666666,0,0.16666666666666666,0,0.16666666666666666,0.6666666666666666,0,0,0,0,0
2023,00-0035806,2,12,1,1,0,0,2,0,0.5,0.5,0,0,1,0,0,0.5,0.5,0,0,0,0,0,0,0
2023,00-0035831,1,-3,0,1,0,1,0,0,0,1,0,1,0,0,0,0,0,1,0,0,0,0,0,0
2023,00-0035860,10,-1.8,0,10,5,0,5,1,0,1,0.5,0,0.5,0.1,0,0.4,0,0,0.5,0.1,0,0,0,0
2023,00-0035934,5,4,0,3,2,1,1,3,0,0.6,0.4,0.2,0.2,0.6,0,0,0,0.4,0.4,0.2,0,0,0,0
2023,00-0035956,1,-1,0,1,0,0,1,0,0,1,0,0,1,0,0,0,0,0,1,0,0,0,0,0
2023,00-0035973,17,-0.47058823529411764,0,16,4,3,10,3,0,0.9411764705882353,0.23529411764705882,0.17647058823529413,0.5882352941176471,0.17647058823529413,0,0.3333333333333333,0.2,0,0.3333333333333333,0.13333333333333333,0,0,0,0
2023,00-0036020,23,0.6086956521739131,2,20,8,4,11,5,0.08695652173913043,0.8695652173913043,0.34782608695652173,0.17391304347826086,0.4782608695652174,0.21739130434782608,0,0.2857142857142857,0.19047619047619047,0.23809523809523808,0.23809523809523808,0.047619047619047616,0,0,0,0
2023,00-0036032,2,6.5,0,0,0,1,1,1,0,0,0,0.5,0.5,0.5,0,0,0,0.5,0.5,0,0,0,0,0
2023,00-0036040,59,7.52542372881356,12,23,16,16,27,8,0.2033898305084746,0.3898305084745763,0.2711864406779661,0.2711864406779661,0.4576271186440678,0.13559322033898305,0,0.03508771929824561,0.17543859649122806,0.2807017543859649,0.3333333333333333,0.17543859649122806,4.9534,2.802762570983399,0,9.377099763506997
2023,00-0036124,1,22,1,0,0,0,1,0,1,0,0,0,1,0,0,0,0,0,0,0,0,0,0,0
2023,00-0036132,1,-2,0,1,0,1,0,0,0,1,0,1,0,0,0,0,0,0,0,1,0,0,0,0
2023,00-0036133,5,17.2,2,2,3,0,2,0,0.4,0.4,0.6,0,0.4,0,0,0,0.2,0.4,0.2,0.2,0,0,0,0
2023,00-0036139,22,-0.5,1,21,5,4,13,4,0.045454545454545456,0.9545454545454546,0.22727272727272727,0.18181818181818182,0.5909090909090909,0.18181818181818182,0,0.4090909090909091,0.045454545454545456,0.045454545454545456,0.36363636363636365,0.13636363636363635,0,0,0,0
2023,00-0036145,5,4.2,0,3,0,1,4,2,0,0.6,0,0.2,0.8,0.4,0,0,0.2,0,0.4,0.4,0,0,0,0
2023,00-0036158,3,1,0,3,0,1,2,1,0,1,0,0.3333333333333333,0.6666666666666666,0.3333333333333333,0,0.3333333333333333,0,0,0.3333333333333333,0.3333333333333333,0,0,0,0
2023,00-0036165,33,8.151515151515152,4,8,13,10,10,5,0.12121212121212122,0.24242424242424243,0.3939393939393939,0.30303030303030304,0.30303030303030304,0.15151515151515152,0,0,0.1875,0.34375,0.15625,0.3125,0,0,0,0
2023,00-0036176,1,-2,0,1,0,0,1,0,0,1,0,0,1,0,0,1,0,0,0,0,0,0,0,0
2023,00-0036182,46,12.266666666666667,13,10,16,9,20,7,0.2826086956521739,0.21739130434782608,0.34782608695652173,0.1956521739130435,0.43478260869565216,0.15217391304347827,0,0,0.32608695652173914,0.2826086956521739,0.32608695652173914,0.06521739130434782,6.747,2.9041093336940706,0,12.491322965967994
2023,00-0036187,1,1,0,1,0,0,1,0,0,1,0,0,1,0,0,0,0,0,1,0,0,0,0,0
2023,00-0036196,82,15.098765432098766,38,11,33,11,37,13,0.4634146341463415,0.13414634146341464,0.4024390243902439,0.13414634146341464,0.45121951219512196,0.15853658536585366,0,0.012195121951219513,0.3170731707317073,0.2682926829268293,0.23170731707317074,0.17073170731707318,6.501518987341774,2.8100075784507923,0,26.057095997129835
2023,00-0036223,23,-0.9130434782608695,1,21,10,3,10,4,0.043478260869565216,0.9130434782608695,0.43478260869565216,0.13043478260869565,0.43478260869565216,0.17391304347826086,0,0.4782608695652174,0.043478260869565216,0.13043478260869565,0.2608695652173913,0.08695652173913043,0,0,0,0
2023,00-0036232,20,4.05,1,14,8,2,10,5,0.05,0.7,0.4,0.1,0.5,0.25,0,0,0.15,0.05,0.5,0.3,0,0,0,0
2023,00-0036233,25,10.92,8,5,6,7,12,1,0.32,0.2,0.24,0.28,0.48,0.04,0,0,0.24,0.48,0.12,0.16,0,0,0,0
2023,00-0036244,34,6.411764705882353,6,17,12,6,16,8,0.17647058823529413,0.5,0.35294117647058826,0.17647058823529413,0.47058823529411764,0.23529411764705882,0,0.06060606060606061,0.2727272727272727,0.09090909090909091,0.45454545454545453,0.12121212121212122,0,0,0,0
2023,00-0036251,39,-0.3783783783783784,0,36,11,11,15,9,0,0.9230769230769231,0.28205128205128205,0.28205128205128205,0.38461538461538464,0.23076923076923078,0,0.358974358974359,0.05128205128205128,0.10256410256410256,0.3076923076923077,0.1794871794871795,0,0,0,0
2023,00-0036252,158,7.865384615384615,27,61,70,27,59,22,0.17088607594936708,0.3860759493670886,0.4430379746835443,0.17088607594936708,0.37341772151898733,0.13924050632911392,0,0.1337579617834395,0.14012738853503184,0.36942675159235666,0.1592356687898089,0.19745222929936307,6.778235294117646,2.940494004551059,0,30.054885329299825
2023,00-0036254,1,7,0,0,0,0,1,0,0,0,0,0,1,0,0,0,0,1,0,0,0,0,0,0
2023,00-0036259,33,10.303030303030303,8,8,14,9,10,2,0.24242424242424243,0.24242424242424243,0.42424242424242425,0.2727272727272727,0.30303030303030304,0.06060606060606061,0,0.06451612903225806,0.3225806451612903,0.25806451612903225,0.25806451612903225,0.0967741935483871,0,0,0,0
2023,00-0036261,105,13.971428571428572,42,12,44,26,35,10,0.4,0.11428571428571428,0.41904761904761906,0.24761904761904763,0.3333333333333333,0.09523809523809523,0,0.029411764705882353,0.28431372549019607,0.4019607843137255,0.24509803921568626,0.0392156862745098,5.748058252427185,2.895383651341387,0,37.60166321011752
2023,00-0036265,28,0.03571428571428571,0,25,15,8,5,1,0,0.8928571428571429,0.5357142857142857,0.2857142857142857,0.17857142857142858,0.03571428571428571,0,0.2962962962962963,0,0.07407407407407407,0.4444444444444444,0.18518518518518517,0,0,0,0
2023,00-0036268,10,-2.5,0,9,1,1,8,0,0,0.9,0.1,0.1,0.8,0,0,0.6666666666666666,0,0.2222222222222222,0.1111111111111111,0,0,0,0,0
2023,00-0036269,5,0.4,0,5,3,0,2,0,0,1,0.6,0,0.4,0,0,0.2,0.2,0,0.6,0,0,0,0,0
2023,00-0036271,21,11.666666666666666,6,6,9,0,12,3,0.2857142857142857,0.2857142857142857,0.42857142857142855,0,0.5714285714285714,0.14285714285714285,0,0.14285714285714285,0.2857142857142857,0.23809523809523808,0.2857142857142857,0.047619047619047616,0,0,0,0
2023,00-0036275,49,0.5510204081632653,2,41,24,8,17,5,0.04081632653061224,0.8367346938775511,0.4897959183673469,0.16326530612244897,0.3469387755102041,0.10204081632653061,0,0.4791666666666667,0.041666666666666664,0.1875,0.25,0.041666666666666664,0,0,0,0
2023,00-0036290,90,6.188888888888889,13,47,32,19,39,15,0.14444444444444443,0.5222222222222223,0.35555555555555557,0.2111111111111111,0.43333333333333335,0.16666666666666666,0,0.12359550561797752,0.12359550561797752,0.19101123595505617,0.2808988764044944,0.2808988764044944,6.725428571428573,4.0935738951342,0,15.235431309734421
2023,00-0036297,12,-1.1666666666666667,0,11,3,1,8,2,0,0.9166666666666666,0.25,0.08333333333333333,0.6666666666666666,0.16666666666666666,0,0.4166666666666667,0.08333333333333333,0,0.16666666666666666,0.3333333333333333,0,0,0,0
2023,00-0036309,61,10.327868852459016,17,21,26,10,25,8,0.2786885245901639,0.3442622950819672,0.4262295081967213,0.16393442622950818,0.4098360655737705,0.13114754098360656,0,0.14754098360655737,0.18032786885245902,0.29508196721311475,0.32786885245901637,0.04918032786885246,5.909999999999999,3.0754228055485706,0,17.174824283186968
2023,00-0036322,100,12.58,39,22,47,20,33,11,0.39,0.22,0.47,0.2,0.33,0.11,0,0.09090909090909091,0.26262626262626265,0.30303030303030304,0.20202020202020202,0.1414141414141414,6.570744680851064,2.7057248300904826,0,26.29071908267781
2023,00-0036326,21,10.952380952380953,9,7,7,3,11,2,0.42857142857142855,0.3333333333333333,0.3333333333333333,0.14285714285714285,0.5238095238095238,0.09523809523809523,0,0.2,0.3,0.2,0.15,0.15,0,0,0,0
2023,00-0036328,59,-0.03389830508474576,4,51,25,3,31,5,0.06779661016949153,0.864406779661017,0.423728813559322,0.05084745762711865,0.5254237288135594,0.0847457627118644,0,0.3898305084745763,0.06779661016949153,0.03389830508474576,0.4576271186440678,0.05084745762711865,0,0,0,0
2023,00-0036331,9,9,3,4,2,2,5,1,0.3333333333333333,0.4444444444444444,0.2222222222222222,0.2222222222222222,0.5555555555555556,0.1111111111111111,0,0.4444444444444444,0.2222222222222222,0.1111111111111111,0.2222222222222222,0,0,0,0,0
2023,00-0036332,8,3.25,0,5,3,0,5,0,0,0.625,0.375,0,0.625,0,0,0.125,0,0,0.625,0.25,0,0,0,0
2023,00-0036336,2,2,0,1,1,0,1,2,0,0.5,0.5,0,0.5,1,0,0.5,0.5,0,0,0,0,0,0,0
2023,00-0036345,75,8.786666666666667,15,24,32,17,26,11,0.2,0.32,0.4266666666666667,0.22666666666666666,0.3466666666666667,0.14666666666666667,0,0.13333333333333333,0.08,0.44,0.12,0.22666666666666666,5.884931506849315,3.273960466134413,0,14.168361873691854
2023,00-0036355,1,-7,0,1,0,1,0,0,0,1,0,1,0,0,0,0,0,0,0,0,0,0,0,0
2023,00-0036358,182,9.513812154696133,44,58,64,35,82,33,0.24175824175824176,0.31868131868131866,0.3516483516483517,0.19230769230769232,0.45054945054945056,0.1813186813186813,0,0.08379888268156424,0.22905027932960895,0.3016759776536313,0.24022346368715083,0.1452513966480447,5.5458181818181815,2.710044245469009,0,36.502877453240075
2023,00-0036360,22,-2.4545454545454546,0,20,11,2,9,5,0,0.9090909090909091,0.5,0.09090909090909091,0.4090909090909091,0.22727272727272727,0,0.6818181818181818,0.09090909090909091,0,0.18181818181818182,0.045454545454545456,0,0,0,0
2023,00-0036364,16,5,2,8,6,4,6,0,0.125,0.5,0.375,0.25,0.375,0,0,0.3125,0.125,0.0625,0.1875,0.3125,0,0,0,0
2023,00-0036370,12,1.25,1,10,2,1,9,1,0.08333333333333333,0.8333333333333334,0.16666666666666666,0.08333333333333333,0.75,0.08333333333333333,0,0.3333333333333333,0.08333333333333333,0,0.5,0.08333333333333333,0,0,0,0
2023,00-0036387,23,15.608695652173912,8,3,13,2,8,1,0.34782608695652173,0.13043478260869565,0.5652173913043478,0.08695652173913043,0.34782608695652173,0.043478260869565216,0,0,0.391304347826087,0.4782608695652174,0.13043478260869565,0,0,0,0,0
2023,00-0036407,87,12.74712643678161,31,22,37,18,32,11,0.3563218390804598,0.25287356321839083,0.42528735632183906,0.20689655172413793,0.367816091954023,0.12643678160919541,0,0.12643678160919541,0.27586206896551724,0.26436781609195403,0.19540229885057472,0.13793103448275862,7.224875,3.6293528534451753,0,30.843819185606584
2023,00-0036410,76,12.802631578947368,21,8,30,14,32,12,0.27631578947368424,0.10526315789473684,0.39473684210526316,0.18421052631578946,0.42105263157894735,0.15789473684210525,0,0.013157894736842105,0.25,0.32894736842105265,0.18421052631578946,0.2236842105263158,5.940675675675675,2.3280172055338837,0,26.526298393201763
2023,00-0036414,12,-1.0833333333333333,0,12,6,1,5,2,0,1,0.5,0.08333333333333333,0.4166666666666667,0.16666666666666666,0,0.4166666666666667,0,0,0.3333333333333333,0.25,0,0,0,0
2023,00-0036415,43,15.953488372093023,16,5,13,15,15,1,0.37209302325581395,0.11627906976744186,0.3023255813953488,0.3488372093023256,0.3488372093023256,0.023255813953488372,0,0.024390243902439025,0.3170731707317073,0.3170731707317073,0.12195121951219512,0.21951219512195122,0,0,0,0
2023,00-0036422,35,6.457142857142857,4,16,9,6,20,13,0.11428571428571428,0.45714285714285713,0.2571428571428571,0.17142857142857143,0.5714285714285714,0.37142857142857144,0,0.029411764705882353,0.20588235294117646,0.14705882352941177,0.4117647058823529,0.20588235294117646,0,0,0,0
2023,00-0036423,1,10,0,0,0,0,1,0,0,0,0,0,1,0,0,0,0,0,0,1,0,0,0,0
2023,00-0036424,7,9.428571428571429,2,3,3,1,3,1,0.2857142857142857,0.42857142857142855,0.42857142857142855,0.14285714285714285,0.42857142857142855,0.14285714285714285,0,0,0.14285714285714285,0.2857142857142857,0.5714285714285714,0,0,0,0,0
2023,00-0036425,9,-1.6666666666666667,0,7,4,3,2,0,0,0.7777777777777778,0.4444444444444444,0.3333333333333333,0.2222222222222222,0,0,0.3333333333333333,0,0.2222222222222222,0.1111111111111111,0.3333333333333333,0,0,0,0
2023,00-0036427,3,5.333333333333333,0,1,1,0,2,1,0,0.3333333333333333,0.3333333333333333,0,0.6666666666666666,0.3333333333333333,0,0,0.3333333333333333,0,0.3333333333333333,0.3333333333333333,0,0,0,0
2023,00-0036429,3,4,0,2,1,2,0,1,0,0.6666666666666666,0.3333333333333333,0.6666666666666666,0,0.3333333333333333,0,0,0,0.3333333333333333,0.3333333333333333,0.3333333333333333,0,0,0,0
2023,00-0036438,24,10.625,5,4,10,2,12,0,0.20833333333333334,0.16666666666666666,0.4166666666666667,0.08333333333333333,0.5,0,0,0,0.20833333333333334,0.20833333333333334,0.4166666666666667,0.16666666666666666,0,0,0,0
2023,00-0036450,5,-0.4,0,5,3,1,1,1,0,1,0.6,0.2,0.2,0.2,0,0,0,0.25,0.75,0,0,0,0,0
2023,00-0036482,3,24.333333333333332,3,0,2,0,1,0,1,0,0.6666666666666666,0,0.3333333333333333,0,0,0,0.6666666666666666,0,0.3333333333333333,0,0,0,0,0
2023,00-0036493,6,-1,0,6,1,2,3,0,0,1,0.16666666666666666,0.3333333333333333,0.5,0,0,0.4,0,0.2,0.2,0.2,0,0,0,0
2023,00-0036497,19,8.444444444444445,2,5,8,3,7,1,0.10526315789473684,0.2631578947368421,0.42105263157894735,0.15789473684210525,0.3684210526315789,0.05263157894736842,0,0.05555555555555555,0.1111111111111111,0.2777777777777778,0.2222222222222222,0.3333333333333333,0,0,0,0
2023,00-0036504,1,10,0,0,1,0,0,0,0,0,1,0,0,0,0,0,0,0,1,0,0,0,0,0
2023,00-0036510,4,4.75,0,1,0,2,2,0,0,0.25,0,0.5,0.5,0,0,0,0,0.25,0.25,0.5,0,0,0,0
2023,00-0036550,56,14.482142857142858,15,8,26,9,21,3,0.26785714285714285,0.14285714285714285,0.4642857142857143,0.16071428571428573,0.375,0.05357142857142857,0,0,0.25,0.42857142857142855,0.16071428571428573,0.16071428571428573,5.542727272727273,2.5042399791084753,0,19.491411521195666
2023,00-0036554,110,10.880733944954128,30,32,37,31,41,17,0.2727272727272727,0.2909090909090909,0.33636363636363636,0.2818181818181818,0.37272727272727274,0.15454545454545454,0,0.15454545454545454,0.24545454545454545,0.2727272727272727,0.17272727272727273,0.15454545454545454,5.8057943925233655,3.0195786656265766,0,24.06176480464916
2023,00-0036555,44,-0.7727272727272727,0,43,20,4,20,1,0,0.9772727272727273,0.45454545454545453,0.09090909090909091,0.45454545454545453,0.022727272727272728,0,0.27906976744186046,0.046511627906976744,0,0.4883720930232558,0.18604651162790697,0,0,0,0
2023,00-0036556,21,5.476190476190476,2,9,7,7,7,2,0.09523809523809523,0.42857142857142855,0.3333333333333333,0.3333333333333333,0.3333333333333333,0.09523809523809523,0,0.14285714285714285,0.047619047619047616,0.3333333333333333,0.3333333333333333,0.14285714285714285,0,0,0,0
2023,00-0036567,8,-2.75,0,8,1,2,5,2,0,1,0.125,0.25,0.625,0.25,0,0.625,0,0.125,0,0.25,0,0,0,0
2023,00-0036569,7,-0.8571428571428571,0,6,4,1,2,0,0,0.8571428571428571,0.5714285714285714,0.14285714285714285,0.2857142857142857,0,0,0.42857142857142855,0,0,0.5714285714285714,0,0,0,0,0
2023,00-0036590,3,11,1,0,1,1,1,2,0.3333333333333333,0,0.3333333333333333,0.3333333333333333,0.3333333333333333,0.6666666666666666,0,0,0.3333333333333333,0.3333333333333333,0.3333333333333333,0,0,0,0,0
2023,00-0036613,104,10.10576923076923,25,29,40,28,36,9,0.2403846153846154,0.27884615384615385,0.38461538461538464,0.2692307692307692,0.34615384615384615,0.08653846153846154,0,0.15384615384615385,0.23076923076923078,0.4230769230769231,0.125,0.0673076923076923,6.708163265306122,3.422396920632551,0,24.382411472531697
2023,00-0036620,1,17,1,0,0,0,1,0,1,0,0,0,1,0,0,0,0,1,0,0,0,0,0,0
2023,00-0036626,23,16.82608695652174,11,4,3,6,14,2,0.4782608695652174,0.17391304347826086,0.13043478260869565,0.2608695652173913,0.6086956521739131,0.08695652173913043,0,0.08695652173913043,0.43478260869565216,0.21739130434782608,0.08695652173913043,0.17391304347826086,0,0,0,0
2023,00-0036628,28,6.25,5,15,8,9,11,3,0.17857142857142858,0.5357142857142857,0.2857142857142857,0.32142857142857145,0.39285714285714285,0.10714285714285714,0,0.11538461538461539,0.11538461538461539,0.15384615384615385,0.38461538461538464,0.23076923076923078,0,0,0,0
2023,00-0036630,2,11.5,0,0,1,0,1,0,0,0,0.5,0,0.5,0,0,0,0,0.5,0,0.5,0,0,0,0
2023,00-0036635,10,0.9,0,7,3,2,5,0,0,0.7,0.3,0.2,0.5,0,0,0.5,0,0.2,0.3,0,0,0,0,0
2023,00-0036637,41,6.585365853658536,7,20,18,5,18,3,0.17073170731707318,0.4878048780487805,0.43902439024390244,0.12195121951219512,0.43902439024390244,0.07317073170731707,0,0.025,0.125,0.2,0.35,0.3,0,0,0,0
2023,00-0036646,2,9,1,1,1,0,1,1,0.5,0.5,0.5,0,0.5,0.5,0,0,0,0.5,0,0.5,0,0,0,0
2023,00-0036727,3,3.6666666666666665,0,1,2,0,1,0,0,0.3333333333333333,0.6666666666666666,0,0.3333333333333333,0,0,0.3333333333333333,0,0,0.6666666666666666,0,0,0,0,0
2023,00-0036741,8,3.125,0,5,2,1,5,2,0,0.625,0.25,0.125,0.625,0.25,0,0,0,0.125,0.75,0.125,0,0,0,0
2023,00-0036754,14,2.857142857142857,1,9,4,4,6,1,0.07142857142857142,0.6428571428571429,0.2857142857142857,0.2857142857142857,0.42857142857142855,0.07142857142857142,0,0,0.14285714285714285,0.14285714285714285,0.5714285714285714,0.14285714285714285,0,0,0,0
2023,00-0036841,7,3.5714285714285716,1,5,5,0,2,0,0.14285714285714285,0.7142857142857143,0.7142857142857143,0,0.2857142857142857,0,0,0.3333333333333333,0.16666666666666666,0.16666666666666666,0.16666666666666666,0.16666666666666666,0,0,0,0
2023,00-0036849,68,11.447761194029852,24,20,36,11,20,6,0.35294117647058826,0.29411764705882354,0.5294117647058824,0.16176470588235295,0.29411764705882354,0.08823529411764706,0,0.07575757575757576,0.24242424242424243,0.25757575757575757,0.2727272727272727,0.15151515151515152,6.6187499999999995,2.612631787522305,0,17.511751641267896
2023,00-0036857,1,-1,0,1,0,0,1,0,0,1,0,0,1,0,0,0,0,0,1,0,0,0,0,0
2023,00-0036860,1,0,0,1,0,0,1,0,0,1,0,0,1,0,0,0,0,0,1,0,0,0,0,0
2023,00-0036862,12,7.333333333333333,4,6,4,3,5,3,0.3333333333333333,0.5,0.3333333333333333,0.25,0.4166666666666667,0.25,0,0.25,0.08333333333333333,0.5833333333333334,0.08333333333333333,0,0,0,0,0
2023,00-0036875,51,0.2549019607843137,1,44,17,15,19,4,0.0196078431372549,0.8627450980392157,0.3333333333333333,0.29411764705882354,0.37254901960784315,0.0784313725490196,0,0.4117647058823529,0.0392156862745098,0.19607843137254902,0.2549019607843137,0.09803921568627451,0,0,0,0
2023,00-0036876,50,8.04,11,22,17,15,18,6,0.22,0.44,0.34,0.3,0.36,0.12,0,0.04,0.24,0.18,0.34,0.2,6.391794871794872,3.503700410756128,0,9.73953178461217
2023,00-0036887,15,4.733333333333333,1,10,8,1,6,1,0.06666666666666667,0.6666666666666666,0.5333333333333333,0.06666666666666667,0.4,0.06666666666666667,0,0.06666666666666667,0.06666666666666667,0.06666666666666667,0.6666666666666666,0.13333333333333333,0,0,0,0
2023,00-0036893,38,0.23684210526315788,1,33,14,6,18,3,0.02631578947368421,0.868421052631579,0.3684210526315789,0.15789473684210525,0.47368421052631576,0.07894736842105263,0,0.2894736842105263,0.02631578947368421,0.05263157894736842,0.5,0.13157894736842105,0,0,0,0
2023,00-0036894,48,6.617021276595745,7,17,14,18,15,7,0.14583333333333334,0.3541666666666667,0.2916666666666667,0.375,0.3125,0.14583333333333334,0,0.06382978723404255,0.1702127659574468,0.0851063829787234,0.2553191489361702,0.425531914893617,7.044166666666666,2.954802799154321,0,8.715855848928095
2023,00-0036900,145,8.648275862068965,34,55,59,20,66,21,0.23448275862068965,0.3793103448275862,0.4068965517241379,0.13793103448275862,0.45517241379310347,0.14482758620689656,0,0.2013888888888889,0.2013888888888889,0.2361111111111111,0.2638888888888889,0.09722222222222222,5.9384732824427475,3.1961065643824584,0,33.24457025877235
2023,00-0036906,31,0.5483870967741935,0,27,15,5,11,4,0,0.8709677419354839,0.4838709677419355,0.16129032258064516,0.3548387096774194,0.12903225806451613,0,0.45161290322580644,0.06451612903225806,0.06451612903225806,0.25806451612903225,0.16129032258064516,0,0,0,0
2023,00-0036912,113,12.053571428571429,35,25,47,12,53,7,0.30973451327433627,0.22123893805309736,0.415929203539823,0.10619469026548672,0.4690265486725664,0.061946902654867256,0,0.13392857142857142,0.21428571428571427,0.24107142857142858,0.15178571428571427,0.25892857142857145,6.725047619047618,2.8183215114185023,0,30.350682153913766
2023,00-0036913,38,2.9473684210526314,2,23,12,12,14,5,0.05263157894736842,0.6052631578947368,0.3157894736842105,0.3157894736842105,0.3684210526315789,0.13157894736842105,0,0.21052631578947367,0.05263157894736842,0.3684210526315789,0.2631578947368421,0.10526315789473684,0,0,0,0
2023,00-0036919,37,1.9189189189189189,1,29,19,6,12,0,0.02702702702702703,0.7837837837837838,0.5135135135135135,0.16216216216216217,0.32432432432432434,0,0,0.24324324324324326,0.05405405405405406,0.02702702702702703,0.4864864864864865,0.1891891891891892,0,0,0,0
2023,00-0036924,31,1.096774193548387,0,29,14,11,6,5,0,0.9354838709677419,0.45161290322580644,0.3548387096774194,0.1935483870967742,0.16129032258064516,0,0.06451612903225806,0,0.22580645161290322,0.41935483870967744,0.2903225806451613,0,0,0,0
2023,00-0036936,63,5.193548387096774,8,40,22,15,25,6,0.12698412698412698,0.6349206349206349,0.3492063492063492,0.23809523809523808,0.3968253968253968,0.09523809523809523,0,0.2786885245901639,0.13114754098360656,0.32786885245901637,0.14754098360655737,0.11475409836065574,7.297755102040817,4.4956080947627575,0,7.9904731127526425
2023,00-0036955,33,7.212121212121212,3,10,15,9,9,3,0.09090909090909091,0.30303030303030304,0.45454545454545453,0.2727272727272727,0.2727272727272727,0.09090909090909091,0,0.15151515151515152,0.09090909090909091,0.3333333333333333,0.15151515151515152,0.2727272727272727,0,0,0,0
2023,00-0036963,165,7.75,27,50,66,38,60,26,0.16363636363636364,0.30303030303030304,0.4,0.23030303030303031,0.36363636363636365,0.15757575757575756,0,0.12195121951219512,0.08536585365853659,0.36585365853658536,0.2865853658536585,0.1402439024390244,6.702364864864865,3.2143896515204062,0,31.26979621107991
2023,00-0036970,90,11.433333333333334,28,16,33,28,29,5,0.3111111111111111,0.17777777777777778,0.36666666666666664,0.3111111111111111,0.32222222222222224,0.05555555555555555,0,0,0.23595505617977527,0.29213483146067415,0.29213483146067415,0.1797752808988764,6.277875000000001,2.374324590543921,0,24.75524173107463
2023,00-0036973,73,-0.9178082191780822,2,70,21,14,38,2,0.0273972602739726,0.958904109589041,0.2876712328767123,0.1917808219178082,0.5205479452054794,0.0273972602739726,0,0.4722222222222222,0.027777777777777776,0.05555555555555555,0.2638888888888889,0.18055555555555555,0,0,0,0
2023,00-0036980,104,11.10576923076923,31,31,49,9,46,14,0.2980769230769231,0.2980769230769231,0.47115384615384615,0.08653846153846154,0.4423076923076923,0.1346153846153846,0,0.09900990099009901,0.16831683168316833,0.2376237623762376,0.24752475247524752,0.24752475247524752,7.149148936170213,3.6944083650887194,0,22.355803020600685
2023,00-0036982,1,0,0,0,0,0,0,1,0,0,0,0,0,1,0,0,0,0,1,0,0,0,0,0
2023,00-0036984,6,1.8333333333333333,0,6,4,2,0,0,0,1,0.6666666666666666,0.3333333333333333,0,0,0,0.16666666666666666,0,0.16666666666666666,0.5,0.16666666666666666,0,0,0,0
2023,00-0036988,61,11.360655737704919,20,18,31,4,26,9,0.32786885245901637,0.29508196721311475,0.5081967213114754,0.06557377049180328,0.4262295081967213,0.14754098360655737,0,0.08333333333333333,0.2833333333333333,0.26666666666666666,0.15,0.21666666666666667,6.777894736842107,2.610418173436483,0,14.76099418270261
2023,00-0036991,2,15,1,0,0,1,1,0,0.5,0,0,0.5,0.5,0,0,0,0,0.5,0,0.5,0,0,0,0
2023,00-0036997,59,-1.706896551724138,0,56,24,14,20,5,0,0.9491525423728814,0.4067796610169492,0.23728813559322035,0.3389830508474576,0.0847457627118644,0,0.4827586206896552,0.017241379310344827,0.06896551724137931,0.25862068965517243,0.1724137931034483,0,0,0,0
2023,00-0037005,32,6.375,7,20,9,6,17,4,0.21875,0.625,0.28125,0.1875,0.53125,0.125,0,0.0625,0.15625,0.09375,0.4375,0.25,0,0,0,0
2023,00-0037077,1,1,0,1,1,0,0,1,0,1,1,0,0,1,0,1,0,0,0,0,0,0,0,0
2023,00-0037078,15,6.8,2,6,4,6,5,4,0.13333333333333333,0.4,0.26666666666666666,0.4,0.3333333333333333,0.26666666666666666,0,0.06666666666666667,0.06666666666666667,0.3333333333333333,0.26666666666666666,0.26666666666666666,0,0,0,0
2023,00-0037086,4,1.75,0,4,2,0,2,1,0,1,0.5,0,0.5,0.25,0,0,0,0.25,0.75,0,0,0,0,0
2023,00-0037091,24,11.125,7,5,11,7,6,4,0.2916666666666667,0.20833333333333334,0.4583333333333333,0.2916666666666667,0.25,0.16666666666666666,0,0.041666666666666664,0.125,0.20833333333333334,0.25,0.375,0,0,0,0
2023,00-0037098,19,17.555555555555557,9,5,8,5,5,3,0.47368421052631576,0.2631578947368421,0.42105263157894735,0.2631578947368421,0.2631578947368421,0.15789473684210525,0,0.05555555555555555,0.3333333333333333,0.1111111111111111,0.2777777777777778,0.2222222222222222,0,0,0,0
2023,00-0037120,9,-0.4444444444444444,0,8,4,1,4,3,0,0.8888888888888888,0.4444444444444444,0.1111111111111111,0.4444444444444444,0.3333333333333333,0,0.6666666666666666,0.1111111111111111,0,0.2222222222222222,0,0,0,0,0
2023,00-0037132,6,8.666666666666666,2,2,4,1,1,1,0.3333333333333333,0.3333333333333333,0.6666666666666666,0.16666666666666666,0.16666666666666666,0.16666666666666666,0,0.3333333333333333,0.3333333333333333,0.16666666666666666,0.16666666666666666,0,0,0,0,0
2023,00-0037156,1,4,0,1,0,0,1,0,0,1,0,0,1,0,0,0,0,1,0,0,0,0,0,0
2023,00-0037157,1,-5,0,1,1,0,0,0,0,1,1,0,0,0,0,1,0,0,0,0,0,0,0,0
2023,00-0037197,49,-2.306122448979592,0,45,26,2,21,9,0,0.9183673469387755,0.5306122448979592,0.04081632653061224,0.42857142857142855,0.1836734693877551,0,0.6122448979591837,0,0.02040816326530612,0.2857142857142857,0.08163265306122448,0,0,0,0
2023,00-0037216,11,10.636363636363637,3,1,7,0,4,1,0.2727272727272727,0.09090909090909091,0.6363636363636364,0,0.36363636363636365,0.09090909090909091,0,0,0.18181818181818182,0.09090909090909091,0.18181818181818182,0.5454545454545454,0,0,0,0
2023,00-0037228,74,-1.554054054054054,0,70,28,11,35,5,0,0.9459459459459459,0.3783783783783784,0.14864864864864866,0.47297297297297297,0.06756756756756757,0,0.6081081081081081,0,0.05405405405405406,0.28378378378378377,0.05405405405405406,0,0,0,0
2023,00-0037238,112,11.49090909090909,34,20,63,14,33,18,0.30357142857142855,0.17857142857142858,0.5625,0.125,0.29464285714285715,0.16071428571428573,0,0.07207207207207207,0.21621621621621623,0.26126126126126126,0.23423423423423423,0.21621621621621623,6.327870370370371,2.2239363759101027,0,30.04105932580059
2023,00-0037239,139,13.289855072463768,48,35,48,21,69,13,0.34532374100719426,0.2517985611510791,0.34532374100719426,0.1510791366906475,0.49640287769784175,0.09352517985611511,0,0.07194244604316546,0.2589928057553957,0.2805755395683453,0.2014388489208633,0.18705035971223022,6.290930232558139,2.9562174364804776,0,37.148077098748516
2023,00-0037240,42,15.833333333333334,15,8,20,10,12,4,0.35714285714285715,0.19047619047619047,0.47619047619047616,0.23809523809523808,0.2857142857142857,0.09523809523809523,0,0.14634146341463414,0.3170731707317073,0.2682926829268293,0.12195121951219512,0.14634146341463414,0,0,0,0
2023,00-0037247,106,13.471698113207546,37,18,51,15,40,8,0.3490566037735849,0.16981132075471697,0.4811320754716981,0.14150943396226415,0.37735849056603776,0.07547169811320754,0,0.02857142857142857,0.3238095238095238,0.29523809523809524,0.11428571428571428,0.23809523809523808,5.0578095238095235,2.270821970280402,0,38.39799185978172
2023,00-0037248,54,2.537037037037037,7,43,25,8,21,6,0.12962962962962962,0.7962962962962963,0.46296296296296297,0.14814814814814814,0.3888888888888889,0.1111111111111111,0,0.3148148148148148,0.16666666666666666,0.018518518518518517,0.2962962962962963,0.2037037037037037,0,0,0,0
2023,00-0037252,4,5.75,0,2,2,1,1,0,0,0.5,0.5,0.25,0.25,0,0,0,0,0,0.75,0.25,0,0,0,0
2023,00-0037256,70,-0.4714285714285714,1,62,22,15,33,8,0.014285714285714285,0.8857142857142857,0.3142857142857143,0.21428571428571427,0.4714285714285714,0.11428571428571428,0,0.32857142857142857,0.04285714285714286,0.11428571428571428,0.37142857142857144,0.14285714285714285,0,0,0,0
2023,00-0037257,23,6.173913043478261,2,12,9,3,11,2,0.08695652173913043,0.5217391304347826,0.391304347826087,0.13043478260869565,0.4782608695652174,0.08695652173913043,0,0.08695652173913043,0.08695652173913043,0.17391304347826086,0.30434782608695654,0.34782608695652173,0,0,0,0
2023,00-0037258,17,0.8235294117647058,0,15,6,7,4,1,0,0.8823529411764706,0.35294117647058826,0.4117647058823529,0.23529411764705882,0.058823529411764705,0,0.29411764705882354,0,0.23529411764705882,0.17647058823529413,0.29411764705882354,0,0,0,0
2023,00-0037261,46,8.933333333333334,11,16,12,10,23,3,0.2391304347826087,0.34782608695652173,0.2608695652173913,0.21739130434782608,0.5,0.06521739130434782,0,0.13043478260869565,0.17391304347826086,0.3695652173913043,0.21739130434782608,0.10869565217391304,5.6899999999999995,3.5099802895777232,0,7.976483351271933
2023,00-0037263,24,-1,1,20,10,1,12,3,0.041666666666666664,0.8333333333333334,0.4166666666666667,0.041666666666666664,0.5,0.125,0,0.5416666666666666,0.041666666666666664,0.041666666666666664,0.25,0.125,0,0,0,0
2023,00-0037267,63,0.47619047619047616,2,55,25,14,24,6,0.031746031746031744,0.873015873015873,0.3968253968253968,0.2222222222222222,0.38095238095238093,0.09523809523809523,0,0.41935483870967744,0.03225806451612903,0.14516129032258066,0.25806451612903225,0.14516129032258066,0,0,0,0
2023,00-0037273,22,8.954545454545455,6,6,10,2,10,1,0.2727272727272727,0.2727272727272727,0.45454545454545453,0.09090909090909091,0.45454545454545453,0.045454545454545456,0,0.2727272727272727,0.18181818181818182,0.09090909090909091,0.22727272727272727,0.22727272727272727,0,0,0,0
2023,00-0037276,25,-1.88,0,24,9,2,14,3,0,0.96,0.36,0.08,0.56,0.12,0,0.68,0,0.04,0.28,0,0,0,0,0
2023,00-0037277,3,5,0,2,0,1,2,0,0,0.6666666666666666,0,0.3333333333333333,0.6666666666666666,0,0,0,0,0.3333333333333333,0.6666666666666666,0,0,0,0,0
2023,00-0037282,3,8,1,1,0,1,1,1,0.3333333333333333,0.3333333333333333,0,0.3333333333333333,0.3333333333333333,0.3333333333333333,0,0,0,0.6666666666666666,0.3333333333333333,0,0,0,0,0
2023,00-0037286,3,-0.3333333333333333,0,3,0,1,2,1,0,1,0,0.3333333333333333,0.6666666666666666,0.3333333333333333,0,0.3333333333333333,0,0,0.3333333333333333,0.3333333333333333,0,0,0,0
2023,00-0037289,1,6,0,0,1,0,0,0,0,0,1,0,0,0,0,0,0,0,1,0,0,0,0,0
2023,00-0037291,6,9,1,2,4,1,1,0,0.16666666666666666,0.3333333333333333,0.6666666666666666,0.16666666666666666,0.16666666666666666,0,0,0.16666666666666666,0.3333333333333333,0.3333333333333333,0,0.16666666666666666,0,0,0,0
2023,00-0037292,21,9.952380952380953,7,7,5,5,11,2,0.3333333333333333,0.3333333333333333,0.23809523809523808,0.23809523809523808,0.5238095238095238,0.09523809523809523,0,0,0.42857142857142855,0.14285714285714285,0.23809523809523808,0.19047619047619047,0,0,0,0
2023,00-0037299,4,-1.25,0,4,0,1,3,0,0,1,0,0.25,0.75,0,0,0.5,0,0.25,0.25,0,0,0,0,0
2023,00-0037304,34,5.147058823529412,3,23,7,11,16,3,0.08823529411764706,0.6764705882352942,0.20588235294117646,0.3235294117647059,0.47058823529411764,0.08823529411764706,0,0,0.12121212121212122,0.18181818181818182,0.42424242424242425,0.2727272727272727,0,0,0,0
2023,00-0037306,1,2,0,1,0,1,0,0,0,1,0,1,0,0,0,0,0,0,1,0,0,0,0,0
2023,00-0037311,5,12.2,1,1,1,2,2,2,0.2,0.2,0.2,0.4,0.4,0.4,0,0,0.4,0.2,0.2,0.2,0,0,0,0
2023,00-0037317,1,12,0,0,0,1,0,0,0,0,0,1,0,0,0,0,0,0,0,1,0,0,0,0
2023,00-0037382,31,10.933333333333334,10,8,12,5,13,7,0.3225806451612903,0.25806451612903225,0.3870967741935484,0.16129032258064516,0.41935483870967744,0.22580645161290322,0,0.0967741935483871,0.1935483870967742,0.3870967741935484,0.12903225806451613,0.1935483870967742,0,0,0,0
2023,00-0037410,3,-0.3333333333333333,0,3,2,0,1,0,0,1,0.6666666666666666,0,0.3333333333333333,0,0,0.3333333333333333,0,0.3333333333333333,0.3333333333333333,0,0,0,0,0
2023,00-0037420,1,-1,0,1,0,0,1,0,0,1,0,0,1,0,0,1,0,0,0,0,0,0,0,0
2023,00-0037429,7,1.8571428571428572,0,5,1,0,6,0,0,0.7142857142857143,0.14285714285714285,0,0.8571428571428571,0,0,0,0,0,0.7142857142857143,0.2857142857142857,0,0,0,0
2023,00-0037451,2,4,0,1,1,0,1,0,0,0.5,0.5,0,0.5,0,0,0,0,0,0.5,0.5,0,0,0,0
2023,00-0037475,21,8.571428571428571,6,10,4,8,9,2,0.2857142857142857,0.47619047619047616,0.19047619047619047,0.38095238095238093,0.42857142857142855,0.09523809523809523,0,0,0.35,0.25,0.3,0.1,0,0,0,0
2023,00-0037487,25,6.52,5,15,9,8,8,4,0.2,0.6,0.36,0.32,0.32,0.16,0,0.28,0.12,0.32,0.12,0.16,0,0,0,0
2023,00-0037506,1,1,0,1,0,0,1,0,0,1,0,0,1,0,0,0,0,1,0,0,0,0,0,0
2023,00-0037525,4,3,0,3,2,1,1,0,0,0.75,0.5,0.25,0.25,0,0,0.25,0.25,0,0.5,0,0,0,0,0
2023,00-0037539,14,9.5,4,8,3,3,8,2,0.2857142857142857,0.5714285714285714,0.21428571428571427,0.21428571428571427,0.5714285714285714,0.14285714285714285,0,0.15384615384615385,0.3076923076923077,0.07692307692307693,0.38461538461538464,0.07692307692307693,0,0,0,0
2023,00-0037545,75,14.586666666666666,28,26,28,14,33,7,0.37333333333333335,0.3466666666666667,0.37333333333333335,0.18666666666666668,0.44,0.09333333333333334,0,0.13513513513513514,0.28378378378378377,0.25675675675675674,0.20270270270270271,0.12162162162162163,6.603750000000001,2.821496012206108,0,22.1063102016788
2023,00-0037557,5,-3.8,0,5,1,1,3,0,0,1,0.2,0.2,0.6,0,0,0.6,0,0,0.4,0,0,0,0,0
2023,00-0037569,7,3.857142857142857,1,5,3,1,3,2,0.14285714285714285,0.7142857142857143,0.42857142857142855,0.14285714285714285,0.42857142857142855,0.2857142857142857,0,0,0.14285714285714285,0.2857142857142857,0.42857142857142855,0.14285714285714285,0,0,0,0
2023,00-0037614,30,8.866666666666667,8,9,10,6,14,4,0.26666666666666666,0.3,0.3333333333333333,0.2,0.4666666666666667,0.13333333333333333,0,0.23333333333333334,0.16666666666666666,0.3,0.23333333333333334,0.06666666666666667,0,0,0,0
2023,00-0037654,1,3,0,1,0,1,0,0,0,1,0,1,0,0,0,0,0,1,0,0,0,0,0,0
2023,00-0037664,65,15.03076923076923,26,12,24,17,24,6,0.4,0.18461538461538463,0.36923076923076925,0.26153846153846155,0.36923076923076925,0.09230769230769231,0,0.015873015873015872,0.2857142857142857,0.4126984126984127,0.12698412698412698,0.15873015873015872,6.241076923076923,2.1531582713154367,0,23.733466919247807
2023,00-0037666,36,13.166666666666666,12,6,12,6,18,4,0.3333333333333333,0.16666666666666666,0.3333333333333333,0.16666666666666666,0.5,0.1111111111111111,0,0.02857142857142857,0.2571428571428571,0.2,0.17142857142857143,0.34285714285714286,0,0,0,0
2023,00-0037740,168,10.160714285714286,40,44,93,18,57,19,0.23809523809523808,0.2619047619047619,0.5535714285714286,0.10714285714285714,0.3392857142857143,0.1130952380952381,0,0.0975609756097561,0.21951219512195122,0.27439024390243905,0.24390243902439024,0.16463414634146342,5.552670807453415,2.4560430800553723,0,44.794974097593595
2023,00-0037741,83,9.25301204819277,16,23,30,18,35,12,0.1927710843373494,0.27710843373493976,0.3614457831325301,0.21686746987951808,0.42168674698795183,0.14457831325301204,0,0.037037037037037035,0.14814814814814814,0.2839506172839506,0.345679012345679,0.18518518518518517,7.126538461538462,2.586194076625611,0,18.336394376063698
2023,00-0037742,30,18.233333333333334,14,10,8,8,14,1,0.4666666666666667,0.3333333333333333,0.26666666666666666,0.26666666666666666,0.4666666666666667,0.03333333333333333,0,0.13333333333333333,0.3,0.36666666666666664,0.16666666666666666,0.03333333333333333,0,0,0,0
2023,00-0037744,106,6.150943396226415,17,55,44,28,34,11,0.16037735849056603,0.5188679245283019,0.41509433962264153,0.2641509433962264,0.32075471698113206,0.10377358490566038,0,0.1509433962264151,0.1320754716981132,0.2169811320754717,0.3018867924528302,0.19811320754716982,5.107714285714285,3.46436421046467,0,16.04863190947421
2023,00-0037745,7,12.428571428571429,2,4,4,1,2,0,0.2857142857142857,0.5714285714285714,0.5714285714285714,0.14285714285714285,0.2857142857142857,0,0,0.2857142857142857,0.2857142857142857,0,0.14285714285714285,0.2857142857142857,0,0,0,0
2023,00-0037746,43,-1.2790697674418605,0,39,17,5,21,5,0,0.9069767441860465,0.3953488372093023,0.11627906976744186,0.4883720930232558,0.11627906976744186,0,0.4146341463414634,0.04878048780487805,0.04878048780487805,0.4146341463414634,0.07317073170731707,0,0,0,0
2023,00-0037801,18,9.055555555555555,4,9,8,3,7,6,0.2222222222222222,0.5,0.4444444444444444,0.16666666666666666,0.3888888888888889,0.3333333333333333,0,0.2777777777777778,0.2222222222222222,0.16666666666666666,0.2777777777777778,0.05555555555555555,0,0,0,0
2023,00-0037805,22,6.318181818181818,3,8,4,7,11,1,0.13636363636363635,0.36363636363636365,0.18181818181818182,0.3181818181818182,0.5,0.045454545454545456,0,0.045454545454545456,0.18181818181818182,0.3181818181818182,0.3181818181818182,0.13636363636363635,0,0,0,0
2023,00-0037809,77,6.818181818181818,11,34,20,23,34,6,0.14285714285714285,0.44155844155844154,0.2597402597402597,0.2987012987012987,0.44155844155844154,0.07792207792207792,0,0.11688311688311688,0.22077922077922077,0.19480519480519481,0.37662337662337664,0.09090909090909091,5.491607142857143,3.7728061529462757,0,11.945458643227402
2023,00-0037816,96,11.729166666666666,29,19,48,15,33,18,0.3020833333333333,0.19791666666666666,0.5,0.15625,0.34375,0.1875,0,0.0625,0.2604166666666667,0.3229166666666667,0.22916666666666666,0.125,5.904,2.7151352640385693,0,24.24990654981933
2023,00-0037837,30,12.6,9,9,15,4,11,0,0.3,0.3,0.5,0.13333333333333333,0.36666666666666664,0,0,0.2,0.26666666666666666,0.03333333333333333,0.23333333333333334,0.26666666666666666,0,0,0,0
2023,00-0037838,40,6.225,7,20,15,7,18,7,0.175,0.5,0.375,0.175,0.45,0.175,0,0.05,0.125,0.2,0.425,0.2,0,0,0,0
2023,00-0037840,48,0.20833333333333334,3,38,22,6,20,13,0.0625,0.7916666666666666,0.4583333333333333,0.125,0.4166666666666667,0.2708333333333333,0,0.3829787234042553,0.0851063829787234,0.10638297872340426,0.2765957446808511,0.14893617021276595,0,0,0,0
2023,00-0038040,19,0.21052631578947367,0,18,8,5,6,2,0,0.9473684210526315,0.42105263157894735,0.2631578947368421,0.3157894736842105,0.10526315789473684,0,0.3333333333333333,0,0.1111111111111111,0.3333333333333333,0.2222222222222222,0,0,0,0
2023,00-0038041,102,5.03921568627451,12,61,34,22,46,25,0.11764705882352941,0.5980392156862745,0.3333333333333333,0.21568627450980393,0.45098039215686275,0.24509803921568626,0,0.058823529411764705,0.16666666666666666,0.13725490196078433,0.5490196078431373,0.08823529411764706,5.467215189873418,3.3389146940786287,0,12.04004029894643
2023,00-0038045,6,-0.8333333333333334,0,6,1,0,5,2,0,1,0.16666666666666666,0,0.8333333333333334,0.3333333333333333,0,0.3333333333333333,0,0,0.5,0.16666666666666666,0,0,0,0
2023,00-0038046,9,9.777777777777779,2,0,1,5,3,2,0.2222222222222222,0,0.1111111111111111,0.5555555555555556,0.3333333333333333,0.2222222222222222,0,0,0.2222222222222222,0.2222222222222222,0,0.5555555555555556,0,0,0,0
2023,00-0038090,38,8.921052631578947,9,13,17,5,16,7,0.23684210526315788,0.34210526315789475,0.4473684210526316,0.13157894736842105,0.42105263157894735,0.18421052631578946,0,0.10526315789473684,0.13157894736842105,0.2631578947368421,0.34210526315789475,0.15789473684210525,0,0,0,0
2023,00-0038092,1,8,0,0,0,1,0,0,0,0,0,1,0,0,0,0,0,1,0,0,0,0,0,0
2023,00-0038098,8,-0.625,1,6,4,1,3,0,0.125,0.75,0.5,0.125,0.375,0,0,0.75,0,0.125,0.125,0,0,0,0,0
2023,00-0038104,23,10,4,8,11,3,9,0,0.17391304347826086,0.34782608695652173,0.4782608695652174,0.13043478260869565,0.391304347826087,0,0,0.13043478260869565,0.2608695652173913,0.13043478260869565,0.2608695652173913,0.21739130434782608,0,0,0,0
2023,00-0038115,28,4.642857142857143,3,18,11,5,12,1,0.10714285714285714,0.6428571428571429,0.39285714285714285,0.17857142857142858,0.42857142857142855,0.03571428571428571,0,0,0.1111111111111111,0.1111111111111111,0.48148148148148145,0.2962962962962963,0,0,0,0
2023,00-0038117,78,5.256410256410256,8,45,32,8,38,3,0.10256410256410256,0.5769230769230769,0.41025641025641024,0.10256410256410256,0.48717948717948717,0.038461538461538464,0,0.11842105263157894,0.07894736842105263,0.17105263157894737,0.3157894736842105,0.3157894736842105,6.9703389830508495,3.973480571288485,0,11.493622466916984
2023,00-0038120,95,-0.5052631578947369,1,94,30,22,43,7,0.010526315789473684,0.9894736842105263,0.3157894736842105,0.23157894736842105,0.45263157894736844,0.07368421052631578,0,0.3978494623655914,0.010752688172043012,0.15053763440860216,0.27956989247311825,0.16129032258064516,0,0,0,0
2023,00-0038122,1,-6,0,1,0,0,1,0,0,1,0,0,1,0,0,0,0,1,0,0,0,0,0,0
2023,00-0038124,53,15.415094339622641,20,11,20,17,16,13,0.37735849056603776,0.20754716981132076,0.37735849056603776,0.32075471698113206,0.3018867924528302,0.24528301886792453,0,0,0.33962264150943394,0.24528301886792453,0.24528301886792453,0.16981132075471697,6.401,2.913774136445268,0,17.90526228350708
2023,00-0038129,68,6.746268656716418,9,33,15,22,30,12,0.1323529411764706,0.4852941176470588,0.22058823529411764,0.3235294117647059,0.4411764705882353,0.17647058823529413,0,0.014705882352941176,0.17647058823529413,0.3088235294117647,0.3088235294117647,0.19117647058823528,6.5016,3.4357684048952217,0,9.232048384475943
2023,00-0038134,37,-2.135135135135135,2,35,15,4,18,3,0.05405405405405406,0.9459459459459459,0.40540540540540543,0.10810810810810811,0.4864864864864865,0.08108108108108109,0,0.5135135135135135,0.08108108108108109,0.10810810810810811,0.1891891891891892,0.10810810810810811,0,0,0,0
2023,00-0038389,11,0.5454545454545454,0,10,1,5,5,0,0,0.9090909090909091,0.09090909090909091,0.45454545454545453,0.45454545454545453,0,0,0.18181818181818182,0,0.09090909090909091,0.45454545454545453,0.2727272727272727,0,0,0,0
2023,00-0038393,58,10.189655172413794,19,10,21,11,26,8,0.3275862068965517,0.1724137931034483,0.3620689655172414,0.1896551724137931,0.4482758620689655,0.13793103448275862,0,0.08771929824561403,0.07017543859649122,0.45614035087719296,0.24561403508771928,0.14035087719298245,7.1657142857142855,3.1723428820324013,0,12.373219254890557
2023,00-0038394,26,7.8076923076923075,3,5,8,10,8,1,0.11538461538461539,0.19230769230769232,0.3076923076923077,0.38461538461538464,0.3076923076923077,0.038461538461538464,0,0,0.07692307692307693,0.38461538461538464,0.2692307692307692,0.2692307692307692,0,0,0,0
2023,00-0038396,7,-1.1428571428571428,0,6,4,0,3,0,0,0.8571428571428571,0.5714285714285714,0,0.42857142857142855,0,0,0.5714285714285714,0,0,0.2857142857142857,0.14285714285714285,0,0,0,0
2023,00-0038397,1,3,0,1,0,1,0,0,0,1,0,1,0,0,0,0,0,0,0,1,0,0,0,0
2023,00-0038454,11,-0.18181818181818182,1,9,4,1,6,1,0.09090909090909091,0.8181818181818182,0.36363636363636365,0.09090909090909091,0.5454545454545454,0.09090909090909091,0,0.5,0.1,0.2,0.1,0.1,0,0,0,0
2023,00-0038465,24,8.75,7,6,8,6,10,5,0.2916666666666667,0.25,0.3333333333333333,0.25,0.4166666666666667,0.20833333333333334,0,0.041666666666666664,0.125,0.25,0.20833333333333334,0.375,0,0,0,0
2023,00-0038476,1,0,0,0,0,0,0,1,0,0,0,0,0,1,0,0,0,0,0,0,0,0,0,0
2023,00-0038492,8,7.75,2,3,4,1,3,2,0.25,0.375,0.5,0.125,0.375,0.25,0,0,0.25,0.375,0.125,0.25,0,0,0,0
2023,00-0038496,38,9.421052631578947,10,17,12,3,23,6,0.2631578947368421,0.4473684210526316,0.3157894736842105,0.07894736842105263,0.6052631578947368,0.15789473684210525,0,0.23684210526315788,0.2894736842105263,0.13157894736842105,0.2631578947368421,0.07894736842105263,0,0,0,0
2023,00-0038542,86,0.27906976744186046,2,73,33,12,41,12,0.023255813953488372,0.8488372093023255,0.38372093023255816,0.13953488372093023,0.47674418604651164,0.13953488372093023,0,0.44047619047619047,0.05952380952380952,0.09523809523809523,0.30952380952380953,0.09523809523809523,0,0,0,0
2023,00-0038543,93,6.118279569892473,14,48,38,18,37,10,0.15053763440860216,0.5161290322580645,0.40860215053763443,0.1935483870967742,0.3978494623655914,0.10752688172043011,0,0.3333333333333333,0.16129032258064516,0.1827956989247312,0.20430107526881722,0.11827956989247312,7.028426966292136,3.7858879094775504,0,13.533706036241336
2023,00-0038544,67,12.850746268656716,24,20,30,9,28,8,0.3582089552238806,0.29850746268656714,0.44776119402985076,0.13432835820895522,0.417910447761194,0.11940298507462686,0,0.1044776119402985,0.3283582089552239,0.29850746268656714,0.07462686567164178,0.19402985074626866,6.0782089552238805,2.3844210874041636,0,18.60049535104345
2023,00-0038547,15,5.4,3,9,6,3,6,5,0.2,0.6,0.4,0.2,0.4,0.3333333333333333,0,0,0.21428571428571427,0.2857142857142857,0.21428571428571427,0.2857142857142857,0,0,0,0
2023,00-0038551,11,-0.7272727272727273,0,11,4,0,7,0,0,1,0.36363636363636365,0,0.6363636363636364,0,0,0.36363636363636365,0,0.09090909090909091,0.5454545454545454,0,0,0,0,0
2023,00-0038555,4,1.5,0,4,2,1,1,0,0,1,0.5,0.25,0.25,0,0,0.25,0,0.25,0.25,0.25,0,0,0,0
2023,00-0038558,10,1.1,0,10,2,2,6,2,0,1,0.2,0.2,0.6,0.2,0,0,0,0.1,0.8,0.1,0,0,0,0
2023,00-0038559,59,12.413793103448276,24,7,27,11,20,8,0.4067796610169492,0.11864406779661017,0.4576271186440678,0.1864406779661017,0.3389830508474576,0.13559322033898305,0,0,0.3389830508474576,0.2711864406779661,0.1864406779661017,0.2033898305084746,6.301454545454545,2.6488132385599372,0,18.301089332379963
2023,00-0038563,34,18.352941176470587,19,7,16,6,12,4,0.5588235294117647,0.20588235294117646,0.47058823529411764,0.17647058823529413,0.35294117647058826,0.11764705882352941,0,0.058823529411764705,0.29411764705882354,0.20588235294117646,0.35294117647058826,0.08823529411764706,0,0,0,0
2023,00-0038573,17,-2.235294117647059,1,16,6,4,7,1,0.058823529411764705,0.9411764705882353,0.35294117647058826,0.23529411764705882,0.4117647058823529,0.058823529411764705,0,0.7058823529411765,0.058823529411764705,0.17647058823529413,0.058823529411764705,0,0,0,0,0
2023,00-0038576,9,8.777777777777779,2,5,3,3,3,0,0.2222222222222222,0.5555555555555556,0.3333333333333333,0.3333333333333333,0.3333333333333333,0,0,0.3333333333333333,0.2222222222222222,0,0.2222222222222222,0.2222222222222222,0,0,0,0
2023,00-0038589,15,9.733333333333333,3,3,2,8,5,5,0.2,0.2,0.13333333333333333,0.5333333333333333,0.3333333333333333,0.3333333333333333,0,0,0.4,0.13333333333333333,0.2,0.26666666666666666,0,0,0,0
2023,00-0038597,15,-3,0,15,9,1,5,1,0,1,0.6,0.06666666666666667,0.3333333333333333,0.06666666666666667,0,0.7333333333333333,0,0,0.26666666666666666,0,0,0,0,0
2023,00-0038606,21,7.380952380952381,3,9,8,2,11,3,0.14285714285714285,0.42857142857142855,0.38095238095238093,0.09523809523809523,0.5238095238095238,0.14285714285714285,0,0.14285714285714285,0.09523809523809523,0.19047619047619047,0.3333333333333333,0.23809523809523808,0,0,0,0
2023,00-0038608,7,17.857142857142858,4,1,6,0,1,2,0.5714285714285714,0.14285714285714285,0.8571428571428571,0,0.14285714285714285,0.2857142857142857,0,0.14285714285714285,0.5714285714285714,0.14285714285714285,0.14285714285714285,0,0,0,0,0
2023,00-0038611,2,-3.5,0,2,1,1,0,0,0,1,0.5,0.5,0,0,0,0.5,0,0,0.5,0,0,0,0,0
2023,00-0038612,18,16.27777777777778,9,0,6,1,11,4,0.5,0,0.3333333333333333,0.05555555555555555,0.6111111111111112,0.2222222222222222,0,0,0.6111111111111112,0.1111111111111111,0.05555555555555555,0.2222222222222222,0,0,0,0
2023,00-0038618,19,11.368421052631579,7,3,8,5,6,1,0.3684210526315789,0.15789473684210525,0.42105263157894735,0.2631578947368421,0.3157894736842105,0.05263157894736842,0,0.058823529411764705,0.11764705882352941,0.47058823529411764,0.17647058823529413,0.17647058823529413,0,0,0,0
2023,00-0038619,25,8.6,5,7,12,6,7,5,0.2,0.28,0.48,0.24,0.28,0.2,0,0.08,0.12,0.36,0.28,0.16,0,0,0,0
2023,00-0038621,79,8.20253164556962,21,36,30,21,28,4,0.26582278481012656,0.45569620253164556,0.379746835443038,0.26582278481012656,0.35443037974683544,0.05063291139240506,0,0.23684210526315788,0.19736842105263158,0.32894736842105265,0.19736842105263158,0.039473684210526314,6.782602739726027,3.0733747606638384,0,16.31711302630306
2023,00-0038622,7,-0.8571428571428571,0,7,4,0,3,0,0,1,0.5714285714285714,0,0.42857142857142855,0,0,0.42857142857142855,0,0,0.5714285714285714,0,0,0,0,0
2023,00-0038627,2,5.5,0,1,2,0,0,1,0,0.5,1,0,0,0.5,0,0,0,0,0.5,0.5,0,0,0,0
2023,00-0038632,2,20,1,1,1,0,1,0,0.5,0.5,0.5,0,0.5,0,0,0,0.5,0,0.5,0,0,0,0,0
2023,00-0038640,6,6,1,3,3,0,3,0,0.16666666666666666,0.5,0.5,0,0.5,0,0,0.3333333333333333,0,0.3333333333333333,0.16666666666666666,0.16666666666666666,0,0,0,0
2023,00-0038647,13,12.307692307692308,3,1,6,4,3,4,0.23076923076923078,0.07692307692307693,0.46153846153846156,0.3076923076923077,0.23076923076923078,0.3076923076923077,0,0.07692307692307693,0.07692307692307693,0.5384615384615384,0.3076923076923077,0,0,0,0,0
2023,00-0038667,4,8.25,1,2,2,1,1,1,0.25,0.5,0.5,0.25,0.25,0.25,0,0,0,0.5,0.25,0.25,0,0,0,0
2023,00-0038678,2,5,0,0,0,0,2,1,0,0,0,0,1,0.5,0,0,0,0,1,0,0,0,0,0
2023,00-0038705,30,0.9,1,26,12,12,6,1,0.03333333333333333,0.8666666666666667,0.4,0.4,0.2,0.03333333333333333,0,0.4,0.03333333333333333,0.06666666666666667,0.2,0.3,0,0,0,0
2023,00-0038720,10,3.2222222222222223,0,5,4,1,4,2,0,0.5,0.4,0.1,0.4,0.2,0,0.1,0.1,0.1,0.6,0.1,0,0,0,0
2023,00-0038738,4,-0.5,0,4,1,0,3,0,0,1,0.25,0,0.75,0,0,0,0,0,1,0,0,0,0,0
2023,00-0038752,25,6,5,13,11,4,10,4,0.2,0.52,0.44,0.16,0.4,0.16,0,0.125,0.2916666666666667,0.16666666666666666,0.20833333333333334,0.20833333333333334,0,0,0,0
2023,00-0038783,5,-1,0,5,1,0,4,0,0,1,0.2,0,0.8,0,0,0,0,0.2,0.8,0,0,0,0,0
2023,00-0038794,36,-3.888888888888889,0,34,17,2,17,7,0,0.9444444444444444,0.4722222222222222,0.05555555555555555,0.4722222222222222,0.19444444444444445,0,0.8055555555555556,0,0.05555555555555555,0.1111111111111111,0.027777777777777776,0,0,0,0
2023,00-0038797,5,-0.8,0,5,1,0,4,0,0,1,0.2,0,0.8,0,0,0.2,0,0.2,0.6,0,0,0,0,0
2023,00-0038809,6,5,1,5,1,1,4,2,0.16666666666666666,0.8333333333333334,0.16666666666666666,0.16666666666666666,0.6666666666666666,0.3333333333333333,0,0,0.16666666666666666,0,0.6666666666666666,0.16666666666666666,0,0,0,0
2023,00-0038821,9,15.777777777777779,3,1,3,3,3,0,0.3333333333333333,0.1111111111111111,0.3333333333333333,0.3333333333333333,0.3333333333333333,0,0,0.125,0.375,0,0.5,0,0,0,0,0
2023,00-0038862,2,-0.5,0,2,0,0,2,0,0,1,0,0,1,0,0,0,0,0.5,0.5,0,0,0,0,0
2023,00-0038891,1,30,1,0,1,0,0,0,1,0,1,0,0,0,0,0,1,0,0,0,0,0,0,0
2023,00-0038933,91,5.912087912087912,11,52,33,21,37,9,0.12087912087912088,0.5714285714285714,0.3626373626373626,0.23076923076923078,0.4065934065934066,0.0989010989010989,0,0.07692307692307693,0.07692307692307693,0.27472527472527475,0.3626373626373626,0.2087912087912088,6.065569620253164,3.8297439689369206,0,11.402755710453933
2023,00-0038935,9,7.555555555555555,2,5,0,2,7,4,0.2222222222222222,0.5555555555555556,0,0.2222222222222222,0.7777777777777778,0.4444444444444444,0,0.1111111111111111,0.1111111111111111,0.3333333333333333,0.3333333333333333,0.1111111111111111,0,0,0,0
2023,00-0038938,40,21.025,20,7,12,7,21,0,0.5,0.175,0.3,0.175,0.525,0,0,0,0.475,0.25,0.1,0.175,0,0,0,0
2023,00-0038941,32,11.5625,10,11,11,4,17,5,0.3125,0.34375,0.34375,0.125,0.53125,0.15625,0,0.0625,0.21875,0.25,0.34375,0.125,0,0,0,0
2023,00-0038951,2,-1.5,0,2,1,1,0,0,0,1,0.5,0.5,0,0,0,0.5,0,0,0,0.5,0,0,0,0
2023,00-0038976,33,15.06060606060606,14,15,13,3,17,1,0.42424242424242425,0.45454545454545453,0.3939393939393939,0.09090909090909091,0.5151515151515151,0.030303030303030304,0,0.30303030303030304,0.36363636363636365,0.15151515151515152,0.12121212121212122,0.06060606060606061,0,0,0,0
2023,00-0038977,76,14.266666666666667,29,10,18,19,38,9,0.3815789473684211,0.13157894736842105,0.23684210526315788,0.25,0.5,0.11842105263157894,0,0.013157894736842105,0.19736842105263158,0.2894736842105263,0.34210526315789475,0.15789473684210525,6.899866666666667,2.946577120404939,0,21.083748318495275
2023,00-0038979,44,10.636363636363637,11,13,18,11,15,7,0.25,0.29545454545454547,0.4090909090909091,0.25,0.3409090909090909,0.1590909090909091,0,0.045454545454545456,0.3181818181818182,0.3181818181818182,0.13636363636363635,0.18181818181818182,0,0,0,0
2023,00-0038994,108,12.472222222222221,37,24,37,20,51,17,0.3425925925925926,0.2222222222222222,0.3425925925925926,0.18518518518518517,0.4722222222222222,0.1574074074074074,0,0.047619047619047616,0.23809523809523808,0.2857142857142857,0.3047619047619048,0.12380952380952381,6.434134615384616,2.7593986201497493,0,28.132669106085313
2023,00-0038996,40,3.9,3,29,14,3,23,8,0.075,0.725,0.35,0.075,0.575,0.2,0,0.07692307692307693,0.05128205128205128,0.1794871794871795,0.5897435897435898,0.10256410256410256,0,0,0,0
2023,00-0038997,98,7.214285714285714,16,49,37,18,43,10,0.16326530612244897,0.5,0.37755102040816324,0.1836734693877551,0.4387755102040816,0.10204081632653061,0,0.08333333333333333,0.10416666666666667,0.2916666666666667,0.3229166666666667,0.19791666666666666,6.0894318181818186,3.252041622825177,0,16.53247280659305
2023,00-0039021,40,-0.825,0,37,18,5,17,4,0,0.925,0.45,0.125,0.425,0.1,0,0.525,0,0.025,0.25,0.2,0,0,0,0
2023,00-0039032,70,-0.17142857142857143,5,63,23,16,31,6,0.07142857142857142,0.9,0.32857142857142857,0.22857142857142856,0.44285714285714284,0.08571428571428572,0,0.5072463768115942,0.07246376811594203,0.13043478260869565,0.18840579710144928,0.10144927536231885,0,0,0,0
2023,00-0039040,37,0.7027027027027027,2,29,13,9,15,6,0.05405405405405406,0.7837837837837838,0.35135135135135137,0.24324324324324326,0.40540540540540543,0.16216216216216217,0,0.5675675675675675,0.08108108108108109,0.1891891891891892,0.08108108108108109,0.08108108108108109,0,0,0,0
2023,00-0039041,19,6.7368421052631575,3,7,8,5,6,2,0.15789473684210525,0.3684210526315789,0.42105263157894735,0.2631578947368421,0.3157894736842105,0.10526315789473684,0,0,0.3157894736842105,0.21052631578947367,0.3157894736842105,0.15789473684210525,0,0,0,0
2023,00-0039050,7,9.857142857142858,2,2,1,1,5,1,0.2857142857142857,0.2857142857142857,0.14285714285714285,0.14285714285714285,0.7142857142857143,0.14285714285714285,0,0,0.2857142857142857,0.14285714285714285,0.2857142857142857,0.2857142857142857,0,0,0,0
2023,00-0039052,69,10.823529411764707,20,21,23,19,26,4,0.2898550724637681,0.30434782608695654,0.3333333333333333,0.2753623188405797,0.37681159420289856,0.057971014492753624,0,0.11940298507462686,0.208955223880597,0.2835820895522388,0.2537313432835821,0.13432835820895522,6.416212121212121,3.070626674677751,0,14.57780704031266
2023,00-0039062,85,10.83529411764706,25,21,32,6,47,3,0.29411764705882354,0.24705882352941178,0.3764705882352941,0.07058823529411765,0.5529411764705883,0.03529411764705882,0,0.11904761904761904,0.2261904761904762,0.19047619047619047,0.2619047619047619,0.20238095238095238,6.17345238095238,2.76853596969463,0,22.01968904607881
2023,00-0039064,109,8.527777777777779,27,59,45,27,36,16,0.24770642201834864,0.5412844036697247,0.41284403669724773,0.24770642201834864,0.3302752293577982,0.14678899082568808,0,0.24528301886792453,0.1509433962264151,0.22641509433962265,0.1792452830188679,0.19811320754716982,7.666698113207548,3.6810160964910574,0,22.834430159502062
2023,00-0039065,122,7.091666666666667,13,48,49,35,36,18,0.10655737704918032,0.39344262295081966,0.4016393442622951,0.28688524590163933,0.29508196721311475,0.14754098360655737,0,0.024793388429752067,0.09090909090909091,0.5206611570247934,0.256198347107438,0.10743801652892562,5.842929292929293,3.3862175699388692,0,21.088567501344652
2023,00-0039066,41,5.675,4,19,11,10,19,8,0.0975609756097561,0.4634146341463415,0.2682926829268293,0.24390243902439024,0.4634146341463415,0.1951219512195122,0,0.05,0.15,0.2,0.4,0.2,0,0,0,0
2023,00-0039067,102,4.813725490196078,8,50,47,16,39,22,0.0784313725490196,0.49019607843137253,0.46078431372549017,0.1568627450980392,0.38235294117647056,0.21568627450980393,0,0.26,0.09,0.2,0.16,0.29,6.355957446808511,4.154307669667891,0,13.0471195070354
2023,00-0039074,11,2.1818181818181817,1,8,3,3,5,2,0.09090909090909091,0.7272727272727273,0.2727272727272727,0.2727272727272727,0.45454545454545453,0.18181818181818182,0,0.18181818181818182,0.09090909090909091,0.18181818181818182,0.2727272727272727,0.2727272727272727,0,0,0,0
2023,00-0039075,160,9.08125,37,57,47,45,68,16,0.23125,0.35625,0.29375,0.28125,0.425,0.1,0,0.12025316455696203,0.17721518987341772,0.3924050632911392,0.10126582278481013,0.2088607594936709,5.996315789473686,2.890085917127662,0,33.49398376560574
2023,00-0039139,72,0.11267605633802817,0,59,29,18,24,8,0,0.8194444444444444,0.4027777777777778,0.25,0.3333333333333333,0.1111111111111111,0,0.4,0.014285714285714285,0.17142857142857143,0.2,0.21428571428571427,0,0,0,0
2023,00-0039144,46,7.478260869565218,8,20,19,14,13,6,0.17391304347826086,0.43478260869565216,0.41304347826086957,0.30434782608695654,0.2826086956521739,0.13043478260869565,0,0.06521739130434782,0.21739130434782608,0.2391304347826087,0.32608695652173914,0.15217391304347827,5.604285714285714,4.323183076949761,0,6.782198778917638
2023,00-0039146,95,10.319148936170214,28,38,47,20,27,18,0.29473684210526313,0.4,0.49473684210526314,0.21052631578947367,0.28421052631578947,0.18947368421052632,0,0.15789473684210525,0.23157894736842105,0.24210526315789474,0.29473684210526313,0.07368421052631578,6.5816470588235285,3.444667961961241,0,19.454043277816996
2023,00-0039163,1,-1,0,1,0,1,0,0,0,1,0,1,0,0,0,0,0,0,0,1,0,0,0,0
2023,00-0039165,40,-1.025,0,39,19,11,10,1,0,0.975,0.475,0.275,0.25,0.025,0,0.375,0.025,0.25,0.275,0.075,0,0,0,0
2024,00-0024243,1,1,0,1,0,0,1,0,0,1,0,0,1,0,0,0,0,0,1,0,0,0,0,0
2024,00-0029892,31,6.225806451612903,5,13,15,7,9,2,0.16129032258064516,0.41935483870967744,0.4838709677419355,0.22580645161290322,0.2903225806451613,0.06451612903225806,0,0.16129032258064516,0.12903225806451613,0.12903225806451613,0.25806451612903225,0.3225806451612903,0,0,0,0
2024,00-0030035,62,11.161290322580646,18,15,23,20,19,8,0.2903225806451613,0.24193548387096775,0.3709677419354839,0.3225806451612903,0.3064516129032258,0.12903225806451613,0,0.08064516129032258,0.3870967741935484,0.20967741935483872,0.1774193548387097,0.14516129032258066,6.4055,3.004133022666709,0,16.231771088629753
2024,00-0030061,93,7.538461538461538,11,33,20,47,24,23,0.11827956989247312,0.3548387096774194,0.21505376344086022,0.5053763440860215,0.25806451612903225,0.24731182795698925,0,0.033707865168539325,0.1348314606741573,0.3595505617977528,0.21348314606741572,0.25842696629213485,6.322409638554217,3.6313738164396203,0,17.43210907837429
2024,00-0030279,123,9.214876033057852,28,35,50,24,47,17,0.22764227642276422,0.2845528455284553,0.4065040650406504,0.1951219512195122,0.3821138211382114,0.13821138211382114,0,0.06722689075630252,0.20168067226890757,0.18487394957983194,0.3445378151260504,0.20168067226890757,6.491150442477876,3.0022840319087076,0,28.33772212237995
2024,00-0030431,30,9.466666666666667,6,8,7,6,17,3,0.2,0.26666666666666666,0.23333333333333334,0.2,0.5666666666666667,0.1,0,0.13333333333333333,0.1,0.3,0.23333333333333334,0.23333333333333334,0,0,0,0
2024,00-0030506,134,6.639097744360902,18,64,32,53,48,27,0.13432835820895522,0.47761194029850745,0.23880597014925373,0.39552238805970147,0.3582089552238806,0.20149253731343283,0,0.0916030534351145,0.09923664122137404,0.2900763358778626,0.22137404580152673,0.29770992366412213,6.100769230769232,3.4728247074398646,0,24.537788994671963
2024,00-0030564,80,11.2,24,18,37,13,30,11,0.3,0.225,0.4625,0.1625,0.375,0.1375,0,0,0.2875,0.2875,0.1375,0.2875,5.575128205128205,2.7079566212781927,0,24.07578622376593
2024,00-0030578,15,3,1,9,4,7,3,3,0.06666666666666667,0.6,0.26666666666666666,0.4666666666666667,0.2,0.2,0,0.26666666666666666,0.13333333333333333,0.26666666666666666,0.06666666666666667,0.26666666666666666,0,0,0,0
2024,00-0031235,18,7.555555555555555,2,3,3,8,7,4,0.1111111111111111,0.16666666666666666,0.16666666666666666,0.4444444444444444,0.3888888888888889,0.2222222222222222,0,0.05555555555555555,0.2222222222222222,0.5,0.1111111111111111,0.1111111111111111,0,0,0,0
2024,00-0031236,54,11.74074074074074,16,13,20,9,25,8,0.2962962962962963,0.24074074074074073,0.37037037037037035,0.16666666666666666,0.46296296296296297,0.14814814814814814,0,0.03773584905660377,0.3018867924528302,0.1320754716981132,0.3018867924528302,0.22641509433962265,6.237924528301886,2.1633950295248603,0,14.664960301103022
2024,00-0031299,1,16,1,0,0,1,0,0,1,0,0,1,0,0,0,0,0,1,0,0,0,0,0,0
2024,00-0031357,1,7,0,0,0,0,1,0,0,0,0,0,1,0,0,0,0,0,0,0,0,0,0,0
2024,00-0031381,142,8.312056737588652,29,60,50,24,67,27,0.20422535211267606,0.4225352112676056,0.352112676056338,0.16901408450704225,0.47183098591549294,0.19014084507042253,0,0.07246376811594203,0.2246376811594203,0.2826086956521739,0.21739130434782608,0.2028985507246377,5.461353383458647,3.2460858681193367,0,30.979954207270737
2024,00-0031408,110,11.581818181818182,37,20,38,31,41,15,0.33636363636363636,0.18181818181818182,0.34545454545454546,0.2818181818181818,0.37272727272727274,0.13636363636363635,0,0,0.3181818181818182,0.35454545454545455,0.18181818181818182,0.14545454545454545,6.558440366972477,2.491417273611868,0,34.10373232725421
2024,00-0031428,7,7.285714285714286,1,2,2,1,4,0,0.14285714285714285,0.2857142857142857,0.2857142857142857,0.14285714285714285,0.5714285714285714,0,0,0,0.14285714285714285,0.2857142857142857,0.2857142857142857,0.2857142857142857,0,0,0,0
2024,00-0031484,4,3.75,0,3,0,1,3,1,0,0.75,0,0.25,0.75,0.25,0,0,0.25,0.25,0.5,0,0,0,0,0
2024,00-0031544,85,13.658823529411764,32,16,49,8,28,5,0.3764705882352941,0.18823529411764706,0.5764705882352941,0.09411764705882353,0.32941176470588235,0.058823529411764705,0,0.011764705882352941,0.29411764705882354,0.3411764705882353,0.11764705882352941,0.23529411764705882,6.0304761904761905,2.6037789190710265,0,22.048960701526468
2024,00-0031549,29,13.344827586206897,10,4,10,12,7,2,0.3448275862068966,0.13793103448275862,0.3448275862068966,0.41379310344827586,0.2413793103448276,0.06896551724137931,0,0.03571428571428571,0.35714285714285715,0.39285714285714285,0.03571428571428571,0.17857142857142858,0,0,0,0
2024,00-0031585,10,3.3,0,6,4,3,3,1,0,0.6,0.4,0.3,0.3,0.1,0,0.2,0,0.5,0.3,0,0,0,0,0
2024,00-0031588,64,8.6875,15,23,22,19,23,5,0.234375,0.359375,0.34375,0.296875,0.359375,0.078125,0,0.078125,0.125,0.328125,0.3125,0.15625,6.933220338983051,3.021883810509726,0,12.348616826526113
2024,00-0031595,10,2.4,1,8,3,1,6,2,0.1,0.8,0.3,0.1,0.6,0.2,0,0,0.1,0,0.7,0.2,0,0,0,0
2024,00-0031687,24,0.6086956521739131,0,18,7,7,9,3,0,0.75,0.2916666666666667,0.2916666666666667,0.375,0.125,0,0.375,0.125,0.25,0.125,0.125,0,0,0,0
2024,00-0031690,4,2,0,3,0,1,3,1,0,0.75,0,0.25,0.75,0.25,0,0.25,0,0.5,0.25,0,0,0,0,0
2024,00-0031763,14,11.071428571428571,4,5,8,2,4,3,0.2857142857142857,0.35714285714285715,0.5714285714285714,0.14285714285714285,0.2857142857142857,0.21428571428571427,0,0.15384615384615385,0.23076923076923078,0.15384615384615385,0.3076923076923077,0.15384615384615385,0,0,0,0
2024,00-0031941,13,8.307692307692308,1,1,3,6,4,3,0.07692307692307693,0.07692307692307693,0.23076923076923078,0.46153846153846156,0.3076923076923077,0.23076923076923078,0,0.07692307692307693,0.3076923076923077,0.46153846153846156,0.07692307692307693,0.07692307692307693,0,0,0,0
2024,00-0032104,47,0.6595744680851063,1,41,18,8,21,6,0.02127659574468085,0.8723404255319149,0.3829787234042553,0.1702127659574468,0.44680851063829785,0.1276595744680851,0,0.32608695652173914,0.043478260869565216,0.043478260869565216,0.34782608695652173,0.2391304347826087,0,0,0,0
2024,00-0032128,12,17.25,6,1,6,5,1,1,0.5,0.08333333333333333,0.5,0.4166666666666667,0.08333333333333333,0.08333333333333333,0,0,0.4166666666666667,0.25,0,0.3333333333333333,0,0,0,0
2024,00-0032141,1,2,0,1,0,0,1,0,0,1,0,0,1,0,0,0,0,0,1,0,0,0,0,0
2024,00-0032211,74,10.58108108108108,22,16,30,12,32,10,0.2972972972972973,0.21621621621621623,0.40540540540540543,0.16216216216216217,0.43243243243243246,0.13513513513513514,0,0.08333333333333333,0.2222222222222222,0.20833333333333334,0.2361111111111111,0.25,6.4013888888888895,2.664344589976156,0,20.137565280956483
2024,00-0032381,1,2,0,1,1,0,0,1,0,1,1,0,0,1,0,0,1,0,0,0,0,0,0,0
2024,00-0032385,52,9.27450980392157,13,21,20,15,16,7,0.25,0.40384615384615385,0.38461538461538464,0.28846153846153844,0.3076923076923077,0.1346153846153846,0,0.13725490196078433,0.21568627450980393,0.3333333333333333,0.2549019607843137,0.058823529411764705,6.904285714285714,3.1058601324461725,0,12.783645122126341
2024,00-0032392,59,6.5423728813559325,8,28,20,15,24,9,0.13559322033898305,0.4745762711864407,0.3389830508474576,0.2542372881355932,0.4067796610169492,0.15254237288135594,0,0.05263157894736842,0.15789473684210525,0.17543859649122806,0.3508771929824561,0.2631578947368421,5.4502439024390235,3.503594172659716,0,10.780036153134349
2024,00-0032394,20,1.1,0,17,8,3,9,5,0,0.85,0.4,0.15,0.45,0.25,0,0.15,0.1,0.2,0.4,0.15,0,0,0,0
2024,00-0032464,22,8,7,8,7,4,11,2,0.3181818181818182,0.36363636363636365,0.3181818181818182,0.18181818181818182,0.5,0.09090909090909091,0,0.2727272727272727,0.18181818181818182,0.22727272727272727,0.2727272727272727,0.045454545454545456,0,0,0,0
2024,00-0032688,4,11.75,1,1,2,1,1,2,0.25,0.25,0.5,0.25,0.25,0.5,0,0,0.5,0.5,0,0,0,0,0,0
2024,00-0032764,22,-1.1363636363636365,0,21,10,2,10,5,0,0.9545454545454546,0.45454545454545453,0.09090909090909091,0.45454545454545453,0.22727272727272727,0,0.3181818181818182,0,0.09090909090909091,0.5454545454545454,0.045454545454545456,0,0,0,0
2024,00-0032775,66,15.359375,27,12,32,11,21,14,0.4090909090909091,0.18181818181818182,0.48484848484848486,0.16666666666666666,0.3181818181818182,0.21212121212121213,0,0,0.4393939393939394,0.21212121212121213,0.22727272727272727,0.12121212121212122,4.065555555555555,2.66492023403923,0,24.68819861160136
2024,00-0032918,6,0.16666666666666666,0,6,3,0,3,0,0,1,0.5,0,0.5,0,0,0.16666666666666666,0,0,0.8333333333333334,0,0,0,0,0
2024,00-0033009,58,7.368421052631579,5,20,26,18,13,8,0.08620689655172414,0.3448275862068966,0.4482758620689655,0.3103448275862069,0.22413793103448276,0.13793103448275862,0,0.15789473684210525,0.12280701754385964,0.2982456140350877,0.2982456140350877,0.12280701754385964,6.431555555555555,2.774185579386632,0,9.871176853624638
2024,00-0033040,124,11.357723577235772,50,36,47,22,54,20,0.4032258064516129,0.2903225806451613,0.3790322580645161,0.1774193548387097,0.43548387096774194,0.16129032258064516,0,0.10655737704918032,0.28688524590163933,0.20491803278688525,0.22131147540983606,0.18032786885245902,5.854122807017543,3.159804801014422,0,40.58951038393945
2024,00-0033045,15,-1.8,0,15,5,3,7,2,0,1,0.3333333333333333,0.2,0.4666666666666667,0.13333333333333333,0,0.5333333333333333,0,0.13333333333333333,0.2,0.13333333333333333,0,0,0,0
2024,00-0033090,97,7.030927835051546,8,38,18,33,46,18,0.08247422680412371,0.3917525773195876,0.18556701030927836,0.3402061855670103,0.4742268041237113,0.18556701030927836,0,0.05319148936170213,0.14893617021276595,0.19148936170212766,0.3829787234042553,0.22340425531914893,5.940972222222222,2.7885421982741536,0,19.13910348834707
2024,00-0033106,1,5,0,0,1,0,0,1,0,0,1,0,0,1,0,0,1,0,0,0,0,0,0,0
2024,00-0033110,12,2.1666666666666665,0,9,3,1,8,6,0,0.75,0.25,0.08333333333333333,0.6666666666666666,0.5,0,0.16666666666666666,0.08333333333333333,0.16666666666666666,0.5,0.08333333333333333,0,0,0,0
2024,00-0033217,23,9.590909090909092,6,7,9,6,7,7,0.2608695652173913,0.30434782608695654,0.391304347826087,0.2608695652173913,0.30434782608695654,0.30434782608695654,0,0.045454545454545456,0.45454545454545453,0.13636363636363635,0.2727272727272727,0.09090909090909091,0,0,0,0
2024,00-0033246,27,4.2592592592592595,2,18,15,3,9,5,0.07407407407407407,0.6666666666666666,0.5555555555555556,0.1111111111111111,0.3333333333333333,0.18518518518518517,0,0.037037037037037035,0.037037037037037035,0.18518518518518517,0.5185185185185185,0.2222222222222222,0,0,0,0
2024,00-0033280,19,3.1578947368421053,1,13,7,6,6,4,0.05263157894736842,0.6842105263157895,0.3684210526315789,0.3157894736842105,0.3157894736842105,0.21052631578947367,0,0.16666666666666666,0.05555555555555555,0.1111111111111111,0.3888888888888889,0.2777777777777778,0,0,0,0
2024,00-0033282,46,4.608695652173913,7,30,22,3,21,6,0.15217391304347827,0.6521739130434783,0.4782608695652174,0.06521739130434782,0.45652173913043476,0.13043478260869565,0,0.2826086956521739,0.08695652173913043,0.2608695652173913,0.2391304347826087,0.13043478260869565,6.607567567567568,4.056089405564893,0,5.067469654620211
2024,00-0033288,94,8.51063829787234,21,34,33,29,32,21,0.22340425531914893,0.3617021276595745,0.35106382978723405,0.30851063829787234,0.3404255319148936,0.22340425531914893,0,0.0967741935483871,0.3010752688172043,0.26881720430107525,0.22580645161290322,0.10752688172043011,5.541052631578947,3.582076421664702,0,17.756425119455173
2024,00-0033292,1,9,0,0,0,0,1,0,0,0,0,0,1,0,0,0,0,0,0,1,0,0,0,0
2024,00-0033293,62,0.8709677419354839,5,51,23,15,24,19,0.08064516129032258,0.8225806451612904,0.3709677419354839,0.24193548387096775,0.3870967741935484,0.3064516129032258,0,0.4426229508196721,0.11475409836065574,0.16393442622950818,0.16393442622950818,0.11475409836065574,0,0,0,0
2024,00-0033307,38,9.289473684210526,5,8,15,7,16,2,0.13157894736842105,0.21052631578947367,0.39473684210526316,0.18421052631578946,0.42105263157894735,0.05263157894736842,0,0.07894736842105263,0.18421052631578946,0.18421052631578946,0.34210526315789475,0.21052631578947367,0,0,0,0
2024,00-0033357,31,3.4838709677419355,1,20,8,9,14,2,0.03225806451612903,0.6451612903225806,0.25806451612903225,0.2903225806451613,0.45161290322580644,0.06451612903225806,0,0.12903225806451613,0.06451612903225806,0.22580645161290322,0.3225806451612903,0.25806451612903225,0,0,0,0
2024,00-0033375,45,9.977272727272727,14,15,7,23,14,9,0.3111111111111111,0.3333333333333333,0.15555555555555556,0.5111111111111111,0.3111111111111111,0.2,0,0.044444444444444446,0.17777777777777778,0.4222222222222222,0.1111111111111111,0.24444444444444444,0,0,0,0
2024,00-0033376,5,1.2,0,4,0,2,3,2,0,0.8,0,0.4,0.6,0.4,0,0,0.25,0.25,0.5,0,0,0,0,0
2024,00-0033439,12,4.25,1,6,4,2,6,1,0.08333333333333333,0.5,0.3333333333333333,0.16666666666666666,0.5,0.08333333333333333,0,0.08333333333333333,0.08333333333333333,0.16666666666666666,0.16666666666666666,0.5,0,0,0,0
2024,00-0033460,2,23.5,1,1,2,0,0,0,0.5,0.5,1,0,0,0,0,0,0.5,0,0,0.5,0,0,0,0
2024,00-0033526,35,0.3142857142857143,0,29,8,6,21,3,0,0.8285714285714286,0.22857142857142856,0.17142857142857143,0.6,0.08571428571428572,0,0.45714285714285713,0.02857142857142857,0.14285714285714285,0.2857142857142857,0.08571428571428572,0,0,0,0
2024,00-0033536,35,15.235294117647058,19,4,15,7,12,3,0.5428571428571428,0.11428571428571428,0.42857142857142855,0.2,0.34285714285714286,0.08571428571428572,0,0,0.5428571428571428,0.22857142857142856,0.05714285714285714,0.17142857142857143,0,0,0,0
2024,00-0033553,55,-1.8727272727272728,0,55,28,12,15,5,0,1,0.509090909090909,0.21818181818181817,0.2727272727272727,0.09090909090909091,0,0.4909090909090909,0,0.03636363636363636,0.18181818181818182,0.2909090909090909,0,0,0,0
2024,00-0033555,50,12.98,16,7,18,12,20,7,0.32,0.14,0.36,0.24,0.4,0.14,0,0.02,0.28,0.38,0.16,0.16,5.817199999999999,2.9889089434892746,0,16.074332057787625
2024,00-0033576,14,6.714285714285714,2,4,5,4,5,4,0.14285714285714285,0.2857142857142857,0.35714285714285715,0.2857142857142857,0.35714285714285715,0.2857142857142857,0,0.07142857142857142,0.21428571428571427,0.07142857142857142,0.21428571428571427,0.42857142857142855,0,0,0,0
2024,00-0033589,57,11.070175438596491,18,11,18,10,29,11,0.3157894736842105,0.19298245614035087,0.3157894736842105,0.17543859649122806,0.5087719298245614,0.19298245614035087,0,0.017857142857142856,0.2857142857142857,0.21428571428571427,0.23214285714285715,0.25,5.861851851851852,2.2660789733529554,0,15.752839992061652
2024,00-0033591,56,11.375,16,10,10,12,34,4,0.2857142857142857,0.17857142857142858,0.17857142857142858,0.21428571428571427,0.6071428571428571,0.07142857142857142,0,0.05555555555555555,0.2222222222222222,0.25925925925925924,0.16666666666666666,0.2962962962962963,6.589230769230768,2.6139237058800577,0,16.330556387269493
2024,00-0033699,41,-1.4390243902439024,0,38,10,10,21,3,0,0.926829268292683,0.24390243902439024,0.24390243902439024,0.5121951219512195,0.07317073170731707,0,0.5121951219512195,0.024390243902439025,0.12195121951219512,0.1951219512195122,0.14634146341463414,0,0,0,0
2024,00-0033854,28,1.7142857142857142,1,23,6,4,18,6,0.03571428571428571,0.8214285714285714,0.21428571428571427,0.14285714285714285,0.6428571428571429,0.21428571428571427,0,0.2962962962962963,0.07407407407407407,0.1111111111111111,0.37037037037037035,0.14814814814814814,0,0,0,0
2024,00-0033857,26,5.5,2,12,12,7,7,6,0.07692307692307693,0.46153846153846156,0.46153846153846156,0.2692307692307692,0.2692307692307692,0.23076923076923078,0,0.15384615384615385,0,0.5384615384615384,0.15384615384615385,0.15384615384615385,0,0,0,0
2024,00-0033858,111,4.882882882882883,10,58,41,30,40,18,0.09009009009009009,0.5225225225225225,0.36936936936936937,0.2702702702702703,0.36036036036036034,0.16216216216216217,0,0.21621621621621623,0.11711711711711711,0.26126126126126126,0.25225225225225223,0.15315315315315314,6.345308641975309,3.496320195255606,0,14.6127136676057
2024,00-0033863,1,1,0,1,1,0,0,1,0,1,1,0,0,1,0,0,0,0,1,0,0,0,0,0
2024,00-0033873,1,-1,0,1,0,1,0,0,0,1,0,1,0,0,0,0,0,1,0,0,0,0,0,0
2024,00-0033881,67,5.625,8,32,25,13,26,7,0.11940298507462686,0.47761194029850745,0.373134328358209,0.19402985074626866,0.3880597014925373,0.1044776119402985,0,0.13846153846153847,0.16923076923076924,0.15384615384615385,0.3076923076923077,0.23076923076923078,6.620408163265305,3.646108447464602,0,7.932927322524354
2024,00-0033885,99,5.257731958762887,9,58,36,25,36,16,0.09090909090909091,0.5858585858585859,0.36363636363636365,0.25252525252525254,0.36363636363636365,0.16161616161616163,0,0.07142857142857142,0.1326530612244898,0.24489795918367346,0.3469387755102041,0.20408163265306123,6.390454545454546,3.09989212913583,0,10.431349464111724
2024,00-0033891,11,10.818181818181818,4,4,5,2,4,0,0.36363636363636365,0.36363636363636365,0.45454545454545453,0.18181818181818182,0.36363636363636365,0,0,0.09090909090909091,0.2727272727272727,0.2727272727272727,0.2727272727272727,0.09090909090909091,0,0,0,0
2024,00-0033893,1,3,0,1,0,1,0,0,0,1,0,1,0,0,0,0,0,0,0,1,0,0,0,0
2024,00-0033895,13,2.6923076923076925,2,9,5,0,8,2,0.15384615384615385,0.6923076923076923,0.38461538461538464,0,0.6153846153846154,0.15384615384615385,0,0.25,0.16666666666666666,0.08333333333333333,0.5,0,0,0,0,0
2024,00-0033897,52,-0.5192307692307693,0,44,24,6,22,7,0,0.8461538461538461,0.46153846153846156,0.11538461538461539,0.4230769230769231,0.1346153846153846,0,0.5192307692307693,0.038461538461538464,0.11538461538461539,0.2692307692307692,0.057692307692307696,0,0,0,0
2024,00-0033906,89,0.8876404494382022,4,74,36,24,29,6,0.0449438202247191,0.8314606741573034,0.4044943820224719,0.2696629213483146,0.3258426966292135,0.06741573033707865,0,0.3977272727272727,0.045454545454545456,0.14772727272727273,0.22727272727272727,0.18181818181818182,0,0,0,0
2024,00-0033908,100,7.58,21,41,45,18,37,10,0.21,0.41,0.45,0.18,0.37,0.1,0,0.0707070707070707,0.1919191919191919,0.1919191919191919,0.36363636363636365,0.18181818181818182,7.11934065934066,3.2635752640753366,0,19.166225438286855
2024,00-0033921,62,5.741935483870968,7,25,24,15,23,7,0.11290322580645161,0.4032258064516129,0.3870967741935484,0.24193548387096775,0.3709677419354839,0.11290322580645161,0,0.21311475409836064,0.04918032786885246,0.3114754098360656,0.3114754098360656,0.11475409836065574,6.390701754385964,3.233242610841702,0,9.034607903291079
2024,00-0033923,32,-1.8125,0,31,17,4,11,10,0,0.96875,0.53125,0.125,0.34375,0.3125,0,0.5483870967741935,0,0.12903225806451613,0.2903225806451613,0.03225806451612903,0,0,0,0
2024,00-0033925,8,0.125,0,7,4,1,3,0,0,0.875,0.5,0.125,0.375,0,0,0.5,0,0.125,0.25,0.125,0,0,0,0
2024,00-0033943,24,11.25,7,3,11,7,6,3,0.2916666666666667,0.125,0.4583333333333333,0.2916666666666667,0.25,0.125,0,0.041666666666666664,0.20833333333333334,0.25,0.2916666666666667,0.20833333333333334,0,0,0,0
2024,00-0033948,12,-1.2727272727272727,0,11,1,6,4,2,0,0.9166666666666666,0.08333333333333333,0.5,0.3333333333333333,0.16666666666666666,0,0.2,0,0,0.3,0.5,0,0,0,0
2024,00-0033955,12,1.6666666666666667,1,10,7,2,3,2,0.08333333333333333,0.8333333333333334,0.5833333333333334,0.16666666666666666,0.25,0.16666666666666666,0,0.3333333333333333,0.08333333333333333,0,0.3333333333333333,0.25,0,0,0,0
2024,00-0034054,9,7.888888888888889,1,4,1,1,7,1,0.1111111111111111,0.4444444444444444,0.1111111111111111,0.1111111111111111,0.7777777777777778,0.1111111111111111,0,0,0.2222222222222222,0.2222222222222222,0.3333333333333333,0.2222222222222222,0,0,0,0
2024,00-0034073,1,1,0,1,1,0,0,0,0,1,1,0,0,0,0,0,0,0,1,0,0,0,0,0
2024,00-0034115,3,0,0,3,3,0,0,0,0,1,1,0,0,0,0,0.3333333333333333,0,0,0.6666666666666666,0,0,0,0,0
2024,00-0034159,64,4.609375,7,43,22,17,25,8,0.109375,0.671875,0.34375,0.265625,0.390625,0.125,0,0.15625,0.125,0.234375,0.28125,0.203125,5.98392156862745,3.325704332928727,0,6.653587046448409
2024,00-0034184,5,-3,0,5,1,1,3,0,0,1,0.2,0.2,0.6,0,0,0.4,0,0,0.2,0.4,0,0,0,0
2024,00-0034208,3,-4.666666666666667,0,3,3,0,0,0,0,1,1,0,0,0,0,0.3333333333333333,0,0,0.3333333333333333,0.3333333333333333,0,0,0,0
2024,00-0034270,73,4.972222222222222,13,45,18,22,32,10,0.1780821917808219,0.6164383561643836,0.2465753424657534,0.3013698630136986,0.4383561643835616,0.136986301369863,0,0.04285714285714286,0.17142857142857143,0.17142857142857143,0.4,0.21428571428571427,6.160222222222222,4.324308091444355,0,9.563184277489663
2024,00-0034272,44,17.386363636363637,23,5,11,14,19,2,0.5227272727272727,0.11363636363636363,0.25,0.3181818181818182,0.4318181818181818,0.045454545454545456,0,0.022727272727272728,0.3181818181818182,0.29545454545454547,0.1590909090909091,0.20454545454545456,0,0,0,0
2024,00-0034348,135,13.237037037037037,55,19,53,26,56,23,0.4074074074074074,0.14074074074074075,0.3925925925925926,0.1925925925925926,0.4148148148148148,0.17037037037037037,0,0.022556390977443608,0.2556390977443609,0.39097744360902253,0.13533834586466165,0.19548872180451127,5.976917293233083,2.472155025066519,0,43.94304085931439
2024,00-0034351,52,6.596153846153846,6,24,24,3,25,9,0.11538461538461539,0.46153846153846156,0.46153846153846156,0.057692307692307696,0.4807692307692308,0.17307692307692307,0,0.07692307692307693,0.17307692307692307,0.17307692307692307,0.4230769230769231,0.15384615384615385,5.9312195121951214,3.199622072109197,0,10.558697371258779
2024,00-0034353,1,15,1,0,1,0,0,0,1,0,1,0,0,0,0,0,0,0,1,0,0,0,0,0
2024,00-0034364,58,6.017241379310345,5,23,22,13,23,7,0.08620689655172414,0.39655172413793105,0.3793103448275862,0.22413793103448276,0.39655172413793105,0.1206896551724138,0,0.10526315789473684,0.10526315789473684,0.17543859649122806,0.40350877192982454,0.21052631578947367,4.8229729729729724,4.018240006615709,0,7.051802533290028
2024,00-0034365,6,4,1,4,2,1,3,1,0.16666666666666666,0.6666666666666666,0.3333333333333333,0.16666666666666666,0.5,0.16666666666666666,0,0,0.16666666666666666,0.3333333333333333,0.5,0,0,0,0,0
2024,00-0034383,85,8.047058823529412,16,34,27,20,38,8,0.18823529411764706,0.4,0.3176470588235294,0.23529411764705882,0.4470588235294118,0.09411764705882353,0,0.011764705882352941,0.15294117647058825,0.15294117647058825,0.4588235294117647,0.2235294117647059,6.927068965517242,3.1690435838639153,0,14.299691644290771
2024,00-0034386,32,15.1875,12,3,6,10,16,4,0.375,0.09375,0.1875,0.3125,0.5,0.125,0,0.0625,0.3125,0.28125,0.15625,0.1875,0,0,0,0
2024,00-0034407,87,6.7701149425287355,10,36,28,30,29,6,0.11494252873563218,0.41379310344827586,0.3218390804597701,0.3448275862068966,0.3333333333333333,0.06896551724137931,0,0.24705882352941178,0.08235294117647059,0.3411764705882353,0.2,0.12941176470588237,8.143947368421053,3.187889198014638,0,13.054214688559146
2024,00-0034418,27,7.2592592592592595,4,8,11,7,9,1,0.14814814814814814,0.2962962962962963,0.4074074074074074,0.25925925925925924,0.3333333333333333,0.037037037037037035,0,0,0.18518518518518517,0.18518518518518517,0.3333333333333333,0.2962962962962963,0,0,0,0
2024,00-0034419,4,6.5,0,0,3,1,0,1,0,0,0.75,0.25,0,0.25,0,0,0.25,0.5,0,0.25,0,0,0,0
2024,00-0034487,9,6,0,2,2,2,5,1,0,0.2222222222222222,0.2222222222222222,0.2222222222222222,0.5555555555555556,0.1111111111111111,0,0,0.1111111111111111,0.2222222222222222,0.2222222222222222,0.4444444444444444,0,0,0,0
2024,00-0034521,60,11.066666666666666,16,14,21,19,20,12,0.26666666666666666,0.23333333333333334,0.35,0.31666666666666665,0.3333333333333333,0.2,0,0.05,0.2833333333333333,0.2833333333333333,0.23333333333333334,0.15,5.3021052631578955,2.6047981292468405,0,16.328575580950634
2024,00-0034571,1,1,0,1,1,0,0,1,0,1,1,0,0,1,0,0,1,0,0,0,0,0,0,0
2024,00-0034613,24,4.260869565217392,1,14,4,8,11,5,0.041666666666666664,0.5833333333333334,0.16666666666666666,0.3333333333333333,0.4583333333333333,0.20833333333333334,0,0.08333333333333333,0.125,0.3333333333333333,0.25,0.20833333333333334,0,0,0,0
2024,00-0034646,10,10.2,1,0,3,6,1,1,0.1,0,0.3,0.6,0.1,0.1,0,0,0.3333333333333333,0.2222222222222222,0.2222222222222222,0.2222222222222222,0,0,0,0
2024,00-0034753,69,10.594202898550725,15,16,28,16,25,16,0.21739130434782608,0.2318840579710145,0.4057971014492754,0.2318840579710145,0.36231884057971014,0.2318840579710145,0,0,0.2898550724637681,0.3333333333333333,0.2463768115942029,0.13043478260869565,5.042407407407406,3.5691250016462193,0,17.40564990297074
2024,00-0034775,47,13.702127659574469,17,9,19,11,17,5,0.3617021276595745,0.19148936170212766,0.40425531914893614,0.23404255319148937,0.3617021276595745,0.10638297872340426,0,0.10638297872340426,0.3191489361702128,0.1276595744680851,0.3191489361702128,0.1276595744680851,6.582820512820513,2.7862910270696193,0,14.299284665965589
2024,00-0034777,10,11.5,2,2,5,2,3,2,0.2,0.2,0.5,0.2,0.3,0.2,0,0,0.1111111111111111,0.1111111111111111,0.4444444444444444,0.3333333333333333,0,0,0,0
2024,00-0034791,11,-0.45454545454545453,0,10,3,4,4,1,0,0.9090909090909091,0.2727272727272727,0.36363636363636365,0.36363636363636365,0.09090909090909091,0,0.4,0,0.1,0.3,0.2,0,0,0,0
2024,00-0034798,17,5.529411764705882,1,11,8,2,7,3,0.058823529411764705,0.6470588235294118,0.47058823529411764,0.11764705882352941,0.4117647058823529,0.17647058823529413,0,0,0.11764705882352941,0.23529411764705882,0.5294117647058824,0.11764705882352941,0,0,0,0
2024,00-0034827,142,7.492857142857143,26,63,61,30,49,23,0.18309859154929578,0.44366197183098594,0.4295774647887324,0.2112676056338028,0.34507042253521125,0.1619718309859155,0,0.2765957446808511,0.18439716312056736,0.23404255319148937,0.1276595744680851,0.1773049645390071,5.777984496124031,3.4436736229439004,0,24.960116479102005
2024,00-0034829,83,7.409638554216867,10,29,35,17,31,10,0.12048192771084337,0.3493975903614458,0.42168674698795183,0.20481927710843373,0.37349397590361444,0.12048192771084337,0,0,0.13253012048192772,0.18072289156626506,0.40963855421686746,0.27710843373493976,5.392876712328767,3.0255195866939495,0,13.452627122087238
2024,00-0034830,13,4.769230769230769,1,6,3,3,7,3,0.07692307692307693,0.46153846153846156,0.23076923076923078,0.23076923076923078,0.5384615384615384,0.23076923076923078,0,0,0.15384615384615385,0.3076923076923077,0.38461538461538464,0.15384615384615385,0,0,0,0
2024,00-0034834,1,2,0,1,1,0,0,1,0,1,1,0,0,1,0,0,1,0,0,0,0,0,0,0
2024,00-0034837,120,15.691666666666666,60,23,45,24,51,8,0.5,0.19166666666666668,0.375,0.2,0.425,0.06666666666666667,0,0.058823529411764705,0.3865546218487395,0.19327731092436976,0.20168067226890757,0.15966386554621848,6.006347826086954,2.744836643924202,0,44.57737649791531
2024,00-0034844,43,2.2790697674418605,5,33,19,7,17,11,0.11627906976744186,0.7674418604651163,0.4418604651162791,0.16279069767441862,0.3953488372093023,0.2558139534883721,0,0.4186046511627907,0.11627906976744186,0.023255813953488372,0.27906976744186046,0.16279069767441862,0,0,0,0
2024,00-0034854,12,10.5,4,6,3,4,5,2,0.3333333333333333,0.5,0.25,0.3333333333333333,0.4166666666666667,0.16666666666666666,0,0.2727272727272727,0.36363636363636365,0.09090909090909091,0.09090909090909091,0.18181818181818182,0,0,0,0
2024,00-0034860,29,10.071428571428571,8,11,16,3,9,4,0.27586206896551724,0.3793103448275862,0.5517241379310345,0.10344827586206896,0.3103448275862069,0.13793103448275862,0,0.1111111111111111,0.18518518518518517,0.14814814814814814,0.37037037037037035,0.18518518518518517,0,0,0,0
2024,00-0034959,2,10.5,1,1,1,0,1,0,0.5,0.5,0.5,0,0.5,0,0,0.5,0.5,0,0,0,0,0,0,0
2024,00-0034960,130,9.930232558139535,41,35,57,24,48,16,0.3153846153846154,0.2692307692307692,0.43846153846153846,0.18461538461538463,0.36923076923076925,0.12307692307692308,0,0.0703125,0.21875,0.2421875,0.2734375,0.1953125,6.4472,2.731501328602795,0,30.862077796015324
2024,00-0034972,48,-0.08333333333333333,1,45,18,9,21,2,0.020833333333333332,0.9375,0.375,0.1875,0.4375,0.041666666666666664,0,0.44680851063829785,0,0.1276595744680851,0.2765957446808511,0.14893617021276595,0,0,0,0
2024,00-0034975,51,-0.6666666666666666,3,48,27,5,19,8,0.058823529411764705,0.9411764705882353,0.5294117647058824,0.09803921568627451,0.37254901960784315,0.1568627450980392,0,0.62,0.06,0.08,0.2,0.04,0,0,0,0
2024,00-0034981,43,9.232558139534884,12,17,9,13,21,9,0.27906976744186046,0.3953488372093023,0.20930232558139536,0.3023255813953488,0.4883720930232558,0.20930232558139536,0,0.046511627906976744,0.3023255813953488,0.18604651162790697,0.20930232558139536,0.2558139534883721,0,0,0,0
2024,00-0035021,8,19.25,5,1,4,1,3,1,0.625,0.125,0.5,0.125,0.375,0.125,0,0,0.5,0.375,0,0.125,0,0,0,0
2024,00-0035125,12,1.25,0,10,7,1,4,1,0,0.8333333333333334,0.5833333333333334,0.08333333333333333,0.3333333333333333,0.08333333333333333,0,0.08333333333333333,0.16666666666666666,0.08333333333333333,0.6666666666666666,0,0,0,0,0
2024,00-0035140,14,-1,0,13,6,2,6,5,0,0.9285714285714286,0.42857142857142855,0.14285714285714285,0.42857142857142855,0.35714285714285715,0,0.5714285714285714,0,0.14285714285714285,0.21428571428571427,0.07142857142857142,0,0,0,0
2024,00-0035208,64,6.34375,8,29,11,13,40,8,0.125,0.453125,0.171875,0.203125,0.625,0.125,0,0.21875,0.140625,0.171875,0.234375,0.234375,7.107333333333333,3.9944681268748887,0,10.240313607874416
2024,00-0035216,67,10.91044776119403,21,20,25,15,27,12,0.31343283582089554,0.29850746268656714,0.373134328358209,0.22388059701492538,0.40298507462686567,0.1791044776119403,0,0.07575757575757576,0.24242424242424243,0.36363636363636365,0.24242424242424243,0.07575757575757576,5.21246153846154,2.6821615965763,0,17.63987155177979
2024,00-0035229,62,8.387096774193548,12,17,14,25,23,9,0.1935483870967742,0.27419354838709675,0.22580645161290322,0.4032258064516129,0.3709677419354839,0.14516129032258066,0,0,0.1896551724137931,0.29310344827586204,0.3275862068965517,0.1896551724137931,6.113076923076922,3.062507251337355,0,11.766768827287558
2024,00-0035243,30,1.3666666666666667,5,23,12,1,17,4,0.16666666666666666,0.7666666666666667,0.4,0.03333333333333333,0.5666666666666667,0.13333333333333333,0,0.6206896551724138,0.1724137931034483,0,0.1724137931034483,0.034482758620689655,0,0,0,0
2024,00-0035249,28,7.785714285714286,4,13,9,9,10,3,0.14285714285714285,0.4642857142857143,0.32142857142857145,0.32142857142857145,0.35714285714285715,0.10714285714285714,0,0.037037037037037035,0.2222222222222222,0.25925925925925924,0.3333333333333333,0.14814814814814814,0,0,0,0
2024,00-0035250,24,-2.8333333333333335,0,23,13,6,5,0,0,0.9583333333333334,0.5416666666666666,0.25,0.20833333333333334,0,0,0.5833333333333334,0.041666666666666664,0.20833333333333334,0.16666666666666666,0,0,0,0,0
2024,00-0035261,57,0.14035087719298245,2,50,27,11,19,3,0.03508771929824561,0.8771929824561403,0.47368421052631576,0.19298245614035087,0.3333333333333333,0.05263157894736842,0,0.45614035087719296,0.05263157894736842,0.17543859649122806,0.17543859649122806,0.14035087719298245,0,0,0,0
2024,00-0035298,9,11.777777777777779,3,3,6,1,2,1,0.3333333333333333,0.3333333333333333,0.6666666666666666,0.1111111111111111,0.2222222222222222,0.1111111111111111,0,0.1111111111111111,0.3333333333333333,0.1111111111111111,0.2222222222222222,0.2222222222222222,0,0,0,0
2024,00-0035311,1,-2,0,1,0,0,1,0,0,1,0,0,1,0,0,0,0,0,1,0,0,0,0,0
2024,00-0035341,10,6.2,1,6,2,2,6,6,0.1,0.6,0.2,0.2,0.6,0.6,0,0,0.1,0.6,0.2,0.1,0,0,0,0
2024,00-0035406,45,6.511111111111111,8,22,17,10,18,6,0.17777777777777778,0.4888888888888889,0.37777777777777777,0.2222222222222222,0.4,0.13333333333333333,0,0.2222222222222222,0.1111111111111111,0.3333333333333333,0.2222222222222222,0.1111111111111111,6.786666666666667,3.359991106858923,0,7.085401756568658
2024,00-0035500,50,4.14,7,32,20,11,19,8,0.14,0.64,0.4,0.22,0.38,0.16,0,0.2708333333333333,0.08333333333333333,0.22916666666666666,0.2916666666666667,0.125,7.47525,3.688801355792188,0,5.757698870561468
2024,00-0035535,72,13.070422535211268,26,8,37,13,21,6,0.3611111111111111,0.1111111111111111,0.5138888888888888,0.18055555555555555,0.2916666666666667,0.08333333333333333,0,0.014285714285714285,0.2571428571428571,0.32857142857142857,0.08571428571428572,0.3142857142857143,5.56927536231884,2.41465559684947,0,24.241884195599102
2024,00-0035537,25,8.16,8,14,10,5,10,7,0.32,0.56,0.4,0.2,0.4,0.28,0,0.2,0.24,0.04,0.28,0.24,0,0,0,0
2024,00-0035544,1,11,0,0,1,0,0,0,0,0,1,0,0,0,0,0,0,1,0,0,0,0,0,0
2024,00-0035547,3,1.3333333333333333,0,2,1,1,1,1,0,0.6666666666666666,0.3333333333333333,0.3333333333333333,0.3333333333333333,0.3333333333333333,0,0,0,0.5,0.5,0,0,0,0,0
2024,00-0035567,5,-2,0,4,1,2,2,0,0,0.8,0.2,0.4,0.4,0,0,0.6,0,0,0,0.4,0,0,0,0
2024,00-0035594,3,0.3333333333333333,0,3,2,0,1,0,0,1,0.6666666666666666,0,0.3333333333333333,0,0,0.3333333333333333,0,0,0.6666666666666666,0,0,0,0,0
2024,00-0035602,4,7,0,1,1,0,2,1,0,0.25,0.25,0,0.5,0.25,0,0.25,0,0.25,0.5,0,0,0,0,0
2024,00-0035628,19,0.3684210526315789,0,15,5,6,8,3,0,0.7894736842105263,0.2631578947368421,0.3157894736842105,0.42105263157894735,0.15789473684210525,0,0.3333333333333333,0.05555555555555555,0.1111111111111111,0.3333333333333333,0.16666666666666666,0,0,0,0
2024,00-0035631,22,1.5454545454545454,0,18,9,5,8,2,0,0.8181818181818182,0.4090909090909091,0.22727272727272727,0.36363636363636365,0.09090909090909091,0,0.09090909090909091,0.045454545454545456,0.09090909090909091,0.45454545454545453,0.3181818181818182,0,0,0,0
2024,00-0035639,8,4.25,0,4,3,1,4,1,0,0.5,0.375,0.125,0.5,0.125,0,0,0,0,0.25,0.75,0,0,0,0
2024,00-0035640,109,13.712962962962964,47,22,38,24,46,10,0.43119266055045874,0.2018348623853211,0.3486238532110092,0.22018348623853212,0.42201834862385323,0.09174311926605505,0,0.045871559633027525,0.3394495412844037,0.3486238532110092,0.12844036697247707,0.13761467889908258,5.656698113207547,2.55766126374373,0,36.29118311538263
2024,00-0035644,64,5.296875,4,29,26,14,24,5,0.0625,0.453125,0.40625,0.21875,0.375,0.078125,0,0.09523809523809523,0.1111111111111111,0.1111111111111111,0.42857142857142855,0.25396825396825395,6.00156862745098,4.191326581736609,0,8.69595080225972
2024,00-0035659,118,13.341880341880342,40,25,69,18,30,16,0.3389830508474576,0.211864406779661,0.5847457627118644,0.15254237288135594,0.2542372881355932,0.13559322033898305,0,0.0847457627118644,0.3135593220338983,0.2711864406779661,0.11016949152542373,0.22033898305084745,6.540357142857144,2.7326569820340496,0,40.24315681148554
2024,00-0035662,15,8.2,3,5,9,1,5,2,0.2,0.3333333333333333,0.6,0.06666666666666667,0.3333333333333333,0.13333333333333333,0,0.13333333333333333,0.2,0.26666666666666666,0.3333333333333333,0.06666666666666667,0,0,0,0
2024,00-0035676,97,12.041237113402062,28,12,44,16,37,11,0.28865979381443296,0.12371134020618557,0.4536082474226804,0.16494845360824742,0.38144329896907214,0.1134020618556701,0,0.010309278350515464,0.24742268041237114,0.38144329896907214,0.15463917525773196,0.20618556701030927,5.621030927835051,2.097740166108409,0,34.85029115046369
2024,00-0035685,38,-0.47368421052631576,0,38,12,14,12,3,0,1,0.3157894736842105,0.3684210526315789,0.3157894736842105,0.07894736842105263,0,0.40540540540540543,0,0.10810810810810811,0.1891891891891892,0.2972972972972973,0,0,0,0
2024,00-0035689,33,9.575757575757576,9,12,10,8,15,5,0.2727272727272727,0.36363636363636365,0.30303030303030304,0.24242424242424243,0.45454545454545453,0.15151515151515152,0,0.06060606060606061,0.30303030303030304,0.3939393939393939,0.24242424242424243,0,0,0,0,0
2024,00-0035700,43,-0.9534883720930233,1,39,16,8,19,4,0.023255813953488372,0.9069767441860465,0.37209302325581395,0.18604651162790697,0.4418604651162791,0.09302325581395349,0,0.46511627906976744,0.023255813953488372,0.06976744186046512,0.3023255813953488,0.13953488372093023,0,0,0,0
2024,00-0035719,81,6.802469135802469,16,38,33,26,22,14,0.19753086419753085,0.4691358024691358,0.4074074074074074,0.32098765432098764,0.2716049382716049,0.1728395061728395,0,0.24050632911392406,0.12658227848101267,0.4177215189873418,0.08860759493670886,0.12658227848101267,5.648333333333333,3.1397865544736616,0,11.859136103874851
2024,00-0035795,1,14,0,0,1,0,0,0,0,0,1,0,0,0,0,0,1,0,0,0,0,0,0,0
2024,00-0035806,12,-0.16666666666666666,0,11,4,3,5,1,0,0.9166666666666666,0.3333333333333333,0.25,0.4166666666666667,0.08333333333333333,0,0.16666666666666666,0,0.25,0.25,0.3333333333333333,0,0,0,0
2024,00-0035891,3,13.333333333333334,1,0,1,1,1,0,0.3333333333333333,0,0.3333333333333333,0.3333333333333333,0.3333333333333333,0,0,0,0.3333333333333333,0,0,0.6666666666666666,0,0,0,0
2024,00-0035973,11,3.5454545454545454,1,6,4,4,3,1,0.09090909090909091,0.5454545454545454,0.36363636363636365,0.36363636363636365,0.2727272727272727,0.09090909090909091,0,0.18181818181818182,0,0.18181818181818182,0.36363636363636365,0.2727272727272727,0,0,0,0
2024,00-0035976,4,7.5,1,1,3,0,1,0,0.25,0.25,0.75,0,0.25,0,0,0,0.25,0,0.5,0.25,0,0,0,0
2024,00-0036037,1,11,0,0,1,0,0,0,0,0,1,0,0,0,0,0,0,0,0,1,0,0,0,0
2024,00-0036040,68,8.287878787878787,16,25,13,23,30,8,0.23529411764705882,0.36764705882352944,0.19117647058823528,0.3382352941176471,0.4411764705882353,0.11764705882352941,0,0.06060606060606061,0.30303030303030304,0.09090909090909091,0.3484848484848485,0.19696969696969696,5.994561403508772,3.3959521574149885,0,12.863406471594693
2024,00-0036096,3,-2,0,3,2,1,0,0,0,1,0.6666666666666666,0.3333333333333333,0,0,0,0.3333333333333333,0,0.3333333333333333,0.3333333333333333,0,0,0,0,0
2024,00-0036133,3,5.666666666666667,0,1,1,0,2,0,0,0.3333333333333333,0.3333333333333333,0,0.6666666666666666,0,0,0.3333333333333333,0,0,0.3333333333333333,0.3333333333333333,0,0,0,0
2024,00-0036139,50,0.020408163265306124,2,45,12,13,24,8,0.04,0.9,0.24,0.26,0.48,0.16,0,0.4,0.04,0.12,0.24,0.2,0,0,0,0
2024,00-0036158,38,-1.1578947368421053,1,36,13,8,17,5,0.02631578947368421,0.9473684210526315,0.34210526315789475,0.21052631578947367,0.4473684210526316,0.13157894736842105,0,0.5789473684210527,0.05263157894736842,0.10526315789473684,0.18421052631578946,0.07894736842105263,0,0,0,0
2024,00-0036165,2,5.5,0,0,1,1,0,0,0,0,0.5,0.5,0,0,0,0,0,0.5,0,0.5,0,0,0,0
2024,00-0036176,2,8.5,0,0,0,2,0,0,0,0,0,1,0,0,0,0,0,0.5,0,0.5,0,0,0,0
2024,00-0036182,60,11.666666666666666,17,9,22,13,25,10,0.2833333333333333,0.15,0.36666666666666664,0.21666666666666667,0.4166666666666667,0.16666666666666666,0,0,0.40350877192982454,0.3157894736842105,0.12280701754385964,0.15789473684210525,6.170847457627119,2.313465212806617,0,17.59011788945798
2024,00-0036183,3,5.333333333333333,0,2,1,0,2,3,0,0.6666666666666666,0.3333333333333333,0,0.6666666666666666,1,0,0,0,0.3333333333333333,0.3333333333333333,0.3333333333333333,0,0,0,0
2024,00-0036196,42,13.452380952380953,17,8,16,9,17,10,0.40476190476190477,0.19047619047619047,0.38095238095238093,0.21428571428571427,0.40476190476190477,0.23809523809523808,0,0,0.2682926829268293,0.14634146341463414,0.24390243902439024,0.34146341463414637,0,0,0,0
2024,00-0036223,31,-0.3225806451612903,0,30,11,3,17,3,0,0.967741935483871,0.3548387096774194,0.0967741935483871,0.5483870967741935,0.0967741935483871,0,0.25806451612903225,0.0967741935483871,0.12903225806451613,0.45161290322580644,0.06451612903225806,0,0,0,0
2024,00-0036232,12,3.4166666666666665,1,9,3,4,5,0,0.08333333333333333,0.75,0.25,0.3333333333333333,0.4166666666666667,0,0,0.1,0.2,0.2,0.5,0,0,0,0,0
2024,00-0036244,49,5.36734693877551,4,21,17,14,18,9,0.08163265306122448,0.42857142857142855,0.3469387755102041,0.2857142857142857,0.3673469387755102,0.1836734693877551,0,0.04081632653061224,0.1836734693877551,0.1836734693877551,0.3673469387755102,0.22448979591836735,6.817187499999999,3.7235658411046417,0,6.884633486292505
2024,00-0036251,27,0.1111111111111111,0,24,10,6,11,3,0,0.8888888888888888,0.37037037037037035,0.2222222222222222,0.4074074074074074,0.1111111111111111,0,0.37037037037037035,0,0.07407407407407407,0.2222222222222222,0.3333333333333333,0,0,0,0
2024,00-0036252,112,11.117117117117116,33,27,40,26,45,14,0.29464285714285715,0.24107142857142858,0.35714285714285715,0.23214285714285715,0.4017857142857143,0.125,0,0.11711711711711711,0.24324324324324326,0.27927927927927926,0.17117117117117117,0.1891891891891892,6.584112149532712,2.841029382738347,0,22.97210390615684
2024,00-0036254,2,8,0,1,0,1,1,0,0,0.5,0,0.5,0.5,0,0,0,0,0.5,0,0.5,0,0,0,0
2024,00-0036259,113,9.902654867256636,24,31,43,27,43,15,0.21238938053097345,0.2743362831858407,0.3805309734513274,0.23893805309734514,0.3805309734513274,0.13274336283185842,0,0,0.18018018018018017,0.21621621621621623,0.36036036036036034,0.24324324324324326,5.329449541284403,2.4917435586970256,0,26.822742626968004
2024,00-0036261,47,11.829787234042554,17,6,23,8,16,6,0.3617021276595745,0.1276595744680851,0.48936170212765956,0.1702127659574468,0.3404255319148936,0.1276595744680851,0,0.022222222222222223,0.17777777777777778,0.24444444444444444,0.35555555555555557,0.2,5.195744680851064,2.3546868965845733,0,13.496956223261828
2024,00-0036268,5,-2,0,5,3,0,2,0,0,1,0.6,0,0.4,0,0,0.8,0,0.2,0,0,0,0,0,0
2024,00-0036275,53,0.038461538461538464,2,47,22,8,22,1,0.03773584905660377,0.8867924528301887,0.41509433962264153,0.1509433962264151,0.41509433962264153,0.018867924528301886,0,0.5192307692307693,0.057692307692307696,0.15384615384615385,0.19230769230769232,0.07692307692307693,0,0,0,0
2024,00-0036290,59,7.1454545454545455,10,18,13,11,31,12,0.1694915254237288,0.3050847457627119,0.22033898305084745,0.1864406779661017,0.5254237288135594,0.2033898305084746,0,0.0847457627118644,0.1864406779661017,0.15254237288135594,0.3559322033898305,0.22033898305084745,6.967142857142857,3.901410308037418,0,8.894025160254875
2024,00-0036309,106,12.20754716981132,41,25,51,17,38,6,0.3867924528301887,0.2358490566037736,0.4811320754716981,0.16037735849056603,0.3584905660377358,0.05660377358490566,0,0.08737864077669903,0.2815533980582524,0.1262135922330097,0.3786407766990291,0.1262135922330097,6.457171717171717,2.9777865475755743,0,29.99044399690993
2024,00-0036322,154,10.922077922077921,46,35,69,32,53,26,0.2987012987012987,0.22727272727272727,0.44805194805194803,0.2077922077922078,0.34415584415584416,0.16883116883116883,0,0.09868421052631579,0.23684210526315788,0.27631578947368424,0.23684210526315788,0.1513157894736842,5.762721088435375,3.0790871730858984,0,37.906164707317444
2024,00-0036328,29,1.8275862068965518,2,26,13,4,12,2,0.06896551724137931,0.896551724137931,0.4482758620689655,0.13793103448275862,0.41379310344827586,0.06896551724137931,0,0.3793103448275862,0.10344827586206896,0.20689655172413793,0.20689655172413793,0.10344827586206896,0,0,0,0
2024,00-0036331,16,11.4375,5,9,7,2,7,2,0.3125,0.5625,0.4375,0.125,0.4375,0.125,0,0.25,0.25,0.125,0.25,0.125,0,0,0,0
2024,00-0036332,3,0.6666666666666666,0,3,1,0,2,2,0,1,0.3333333333333333,0,0.6666666666666666,0.6666666666666666,0,0,0,0,0.6666666666666666,0.3333333333333333,0,0,0,0
2024,00-0036345,18,5.944444444444445,2,7,5,3,10,3,0.1111111111111111,0.3888888888888889,0.2777777777777778,0.16666666666666666,0.5555555555555556,0.16666666666666666,0,0.058823529411764705,0.058823529411764705,0.47058823529411764,0.17647058823529413,0.23529411764705882,0,0,0,0
2024,00-0036358,154,7.828947368421052,27,57,46,39,67,20,0.17532467532467533,0.37012987012987014,0.2987012987012987,0.2532467532467532,0.43506493506493504,0.12987012987012986,0,0.13815789473684212,0.19736842105263158,0.3223684210526316,0.18421052631578946,0.15789473684210525,5.83264705882353,2.8854620804636872,0,26.08904897456206
2024,00-0036360,5,-0.8,0,4,2,1,2,0,0,0.8,0.4,0.2,0.4,0,0,0.6,0,0.2,0.2,0,0,0,0,0
2024,00-0036387,12,10.25,3,4,4,1,7,0,0.25,0.3333333333333333,0.3333333333333333,0.08333333333333333,0.5833333333333334,0,0,0.18181818181818182,0.2727272727272727,0.09090909090909091,0.36363636363636365,0.09090909090909091,0,0,0,0
2024,00-0036407,148,11.110344827586207,43,31,59,27,59,17,0.2905405405405405,0.20945945945945946,0.39864864864864863,0.18243243243243243,0.39864864864864863,0.11486486486486487,0,0.0273972602739726,0.1917808219178082,0.2945205479452055,0.273972602739726,0.21232876712328766,5.96581560283688,2.7656987620610693,0,32.89217278337122
2024,00-0036410,110,9.788990825688073,17,26,38,26,45,25,0.15454545454545454,0.23636363636363636,0.34545454545454546,0.23636363636363636,0.4090909090909091,0.22727272727272727,0,0,0.21100917431192662,0.30275229357798167,0.22935779816513763,0.25688073394495414,6.22211009174312,2.3719850756602376,0,24.564783669524264
2024,00-0036414,18,-1.5,0,17,6,3,9,4,0,0.9444444444444444,0.3333333333333333,0.16666666666666666,0.5,0.2222222222222222,0,0.5,0,0.05555555555555555,0.2777777777777778,0.16666666666666666,0,0,0,0
2024,00-0036415,40,11.625,11,12,12,5,23,8,0.275,0.3,0.3,0.125,0.575,0.2,0,0.025,0.325,0.1,0.275,0.275,0,0,0,0
2024,00-0036422,22,5.681818181818182,2,11,6,7,9,5,0.09090909090909091,0.5,0.2727272727272727,0.3181818181818182,0.4090909090909091,0.22727272727272727,0,0,0.1,0.3,0.4,0.2,0,0,0,0
2024,00-0036425,3,-3,0,3,0,0,3,1,0,1,0,0,1,0.3333333333333333,0,0.3333333333333333,0,0,0.6666666666666666,0,0,0,0,0
2024,00-0036427,41,5.585365853658536,2,23,15,15,11,10,0.04878048780487805,0.5609756097560976,0.36585365853658536,0.36585365853658536,0.2682926829268293,0.24390243902439024,0,0.05128205128205128,0.05128205128205128,0.5384615384615384,0.15384615384615385,0.20512820512820512,0,0,0,0
2024,00-0036429,12,2.9166666666666665,0,9,4,3,5,0,0,0.75,0.3333333333333333,0.25,0.4166666666666667,0,0,0.09090909090909091,0.09090909090909091,0.09090909090909091,0.6363636363636364,0.09090909090909091,0,0,0,0
2024,00-0036438,1,16,1,0,1,0,0,0,1,0,1,0,0,0,0,0,1,0,0,0,0,0,0,0
2024,00-0036463,2,18.5,2,0,1,1,0,0,1,0,0.5,0.5,0,0,0,0,0,0.5,0.5,0,0,0,0,0
2024,00-0036497,5,8,0,1,3,0,2,0,0,0.2,0.6,0,0.4,0,0,0,0,0.4,0.6,0,0,0,0,0
2024,00-0036510,8,4.625,0,5,1,1,6,1,0,0.625,0.125,0.125,0.75,0.125,0,0,0.125,0.125,0.5,0.25,0,0,0,0
2024,00-0036527,29,8.793103448275861,7,12,12,11,6,4,0.2413793103448276,0.41379310344827586,0.41379310344827586,0.3793103448275862,0.20689655172413793,0.13793103448275862,0,0.1111111111111111,0.14814814814814814,0.4074074074074074,0.18518518518518517,0.14814814814814814,0,0,0,0
2024,00-0036534,1,9,0,0,0,0,1,0,0,0,0,0,1,0,0,0,0,0,1,0,0,0,0,0
2024,00-0036550,72,13.51388888888889,21,17,26,24,22,9,0.2916666666666667,0.2361111111111111,0.3611111111111111,0.3333333333333333,0.3055555555555556,0.125,0,0.014492753623188406,0.2608695652173913,0.4492753623188406,0.08695652173913043,0.18840579710144928,6.005,3.596526447505863,0,25.575658688705026
2024,00-0036554,99,10.93939393939394,35,30,33,30,36,13,0.35353535353535354,0.30303030303030304,0.3333333333333333,0.30303030303030304,0.36363636363636365,0.13131313131313133,0,0.1836734693877551,0.20408163265306123,0.4387755102040816,0.14285714285714285,0.030612244897959183,5.228367346938775,3.07948798626782,0,24.85063674457832
2024,00-0036555,54,-1.2037037037037037,0,51,15,10,29,11,0,0.9444444444444444,0.2777777777777778,0.18518518518518517,0.5370370370370371,0.2037037037037037,0,0.4339622641509434,0,0.16981132075471697,0.32075471698113206,0.07547169811320754,0,0,0,0
2024,00-0036556,3,0.3333333333333333,0,3,2,1,0,0,0,1,0.6666666666666666,0.3333333333333333,0,0,0,0.3333333333333333,0,0,0.6666666666666666,0,0,0,0,0
2024,00-0036590,8,9.25,2,3,3,1,4,1,0.25,0.375,0.375,0.125,0.5,0.125,0,0.125,0.25,0.375,0,0.25,0,0,0,0
2024,00-0036613,85,9.963855421686747,23,18,29,27,27,13,0.27058823529411763,0.21176470588235294,0.3411764705882353,0.3176470588235294,0.3176470588235294,0.15294117647058825,0,0.09411764705882353,0.2235294117647059,0.4117647058823529,0.2235294117647059,0.047058823529411764,4.759113924050633,3.419876842566599,0,22.221430992591245
2024,00-0036620,3,5,0,1,1,1,1,0,0,0.3333333333333333,0.3333333333333333,0.3333333333333333,0.3333333333333333,0,0,0.3333333333333333,0.3333333333333333,0,0.3333333333333333,0,0,0,0,0
2024,00-0036626,40,7.325,9,24,12,5,23,4,0.225,0.6,0.3,0.125,0.575,0.1,0,0.45,0.175,0.125,0.025,0.225,0,0,0,0
2024,00-0036628,13,4.846153846153846,1,7,1,6,6,1,0.07692307692307693,0.5384615384615384,0.07692307692307693,0.46153846153846156,0.46153846153846156,0.07692307692307693,0,0.15384615384615385,0.15384615384615385,0.15384615384615385,0.38461538461538464,0.15384615384615385,0,0,0,0
2024,00-0036630,12,6.166666666666667,1,4,6,4,2,1,0.08333333333333333,0.3333333333333333,0.5,0.3333333333333333,0.16666666666666666,0.08333333333333333,0,0.16666666666666666,0.08333333333333333,0.3333333333333333,0.16666666666666666,0.25,0,0,0,0
2024,00-0036637,49,6.3061224489795915,7,20,18,15,16,10,0.14285714285714285,0.40816326530612246,0.3673469387755102,0.30612244897959184,0.32653061224489793,0.20408163265306123,0,0.08163265306122448,0.12244897959183673,0.3673469387755102,0.2653061224489796,0.16326530612244897,5.862972972972973,4.3912958734531875,0,8.68087658362278
2024,00-0036640,2,5,0,1,1,0,1,1,0,0.5,0.5,0,0.5,0.5,0,0,0,0,0,1,0,0,0,0
2024,00-0036646,16,14.75,8,1,3,6,7,2,0.5,0.0625,0.1875,0.375,0.4375,0.125,0,0,0.4375,0.375,0.1875,0,0,0,0,0
2024,00-0036670,1,0,0,1,1,0,0,0,0,1,1,0,0,0,0,0,0,0,1,0,0,0,0,0
2024,00-0036727,4,1,0,4,4,0,0,0,0,1,1,0,0,0,0,0,0,0.25,0.25,0.5,0,0,0,0
2024,00-0036741,3,4,0,2,0,2,1,0,0,0.6666666666666666,0,0.6666666666666666,0.3333333333333333,0,0,0,0,0.3333333333333333,0.3333333333333333,0.3333333333333333,0,0,0,0
2024,00-0036754,16,5.0625,2,9,3,4,9,5,0.125,0.5625,0.1875,0.25,0.5625,0.3125,0,0.0625,0.1875,0.1875,0.3125,0.25,0,0,0,0
2024,00-0036825,3,16.333333333333332,2,0,1,2,0,0,0.6666666666666666,0,0.3333333333333333,0.6666666666666666,0,0,0,0,0.6666666666666666,0.3333333333333333,0,0,0,0,0,0
2024,00-0036841,3,14.666666666666666,1,0,2,0,1,0,0.3333333333333333,0,0.6666666666666666,0,0.3333333333333333,0,0,0,0.3333333333333333,0.3333333333333333,0.3333333333333333,0,0,0,0,0
2024,00-0036849,62,11.951612903225806,22,13,28,14,20,3,0.3548387096774194,0.20967741935483872,0.45161290322580644,0.22580645161290322,0.3225806451612903,0.04838709677419355,0,0.06451612903225806,0.11290322580645161,0.3387096774193548,0.3387096774193548,0.14516129032258066,7.494035087719299,3.3689980065504876,0,18.011677844452286
2024,00-0036862,5,8,0,2,5,0,0,0,0,0.4,1,0,0,0,0,0,0.4,0.2,0.4,0,0,0,0,0
2024,00-0036875,43,-1,0,35,13,4,24,13,0,0.813953488372093,0.3023255813953488,0.09302325581395349,0.5581395348837209,0.3023255813953488,0,0.5476190476190477,0.023809523809523808,0.07142857142857142,0.21428571428571427,0.14285714285714285,0,0,0,0
2024,00-0036876,31,11.35483870967742,11,11,16,5,10,6,0.3548387096774194,0.3548387096774194,0.5161290322580645,0.16129032258064516,0.3225806451612903,0.1935483870967742,0,0.06451612903225806,0.3548387096774194,0.25806451612903225,0.16129032258064516,0.16129032258064516,0,0,0,0
2024,00-0036877,1,-3,0,1,0,0,1,0,0,1,0,0,1,0,0,1,0,0,0,0,0,0,0,0
2024,00-0036887,17,4.823529411764706,1,10,8,0,9,1,0.058823529411764705,0.5882352941176471,0.47058823529411764,0,0.5294117647058824,0.058823529411764705,0,0.058823529411764705,0.058823529411764705,0.058823529411764705,0.7058823529411765,0.11764705882352941,0,0,0,0
2024,00-0036893,48,-1.4583333333333333,0,46,19,11,18,4,0,0.9583333333333334,0.3958333333333333,0.22916666666666666,0.375,0.08333333333333333,0,0.5531914893617021,0,0.0851063829787234,0.2127659574468085,0.14893617021276595,0,0,0,0
2024,00-0036894,78,6.115384615384615,9,38,23,19,36,14,0.11538461538461539,0.48717948717948717,0.2948717948717949,0.24358974358974358,0.46153846153846156,0.1794871794871795,0,0.05194805194805195,0.14285714285714285,0.22077922077922077,0.42857142857142855,0.15584415584415584,6.8486206896551725,3.5037504967012536,0,13.423643927917334
2024,00-0036900,175,8.72,37,66,66,35,74,36,0.21142857142857144,0.37714285714285717,0.37714285714285717,0.2,0.4228571428571429,0.2057142857142857,0,0.10285714285714286,0.14285714285714285,0.2914285714285714,0.2857142857142857,0.17714285714285713,5.449999999999999,3.0274632477253545,0,33.19063127484544
2024,00-0036906,12,-2.090909090909091,0,11,8,2,1,4,0,0.9166666666666666,0.6666666666666666,0.16666666666666666,0.08333333333333333,0.3333333333333333,0,0.5833333333333334,0,0,0.16666666666666666,0.25,0,0,0,0
2024,00-0036912,90,9.089887640449438,17,30,46,14,29,13,0.18888888888888888,0.3333333333333333,0.5111111111111111,0.15555555555555556,0.32222222222222224,0.14444444444444443,0,0.05747126436781609,0.16091954022988506,0.3218390804597701,0.20689655172413793,0.25287356321839083,6.536785714285713,2.957029785309726,0,25.60656346600848
2024,00-0036913,1,-5,0,1,1,0,0,0,0,1,1,0,0,0,0,1,0,0,0,0,0,0,0,0
2024,00-0036919,22,1.0454545454545454,1,19,13,6,3,3,0.045454545454545456,0.8636363636363636,0.5909090909090909,0.2727272727272727,0.13636363636363635,0.13636363636363635,0,0.2727272727272727,0.045454545454545456,0.13636363636363635,0.18181818181818182,0.36363636363636365,0,0,0,0
2024,00-0036924,11,-1.4545454545454546,0,11,7,3,1,2,0,1,0.6363636363636364,0.2727272727272727,0.09090909090909091,0.18181818181818182,0,0.18181818181818182,0,0,0.36363636363636365,0.45454545454545453,0,0,0,0
2024,00-0036955,6,8.666666666666666,1,2,0,3,3,0,0.16666666666666666,0.3333333333333333,0,0.5,0.5,0,0,0,0.16666666666666666,0.16666666666666666,0.16666666666666666,0.5,0,0,0,0
2024,00-0036963,141,7.666666666666667,26,47,41,49,51,32,0.18439716312056736,0.3333333333333333,0.2907801418439716,0.3475177304964539,0.3617021276595745,0.22695035460992907,0,0.07801418439716312,0.10638297872340426,0.3262411347517731,0.2765957446808511,0.2127659574468085,6.542890624999999,3.091643513003559,0,31.897483837541955
2024,00-0036970,74,8.41891891891892,11,20,16,17,41,13,0.14864864864864866,0.2702702702702703,0.21621621621621623,0.22972972972972974,0.5540540540540541,0.17567567567567569,0,0.0136986301369863,0.273972602739726,0.1917808219178082,0.3287671232876712,0.1917808219178082,5.981403508771929,3.476140248329832,0,14.22259235609061
2024,00-0036973,52,0.07692307692307693,1,44,23,10,19,6,0.019230769230769232,0.8461538461538461,0.4423076923076923,0.19230769230769232,0.36538461538461536,0.11538461538461539,0,0.4230769230769231,0.07692307692307693,0.09615384615384616,0.25,0.15384615384615385,0,0,0,0
2024,00-0036980,102,9.313725490196079,22,33,40,23,39,7,0.21568627450980393,0.3235294117647059,0.39215686274509803,0.22549019607843138,0.38235294117647056,0.06862745098039216,0,0.061224489795918366,0.1836734693877551,0.32653061224489793,0.2653061224489796,0.16326530612244897,6.143118279569892,3.093441668841841,0,18.813332250730753
2024,00-0036984,19,0.3157894736842105,0,18,8,7,4,3,0,0.9473684210526315,0.42105263157894735,0.3684210526315789,0.21052631578947367,0.15789473684210525,0,0.2777777777777778,0,0.16666666666666666,0.16666666666666666,0.3888888888888889,0,0,0,0
2024,00-0036988,67,15.246153846153845,26,9,13,17,35,9,0.3880597014925373,0.13432835820895522,0.19402985074626866,0.2537313432835821,0.5223880597014925,0.13432835820895522,0,0.014925373134328358,0.34328358208955223,0.31343283582089554,0.23880597014925373,0.08955223880597014,6.607500000000001,2.555612455667099,0,23.37690580309656
2024,00-0036990,1,4,0,1,0,0,1,0,0,1,0,0,1,0,0,0,0,1,0,0,0,0,0,0
2024,00-0036997,70,-0.4142857142857143,1,57,30,12,28,4,0.014285714285714285,0.8142857142857143,0.42857142857142855,0.17142857142857143,0.4,0.05714285714285714,0,0.39705882352941174,0.014705882352941176,0.17647058823529413,0.27941176470588236,0.1323529411764706,0,0,0,0
2024,00-0037004,9,3.4444444444444446,0,7,4,2,3,0,0,0.7777777777777778,0.4444444444444444,0.2222222222222222,0.3333333333333333,0,0,0,0,0.2222222222222222,0.4444444444444444,0.3333333333333333,0,0,0,0
2024,00-0037005,32,5.6875,2,16,7,11,14,4,0.0625,0.5,0.21875,0.34375,0.4375,0.125,0,0.03333333333333333,0.16666666666666666,0.3,0.36666666666666664,0.13333333333333333,0,0,0,0
2024,00-0037085,3,-2,0,3,1,0,2,1,0,1,0.3333333333333333,0,0.6666666666666666,0.3333333333333333,0,0.3333333333333333,0,0,0.6666666666666666,0,0,0,0,0
2024,00-0037086,30,7.333333333333333,6,16,15,4,11,2,0.2,0.5333333333333333,0.5,0.13333333333333333,0.36666666666666664,0.06666666666666667,0,0,0.2,0.16666666666666666,0.5333333333333333,0.1,0,0,0,0
2024,00-0037091,17,17.823529411764707,8,3,5,4,8,1,0.47058823529411764,0.17647058823529413,0.29411764705882354,0.23529411764705882,0.47058823529411764,0.058823529411764705,0,0.058823529411764705,0.4117647058823529,0.11764705882352941,0.23529411764705882,0.17647058823529413,0,0,0,0
2024,00-0037093,1,9,0,0,0,0,1,0,0,0,0,0,1,0,0,0,0,0,0,1,0,0,0,0
2024,00-0037120,15,1.2666666666666666,1,13,8,3,4,2,0.06666666666666667,0.8666666666666667,0.5333333333333333,0.2,0.26666666666666666,0.13333333333333333,0,0.4,0.06666666666666667,0,0.3333333333333333,0.2,0,0,0,0
2024,00-0037132,8,1.125,0,7,3,0,5,2,0,0.875,0.375,0,0.625,0.25,0,0.25,0,0,0.625,0.125,0,0,0,0
2024,00-0037156,1,3,0,1,0,0,1,1,0,1,0,0,1,1,0,0,1,0,0,0,0,0,0,0
2024,00-0037197,16,-1.375,0,14,10,1,5,1,0,0.875,0.625,0.0625,0.3125,0.0625,0,0.625,0.0625,0,0.25,0.0625,0,0,0,0
2024,00-0037207,1,2,0,1,0,1,0,0,0,1,0,1,0,0,0,0,0,1,0,0,0,0,0,0
2024,00-0037216,1,10,0,0,0,0,1,1,0,0,0,0,1,1,0,0,1,0,0,0,0,0,0,0
2024,00-0037228,47,-0.0851063829787234,0,44,18,10,19,7,0,0.9361702127659575,0.3829787234042553,0.2127659574468085,0.40425531914893614,0.14893617021276595,0,0.2978723404255319,0.02127659574468085,0.0851063829787234,0.44680851063829785,0.14893617021276595,0,0,0,0
2024,00-0037231,22,11.772727272727273,7,6,10,5,7,0,0.3181818181818182,0.2727272727272727,0.45454545454545453,0.22727272727272727,0.3181818181818182,0,0,0.045454545454545456,0.3181818181818182,0.22727272727272727,0.3181818181818182,0.09090909090909091,0,0,0,0
2024,00-0037238,159,10.905063291139241,44,24,52,41,65,27,0.27672955974842767,0.1509433962264151,0.3270440251572327,0.2578616352201258,0.4088050314465409,0.16981132075471697,0,0.012903225806451613,0.21935483870967742,0.27741935483870966,0.2838709677419355,0.2064516129032258,6.6970833333333335,2.4186223045925064,0,38.229817408894235
2024,00-0037239,44,10.340909090909092,11,10,17,13,14,6,0.25,0.22727272727272727,0.38636363636363635,0.29545454545454547,0.3181818181818182,0.13636363636363635,0,0.047619047619047616,0.21428571428571427,0.2619047619047619,0.35714285714285715,0.11904761904761904,0,0,0,0
2024,00-0037240,91,11.395604395604396,30,31,40,25,26,11,0.32967032967032966,0.34065934065934067,0.43956043956043955,0.27472527472527475,0.2857142857142857,0.12087912087912088,0,0.13186813186813187,0.24175824175824176,0.23076923076923078,0.1978021978021978,0.1978021978021978,6.517386363636363,3.36673002446728,0,29.028506746559145
2024,00-0037243,1,-6,0,1,0,1,0,0,0,1,0,1,0,0,0,0,0,0,0,0,0,0,0,0
2024,00-0037247,103,13.699029126213592,37,28,65,5,33,16,0.3592233009708738,0.27184466019417475,0.6310679611650486,0.04854368932038835,0.32038834951456313,0.1553398058252427,0,0.049019607843137254,0.39215686274509803,0.13725490196078433,0.28431372549019607,0.13725490196078433,5.751881188118812,2.3220798412801456,0,39.397313858050516
2024,00-0037248,38,0.9736842105263158,2,29,22,3,13,5,0.05263157894736842,0.7631578947368421,0.5789473684210527,0.07894736842105263,0.34210526315789475,0.13157894736842105,0,0.47368421052631576,0.07894736842105263,0.10526315789473684,0.21052631578947367,0.13157894736842105,0,0,0,0
2024,00-0037252,12,5.916666666666667,1,6,4,2,6,1,0.08333333333333333,0.5,0.3333333333333333,0.16666666666666666,0.5,0.08333333333333333,0,0.08333333333333333,0.16666666666666666,0.16666666666666666,0.3333333333333333,0.25,0,0,0,0
2024,00-0037253,1,-7,0,1,0,0,1,0,0,1,0,0,1,0,0,1,0,0,0,0,0,0,0,0
2024,00-0037256,57,-1.912280701754386,1,55,26,4,27,11,0.017543859649122806,0.9649122807017544,0.45614035087719296,0.07017543859649122,0.47368421052631576,0.19298245614035087,0,0.5714285714285714,0.03571428571428571,0.03571428571428571,0.25,0.10714285714285714,0,0,0,0
2024,00-0037257,3,6.333333333333333,0,1,2,0,1,1,0,0.3333333333333333,0.6666666666666666,0,0.3333333333333333,0.3333333333333333,0,0,0,0.6666666666666666,0.3333333333333333,0,0,0,0,0
2024,00-0037258,4,-1.25,0,4,3,0,1,1,0,1,0.75,0,0.25,0.25,0,0.5,0,0,0.25,0.25,0,0,0,0
2024,00-0037261,100,5.48,17,57,37,29,34,10,0.17,0.57,0.37,0.29,0.34,0.1,0,0.2828282828282828,0.09090909090909091,0.41414141414141414,0.1111111111111111,0.10101010101010101,6.673404255319147,4.253743736038472,0,13.278037853742886
2024,00-0037263,13,-0.38461538461538464,0,12,5,2,6,1,0,0.9230769230769231,0.38461538461538464,0.15384615384615385,0.46153846153846156,0.07692307692307693,0,0.5384615384615384,0,0.07692307692307693,0.23076923076923078,0.15384615384615385,0,0,0,0
2024,00-0037267,43,-0.3488372093023256,2,38,21,6,16,1,0.046511627906976744,0.8837209302325582,0.4883720930232558,0.13953488372093023,0.37209302325581395,0.023255813953488372,0,0.5853658536585366,0.024390243902439025,0.1951219512195122,0.14634146341463414,0.04878048780487805,0,0,0,0
2024,00-0037276,6,-1.8333333333333333,0,6,2,0,4,1,0,1,0.3333333333333333,0,0.6666666666666666,0.16666666666666666,0,0.8333333333333334,0,0,0.16666666666666666,0,0,0,0,0
2024,00-0037287,1,4,0,1,1,0,0,1,0,1,1,0,0,1,0,0,0,0,0,1,0,0,0,0
2024,00-0037291,42,11.595238095238095,12,8,14,11,17,7,0.2857142857142857,0.19047619047619047,0.3333333333333333,0.2619047619047619,0.40476190476190477,0.16666666666666666,0,0,0.2619047619047619,0.19047619047619047,0.38095238095238093,0.16666666666666666,0,0,0,0
2024,00-0037292,14,10.714285714285714,4,3,4,3,7,3,0.2857142857142857,0.21428571428571427,0.2857142857142857,0.21428571428571427,0.5,0.21428571428571427,0,0.07142857142857142,0.2857142857142857,0.21428571428571427,0.2857142857142857,0.14285714285714285,0,0,0,0
2024,00-0037300,17,11,6,5,5,6,6,3,0.35294117647058826,0.29411764705882354,0.29411764705882354,0.35294117647058826,0.35294117647058826,0.17647058823529413,0,0.058823529411764705,0.17647058823529413,0.35294117647058826,0.29411764705882354,0.11764705882352941,0,0,0,0
2024,00-0037304,9,8.375,1,3,3,3,2,2,0.1111111111111111,0.3333333333333333,0.3333333333333333,0.3333333333333333,0.2222222222222222,0.2222222222222222,0,0,0.1111111111111111,0.2222222222222222,0.5555555555555556,0.1111111111111111,0,0,0,0
2024,00-0037306,1,2,0,1,1,0,0,0,0,1,1,0,0,0,0,0,0,0,1,0,0,0,0,0
2024,00-0037348,4,11.5,1,2,1,1,2,1,0.25,0.5,0.25,0.25,0.5,0.25,0,0,0.25,0,0.5,0.25,0,0,0,0
2024,00-0037382,1,5,0,0,1,0,0,0,0,0,1,0,0,0,0,0,0,1,0,0,0,0,0,0
2024,00-0037422,1,9,0,0,1,0,0,0,0,0,1,0,0,0,0,0,0,0,0,1,0,0,0,0
2024,00-0037475,19,10.105263157894736,6,6,7,5,7,1,0.3157894736842105,0.3157894736842105,0.3684210526315789,0.2631578947368421,0.3684210526315789,0.05263157894736842,0,0.05263157894736842,0.21052631578947367,0.2631578947368421,0.3157894736842105,0.15789473684210525,0,0,0,0
2024,00-0037487,4,-2,0,3,1,2,1,1,0,0.75,0.25,0.5,0.25,0.25,0,0.75,0,0,0,0.25,0,0,0,0
2024,00-0037509,7,0.42857142857142855,0,6,4,1,2,1,0,0.8571428571428571,0.5714285714285714,0.14285714285714285,0.2857142857142857,0.14285714285714285,0,0.5714285714285714,0.14285714285714285,0,0.14285714285714285,0.14285714285714285,0,0,0,0
2024,00-0037524,2,31.5,2,0,1,1,0,0,1,0,0.5,0.5,0,0,0,0,1,0,0,0,0,0,0,0
2024,00-0037525,14,3.7142857142857144,1,10,5,4,5,3,0.07142857142857142,0.7142857142857143,0.35714285714285715,0.2857142857142857,0.35714285714285715,0.21428571428571427,0,0.07142857142857142,0.07142857142857142,0.21428571428571427,0.5,0.14285714285714285,0,0,0,0
2024,00-0037539,23,5.130434782608695,2,13,4,13,6,0,0.08695652173913043,0.5652173913043478,0.17391304347826086,0.5652173913043478,0.2608695652173913,0,0,0.043478260869565216,0.043478260869565216,0.17391304347826086,0.30434782608695654,0.43478260869565216,0,0,0,0
2024,00-0037545,41,17.585365853658537,22,7,13,11,17,4,0.5365853658536586,0.17073170731707318,0.3170731707317073,0.2682926829268293,0.4146341463414634,0.0975609756097561,0,0.075,0.425,0.125,0.225,0.15,0,0,0,0
2024,00-0037557,6,-4.333333333333333,0,6,4,0,2,0,0,1,0.6666666666666666,0,0.3333333333333333,0,0,0.6666666666666666,0,0,0.16666666666666666,0.16666666666666666,0,0,0,0
2024,00-0037569,5,3.8,0,3,0,2,3,1,0,0.6,0,0.4,0.6,0.2,0,0,0,0,0.4,0.6,0,0,0,0
2024,00-0037578,1,4,0,1,0,1,0,0,0,1,0,1,0,0,0,0,1,0,0,0,0,0,0,0
2024,00-0037594,3,0.3333333333333333,0,3,1,1,1,0,0,1,0.3333333333333333,0.3333333333333333,0.3333333333333333,0,0,0.3333333333333333,0,0,0.3333333333333333,0.3333333333333333,0,0,0,0
2024,00-0037614,37,9,9,10,11,6,20,9,0.24324324324324326,0.2702702702702703,0.2972972972972973,0.16216216216216217,0.5405405405405406,0.24324324324324326,0,0.10810810810810811,0.1891891891891892,0.2972972972972973,0.2972972972972973,0.10810810810810811,0,0,0,0
2024,00-0037617,3,2.3333333333333335,0,3,0,2,1,0,0,1,0,0.6666666666666666,0.3333333333333333,0,0,0,0,0,0.3333333333333333,0.6666666666666666,0,0,0,0
2024,00-0037654,8,2.5,0,5,1,3,4,1,0,0.625,0.125,0.375,0.5,0.125,0,0,0,0.5,0.25,0.25,0,0,0,0
2024,00-0037664,69,21.73913043478261,43,7,26,16,27,6,0.6231884057971014,0.10144927536231885,0.37681159420289856,0.2318840579710145,0.391304347826087,0.08695652173913043,0,0.014925373134328358,0.44776119402985076,0.23880597014925373,0.14925373134328357,0.14925373134328357,5.748985507246376,2.406297044963777,0,28.931519595290638
2024,00-0037666,79,11.468354430379748,22,26,26,16,37,13,0.27848101265822783,0.3291139240506329,0.3291139240506329,0.20253164556962025,0.46835443037974683,0.16455696202531644,0,0.01282051282051282,0.23076923076923078,0.2564102564102564,0.23076923076923078,0.2692307692307692,6.544594594594595,2.7227795481580093,0,20.314526623834873
2024,00-0037740,155,9.142857142857142,38,45,70,27,57,25,0.24516129032258063,0.2903225806451613,0.45161290322580644,0.17419354838709677,0.36774193548387096,0.16129032258064516,0,0.13636363636363635,0.2532467532467532,0.2727272727272727,0.2077922077922078,0.12987012987012986,5.256712328767122,3.2653282684268232,0,34.99931157923722
2024,00-0037741,33,9.909090909090908,10,10,13,3,17,1,0.30303030303030304,0.30303030303030304,0.3939393939393939,0.09090909090909091,0.5151515151515151,0.030303030303030304,0,0.1875,0.25,0.15625,0.21875,0.1875,0,0,0,0
2024,00-0037742,8,16.875,2,3,5,2,1,0,0.25,0.375,0.625,0.25,0.125,0,0,0,0.25,0.125,0.375,0.25,0,0,0,0
2024,00-0037744,147,6.136054421768708,18,67,58,35,54,22,0.12244897959183673,0.4557823129251701,0.3945578231292517,0.23809523809523808,0.3673469387755102,0.14965986394557823,0,0.11888111888111888,0.13986013986013987,0.1958041958041958,0.38461538461538464,0.16083916083916083,4.901696428571428,3.511887939588254,0,25.320278432328493
2024,00-0037745,1,-5,0,1,0,0,1,0,0,1,0,0,1,0,0,1,0,0,0,0,0,0,0,0
2024,00-0037746,25,-0.92,0,21,7,7,11,4,0,0.84,0.28,0.28,0.44,0.16,0,0.48,0,0.16,0.2,0.16,0,0,0,0
2024,00-0037801,52,8.442307692307692,14,23,22,11,19,7,0.2692307692307692,0.4423076923076923,0.4230769230769231,0.21153846153846154,0.36538461538461536,0.1346153846153846,0,0.34615384615384615,0.23076923076923078,0.25,0.019230769230769232,0.15384615384615385,6.316363636363636,3.3728610555409193,0,9.927421913273179
2024,00-0037805,28,3.4285714285714284,3,20,7,4,17,3,0.10714285714285714,0.7142857142857143,0.25,0.14285714285714285,0.6071428571428571,0.10714285714285714,0,0.07407407407407407,0.07407407407407407,0.14814814814814814,0.5925925925925926,0.1111111111111111,0,0,0,0
2024,00-0037809,71,5.928571428571429,9,32,25,13,32,6,0.1267605633802817,0.4507042253521127,0.352112676056338,0.18309859154929578,0.4507042253521127,0.08450704225352113,0,0.08571428571428572,0.11428571428571428,0.22857142857142856,0.2571428571428571,0.3142857142857143,6.797199999999999,4.060949185072256,0,9.83837578844042
2024,00-0037816,73,12.305555555555555,23,7,29,20,23,12,0.3150684931506849,0.0958904109589041,0.3972602739726027,0.273972602739726,0.3150684931506849,0.1643835616438356,0,0.027777777777777776,0.16666666666666666,0.3888888888888889,0.3333333333333333,0.08333333333333333,6.0943055555555565,2.5664642248203933,0,22.27791383310069
2024,00-0037837,58,12.379310344827585,19,15,27,13,18,5,0.3275862068965517,0.25862068965517243,0.46551724137931033,0.22413793103448276,0.3103448275862069,0.08620689655172414,0,0.1206896551724138,0.27586206896551724,0.20689655172413793,0.25862068965517243,0.13793103448275862,6.4069230769230785,2.958910182762406,0,20.665261039636423
2024,00-0037838,58,8.051724137931034,12,20,21,11,26,13,0.20689655172413793,0.3448275862068966,0.3620689655172414,0.1896551724137931,0.4482758620689655,0.22413793103448276,0,0.08928571428571429,0.2857142857142857,0.17857142857142858,0.2857142857142857,0.16071428571428573,6.714897959183673,4.317954919105887,0,11.874981897525515
2024,00-0037840,40,-0.8,0,36,21,8,11,9,0,0.9,0.525,0.2,0.275,0.225,0,0.45,0,0.075,0.35,0.125,0,0,0,0
2024,00-0038040,8,-3.125,0,8,3,0,5,0,0,1,0.375,0,0.625,0,0,0.75,0,0,0.25,0,0,0,0,0
2024,00-0038041,86,4.186046511627907,8,52,17,23,46,6,0.09302325581395349,0.6046511627906976,0.19767441860465115,0.26744186046511625,0.5348837209302325,0.06976744186046512,0,0.07228915662650602,0.0963855421686747,0.24096385542168675,0.40963855421686746,0.18072289156626506,5.921940298507463,3.3301693208653904,0,7.351040113258936
2024,00-0038046,11,6,1,7,3,4,4,1,0.09090909090909091,0.6363636363636364,0.2727272727272727,0.36363636363636365,0.36363636363636365,0.09090909090909091,0,0.09090909090909091,0.09090909090909091,0.09090909090909091,0.2727272727272727,0.45454545454545453,0,0,0,0
2024,00-0038090,3,6,0,1,0,1,2,0,0,0.3333333333333333,0,0.3333333333333333,0.6666666666666666,0,0,0,0,0.3333333333333333,0.6666666666666666,0,0,0,0,0
2024,00-0038092,2,29.5,2,0,1,0,1,0,1,0,0.5,0,0.5,0,0,0,0.5,0,0.5,0,0,0,0,0
2024,00-0038098,22,0.2727272727272727,0,17,10,4,8,1,0,0.7727272727272727,0.45454545454545453,0.18181818181818182,0.36363636363636365,0.045454545454545456,0,0.45454545454545453,0,0.09090909090909091,0.22727272727272727,0.22727272727272727,0,0,0,0
2024,00-0038104,8,15.75,4,2,1,3,4,1,0.5,0.25,0.125,0.375,0.5,0.125,0,0.125,0.375,0.375,0,0.125,0,0,0,0
2024,00-0038115,17,4.0588235294117645,1,11,4,2,11,1,0.058823529411764705,0.6470588235294118,0.23529411764705882,0.11764705882352941,0.6470588235294118,0.058823529411764705,0,0,0.17647058823529413,0.35294117647058826,0.29411764705882354,0.17647058823529413,0,0,0,0
2024,00-0038117,140,4.685714285714286,12,76,49,37,54,18,0.08571428571428572,0.5428571428571428,0.35,0.2642857142857143,0.38571428571428573,0.12857142857142856,0,0.13970588235294118,0.03676470588235294,0.27205882352941174,0.25,0.3014705882352941,6.646017699115045,3.247169975782151,0,17.60845046756097
2024,00-0038120,76,0.25,3,71,32,17,27,9,0.039473684210526314,0.9342105263157895,0.42105263157894735,0.2236842105263158,0.35526315789473684,0.11842105263157894,0,0.4342105263157895,0.039473684210526314,0.13157894736842105,0.25,0.14473684210526316,0,0,0,0
2024,00-0038124,54,17.81132075471698,27,11,21,10,22,9,0.5,0.2037037037037037,0.3888888888888889,0.18518518518518517,0.4074074074074074,0.16666666666666666,0,0,0.39622641509433965,0.3584905660377358,0.11320754716981132,0.1320754716981132,5.259615384615385,2.3829016929203037,0,23.095570447128022
2024,00-0038129,87,5.413793103448276,7,49,20,20,47,16,0.08045977011494253,0.5632183908045977,0.22988505747126436,0.22988505747126436,0.5402298850574713,0.1839080459770115,0,0.11494252873563218,0.13793103448275862,0.16091954022988506,0.42528735632183906,0.16091954022988506,5.818611111111111,2.9285440362183346,0,11.461991357815169
2024,00-0038134,53,-1.1886792452830188,1,51,17,19,17,10,0.018867924528301886,0.9622641509433962,0.32075471698113206,0.3584905660377358,0.32075471698113206,0.18867924528301888,0,0.5471698113207547,0.018867924528301886,0.09433962264150944,0.11320754716981132,0.22641509433962265,0,0,0,0
2024,00-0038359,2,0.5,0,1,1,0,1,0,0,0.5,0.5,0,0.5,0,0,0.5,0,0,0,0.5,0,0,0,0
2024,00-0038393,76,11.578947368421053,24,15,24,19,33,14,0.3157894736842105,0.19736842105263158,0.3157894736842105,0.25,0.4342105263157895,0.18421052631578946,0,0.06756756756756757,0.24324324324324326,0.1891891891891892,0.24324324324324326,0.25675675675675674,6.365616438356164,2.971322299092621,0,22.037485035294353
2024,00-0038394,8,10.375,1,0,2,3,3,0,0.125,0,0.25,0.375,0.375,0,0,0,0.25,0.125,0.25,0.375,0,0,0,0
2024,00-0038396,11,-2,0,11,6,1,4,2,0,1,0.5454545454545454,0.09090909090909091,0.36363636363636365,0.18181818181818182,0,0.45454545454545453,0,0.09090909090909091,0.45454545454545453,0,0,0,0,0
2024,00-0038454,1,-5,0,1,0,0,1,0,0,1,0,0,1,0,0,1,0,0,0,0,0,0,0,0
2024,00-0038465,13,6.461538461538462,1,7,7,0,6,2,0.07692307692307693,0.5384615384615384,0.5384615384615384,0,0.46153846153846156,0.15384615384615385,0,0,0.15384615384615385,0.15384615384615385,0.15384615384615385,0.5384615384615384,0,0,0,0
2024,00-0038489,1,0,0,1,0,0,1,1,0,1,0,0,1,1,0,0,0,0,1,0,0,0,0,0
2024,00-0038496,11,11.2,4,5,3,1,6,2,0.36363636363636365,0.45454545454545453,0.2727272727272727,0.09090909090909091,0.5454545454545454,0.18181818181818182,0,0.18181818181818182,0.2727272727272727,0.2727272727272727,0.18181818181818182,0.09090909090909091,0,0,0,0
2024,00-0038498,2,4.5,0,1,1,0,1,2,0,0.5,0.5,0,0.5,1,0,0,0,0,1,0,0,0,0,0
2024,00-0038507,4,11.75,2,1,2,1,1,0,0.5,0.25,0.5,0.25,0.25,0,0,0.25,0.25,0.5,0,0,0,0,0,0
2024,00-0038519,6,10.666666666666666,2,1,3,0,3,0,0.3333333333333333,0.16666666666666666,0.5,0,0.5,0,0,0,0,0.16666666666666666,0.8333333333333334,0,0,0,0,0
2024,00-0038542,72,-0.2916666666666667,2,62,40,7,25,7,0.027777777777777776,0.8611111111111112,0.5555555555555556,0.09722222222222222,0.3472222222222222,0.09722222222222222,0,0.625,0.027777777777777776,0.041666666666666664,0.20833333333333334,0.09722222222222222,0,0,0,0
2024,00-0038543,138,8.656934306569344,35,57,47,43,47,16,0.2536231884057971,0.41304347826086957,0.34057971014492755,0.3115942028985507,0.34057971014492755,0.11594202898550725,0,0.1678832116788321,0.1897810218978102,0.2116788321167883,0.19708029197080293,0.23357664233576642,6.228250000000001,3.295539909218757,0,29.64252160496099
2024,00-0038544,91,10.835164835164836,30,35,41,11,39,12,0.32967032967032966,0.38461538461538464,0.45054945054945056,0.12087912087912088,0.42857142857142855,0.13186813186813187,0,0.10989010989010989,0.26373626373626374,0.24175824175824176,0.17582417582417584,0.2087912087912088,5.963626373626373,3.171256976360084,0,23.763621321356812
2024,00-0038547,36,5.527777777777778,4,19,6,11,19,1,0.1111111111111111,0.5277777777777778,0.16666666666666666,0.3055555555555556,0.5277777777777778,0.027777777777777776,0,0,0.11428571428571428,0.2571428571428571,0.4,0.22857142857142856,0,0,0,0
2024,00-0038551,8,0.375,0,7,2,3,3,0,0,0.875,0.25,0.375,0.375,0,0,0.125,0,0,0.25,0.625,0,0,0,0
2024,00-0038555,12,-1.0833333333333333,0,10,7,0,5,0,0,0.8333333333333334,0.5833333333333334,0,0.4166666666666667,0,0,0.5,0.16666666666666666,0,0.25,0.08333333333333333,0,0,0,0
2024,00-0038558,25,4.32,2,14,7,3,15,2,0.08,0.56,0.28,0.12,0.6,0.08,0,0.08333333333333333,0.20833333333333334,0.125,0.375,0.20833333333333334,0,0,0,0
2024,00-0038559,71,11.338028169014084,22,24,30,13,28,8,0.30985915492957744,0.3380281690140845,0.4225352112676056,0.18309859154929578,0.39436619718309857,0.11267605633802817,0,0.028169014084507043,0.28169014084507044,0.23943661971830985,0.22535211267605634,0.22535211267605634,6.030714285714286,2.580553943158636,0,21.979903036212452
2024,00-0038563,81,12.555555555555555,26,24,45,11,25,5,0.32098765432098764,0.2962962962962963,0.5555555555555556,0.13580246913580246,0.30864197530864196,0.06172839506172839,0,0.1,0.2375,0.2625,0.175,0.225,6.159999999999998,2.8012876434862855,0,24.694832703690782
2024,00-0038573,17,3.823529411764706,4,12,8,3,6,2,0.23529411764705882,0.7058823529411765,0.47058823529411764,0.17647058823529413,0.35294117647058826,0.11764705882352941,0,0.47058823529411764,0.17647058823529413,0.23529411764705882,0.058823529411764705,0.058823529411764705,0,0,0,0
2024,00-0038576,1,5,0,0,0,1,0,0,0,0,0,1,0,0,0,0,0,0,0,1,0,0,0,0
2024,00-0038589,38,5.648648648648648,4,21,15,5,17,5,0.10526315789473684,0.5526315789473685,0.39473684210526316,0.13157894736842105,0.4473684210526316,0.13157894736842105,0,0.10526315789473684,0.15789473684210525,0.10526315789473684,0.3684210526315789,0.2631578947368421,0,0,0,0
2024,00-0038597,65,0.8153846153846154,2,57,25,9,31,14,0.03076923076923077,0.8769230769230769,0.38461538461538464,0.13846153846153847,0.47692307692307695,0.2153846153846154,0,0.3230769230769231,0.06153846153846154,0.12307692307692308,0.2923076923076923,0.2,0,0,0,0
2024,00-0038606,53,11.784313725490197,18,9,13,9,29,9,0.33962264150943394,0.16981132075471697,0.24528301886792453,0.16981132075471697,0.5471698113207547,0.16981132075471697,0,0.07547169811320754,0.24528301886792453,0.1320754716981132,0.32075471698113206,0.22641509433962265,6.541,3.165127913263332,0,13.241191221846002
2024,00-0038608,69,14.867647058823529,24,11,22,16,30,5,0.34782608695652173,0.15942028985507245,0.3188405797101449,0.2318840579710145,0.43478260869565216,0.07246376811594203,0,0,0.3188405797101449,0.2318840579710145,0.14492753623188406,0.30434782608695654,4.533880597014926,2.4151571901920157,0,25.9318039983645
2024,00-0038611,1,1,0,1,1,0,0,0,0,1,1,0,0,0,0,0,0,0,1,0,0,0,0,0
2024,00-0038614,5,1.4,0,5,1,0,4,0,0,1,0.2,0,0.8,0,0,0,0,0,1,0,0,0,0,0
2024,00-0038618,26,10.153846153846153,5,8,8,5,13,2,0.19230769230769232,0.3076923076923077,0.3076923076923077,0.19230769230769232,0.5,0.07692307692307693,0,0.11538461538461539,0.23076923076923078,0.2692307692307692,0.2692307692307692,0.11538461538461539,0,0,0,0
2024,00-0038619,61,11.344262295081966,18,15,18,20,23,10,0.29508196721311475,0.2459016393442623,0.29508196721311475,0.32786885245901637,0.3770491803278688,0.16393442622950818,0,0.01639344262295082,0.16393442622950818,0.4426229508196721,0.2459016393442623,0.13114754098360656,5.021186440677966,2.7648879849053922,0,14.712140295654144
2024,00-0038621,87,6.022988505747127,9,43,30,23,34,6,0.10344827586206896,0.4942528735632184,0.3448275862068966,0.26436781609195403,0.39080459770114945,0.06896551724137931,0,0.23255813953488372,0.1744186046511628,0.26744186046511625,0.19767441860465115,0.12790697674418605,6.8672499999999985,4.010061826531089,0,13.555811401149153
2024,00-0038622,5,0,0,4,1,2,2,0,0,0.8,0.2,0.4,0.4,0,0,0.4,0,0.4,0,0.2,0,0,0,0
2024,00-0038636,4,1.25,0,4,3,0,1,0,0,1,0.75,0,0.25,0,0,0.25,0,0,0.5,0.25,0,0,0,0
2024,00-0038640,30,13.633333333333333,11,3,8,7,15,4,0.36666666666666664,0.1,0.26666666666666666,0.23333333333333334,0.5,0.13333333333333333,0,0.03333333333333333,0.23333333333333334,0.3333333333333333,0.23333333333333334,0.16666666666666666,0,0,0,0
2024,00-0038643,2,5.5,0,0,1,1,0,0,0,0,0.5,0.5,0,0,0,0,0,0.5,0,0.5,0,0,0,0
2024,00-0038647,6,10.833333333333334,2,2,3,1,2,1,0.3333333333333333,0.3333333333333333,0.5,0.16666666666666666,0.3333333333333333,0.16666666666666666,0,0,0.2,0.4,0.2,0.2,0,0,0,0
2024,00-0038678,18,0.16666666666666666,0,14,3,3,12,1,0,0.7777777777777778,0.16666666666666666,0.16666666666666666,0.6666666666666666,0.05555555555555555,0,0.23529411764705882,0,0.17647058823529413,0.35294117647058826,0.23529411764705882,0,0,0,0
2024,00-0038679,1,-2,0,1,1,0,0,0,0,1,1,0,0,0,0,1,0,0,0,0,0,0,0,0
2024,00-0038685,13,-1.6923076923076923,0,12,7,3,3,3,0,0.9230769230769231,0.5384615384615384,0.23076923076923078,0.23076923076923078,0.23076923076923078,0,0.6153846153846154,0.07692307692307693,0.15384615384615385,0.15384615384615385,0,0,0,0,0
2024,00-0038705,20,1.3,1,17,8,7,5,4,0.05,0.85,0.4,0.35,0.25,0.2,0,0.3,0.05,0.1,0.2,0.35,0,0,0,0
2024,00-0038710,9,9,2,4,3,2,4,2,0.2222222222222222,0.4444444444444444,0.3333333333333333,0.2222222222222222,0.4444444444444444,0.2222222222222222,0,0,0.2222222222222222,0.3333333333333333,0.3333333333333333,0.1111111111111111,0,0,0,0
2024,00-0038720,20,6.315789473684211,3,7,3,10,6,6,0.15,0.35,0.15,0.5,0.3,0.3,0,0.05,0.25,0,0.35,0.35,0,0,0,0
2024,00-0038738,16,2.4375,1,14,5,4,7,0,0.0625,0.875,0.3125,0.25,0.4375,0,0,0.125,0.0625,0.3125,0.25,0.25,0,0,0,0
2024,00-0038752,18,8.117647058823529,2,5,7,5,5,3,0.1111111111111111,0.2777777777777778,0.3888888888888889,0.2777777777777778,0.2777777777777778,0.16666666666666666,0,0,0.11764705882352941,0.47058823529411764,0.17647058823529413,0.23529411764705882,0,0,0,0
2024,00-0038783,15,4.133333333333334,1,8,7,3,5,4,0.06666666666666667,0.5333333333333333,0.4666666666666667,0.2,0.3333333333333333,0.26666666666666666,0,0,0,0.26666666666666666,0.4666666666666667,0.26666666666666666,0,0,0,0
2024,00-0038794,27,-4.037037037037037,0,27,12,1,14,3,0,1,0.4444444444444444,0.037037037037037035,0.5185185185185185,0.1111111111111111,0,0.5555555555555556,0,0,0.37037037037037035,0.07407407407407407,0,0,0,0
2024,00-0038797,14,-4.5,0,14,8,0,6,2,0,1,0.5714285714285714,0,0.42857142857142855,0.14285714285714285,0,0.7857142857142857,0,0.07142857142857142,0.14285714285714285,0,0,0,0,0
2024,00-0038809,5,8,1,2,3,0,2,2,0.2,0.4,0.6,0,0.4,0.4,0,0,0.2,0.2,0.6,0,0,0,0,0
2024,00-0038821,11,11.545454545454545,3,3,4,1,6,2,0.2727272727272727,0.2727272727272727,0.36363636363636365,0.09090909090909091,0.5454545454545454,0.18181818181818182,0,0,0.18181818181818182,0.18181818181818182,0.09090909090909091,0.5454545454545454,0,0,0,0
2024,00-0038824,20,9.75,5,8,9,6,5,3,0.25,0.4,0.45,0.3,0.25,0.15,0,0.05,0.3,0.2,0.15,0.3,0,0,0,0
2024,00-0038840,1,-2,0,1,1,0,0,0,0,1,1,0,0,0,0,1,0,0,0,0,0,0,0,0
2024,00-0038920,1,4,0,1,1,0,0,0,0,1,1,0,0,0,0,0,0,0,1,0,0,0,0,0
2024,00-0038933,75,7.64,21,34,33,14,28,10,0.28,0.4533333333333333,0.44,0.18666666666666668,0.37333333333333335,0.13333333333333333,0,0.14666666666666667,0.22666666666666666,0.25333333333333335,0.30666666666666664,0.06666666666666667,5.67357142857143,3.536217491037853,0,14.693746223713363
2024,00-0038935,53,6.433962264150943,8,28,17,16,20,6,0.1509433962264151,0.5283018867924528,0.32075471698113206,0.3018867924528302,0.37735849056603776,0.11320754716981132,0,0.038461538461538464,0.17307692307692307,0.15384615384615385,0.38461538461538464,0.25,6.473777777777777,3.0354875110980575,0,7.942865727525916
2024,00-0038938,19,19.105263157894736,10,2,9,3,7,0,0.5263157894736842,0.10526315789473684,0.47368421052631576,0.15789473684210525,0.3684210526315789,0,0,0,0.47368421052631576,0.21052631578947367,0.05263157894736842,0.2631578947368421,0,0,0,0
2024,00-0038941,1,-2,0,1,1,0,0,0,0,1,1,0,0,0,0,1,0,0,0,0,0,0,0,0
2024,00-0038951,12,1,0,10,2,3,7,0,0,0.8333333333333334,0.16666666666666666,0.25,0.5833333333333334,0,0,0.45454545454545453,0,0.2727272727272727,0.18181818181818182,0.09090909090909091,0,0,0,0
2024,00-0038976,53,7.384615384615385,13,36,24,8,20,6,0.24528301886792453,0.6792452830188679,0.4528301886792453,0.1509433962264151,0.37735849056603776,0.11320754716981132,0,0.5660377358490566,0.22641509433962265,0.07547169811320754,0.018867924528301886,0.11320754716981132,7.996363636363636,5.205587753915061,0,9.146721523509198
2024,00-0038977,81,12.54320987654321,29,17,28,17,36,9,0.35802469135802467,0.20987654320987653,0.345679012345679,0.20987654320987653,0.4444444444444444,0.1111111111111111,0,0.1125,0.2625,0.1625,0.3625,0.1,6.05474358974359,2.6679110861756405,0,23.09258861629526
2024,00-0038979,51,11.26530612244898,15,14,17,15,17,7,0.29411764705882354,0.27450980392156865,0.3333333333333333,0.29411764705882354,0.3333333333333333,0.13725490196078433,0,0.04081632653061224,0.2653061224489796,0.40816326530612246,0.16326530612244897,0.12244897959183673,6.1244444444444435,2.920522131983175,0,11.603605066580057
2024,00-0038981,1,1,0,1,0,0,1,1,0,1,0,0,1,1,0,0,0,0,1,0,0,0,0,0
2024,00-0038994,100,12.969696969696969,42,22,31,15,53,19,0.42,0.22,0.31,0.15,0.53,0.19,0,0.1134020618556701,0.23711340206185566,0.16494845360824742,0.3402061855670103,0.14432989690721648,6.3459574468085105,2.9958312128217406,0,28.82541425151553
2024,00-0038996,71,5.3428571428571425,8,44,22,12,36,16,0.11267605633802817,0.6197183098591549,0.30985915492957744,0.16901408450704225,0.5070422535211268,0.22535211267605634,0,0.14492753623188406,0.13043478260869565,0.15942028985507245,0.4057971014492754,0.15942028985507245,6.04280701754386,4.403760280932288,0,9.07643549404641
2024,00-0038997,107,6.859813084112149,17,47,39,26,42,14,0.1588785046728972,0.4392523364485981,0.3644859813084112,0.24299065420560748,0.3925233644859813,0.1308411214953271,0,0.10377358490566038,0.14150943396226415,0.2358490566037736,0.3867924528301887,0.1320754716981132,6.043522727272728,3.2853027487737334,0,13.42984536052246
2024,00-0039021,20,0.55,0,17,5,6,9,2,0,0.85,0.25,0.3,0.45,0.1,0,0.3333333333333333,0,0.2777777777777778,0.2777777777777778,0.1111111111111111,0,0,0,0
2024,00-0039032,35,-0.8857142857142857,0,33,12,13,10,3,0,0.9428571428571428,0.34285714285714286,0.37142857142857144,0.2857142857142857,0.08571428571428572,0,0.3142857142857143,0,0.2857142857142857,0.08571428571428572,0.3142857142857143,0,0,0,0
2024,00-0039040,87,-0.40229885057471265,4,75,46,9,32,14,0.04597701149425287,0.8620689655172413,0.5287356321839081,0.10344827586206896,0.367816091954023,0.16091954022988506,0,0.6046511627906976,0.06976744186046512,0.11627906976744186,0.13953488372093023,0.06976744186046512,0,0,0,0
2024,00-0039041,24,4.5,2,15,10,4,10,3,0.08333333333333333,0.625,0.4166666666666667,0.16666666666666666,0.4166666666666667,0.125,0,0.08333333333333333,0.08333333333333333,0.20833333333333334,0.3333333333333333,0.2916666666666667,0,0,0,0
2024,00-0039050,14,8.857142857142858,2,2,3,6,5,2,0.14285714285714285,0.14285714285714285,0.21428571428571427,0.42857142857142855,0.35714285714285715,0.14285714285714285,0,0,0.35714285714285715,0.07142857142857142,0.35714285714285715,0.21428571428571427,0,0,0,0
2024,00-0039052,22,14.318181818181818,11,4,8,3,11,2,0.5,0.18181818181818182,0.36363636363636365,0.13636363636363635,0.5,0.09090909090909091,0,0.09523809523809523,0.3333333333333333,0.14285714285714285,0.38095238095238093,0.047619047619047616,0,0,0,0
2024,00-0039062,42,11,12,11,22,5,15,1,0.2857142857142857,0.2619047619047619,0.5238095238095238,0.11904761904761904,0.35714285714285715,0.023809523809523808,0,0.07142857142857142,0.23809523809523808,0.2857142857142857,0.23809523809523808,0.16666666666666666,0,0,0,0
2024,00-0039064,117,10.405172413793103,41,39,44,32,40,8,0.3504273504273504,0.3333333333333333,0.37606837606837606,0.27350427350427353,0.3418803418803419,0.06837606837606838,0,0.1896551724137931,0.1810344827586207,0.3017241379310345,0.2672413793103448,0.0603448275862069,7.253076923076923,3.9155002147205766,0,29.742848315745775
2024,00-0039065,83,6.9879518072289155,15,39,24,32,27,20,0.18072289156626506,0.46987951807228917,0.2891566265060241,0.3855421686746988,0.3253012048192771,0.24096385542168675,0,0.07407407407407407,0.20987654320987653,0.2962962962962963,0.19753086419753085,0.2222222222222222,5.966349206349205,3.52911501205482,0,17.165713062870275
2024,00-0039066,32,6.15625,3,17,7,12,13,6,0.09375,0.53125,0.21875,0.375,0.40625,0.1875,0,0,0.125,0.4375,0.1875,0.25,0,0,0,0
2024,00-0039067,29,5.206896551724138,3,17,11,7,11,2,0.10344827586206896,0.5862068965517241,0.3793103448275862,0.2413793103448276,0.3793103448275862,0.06896551724137931,0,0.27586206896551724,0.10344827586206896,0.3793103448275862,0.20689655172413793,0.034482758620689655,0,0,0,0
2024,00-0039074,13,3.8461538461538463,1,9,4,4,5,5,0.07692307692307693,0.6923076923076923,0.3076923076923077,0.3076923076923077,0.38461538461538464,0.38461538461538464,0,0.07692307692307693,0.15384615384615385,0.15384615384615385,0.5384615384615384,0.07692307692307693,0,0,0,0
2024,00-0039075,107,7.915094339622642,23,46,36,15,55,14,0.21495327102803738,0.42990654205607476,0.3364485981308411,0.14018691588785046,0.514018691588785,0.1308411214953271,0,0.21495327102803738,0.12149532710280374,0.2616822429906542,0.2616822429906542,0.14018691588785046,6.509191919191918,3.319900838167648,0,19.98470408283327
2024,00-0039139,63,-0.1746031746031746,4,52,17,13,33,13,0.06349206349206349,0.8253968253968254,0.2698412698412698,0.20634920634920634,0.5238095238095238,0.20634920634920634,0,0.5079365079365079,0.09523809523809523,0.07936507936507936,0.14285714285714285,0.1746031746031746,0,0,0,0
2024,00-0039144,10,6.6,2,6,3,4,3,1,0.2,0.6,0.3,0.4,0.3,0.1,0,0,0.2,0.2,0.3,0.3,0,0,0,0
2024,00-0039146,76,9.066666666666666,22,35,31,16,28,12,0.2894736842105263,0.4605263157894737,0.40789473684210525,0.21052631578947367,0.3684210526315789,0.15789473684210525,0,0.3157894736842105,0.27631578947368424,0.11842105263157894,0.21052631578947367,0.07894736842105263,7.012711864406779,3.996402117259854,0,15.194205864674357
2024,00-0039163,1,10,0,0,0,0,1,1,0,0,0,0,1,1,0,0,1,0,0,0,0,0,0,0
2024,00-0039164,1,-8,0,1,0,0,1,0,0,1,0,0,1,0,0,0,0,0,0,0,0,0,0,0
2024,00-0039165,52,-1.0384615384615385,1,51,18,14,20,1,0.019230769230769232,0.9807692307692307,0.34615384615384615,0.2692307692307692,0.38461538461538464,0.019230769230769232,0,0.42,0.02,0.12,0.16,0.28,0,0,0,0
2024,00-0039236,15,9.8,4,3,8,2,5,3,0.26666666666666666,0.2,0.5333333333333333,0.13333333333333333,0.3333333333333333,0.2,0,0,0.2,0.26666666666666666,0.3333333333333333,0.2,0,0,0,0
2024,00-0039244,2,-2.5,0,2,2,0,0,0,0,1,1,0,0,0,0,0.5,0,0.5,0,0,0,0,0,0
2024,00-0039299,1,-1,0,1,0,0,1,0,0,1,0,0,1,0,0,0,0,0,0,1,0,0,0,0
2024,00-0039316,1,0,0,1,0,0,1,0,0,1,0,0,1,0,0,1,0,0,0,0,0,0,0,0
2024,00-0039325,11,-1.5454545454545454,0,10,4,2,5,2,0,0.9090909090909091,0.36363636363636365,0.18181818181818182,0.45454545454545453,0.18181818181818182,0,0.36363636363636365,0,0.18181818181818182,0.36363636363636365,0.09090909090909091,0,0,0,0
2024,00-0039337,172,9.464705882352941,43,67,75,34,61,17,0.25,0.38953488372093026,0.436046511627907,0.19767441860465115,0.3546511627906977,0.09883720930232558,0,0.10465116279069768,0.2441860465116279,0.19767441860465115,0.21511627906976744,0.23837209302325582,6.115975609756098,2.812611932483602,0,40.9103754490393
2024,00-0039338,153,6.032679738562091,20,71,51,43,59,16,0.13071895424836602,0.46405228758169936,0.3333333333333333,0.28104575163398693,0.38562091503267976,0.10457516339869281,0,0.09933774834437085,0.11920529801324503,0.2913907284768212,0.33774834437086093,0.152317880794702,6.48290322580645,3.515527475627349,0,22.407388889837346
2024,00-0039342,85,12.261904761904763,25,23,31,17,36,13,0.29411764705882354,0.27058823529411763,0.36470588235294116,0.2,0.4235294117647059,0.15294117647058825,0,0.07142857142857142,0.32142857142857145,0.25,0.19047619047619047,0.16666666666666666,6.355063291139241,2.619110107955592,0,24.697589563462554
2024,00-0039344,3,-2.6666666666666665,0,3,1,0,2,2,0,1,0.3333333333333333,0,0.6666666666666666,0.6666666666666666,0,0.6666666666666666,0,0,0.3333333333333333,0,0,0,0,0
2024,00-0039355,25,7.083333333333333,5,11,7,5,12,4,0.2,0.44,0.28,0.2,0.48,0.16,0,0.2,0.2,0.2,0.24,0.16,0,0,0,0
2024,00-0039356,43,6.232558139534884,8,23,13,9,21,6,0.18604651162790697,0.5348837209302325,0.3023255813953488,0.20930232558139536,0.4883720930232558,0.13953488372093023,0,0.07142857142857142,0.21428571428571427,0.14285714285714285,0.4523809523809524,0.11904761904761904,0,0,0,0
2024,00-0039359,22,5.363636363636363,4,14,8,7,7,3,0.18181818181818182,0.6363636363636364,0.36363636363636365,0.3181818181818182,0.3181818181818182,0.13636363636363635,0,0.13636363636363635,0.13636363636363635,0.3181818181818182,0.22727272727272727,0.18181818181818182,0,0,0,0
2024,00-0039361,53,-3.0576923076923075,0,51,23,3,26,9,0,0.9622641509433962,0.4339622641509434,0.05660377358490566,0.49056603773584906,0.16981132075471697,0,0.6226415094339622,0,0.018867924528301886,0.2641509433962264,0.09433962264150944,0,0,0,0
2024,00-0039363,16,3.125,2,12,6,2,8,0,0.125,0.75,0.375,0.125,0.5,0,0,0.25,0.125,0.1875,0.3125,0.125,0,0,0,0
2024,00-0039364,3,5.666666666666667,1,2,0,2,1,0,0.3333333333333333,0.6666666666666666,0,0.6666666666666666,0.3333333333333333,0,0,0.3333333333333333,0.3333333333333333,0,0,0.3333333333333333,0,0,0,0
2024,00-0039365,6,14.333333333333334,2,1,1,2,3,3,0.3333333333333333,0.16666666666666666,0.16666666666666666,0.3333333333333333,0.5,0.5,0,0.16666666666666666,0.6666666666666666,0,0,0.16666666666666666,0,0,0,0
2024,00-0039373,5,-2,0,5,4,0,1,0,0,1,0.8,0,0.2,0,0,0.4,0,0,0.4,0.2,0,0,0,0
2024,00-0039379,7,7.285714285714286,1,4,2,0,5,0,0.14285714285714285,0.5714285714285714,0.2857142857142857,0,0.7142857142857143,0,0,0.14285714285714285,0.14285714285714285,0.2857142857142857,0.14285714285714285,0.2857142857142857,0,0,0,0
2024,00-0039384,54,0.33962264150943394,1,47,21,13,19,6,0.018518518518518517,0.8703703703703703,0.3888888888888889,0.24074074074074073,0.35185185185185186,0.1111111111111111,0,0.33962264150943394,0.03773584905660377,0.18867924528301888,0.2641509433962264,0.16981132075471697,0,0,0,0
2024,00-0039386,15,11.333333333333334,3,2,3,2,10,1,0.2,0.13333333333333333,0.2,0.13333333333333333,0.6666666666666666,0.06666666666666667,0,0.06666666666666667,0.26666666666666666,0.13333333333333333,0.4666666666666667,0.06666666666666667,0,0,0,0
2024,00-0039391,9,5.333333333333333,2,7,0,3,6,0,0.2222222222222222,0.7777777777777778,0,0.3333333333333333,0.6666666666666666,0,0,0.1111111111111111,0.2222222222222222,0,0.4444444444444444,0.2222222222222222,0,0,0,0
2024,00-0039392,3,26,2,0,1,1,1,0,0.6666666666666666,0,0.3333333333333333,0.3333333333333333,0.3333333333333333,0,0,0,0.6666666666666666,0.3333333333333333,0,0,0,0,0,0
2024,00-0039394,2,18,1,1,2,0,0,0,0.5,0.5,1,0,0,0,0,0,0.5,0,0,0.5,0,0,0,0
2024,00-0039410,14,8.214285714285714,4,5,9,2,3,0,0.2857142857142857,0.35714285714285715,0.6428571428571429,0.14285714285714285,0.21428571428571427,0,0,0.07142857142857142,0.14285714285714285,0.35714285714285715,0.14285714285714285,0.2857142857142857,0,0,0,0
2024,00-0039420,3,7.666666666666667,1,1,0,1,2,0,0.3333333333333333,0.3333333333333333,0,0.3333333333333333,0.6666666666666666,0,0,0.3333333333333333,0.3333333333333333,0.3333333333333333,0,0,0,0,0,0
2024,00-0039424,55,8.381818181818181,12,18,22,15,18,7,0.21818181818181817,0.32727272727272727,0.4,0.2727272727272727,0.32727272727272727,0.12727272727272726,0,0.07272727272727272,0.14545454545454545,0.2909090909090909,0.32727272727272727,0.16363636363636364,5.808039215686275,3.1093440975647324,0,11.135117823135959
2024,00-0039451,3,5,1,2,2,0,1,0,0.3333333333333333,0.6666666666666666,0.6666666666666666,0,0.3333333333333333,0,0,0.3333333333333333,0,0.3333333333333333,0,0.3333333333333333,0,0,0,0
2024,00-0039458,1,-2,0,1,1,0,0,0,0,1,1,0,0,0,0,0,0,1,0,0,0,0,0,0
2024,00-0039491,46,11.217391304347826,19,11,17,12,17,7,0.41304347826086957,0.2391304347826087,0.3695652173913043,0.2608695652173913,0.3695652173913043,0.15217391304347827,0,0.044444444444444446,0.3111111111111111,0.24444444444444444,0.26666666666666666,0.13333333333333333,6.430000000000001,2.669252053979642,0,12.517484691181496
2024,00-0039521,2,19.5,2,0,1,0,1,0,1,0,0.5,0,0.5,0,0,0,0.5,0,0,0.5,0,0,0,0
2024,00-0039530,14,5.857142857142857,2,7,3,2,9,2,0.14285714285714285,0.5,0.21428571428571427,0.14285714285714285,0.6428571428571429,0.14285714285714285,0,0,0.21428571428571427,0.14285714285714285,0.42857142857142855,0.21428571428571427,0,0,0,0
2024,00-0039543,3,10,0,0,1,0,2,1,0,0,0.3333333333333333,0,0.6666666666666666,0.3333333333333333,0,0,0,0.6666666666666666,0.3333333333333333,0,0,0,0,0
2024,00-0039573,2,-2,0,2,0,0,2,1,0,1,0,0,1,0.5,0,0.5,0,0,0.5,0,0,0,0,0
2024,00-0039589,1,3,0,1,0,1,0,1,0,1,0,1,0,1,0,0,0,1,0,0,0,0,0,0
2024,00-0039613,4,9,1,2,1,0,3,0,0.25,0.5,0.25,0,0.75,0,0,0,0.25,0.25,0.5,0,0,0,0,0
2024,00-0039617,3,3,0,3,0,2,1,2,0,1,0,0.6666666666666666,0.3333333333333333,0.6666666666666666,0,0,0,0,0.3333333333333333,0.6666666666666666,0,0,0,0
2024,00-0039623,26,12.538461538461538,7,7,9,6,11,1,0.2692307692307692,0.2692307692307692,0.34615384615384615,0.23076923076923078,0.4230769230769231,0.038461538461538464,0,0,0.3076923076923077,0.19230769230769232,0.3076923076923077,0.19230769230769232,0,0,0,0
2024,00-0039631,5,2.4,0,4,2,0,3,2,0,0.8,0.4,0,0.6,0.4,0,0,0.2,0,0.6,0.2,0,0,0,0
2024,00-0039648,2,0,0,2,0,0,2,0,0,1,0,0,1,0,0,0,0,0,1,0,0,0,0,0
2024,00-0039650,9,10.555555555555555,2,3,4,1,4,1,0.2222222222222222,0.3333333333333333,0.4444444444444444,0.1111111111111111,0.4444444444444444,0.1111111111111111,0,0,0.125,0.375,0.25,0.25,0,0,0,0
2024,00-0039703,1,0,0,1,1,0,0,0,0,1,1,0,0,0,0,0,0,0,1,0,0,0,0,0
2024,00-0039731,1,-4,0,1,0,1,0,0,0,1,0,1,0,0,0,0,0,1,0,0,0,0,0,0
2024,00-0039732,1,2,0,1,0,0,1,1,0,1,0,0,1,1,0,0,0,0,1,0,0,0,0,0
2024,00-0039737,7,1.7142857142857142,0,6,2,1,4,0,0,0.8571428571428571,0.2857142857142857,0.14285714285714285,0.5714285714285714,0,0,0.14285714285714285,0,0.2857142857142857,0.5714285714285714,0,0,0,0,0
2024,00-0039738,8,-0.625,0,8,4,2,2,0,0,1,0.5,0.25,0.25,0,0,0.375,0,0,0.5,0.125,0,0,0,0
2024,00-0039746,4,1.75,0,3,0,1,3,1,0,0.75,0,0.25,0.75,0.25,0,0.25,0,0.25,0.5,0,0,0,0,0
2024,00-0039747,9,4.222222222222222,0,4,3,3,3,1,0,0.4444444444444444,0.3333333333333333,0.3333333333333333,0.3333333333333333,0.1111111111111111,0,0.2222222222222222,0,0.4444444444444444,0.3333333333333333,0,0,0,0,0
2024,00-0039751,28,5.392857142857143,3,16,14,9,5,2,0.10714285714285714,0.5714285714285714,0.5,0.32142857142857145,0.17857142857142858,0.07142857142857142,0,0.17857142857142858,0.14285714285714285,0.5,0.10714285714285714,0.07142857142857142,0,0,0,0
2024,00-0039754,6,12.166666666666666,2,0,1,3,2,2,0.3333333333333333,0,0.16666666666666666,0.5,0.3333333333333333,0.3333333333333333,0,0,0.16666666666666666,0.3333333333333333,0.16666666666666666,0.3333333333333333,0,0,0,0
2024,00-0039757,1,29,1,0,1,0,0,0,1,0,1,0,0,0,0,0,1,0,0,0,0,0,0,0
2024,00-0039792,3,28,3,0,1,0,2,0,1,0,0.3333333333333333,0,0.6666666666666666,0,0,0,1,0,0,0,0,0,0,0
2024,00-0039793,38,3.5789473684210527,3,27,11,11,16,7,0.07894736842105263,0.7105263157894737,0.2894736842105263,0.2894736842105263,0.42105263157894735,0.18421052631578946,0,0.07894736842105263,0.07894736842105263,0.15789473684210525,0.34210526315789475,0.34210526315789475,0,0,0,0
2024,00-0039794,27,-0.18518518518518517,0,26,14,4,9,1,0,0.9629629629629629,0.5185185185185185,0.14814814814814814,0.3333333333333333,0.037037037037037035,0,0.5185185185185185,0.037037037037037035,0,0.2962962962962963,0.14814814814814814,0,0,0,0
2024,00-0039796,2,-2.5,0,2,0,1,1,0,0,1,0,0.5,0.5,0,0,0.5,0,0.5,0,0,0,0,0,0
2024,00-0039798,12,1.3333333333333333,0,10,6,3,3,3,0,0.8333333333333334,0.5,0.25,0.25,0.25,0,0.4166666666666667,0.08333333333333333,0,0.3333333333333333,0.16666666666666666,0,0,0,0
2024,00-0039810,14,21.142857142857142,7,1,5,2,7,4,0.5,0.07142857142857142,0.35714285714285715,0.14285714285714285,0.5,0.2857142857142857,0,0,0.6153846153846154,0.15384615384615385,0.15384615384615385,0.07692307692307693,0,0,0,0
2024,00-0039811,1,-5,0,1,1,0,0,0,0,1,1,0,0,0,0,1,0,0,0,0,0,0,0,0
2024,00-0039814,22,3.272727272727273,2,18,7,4,11,2,0.09090909090909091,0.8181818181818182,0.3181818181818182,0.18181818181818182,0.5,0.09090909090909091,0,0.13636363636363635,0.09090909090909091,0.13636363636363635,0.5,0.13636363636363635,0,0,0,0
2024,00-0039816,1,18,1,0,0,1,0,0,1,0,0,1,0,0,0,0,0,1,0,0,0,0,0,0
2024,00-0039824,1,4,0,1,0,0,1,0,0,1,0,0,1,0,0,0,0,1,0,0,0,0,0,0
2024,00-0039847,43,6.6976744186046515,5,19,12,15,16,1,0.11627906976744186,0.4418604651162791,0.27906976744186046,0.3488372093023256,0.37209302325581395,0.023255813953488372,0,0.07142857142857142,0.19047619047619047,0.23809523809523808,0.38095238095238093,0.11904761904761904,0,0,0,0
2024,00-0039849,116,13.5,49,14,52,13,51,14,0.4224137931034483,0.1206896551724138,0.4482758620689655,0.11206896551724138,0.4396551724137931,0.1206896551724138,0,0,0.33620689655172414,0.2413793103448276,0.2413793103448276,0.1810344827586207,4.907499999999999,2.0484661199334173,0,42.666504157525516
2024,00-0039853,4,12.5,1,0,3,0,1,0,0.25,0,0.75,0,0.25,0,0,0,0.25,0.25,0.25,0.25,0,0,0,0
2024,00-0039855,58,12.137931034482758,22,15,22,10,26,8,0.3793103448275862,0.25862068965517243,0.3793103448275862,0.1724137931034483,0.4482758620689655,0.13793103448275862,0,0.13793103448275862,0.2413793103448276,0.2413793103448276,0.25862068965517243,0.1206896551724138,7.17490909090909,3.2762200694816372,0,18.425869113980237
2024,00-0039868,53,13.018867924528301,23,24,23,8,22,8,0.4339622641509434,0.4528301886792453,0.4339622641509434,0.1509433962264151,0.41509433962264153,0.1509433962264151,0,0.2549019607843137,0.35294117647058826,0.21568627450980393,0.0784313725490196,0.09803921568627451,7.358235294117648,3.805752775194941,0,17.283354479496442
2024,00-0039874,6,-1,0,6,4,0,2,1,0,1,0.6666666666666666,0,0.3333333333333333,0.16666666666666666,0,0.8333333333333334,0,0,0.16666666666666666,0,0,0,0,0
2024,00-0039875,19,0.8421052631578947,1,18,6,2,11,2,0.05263157894736842,0.9473684210526315,0.3157894736842105,0.10526315789473684,0.5789473684210527,0.10526315789473684,0,0.3333333333333333,0.16666666666666666,0,0.3888888888888889,0.1111111111111111,0,0,0,0
2024,00-0039880,36,5.416666666666667,6,18,17,6,13,2,0.16666666666666666,0.5,0.4722222222222222,0.16666666666666666,0.3611111111111111,0.05555555555555555,0,0.3055555555555556,0.1111111111111111,0.2777777777777778,0.25,0.05555555555555555,0,0,0,0
2024,00-0039890,55,14.090909090909092,21,12,26,2,27,7,0.38181818181818183,0.21818181818181817,0.4727272727272727,0.03636363636363636,0.4909090909090909,0.12727272727272726,0,0.07547169811320754,0.3018867924528302,0.18867924528301888,0.2830188679245283,0.1509433962264151,6.012075471698114,2.6281684808362327,0,15.821469690779685
2024,00-0039893,135,11.593984962406015,42,48,47,30,56,18,0.3111111111111111,0.35555555555555557,0.34814814814814815,0.2222222222222222,0.4148148148148148,0.13333333333333333,0,0.11194029850746269,0.27611940298507465,0.22388059701492538,0.23134328358208955,0.15671641791044777,6.1616800000000005,3.0374099303711843,0,35.00699155235576
2024,00-0039894,99,9.224489795918368,25,46,33,12,53,19,0.25252525252525254,0.46464646464646464,0.3333333333333333,0.12121212121212122,0.5353535353535354,0.1919191919191919,0,0.20202020202020202,0.2222222222222222,0.2222222222222222,0.2727272727272727,0.08080808080808081,6.321868131868132,3.7734579572632674,0,24.468099874781696
2024,00-0039901,58,15.157894736842104,25,11,28,4,25,12,0.43103448275862066,0.1896551724137931,0.4827586206896552,0.06896551724137931,0.43103448275862066,0.20689655172413793,0,0.03508771929824561,0.45614035087719296,0.24561403508771928,0.08771929824561403,0.17543859649122806,4.651249999999999,2.0177499312176668,0,21.551973984762228
2024,00-0039907,34,11.969696969696969,10,5,10,7,16,5,0.29411764705882354,0.14705882352941177,0.29411764705882354,0.20588235294117646,0.47058823529411764,0.14705882352941177,0,0.029411764705882353,0.35294117647058826,0.20588235294117646,0.23529411764705882,0.17647058823529413,0,0,0,0
2024,00-0039912,5,1.8,0,5,3,0,2,1,0,1,0.6,0,0.4,0.2,0,0.2,0,0,0.8,0,0,0,0,0
2024,00-0039915,113,9.946428571428571,29,26,33,33,46,10,0.25663716814159293,0.23008849557522124,0.2920353982300885,0.2920353982300885,0.40707964601769914,0.08849557522123894,0,0.03571428571428571,0.19642857142857142,0.2857142857142857,0.2767857142857143,0.20535714285714285,5.947009345794392,3.100955626421623,0,26.12977189457511
2024,00-0039916,47,11.478260869565217,12,7,18,15,13,8,0.2553191489361702,0.14893617021276595,0.3829787234042553,0.3191489361702128,0.2765957446808511,0.1702127659574468,0,0.0425531914893617,0.1702127659574468,0.3191489361702128,0.3404255319148936,0.1276595744680851,5.980227272727273,2.4240357325886457,0,11.496792554908463
2024,00-0039919,101,13.841584158415841,40,23,28,24,49,17,0.39603960396039606,0.22772277227722773,0.27722772277227725,0.2376237623762376,0.48514851485148514,0.16831683168316833,0,0.09,0.31,0.25,0.19,0.16,5.683870967741934,2.9607346385893925,0,33.21192084802938
2024,00-0039920,6,8.333333333333334,1,2,1,1,4,2,0.16666666666666666,0.3333333333333333,0.16666666666666666,0.16666666666666666,0.6666666666666666,0.3333333333333333,0,0.16666666666666666,0.16666666666666666,0.5,0,0.16666666666666666,0,0,0,0
2024,00-0039921,6,-3.1666666666666665,0,6,4,0,2,0,0,1,0.6666666666666666,0,0.3333333333333333,0,0,1,0,0,0,0,0,0,0,0
2025,00-0023459,1,-9,0,1,0,1,0,0,0,1,0,1,0,0,0,0,1,0,0,0,0,0,0,0
2025,00-0029892,28,4.285714285714286,2,19,14,4,10,5,0.07142857142857142,0.6785714285714286,0.5,0.14285714285714285,0.35714285714285715,0.17857142857142858,0,0.03571428571428571,0.10714285714285714,0.25,0.5,0.10714285714285714,0,0,0,0
2025,00-0030035,36,8.742857142857142,7,10,15,12,8,4,0.19444444444444445,0.2777777777777778,0.4166666666666667,0.3333333333333333,0.2222222222222222,0.1111111111111111,0,0.027777777777777776,0.16666666666666666,0.3055555555555556,0.19444444444444445,0.3055555555555556,0,0,0,0
2025,00-0030061,73,9.11111111111111,10,17,30,19,23,9,0.136986301369863,0.2328767123287671,0.410958904109589,0.2602739726027397,0.3150684931506849,0.1232876712328767,0,0.013888888888888888,0.16666666666666666,0.2916666666666667,0.2361111111111111,0.2916666666666667,6.0285714285714285,2.7298232915566385,0,16.590673107308927
2025,00-0030279,122,8.418032786885245,19,39,42,24,56,16,0.1557377049180328,0.319672131147541,0.3442622950819672,0.19672131147540983,0.45901639344262296,0.13114754098360656,0,0.03305785123966942,0.1652892561983471,0.2809917355371901,0.2231404958677686,0.2975206611570248,6.187372881355931,2.630383049245497,0,23.37958821304573
2025,00-0030506,109,6.805555555555555,15,45,39,26,43,13,0.13761467889908258,0.41284403669724773,0.3577981651376147,0.23853211009174313,0.3944954128440367,0.11926605504587157,0,0.08256880733944955,0.1559633027522936,0.25688073394495414,0.2018348623853211,0.30275229357798167,5.738837209302326,3.1840548101898025,0,16.561521814738953
2025,00-0030564,39,13.153846153846153,14,5,17,8,14,3,0.358974358974359,0.1282051282051282,0.4358974358974359,0.20512820512820512,0.358974358974359,0.07692307692307693,0,0,0.41025641025641024,0.23076923076923078,0.1794871794871795,0.1794871794871795,0,0,0,0
2025,00-0031236,36,14.333333333333334,13,7,15,9,12,1,0.3611111111111111,0.19444444444444445,0.4166666666666667,0.25,0.3333333333333333,0.027777777777777776,0,0.027777777777777776,0.25,0.3333333333333333,0.25,0.1388888888888889,0,0,0,0
2025,00-0031279,1,1,0,1,1,0,0,1,0,1,1,0,0,1,0,0,1,0,0,0,0,0,0,0
2025,00-0031381,114,12.666666666666666,48,29,56,23,35,32,0.42105263157894735,0.2543859649122807,0.49122807017543857,0.20175438596491227,0.30701754385964913,0.2807017543859649,0,0,0.38596491228070173,0.2719298245614035,0.20175438596491227,0.14035087719298245,5.167345132743362,2.1176731817475356,0,28.33526289675082
2025,00-0031408,62,13.290322580645162,21,8,24,10,28,9,0.3387096774193548,0.12903225806451613,0.3870967741935484,0.16129032258064516,0.45161290322580644,0.14516129032258066,0,0,0.39344262295081966,0.29508196721311475,0.21311475409836064,0.09836065573770492,5.341451612903225,1.9197024514257628,0,19.33311568279427
2025,00-0031484,2,5.5,0,1,0,0,2,1,0,0.5,0,0,1,0.5,0,0,0.5,0,0.5,0,0,0,0,0
2025,00-0031503,1,13,0,0,1,0,0,0,0,0,1,0,0,0,0,0,1,0,0,0,0,0,0,0
2025,00-0031588,102,8.53921568627451,23,40,39,28,35,12,0.22549019607843138,0.39215686274509803,0.38235294117647056,0.27450980392156865,0.3431372549019608,0.11764705882352941,0,0.039603960396039604,0.15841584158415842,0.3069306930693069,0.3069306930693069,0.18811881188118812,5.750618556701031,3.042632889215348,0,19.70370202443835
2025,00-0031610,35,10.558823529411764,10,10,13,12,9,8,0.2857142857142857,0.2857142857142857,0.37142857142857144,0.34285714285714286,0.2571428571428571,0.22857142857142856,0,0.02857142857142857,0.4,0.3142857142857143,0.17142857142857143,0.08571428571428572,0,0,0,0
2025,00-0031687,12,-1.3333333333333333,0,12,0,3,9,1,0,1,0,0.25,0.75,0.08333333333333333,0,0.5,0,0.08333333333333333,0.16666666666666666,0.25,0,0,0,0
2025,00-0032104,17,-0.17647058823529413,0,16,1,7,9,1,0,0.9411764705882353,0.058823529411764705,0.4117647058823529,0.5294117647058824,0.058823529411764705,0,0.47058823529411764,0,0.35294117647058826,0.058823529411764705,0.11764705882352941,0,0,0,0
2025,00-0032211,56,7.745454545454545,7,16,20,16,19,3,0.125,0.2857142857142857,0.35714285714285715,0.2857142857142857,0.3392857142857143,0.05357142857142857,0,0.07272727272727272,0.09090909090909091,0.3090909090909091,0.34545454545454546,0.18181818181818182,6.274905660377358,2.7468354430618924,0,10.671928618686108
2025,00-0032385,54,8.547169811320755,11,24,24,9,20,8,0.2037037037037037,0.4444444444444444,0.4444444444444444,0.16666666666666666,0.37037037037037035,0.14814814814814814,0,0.1509433962264151,0.20754716981132076,0.2830188679245283,0.20754716981132076,0.1509433962264151,6.034615384615384,3.269115198739834,0,10.607704829083017
2025,00-0032392,26,9,7,9,5,8,13,5,0.2692307692307692,0.34615384615384615,0.19230769230769232,0.3076923076923077,0.5,0.19230769230769232,0,0.038461538461538464,0.34615384615384615,0.11538461538461539,0.23076923076923078,0.2692307692307692,0,0,0,0
2025,00-0032398,23,14.434782608695652,9,2,14,2,7,2,0.391304347826087,0.08695652173913043,0.6086956521739131,0.08695652173913043,0.30434782608695654,0.08695652173913043,0,0,0.22727272727272727,0.22727272727272727,0.18181818181818182,0.36363636363636365,0,0,0,0
2025,00-0032464,30,5.633333333333334,4,17,7,11,12,2,0.13333333333333333,0.5666666666666667,0.23333333333333334,0.36666666666666664,0.4,0.06666666666666667,0,0.2,0.06666666666666667,0.3333333333333333,0.13333333333333333,0.26666666666666666,0,0,0,0
2025,00-0032688,9,14.555555555555555,4,2,2,0,7,0,0.4444444444444444,0.2222222222222222,0.2222222222222222,0,0.7777777777777778,0,0,0,0.3333333333333333,0.2222222222222222,0.2222222222222222,0.2222222222222222,0,0,0,0
2025,00-0032764,21,0.5714285714285714,0,19,8,2,11,2,0,0.9047619047619048,0.38095238095238093,0.09523809523809523,0.5238095238095238,0.09523809523809523,0,0.2857142857142857,0,0.047619047619047616,0.5714285714285714,0.09523809523809523,0,0,0,0
2025,00-0032775,36,13.485714285714286,15,8,13,9,13,4,0.4166666666666667,0.2222222222222222,0.3611111111111111,0.25,0.3611111111111111,0.1111111111111111,0,0.027777777777777776,0.25,0.25,0.3333333333333333,0.1388888888888889,0,0,0,0
2025,00-0032918,2,1,0,2,1,0,1,0,0,1,0.5,0,0.5,0,0,0.5,0,0,0.5,0,0,0,0,0
2025,00-0033040,29,13.758620689655173,11,5,12,0,17,2,0.3793103448275862,0.1724137931034483,0.41379310344827586,0,0.5862068965517241,0.06896551724137931,0,0.10344827586206896,0.10344827586206896,0.3103448275862069,0.41379310344827586,0.06896551724137931,0,0,0,0
2025,00-0033090,87,8.160919540229886,17,26,27,32,28,22,0.19540229885057472,0.2988505747126437,0.3103448275862069,0.367816091954023,0.3218390804597701,0.25287356321839083,0,0.023255813953488372,0.2558139534883721,0.29069767441860467,0.27906976744186046,0.1511627906976744,6.208412698412697,2.989968938569898,0,16.02616127496543
2025,00-0033110,36,6.055555555555555,7,19,7,7,22,8,0.19444444444444445,0.5277777777777778,0.19444444444444445,0.19444444444444445,0.6111111111111112,0.2222222222222222,0,0.1388888888888889,0.2222222222222222,0.16666666666666666,0.4166666666666667,0.05555555555555555,0,0,0,0
2025,00-0033217,20,4.65,2,11,9,5,6,6,0.1,0.55,0.45,0.25,0.3,0.3,0,0,0.25,0.05,0.4,0.3,0,0,0,0
2025,00-0033246,19,5.2631578947368425,2,9,6,3,10,1,0.10526315789473684,0.47368421052631576,0.3157894736842105,0.15789473684210525,0.5263157894736842,0.05263157894736842,0,0.10526315789473684,0.10526315789473684,0.21052631578947367,0.42105263157894735,0.15789473684210525,0,0,0,0
2025,00-0033280,129,2.5968992248062017,5,99,44,31,54,25,0.03875968992248062,0.7674418604651163,0.34108527131782945,0.24031007751937986,0.4186046511627907,0.1937984496124031,0,0.21705426356589147,0.06201550387596899,0.1937984496124031,0.3023255813953488,0.2248062015503876,0,0,0,0
2025,00-0033282,9,16.11111111111111,4,4,4,1,4,1,0.4444444444444444,0.4444444444444444,0.4444444444444444,0.1111111111111111,0.4444444444444444,0.1111111111111111,0,0.1111111111111111,0,0.2222222222222222,0.3333333333333333,0.3333333333333333,0,0,0,0
2025,00-0033288,69,6.666666666666667,9,34,33,18,18,13,0.13043478260869565,0.4927536231884058,0.4782608695652174,0.2608695652173913,0.2608695652173913,0.18840579710144928,0,0.11594202898550725,0.14492753623188406,0.2608695652173913,0.391304347826087,0.08695652173913043,5.119245283018869,3.62713684540377,0,11.739077373688065
2025,00-0033293,41,-0.6097560975609756,1,37,13,4,24,5,0.024390243902439025,0.9024390243902439,0.3170731707317073,0.0975609756097561,0.5853658536585366,0.12195121951219512,0,0.4878048780487805,0.07317073170731707,0.04878048780487805,0.2682926829268293,0.12195121951219512,0,0,0,0
2025,00-0033307,53,11.018867924528301,13,12,23,10,20,2,0.24528301886792453,0.22641509433962265,0.4339622641509434,0.18867924528301888,0.37735849056603776,0.03773584905660377,0,0.038461538461538464,0.25,0.34615384615384615,0.21153846153846154,0.15384615384615385,6.569607843137256,2.820807301668926,0,13.790578472052726
2025,00-0033357,16,3.375,2,12,7,3,6,0,0.125,0.75,0.4375,0.1875,0.375,0,0,0.3125,0.125,0.0625,0.3125,0.1875,0,0,0,0
2025,00-0033375,24,10.75,8,6,15,3,6,9,0.3333333333333333,0.25,0.625,0.125,0.25,0.375,0,0.08333333333333333,0.2916666666666667,0.375,0.125,0.125,0,0,0,0
2025,00-0033376,2,3,0,1,0,1,1,0,0,0.5,0,0.5,0.5,0,0,0,0,0,0,1,0,0,0,0
2025,00-0033439,2,0.5,0,2,0,0,2,1,0,1,0,0,1,0.5,0,0,0,0,1,0,0,0,0,0
2025,00-0033455,10,3.5,1,7,3,3,4,3,0.1,0.7,0.3,0.3,0.4,0.3,0,0.1,0,0.2,0.6,0.1,0,0,0,0
2025,00-0033526,21,-1.5238095238095237,0,21,8,5,8,1,0,1,0.38095238095238093,0.23809523809523808,0.38095238095238093,0.047619047619047616,0,0.6190476190476191,0,0.09523809523809523,0.047619047619047616,0.23809523809523808,0,0,0,0
2025,00-0033538,1,2,0,1,1,0,0,1,0,1,1,0,0,1,0,0,0,0,1,0,0,0,0,0
2025,00-0033553,9,-1,1,8,4,1,4,1,0.1111111111111111,0.8888888888888888,0.4444444444444444,0.1111111111111111,0.4444444444444444,0.1111111111111111,0,0.6666666666666666,0.1111111111111111,0.1111111111111111,0.1111111111111111,0,0,0,0,0
2025,00-0033555,65,13.092307692307692,20,9,21,13,31,5,0.3076923076923077,0.13846153846153847,0.3230769230769231,0.2,0.47692307692307695,0.07692307692307693,0,0,0.26153846153846155,0.35384615384615387,0.2153846153846154,0.16923076923076924,6.285384615384614,2.730039538107982,0,19.09863752805423
2025,00-0033576,8,4,1,4,1,2,4,4,0.125,0.5,0.125,0.25,0.5,0.5,0,0,0,0.5,0.25,0.25,0,0,0,0
2025,00-0033589,1,5,0,0,0,0,1,0,0,0,0,0,1,0,0,0,0,0,0,1,0,0,0,0
2025,00-0033591,10,14.5,5,1,1,1,8,2,0.5,0.1,0.1,0.1,0.8,0.2,0,0,0.5,0,0.2,0.3,0,0,0,0
2025,00-0033699,7,1.7142857142857142,1,6,2,1,4,0,0.14285714285714285,0.8571428571428571,0.2857142857142857,0.14285714285714285,0.5714285714285714,0,0,0.42857142857142855,0.14285714285714285,0,0.14285714285714285,0.2857142857142857,0,0,0,0
2025,00-0033757,1,1,0,1,1,0,0,0,0,1,1,0,0,0,0,0,0,1,0,0,0,0,0,0
2025,00-0033854,13,1.8461538461538463,0,10,5,0,8,3,0,0.7692307692307693,0.38461538461538464,0,0.6153846153846154,0.23076923076923078,0,0.23076923076923078,0,0.23076923076923078,0.38461538461538464,0.15384615384615385,0,0,0,0
2025,00-0033857,45,5.4222222222222225,6,22,12,13,20,9,0.13333333333333333,0.4888888888888889,0.26666666666666666,0.28888888888888886,0.4444444444444444,0.2,0,0.08888888888888889,0,0.4444444444444444,0.15555555555555556,0.3111111111111111,6.039512195121952,3.4675599018496768,0,5.564787262820264
2025,00-0033858,55,4.333333333333333,6,35,16,17,21,8,0.10909090909090909,0.6363636363636364,0.2909090909090909,0.3090909090909091,0.38181818181818183,0.14545454545454545,0,0.2545454545454545,0.10909090909090909,0.09090909090909091,0.3090909090909091,0.23636363636363636,5.5169999999999995,3.8041774427439665,0,7.035211540198446
2025,00-0033873,1,-8,0,1,0,1,0,0,0,1,0,1,0,0,0,0,0,0,0,0,0,0,0,0
2025,00-0033881,77,4.355263157894737,8,53,26,18,32,11,0.1038961038961039,0.6883116883116883,0.33766233766233766,0.23376623376623376,0.4155844155844156,0.14285714285714285,0,0.11688311688311688,0.06493506493506493,0.2597402597402597,0.38961038961038963,0.16883116883116883,6.780384615384616,4.576214721602329,0,7.447980960769235
2025,00-0033885,48,5.270833333333333,5,27,11,22,15,9,0.10416666666666667,0.5625,0.22916666666666666,0.4583333333333333,0.3125,0.1875,0,0.10638297872340426,0.14893617021276595,0.2978723404255319,0.19148936170212766,0.2553191489361702,5.683939393939394,2.705868833306797,0,6.9221746491243294
2025,00-0033891,18,13.38888888888889,7,6,4,5,9,2,0.3888888888888889,0.3333333333333333,0.2222222222222222,0.2777777777777778,0.5,0.1111111111111111,0,0,0.2777777777777778,0.5,0.1111111111111111,0.1111111111111111,0,0,0,0
2025,00-0033906,39,0.8461538461538461,1,34,13,11,15,5,0.02564102564102564,0.8717948717948718,0.3333333333333333,0.28205128205128205,0.38461538461538464,0.1282051282051282,0,0.3333333333333333,0.05128205128205128,0.07692307692307693,0.20512820512820512,0.3333333333333333,0,0,0,0
2025,00-0033908,71,7.6,10,25,25,21,24,13,0.14084507042253522,0.352112676056338,0.352112676056338,0.29577464788732394,0.3380281690140845,0.18309859154929578,0,0.028169014084507043,0.11267605633802817,0.2535211267605634,0.352112676056338,0.2535211267605634,6.142923076923077,3.031931604674835,0,15.290439048371704
2025,00-0033921,52,7.078431372549019,7,18,21,10,20,8,0.1346153846153846,0.34615384615384615,0.40384615384615385,0.19230769230769232,0.38461538461538464,0.15384615384615385,0,0.09803921568627451,0.11764705882352941,0.2549019607843137,0.27450980392156865,0.2549019607843137,6.445416666666667,2.8976577966976307,0,8.970037797621785
2025,00-0033923,25,0,1,23,15,2,8,5,0.04,0.92,0.6,0.08,0.32,0.2,0,0.52,0.08,0.08,0.2,0.12,0,0,0,0
2025,00-0033943,22,13.142857142857142,5,1,6,5,10,2,0.22727272727272727,0.045454545454545456,0.2727272727272727,0.22727272727272727,0.45454545454545453,0.09090909090909091,0,0,0.18181818181818182,0.18181818181818182,0.22727272727272727,0.4090909090909091,0,0,0,0
2025,00-0033955,32,-0.7419354838709677,0,28,12,3,16,3,0,0.875,0.375,0.09375,0.5,0.09375,0,0.53125,0.03125,0.125,0.1875,0.125,0,0,0,0
2025,00-0034073,5,0.2,0,5,0,2,3,3,0,1,0,0.4,0.6,0.6,0,0,0.25,0,0.75,0,0,0,0,0
2025,00-0034159,16,4.5,0,8,4,4,8,1,0,0.5,0.25,0.25,0.5,0.0625,0,0.0625,0.1875,0.25,0.4375,0.0625,0,0,0,0
2025,00-0034270,10,4.5,1,5,4,1,5,0,0.1,0.5,0.4,0.1,0.5,0,0,0.2,0.2,0.1,0.1,0.4,0,0,0,0
2025,00-0034272,29,12.206896551724139,10,6,11,2,16,5,0.3448275862068966,0.20689655172413793,0.3793103448275862,0.06896551724137931,0.5517241379310345,0.1724137931034483,0,0.10344827586206896,0.4827586206896552,0.10344827586206896,0.2413793103448276,0.06896551724137931,0,0,0,0
2025,00-0034348,125,12.435483870967742,44,25,62,15,47,20,0.352,0.2,0.496,0.12,0.376,0.16,0,0.016,0.336,0.224,0.168,0.256,5.277310924369748,2.277198885906038,0,35.618695137283716
2025,00-0034351,82,7.109756097560975,13,39,27,19,36,15,0.15853658536585366,0.47560975609756095,0.32926829268292684,0.23170731707317074,0.43902439024390244,0.18292682926829268,0,0.06172839506172839,0.09876543209876543,0.24691358024691357,0.3950617283950617,0.19753086419753085,5.986865671641791,3.308119488417627,0,13.880376315281914
2025,00-0034365,13,3.230769230769231,1,8,6,5,2,0,0.07692307692307693,0.6153846153846154,0.46153846153846156,0.38461538461538464,0.15384615384615385,0,0,0.15384615384615385,0.07692307692307693,0.07692307692307693,0.15384615384615385,0.5384615384615384,0,0,0,0
2025,00-0034383,107,6.216981132075472,7,42,41,13,52,12,0.06542056074766354,0.3925233644859813,0.38317757009345793,0.12149532710280374,0.48598130841121495,0.11214953271028037,0,0.02830188679245283,0.1320754716981132,0.12264150943396226,0.4339622641509434,0.2830188679245283,5.395714285714286,3.7363445873918883,0,14.566439982965795
2025,00-0034386,4,8.25,1,2,1,0,3,2,0.25,0.5,0.25,0,0.75,0.5,0,0,0.25,0,0.75,0,0,0,0,0
2025,00-0034407,15,5.6,2,5,7,5,3,1,0.13333333333333333,0.3333333333333333,0.4666666666666667,0.3333333333333333,0.2,0.06666666666666667,0,0.15384615384615385,0.07692307692307693,0.38461538461538464,0.3076923076923077,0.07692307692307693,0,0,0,0
2025,00-0034418,9,8.777777777777779,1,3,2,1,6,3,0.1111111111111111,0.3333333333333333,0.2222222222222222,0.1111111111111111,0.6666666666666666,0.3333333333333333,0,0,0.2222222222222222,0.4444444444444444,0.3333333333333333,0,0,0,0,0
2025,00-0034419,8,3,0,4,3,3,2,2,0,0.5,0.375,0.375,0.25,0.25,0,0.125,0,0.375,0.25,0.25,0,0,0,0
2025,00-0034487,5,9,1,2,2,1,2,2,0.2,0.4,0.4,0.2,0.4,0.4,0,0,0.2,0.2,0.4,0.2,0,0,0,0
2025,00-0034521,18,7.888888888888889,3,10,4,3,11,6,0.16666666666666666,0.5555555555555556,0.2222222222222222,0.16666666666666666,0.6111111111111112,0.3333333333333333,0,0.1111111111111111,0.16666666666666666,0.3333333333333333,0.2222222222222222,0.16666666666666666,0,0,0,0
2025,00-0034613,24,4.958333333333333,2,15,7,10,7,6,0.08333333333333333,0.625,0.2916666666666667,0.4166666666666667,0.2916666666666667,0.25,0,0.041666666666666664,0.125,0.25,0.125,0.4583333333333333,0,0,0,0
2025,00-0034678,1,2,0,1,0,0,1,1,0,1,0,0,1,1,0,0,1,0,0,0,0,0,0,0
2025,00-0034753,70,7.257142857142857,9,27,28,18,24,15,0.12857142857142856,0.38571428571428573,0.4,0.2571428571428571,0.34285714285714286,0.21428571428571427,0,0.014285714285714285,0.21428571428571427,0.12857142857142856,0.37142857142857144,0.2714285714285714,4.705555555555556,2.897084393752992,0,16.215542565502506
2025,00-0034775,53,7.019230769230769,8,27,21,11,20,7,0.1509433962264151,0.5094339622641509,0.39622641509433965,0.20754716981132076,0.37735849056603776,0.1320754716981132,0,0.09433962264150944,0.1320754716981132,0.33962264150943394,0.32075471698113206,0.11320754716981132,5.83767441860465,2.515150097630698,0,8.240076917335815
2025,00-0034791,20,0.75,0,17,9,5,6,2,0,0.85,0.45,0.25,0.3,0.1,0,0.35,0,0.05,0.35,0.25,0,0,0,0
2025,00-0034798,6,4,0,4,1,2,3,0,0,0.6666666666666666,0.16666666666666666,0.3333333333333333,0.5,0,0,0,0,0,0.5,0.5,0,0,0,0
2025,00-0034827,85,11.623529411764705,33,26,28,20,37,11,0.38823529411764707,0.3058823529411765,0.32941176470588235,0.23529411764705882,0.43529411764705883,0.12941176470588237,0,0.17857142857142858,0.23809523809523808,0.2857142857142857,0.15476190476190477,0.14285714285714285,6.827532467532467,3.23466644708893,0,21.72953500244102
2025,00-0034829,43,9.952380952380953,9,11,17,9,16,8,0.20930232558139536,0.2558139534883721,0.3953488372093023,0.20930232558139536,0.37209302325581395,0.18604651162790697,0,0.023255813953488372,0.32558139534883723,0.16279069767441862,0.2558139534883721,0.23255813953488372,0,0,0,0
2025,00-0034837,36,12.583333333333334,12,4,16,5,15,2,0.3333333333333333,0.1111111111111111,0.4444444444444444,0.1388888888888889,0.4166666666666667,0.05555555555555555,0,0.05555555555555555,0.3055555555555556,0.2222222222222222,0.2777777777777778,0.1388888888888889,0,0,0,0
2025,00-0034844,51,0.62,3,44,26,6,18,8,0.058823529411764705,0.8627450980392157,0.5098039215686274,0.11764705882352941,0.35294117647058826,0.1568627450980392,0,0.3137254901960784,0.058823529411764705,0.058823529411764705,0.39215686274509803,0.17647058823529413,0,0,0,0
2025,00-0034854,10,15,5,1,4,3,3,0,0.5,0.1,0.4,0.3,0.3,0,0,0,0.4,0.2,0.3,0.1,0,0,0,0
2025,00-0034860,11,9.545454545454545,4,6,5,2,4,0,0.36363636363636365,0.5454545454545454,0.45454545454545453,0.18181818181818182,0.36363636363636365,0,0,0.45454545454545453,0.18181818181818182,0.2727272727272727,0.09090909090909091,0,0,0,0,0
2025,00-0034867,1,-5,0,1,0,0,1,0,0,1,0,0,1,0,0,0,0,0,0,1,0,0,0,0
2025,00-0034928,1,2,0,1,0,1,0,0,0,1,0,1,0,0,0,0,0,0,0,1,0,0,0,0
2025,00-0034959,9,4.222222222222222,0,7,4,1,4,2,0,0.7777777777777778,0.4444444444444444,0.1111111111111111,0.4444444444444444,0.2222222222222222,0,0,0.2222222222222222,0,0.6666666666666666,0.1111111111111111,0,0,0,0
2025,00-0034960,110,9.163636363636364,22,26,38,27,45,15,0.2,0.23636363636363636,0.34545454545454546,0.24545454545454545,0.4090909090909091,0.13636363636363635,0,0.05504587155963303,0.14678899082568808,0.28440366972477066,0.29357798165137616,0.22018348623853212,6.4073529411764705,2.725042536167769,0,21.13519808757126
2025,00-0034975,27,-0.2222222222222222,0,24,10,7,10,1,0,0.8888888888888888,0.37037037037037035,0.25925925925925924,0.37037037037037035,0.037037037037037035,0,0.3333333333333333,0.07407407407407407,0.14814814814814814,0.2222222222222222,0.2222222222222222,0,0,0,0
2025,00-0034981,10,1,0,8,2,2,6,1,0,0.8,0.2,0.2,0.6,0.1,0,0.1,0,0,0.7,0.2,0,0,0,0
2025,00-0034983,26,7.461538461538462,5,10,12,5,9,6,0.19230769230769232,0.38461538461538464,0.46153846153846156,0.19230769230769232,0.34615384615384615,0.23076923076923078,0,0.038461538461538464,0.2692307692307692,0.23076923076923078,0.23076923076923078,0.23076923076923078,0,0,0,0
2025,00-0035021,10,15.8,6,1,6,2,2,1,0.6,0.1,0.6,0.2,0.2,0.1,0,0.1,0.4,0.2,0.2,0.1,0,0,0,0
2025,00-0035125,11,3.727272727272727,1,7,4,2,5,0,0.09090909090909091,0.6363636363636364,0.36363636363636365,0.18181818181818182,0.45454545454545453,0,0,0.2727272727272727,0.09090909090909091,0.18181818181818182,0.36363636363636365,0.09090909090909091,0,0,0,0
2025,00-0035140,1,46,1,0,0,1,0,0,1,0,0,1,0,0,0,0,1,0,0,0,0,0,0,0
2025,00-0035208,66,7.107692307692307,6,18,19,20,26,13,0.09090909090909091,0.2727272727272727,0.2878787878787879,0.30303030303030304,0.3939393939393939,0.19696969696969696,0,0.09230769230769231,0.09230769230769231,0.2923076923076923,0.26153846153846155,0.26153846153846155,6.355081967213114,3.4427917613701657,0,10.158655142972428
2025,00-0035229,66,4.984848484848484,5,33,16,23,27,11,0.07575757575757576,0.5,0.24242424242424243,0.3484848484848485,0.4090909090909091,0.16666666666666666,0,0.09230769230769231,0.16923076923076924,0.1076923076923077,0.27692307692307694,0.35384615384615387,6.083777777777778,3.7601023961975026,0,8.261608853450792
2025,00-0035238,1,4,0,1,0,0,1,0,0,1,0,0,1,0,0,0,0,0,0,1,0,0,0,0
2025,00-0035243,8,-1.75,0,7,1,3,4,1,0,0.875,0.125,0.375,0.5,0.125,0,0.625,0,0,0,0.375,0,0,0,0
2025,00-0035249,20,3.3684210526315788,2,12,8,2,9,7,0.1,0.6,0.4,0.1,0.45,0.35,0,0.05,0.1,0.25,0.45,0.15,0,0,0,0
2025,00-0035250,19,-0.631578947368421,1,18,8,2,9,2,0.05263157894736842,0.9473684210526315,0.42105263157894735,0.10526315789473684,0.47368421052631576,0.10526315789473684,0,0.47368421052631576,0.05263157894736842,0.05263157894736842,0.2631578947368421,0.15789473684210525,0,0,0,0
2025,00-0035261,41,0.2926829268292683,0,37,15,8,18,1,0,0.9024390243902439,0.36585365853658536,0.1951219512195122,0.43902439024390244,0.024390243902439025,0,0.3170731707317073,0,0.12195121951219512,0.43902439024390244,0.12195121951219512,0,0,0,0
2025,00-0035291,9,-3.7777777777777777,0,9,0,3,6,2,0,1,0,0.3333333333333333,0.6666666666666666,0.2222222222222222,0,0.8888888888888888,0,0,0.1111111111111111,0,0,0,0,0
2025,00-0035298,14,5.285714285714286,1,6,8,4,2,2,0.07142857142857142,0.42857142857142855,0.5714285714285714,0.2857142857142857,0.14285714285714285,0.14285714285714285,0,0.3076923076923077,0.15384615384615385,0.3076923076923077,0.23076923076923078,0,0,0,0,0
2025,00-0035359,36,11.222222222222221,11,10,13,12,11,6,0.3055555555555556,0.2777777777777778,0.3611111111111111,0.3333333333333333,0.3055555555555556,0.16666666666666666,0,0.05555555555555555,0.2777777777777778,0.19444444444444445,0.2777777777777778,0.19444444444444445,0,0,0,0
2025,00-0035406,25,11.08,7,8,11,4,10,4,0.28,0.32,0.44,0.16,0.4,0.16,0,0,0.28,0.28,0.16,0.28,0,0,0,0
2025,00-0035500,33,1.7575757575757576,2,25,12,9,12,7,0.06060606060606061,0.7575757575757576,0.36363636363636365,0.2727272727272727,0.36363636363636365,0.21212121212121213,0,0.45454545454545453,0.06060606060606061,0.3333333333333333,0.06060606060606061,0.09090909090909091,0,0,0,0
2025,00-0035535,65,13.380952380952381,20,9,24,15,24,8,0.3076923076923077,0.13846153846153847,0.36923076923076925,0.23076923076923078,0.36923076923076925,0.12307692307692308,0,0,0.35384615384615387,0.3230769230769231,0.07692307692307693,0.24615384615384617,5.71984126984127,2.7545792545769148,0,19.16401395436803
2025,00-0035537,33,-1.1818181818181819,2,29,22,4,7,4,0.06060606060606061,0.8787878787878788,0.6666666666666666,0.12121212121212122,0.21212121212121213,0.12121212121212122,0,0.6363636363636364,0.12121212121212122,0.09090909090909091,0.09090909090909091,0.06060606060606061,0,0,0,0
2025,00-0035544,4,8,1,2,1,2,1,0,0.25,0.5,0.25,0.5,0.25,0,0,0,0.25,0,0.25,0.5,0,0,0,0
2025,00-0035602,3,4.666666666666667,0,2,1,1,1,0,0,0.6666666666666666,0.3333333333333333,0.3333333333333333,0.3333333333333333,0,0,0,0.3333333333333333,0.3333333333333333,0.3333333333333333,0,0,0,0,0
2025,00-0035631,20,-0.35,0,18,10,5,5,1,0,0.9,0.5,0.25,0.25,0.05,0,0.05263157894736842,0,0.10526315789473684,0.631578947368421,0.21052631578947367,0,0,0,0
2025,00-0035640,99,10.545454545454545,24,36,44,16,39,13,0.24242424242424243,0.36363636363636365,0.4444444444444444,0.16161616161616163,0.3939393939393939,0.13131313131313133,0,0.09183673469387756,0.32653061224489793,0.30612244897959184,0.14285714285714285,0.1326530612244898,4.490309278350516,2.630587193935881,0,31.613292388681735
2025,00-0035643,1,1,0,1,0,1,0,1,0,1,0,1,0,1,0,0,0,1,0,0,0,0,0,0
2025,00-0035644,41,3.341463414634146,2,31,14,11,16,4,0.04878048780487805,0.7560975609756098,0.34146341463414637,0.2682926829268293,0.3902439024390244,0.0975609756097561,0,0.0975609756097561,0.0975609756097561,0.12195121951219512,0.4146341463414634,0.2682926829268293,0,0,0,0
2025,00-0035645,13,10,3,5,5,2,6,2,0.23076923076923078,0.38461538461538464,0.38461538461538464,0.15384615384615385,0.46153846153846156,0.15384615384615385,0,0.07692307692307693,0.38461538461538464,0.15384615384615385,0.23076923076923078,0.15384615384615385,0,0,0,0
2025,00-0035659,60,13.983333333333333,22,6,37,7,16,8,0.36666666666666664,0.1,0.6166666666666667,0.11666666666666667,0.26666666666666666,0.13333333333333333,0,0.016666666666666666,0.26666666666666666,0.2833333333333333,0.06666666666666667,0.36666666666666664,6.698166666666667,2.4301085005510212,0,22.374769961255232
2025,00-0035662,74,11.297297297297296,19,25,31,11,32,10,0.25675675675675674,0.33783783783783783,0.4189189189189189,0.14864864864864866,0.43243243243243246,0.13513513513513514,0,0.1095890410958904,0.2876712328767123,0.2602739726027397,0.2054794520547945,0.136986301369863,6.292142857142858,3.1887821001108465,0,19.986860918962783
2025,00-0035676,121,11.776859504132231,36,24,57,20,44,13,0.2975206611570248,0.19834710743801653,0.47107438016528924,0.1652892561983471,0.36363636363636365,0.10743801652892562,0,0.024793388429752067,0.2231404958677686,0.3305785123966942,0.2066115702479339,0.21487603305785125,5.748571428571428,2.2218230314310614,0,33.36452626039665
2025,00-0035685,29,0.41379310344827586,1,27,9,11,9,2,0.034482758620689655,0.9310344827586207,0.3103448275862069,0.3793103448275862,0.3103448275862069,0.06896551724137931,0,0.4482758620689655,0.034482758620689655,0.034482758620689655,0.1724137931034483,0.3103448275862069,0,0,0,0
2025,00-0035689,50,6.714285714285714,6,24,16,9,24,13,0.12,0.48,0.32,0.18,0.48,0.26,0,0.061224489795918366,0.22448979591836735,0.32653061224489793,0.30612244897959184,0.08163265306122448,5.302631578947368,3.6615239095769687,0,10.075031481740591
2025,00-0035700,44,-0.8863636363636364,0,40,18,10,16,6,0,0.9090909090909091,0.4090909090909091,0.22727272727272727,0.36363636363636365,0.13636363636363635,0,0.4883720930232558,0.023255813953488372,0.06976744186046512,0.3023255813953488,0.11627906976744186,0,0,0,0
2025,00-0035719,100,5.3232323232323235,22,53,37,22,40,13,0.22,0.53,0.37,0.22,0.4,0.13,0,0.33,0.17,0.28,0.11,0.11,6.251604938271605,3.551132303046325,0,13.958206640518156
2025,00-0035876,4,1.75,0,3,3,0,1,2,0,0.75,0.75,0,0.25,0.5,0,0.25,0,0.25,0.25,0.25,0,0,0,0
2025,00-0035891,4,9.75,1,0,1,1,2,0,0.25,0,0.25,0.25,0.5,0,0,0,0.25,0.75,0,0,0,0,0,0
2025,00-0035956,1,3,0,1,1,0,0,1,0,1,1,0,0,1,0,0,0,1,0,0,0,0,0,0
2025,00-0036040,102,7.578431372549019,18,39,33,20,49,8,0.17647058823529413,0.38235294117647056,0.3235294117647059,0.19607843137254902,0.4803921568627451,0.0784313725490196,0,0.049019607843137254,0.14705882352941177,0.12745098039215685,0.37254901960784315,0.30392156862745096,5.920952380952381,3.594137340673609,0,16.170082369620996
2025,00-0036133,12,14.583333333333334,3,1,6,2,4,0,0.25,0.08333333333333333,0.5,0.16666666666666666,0.3333333333333333,0,0,0,0.3333333333333333,0.25,0.16666666666666666,0.25,0,0,0,0
2025,00-0036139,50,-1.04,1,45,27,5,18,5,0.02,0.9,0.54,0.1,0.36,0.1,0,0.5102040816326531,0.04081632653061224,0.10204081632653061,0.2653061224489796,0.08163265306122448,0,0,0,0
2025,00-0036158,14,-2.142857142857143,0,14,7,1,6,0,0,1,0.5,0.07142857142857142,0.42857142857142855,0,0,0.7142857142857143,0,0.14285714285714285,0.14285714285714285,0,0,0,0,0
2025,00-0036165,19,10.894736842105264,4,5,6,5,8,4,0.21052631578947367,0.2631578947368421,0.3157894736842105,0.2631578947368421,0.42105263157894735,0.21052631578947367,0,0,0.2631578947368421,0.3684210526315789,0.21052631578947367,0.15789473684210525,0,0,0,0
2025,00-0036176,4,23,3,0,1,0,3,0,0.75,0,0.25,0,0.75,0,0,0,0.75,0,0.25,0,0,0,0,0
2025,00-0036182,20,5.5,0,5,5,3,12,2,0,0.25,0.25,0.15,0.6,0.1,0,0.1,0.05,0.2,0.25,0.4,0,0,0,0
2025,00-0036187,3,11,1,1,0,0,2,1,0.3333333333333333,0.3333333333333333,0,0,0.6666666666666666,0.3333333333333333,0,0,0.3333333333333333,0,0.6666666666666666,0,0,0,0,0
2025,00-0036196,18,8.833333333333334,5,7,7,2,9,6,0.2777777777777778,0.3888888888888889,0.3888888888888889,0.1111111111111111,0.5,0.3333333333333333,0,0,0.1111111111111111,0.6666666666666666,0.16666666666666666,0.05555555555555555,0,0,0,0
2025,00-0036223,56,-0.8181818181818182,1,54,21,6,28,5,0.017857142857142856,0.9642857142857143,0.375,0.10714285714285714,0.5,0.08928571428571429,0,0.42857142857142855,0.017857142857142856,0.10714285714285714,0.3392857142857143,0.10714285714285714,0,0,0,0
2025,00-0036232,6,9.666666666666666,1,2,1,0,5,0,0.16666666666666666,0.3333333333333333,0.16666666666666666,0,0.8333333333333334,0,0,0,0.5,0.16666666666666666,0.3333333333333333,0,0,0,0,0
2025,00-0036244,56,4.428571428571429,6,29,13,13,30,22,0.10714285714285714,0.5178571428571429,0.23214285714285715,0.23214285714285715,0.5357142857142857,0.39285714285714285,0,0.17857142857142858,0.17857142857142858,0.19642857142857142,0.21428571428571427,0.23214285714285715,5.708085106382979,3.5026157852124915,0,4.992369453758137
2025,00-0036252,114,8.17117117117117,18,40,48,28,35,18,0.15789473684210525,0.3508771929824561,0.42105263157894735,0.24561403508771928,0.30701754385964913,0.15789473684210525,0,0.04424778761061947,0.1592920353982301,0.4247787610619469,0.12389380530973451,0.24778761061946902,6.657735849056604,3.034831854238416,0,20.60283489792877
2025,00-0036259,93,10.055555555555555,21,20,38,26,26,22,0.22580645161290322,0.21505376344086022,0.40860215053763443,0.27956989247311825,0.27956989247311825,0.23655913978494625,0,0,0.20430107526881722,0.34408602150537637,0.2903225806451613,0.16129032258064516,5.644823529411764,2.2256601245520384,0,22.360751769587502
2025,00-0036265,3,4,0,2,1,1,1,1,0,0.6666666666666666,0.3333333333333333,0.3333333333333333,0.3333333333333333,0.3333333333333333,0,0.3333333333333333,0,0,0.6666666666666666,0,0,0,0,0
2025,00-0036275,48,-0.5208333333333334,2,40,18,8,22,1,0.041666666666666664,0.8333333333333334,0.375,0.16666666666666666,0.4583333333333333,0.020833333333333332,0,0.4375,0.020833333333333332,0.10416666666666667,0.375,0.0625,0,0,0,0
2025,00-0036290,49,8.770833333333334,12,19,14,12,22,7,0.24489795918367346,0.3877551020408163,0.2857142857142857,0.24489795918367346,0.4489795918367347,0.14285714285714285,0,0.0625,0.22916666666666666,0.22916666666666666,0.3541666666666667,0.125,5.829729729729731,3.679890083771791,0,9.229507136917805
2025,00-0036309,72,14.152777777777779,28,7,37,10,25,8,0.3888888888888889,0.09722222222222222,0.5138888888888888,0.1388888888888889,0.3472222222222222,0.1111111111111111,0,0.041666666666666664,0.25,0.16666666666666666,0.25,0.2916666666666667,6.56486111111111,2.9423751100089928,0,24.927700070411728
2025,00-0036322,142,10.198581560283689,40,44,50,28,63,19,0.28169014084507044,0.30985915492957744,0.352112676056338,0.19718309859154928,0.44366197183098594,0.13380281690140844,0,0.10638297872340426,0.23404255319148937,0.22695035460992907,0.2978723404255319,0.1347517730496454,5.788091603053435,3.2283305687556636,0,38.388781283918576
2025,00-0036328,3,-2,0,3,2,0,1,0,0,1,0.6666666666666666,0,0.3333333333333333,0,0,0.6666666666666666,0,0,0.3333333333333333,0,0,0,0,0
2025,00-0036331,5,15,3,2,2,0,3,1,0.6,0.4,0.4,0,0.6,0.2,0,0,0.2,0.4,0.2,0.2,0,0,0,0
2025,00-0036332,5,4.6,0,2,2,1,2,1,0,0.4,0.4,0.2,0.4,0.2,0,0,0.4,0,0,0.6,0,0,0,0
2025,00-0036358,117,11.991452991452991,35,28,45,22,50,17,0.29914529914529914,0.23931623931623933,0.38461538461538464,0.18803418803418803,0.42735042735042733,0.1452991452991453,0,0.06086956521739131,0.25217391304347825,0.3130434782608696,0.2,0.17391304347826086,6.219391304347825,2.7688279556711293,0,28.236973198479465
2025,00-0036360,2,-2,0,2,1,0,1,0,0,1,0.5,0,0.5,0,0,1,0,0,0,0,0,0,0,0
2025,00-0036406,1,1,0,1,1,0,0,1,0,1,1,0,0,1,0,0,0,0,1,0,0,0,0,0
2025,00-0036407,106,12.150943396226415,35,19,55,19,32,9,0.330188679245283,0.1792452830188679,0.5188679245283019,0.1792452830188679,0.3018867924528302,0.08490566037735849,0,0.01904761904761905,0.2571428571428571,0.3047619047619048,0.2571428571428571,0.1619047619047619,5.6350476190476195,2.4867131325711447,0,36.3965978493878
2025,00-0036410,99,13.408163265306122,34,19,32,22,44,16,0.3434343434343434,0.1919191919191919,0.32323232323232326,0.2222222222222222,0.4444444444444444,0.16161616161616163,0,0,0.37755102040816324,0.2653061224489796,0.15306122448979592,0.20408163265306123,5.241030927835052,1.850623086572758,0,29.04282485158676
2025,00-0036414,1,-6,0,1,1,0,0,0,0,1,1,0,0,0,0,1,0,0,0,0,0,0,0,0
2025,00-0036415,52,11.98076923076923,17,14,19,11,22,3,0.3269230769230769,0.2692307692307692,0.36538461538461536,0.21153846153846154,0.4230769230769231,0.057692307692307696,0,0.019230769230769232,0.3076923076923077,0.3076923076923077,0.23076923076923078,0.1346153846153846,6.079200000000001,2.6968452624212143,0,16.06234022999158
2025,00-0036422,23,4.608695652173913,0,13,6,7,10,1,0,0.5652173913043478,0.2608695652173913,0.30434782608695654,0.43478260869565216,0.043478260869565216,0,0.043478260869565216,0.08695652173913043,0.30434782608695654,0.30434782608695654,0.2608695652173913,0,0,0,0
2025,00-0036423,6,3,1,5,2,1,3,1,0.16666666666666666,0.8333333333333334,0.3333333333333333,0.16666666666666666,0.5,0.16666666666666666,0,0.3333333333333333,0.16666666666666666,0,0.3333333333333333,0.16666666666666666,0,0,0,0
2025,00-0036425,1,-1,0,1,1,0,0,0,0,1,1,0,0,0,0,1,0,0,0,0,0,0,0,0
2025,00-0036427,18,11.666666666666666,8,6,5,6,7,3,0.4444444444444444,0.3333333333333333,0.2777777777777778,0.3333333333333333,0.3888888888888889,0.16666666666666666,0,0,0.4444444444444444,0.3333333333333333,0.05555555555555555,0.16666666666666666,0,0,0,0
2025,00-0036429,9,1.3333333333333333,0,7,4,3,2,1,0,0.7777777777777778,0.4444444444444444,0.3333333333333333,0.2222222222222222,0.1111111111111111,0,0.2222222222222222,0.1111111111111111,0.1111111111111111,0.3333333333333333,0.2222222222222222,0,0,0,0
2025,00-0036497,1,4,0,1,0,1,0,0,0,1,0,1,0,0,0,0,0,1,0,0,0,0,0,0
2025,00-0036534,5,7.4,1,2,1,3,1,1,0.2,0.4,0.2,0.6,0.2,0.2,0,0,0.2,0.4,0.2,0.2,0,0,0,0
2025,00-0036550,39,12.31578947368421,12,13,13,8,17,9,0.3076923076923077,0.3333333333333333,0.3333333333333333,0.20512820512820512,0.4358974358974359,0.23076923076923078,0,0,0.3076923076923077,0.28205128205128205,0.1282051282051282,0.28205128205128205,0,0,0,0
2025,00-0036554,121,12.741666666666667,39,27,48,32,40,19,0.32231404958677684,0.2231404958677686,0.39669421487603307,0.2644628099173554,0.3305785123966942,0.15702479338842976,0,0.025,0.30833333333333335,0.375,0.175,0.11666666666666667,4.8739316239316235,2.2566620716626846,0,34.15094588127861
2025,00-0036555,39,-1.0256410256410255,2,35,16,4,19,6,0.05128205128205128,0.8974358974358975,0.41025641025641024,0.10256410256410256,0.48717948717948717,0.15384615384615385,0,0.41025641025641024,0.07692307692307693,0.05128205128205128,0.3333333333333333,0.1282051282051282,0,0,0,0
2025,00-0036567,1,16,1,0,0,0,1,0,1,0,0,0,1,0,0,1,0,0,0,0,0,0,0,0
2025,00-0036590,9,5,1,5,5,1,3,2,0.1111111111111111,0.5555555555555556,0.5555555555555556,0.1111111111111111,0.3333333333333333,0.2222222222222222,0,0,0.125,0.375,0.375,0.125,0,0,0,0
2025,00-0036613,100,13.06,32,24,48,15,37,11,0.32,0.24,0.48,0.15,0.37,0.11,0,0.05,0.29,0.29,0.27,0.1,6.193061224489797,2.72377860058382,0,38.745267644082716
2025,00-0036620,7,14,3,1,3,1,3,0,0.42857142857142855,0.14285714285714285,0.42857142857142855,0.14285714285714285,0.42857142857142855,0,0,0,0.42857142857142855,0.5714285714285714,0,0,0,0,0,0
2025,00-0036626,37,14,14,6,22,6,9,9,0.3783783783783784,0.16216216216216217,0.5945945945945946,0.16216216216216217,0.24324324324324326,0.24324324324324326,0,0.10810810810810811,0.16216216216216217,0.21621621621621623,0.24324324324324326,0.2702702702702703,0,0,0,0
2025,00-0036628,16,3,0,11,3,5,8,2,0,0.6875,0.1875,0.3125,0.5,0.125,0,0.125,0.125,0.375,0.375,0,0,0,0,0
2025,00-0036630,8,13.375,3,2,4,0,4,2,0.375,0.25,0.5,0,0.5,0.25,0,0.25,0.375,0.25,0.125,0,0,0,0,0
2025,00-0036637,38,6.45945945945946,6,18,15,9,13,3,0.15789473684210525,0.47368421052631576,0.39473684210526316,0.23684210526315788,0.34210526315789475,0.07894736842105263,0,0.10526315789473684,0.21052631578947367,0.15789473684210525,0.42105263157894735,0.10526315789473684,0,0,0,0
2025,00-0036727,8,1.125,0,6,2,0,6,2,0,0.75,0.25,0,0.75,0.25,0,0,0,0,0.875,0.125,0,0,0,0
2025,00-0036741,11,3.090909090909091,0,8,2,2,7,1,0,0.7272727272727273,0.18181818181818182,0.18181818181818182,0.6363636363636364,0.09090909090909091,0,0.09090909090909091,0.09090909090909091,0.18181818181818182,0.36363636363636365,0.2727272727272727,0,0,0,0
2025,00-0036754,22,1,0,19,7,8,7,2,0,0.8636363636363636,0.3181818181818182,0.36363636363636365,0.3181818181818182,0.09090909090909091,0,0.045454545454545456,0.045454545454545456,0.18181818181818182,0.45454545454545453,0.2727272727272727,0,0,0,0
2025,00-0036755,4,-0.25,0,4,3,0,1,0,0,1,0.75,0,0.25,0,0,0.5,0,0,0.5,0,0,0,0,0
2025,00-0036841,10,13,4,3,2,6,2,1,0.4,0.3,0.2,0.6,0.2,0.1,0,0,0.4,0.4,0,0.2,0,0,0,0
2025,00-0036842,1,-6,0,1,0,0,1,0,0,1,0,0,1,0,0,1,0,0,0,0,0,0,0,0
2025,00-0036849,15,20.133333333333333,8,2,6,3,6,1,0.5333333333333333,0.13333333333333333,0.4,0.2,0.4,0.06666666666666667,0,0.06666666666666667,0.4666666666666667,0.13333333333333333,0.2,0.13333333333333333,0,0,0,0
2025,00-0036862,6,10.166666666666666,1,1,1,0,5,1,0.16666666666666666,0.16666666666666666,0.16666666666666666,0,0.8333333333333334,0.16666666666666666,0,0,0.3333333333333333,0.16666666666666666,0.5,0,0,0,0,0
2025,00-0036875,38,4.297297297297297,6,28,14,7,16,6,0.15789473684210525,0.7368421052631579,0.3684210526315789,0.18421052631578946,0.42105263157894735,0.15789473684210525,0,0.21052631578947367,0.13157894736842105,0.07894736842105263,0.3684210526315789,0.21052631578947367,0,0,0,0
2025,00-0036876,9,7.555555555555555,1,5,4,1,4,1,0.1111111111111111,0.5555555555555556,0.4444444444444444,0.1111111111111111,0.4444444444444444,0.1111111111111111,0,0,0.1111111111111111,0.3333333333333333,0.3333333333333333,0.2222222222222222,0,0,0,0
2025,00-0036887,14,2.9285714285714284,0,11,6,6,2,4,0,0.7857142857142857,0.42857142857142855,0.42857142857142855,0.14285714285714285,0.2857142857142857,0,0.07142857142857142,0.21428571428571427,0.42857142857142855,0.21428571428571427,0.07142857142857142,0,0,0,0
2025,00-0036893,3,3.3333333333333335,0,2,1,1,1,0,0,0.6666666666666666,0.3333333333333333,0.3333333333333333,0.3333333333333333,0,0,0,0,0,0.6666666666666666,0.3333333333333333,0,0,0,0
2025,00-0036894,54,5.981481481481482,7,24,23,15,16,9,0.12962962962962962,0.4444444444444444,0.42592592592592593,0.2777777777777778,0.2962962962962963,0.16666666666666666,0,0.2037037037037037,0.2777777777777778,0.12962962962962962,0.2222222222222222,0.16666666666666666,5.359555555555556,3.113817680055962,0,10.44443440899062
2025,00-0036900,185,8.486486486486486,38,71,82,40,63,22,0.20540540540540542,0.3837837837837838,0.44324324324324327,0.21621621621621623,0.34054054054054056,0.11891891891891893,0,0.14207650273224043,0.17486338797814208,0.2786885245901639,0.25136612021857924,0.15300546448087432,5.740114285714286,3.1316289764969683,0,34.08570221946999
2025,00-0036906,4,-3.25,0,4,2,1,1,1,0,1,0.5,0.25,0.25,0.25,0,0.75,0,0.25,0,0,0,0,0,0
2025,00-0036912,114,11.991150442477876,34,30,51,18,44,12,0.2982456140350877,0.2631578947368421,0.4473684210526316,0.15789473684210525,0.38596491228070173,0.10526315789473684,0,0.06140350877192982,0.22807017543859648,0.15789473684210525,0.2543859649122807,0.2982456140350877,6.438076923076922,2.8349381472886153,0,32.33206418599556
2025,00-0036919,85,-0.2,1,76,42,15,28,17,0.011764705882352941,0.8941176470588236,0.49411764705882355,0.17647058823529413,0.32941176470588235,0.2,0,0.43529411764705883,0.011764705882352941,0.11764705882352941,0.32941176470588235,0.10588235294117647,0,0,0,0
2025,00-0036924,45,1.6666666666666667,2,42,16,11,18,7,0.044444444444444446,0.9333333333333333,0.35555555555555557,0.24444444444444444,0.4,0.15555555555555556,0,0.1111111111111111,0.022222222222222223,0.2222222222222222,0.4666666666666667,0.17777777777777778,0,0,0,0
2025,00-0036945,1,6,0,0,1,0,0,1,0,0,1,0,0,1,0,0,1,0,0,0,0,0,0,0
2025,00-0036959,4,6,0,0,2,0,2,1,0,0,0.5,0,0.5,0.25,0,0,0,0.25,0.75,0,0,0,0,0
2025,00-0036963,172,8.081395348837209,37,55,54,56,62,35,0.21511627906976744,0.31976744186046513,0.313953488372093,0.32558139534883723,0.36046511627906974,0.20348837209302326,0,0.07647058823529412,0.11764705882352941,0.36470588235294116,0.3,0.1411764705882353,6.037080745341615,2.9376028006415016,0,38.40736121770274
2025,00-0036970,119,7.364406779661017,23,51,34,21,63,13,0.19327731092436976,0.42857142857142855,0.2857142857142857,0.17647058823529413,0.5294117647058824,0.1092436974789916,0,0.11965811965811966,0.21367521367521367,0.2564102564102564,0.28205128205128205,0.1282051282051282,5.3727956989247305,3.507985630816882,0,20.681312630499242
2025,00-0036973,52,-1.4615384615384615,1,50,20,8,24,10,0.019230769230769232,0.9615384615384616,0.38461538461538464,0.15384615384615385,0.46153846153846156,0.19230769230769232,0,0.6274509803921569,0.0196078431372549,0.058823529411764705,0.17647058823529413,0.11764705882352941,0,0,0,0
2025,00-0036980,17,8.352941176470589,4,6,8,3,6,0,0.23529411764705882,0.35294117647058826,0.47058823529411764,0.17647058823529413,0.35294117647058826,0,0,0.23529411764705882,0.17647058823529413,0.17647058823529413,0.058823529411764705,0.35294117647058826,0,0,0,0
2025,00-0036988,37,11.45945945945946,12,6,9,11,17,6,0.32432432432432434,0.16216216216216217,0.24324324324324326,0.2972972972972973,0.4594594594594595,0.16216216216216217,0,0,0.2777777777777778,0.4166666666666667,0.19444444444444445,0.1111111111111111,0,0,0,0
2025,00-0036997,51,-1.3137254901960784,0,49,23,9,19,12,0,0.9607843137254902,0.45098039215686275,0.17647058823529413,0.37254901960784315,0.23529411764705882,0,0.5098039215686274,0.0196078431372549,0.058823529411764705,0.17647058823529413,0.23529411764705882,0,0,0,0
2025,00-0037004,17,3.8823529411764706,0,9,6,2,9,4,0,0.5294117647058824,0.35294117647058826,0.11764705882352941,0.5294117647058824,0.23529411764705882,0,0,0.058823529411764705,0.23529411764705882,0.4117647058823529,0.29411764705882354,0,0,0,0
2025,00-0037005,37,4.405405405405405,3,22,15,6,16,5,0.08108108108108109,0.5945945945945946,0.40540540540540543,0.16216216216216217,0.43243243243243246,0.13513513513513514,0,0.02702702702702703,0.10810810810810811,0.16216216216216217,0.5405405405405406,0.16216216216216217,0,0,0,0
2025,00-0037015,5,11,1,3,2,1,2,0,0.2,0.6,0.4,0.2,0.4,0,0,0,0.2,0.2,0.4,0.2,0,0,0,0
2025,00-0037085,31,-1.4193548387096775,1,29,14,7,10,4,0.03225806451612903,0.9354838709677419,0.45161290322580644,0.22580645161290322,0.3225806451612903,0.12903225806451613,0,0.5483870967741935,0.03225806451612903,0.03225806451612903,0.1935483870967742,0.1935483870967742,0,0,0,0
2025,00-0037086,13,6.538461538461538,2,9,4,4,5,3,0.15384615384615385,0.6923076923076923,0.3076923076923077,0.3076923076923077,0.38461538461538464,0.23076923076923078,0,0,0.15384615384615385,0.3076923076923077,0.46153846153846156,0.07692307692307693,0,0,0,0
2025,00-0037091,13,17.076923076923077,6,1,5,3,5,0,0.46153846153846156,0.07692307692307693,0.38461538461538464,0.23076923076923078,0.38461538461538464,0,0,0.07692307692307693,0.3076923076923077,0.15384615384615385,0.15384615384615385,0.3076923076923077,0,0,0,0
2025,00-0037093,3,19,1,0,2,0,1,0,0.3333333333333333,0,0.6666666666666666,0,0.3333333333333333,0,0,0,0.3333333333333333,0.3333333333333333,0,0.3333333333333333,0,0,0,0
2025,00-0037098,3,10,1,1,2,1,0,1,0.3333333333333333,0.3333333333333333,0.6666666666666666,0.3333333333333333,0,0.3333333333333333,0,0,0.3333333333333333,0.3333333333333333,0.3333333333333333,0,0,0,0,0
2025,00-0037112,46,5.065217391304348,4,24,15,18,13,7,0.08695652173913043,0.5217391304347826,0.32608695652173914,0.391304347826087,0.2826086956521739,0.15217391304347827,0,0.13043478260869565,0.21739130434782608,0.21739130434782608,0.2608695652173913,0.17391304347826086,4.863421052631578,3.584296451183421,0,5.95313644129851
2025,00-0037120,3,-1,0,3,2,0,1,1,0,1,0.6666666666666666,0,0.3333333333333333,0.3333333333333333,0,0,0,0,1,0,0,0,0,0
2025,00-0037132,4,2,0,3,2,1,1,0,0,0.75,0.5,0.25,0.25,0,0,0.25,0,0.5,0.25,0,0,0,0,0
2025,00-0037157,31,1.1935483870967742,1,25,9,5,17,6,0.03225806451612903,0.8064516129032258,0.2903225806451613,0.16129032258064516,0.5483870967741935,0.1935483870967742,0,0.22580645161290322,0.06451612903225806,0.0967741935483871,0.41935483870967744,0.1935483870967742,0,0,0,0
2025,00-0037197,26,-1.0384615384615385,1,23,19,0,7,4,0.038461538461538464,0.8846153846153846,0.7307692307692307,0,0.2692307692307692,0.15384615384615385,0,0.6923076923076923,0.07692307692307693,0,0.19230769230769232,0.038461538461538464,0,0,0,0
2025,00-0037228,45,-2.511111111111111,0,43,11,6,28,5,0,0.9555555555555556,0.24444444444444444,0.13333333333333333,0.6222222222222222,0.1111111111111111,0,0.5555555555555556,0,0.08888888888888889,0.26666666666666666,0.08888888888888889,0,0,0,0
2025,00-0037231,23,8.304347826086957,3,9,7,9,7,2,0.13043478260869565,0.391304347826087,0.30434782608695654,0.391304347826087,0.30434782608695654,0.08695652173913043,0,0.08695652173913043,0.13043478260869565,0.391304347826087,0.17391304347826086,0.21739130434782608,0,0,0,0
2025,00-0037238,113,10.901785714285714,33,22,50,15,47,16,0.2920353982300885,0.19469026548672566,0.4424778761061947,0.13274336283185842,0.415929203539823,0.1415929203539823,0,0.008849557522123894,0.25663716814159293,0.22123893805309736,0.25663716814159293,0.25663716814159293,5.865688073394496,2.6272482303960567,0,29.547586388365744
2025,00-0037239,156,11.801282051282051,48,49,75,22,59,15,0.3076923076923077,0.3141025641025641,0.4807692307692308,0.14102564102564102,0.3782051282051282,0.09615384615384616,0,0.07692307692307693,0.27564102564102566,0.19230769230769232,0.24358974358974358,0.21153846153846154,6.763800000000001,2.9260270605609104,0,39.32485827548183
2025,00-0037240,102,12.637254901960784,35,26,35,36,31,9,0.3431372549019608,0.2549019607843137,0.3431372549019608,0.35294117647058826,0.30392156862745096,0.08823529411764706,0,0.08823529411764706,0.22549019607843138,0.35294117647058826,0.16666666666666666,0.16666666666666666,6.084693877551021,3.168053958184266,0,33.708535857423044
2025,00-0037241,1,5,0,0,1,0,0,1,0,0,1,0,0,1,0,1,0,0,0,0,0,0,0,0
2025,00-0037247,138,11.291970802919709,38,21,73,16,48,24,0.2753623188405797,0.15217391304347827,0.5289855072463768,0.11594202898550725,0.34782608695652173,0.17391304347826086,0,0.0072992700729927005,0.21897810218978103,0.3795620437956204,0.1678832116788321,0.22627737226277372,5.177737226277372,2.2449743841632,0,31.730130194497757
2025,00-0037248,40,1.4,2,31,11,9,20,3,0.05,0.775,0.275,0.225,0.5,0.075,0,0.325,0.15,0.025,0.2,0.3,0,0,0,0
2025,00-0037252,34,4.696969696969697,2,16,12,13,8,7,0.058823529411764705,0.47058823529411764,0.35294117647058826,0.38235294117647056,0.23529411764705882,0.20588235294117646,0,0.08823529411764706,0.14705882352941177,0.23529411764705882,0.38235294117647056,0.14705882352941177,0,0,0,0
2025,00-0037256,45,-2.2666666666666666,0,43,22,5,18,10,0,0.9555555555555556,0.4888888888888889,0.1111111111111111,0.4,0.2222222222222222,0,0.6888888888888889,0.044444444444444446,0.044444444444444446,0.1111111111111111,0.1111111111111111,0,0,0,0
2025,00-0037258,1,-4,0,1,1,0,0,0,0,1,1,0,0,0,0,1,0,0,0,0,0,0,0,0
2025,00-0037261,97,3.6736842105263157,10,68,33,24,38,15,0.10309278350515463,0.7010309278350515,0.3402061855670103,0.24742268041237114,0.3917525773195876,0.15463917525773196,0,0.28125,0.0625,0.34375,0.20833333333333334,0.10416666666666667,6.759210526315789,3.7856147580156554,0,9.786448859661398
2025,00-0037263,16,-1.625,0,16,9,2,5,1,0,1,0.5625,0.125,0.3125,0.0625,0,0.5625,0,0,0.375,0.0625,0,0,0,0
2025,00-0037267,32,-1.53125,0,30,15,7,10,6,0,0.9375,0.46875,0.21875,0.3125,0.1875,0,0.5625,0,0.0625,0.21875,0.15625,0,0,0,0
2025,00-0037276,4,-5,0,4,3,0,1,2,0,1,0.75,0,0.25,0.5,0,1,0,0,0,0,0,0,0,0
2025,00-0037282,3,2.3333333333333335,0,2,1,0,2,0,0,0.6666666666666666,0.3333333333333333,0,0.6666666666666666,0,0,0,0,0,0.6666666666666666,0.3333333333333333,0,0,0,0
2025,00-0037291,54,12.377358490566039,23,12,21,6,26,13,0.42592592592592593,0.2222222222222222,0.3888888888888889,0.1111111111111111,0.48148148148148145,0.24074074074074073,0,0,0.36538461538461536,0.17307692307692307,0.3269230769230769,0.1346153846153846,5.441224489795918,2.400032404596949,0,18.180217446722406
2025,00-0037292,6,7,1,3,2,2,2,2,0.16666666666666666,0.5,0.3333333333333333,0.3333333333333333,0.3333333333333333,0.3333333333333333,0,0,0,0.5,0.16666666666666666,0.3333333333333333,0,0,0,0
2025,00-0037304,4,6.5,0,1,1,2,1,2,0,0.25,0.25,0.5,0.25,0.5,0,0.25,0.25,0.25,0.25,0,0,0,0,0
2025,00-0037306,15,1.6,0,14,6,3,6,4,0,0.9333333333333333,0.4,0.2,0.4,0.26666666666666666,0,0,0,0.06666666666666667,0.6,0.3333333333333333,0,0,0,0
2025,00-0037329,1,4,0,1,0,0,1,0,0,1,0,0,1,0,0,0,0,0,1,0,0,0,0,0
2025,00-0037340,3,4.333333333333333,0,2,0,0,3,1,0,0.6666666666666666,0,0,1,0.3333333333333333,0,0,0,0,0.6666666666666666,0.3333333333333333,0,0,0,0
2025,00-0037348,15,7.933333333333334,3,5,6,4,5,3,0.2,0.3333333333333333,0.4,0.26666666666666666,0.3333333333333333,0.2,0,0,0.3333333333333333,0.13333333333333333,0.4,0.13333333333333333,0,0,0,0
2025,00-0037475,9,4.666666666666667,1,6,3,0,6,0,0.1111111111111111,0.6666666666666666,0.3333333333333333,0,0.6666666666666666,0,0,0,0.2222222222222222,0,0.6666666666666666,0.1111111111111111,0,0,0,0
2025,00-0037487,3,2.3333333333333335,1,2,1,0,2,0,0.3333333333333333,0.6666666666666666,0.3333333333333333,0,0.6666666666666666,0,0,0.6666666666666666,0,0.3333333333333333,0,0,0,0,0,0
2025,00-0037524,2,9,0,1,2,0,0,0,0,0.5,1,0,0,0,0,0,0,0,0,1,0,0,0,0
2025,00-0037525,16,-3.25,0,16,5,1,10,1,0,1,0.3125,0.0625,0.625,0.0625,0,0.75,0,0,0.125,0.125,0,0,0,0
2025,00-0037539,4,5,0,1,1,2,1,0,0,0.25,0.25,0.5,0.25,0,0,0,0.25,0,0.25,0.5,0,0,0,0
2025,00-0037545,92,11.445652173913043,28,23,30,17,45,9,0.30434782608695654,0.25,0.32608695652173914,0.18478260869565216,0.4891304347826087,0.09782608695652174,0,0.043478260869565216,0.1956521739130435,0.29347826086956524,0.25,0.21739130434782608,6.340111111111112,2.7586954167706814,0,22.919125850508955
2025,00-0037563,5,3.6,0,4,1,3,1,0,0,0.8,0.2,0.6,0.2,0,0,0,0,0.8,0,0.2,0,0,0,0
2025,00-0037594,2,11,0,0,1,0,1,0,0,0,0.5,0,0.5,0,0,0,1,0,0,0,0,0,0,0
2025,00-0037614,48,5.583333333333333,5,24,26,4,18,5,0.10416666666666667,0.5,0.5416666666666666,0.08333333333333333,0.375,0.10416666666666667,0,0.1875,0.08333333333333333,0.25,0.3333333333333333,0.14583333333333334,6.991219512195122,3.828787155901732,0,6.008805453761845
2025,00-0037617,4,-0.75,0,4,0,2,2,0,0,1,0,0.5,0.5,0,0,0.5,0,0,0,0.5,0,0,0,0
2025,00-0037654,4,5.5,1,3,2,1,1,0,0.25,0.75,0.5,0.25,0.25,0,0,0.25,0.25,0,0.25,0.25,0,0,0,0
2025,00-0037664,84,18.964285714285715,52,2,42,15,27,9,0.6190476190476191,0.023809523809523808,0.5,0.17857142857142858,0.32142857142857145,0.10714285714285714,0,0,0.4523809523809524,0.2857142857142857,0.17857142857142858,0.08333333333333333,6.273809523809524,2.0677351210321784,0,37.34330762926538
2025,00-0037666,35,12,11,8,15,4,15,5,0.3142857142857143,0.22857142857142856,0.42857142857142855,0.11428571428571428,0.42857142857142855,0.14285714285714285,0,0.02857142857142857,0.2,0.2857142857142857,0.2571428571428571,0.22857142857142856,0,0,0,0
2025,00-0037740,60,9.067796610169491,13,17,22,15,22,5,0.21666666666666667,0.2833333333333333,0.36666666666666664,0.25,0.36666666666666664,0.08333333333333333,0,0.03571428571428571,0.17857142857142858,0.26785714285714285,0.3392857142857143,0.17857142857142858,6.380877192982457,3.1372918500496203,0,16.98700727787818
2025,00-0037741,36,15.416666666666666,14,7,15,6,15,5,0.3888888888888889,0.19444444444444445,0.4166666666666667,0.16666666666666666,0.4166666666666667,0.1388888888888889,0,0.02857142857142857,0.4,0.14285714285714285,0.3142857142857143,0.11428571428571428,0,0,0,0
2025,00-0037742,22,13.454545454545455,8,4,6,3,13,4,0.36363636363636365,0.18181818181818182,0.2727272727272727,0.13636363636363635,0.5909090909090909,0.18181818181818182,0,0.045454545454545456,0.36363636363636365,0.13636363636363635,0.2727272727272727,0.18181818181818182,0,0,0,0
2025,00-0037744,170,6.662721893491124,30,71,55,39,75,34,0.17647058823529413,0.4176470588235294,0.3235294117647059,0.22941176470588234,0.4411764705882353,0.2,0,0.17058823529411765,0.12941176470588237,0.21176470588235294,0.3,0.18823529411764706,5.5006106870229,3.059479800501063,0,25.785079928952047
2025,00-0037746,12,0,0,11,5,6,1,4,0,0.9166666666666666,0.4166666666666667,0.5,0.08333333333333333,0.3333333333333333,0,0.3333333333333333,0,0.16666666666666666,0.25,0.25,0,0,0,0
2025,00-0037755,3,2,0,2,0,1,2,1,0,0.6666666666666666,0,0.3333333333333333,0.6666666666666666,0.3333333333333333,0,0,0,0.6666666666666666,0.3333333333333333,0,0,0,0,0
2025,00-0037757,1,2,0,1,1,0,0,1,0,1,1,0,0,1,0,0,0,0,1,0,0,0,0,0
2025,00-0037801,38,8.921052631578947,10,16,22,6,10,5,0.2631578947368421,0.42105263157894735,0.5789473684210527,0.15789473684210525,0.2631578947368421,0.13157894736842105,0,0.23684210526315788,0.15789473684210525,0.18421052631578946,0.21052631578947367,0.21052631578947367,0,0,0,0
2025,00-0037805,29,3.5172413793103448,0,20,9,8,12,3,0,0.6896551724137931,0.3103448275862069,0.27586206896551724,0.41379310344827586,0.10344827586206896,0,0,0.03571428571428571,0.17857142857142858,0.5,0.2857142857142857,0,0,0,0
2025,00-0037809,79,4.632911392405063,12,48,31,15,33,5,0.1518987341772152,0.6075949367088608,0.3924050632911392,0.189873417721519,0.4177215189873418,0.06329113924050633,0,0.2948717948717949,0.14102564102564102,0.1282051282051282,0.24358974358974358,0.19230769230769232,5.796315789473684,3.843651281570914,0,9.087164595609718
2025,00-0037816,86,12.764705882352942,28,11,35,24,26,18,0.32558139534883723,0.12790697674418605,0.4069767441860465,0.27906976744186046,0.3023255813953488,0.20930232558139536,0,0.023529411764705882,0.21176470588235294,0.32941176470588235,0.23529411764705882,0.2,5.992705882352941,2.243165196338181,0,27.03553052426645
2025,00-0037837,55,11,16,14,19,8,28,4,0.2909090909090909,0.2545454545454545,0.34545454545454546,0.14545454545454545,0.509090909090909,0.07272727272727272,0,0.12727272727272726,0.36363636363636365,0.23636363636363636,0.2,0.07272727272727272,5.525744680851063,2.810811358538647,0,18.36735352179916
2025,00-0037838,36,7.972222222222222,4,15,11,14,11,6,0.1111111111111111,0.4166666666666667,0.3055555555555556,0.3888888888888889,0.3055555555555556,0.16666666666666666,0,0.05555555555555555,0.2222222222222222,0.2777777777777778,0.16666666666666666,0.2777777777777778,0,0,0,0
2025,00-0037840,50,2.5,1,42,13,16,21,10,0.02,0.84,0.26,0.32,0.42,0.2,0,0.1,0.04,0.12,0.5,0.24,0,0,0,0
2025,00-0038040,6,-0.5,0,6,2,0,4,0,0,1,0.3333333333333333,0,0.6666666666666666,0,0,0.6666666666666666,0,0,0.3333333333333333,0,0,0,0,0
2025,00-0038041,103,4.6568627450980395,11,57,30,29,43,25,0.10679611650485436,0.5533980582524272,0.2912621359223301,0.2815533980582524,0.4174757281553398,0.24271844660194175,0,0.049019607843137254,0.1568627450980392,0.16666666666666666,0.4215686274509804,0.20588235294117646,5.860399999999999,3.2480063777226555,0,9.79370024094118
2025,00-0038046,15,7.066666666666666,3,5,2,8,5,3,0.2,0.3333333333333333,0.13333333333333333,0.5333333333333333,0.3333333333333333,0.2,0,0,0.2857142857142857,0.21428571428571427,0.21428571428571427,0.2857142857142857,0,0,0,0
2025,00-0038090,7,15.714285714285714,3,1,1,3,3,0,0.42857142857142855,0.14285714285714285,0.14285714285714285,0.42857142857142855,0.42857142857142855,0,0,0.14285714285714285,0.42857142857142855,0.2857142857142857,0.14285714285714285,0,0,0,0,0
2025,00-0038104,37,26.89189189189189,28,2,15,10,12,4,0.7567567567567568,0.05405405405405406,0.40540540540540543,0.2702702702702703,0.32432432432432434,0.10810810810810811,0,0.02702702702702703,0.7567567567567568,0.08108108108108109,0.10810810810810811,0.02702702702702703,0,0,0,0
2025,00-0038115,26,9.384615384615385,7,11,11,6,9,6,0.2692307692307692,0.4230769230769231,0.4230769230769231,0.23076923076923078,0.34615384615384615,0.23076923076923078,0,0.038461538461538464,0.34615384615384615,0.23076923076923078,0.3076923076923077,0.07692307692307693,0,0,0,0
2025,00-0038117,141,8.478571428571428,32,62,52,34,54,14,0.22695035460992907,0.4397163120567376,0.36879432624113473,0.24113475177304963,0.3829787234042553,0.09929078014184398,0,0.15,0.2,0.20714285714285716,0.24285714285714285,0.2,6.70875,3.3421523793026364,0,27.63188176612534
2025,00-0038120,48,0.2916666666666667,0,39,16,8,24,9,0,0.8125,0.3333333333333333,0.16666666666666666,0.5,0.1875,0,0.3695652173913043,0.043478260869565216,0.06521739130434782,0.30434782608695654,0.21739130434782608,0,0,0,0
2025,00-0038124,55,17.763636363636362,26,8,16,16,23,6,0.4727272727272727,0.14545454545454545,0.2909090909090909,0.2909090909090909,0.41818181818181815,0.10909090909090909,0,0,0.36363636363636365,0.2,0.36363636363636365,0.07272727272727272,6.266909090909091,1.9650837029247112,0,24.102300494665954
2025,00-0038129,82,5.172839506172839,5,42,26,26,29,7,0.06097560975609756,0.5121951219512195,0.3170731707317073,0.3170731707317073,0.35365853658536583,0.08536585365853659,0,0.04938271604938271,0.09876543209876543,0.2345679012345679,0.2962962962962963,0.32098765432098764,5.589850746268657,3.497525261158389,0,9.060163513799353
2025,00-0038134,36,-1.1388888888888888,0,34,15,7,14,3,0,0.9444444444444444,0.4166666666666667,0.19444444444444445,0.3888888888888889,0.08333333333333333,0,0.4444444444444444,0.027777777777777776,0.1111111111111111,0.19444444444444445,0.2222222222222222,0,0,0,0
2025,00-0038359,24,16.875,9,5,12,4,8,3,0.375,0.20833333333333334,0.5,0.16666666666666666,0.3333333333333333,0.125,0,0.08333333333333333,0.3333333333333333,0.125,0.2916666666666667,0.16666666666666666,0,0,0,0
2025,00-0038393,46,11.23913043478261,13,13,18,10,18,4,0.2826086956521739,0.2826086956521739,0.391304347826087,0.21739130434782608,0.391304347826087,0.08695652173913043,0,0.021739130434782608,0.21739130434782608,0.17391304347826086,0.41304347826086957,0.17391304347826086,5.91232558139535,2.143351876659846,0,12.94152412738145
2025,00-0038394,1,16,1,0,0,1,0,0,1,0,0,1,0,0,0,0,1,0,0,0,0,0,0,0
2025,00-0038397,1,-4,0,1,0,0,1,0,0,1,0,0,1,0,0,1,0,0,0,0,0,0,0,0
2025,00-0038440,16,1.0625,2,12,6,2,8,3,0.125,0.75,0.375,0.125,0.5,0.1875,0,0.4375,0.125,0.0625,0.3125,0.0625,0,0,0,0
2025,00-0038454,12,-2.3333333333333335,0,12,5,2,5,0,0,1,0.4166666666666667,0.16666666666666666,0.4166666666666667,0,0,0.5833333333333334,0,0.08333333333333333,0.25,0.08333333333333333,0,0,0,0
2025,00-0038465,7,9.285714285714286,1,2,3,1,3,0,0.14285714285714285,0.2857142857142857,0.42857142857142855,0.14285714285714285,0.42857142857142855,0,0,0.14285714285714285,0,0,0.2857142857142857,0.5714285714285714,0,0,0,0
2025,00-0038488,1,0,0,1,1,0,0,0,0,1,1,0,0,0,0,0,0,0,1,0,0,0,0,0
2025,00-0038492,1,9,0,0,1,0,0,1,0,0,1,0,0,1,0,0,1,0,0,0,0,0,0,0
2025,00-0038496,2,-4.5,0,2,0,2,0,1,0,1,0,1,0,0.5,0,0,0,1,0,0,0,0,0,0
2025,00-0038519,1,18,1,0,0,0,1,0,1,0,0,0,1,0,0,0,0,1,0,0,0,0,0,0
2025,00-0038542,103,0.9805825242718447,5,74,52,8,43,13,0.04854368932038835,0.7184466019417476,0.5048543689320388,0.07766990291262135,0.4174757281553398,0.1262135922330097,0,0.5247524752475248,0.06930693069306931,0.10891089108910891,0.16831683168316833,0.12871287128712872,0,0,0,0
2025,00-0038543,163,11.245398773006135,46,41,81,30,52,17,0.2822085889570552,0.25153374233128833,0.49693251533742333,0.18404907975460122,0.31901840490797545,0.10429447852760736,0,0.08074534161490683,0.2360248447204969,0.3167701863354037,0.22981366459627328,0.13664596273291926,6.306209150326797,3.022664428492335,0,48.56095427141123
2025,00-0038544,84,11.773809523809524,27,30,37,15,32,15,0.32142857142857145,0.35714285714285715,0.44047619047619047,0.17857142857142858,0.38095238095238093,0.17857142857142858,0,0.08333333333333333,0.30952380952380953,0.2857142857142857,0.16666666666666666,0.15476190476190477,5.300487804878049,2.4042112531855726,0,23.404954035770338
2025,00-0038547,23,7.173913043478261,4,13,5,4,14,2,0.17391304347826086,0.5652173913043478,0.21739130434782608,0.17391304347826086,0.6086956521739131,0.08695652173913043,0,0,0.17391304347826086,0.13043478260869565,0.43478260869565216,0.2608695652173913,0,0,0,0
2025,00-0038551,5,-1,0,5,1,1,3,0,0,1,0.2,0.2,0.6,0,0,0.2,0,0,0.4,0.4,0,0,0,0
2025,00-0038555,4,-1.5,0,4,2,0,2,1,0,1,0.5,0,0.5,0.25,0,0.5,0,0,0.5,0,0,0,0,0
2025,00-0038558,44,5.627906976744186,4,24,13,11,19,9,0.09090909090909091,0.5454545454545454,0.29545454545454547,0.25,0.4318181818181818,0.20454545454545456,0,0.09090909090909091,0.13636363636363635,0.20454545454545456,0.3409090909090909,0.22727272727272727,0,0,0,0
2025,00-0038559,127,11.920634920634921,41,34,52,21,53,17,0.3228346456692913,0.2677165354330709,0.4094488188976378,0.16535433070866143,0.41732283464566927,0.13385826771653545,0,0.015748031496062992,0.2440944881889764,0.31496062992125984,0.25196850393700787,0.1732283464566929,5.983790322580647,2.428266133687159,0,31.942495559502664
2025,00-0038563,92,10.16304347826087,27,32,34,14,44,10,0.29347826086956524,0.34782608695652173,0.3695652173913043,0.15217391304347827,0.4782608695652174,0.10869565217391304,0,0.15384615384615385,0.18681318681318682,0.15384615384615385,0.27472527472527475,0.23076923076923078,7.652758620689655,3.560550866563412,0,29.114191297962183
2025,00-0038573,3,11,1,1,2,1,0,0,0.3333333333333333,0.3333333333333333,0.6666666666666666,0.3333333333333333,0,0,0,0,0.3333333333333333,0.3333333333333333,0,0.3333333333333333,0,0,0,0
2025,00-0038576,1,42,1,0,0,0,1,0,1,0,0,0,1,0,0,0,1,0,0,0,0,0,0,0
2025,00-0038589,6,3.8333333333333335,0,3,0,0,6,1,0,0.5,0,0,1,0.16666666666666666,0,0.16666666666666666,0.16666666666666666,0.16666666666666666,0.3333333333333333,0.16666666666666666,0,0,0,0
2025,00-0038597,89,0.5227272727272727,2,80,29,25,34,12,0.02247191011235955,0.898876404494382,0.3258426966292135,0.2808988764044944,0.38202247191011235,0.1348314606741573,0,0.3595505617977528,0.033707865168539325,0.11235955056179775,0.24719101123595505,0.24719101123595505,0,0,0,0
2025,00-0038606,97,12.494736842105263,33,17,42,24,29,16,0.3402061855670103,0.17525773195876287,0.4329896907216495,0.24742268041237114,0.29896907216494845,0.16494845360824742,0,0.020618556701030927,0.23711340206185566,0.29896907216494845,0.29896907216494845,0.14432989690721648,6.56215053763441,2.31740948901199,0,24.617616410927006
2025,00-0038608,46,16.97826086956522,27,3,27,6,13,4,0.5869565217391305,0.06521739130434782,0.5869565217391305,0.13043478260869565,0.2826086956521739,0.08695652173913043,0,0,0.391304347826087,0.1956521739130435,0.21739130434782608,0.1956521739130435,4.880217391304347,2.4401814561368416,0,17.854956813493235
2025,00-0038609,1,1,0,1,0,0,1,1,0,1,0,0,1,1,0,0,0,0,1,0,0,0,0,0
2025,00-0038611,4,4,0,3,2,0,2,1,0,0.75,0.5,0,0.5,0.25,0,0,0,0.25,0.75,0,0,0,0,0
2025,00-0038614,4,0,0,4,0,0,4,1,0,1,0,0,1,0.25,0,0,0,0,1,0,0,0,0,0
2025,00-0038618,57,10.24561403508772,14,17,18,14,25,7,0.24561403508771928,0.2982456140350877,0.3157894736842105,0.24561403508771928,0.43859649122807015,0.12280701754385964,0,0.017857142857142856,0.19642857142857142,0.23214285714285715,0.35714285714285715,0.19642857142857142,5.514363636363637,2.993140174910531,0,11.44255126724823
2025,00-0038619,58,10.448275862068966,14,18,12,28,18,7,0.2413793103448276,0.3103448275862069,0.20689655172413793,0.4827586206896552,0.3103448275862069,0.1206896551724138,0,0.03508771929824561,0.15789473684210525,0.42105263157894735,0.17543859649122806,0.21052631578947367,5.556181818181819,2.4423754412046366,0,12.514633447191581
2025,00-0038621,46,9.673913043478262,12,19,22,11,13,7,0.2608695652173913,0.41304347826086957,0.4782608695652174,0.2391304347826087,0.2826086956521739,0.15217391304347827,0,0.17391304347826086,0.1956521739130435,0.2391304347826087,0.30434782608695654,0.08695652173913043,6.669999999999999,3.964458610118563,0,10.390152116252183
2025,00-0038640,6,11.333333333333334,2,1,4,0,2,0,0.3333333333333333,0.16666666666666666,0.6666666666666666,0,0.3333333333333333,0,0,0,0.16666666666666666,0.6666666666666666,0.16666666666666666,0,0,0,0,0
2025,00-0038643,1,2,0,1,1,0,0,0,0,1,1,0,0,0,0,0,0,0,1,0,0,0,0,0
2025,00-0038645,1,0,0,1,1,0,0,0,0,1,1,0,0,0,0,0,0,0,0,1,0,0,0,0
2025,00-0038647,4,19.5,3,0,4,0,0,2,0.75,0,1,0,0,0.5,0,0,0.75,0.25,0,0,0,0,0,0
2025,00-0038679,23,12.956521739130435,8,6,5,5,13,0,0.34782608695652173,0.2608695652173913,0.21739130434782608,0.21739130434782608,0.5652173913043478,0,0,0,0.2608695652173913,0.30434782608695654,0.17391304347826086,0.2608695652173913,0,0,0,0
2025,00-0038685,17,0.35294117647058826,0,15,10,2,5,3,0,0.8823529411764706,0.5882352941176471,0.11764705882352941,0.29411764705882354,0.17647058823529413,0,0.29411764705882354,0.058823529411764705,0.11764705882352941,0.47058823529411764,0.058823529411764705,0,0,0,0
2025,00-0038705,20,0.6,1,16,7,4,9,4,0.05,0.8,0.35,0.2,0.45,0.2,0,0.3684210526315789,0.05263157894736842,0.21052631578947367,0.2631578947368421,0.10526315789473684,0,0,0,0
2025,00-0038710,6,7.166666666666667,1,4,1,3,2,0,0.16666666666666666,0.6666666666666666,0.16666666666666666,0.5,0.3333333333333333,0,0,0,0.16666666666666666,0.16666666666666666,0.3333333333333333,0.3333333333333333,0,0,0,0
2025,00-0038720,21,3.3,1,12,12,6,2,4,0.047619047619047616,0.5714285714285714,0.5714285714285714,0.2857142857142857,0.09523809523809523,0.19047619047619047,0,0.09523809523809523,0.047619047619047616,0.23809523809523808,0.47619047619047616,0.14285714285714285,0,0,0,0
2025,00-0038728,2,8.5,1,1,0,1,1,0,0.5,0.5,0,0.5,0.5,0,0,0,0.5,0,0.5,0,0,0,0,0
2025,00-0038738,15,-0.2,0,12,8,1,6,4,0,0.8,0.5333333333333333,0.06666666666666667,0.4,0.26666666666666666,0,0.4,0,0.06666666666666667,0.3333333333333333,0.2,0,0,0,0
2025,00-0038752,2,7,0,1,0,1,1,0,0,0.5,0,0.5,0.5,0,0,0,0.5,0,0,0.5,0,0,0,0
2025,00-0038783,11,3.1818181818181817,0,7,2,1,8,2,0,0.6363636363636364,0.18181818181818182,0.09090909090909091,0.7272727272727273,0.18181818181818182,0,0.09090909090909091,0.18181818181818182,0.09090909090909091,0.36363636363636365,0.2727272727272727,0,0,0,0
2025,00-0038794,6,-3.8333333333333335,0,6,2,1,3,0,0,1,0.3333333333333333,0.16666666666666666,0.5,0,0,0.5,0,0,0.5,0,0,0,0,0
2025,00-0038797,18,-1.8823529411764706,0,16,6,3,8,3,0,0.8888888888888888,0.3333333333333333,0.16666666666666666,0.4444444444444444,0.16666666666666666,0,0.6111111111111112,0,0.1111111111111111,0.16666666666666666,0.1111111111111111,0,0,0,0
2025,00-0038809,6,12.166666666666666,2,2,0,3,3,1,0.3333333333333333,0.3333333333333333,0,0.5,0.5,0.16666666666666666,0,0,0,0.5,0,0.5,0,0,0,0
2025,00-0038824,4,17.5,3,0,0,1,3,1,0.75,0,0,0.25,0.75,0.25,0,0,0.5,0.5,0,0,0,0,0,0
2025,00-0038839,24,14.75,11,4,8,7,9,5,0.4583333333333333,0.16666666666666666,0.3333333333333333,0.2916666666666667,0.375,0.20833333333333334,0,0,0.5,0.16666666666666666,0.25,0.08333333333333333,0,0,0,0
2025,00-0038840,18,8.722222222222221,2,5,6,6,6,1,0.1111111111111111,0.2777777777777778,0.3333333333333333,0.3333333333333333,0.3333333333333333,0.05555555555555555,0,0,0,0.47058823529411764,0.23529411764705882,0.29411764705882354,0,0,0,0
2025,00-0038891,5,16.2,2,0,1,1,3,0,0.4,0,0.2,0.2,0.6,0,0,0,0.4,0,0.4,0.2,0,0,0,0
2025,00-0038933,50,9.489795918367347,16,17,20,12,17,9,0.32,0.34,0.4,0.24,0.34,0.18,0,0.16,0.2,0.28,0.18,0.18,6.02891891891892,3.416254173568967,0,12.997877897486127
2025,00-0038935,60,6.9,9,25,18,17,25,10,0.15,0.4166666666666667,0.3,0.2833333333333333,0.4166666666666667,0.16666666666666666,0,0.05172413793103448,0.13793103448275862,0.3448275862068966,0.27586206896551724,0.1896551724137931,6.618800000000001,3.891729022482439,0,8.062644300512844
2025,00-0038938,14,20,5,1,4,4,6,1,0.35714285714285715,0.07142857142857142,0.2857142857142857,0.2857142857142857,0.42857142857142855,0.07142857142857142,0,0,0.42857142857142855,0,0.21428571428571427,0.35714285714285715,0,0,0,0
2025,00-0038951,11,-0.9090909090909091,0,9,4,0,7,3,0,0.8181818181818182,0.36363636363636365,0,0.6363636363636364,0.2727272727272727,0,0.6363636363636364,0.18181818181818182,0,0.18181818181818182,0,0,0,0,0
2025,00-0038953,12,7.7272727272727275,1,7,3,7,1,4,0.08333333333333333,0.5833333333333334,0.25,0.5833333333333334,0.08333333333333333,0.3333333333333333,0,0.08333333333333333,0.08333333333333333,0.5833333333333334,0.16666666666666666,0.08333333333333333,0,0,0,0
2025,00-0038976,51,9.372549019607844,16,32,23,5,23,3,0.3137254901960784,0.6274509803921569,0.45098039215686275,0.09803921568627451,0.45098039215686275,0.058823529411764705,0,0.4117647058823529,0.2549019607843137,0.1568627450980392,0.09803921568627451,0.0784313725490196,7.845641025641026,4.516368047374987,0,10.535466956301496
2025,00-0038979,39,11.871794871794872,12,7,13,8,18,4,0.3076923076923077,0.1794871794871795,0.3333333333333333,0.20512820512820512,0.46153846153846156,0.10256410256410256,0,0,0.1794871794871795,0.41025641025641024,0.23076923076923078,0.1794871794871795,0,0,0,0
2025,00-0038994,79,13.708860759493671,38,16,35,10,34,13,0.4810126582278481,0.20253164556962025,0.4430379746835443,0.12658227848101267,0.43037974683544306,0.16455696202531644,0,0.025974025974025976,0.33766233766233766,0.12987012987012986,0.35064935064935066,0.15584415584415584,7.191710526315789,2.8728431933143463,0,29.87172377906321
2025,00-0038996,44,4.568181818181818,6,28,15,4,25,12,0.13636363636363635,0.6363636363636364,0.3409090909090909,0.09090909090909091,0.5681818181818182,0.2727272727272727,0,0.11627906976744186,0.18604651162790697,0.11627906976744186,0.4186046511627907,0.16279069767441862,0,0,0,0
2025,00-0038997,88,7.488636363636363,15,38,30,19,39,15,0.17045454545454544,0.4318181818181818,0.3409090909090909,0.2159090909090909,0.4431818181818182,0.17045454545454544,0,0.034482758620689655,0.14942528735632185,0.22988505747126436,0.3103448275862069,0.27586206896551724,7.172916666666669,2.6318815686356825,0,15.970281999701976
2025,00-0039032,50,-2.3,0,48,19,8,23,7,0,0.96,0.38,0.16,0.46,0.14,0,0.58,0,0.1,0.18,0.14,0,0,0,0
2025,00-0039040,85,0.4117647058823529,4,65,37,11,37,11,0.047058823529411764,0.7647058823529411,0.43529411764705883,0.12941176470588237,0.43529411764705883,0.12941176470588237,0,0.5411764705882353,0.047058823529411764,0.1411764705882353,0.18823529411764706,0.08235294117647059,0,0,0,0
2025,00-0039041,37,4,1,22,14,11,12,5,0.02702702702702703,0.5945945945945946,0.3783783783783784,0.2972972972972973,0.32432432432432434,0.13513513513513514,0,0.1388888888888889,0.027777777777777776,0.2777777777777778,0.3611111111111111,0.19444444444444445,0,0,0,0
2025,00-0039050,4,4,0,2,3,0,1,1,0,0.5,0.75,0,0.25,0.25,0,0,0.25,0.25,0.5,0,0,0,0,0
2025,00-0039062,5,19.4,3,0,2,2,1,0,0.6,0,0.4,0.4,0.2,0,0,0,0.2,0.4,0,0.4,0,0,0,0
2025,00-0039064,119,10.203389830508474,40,43,38,31,49,12,0.33613445378151263,0.36134453781512604,0.31932773109243695,0.2605042016806723,0.4117647058823529,0.10084033613445378,0,0.12605042016806722,0.21008403361344538,0.3025210084033613,0.19327731092436976,0.16806722689075632,6.491454545454546,3.51959293996187,0,34.720037981068806
2025,00-0039065,49,5.653061224489796,4,21,15,16,18,6,0.08163265306122448,0.42857142857142855,0.30612244897959184,0.32653061224489793,0.3673469387755102,0.12244897959183673,0,0.041666666666666664,0.0625,0.2708333333333333,0.2916666666666667,0.3333333333333333,6.3878125,3.440312624692641,0,7.370810949091839
2025,00-0039066,50,4.8,5,33,16,11,23,6,0.1,0.66,0.32,0.22,0.46,0.12,0,0.1,0.18,0.16,0.3,0.26,5.945833333333332,3.347094460440602,0,6.718989045958019
2025,00-0039067,79,4.333333333333333,11,47,32,12,34,19,0.13924050632911392,0.5949367088607594,0.4050632911392405,0.1518987341772152,0.43037974683544306,0.24050632911392406,0,0.3037974683544304,0.06329113924050633,0.3291139240506329,0.12658227848101267,0.17721518987341772,6.171764705882353,3.5736137386647453,0,8.395727866445105
2025,00-0039074,33,3.9393939393939394,3,24,11,7,15,7,0.09090909090909091,0.7272727272727273,0.3333333333333333,0.21212121212121213,0.45454545454545453,0.21212121212121213,0,0.09090909090909091,0.21212121212121213,0,0.42424242424242425,0.2727272727272727,0,0,0,0
2025,00-0039075,166,9.433734939759036,41,64,55,36,75,17,0.2469879518072289,0.3855421686746988,0.3313253012048193,0.21686746987951808,0.45180722891566266,0.10240963855421686,0,0.12883435582822086,0.2392638036809816,0.3006134969325153,0.18404907975460122,0.147239263803681,6.029937106918238,2.832202587150295,0,27.896412515599394
2025,00-0039139,94,0.574468085106383,1,76,29,28,37,15,0.010638297872340425,0.8085106382978723,0.30851063829787234,0.2978723404255319,0.39361702127659576,0.1595744680851064,0,0.41935483870967744,0,0.13978494623655913,0.21505376344086022,0.22580645161290322,0,0,0,0
2025,00-0039144,31,8.580645161290322,8,12,10,4,17,1,0.25806451612903225,0.3870967741935484,0.3225806451612903,0.12903225806451613,0.5483870967741935,0.03225806451612903,0,0.03225806451612903,0.12903225806451613,0.16129032258064516,0.3870967741935484,0.2903225806451613,0,0,0,0
2025,00-0039146,22,8.136363636363637,7,9,8,4,10,4,0.3181818181818182,0.4090909090909091,0.36363636363636365,0.18181818181818182,0.45454545454545453,0.18181818181818182,0,0.2727272727272727,0.3181818181818182,0.09090909090909091,0.22727272727272727,0.09090909090909091,0,0,0,0
2025,00-0039164,1,2,0,1,0,1,0,0,0,1,0,1,0,0,0,0,0,0,0,0,0,0,0,0
2025,00-0039165,24,1.6666666666666667,0,20,4,11,9,3,0,0.8333333333333334,0.16666666666666666,0.4583333333333333,0.375,0.125,0,0.21739130434782608,0,0.13043478260869565,0.2608695652173913,0.391304347826087,0,0,0,0
2025,00-0039299,2,-0.5,0,1,1,1,0,0,0,0.5,0.5,0.5,0,0,0,0.5,0,0,0,0.5,0,0,0,0
2025,00-0039305,2,1,0,2,0,0,2,0,0,1,0,0,1,0,0,0,0,0,1,0,0,0,0,0
2025,00-0039337,35,15.857142857142858,15,7,19,3,13,4,0.42857142857142855,0.2,0.5428571428571428,0.08571428571428572,0.37142857142857144,0.11428571428571428,0,0,0.4411764705882353,0.17647058823529413,0.11764705882352941,0.2647058823529412,0,0,0,0
2025,00-0039338,87,6.511627906976744,11,38,31,23,32,18,0.12643678160919541,0.4367816091954023,0.3563218390804598,0.26436781609195403,0.367816091954023,0.20689655172413793,0,0.034482758620689655,0.22988505747126436,0.26436781609195403,0.27586206896551724,0.19540229885057472,6.160972222222223,2.924421186984513,0,18.61697570528119
2025,00-0039342,64,9.890625,14,13,19,12,33,12,0.21875,0.203125,0.296875,0.1875,0.515625,0.1875,0,0.07936507936507936,0.23809523809523808,0.1746031746031746,0.2222222222222222,0.2857142857142857,6.724912280701754,2.5739859959048434,0,20.30392966065481
2025,00-0039355,16,14.533333333333333,9,4,3,3,9,3,0.5625,0.25,0.1875,0.1875,0.5625,0.1875,0,0.125,0.375,0.1875,0.0625,0.25,0,0,0,0
2025,00-0039356,34,4.823529411764706,2,16,10,13,11,10,0.058823529411764705,0.47058823529411764,0.29411764705882354,0.38235294117647056,0.3235294117647059,0.29411764705882354,0,0.058823529411764705,0.11764705882352941,0.17647058823529413,0.23529411764705882,0.4117647058823529,0,0,0,0
2025,00-0039359,16,1.9375,0,14,6,2,8,3,0,0.875,0.375,0.125,0.5,0.1875,0,0,0,0.1875,0.6875,0.125,0,0,0,0
2025,00-0039361,35,-1.6,1,31,16,3,16,4,0.02857142857142857,0.8857142857142857,0.45714285714285713,0.08571428571428572,0.45714285714285713,0.11428571428571428,0,0.45714285714285713,0.05714285714285714,0.11428571428571428,0.2857142857142857,0.08571428571428572,0,0,0,0
2025,00-0039373,13,-0.15384615384615385,1,12,4,4,5,0,0.07692307692307693,0.9230769230769231,0.3076923076923077,0.3076923076923077,0.38461538461538464,0,0,0.3076923076923077,0.15384615384615385,0,0.46153846153846156,0.07692307692307693,0,0,0,0
2025,00-0039376,2,2,0,2,0,0,2,1,0,1,0,0,1,0.5,0,1,0,0,0,0,0,0,0,0
2025,00-0039379,15,6.8,2,7,10,3,2,1,0.13333333333333333,0.4666666666666667,0.6666666666666666,0.2,0.13333333333333333,0.06666666666666667,0,0,0.2,0.2,0.4,0.2,0,0,0,0
2025,00-0039384,48,0.3958333333333333,3,42,21,4,23,5,0.0625,0.875,0.4375,0.08333333333333333,0.4791666666666667,0.10416666666666667,0,0.46808510638297873,0.0851063829787234,0.02127659574468085,0.2553191489361702,0.1702127659574468,0,0,0,0
2025,00-0039391,22,-0.6363636363636364,1,20,6,3,13,6,0.045454545454545456,0.9090909090909091,0.2727272727272727,0.13636363636363635,0.5909090909090909,0.2727272727272727,0,0.5454545454545454,0.045454545454545456,0.045454545454545456,0.2727272727272727,0.09090909090909091,0,0,0,0
2025,00-0039394,14,18.714285714285715,10,0,11,2,1,0,0.7142857142857143,0,0.7857142857142857,0.14285714285714285,0.07142857142857142,0,0,0,0.2857142857142857,0.14285714285714285,0.35714285714285715,0.21428571428571427,0,0,0,0
2025,00-0039405,7,-0.8571428571428571,0,5,2,0,5,0,0,0.7142857142857143,0.2857142857142857,0,0.7142857142857143,0,0,0.7142857142857143,0,0,0,0.2857142857142857,0,0,0,0
2025,00-0039407,4,-1.5,0,4,1,2,1,0,0,1,0.25,0.5,0.25,0,0,0.5,0,0,0,0.5,0,0,0,0
2025,00-0039410,56,8.321428571428571,11,20,24,12,20,7,0.19642857142857142,0.35714285714285715,0.42857142857142855,0.21428571428571427,0.35714285714285715,0.125,0,0.125,0.16071428571428573,0.25,0.16071428571428573,0.30357142857142855,6.299245283018868,2.9808570913455736,0,9.696853257215004
2025,00-0039424,40,11.076923076923077,9,8,9,13,17,5,0.225,0.2,0.225,0.325,0.425,0.125,0,0,0.275,0.375,0.2,0.15,0,0,0,0
2025,00-0039451,36,3.388888888888889,2,22,12,7,17,1,0.05555555555555555,0.6111111111111112,0.3333333333333333,0.19444444444444445,0.4722222222222222,0.027777777777777776,0,0.3611111111111111,0.05555555555555555,0.16666666666666666,0.16666666666666666,0.25,0,0,0,0
2025,00-0039458,5,7.8,1,3,0,0,5,1,0.2,0.6,0,0,1,0.2,0,0,0,0.2,0.6,0.2,0,0,0,0
2025,00-0039491,45,10.116279069767442,13,13,13,11,19,5,0.28888888888888886,0.28888888888888886,0.28888888888888886,0.24444444444444444,0.4222222222222222,0.1111111111111111,0,0.1111111111111111,0.26666666666666666,0.2,0.3333333333333333,0.08888888888888889,0,0,0,0
2025,00-0039521,13,14.76923076923077,5,1,2,4,7,3,0.38461538461538464,0.07692307692307693,0.15384615384615385,0.3076923076923077,0.5384615384615384,0.23076923076923078,0,0,0.46153846153846156,0.15384615384615385,0.07692307692307693,0.3076923076923077,0,0,0,0
2025,00-0039530,13,8.23076923076923,3,6,3,7,3,2,0.23076923076923078,0.46153846153846156,0.23076923076923078,0.5384615384615384,0.23076923076923078,0.15384615384615385,0,0,0.3076923076923077,0.3076923076923077,0.3076923076923077,0.07692307692307693,0,0,0,0
2025,00-0039589,7,12.571428571428571,3,1,0,2,5,0,0.42857142857142855,0.14285714285714285,0,0.2857142857142857,0.7142857142857143,0,0,0.14285714285714285,0.42857142857142855,0.42857142857142855,0,0,0,0,0,0
2025,00-0039623,17,8.764705882352942,4,5,8,2,7,2,0.23529411764705882,0.29411764705882354,0.47058823529411764,0.11764705882352941,0.4117647058823529,0.11764705882352941,0,0.058823529411764705,0.17647058823529413,0.29411764705882354,0.17647058823529413,0.29411764705882354,0,0,0,0
2025,00-0039631,2,-3,0,2,1,0,1,0,0,1,0.5,0,0.5,0,0,0.5,0,0,0.5,0,0,0,0,0
2025,00-0039648,6,3.8333333333333335,0,3,2,1,3,1,0,0.5,0.3333333333333333,0.16666666666666666,0.5,0.16666666666666666,0,0,0.16666666666666666,0.3333333333333333,0.5,0,0,0,0,0
2025,00-0039650,1,6,0,0,0,0,1,0,0,0,0,0,1,0,0,0,0,1,0,0,0,0,0,0
2025,00-0039686,3,6,0,2,2,0,1,0,0,0.6666666666666666,0.6666666666666666,0,0.3333333333333333,0,0,0,0,0.3333333333333333,0.3333333333333333,0.3333333333333333,0,0,0,0
2025,00-0039732,1,2,0,1,1,0,0,1,0,1,1,0,0,1,0,0,1,0,0,0,0,0,0,0
2025,00-0039737,5,5.2,0,1,3,0,2,0,0,0.2,0.6,0,0.4,0,0,0,0,0,0.4,0.6,0,0,0,0
2025,00-0039738,14,1.7857142857142858,1,10,6,3,5,1,0.07142857142857142,0.7142857142857143,0.42857142857142855,0.21428571428571427,0.35714285714285715,0.07142857142857142,0,0.2857142857142857,0,0.07142857142857142,0.35714285714285715,0.2857142857142857,0,0,0,0
2025,00-0039739,21,13.19047619047619,10,7,9,2,10,1,0.47619047619047616,0.3333333333333333,0.42857142857142855,0.09523809523809523,0.47619047619047616,0.047619047619047616,0,0.15,0.2,0.3,0.2,0.15,0,0,0,0
2025,00-0039746,12,-0.8333333333333334,0,10,6,0,6,1,0,0.8333333333333334,0.5,0,0.5,0.08333333333333333,0,0.5833333333333334,0,0.08333333333333333,0.3333333333333333,0,0,0,0,0
2025,00-0039751,25,6.84,5,16,13,5,7,1,0.2,0.64,0.52,0.2,0.28,0.04,0,0.16666666666666666,0.20833333333333334,0.20833333333333334,0.20833333333333334,0.20833333333333334,0,0,0,0
2025,00-0039754,1,6,0,0,0,1,0,1,0,0,0,1,0,1,0,0,1,0,0,0,0,0,0,0
2025,00-0039757,1,2,0,1,1,0,0,0,0,1,1,0,0,0,0,0,0,0,0,1,0,0,0,0
2025,00-0039792,8,24.5,6,1,7,0,1,1,0.75,0.125,0.875,0,0.125,0.125,0,0,0.625,0.125,0.25,0,0,0,0,0
2025,00-0039793,68,4.367647058823529,6,46,23,16,29,13,0.08823529411764706,0.6764705882352942,0.3382352941176471,0.23529411764705882,0.4264705882352941,0.19117647058823528,0,0.07352941176470588,0.08823529411764706,0.23529411764705882,0.39705882352941174,0.20588235294117646,4.6359259259259264,4.079195996278257,0,8.598592275222614
2025,00-0039794,3,2.6666666666666665,0,2,2,0,1,2,0,0.6666666666666666,0.6666666666666666,0,0.3333333333333333,0.6666666666666666,0,0,0,0,1,0,0,0,0,0
2025,00-0039796,11,-0.09090909090909091,0,10,2,2,7,1,0,0.9090909090909091,0.18181818181818182,0.18181818181818182,0.6363636363636364,0.09090909090909091,0,0.2727272727272727,0.09090909090909091,0.18181818181818182,0.18181818181818182,0.2727272727272727,0,0,0,0
2025,00-0039798,29,1.1428571428571428,1,21,11,5,12,2,0.034482758620689655,0.7241379310344828,0.3793103448275862,0.1724137931034483,0.41379310344827586,0.06896551724137931,0,0.20689655172413793,0.06896551724137931,0.2413793103448276,0.27586206896551724,0.20689655172413793,0,0,0,0
2025,00-0039816,2,-1,0,2,0,2,0,0,0,1,0,1,0,0,0,0,0,0.5,0,0.5,0,0,0,0
2025,00-0039824,1,-4,0,1,0,0,1,0,0,1,0,0,1,0,0,1,0,0,0,0,0,0,0,0
2025,00-0039847,74,8.324324324324325,16,25,25,22,27,14,0.21621621621621623,0.33783783783783783,0.33783783783783783,0.2972972972972973,0.36486486486486486,0.1891891891891892,0,0.10810810810810811,0.20270270270270271,0.25675675675675674,0.3108108108108108,0.12162162162162163,5.940806451612904,3.0560629083704653,0,13.61439551199816
2025,00-0039849,74,12.95890410958904,28,12,35,11,27,11,0.3783783783783784,0.16216216216216217,0.47297297297297297,0.14864864864864866,0.36486486486486486,0.14864864864864866,0,0.0273972602739726,0.3150684931506849,0.2465753424657534,0.1917808219178082,0.2191780821917808,4.930555555555555,2.3794956134701915,0,22.040408525754888
2025,00-0039851,1,-8,0,1,0,1,0,0,0,1,0,1,0,0,0,0,0,0,1,0,0,0,0,0
2025,00-0039855,15,11.933333333333334,5,5,5,3,7,1,0.3333333333333333,0.3333333333333333,0.3333333333333333,0.2,0.4666666666666667,0.06666666666666667,0,0.13333333333333333,0.2,0.26666666666666666,0.26666666666666666,0.13333333333333333,0,0,0,0
2025,00-0039868,107,12.701923076923077,36,38,44,15,45,21,0.3364485981308411,0.35514018691588783,0.411214953271028,0.14018691588785046,0.4205607476635514,0.19626168224299065,0,0.205607476635514,0.24299065420560748,0.205607476635514,0.2523364485981308,0.09345794392523364,6.693617021276596,3.0612689196773957,0,30.096314229451938
2025,00-0039874,9,-3.7777777777777777,0,9,3,1,5,0,0,1,0.3333333333333333,0.1111111111111111,0.5555555555555556,0,0,0.8888888888888888,0,0.1111111111111111,0,0,0,0,0,0
2025,00-0039875,14,0.07692307692307693,0,10,2,2,9,5,0,0.7142857142857143,0.14285714285714285,0.14285714285714285,0.6428571428571429,0.35714285714285715,0,0.35714285714285715,0,0.07142857142857142,0.42857142857142855,0.14285714285714285,0,0,0,0
2025,00-0039880,65,5.184615384615385,7,37,31,8,26,11,0.1076923076923077,0.5692307692307692,0.47692307692307695,0.12307692307692308,0.4,0.16923076923076924,0,0.27692307692307694,0.1076923076923077,0.23076923076923078,0.26153846153846155,0.12307692307692308,6.43,3.699437658118284,0,10.6638380233962
2025,00-0039884,5,24.8,3,0,1,1,3,1,0.6,0,0.2,0.2,0.6,0.2,0,0.2,0.6,0,0,0.2,0,0,0,0
2025,00-0039890,74,14.891891891891891,28,6,41,2,31,8,0.3783783783783784,0.08108108108108109,0.5540540540540541,0.02702702702702703,0.4189189189189189,0.10810810810810811,0,0.013513513513513514,0.28378378378378377,0.0945945945945946,0.35135135135135137,0.25675675675675674,5.81081081081081,2.709123810817455,0,25.528283787811045
2025,00-0039893,91,14.45054945054945,42,17,49,13,29,7,0.46153846153846156,0.18681318681318682,0.5384615384615384,0.14285714285714285,0.31868131868131866,0.07692307692307693,0,0.011111111111111112,0.3888888888888889,0.2111111111111111,0.2222222222222222,0.16666666666666666,5.514719101123595,2.630559591835496,0,26.554972110414166
2025,00-0039894,73,12.931506849315069,28,24,28,9,36,6,0.3835616438356164,0.3287671232876712,0.3835616438356164,0.1232876712328767,0.4931506849315068,0.0821917808219178,0,0.0958904109589041,0.2465753424657534,0.1917808219178082,0.3150684931506849,0.1506849315068493,6.277000000000001,3.4282142909621682,0,21.71861112184565
2025,00-0039901,62,11.169491525423728,19,18,31,8,20,12,0.3064516129032258,0.2903225806451613,0.5,0.12903225806451613,0.3225806451612903,0.1935483870967742,0,0.03225806451612903,0.2903225806451613,0.3548387096774194,0.16129032258064516,0.16129032258064516,5.698644067796611,2.7863929755212955,0,20.629576512289542
2025,00-0039912,13,8.153846153846153,3,6,5,4,4,1,0.23076923076923078,0.46153846153846156,0.38461538461538464,0.3076923076923077,0.3076923076923077,0.07692307692307693,0,0,0.23076923076923078,0,0.46153846153846156,0.3076923076923077,0,0,0,0
2025,00-0039915,106,9.867924528301886,26,35,30,31,45,15,0.24528301886792453,0.330188679245283,0.2830188679245283,0.29245283018867924,0.42452830188679247,0.14150943396226415,0,0.05660377358490566,0.19811320754716982,0.36792452830188677,0.16981132075471697,0.20754716981132076,5.81864077669903,3.2673040487655367,0,23.850214816811196
2025,00-0039916,53,14.11320754716981,24,6,21,14,18,4,0.4528301886792453,0.11320754716981132,0.39622641509433965,0.2641509433962264,0.33962264150943394,0.07547169811320754,0,0.05660377358490566,0.18867924528301888,0.33962264150943394,0.3018867924528302,0.11320754716981132,6.905294117647059,2.4444653052031087,0,18.021479131071512
2025,00-0039918,2,-1.5,0,2,1,0,1,1,0,1,0.5,0,0.5,0.5,0,1,0,0,0,0,0,0,0,0
2025,00-0039919,91,13.911111111111111,39,14,23,18,49,13,0.42857142857142855,0.15384615384615385,0.25274725274725274,0.1978021978021978,0.5384615384615384,0.14285714285714285,0,0.02247191011235955,0.23595505617977527,0.3146067415730337,0.3146067415730337,0.11235955056179775,6.460470588235295,2.936510978513579,0,28.326307506080262
2025,00-0039920,14,-0.5,0,12,4,3,7,1,0,0.8571428571428571,0.2857142857142857,0.21428571428571427,0.5,0.07142857142857142,0,0.5384615384615384,0,0.23076923076923078,0.07692307692307693,0.15384615384615385,0,0,0,0
2025,00-0039921,16,-1.375,0,16,4,5,7,2,0,1,0.25,0.3125,0.4375,0.125,0,0.26666666666666666,0,0,0.4666666666666667,0.26666666666666666,0,0,0,0
2025,00-0040009,10,1.7,1,8,3,4,3,4,0.1,0.8,0.3,0.4,0.3,0.4,0,0.5,0.1,0.3,0,0.1,0,0,0,0
2025,00-0040021,2,-5.5,0,2,1,0,1,0,0,1,0.5,0,0.5,0,0,1,0,0,0,0,0,0,0,0
2025,00-0040024,11,9.909090909090908,2,4,6,2,3,0,0.18181818181818182,0.36363636363636365,0.5454545454545454,0.18181818181818182,0.2727272727272727,0,0,0,0.18181818181818182,0.2727272727272727,0.45454545454545453,0.09090909090909091,0,0,0,0
2025,00-0040039,1,-2,0,1,0,1,0,0,0,1,0,1,0,0,0,0,0,0,0,1,0,0,0,0
2025,00-0040058,1,8,0,0,0,0,1,1,0,0,0,0,1,1,0,0,0,1,0,0,0,0,0,0
2025,00-0040078,35,-1.6,0,32,17,1,17,7,0,0.9142857142857143,0.4857142857142857,0.02857142857142857,0.4857142857142857,0.2,0,0.6857142857142857,0.02857142857142857,0.11428571428571428,0.14285714285714285,0.02857142857142857,0,0,0,0
2025,00-0040122,73,-1.4246575342465753,2,67,27,11,35,10,0.0273972602739726,0.9178082191780822,0.3698630136986301,0.1506849315068493,0.4794520547945205,0.136986301369863,0,0.5342465753424658,0.0684931506849315,0.0684931506849315,0.1780821917808219,0.1506849315068493,0,0,0,0
2025,00-0040124,122,11.557377049180328,39,24,51,28,43,15,0.319672131147541,0.19672131147540983,0.4180327868852459,0.22950819672131148,0.3524590163934426,0.12295081967213115,0,0.025,0.31666666666666665,0.24166666666666667,0.19166666666666668,0.225,5.731008403361344,2.6928366735436446,0,44.50590941819013
2025,00-0040126,83,9.097560975609756,18,15,22,23,37,15,0.21686746987951808,0.18072289156626506,0.26506024096385544,0.27710843373493976,0.4457831325301205,0.18072289156626506,0,0,0.1927710843373494,0.25301204819277107,0.37349397590361444,0.18072289156626506,5.385416666666666,3.672769033912103,0,16.3534953397699
2025,00-0040128,114,5.375,13,54,49,22,41,23,0.11403508771929824,0.47368421052631576,0.4298245614035088,0.19298245614035087,0.35964912280701755,0.20175438596491227,0,0.08849557522123894,0.21238938053097345,0.168141592920354,0.35398230088495575,0.17699115044247787,5.923863636363637,3.2969499086322522,0,14.354464684845775
2025,00-0040129,128,12.377952755905511,47,31,52,31,44,15,0.3671875,0.2421875,0.40625,0.2421875,0.34375,0.1171875,0,0.078125,0.3046875,0.2265625,0.265625,0.125,6.24168,2.589710024989329,0,35.51114156174991
2025,00-0040130,69,12.338235294117647,20,12,25,13,30,9,0.2898550724637681,0.17391304347826086,0.36231884057971014,0.18840579710144928,0.43478260869565216,0.13043478260869565,0,0,0.2608695652173913,0.2753623188405797,0.2463768115942029,0.21739130434782608,5.74,2.689252499800458,0,17.96889062548018
2025,00-0040131,21,19.047619047619047,10,2,10,1,10,0,0.47619047619047616,0.09523809523809523,0.47619047619047616,0.047619047619047616,0.47619047619047616,0,0,0,0.42857142857142855,0.19047619047619047,0.19047619047619047,0.19047619047619047,0,0,0,0
2025,00-0040134,49,8.36734693877551,7,13,25,10,14,8,0.14285714285714285,0.2653061224489796,0.5102040816326531,0.20408163265306123,0.2857142857142857,0.16326530612244897,0,0.061224489795918366,0.12244897959183673,0.3877551020408163,0.22448979591836735,0.20408163265306123,6.332708333333334,2.438726773911321,0,9.690521228605395
2025,00-0040138,35,9.342857142857143,10,17,19,3,13,5,0.2857142857142857,0.4857142857142857,0.5428571428571428,0.08571428571428572,0.37142857142857144,0.14285714285714285,0,0.2,0.34285714285714286,0.14285714285714285,0.2571428571428571,0.05714285714285714,0,0,0,0
2025,00-0040142,2,-4,0,2,1,0,1,0,0,1,0.5,0,0.5,0,0,0.5,0,0,0.5,0,0,0,0,0
2025,00-0040154,3,3.6666666666666665,0,1,2,0,1,0,0,0.3333333333333333,0.6666666666666666,0,0.3333333333333333,0,0,0,0.3333333333333333,0,0.3333333333333333,0.3333333333333333,0,0,0,0
2025,00-0040162,40,-1.55,0,36,17,5,18,6,0,0.9,0.425,0.125,0.45,0.15,0,0.575,0.025,0.15,0.1,0.15,0,0,0,0
2025,00-0040164,32,13.34375,13,8,3,7,22,2,0.40625,0.25,0.09375,0.21875,0.6875,0.0625,0,0.0625,0.1875,0.3125,0.1875,0.25,0,0,0,0
2025,00-0040165,1,3,0,1,0,1,0,0,0,1,0,1,0,0,0,0,0,0,0,0,0,0,0,0
2025,00-0040170,89,12.651685393258427,30,17,40,15,34,8,0.33707865168539325,0.19101123595505617,0.449438202247191,0.16853932584269662,0.38202247191011235,0.0898876404494382,0,0.011235955056179775,0.3146067415730337,0.3146067415730337,0.19101123595505617,0.16853932584269662,5.83289156626506,2.666566072819248,0,28.089401697520138
2025,00-0040172,3,14.333333333333334,2,0,1,1,1,0,0.6666666666666666,0,0.3333333333333333,0.3333333333333333,0.3333333333333333,0,0,0,0.3333333333333333,0,0.6666666666666666,0,0,0,0,0
2025,00-0040179,2,-3,0,2,1,0,1,1,0,1,0.5,0,0.5,0.5,0,0.5,0,0.5,0,0,0,0,0,0
2025,00-0040184,12,17.583333333333332,6,3,8,2,2,2,0.5,0.25,0.6666666666666666,0.16666666666666666,0.16666666666666666,0.16666666666666666,0,0.08333333333333333,0.3333333333333333,0.25,0.25,0.08333333333333333,0,0,0,0
2025,00-0040187,25,3.64,2,15,8,8,9,4,0.08,0.6,0.32,0.32,0.36,0.16,0,0.08,0.12,0.24,0.28,0.28,0,0,0,0
2025,00-0040189,69,9.043478260869565,13,20,16,16,37,15,0.18840579710144928,0.2898550724637681,0.2318840579710145,0.2318840579710145,0.5362318840579711,0.21739130434782608,0,0.028985507246376812,0.2898550724637681,0.17391304347826086,0.2608695652173913,0.2463768115942029,5.959137931034483,3.18453220956899,0,14.063310375753899
2025,00-0040194,19,7.315789473684211,3,12,5,7,7,3,0.15789473684210525,0.631578947368421,0.2631578947368421,0.3684210526315789,0.3684210526315789,0.15789473684210525,0,0.05263157894736842,0.15789473684210525,0.10526315789473684,0.47368421052631576,0.21052631578947367,0,0,0,0
2025,00-0040198,9,-2.7777777777777777,0,9,5,1,3,2,0,1,0.5555555555555556,0.1111111111111111,0.3333333333333333,0.2222222222222222,0,0.5555555555555556,0,0.2222222222222222,0.1111111111111111,0.1111111111111111,0,0,0,0
2025,00-0040202,19,-2,0,19,3,7,9,1,0,1,0.15789473684210525,0.3684210526315789,0.47368421052631576,0.05263157894736842,0,0.3157894736842105,0,0.10526315789473684,0.3684210526315789,0.21052631578947367,0,0,0,0
2025,00-0040208,2,-2.5,0,2,1,0,1,0,0,1,0.5,0,0.5,0,0,1,0,0,0,0,0,0,0,0
2025,00-0040218,15,6,3,9,7,2,6,3,0.2,0.6,0.4666666666666667,0.13333333333333333,0.4,0.2,0,0.2,0.2,0.3333333333333333,0.2,0.06666666666666667,0,0,0,0
2025,00-0040234,1,-6,0,1,0,1,0,1,0,1,0,1,0,1,0,0,0,1,0,0,0,0,0,0
2025,00-0040236,30,0.06666666666666667,0,25,13,8,9,3,0,0.8333333333333334,0.43333333333333335,0.26666666666666666,0.3,0.1,0,0.4,0,0.16666666666666666,0.26666666666666666,0.16666666666666666,0,0,0,0
2025,00-0040237,44,11.727272727272727,14,13,18,11,15,7,0.3181818181818182,0.29545454545454547,0.4090909090909091,0.25,0.3409090909090909,0.1590909090909091,0,0.11363636363636363,0.20454545454545456,0.20454545454545456,0.36363636363636365,0.11363636363636363,0,0,0,0
2025,00-0040238,11,-1.3636363636363635,0,11,2,2,7,2,0,1,0.18181818181818182,0.18181818181818182,0.6363636363636364,0.18181818181818182,0,0.5454545454545454,0,0.09090909090909091,0.36363636363636365,0,0,0,0,0
2025,00-0040242,13,-1.4615384615384615,0,11,5,2,6,1,0,0.8461538461538461,0.38461538461538464,0.15384615384615385,0.46153846153846156,0.07692307692307693,0,0.46153846153846156,0,0.07692307692307693,0.38461538461538464,0.07692307692307693,0,0,0,0
2025,00-0040244,2,2.5,0,2,0,1,1,0,0,1,0,0.5,0.5,0,0,0,0,0,0,1,0,0,0,0
2025,00-0040245,1,-6,0,1,0,1,0,0,0,1,0,1,0,0,0,0,0,0,1,0,0,0,0,0
2025,00-0040259,15,8.928571428571429,3,7,4,5,5,1,0.2,0.4666666666666667,0.26666666666666666,0.3333333333333333,0.3333333333333333,0.06666666666666667,0,0.06666666666666667,0.13333333333333333,0.4666666666666667,0.2,0.13333333333333333,0,0,0,0
2025,00-0040277,10,13,5,1,2,2,6,2,0.5,0.1,0.2,0.2,0.6,0.2,0,0,0.3,0.4,0.2,0.1,0,0,0,0
2025,00-0040311,10,13.7,5,1,3,4,3,1,0.5,0.1,0.3,0.4,0.3,0.1,0,0,0.3,0.5,0.2,0,0,0,0,0
2025,00-0040317,1,3,0,1,0,0,1,0,0,1,0,0,1,0,0,0,0,0,1,0,0,0,0,0
2025,00-0040352,1,2,0,1,1,0,0,0,0,1,1,0,0,0,0,0,0,1,0,0,0,0,0,0
2025,00-0040363,4,3,0,3,4,0,0,0,0,0.75,1,0,0,0,0,0,0,0.25,0.25,0.5,0,0,0,0
2025,00-0040388,2,7.5,0,0,0,0,2,0,0,0,0,0,1,0,0,0,0,0.5,0.5,0,0,0,0,0
2025,00-0040406,2,4,0,1,0,0,1,1,0,0.5,0,0,0.5,0.5,0,0,0.5,0,0,0.5,0,0,0,0
2025,00-0040432,6,12.166666666666666,1,1,0,3,3,1,0.16666666666666666,0.16666666666666666,0,0.5,0.5,0.16666666666666666,0,0,0.3333333333333333,0.6666666666666666,0,0,0,0,0,0
2025,00-0040466,4,3.5,0,2,2,1,1,0,0,0.5,0.5,0.25,0.25,0,0,0,0,0.25,0.5,0.25,0,0,0,0
2025,00-0040488,1,-3,0,1,1,0,0,0,0,1,1,0,0,0,0,0,0,0,1,0,0,0,0,0
2025,00-0040509,3,3.6666666666666665,0,1,0,1,2,0,0,0.3333333333333333,0,0.3333333333333333,0.6666666666666666,0,0,0,0,0,0.3333333333333333,0.6666666666666666,0,0,0,0
2025,00-0040522,7,11,1,0,0,5,2,1,0.14285714285714285,0,0,0.7142857142857143,0.2857142857142857,0.14285714285714285,0,0,0.5,0.3333333333333333,0,0.16666666666666666,0,0,0,0
2025,00-0040534,1,5,0,0,0,1,0,0,0,0,0,1,0,0,0,0,0,1,0,0,0,0,0,0
2025,00-0040556,3,3.6666666666666665,0,2,0,3,0,1,0,0.6666666666666666,0,1,0,0.3333333333333333,0,0,0,0,0.3333333333333333,0.6666666666666666,0,0,0,0
2025,00-0040563,3,11.666666666666666,1,0,0,1,2,1,0.3333333333333333,0,0,0.3333333333333333,0.6666666666666666,0.3333333333333333,0,0,0.6666666666666666,0.3333333333333333,0,0,0,0,0,0
2025,00-0040581,30,16.566666666666666,14,8,13,5,12,2,0.4666666666666667,0.26666666666666666,0.43333333333333335,0.16666666666666666,0.4,0.06666666666666667,0,0.03333333333333333,0.4,0.3333333333333333,0.06666666666666667,0.16666666666666666,0,0,0,0
2025,00-0040582,16,13.5,7,6,6,2,8,0,0.4375,0.375,0.375,0.125,0.5,0,0,0.1875,0.25,0.25,0.1875,0.125,0,0,0,0
2025,00-0040583,36,2.138888888888889,3,27,14,3,19,8,0.08333333333333333,0.75,0.3888888888888889,0.08333333333333333,0.5277777777777778,0.2222222222222222,0,0.3611111111111111,0.05555555555555555,0.1388888888888889,0.3055555555555556,0.1388888888888889,0,0,0,0
2025,00-0040584,55,5.509090909090909,8,31,20,7,28,8,0.14545454545454545,0.5636363636363636,0.36363636363636365,0.12727272727272726,0.509090909090909,0.14545454545454545,0,0.14545454545454545,0.14545454545454545,0.14545454545454545,0.3090909090909091,0.2545454545454545,4.811891891891893,3.5016244937304473,0,7.631375032501049
2025,00-0040586,1,-5,0,1,1,0,0,0,0,1,1,0,0,0,0,1,0,0,0,0,0,0,0,0
2025,00-0040590,23,12.869565217391305,8,3,9,8,6,4,0.34782608695652173,0.13043478260869565,0.391304347826087,0.34782608695652173,0.2608695652173913,0.17391304347826086,0,0.043478260869565216,0.30434782608695654,0.4782608695652174,0.043478260869565216,0.13043478260869565,0,0,0,0
2025,00-0040628,2,5,0,1,0,0,2,1,0,0.5,0,0,1,0.5,0,0,0,0,1,0,0,0,0,0
2025,00-0040644,3,0.6666666666666666,0,3,1,0,2,0,0,1,0.3333333333333333,0,0.6666666666666666,0,0,0.3333333333333333,0,0,0.3333333333333333,0.3333333333333333,0,0,0,0
2025,00-0040646,3,7.333333333333333,1,2,1,2,0,0,0.3333333333333333,0.6666666666666666,0.3333333333333333,0.6666666666666666,0,0,0,0.3333333333333333,0.3333333333333333,0.3333333333333333,0,0,0,0,0,0
2025,00-0040648,22,15.318181818181818,7,3,10,4,8,4,0.3181818181818182,0.13636363636363635,0.45454545454545453,0.18181818181818182,0.36363636363636365,0.18181818181818182,0,0,0.4090909090909091,0.3181818181818182,0.18181818181818182,0.09090909090909091,0,0,0,0
2025,00-0040663,108,6.037383177570093,12,53,40,31,36,11,0.1111111111111111,0.49074074074074076,0.37037037037037035,0.28703703703703703,0.3333333333333333,0.10185185185185185,0,0.09259259259259259,0.14814814814814814,0.2962962962962963,0.19444444444444445,0.26851851851851855,5.5905555555555555,2.9284849053167803,0,18.168397210328948
2025,00-0040666,35,-1.542857142857143,0,34,16,6,13,2,0,0.9714285714285714,0.45714285714285713,0.17142857142857143,0.37142857142857144,0.05714285714285714,0,0.5142857142857142,0,0.05714285714285714,0.2571428571428571,0.17142857142857143,0,0,0,0
2025,00-0040667,44,12.545454545454545,15,16,18,9,17,2,0.3409090909090909,0.36363636363636365,0.4090909090909091,0.20454545454545456,0.38636363636363635,0.045454545454545456,0,0.1590909090909091,0.2727272727272727,0.1590909090909091,0.22727272727272727,0.18181818181818182,0,0,0,0
2025,00-0040669,27,13.037037037037036,11,4,14,6,7,11,0.4074074074074074,0.14814814814814814,0.5185185185185185,0.2222222222222222,0.25925925925925924,0.4074074074074074,0,0.037037037037037035,0.4074074074074074,0.3333333333333333,0.1111111111111111,0.1111111111111111,0,0,0,0
2025,00-0040705,74,8.094594594594595,20,35,31,16,27,14,0.2702702702702703,0.47297297297297297,0.4189189189189189,0.21621621621621623,0.36486486486486486,0.1891891891891892,0,0.25675675675675674,0.24324324324324326,0.17567567567567569,0.1891891891891892,0.13513513513513514,6.767761194029851,3.8490943783730844,0,15.565235075904427
2025,00-0040715,32,-0.15625,0,30,12,7,13,4,0,0.9375,0.375,0.21875,0.40625,0.125,0,0.40625,0.03125,0.03125,0.28125,0.25,0,0,0,0
2025,00-0040718,45,7.866666666666666,10,22,19,12,14,5,0.2222222222222222,0.4888888888888889,0.4222222222222222,0.26666666666666666,0.3111111111111111,0.1111111111111111,0,0.2,0.2222222222222222,0.2222222222222222,0.2222222222222222,0.13333333333333333,6.991707317073171,3.2780619515836507,0,6.945630631550991
2025,00-0040719,14,0.5714285714285714,0,13,5,4,5,2,0,0.9285714285714286,0.35714285714285715,0.2857142857142857,0.35714285714285715,0.14285714285714285,0,0.21428571428571427,0.07142857142857142,0.07142857142857142,0.2857142857142857,0.35714285714285715,0,0,0,0
2025,00-0040727,43,9.255813953488373,8,14,16,10,17,5,0.18604651162790697,0.32558139534883723,0.37209302325581395,0.23255813953488372,0.3953488372093023,0.11627906976744186,0,0.06976744186046512,0.23255813953488372,0.4186046511627907,0.16279069767441862,0.11627906976744186,0,0,0,0
2025,00-0040729,29,8.275862068965518,5,10,15,5,9,4,0.1724137931034483,0.3448275862068966,0.5172413793103449,0.1724137931034483,0.3103448275862069,0.13793103448275862,0,0,0.14285714285714285,0.35714285714285715,0.2857142857142857,0.21428571428571427,0,0,0,0
2025,00-0040730,58,0.4827586206896552,2,53,22,9,27,11,0.034482758620689655,0.9137931034482759,0.3793103448275862,0.15517241379310345,0.46551724137931033,0.1896551724137931,0,0.39655172413793105,0.10344827586206896,0.1206896551724138,0.25862068965517243,0.1206896551724138,0,0,0,0
2025,00-0040734,42,-0.023809523809523808,1,38,26,5,11,4,0.023809523809523808,0.9047619047619048,0.6190476190476191,0.11904761904761904,0.2619047619047619,0.09523809523809523,0,0.47619047619047616,0.023809523809523808,0.047619047619047616,0.23809523809523808,0.21428571428571427,0,0,0,0
2025,00-0040735,60,7.666666666666667,12,28,20,12,28,4,0.2,0.4666666666666667,0.3333333333333333,0.2,0.4666666666666667,0.06666666666666667,0,0.25,0.13333333333333333,0.23333333333333334,0.16666666666666666,0.21666666666666667,7.328823529411766,4.624625267780747,0,9.738220128716424
2025,00-0040736,66,5.769230769230769,6,21,24,17,24,9,0.09090909090909091,0.3181818181818182,0.36363636363636365,0.25757575757575757,0.36363636363636365,0.13636363636363635,0,0.03076923076923077,0.07692307692307693,0.2153846153846154,0.3384615384615385,0.3384615384615385,6.045714285714288,3.2592625568307176,0,11.919662482293752
2025,00-0040737,25,18.64,19,3,16,2,7,3,0.76,0.12,0.64,0.08,0.28,0.12,0,0,0.56,0.2,0.2,0.04,0,0,0,0
2025,00-0040739,26,8.461538461538462,7,13,11,6,9,5,0.2692307692307692,0.5,0.4230769230769231,0.23076923076923078,0.34615384615384615,0.19230769230769232,0,0,0.2692307692307692,0.19230769230769232,0.34615384615384615,0.19230769230769232,0,0,0,0
2025,00-0040782,44,17.068181818181817,24,9,17,13,14,4,0.5454545454545454,0.20454545454545456,0.38636363636363635,0.29545454545454547,0.3181818181818182,0.09090909090909091,0,0.09302325581395349,0.4418604651162791,0.18604651162790697,0.20930232558139536,0.06976744186046512,0,0,0,0
2025,00-0040784,36,-0.4166666666666667,0,34,13,13,10,1,0,0.9444444444444444,0.3611111111111111,0.3611111111111111,0.2777777777777778,0.027777777777777776,0,0.5428571428571428,0,0.02857142857142857,0.2,0.22857142857142856,0,0,0,0
